amfi_code,scheme_name,fund_house,scheme_type,scheme_category,date,nav
125497,SBI Small Cap Fund - Direct Plan - Growth,SBI Mutual Fund,Open Ended Schemes,Equity Scheme - Small Cap Fund,01-06-2026,192.31950
125497,SBI Small Cap Fund - Direct Plan - Growth,SBI Mutual Fund,Open Ended Schemes,Equity Scheme - Small Cap Fund,31-05-2026,193.68360
125497,SBI Small Cap Fund - Direct Plan - Growth,SBI Mutual Fund,Open Ended Schemes,Equity Scheme - Small Cap Fund,29-05-2026,193.68480
125497,SBI Small Cap Fund - Direct Plan - Growth,SBI Mutual Fund,Open Ended Schemes,Equity Scheme - Small Cap Fund,27-05-2026,195.05010
125497,SBI Small Cap Fund - Direct Plan - Growth,SBI Mutual Fund,Open Ended Schemes,Equity Scheme - Small Cap Fund,26-05-2026,194.22580
125497,SBI Small Cap Fund - Direct Plan - Growth,SBI Mutual Fund,Open Ended Schemes,Equity Scheme - Small Cap Fund,25-05-2026,193.55990
125497,SBI Small Cap Fund - Direct Plan - Growth,SBI Mutual Fund,Open Ended Schemes,Equity Scheme - Small Cap Fund,22-05-2026,192.12270
125497,SBI Small Cap Fund - Direct Plan - Growth,SBI Mutual Fund,Open Ended Schemes,Equity Scheme - Small Cap Fund,21-05-2026,191.75750
125497,SBI Small Cap Fund - Direct Plan - Growth,SBI Mutual Fund,Open Ended Schemes,Equity Scheme - Small Cap Fund,20-05-2026,189.86610
125497,SBI Small Cap Fund - Direct Plan - Growth,SBI Mutual Fund,Open Ended Schemes,Equity Scheme - Small Cap Fund,19-05-2026,189.55530
125497,SBI Small Cap Fund - Direct Plan - Growth,SBI Mutual Fund,Open Ended Schemes,Equity Scheme - Small Cap Fund,18-05-2026,187.91260
125497,SBI Small Cap Fund - Direct Plan - Growth,SBI Mutual Fund,Open Ended Schemes,Equity Scheme - Small Cap Fund,15-05-2026,190.24050
125497,SBI Small Cap Fund - Direct Plan - Growth,SBI Mutual Fund,Open Ended Schemes,Equity Scheme - Small Cap Fund,14-05-2026,189.93450
125497,SBI Small Cap Fund - Direct Plan - Growth,SBI Mutual Fund,Open Ended Schemes,Equity Scheme - Small Cap Fund,13-05-2026,190.46400
125497,SBI Small Cap Fund - Direct Plan - Growth,SBI Mutual Fund,Open Ended Schemes,Equity Scheme - Small Cap Fund,12-05-2026,190.61520
125497,SBI Small Cap Fund - Direct Plan - Growth,SBI Mutual Fund,Open Ended Schemes,Equity Scheme - Small Cap Fund,11-05-2026,195.58600
125497,SBI Small Cap Fund - Direct Plan - Growth,SBI Mutual Fund,Open Ended Schemes,Equity Scheme - Small Cap Fund,08-05-2026,196.88210
125497,SBI Small Cap Fund - Direct Plan - Growth,SBI Mutual Fund,Open Ended Schemes,Equity Scheme - Small Cap Fund,07-05-2026,197.47530
125497,SBI Small Cap Fund - Direct Plan - Growth,SBI Mutual Fund,Open Ended Schemes,Equity Scheme - Small Cap Fund,06-05-2026,196.00360
125497,SBI Small Cap Fund - Direct Plan - Growth,SBI Mutual Fund,Open Ended Schemes,Equity Scheme - Small Cap Fund,05-05-2026,194.56180
125497,SBI Small Cap Fund - Direct Plan - Growth,SBI Mutual Fund,Open Ended Schemes,Equity Scheme - Small Cap Fund,04-05-2026,195.44690
125497,SBI Small Cap Fund - Direct Plan - Growth,SBI Mutual Fund,Open Ended Schemes,Equity Scheme - Small Cap Fund,30-04-2026,193.41310
125497,SBI Small Cap Fund - Direct Plan - Growth,SBI Mutual Fund,Open Ended Schemes,Equity Scheme - Small Cap Fund,29-04-2026,194.15230
125497,SBI Small Cap Fund - Direct Plan - Growth,SBI Mutual Fund,Open Ended Schemes,Equity Scheme - Small Cap Fund,28-04-2026,193.48430
125497,SBI Small Cap Fund - Direct Plan - Growth,SBI Mutual Fund,Open Ended Schemes,Equity Scheme - Small Cap Fund,27-04-2026,193.83170
125497,SBI Small Cap Fund - Direct Plan - Growth,SBI Mutual Fund,Open Ended Schemes,Equity Scheme - Small Cap Fund,24-04-2026,191.04250
125497,SBI Small Cap Fund - Direct Plan - Growth,SBI Mutual Fund,Open Ended Schemes,Equity Scheme - Small Cap Fund,23-04-2026,193.03170
125497,SBI Small Cap Fund - Direct Plan - Growth,SBI Mutual Fund,Open Ended Schemes,Equity Scheme - Small Cap Fund,22-04-2026,194.19280
125497,SBI Small Cap Fund - Direct Plan - Growth,SBI Mutual Fund,Open Ended Schemes,Equity Scheme - Small Cap Fund,21-04-2026,192.63970
125497,SBI Small Cap Fund - Direct Plan - Growth,SBI Mutual Fund,Open Ended Schemes,Equity Scheme - Small Cap Fund,20-04-2026,191.05830
125497,SBI Small Cap Fund - Direct Plan - Growth,SBI Mutual Fund,Open Ended Schemes,Equity Scheme - Small Cap Fund,17-04-2026,190.52420
125497,SBI Small Cap Fund - Direct Plan - Growth,SBI Mutual Fund,Open Ended Schemes,Equity Scheme - Small Cap Fund,16-04-2026,188.33160
125497,SBI Small Cap Fund - Direct Plan - Growth,SBI Mutual Fund,Open Ended Schemes,Equity Scheme - Small Cap Fund,15-04-2026,187.27860
125497,SBI Small Cap Fund - Direct Plan - Growth,SBI Mutual Fund,Open Ended Schemes,Equity Scheme - Small Cap Fund,13-04-2026,184.34910
125497,SBI Small Cap Fund - Direct Plan - Growth,SBI Mutual Fund,Open Ended Schemes,Equity Scheme - Small Cap Fund,10-04-2026,184.69670
125497,SBI Small Cap Fund - Direct Plan - Growth,SBI Mutual Fund,Open Ended Schemes,Equity Scheme - Small Cap Fund,09-04-2026,181.24550
125497,SBI Small Cap Fund - Direct Plan - Growth,SBI Mutual Fund,Open Ended Schemes,Equity Scheme - Small Cap Fund,08-04-2026,180.57830
125497,SBI Small Cap Fund - Direct Plan - Growth,SBI Mutual Fund,Open Ended Schemes,Equity Scheme - Small Cap Fund,07-04-2026,174.83420
125497,SBI Small Cap Fund - Direct Plan - Growth,SBI Mutual Fund,Open Ended Schemes,Equity Scheme - Small Cap Fund,06-04-2026,174.91510
125497,SBI Small Cap Fund - Direct Plan - Growth,SBI Mutual Fund,Open Ended Schemes,Equity Scheme - Small Cap Fund,02-04-2026,173.84710
125497,SBI Small Cap Fund - Direct Plan - Growth,SBI Mutual Fund,Open Ended Schemes,Equity Scheme - Small Cap Fund,01-04-2026,173.78200
125497,SBI Small Cap Fund - Direct Plan - Growth,SBI Mutual Fund,Open Ended Schemes,Equity Scheme - Small Cap Fund,31-03-2026,169.37060
125497,SBI Small Cap Fund - Direct Plan - Growth,SBI Mutual Fund,Open Ended Schemes,Equity Scheme - Small Cap Fund,30-03-2026,169.37080
125497,SBI Small Cap Fund - Direct Plan - Growth,SBI Mutual Fund,Open Ended Schemes,Equity Scheme - Small Cap Fund,27-03-2026,172.47390
125497,SBI Small Cap Fund - Direct Plan - Growth,SBI Mutual Fund,Open Ended Schemes,Equity Scheme - Small Cap Fund,25-03-2026,175.42110
125497,SBI Small Cap Fund - Direct Plan - Growth,SBI Mutual Fund,Open Ended Schemes,Equity Scheme - Small Cap Fund,24-03-2026,172.00490
125497,SBI Small Cap Fund - Direct Plan - Growth,SBI Mutual Fund,Open Ended Schemes,Equity Scheme - Small Cap Fund,23-03-2026,169.10910
125497,SBI Small Cap Fund - Direct Plan - Growth,SBI Mutual Fund,Open Ended Schemes,Equity Scheme - Small Cap Fund,20-03-2026,174.62050
125497,SBI Small Cap Fund - Direct Plan - Growth,SBI Mutual Fund,Open Ended Schemes,Equity Scheme - Small Cap Fund,19-03-2026,173.90040
125497,SBI Small Cap Fund - Direct Plan - Growth,SBI Mutual Fund,Open Ended Schemes,Equity Scheme - Small Cap Fund,18-03-2026,177.49080
125497,SBI Small Cap Fund - Direct Plan - Growth,SBI Mutual Fund,Open Ended Schemes,Equity Scheme - Small Cap Fund,17-03-2026,174.06280
125497,SBI Small Cap Fund - Direct Plan - Growth,SBI Mutual Fund,Open Ended Schemes,Equity Scheme - Small Cap Fund,16-03-2026,173.81980
125497,SBI Small Cap Fund - Direct Plan - Growth,SBI Mutual Fund,Open Ended Schemes,Equity Scheme - Small Cap Fund,13-03-2026,173.97540
125497,SBI Small Cap Fund - Direct Plan - Growth,SBI Mutual Fund,Open Ended Schemes,Equity Scheme - Small Cap Fund,12-03-2026,177.98880
125497,SBI Small Cap Fund - Direct Plan - Growth,SBI Mutual Fund,Open Ended Schemes,Equity Scheme - Small Cap Fund,11-03-2026,178.38910
125497,SBI Small Cap Fund - Direct Plan - Growth,SBI Mutual Fund,Open Ended Schemes,Equity Scheme - Small Cap Fund,10-03-2026,178.84190
125497,SBI Small Cap Fund - Direct Plan - Growth,SBI Mutual Fund,Open Ended Schemes,Equity Scheme - Small Cap Fund,09-03-2026,175.77420
125497,SBI Small Cap Fund - Direct Plan - Growth,SBI Mutual Fund,Open Ended Schemes,Equity Scheme - Small Cap Fund,06-03-2026,178.97840
125497,SBI Small Cap Fund - Direct Plan - Growth,SBI Mutual Fund,Open Ended Schemes,Equity Scheme - Small Cap Fund,05-03-2026,179.32390
125497,SBI Small Cap Fund - Direct Plan - Growth,SBI Mutual Fund,Open Ended Schemes,Equity Scheme - Small Cap Fund,04-03-2026,177.99610
125497,SBI Small Cap Fund - Direct Plan - Growth,SBI Mutual Fund,Open Ended Schemes,Equity Scheme - Small Cap Fund,02-03-2026,181.31750
125497,SBI Small Cap Fund - Direct Plan - Growth,SBI Mutual Fund,Open Ended Schemes,Equity Scheme - Small Cap Fund,28-02-2026,184.75790
125497,SBI Small Cap Fund - Direct Plan - Growth,SBI Mutual Fund,Open Ended Schemes,Equity Scheme - Small Cap Fund,27-02-2026,184.75810
125497,SBI Small Cap Fund - Direct Plan - Growth,SBI Mutual Fund,Open Ended Schemes,Equity Scheme - Small Cap Fund,26-02-2026,186.09500
125497,SBI Small Cap Fund - Direct Plan - Growth,SBI Mutual Fund,Open Ended Schemes,Equity Scheme - Small Cap Fund,25-02-2026,186.04880
125497,SBI Small Cap Fund - Direct Plan - Growth,SBI Mutual Fund,Open Ended Schemes,Equity Scheme - Small Cap Fund,24-02-2026,186.20800
125497,SBI Small Cap Fund - Direct Plan - Growth,SBI Mutual Fund,Open Ended Schemes,Equity Scheme - Small Cap Fund,23-02-2026,187.57210
125497,SBI Small Cap Fund - Direct Plan - Growth,SBI Mutual Fund,Open Ended Schemes,Equity Scheme - Small Cap Fund,20-02-2026,186.22280
125497,SBI Small Cap Fund - Direct Plan - Growth,SBI Mutual Fund,Open Ended Schemes,Equity Scheme - Small Cap Fund,19-02-2026,186.66660
125497,SBI Small Cap Fund - Direct Plan - Growth,SBI Mutual Fund,Open Ended Schemes,Equity Scheme - Small Cap Fund,18-02-2026,188.21280
125497,SBI Small Cap Fund - Direct Plan - Growth,SBI Mutual Fund,Open Ended Schemes,Equity Scheme - Small Cap Fund,17-02-2026,187.64370
125497,SBI Small Cap Fund - Direct Plan - Growth,SBI Mutual Fund,Open Ended Schemes,Equity Scheme - Small Cap Fund,16-02-2026,185.84710
125497,SBI Small Cap Fund - Direct Plan - Growth,SBI Mutual Fund,Open Ended Schemes,Equity Scheme - Small Cap Fund,13-02-2026,187.23600
125497,SBI Small Cap Fund - Direct Plan - Growth,SBI Mutual Fund,Open Ended Schemes,Equity Scheme - Small Cap Fund,12-02-2026,189.60290
125497,SBI Small Cap Fund - Direct Plan - Growth,SBI Mutual Fund,Open Ended Schemes,Equity Scheme - Small Cap Fund,11-02-2026,189.74640
125497,SBI Small Cap Fund - Direct Plan - Growth,SBI Mutual Fund,Open Ended Schemes,Equity Scheme - Small Cap Fund,10-02-2026,189.01900
125497,SBI Small Cap Fund - Direct Plan - Growth,SBI Mutual Fund,Open Ended Schemes,Equity Scheme - Small Cap Fund,09-02-2026,188.46900
125497,SBI Small Cap Fund - Direct Plan - Growth,SBI Mutual Fund,Open Ended Schemes,Equity Scheme - Small Cap Fund,06-02-2026,184.62700
125497,SBI Small Cap Fund - Direct Plan - Growth,SBI Mutual Fund,Open Ended Schemes,Equity Scheme - Small Cap Fund,05-02-2026,185.69490
125497,SBI Small Cap Fund - Direct Plan - Growth,SBI Mutual Fund,Open Ended Schemes,Equity Scheme - Small Cap Fund,04-02-2026,186.77740
125497,SBI Small Cap Fund - Direct Plan - Growth,SBI Mutual Fund,Open Ended Schemes,Equity Scheme - Small Cap Fund,03-02-2026,186.70090
125497,SBI Small Cap Fund - Direct Plan - Growth,SBI Mutual Fund,Open Ended Schemes,Equity Scheme - Small Cap Fund,02-02-2026,180.54240
125497,SBI Small Cap Fund - Direct Plan - Growth,SBI Mutual Fund,Open Ended Schemes,Equity Scheme - Small Cap Fund,31-01-2026,183.30100
125497,SBI Small Cap Fund - Direct Plan - Growth,SBI Mutual Fund,Open Ended Schemes,Equity Scheme - Small Cap Fund,30-01-2026,183.30210
125497,SBI Small Cap Fund - Direct Plan - Growth,SBI Mutual Fund,Open Ended Schemes,Equity Scheme - Small Cap Fund,29-01-2026,179.94080
125497,SBI Small Cap Fund - Direct Plan - Growth,SBI Mutual Fund,Open Ended Schemes,Equity Scheme - Small Cap Fund,28-01-2026,181.08730
125497,SBI Small Cap Fund - Direct Plan - Growth,SBI Mutual Fund,Open Ended Schemes,Equity Scheme - Small Cap Fund,27-01-2026,179.55150
125497,SBI Small Cap Fund - Direct Plan - Growth,SBI Mutual Fund,Open Ended Schemes,Equity Scheme - Small Cap Fund,23-01-2026,179.80350
125497,SBI Small Cap Fund - Direct Plan - Growth,SBI Mutual Fund,Open Ended Schemes,Equity Scheme - Small Cap Fund,22-01-2026,182.75440
125497,SBI Small Cap Fund - Direct Plan - Growth,SBI Mutual Fund,Open Ended Schemes,Equity Scheme - Small Cap Fund,21-01-2026,181.53250
125497,SBI Small Cap Fund - Direct Plan - Growth,SBI Mutual Fund,Open Ended Schemes,Equity Scheme - Small Cap Fund,20-01-2026,181.83500
125497,SBI Small Cap Fund - Direct Plan - Growth,SBI Mutual Fund,Open Ended Schemes,Equity Scheme - Small Cap Fund,19-01-2026,185.40420
125497,SBI Small Cap Fund - Direct Plan - Growth,SBI Mutual Fund,Open Ended Schemes,Equity Scheme - Small Cap Fund,16-01-2026,186.97190
125497,SBI Small Cap Fund - Direct Plan - Growth,SBI Mutual Fund,Open Ended Schemes,Equity Scheme - Small Cap Fund,14-01-2026,187.33750
125497,SBI Small Cap Fund - Direct Plan - Growth,SBI Mutual Fund,Open Ended Schemes,Equity Scheme - Small Cap Fund,13-01-2026,187.65940
125497,SBI Small Cap Fund - Direct Plan - Growth,SBI Mutual Fund,Open Ended Schemes,Equity Scheme - Small Cap Fund,12-01-2026,186.18370
125497,SBI Small Cap Fund - Direct Plan - Growth,SBI Mutual Fund,Open Ended Schemes,Equity Scheme - Small Cap Fund,09-01-2026,187.09710
125497,SBI Small Cap Fund - Direct Plan - Growth,SBI Mutual Fund,Open Ended Schemes,Equity Scheme - Small Cap Fund,08-01-2026,190.16000
125497,SBI Small Cap Fund - Direct Plan - Growth,SBI Mutual Fund,Open Ended Schemes,Equity Scheme - Small Cap Fund,07-01-2026,193.31730
125497,SBI Small Cap Fund - Direct Plan - Growth,SBI Mutual Fund,Open Ended Schemes,Equity Scheme - Small Cap Fund,06-01-2026,193.70270
125497,SBI Small Cap Fund - Direct Plan - Growth,SBI Mutual Fund,Open Ended Schemes,Equity Scheme - Small Cap Fund,05-01-2026,194.37860
125497,SBI Small Cap Fund - Direct Plan - Growth,SBI Mutual Fund,Open Ended Schemes,Equity Scheme - Small Cap Fund,02-01-2026,194.57400
125497,SBI Small Cap Fund - Direct Plan - Growth,SBI Mutual Fund,Open Ended Schemes,Equity Scheme - Small Cap Fund,01-01-2026,193.64170
125497,SBI Small Cap Fund - Direct Plan - Growth,SBI Mutual Fund,Open Ended Schemes,Equity Scheme - Small Cap Fund,31-12-2025,193.77240
125497,SBI Small Cap Fund - Direct Plan - Growth,SBI Mutual Fund,Open Ended Schemes,Equity Scheme - Small Cap Fund,30-12-2025,191.95010
125497,SBI Small Cap Fund - Direct Plan - Growth,SBI Mutual Fund,Open Ended Schemes,Equity Scheme - Small Cap Fund,29-12-2025,192.54100
125497,SBI Small Cap Fund - Direct Plan - Growth,SBI Mutual Fund,Open Ended Schemes,Equity Scheme - Small Cap Fund,26-12-2025,192.59130
125497,SBI Small Cap Fund - Direct Plan - Growth,SBI Mutual Fund,Open Ended Schemes,Equity Scheme - Small Cap Fund,24-12-2025,193.28480
125497,SBI Small Cap Fund - Direct Plan - Growth,SBI Mutual Fund,Open Ended Schemes,Equity Scheme - Small Cap Fund,23-12-2025,193.26520
125497,SBI Small Cap Fund - Direct Plan - Growth,SBI Mutual Fund,Open Ended Schemes,Equity Scheme - Small Cap Fund,22-12-2025,192.25730
125497,SBI Small Cap Fund - Direct Plan - Growth,SBI Mutual Fund,Open Ended Schemes,Equity Scheme - Small Cap Fund,19-12-2025,191.11570
125497,SBI Small Cap Fund - Direct Plan - Growth,SBI Mutual Fund,Open Ended Schemes,Equity Scheme - Small Cap Fund,18-12-2025,189.54200
125497,SBI Small Cap Fund - Direct Plan - Growth,SBI Mutual Fund,Open Ended Schemes,Equity Scheme - Small Cap Fund,17-12-2025,190.06210
125497,SBI Small Cap Fund - Direct Plan - Growth,SBI Mutual Fund,Open Ended Schemes,Equity Scheme - Small Cap Fund,16-12-2025,191.31430
125497,SBI Small Cap Fund - Direct Plan - Growth,SBI Mutual Fund,Open Ended Schemes,Equity Scheme - Small Cap Fund,15-12-2025,193.13250
125497,SBI Small Cap Fund - Direct Plan - Growth,SBI Mutual Fund,Open Ended Schemes,Equity Scheme - Small Cap Fund,12-12-2025,192.33770
125497,SBI Small Cap Fund - Direct Plan - Growth,SBI Mutual Fund,Open Ended Schemes,Equity Scheme - Small Cap Fund,11-12-2025,191.49520
125497,SBI Small Cap Fund - Direct Plan - Growth,SBI Mutual Fund,Open Ended Schemes,Equity Scheme - Small Cap Fund,10-12-2025,191.25570
125497,SBI Small Cap Fund - Direct Plan - Growth,SBI Mutual Fund,Open Ended Schemes,Equity Scheme - Small Cap Fund,09-12-2025,191.35730
125497,SBI Small Cap Fund - Direct Plan - Growth,SBI Mutual Fund,Open Ended Schemes,Equity Scheme - Small Cap Fund,08-12-2025,190.15910
125497,SBI Small Cap Fund - Direct Plan - Growth,SBI Mutual Fund,Open Ended Schemes,Equity Scheme - Small Cap Fund,05-12-2025,193.14510
125497,SBI Small Cap Fund - Direct Plan - Growth,SBI Mutual Fund,Open Ended Schemes,Equity Scheme - Small Cap Fund,04-12-2025,193.45990
125497,SBI Small Cap Fund - Direct Plan - Growth,SBI Mutual Fund,Open Ended Schemes,Equity Scheme - Small Cap Fund,03-12-2025,194.33550
125497,SBI Small Cap Fund - Direct Plan - Growth,SBI Mutual Fund,Open Ended Schemes,Equity Scheme - Small Cap Fund,02-12-2025,194.43120
125497,SBI Small Cap Fund - Direct Plan - Growth,SBI Mutual Fund,Open Ended Schemes,Equity Scheme - Small Cap Fund,01-12-2025,195.36260
125497,SBI Small Cap Fund - Direct Plan - Growth,SBI Mutual Fund,Open Ended Schemes,Equity Scheme - Small Cap Fund,30-11-2025,194.97900
125497,SBI Small Cap Fund - Direct Plan - Growth,SBI Mutual Fund,Open Ended Schemes,Equity Scheme - Small Cap Fund,28-11-2025,194.97840
125497,SBI Small Cap Fund - Direct Plan - Growth,SBI Mutual Fund,Open Ended Schemes,Equity Scheme - Small Cap Fund,27-11-2025,195.14900
125497,SBI Small Cap Fund - Direct Plan - Growth,SBI Mutual Fund,Open Ended Schemes,Equity Scheme - Small Cap Fund,26-11-2025,195.85550
125497,SBI Small Cap Fund - Direct Plan - Growth,SBI Mutual Fund,Open Ended Schemes,Equity Scheme - Small Cap Fund,25-11-2025,194.20420
125497,SBI Small Cap Fund - Direct Plan - Growth,SBI Mutual Fund,Open Ended Schemes,Equity Scheme - Small Cap Fund,24-11-2025,193.90920
125497,SBI Small Cap Fund - Direct Plan - Growth,SBI Mutual Fund,Open Ended Schemes,Equity Scheme - Small Cap Fund,21-11-2025,194.25170
125497,SBI Small Cap Fund - Direct Plan - Growth,SBI Mutual Fund,Open Ended Schemes,Equity Scheme - Small Cap Fund,20-11-2025,196.07320
125497,SBI Small Cap Fund - Direct Plan - Growth,SBI Mutual Fund,Open Ended Schemes,Equity Scheme - Small Cap Fund,19-11-2025,196.52800
125497,SBI Small Cap Fund - Direct Plan - Growth,SBI Mutual Fund,Open Ended Schemes,Equity Scheme - Small Cap Fund,18-11-2025,196.94780
125497,SBI Small Cap Fund - Direct Plan - Growth,SBI Mutual Fund,Open Ended Schemes,Equity Scheme - Small Cap Fund,17-11-2025,197.92120
125497,SBI Small Cap Fund - Direct Plan - Growth,SBI Mutual Fund,Open Ended Schemes,Equity Scheme - Small Cap Fund,14-11-2025,197.06760
125497,SBI Small Cap Fund - Direct Plan - Growth,SBI Mutual Fund,Open Ended Schemes,Equity Scheme - Small Cap Fund,13-11-2025,196.54650
125497,SBI Small Cap Fund - Direct Plan - Growth,SBI Mutual Fund,Open Ended Schemes,Equity Scheme - Small Cap Fund,12-11-2025,196.88400
125497,SBI Small Cap Fund - Direct Plan - Growth,SBI Mutual Fund,Open Ended Schemes,Equity Scheme - Small Cap Fund,11-11-2025,196.44860
125497,SBI Small Cap Fund - Direct Plan - Growth,SBI Mutual Fund,Open Ended Schemes,Equity Scheme - Small Cap Fund,10-11-2025,196.24510
125497,SBI Small Cap Fund - Direct Plan - Growth,SBI Mutual Fund,Open Ended Schemes,Equity Scheme - Small Cap Fund,07-11-2025,197.31500
125497,SBI Small Cap Fund - Direct Plan - Growth,SBI Mutual Fund,Open Ended Schemes,Equity Scheme - Small Cap Fund,06-11-2025,197.80320
125497,SBI Small Cap Fund - Direct Plan - Growth,SBI Mutual Fund,Open Ended Schemes,Equity Scheme - Small Cap Fund,04-11-2025,200.46780
125497,SBI Small Cap Fund - Direct Plan - Growth,SBI Mutual Fund,Open Ended Schemes,Equity Scheme - Small Cap Fund,03-11-2025,200.97090
125497,SBI Small Cap Fund - Direct Plan - Growth,SBI Mutual Fund,Open Ended Schemes,Equity Scheme - Small Cap Fund,31-10-2025,199.82340
125497,SBI Small Cap Fund - Direct Plan - Growth,SBI Mutual Fund,Open Ended Schemes,Equity Scheme - Small Cap Fund,30-10-2025,200.51850
125497,SBI Small Cap Fund - Direct Plan - Growth,SBI Mutual Fund,Open Ended Schemes,Equity Scheme - Small Cap Fund,29-10-2025,201.03750
125497,SBI Small Cap Fund - Direct Plan - Growth,SBI Mutual Fund,Open Ended Schemes,Equity Scheme - Small Cap Fund,28-10-2025,200.63480
125497,SBI Small Cap Fund - Direct Plan - Growth,SBI Mutual Fund,Open Ended Schemes,Equity Scheme - Small Cap Fund,27-10-2025,199.79650
125497,SBI Small Cap Fund - Direct Plan - Growth,SBI Mutual Fund,Open Ended Schemes,Equity Scheme - Small Cap Fund,24-10-2025,198.41150
125497,SBI Small Cap Fund - Direct Plan - Growth,SBI Mutual Fund,Open Ended Schemes,Equity Scheme - Small Cap Fund,23-10-2025,198.75210
125497,SBI Small Cap Fund - Direct Plan - Growth,SBI Mutual Fund,Open Ended Schemes,Equity Scheme - Small Cap Fund,20-10-2025,197.52580
125497,SBI Small Cap Fund - Direct Plan - Growth,SBI Mutual Fund,Open Ended Schemes,Equity Scheme - Small Cap Fund,17-10-2025,197.10750
125497,SBI Small Cap Fund - Direct Plan - Growth,SBI Mutual Fund,Open Ended Schemes,Equity Scheme - Small Cap Fund,16-10-2025,196.95210
125497,SBI Small Cap Fund - Direct Plan - Growth,SBI Mutual Fund,Open Ended Schemes,Equity Scheme - Small Cap Fund,15-10-2025,194.70000
125497,SBI Small Cap Fund - Direct Plan - Growth,SBI Mutual Fund,Open Ended Schemes,Equity Scheme - Small Cap Fund,14-10-2025,193.39750
125497,SBI Small Cap Fund - Direct Plan - Growth,SBI Mutual Fund,Open Ended Schemes,Equity Scheme - Small Cap Fund,13-10-2025,194.53640
125497,SBI Small Cap Fund - Direct Plan - Growth,SBI Mutual Fund,Open Ended Schemes,Equity Scheme - Small Cap Fund,10-10-2025,195.11850
125497,SBI Small Cap Fund - Direct Plan - Growth,SBI Mutual Fund,Open Ended Schemes,Equity Scheme - Small Cap Fund,09-10-2025,195.03760
125497,SBI Small Cap Fund - Direct Plan - Growth,SBI Mutual Fund,Open Ended Schemes,Equity Scheme - Small Cap Fund,08-10-2025,195.85870
125497,SBI Small Cap Fund - Direct Plan - Growth,SBI Mutual Fund,Open Ended Schemes,Equity Scheme - Small Cap Fund,07-10-2025,196.42940
125497,SBI Small Cap Fund - Direct Plan - Growth,SBI Mutual Fund,Open Ended Schemes,Equity Scheme - Small Cap Fund,06-10-2025,196.54830
125497,SBI Small Cap Fund - Direct Plan - Growth,SBI Mutual Fund,Open Ended Schemes,Equity Scheme - Small Cap Fund,03-10-2025,196.29650
125497,SBI Small Cap Fund - Direct Plan - Growth,SBI Mutual Fund,Open Ended Schemes,Equity Scheme - Small Cap Fund,01-10-2025,195.08560
125497,SBI Small Cap Fund - Direct Plan - Growth,SBI Mutual Fund,Open Ended Schemes,Equity Scheme - Small Cap Fund,30-09-2025,193.88220
125497,SBI Small Cap Fund - Direct Plan - Growth,SBI Mutual Fund,Open Ended Schemes,Equity Scheme - Small Cap Fund,26-09-2025,194.09730
125497,SBI Small Cap Fund - Direct Plan - Growth,SBI Mutual Fund,Open Ended Schemes,Equity Scheme - Small Cap Fund,25-09-2025,197.34470
125497,SBI Small Cap Fund - Direct Plan - Growth,SBI Mutual Fund,Open Ended Schemes,Equity Scheme - Small Cap Fund,24-09-2025,198.88610
125497,SBI Small Cap Fund - Direct Plan - Growth,SBI Mutual Fund,Open Ended Schemes,Equity Scheme - Small Cap Fund,23-09-2025,199.45730
125497,SBI Small Cap Fund - Direct Plan - Growth,SBI Mutual Fund,Open Ended Schemes,Equity Scheme - Small Cap Fund,22-09-2025,200.25390
125497,SBI Small Cap Fund - Direct Plan - Growth,SBI Mutual Fund,Open Ended Schemes,Equity Scheme - Small Cap Fund,19-09-2025,201.30600
125497,SBI Small Cap Fund - Direct Plan - Growth,SBI Mutual Fund,Open Ended Schemes,Equity Scheme - Small Cap Fund,18-09-2025,201.54470
125497,SBI Small Cap Fund - Direct Plan - Growth,SBI Mutual Fund,Open Ended Schemes,Equity Scheme - Small Cap Fund,17-09-2025,201.82000
125497,SBI Small Cap Fund - Direct Plan - Growth,SBI Mutual Fund,Open Ended Schemes,Equity Scheme - Small Cap Fund,16-09-2025,201.17950
125497,SBI Small Cap Fund - Direct Plan - Growth,SBI Mutual Fund,Open Ended Schemes,Equity Scheme - Small Cap Fund,15-09-2025,200.09670
125497,SBI Small Cap Fund - Direct Plan - Growth,SBI Mutual Fund,Open Ended Schemes,Equity Scheme - Small Cap Fund,12-09-2025,199.07160
125497,SBI Small Cap Fund - Direct Plan - Growth,SBI Mutual Fund,Open Ended Schemes,Equity Scheme - Small Cap Fund,11-09-2025,198.98350
125497,SBI Small Cap Fund - Direct Plan - Growth,SBI Mutual Fund,Open Ended Schemes,Equity Scheme - Small Cap Fund,10-09-2025,198.70750
125497,SBI Small Cap Fund - Direct Plan - Growth,SBI Mutual Fund,Open Ended Schemes,Equity Scheme - Small Cap Fund,09-09-2025,198.24440
125497,SBI Small Cap Fund - Direct Plan - Growth,SBI Mutual Fund,Open Ended Schemes,Equity Scheme - Small Cap Fund,08-09-2025,197.44800
125497,SBI Small Cap Fund - Direct Plan - Growth,SBI Mutual Fund,Open Ended Schemes,Equity Scheme - Small Cap Fund,05-09-2025,197.59390
125497,SBI Small Cap Fund - Direct Plan - Growth,SBI Mutual Fund,Open Ended Schemes,Equity Scheme - Small Cap Fund,04-09-2025,197.68870
125497,SBI Small Cap Fund - Direct Plan - Growth,SBI Mutual Fund,Open Ended Schemes,Equity Scheme - Small Cap Fund,03-09-2025,197.63250
125497,SBI Small Cap Fund - Direct Plan - Growth,SBI Mutual Fund,Open Ended Schemes,Equity Scheme - Small Cap Fund,02-09-2025,196.23670
125497,SBI Small Cap Fund - Direct Plan - Growth,SBI Mutual Fund,Open Ended Schemes,Equity Scheme - Small Cap Fund,01-09-2025,195.73430
125497,SBI Small Cap Fund - Direct Plan - Growth,SBI Mutual Fund,Open Ended Schemes,Equity Scheme - Small Cap Fund,31-08-2025,193.75370
125497,SBI Small Cap Fund - Direct Plan - Growth,SBI Mutual Fund,Open Ended Schemes,Equity Scheme - Small Cap Fund,29-08-2025,193.75320
125497,SBI Small Cap Fund - Direct Plan - Growth,SBI Mutual Fund,Open Ended Schemes,Equity Scheme - Small Cap Fund,28-08-2025,194.48930
125497,SBI Small Cap Fund - Direct Plan - Growth,SBI Mutual Fund,Open Ended Schemes,Equity Scheme - Small Cap Fund,26-08-2025,195.59460
125497,SBI Small Cap Fund - Direct Plan - Growth,SBI Mutual Fund,Open Ended Schemes,Equity Scheme - Small Cap Fund,25-08-2025,198.78050
125497,SBI Small Cap Fund - Direct Plan - Growth,SBI Mutual Fund,Open Ended Schemes,Equity Scheme - Small Cap Fund,22-08-2025,199.11560
125497,SBI Small Cap Fund - Direct Plan - Growth,SBI Mutual Fund,Open Ended Schemes,Equity Scheme - Small Cap Fund,21-08-2025,200.05540
125497,SBI Small Cap Fund - Direct Plan - Growth,SBI Mutual Fund,Open Ended Schemes,Equity Scheme - Small Cap Fund,20-08-2025,198.84770
125497,SBI Small Cap Fund - Direct Plan - Growth,SBI Mutual Fund,Open Ended Schemes,Equity Scheme - Small Cap Fund,19-08-2025,198.03890
125497,SBI Small Cap Fund - Direct Plan - Growth,SBI Mutual Fund,Open Ended Schemes,Equity Scheme - Small Cap Fund,18-08-2025,196.92030
125497,SBI Small Cap Fund - Direct Plan - Growth,SBI Mutual Fund,Open Ended Schemes,Equity Scheme - Small Cap Fund,14-08-2025,193.41310
125497,SBI Small Cap Fund - Direct Plan - Growth,SBI Mutual Fund,Open Ended Schemes,Equity Scheme - Small Cap Fund,13-08-2025,192.92220
125497,SBI Small Cap Fund - Direct Plan - Growth,SBI Mutual Fund,Open Ended Schemes,Equity Scheme - Small Cap Fund,12-08-2025,192.70500
125497,SBI Small Cap Fund - Direct Plan - Growth,SBI Mutual Fund,Open Ended Schemes,Equity Scheme - Small Cap Fund,11-08-2025,193.15840
125497,SBI Small Cap Fund - Direct Plan - Growth,SBI Mutual Fund,Open Ended Schemes,Equity Scheme - Small Cap Fund,08-08-2025,191.95750
125497,SBI Small Cap Fund - Direct Plan - Growth,SBI Mutual Fund,Open Ended Schemes,Equity Scheme - Small Cap Fund,07-08-2025,193.00640
125497,SBI Small Cap Fund - Direct Plan - Growth,SBI Mutual Fund,Open Ended Schemes,Equity Scheme - Small Cap Fund,06-08-2025,193.57560
125497,SBI Small Cap Fund - Direct Plan - Growth,SBI Mutual Fund,Open Ended Schemes,Equity Scheme - Small Cap Fund,05-08-2025,194.97310
125497,SBI Small Cap Fund - Direct Plan - Growth,SBI Mutual Fund,Open Ended Schemes,Equity Scheme - Small Cap Fund,04-08-2025,195.65360
125497,SBI Small Cap Fund - Direct Plan - Growth,SBI Mutual Fund,Open Ended Schemes,Equity Scheme - Small Cap Fund,01-08-2025,194.95480
125497,SBI Small Cap Fund - Direct Plan - Growth,SBI Mutual Fund,Open Ended Schemes,Equity Scheme - Small Cap Fund,31-07-2025,197.48900
125497,SBI Small Cap Fund - Direct Plan - Growth,SBI Mutual Fund,Open Ended Schemes,Equity Scheme - Small Cap Fund,30-07-2025,198.45080
125497,SBI Small Cap Fund - Direct Plan - Growth,SBI Mutual Fund,Open Ended Schemes,Equity Scheme - Small Cap Fund,29-07-2025,197.81460
125497,SBI Small Cap Fund - Direct Plan - Growth,SBI Mutual Fund,Open Ended Schemes,Equity Scheme - Small Cap Fund,28-07-2025,197.46290
125497,SBI Small Cap Fund - Direct Plan - Growth,SBI Mutual Fund,Open Ended Schemes,Equity Scheme - Small Cap Fund,25-07-2025,199.43490
125497,SBI Small Cap Fund - Direct Plan - Growth,SBI Mutual Fund,Open Ended Schemes,Equity Scheme - Small Cap Fund,24-07-2025,202.72100
125497,SBI Small Cap Fund - Direct Plan - Growth,SBI Mutual Fund,Open Ended Schemes,Equity Scheme - Small Cap Fund,23-07-2025,203.90430
125497,SBI Small Cap Fund - Direct Plan - Growth,SBI Mutual Fund,Open Ended Schemes,Equity Scheme - Small Cap Fund,22-07-2025,203.37140
125497,SBI Small Cap Fund - Direct Plan - Growth,SBI Mutual Fund,Open Ended Schemes,Equity Scheme - Small Cap Fund,21-07-2025,203.80280
125497,SBI Small Cap Fund - Direct Plan - Growth,SBI Mutual Fund,Open Ended Schemes,Equity Scheme - Small Cap Fund,18-07-2025,204.03560
125497,SBI Small Cap Fund - Direct Plan - Growth,SBI Mutual Fund,Open Ended Schemes,Equity Scheme - Small Cap Fund,17-07-2025,204.90430
125497,SBI Small Cap Fund - Direct Plan - Growth,SBI Mutual Fund,Open Ended Schemes,Equity Scheme - Small Cap Fund,16-07-2025,203.68350
125497,SBI Small Cap Fund - Direct Plan - Growth,SBI Mutual Fund,Open Ended Schemes,Equity Scheme - Small Cap Fund,15-07-2025,203.92680
125497,SBI Small Cap Fund - Direct Plan - Growth,SBI Mutual Fund,Open Ended Schemes,Equity Scheme - Small Cap Fund,14-07-2025,202.01890
125497,SBI Small Cap Fund - Direct Plan - Growth,SBI Mutual Fund,Open Ended Schemes,Equity Scheme - Small Cap Fund,11-07-2025,201.26060
125497,SBI Small Cap Fund - Direct Plan - Growth,SBI Mutual Fund,Open Ended Schemes,Equity Scheme - Small Cap Fund,10-07-2025,201.59850
125497,SBI Small Cap Fund - Direct Plan - Growth,SBI Mutual Fund,Open Ended Schemes,Equity Scheme - Small Cap Fund,09-07-2025,201.32870
125497,SBI Small Cap Fund - Direct Plan - Growth,SBI Mutual Fund,Open Ended Schemes,Equity Scheme - Small Cap Fund,08-07-2025,200.43960
125497,SBI Small Cap Fund - Direct Plan - Growth,SBI Mutual Fund,Open Ended Schemes,Equity Scheme - Small Cap Fund,07-07-2025,200.32350
125497,SBI Small Cap Fund - Direct Plan - Growth,SBI Mutual Fund,Open Ended Schemes,Equity Scheme - Small Cap Fund,04-07-2025,200.67620
125497,SBI Small Cap Fund - Direct Plan - Growth,SBI Mutual Fund,Open Ended Schemes,Equity Scheme - Small Cap Fund,03-07-2025,200.01860
125497,SBI Small Cap Fund - Direct Plan - Growth,SBI Mutual Fund,Open Ended Schemes,Equity Scheme - Small Cap Fund,02-07-2025,199.34090
125497,SBI Small Cap Fund - Direct Plan - Growth,SBI Mutual Fund,Open Ended Schemes,Equity Scheme - Small Cap Fund,01-07-2025,200.26720
125497,SBI Small Cap Fund - Direct Plan - Growth,SBI Mutual Fund,Open Ended Schemes,Equity Scheme - Small Cap Fund,30-06-2025,200.31780
125497,SBI Small Cap Fund - Direct Plan - Growth,SBI Mutual Fund,Open Ended Schemes,Equity Scheme - Small Cap Fund,27-06-2025,198.06880
125497,SBI Small Cap Fund - Direct Plan - Growth,SBI Mutual Fund,Open Ended Schemes,Equity Scheme - Small Cap Fund,26-06-2025,197.22860
125497,SBI Small Cap Fund - Direct Plan - Growth,SBI Mutual Fund,Open Ended Schemes,Equity Scheme - Small Cap Fund,25-06-2025,197.44050
125497,SBI Small Cap Fund - Direct Plan - Growth,SBI Mutual Fund,Open Ended Schemes,Equity Scheme - Small Cap Fund,24-06-2025,194.48380
125497,SBI Small Cap Fund - Direct Plan - Growth,SBI Mutual Fund,Open Ended Schemes,Equity Scheme - Small Cap Fund,23-06-2025,192.97300
125497,SBI Small Cap Fund - Direct Plan - Growth,SBI Mutual Fund,Open Ended Schemes,Equity Scheme - Small Cap Fund,20-06-2025,192.58720
125497,SBI Small Cap Fund - Direct Plan - Growth,SBI Mutual Fund,Open Ended Schemes,Equity Scheme - Small Cap Fund,19-06-2025,192.15350
125497,SBI Small Cap Fund - Direct Plan - Growth,SBI Mutual Fund,Open Ended Schemes,Equity Scheme - Small Cap Fund,18-06-2025,194.74980
125497,SBI Small Cap Fund - Direct Plan - Growth,SBI Mutual Fund,Open Ended Schemes,Equity Scheme - Small Cap Fund,17-06-2025,194.49760
125497,SBI Small Cap Fund - Direct Plan - Growth,SBI Mutual Fund,Open Ended Schemes,Equity Scheme - Small Cap Fund,16-06-2025,194.31170
125497,SBI Small Cap Fund - Direct Plan - Growth,SBI Mutual Fund,Open Ended Schemes,Equity Scheme - Small Cap Fund,13-06-2025,193.87020
125497,SBI Small Cap Fund - Direct Plan - Growth,SBI Mutual Fund,Open Ended Schemes,Equity Scheme - Small Cap Fund,12-06-2025,194.31590
125497,SBI Small Cap Fund - Direct Plan - Growth,SBI Mutual Fund,Open Ended Schemes,Equity Scheme - Small Cap Fund,11-06-2025,196.31550
125497,SBI Small Cap Fund - Direct Plan - Growth,SBI Mutual Fund,Open Ended Schemes,Equity Scheme - Small Cap Fund,10-06-2025,196.32030
125497,SBI Small Cap Fund - Direct Plan - Growth,SBI Mutual Fund,Open Ended Schemes,Equity Scheme - Small Cap Fund,09-06-2025,196.22680
125497,SBI Small Cap Fund - Direct Plan - Growth,SBI Mutual Fund,Open Ended Schemes,Equity Scheme - Small Cap Fund,06-06-2025,194.43670
125497,SBI Small Cap Fund - Direct Plan - Growth,SBI Mutual Fund,Open Ended Schemes,Equity Scheme - Small Cap Fund,05-06-2025,193.46220
125497,SBI Small Cap Fund - Direct Plan - Growth,SBI Mutual Fund,Open Ended Schemes,Equity Scheme - Small Cap Fund,04-06-2025,193.32410
125497,SBI Small Cap Fund - Direct Plan - Growth,SBI Mutual Fund,Open Ended Schemes,Equity Scheme - Small Cap Fund,03-06-2025,193.35580
125497,SBI Small Cap Fund - Direct Plan - Growth,SBI Mutual Fund,Open Ended Schemes,Equity Scheme - Small Cap Fund,02-06-2025,193.01410
125497,SBI Small Cap Fund - Direct Plan - Growth,SBI Mutual Fund,Open Ended Schemes,Equity Scheme - Small Cap Fund,31-05-2025,192.67840
125497,SBI Small Cap Fund - Direct Plan - Growth,SBI Mutual Fund,Open Ended Schemes,Equity Scheme - Small Cap Fund,30-05-2025,192.67720
125497,SBI Small Cap Fund - Direct Plan - Growth,SBI Mutual Fund,Open Ended Schemes,Equity Scheme - Small Cap Fund,29-05-2025,192.49060
125497,SBI Small Cap Fund - Direct Plan - Growth,SBI Mutual Fund,Open Ended Schemes,Equity Scheme - Small Cap Fund,28-05-2025,192.23220
125497,SBI Small Cap Fund - Direct Plan - Growth,SBI Mutual Fund,Open Ended Schemes,Equity Scheme - Small Cap Fund,27-05-2025,191.69150
125497,SBI Small Cap Fund - Direct Plan - Growth,SBI Mutual Fund,Open Ended Schemes,Equity Scheme - Small Cap Fund,26-05-2025,192.01160
125497,SBI Small Cap Fund - Direct Plan - Growth,SBI Mutual Fund,Open Ended Schemes,Equity Scheme - Small Cap Fund,23-05-2025,190.74280
125497,SBI Small Cap Fund - Direct Plan - Growth,SBI Mutual Fund,Open Ended Schemes,Equity Scheme - Small Cap Fund,22-05-2025,190.22970
125497,SBI Small Cap Fund - Direct Plan - Growth,SBI Mutual Fund,Open Ended Schemes,Equity Scheme - Small Cap Fund,21-05-2025,190.27080
125497,SBI Small Cap Fund - Direct Plan - Growth,SBI Mutual Fund,Open Ended Schemes,Equity Scheme - Small Cap Fund,20-05-2025,190.16200
125497,SBI Small Cap Fund - Direct Plan - Growth,SBI Mutual Fund,Open Ended Schemes,Equity Scheme - Small Cap Fund,19-05-2025,192.00150
125497,SBI Small Cap Fund - Direct Plan - Growth,SBI Mutual Fund,Open Ended Schemes,Equity Scheme - Small Cap Fund,16-05-2025,190.55430
125497,SBI Small Cap Fund - Direct Plan - Growth,SBI Mutual Fund,Open Ended Schemes,Equity Scheme - Small Cap Fund,15-05-2025,189.77160
125497,SBI Small Cap Fund - Direct Plan - Growth,SBI Mutual Fund,Open Ended Schemes,Equity Scheme - Small Cap Fund,14-05-2025,188.34010
125497,SBI Small Cap Fund - Direct Plan - Growth,SBI Mutual Fund,Open Ended Schemes,Equity Scheme - Small Cap Fund,13-05-2025,185.91990
125497,SBI Small Cap Fund - Direct Plan - Growth,SBI Mutual Fund,Open Ended Schemes,Equity Scheme - Small Cap Fund,12-05-2025,185.51940
125497,SBI Small Cap Fund - Direct Plan - Growth,SBI Mutual Fund,Open Ended Schemes,Equity Scheme - Small Cap Fund,09-05-2025,180.30790
125497,SBI Small Cap Fund - Direct Plan - Growth,SBI Mutual Fund,Open Ended Schemes,Equity Scheme - Small Cap Fund,08-05-2025,181.21480
125497,SBI Small Cap Fund - Direct Plan - Growth,SBI Mutual Fund,Open Ended Schemes,Equity Scheme - Small Cap Fund,07-05-2025,182.51470
125497,SBI Small Cap Fund - Direct Plan - Growth,SBI Mutual Fund,Open Ended Schemes,Equity Scheme - Small Cap Fund,06-05-2025,180.87420
125497,SBI Small Cap Fund - Direct Plan - Growth,SBI Mutual Fund,Open Ended Schemes,Equity Scheme - Small Cap Fund,05-05-2025,183.67000
125497,SBI Small Cap Fund - Direct Plan - Growth,SBI Mutual Fund,Open Ended Schemes,Equity Scheme - Small Cap Fund,02-05-2025,181.67630
125497,SBI Small Cap Fund - Direct Plan - Growth,SBI Mutual Fund,Open Ended Schemes,Equity Scheme - Small Cap Fund,30-04-2025,181.85270
125497,SBI Small Cap Fund - Direct Plan - Growth,SBI Mutual Fund,Open Ended Schemes,Equity Scheme - Small Cap Fund,29-04-2025,184.47490
125497,SBI Small Cap Fund - Direct Plan - Growth,SBI Mutual Fund,Open Ended Schemes,Equity Scheme - Small Cap Fund,28-04-2025,184.79840
125497,SBI Small Cap Fund - Direct Plan - Growth,SBI Mutual Fund,Open Ended Schemes,Equity Scheme - Small Cap Fund,25-04-2025,184.38920
125497,SBI Small Cap Fund - Direct Plan - Growth,SBI Mutual Fund,Open Ended Schemes,Equity Scheme - Small Cap Fund,24-04-2025,187.44420
125497,SBI Small Cap Fund - Direct Plan - Growth,SBI Mutual Fund,Open Ended Schemes,Equity Scheme - Small Cap Fund,23-04-2025,187.49180
125497,SBI Small Cap Fund - Direct Plan - Growth,SBI Mutual Fund,Open Ended Schemes,Equity Scheme - Small Cap Fund,22-04-2025,187.45940
125497,SBI Small Cap Fund - Direct Plan - Growth,SBI Mutual Fund,Open Ended Schemes,Equity Scheme - Small Cap Fund,21-04-2025,186.10860
125497,SBI Small Cap Fund - Direct Plan - Growth,SBI Mutual Fund,Open Ended Schemes,Equity Scheme - Small Cap Fund,17-04-2025,183.49400
125497,SBI Small Cap Fund - Direct Plan - Growth,SBI Mutual Fund,Open Ended Schemes,Equity Scheme - Small Cap Fund,16-04-2025,182.67970
125497,SBI Small Cap Fund - Direct Plan - Growth,SBI Mutual Fund,Open Ended Schemes,Equity Scheme - Small Cap Fund,15-04-2025,181.46880
125497,SBI Small Cap Fund - Direct Plan - Growth,SBI Mutual Fund,Open Ended Schemes,Equity Scheme - Small Cap Fund,11-04-2025,177.35900
125497,SBI Small Cap Fund - Direct Plan - Growth,SBI Mutual Fund,Open Ended Schemes,Equity Scheme - Small Cap Fund,09-04-2025,173.40240
125497,SBI Small Cap Fund - Direct Plan - Growth,SBI Mutual Fund,Open Ended Schemes,Equity Scheme - Small Cap Fund,08-04-2025,174.61980
125497,SBI Small Cap Fund - Direct Plan - Growth,SBI Mutual Fund,Open Ended Schemes,Equity Scheme - Small Cap Fund,07-04-2025,171.89300
125497,SBI Small Cap Fund - Direct Plan - Growth,SBI Mutual Fund,Open Ended Schemes,Equity Scheme - Small Cap Fund,04-04-2025,176.88530
125497,SBI Small Cap Fund - Direct Plan - Growth,SBI Mutual Fund,Open Ended Schemes,Equity Scheme - Small Cap Fund,03-04-2025,181.02050
125497,SBI Small Cap Fund - Direct Plan - Growth,SBI Mutual Fund,Open Ended Schemes,Equity Scheme - Small Cap Fund,02-04-2025,180.50400
125497,SBI Small Cap Fund - Direct Plan - Growth,SBI Mutual Fund,Open Ended Schemes,Equity Scheme - Small Cap Fund,01-04-2025,178.30730
125497,SBI Small Cap Fund - Direct Plan - Growth,SBI Mutual Fund,Open Ended Schemes,Equity Scheme - Small Cap Fund,31-03-2025,178.56280
125497,SBI Small Cap Fund - Direct Plan - Growth,SBI Mutual Fund,Open Ended Schemes,Equity Scheme - Small Cap Fund,28-03-2025,178.55480
125497,SBI Small Cap Fund - Direct Plan - Growth,SBI Mutual Fund,Open Ended Schemes,Equity Scheme - Small Cap Fund,27-03-2025,178.65350
125497,SBI Small Cap Fund - Direct Plan - Growth,SBI Mutual Fund,Open Ended Schemes,Equity Scheme - Small Cap Fund,26-03-2025,178.86170
125497,SBI Small Cap Fund - Direct Plan - Growth,SBI Mutual Fund,Open Ended Schemes,Equity Scheme - Small Cap Fund,25-03-2025,181.14990
125497,SBI Small Cap Fund - Direct Plan - Growth,SBI Mutual Fund,Open Ended Schemes,Equity Scheme - Small Cap Fund,24-03-2025,181.66260
125497,SBI Small Cap Fund - Direct Plan - Growth,SBI Mutual Fund,Open Ended Schemes,Equity Scheme - Small Cap Fund,21-03-2025,179.87650
125497,SBI Small Cap Fund - Direct Plan - Growth,SBI Mutual Fund,Open Ended Schemes,Equity Scheme - Small Cap Fund,20-03-2025,177.25460
125497,SBI Small Cap Fund - Direct Plan - Growth,SBI Mutual Fund,Open Ended Schemes,Equity Scheme - Small Cap Fund,19-03-2025,176.27700
125497,SBI Small Cap Fund - Direct Plan - Growth,SBI Mutual Fund,Open Ended Schemes,Equity Scheme - Small Cap Fund,18-03-2025,174.30650
125497,SBI Small Cap Fund - Direct Plan - Growth,SBI Mutual Fund,Open Ended Schemes,Equity Scheme - Small Cap Fund,17-03-2025,170.84150
125497,SBI Small Cap Fund - Direct Plan - Growth,SBI Mutual Fund,Open Ended Schemes,Equity Scheme - Small Cap Fund,13-03-2025,170.44540
125497,SBI Small Cap Fund - Direct Plan - Growth,SBI Mutual Fund,Open Ended Schemes,Equity Scheme - Small Cap Fund,12-03-2025,170.91270
125497,SBI Small Cap Fund - Direct Plan - Growth,SBI Mutual Fund,Open Ended Schemes,Equity Scheme - Small Cap Fund,11-03-2025,170.81180
125497,SBI Small Cap Fund - Direct Plan - Growth,SBI Mutual Fund,Open Ended Schemes,Equity Scheme - Small Cap Fund,10-03-2025,171.88780
125497,SBI Small Cap Fund - Direct Plan - Growth,SBI Mutual Fund,Open Ended Schemes,Equity Scheme - Small Cap Fund,07-03-2025,173.64640
125497,SBI Small Cap Fund - Direct Plan - Growth,SBI Mutual Fund,Open Ended Schemes,Equity Scheme - Small Cap Fund,06-03-2025,173.05460
125497,SBI Small Cap Fund - Direct Plan - Growth,SBI Mutual Fund,Open Ended Schemes,Equity Scheme - Small Cap Fund,05-03-2025,170.53780
125497,SBI Small Cap Fund - Direct Plan - Growth,SBI Mutual Fund,Open Ended Schemes,Equity Scheme - Small Cap Fund,04-03-2025,167.41440
125497,SBI Small Cap Fund - Direct Plan - Growth,SBI Mutual Fund,Open Ended Schemes,Equity Scheme - Small Cap Fund,03-03-2025,166.53630
125497,SBI Small Cap Fund - Direct Plan - Growth,SBI Mutual Fund,Open Ended Schemes,Equity Scheme - Small Cap Fund,28-02-2025,167.27530
125497,SBI Small Cap Fund - Direct Plan - Growth,SBI Mutual Fund,Open Ended Schemes,Equity Scheme - Small Cap Fund,27-02-2025,169.27610
125497,SBI Small Cap Fund - Direct Plan - Growth,SBI Mutual Fund,Open Ended Schemes,Equity Scheme - Small Cap Fund,25-02-2025,170.57720
125497,SBI Small Cap Fund - Direct Plan - Growth,SBI Mutual Fund,Open Ended Schemes,Equity Scheme - Small Cap Fund,24-02-2025,171.02810
125497,SBI Small Cap Fund - Direct Plan - Growth,SBI Mutual Fund,Open Ended Schemes,Equity Scheme - Small Cap Fund,21-02-2025,173.19400
125497,SBI Small Cap Fund - Direct Plan - Growth,SBI Mutual Fund,Open Ended Schemes,Equity Scheme - Small Cap Fund,20-02-2025,173.72510
125497,SBI Small Cap Fund - Direct Plan - Growth,SBI Mutual Fund,Open Ended Schemes,Equity Scheme - Small Cap Fund,19-02-2025,172.85420
125497,SBI Small Cap Fund - Direct Plan - Growth,SBI Mutual Fund,Open Ended Schemes,Equity Scheme - Small Cap Fund,18-02-2025,170.63510
125497,SBI Small Cap Fund - Direct Plan - Growth,SBI Mutual Fund,Open Ended Schemes,Equity Scheme - Small Cap Fund,17-02-2025,172.60170
125497,SBI Small Cap Fund - Direct Plan - Growth,SBI Mutual Fund,Open Ended Schemes,Equity Scheme - Small Cap Fund,14-02-2025,173.70270
125497,SBI Small Cap Fund - Direct Plan - Growth,SBI Mutual Fund,Open Ended Schemes,Equity Scheme - Small Cap Fund,13-02-2025,177.22140
125497,SBI Small Cap Fund - Direct Plan - Growth,SBI Mutual Fund,Open Ended Schemes,Equity Scheme - Small Cap Fund,12-02-2025,178.06730
125497,SBI Small Cap Fund - Direct Plan - Growth,SBI Mutual Fund,Open Ended Schemes,Equity Scheme - Small Cap Fund,11-02-2025,178.80970
125497,SBI Small Cap Fund - Direct Plan - Growth,SBI Mutual Fund,Open Ended Schemes,Equity Scheme - Small Cap Fund,10-02-2025,183.49470
125497,SBI Small Cap Fund - Direct Plan - Growth,SBI Mutual Fund,Open Ended Schemes,Equity Scheme - Small Cap Fund,07-02-2025,186.60010
125497,SBI Small Cap Fund - Direct Plan - Growth,SBI Mutual Fund,Open Ended Schemes,Equity Scheme - Small Cap Fund,06-02-2025,188.22360
125497,SBI Small Cap Fund - Direct Plan - Growth,SBI Mutual Fund,Open Ended Schemes,Equity Scheme - Small Cap Fund,05-02-2025,188.00120
125497,SBI Small Cap Fund - Direct Plan - Growth,SBI Mutual Fund,Open Ended Schemes,Equity Scheme - Small Cap Fund,04-02-2025,187.74020
125497,SBI Small Cap Fund - Direct Plan - Growth,SBI Mutual Fund,Open Ended Schemes,Equity Scheme - Small Cap Fund,03-02-2025,186.58870
125497,SBI Small Cap Fund - Direct Plan - Growth,SBI Mutual Fund,Open Ended Schemes,Equity Scheme - Small Cap Fund,31-01-2025,185.89270
125497,SBI Small Cap Fund - Direct Plan - Growth,SBI Mutual Fund,Open Ended Schemes,Equity Scheme - Small Cap Fund,30-01-2025,183.94810
125497,SBI Small Cap Fund - Direct Plan - Growth,SBI Mutual Fund,Open Ended Schemes,Equity Scheme - Small Cap Fund,29-01-2025,184.47400
125497,SBI Small Cap Fund - Direct Plan - Growth,SBI Mutual Fund,Open Ended Schemes,Equity Scheme - Small Cap Fund,28-01-2025,179.99810
125497,SBI Small Cap Fund - Direct Plan - Growth,SBI Mutual Fund,Open Ended Schemes,Equity Scheme - Small Cap Fund,27-01-2025,181.15050
125497,SBI Small Cap Fund - Direct Plan - Growth,SBI Mutual Fund,Open Ended Schemes,Equity Scheme - Small Cap Fund,24-01-2025,184.83570
125497,SBI Small Cap Fund - Direct Plan - Growth,SBI Mutual Fund,Open Ended Schemes,Equity Scheme - Small Cap Fund,23-01-2025,187.60260
125497,SBI Small Cap Fund - Direct Plan - Growth,SBI Mutual Fund,Open Ended Schemes,Equity Scheme - Small Cap Fund,22-01-2025,186.99250
125497,SBI Small Cap Fund - Direct Plan - Growth,SBI Mutual Fund,Open Ended Schemes,Equity Scheme - Small Cap Fund,21-01-2025,189.03020
125497,SBI Small Cap Fund - Direct Plan - Growth,SBI Mutual Fund,Open Ended Schemes,Equity Scheme - Small Cap Fund,20-01-2025,191.86990
125497,SBI Small Cap Fund - Direct Plan - Growth,SBI Mutual Fund,Open Ended Schemes,Equity Scheme - Small Cap Fund,17-01-2025,190.54740
125497,SBI Small Cap Fund - Direct Plan - Growth,SBI Mutual Fund,Open Ended Schemes,Equity Scheme - Small Cap Fund,16-01-2025,191.54610
125497,SBI Small Cap Fund - Direct Plan - Growth,SBI Mutual Fund,Open Ended Schemes,Equity Scheme - Small Cap Fund,15-01-2025,190.29080
125497,SBI Small Cap Fund - Direct Plan - Growth,SBI Mutual Fund,Open Ended Schemes,Equity Scheme - Small Cap Fund,14-01-2025,189.43940
125497,SBI Small Cap Fund - Direct Plan - Growth,SBI Mutual Fund,Open Ended Schemes,Equity Scheme - Small Cap Fund,13-01-2025,187.97080
125497,SBI Small Cap Fund - Direct Plan - Growth,SBI Mutual Fund,Open Ended Schemes,Equity Scheme - Small Cap Fund,10-01-2025,194.09510
125497,SBI Small Cap Fund - Direct Plan - Growth,SBI Mutual Fund,Open Ended Schemes,Equity Scheme - Small Cap Fund,09-01-2025,197.39780
125497,SBI Small Cap Fund - Direct Plan - Growth,SBI Mutual Fund,Open Ended Schemes,Equity Scheme - Small Cap Fund,08-01-2025,199.10830
125497,SBI Small Cap Fund - Direct Plan - Growth,SBI Mutual Fund,Open Ended Schemes,Equity Scheme - Small Cap Fund,07-01-2025,201.51000
125497,SBI Small Cap Fund - Direct Plan - Growth,SBI Mutual Fund,Open Ended Schemes,Equity Scheme - Small Cap Fund,06-01-2025,199.93250
125497,SBI Small Cap Fund - Direct Plan - Growth,SBI Mutual Fund,Open Ended Schemes,Equity Scheme - Small Cap Fund,03-01-2025,204.74730
125497,SBI Small Cap Fund - Direct Plan - Growth,SBI Mutual Fund,Open Ended Schemes,Equity Scheme - Small Cap Fund,02-01-2025,204.95800
125497,SBI Small Cap Fund - Direct Plan - Growth,SBI Mutual Fund,Open Ended Schemes,Equity Scheme - Small Cap Fund,01-01-2025,204.01330
125497,SBI Small Cap Fund - Direct Plan - Growth,SBI Mutual Fund,Open Ended Schemes,Equity Scheme - Small Cap Fund,31-12-2024,202.02500
125497,SBI Small Cap Fund - Direct Plan - Growth,SBI Mutual Fund,Open Ended Schemes,Equity Scheme - Small Cap Fund,30-12-2024,200.94740
125497,SBI Small Cap Fund - Direct Plan - Growth,SBI Mutual Fund,Open Ended Schemes,Equity Scheme - Small Cap Fund,27-12-2024,202.27440
125497,SBI Small Cap Fund - Direct Plan - Growth,SBI Mutual Fund,Open Ended Schemes,Equity Scheme - Small Cap Fund,26-12-2024,201.17120
125497,SBI Small Cap Fund - Direct Plan - Growth,SBI Mutual Fund,Open Ended Schemes,Equity Scheme - Small Cap Fund,24-12-2024,201.91170
125497,SBI Small Cap Fund - Direct Plan - Growth,SBI Mutual Fund,Open Ended Schemes,Equity Scheme - Small Cap Fund,23-12-2024,201.82350
125497,SBI Small Cap Fund - Direct Plan - Growth,SBI Mutual Fund,Open Ended Schemes,Equity Scheme - Small Cap Fund,20-12-2024,203.86390
125497,SBI Small Cap Fund - Direct Plan - Growth,SBI Mutual Fund,Open Ended Schemes,Equity Scheme - Small Cap Fund,19-12-2024,208.18140
125497,SBI Small Cap Fund - Direct Plan - Growth,SBI Mutual Fund,Open Ended Schemes,Equity Scheme - Small Cap Fund,18-12-2024,208.90390
125497,SBI Small Cap Fund - Direct Plan - Growth,SBI Mutual Fund,Open Ended Schemes,Equity Scheme - Small Cap Fund,17-12-2024,209.14900
125497,SBI Small Cap Fund - Direct Plan - Growth,SBI Mutual Fund,Open Ended Schemes,Equity Scheme - Small Cap Fund,16-12-2024,209.93610
125497,SBI Small Cap Fund - Direct Plan - Growth,SBI Mutual Fund,Open Ended Schemes,Equity Scheme - Small Cap Fund,13-12-2024,209.47050
125497,SBI Small Cap Fund - Direct Plan - Growth,SBI Mutual Fund,Open Ended Schemes,Equity Scheme - Small Cap Fund,12-12-2024,209.13640
125497,SBI Small Cap Fund - Direct Plan - Growth,SBI Mutual Fund,Open Ended Schemes,Equity Scheme - Small Cap Fund,11-12-2024,210.48870
125497,SBI Small Cap Fund - Direct Plan - Growth,SBI Mutual Fund,Open Ended Schemes,Equity Scheme - Small Cap Fund,10-12-2024,210.19360
125497,SBI Small Cap Fund - Direct Plan - Growth,SBI Mutual Fund,Open Ended Schemes,Equity Scheme - Small Cap Fund,09-12-2024,209.11880
125497,SBI Small Cap Fund - Direct Plan - Growth,SBI Mutual Fund,Open Ended Schemes,Equity Scheme - Small Cap Fund,06-12-2024,207.77930
125497,SBI Small Cap Fund - Direct Plan - Growth,SBI Mutual Fund,Open Ended Schemes,Equity Scheme - Small Cap Fund,05-12-2024,206.96340
125497,SBI Small Cap Fund - Direct Plan - Growth,SBI Mutual Fund,Open Ended Schemes,Equity Scheme - Small Cap Fund,04-12-2024,206.87990
125497,SBI Small Cap Fund - Direct Plan - Growth,SBI Mutual Fund,Open Ended Schemes,Equity Scheme - Small Cap Fund,03-12-2024,205.61420
125497,SBI Small Cap Fund - Direct Plan - Growth,SBI Mutual Fund,Open Ended Schemes,Equity Scheme - Small Cap Fund,02-12-2024,203.06620
125497,SBI Small Cap Fund - Direct Plan - Growth,SBI Mutual Fund,Open Ended Schemes,Equity Scheme - Small Cap Fund,30-11-2024,203.23060
125497,SBI Small Cap Fund - Direct Plan - Growth,SBI Mutual Fund,Open Ended Schemes,Equity Scheme - Small Cap Fund,29-11-2024,203.22980
125497,SBI Small Cap Fund - Direct Plan - Growth,SBI Mutual Fund,Open Ended Schemes,Equity Scheme - Small Cap Fund,28-11-2024,202.20460
125497,SBI Small Cap Fund - Direct Plan - Growth,SBI Mutual Fund,Open Ended Schemes,Equity Scheme - Small Cap Fund,27-11-2024,202.23030
125497,SBI Small Cap Fund - Direct Plan - Growth,SBI Mutual Fund,Open Ended Schemes,Equity Scheme - Small Cap Fund,26-11-2024,201.59810
125497,SBI Small Cap Fund - Direct Plan - Growth,SBI Mutual Fund,Open Ended Schemes,Equity Scheme - Small Cap Fund,25-11-2024,201.24270
125497,SBI Small Cap Fund - Direct Plan - Growth,SBI Mutual Fund,Open Ended Schemes,Equity Scheme - Small Cap Fund,22-11-2024,196.96790
125497,SBI Small Cap Fund - Direct Plan - Growth,SBI Mutual Fund,Open Ended Schemes,Equity Scheme - Small Cap Fund,21-11-2024,196.01740
125497,SBI Small Cap Fund - Direct Plan - Growth,SBI Mutual Fund,Open Ended Schemes,Equity Scheme - Small Cap Fund,19-11-2024,196.91490
125497,SBI Small Cap Fund - Direct Plan - Growth,SBI Mutual Fund,Open Ended Schemes,Equity Scheme - Small Cap Fund,18-11-2024,194.96320
125497,SBI Small Cap Fund - Direct Plan - Growth,SBI Mutual Fund,Open Ended Schemes,Equity Scheme - Small Cap Fund,14-11-2024,195.88250
125497,SBI Small Cap Fund - Direct Plan - Growth,SBI Mutual Fund,Open Ended Schemes,Equity Scheme - Small Cap Fund,13-11-2024,194.60350
125497,SBI Small Cap Fund - Direct Plan - Growth,SBI Mutual Fund,Open Ended Schemes,Equity Scheme - Small Cap Fund,12-11-2024,198.66500
125497,SBI Small Cap Fund - Direct Plan - Growth,SBI Mutual Fund,Open Ended Schemes,Equity Scheme - Small Cap Fund,11-11-2024,201.17830
125497,SBI Small Cap Fund - Direct Plan - Growth,SBI Mutual Fund,Open Ended Schemes,Equity Scheme - Small Cap Fund,08-11-2024,202.85580
125497,SBI Small Cap Fund - Direct Plan - Growth,SBI Mutual Fund,Open Ended Schemes,Equity Scheme - Small Cap Fund,07-11-2024,204.91850
125497,SBI Small Cap Fund - Direct Plan - Growth,SBI Mutual Fund,Open Ended Schemes,Equity Scheme - Small Cap Fund,06-11-2024,205.59320
125497,SBI Small Cap Fund - Direct Plan - Growth,SBI Mutual Fund,Open Ended Schemes,Equity Scheme - Small Cap Fund,05-11-2024,203.88450
125497,SBI Small Cap Fund - Direct Plan - Growth,SBI Mutual Fund,Open Ended Schemes,Equity Scheme - Small Cap Fund,04-11-2024,204.18210
125497,SBI Small Cap Fund - Direct Plan - Growth,SBI Mutual Fund,Open Ended Schemes,Equity Scheme - Small Cap Fund,31-10-2024,204.70650
125497,SBI Small Cap Fund - Direct Plan - Growth,SBI Mutual Fund,Open Ended Schemes,Equity Scheme - Small Cap Fund,30-10-2024,201.17000
125497,SBI Small Cap Fund - Direct Plan - Growth,SBI Mutual Fund,Open Ended Schemes,Equity Scheme - Small Cap Fund,29-10-2024,199.66210
125497,SBI Small Cap Fund - Direct Plan - Growth,SBI Mutual Fund,Open Ended Schemes,Equity Scheme - Small Cap Fund,28-10-2024,198.76200
125497,SBI Small Cap Fund - Direct Plan - Growth,SBI Mutual Fund,Open Ended Schemes,Equity Scheme - Small Cap Fund,25-10-2024,199.02570
125497,SBI Small Cap Fund - Direct Plan - Growth,SBI Mutual Fund,Open Ended Schemes,Equity Scheme - Small Cap Fund,24-10-2024,202.37940
125497,SBI Small Cap Fund - Direct Plan - Growth,SBI Mutual Fund,Open Ended Schemes,Equity Scheme - Small Cap Fund,23-10-2024,204.16040
125497,SBI Small Cap Fund - Direct Plan - Growth,SBI Mutual Fund,Open Ended Schemes,Equity Scheme - Small Cap Fund,22-10-2024,204.11900
125497,SBI Small Cap Fund - Direct Plan - Growth,SBI Mutual Fund,Open Ended Schemes,Equity Scheme - Small Cap Fund,21-10-2024,209.18120
125497,SBI Small Cap Fund - Direct Plan - Growth,SBI Mutual Fund,Open Ended Schemes,Equity Scheme - Small Cap Fund,18-10-2024,212.42580
125497,SBI Small Cap Fund - Direct Plan - Growth,SBI Mutual Fund,Open Ended Schemes,Equity Scheme - Small Cap Fund,17-10-2024,212.58360
125497,SBI Small Cap Fund - Direct Plan - Growth,SBI Mutual Fund,Open Ended Schemes,Equity Scheme - Small Cap Fund,16-10-2024,214.61380
125497,SBI Small Cap Fund - Direct Plan - Growth,SBI Mutual Fund,Open Ended Schemes,Equity Scheme - Small Cap Fund,15-10-2024,214.67670
125497,SBI Small Cap Fund - Direct Plan - Growth,SBI Mutual Fund,Open Ended Schemes,Equity Scheme - Small Cap Fund,14-10-2024,212.70610
125497,SBI Small Cap Fund - Direct Plan - Growth,SBI Mutual Fund,Open Ended Schemes,Equity Scheme - Small Cap Fund,11-10-2024,211.86820
125497,SBI Small Cap Fund - Direct Plan - Growth,SBI Mutual Fund,Open Ended Schemes,Equity Scheme - Small Cap Fund,10-10-2024,211.20750
125497,SBI Small Cap Fund - Direct Plan - Growth,SBI Mutual Fund,Open Ended Schemes,Equity Scheme - Small Cap Fund,09-10-2024,211.46180
125497,SBI Small Cap Fund - Direct Plan - Growth,SBI Mutual Fund,Open Ended Schemes,Equity Scheme - Small Cap Fund,08-10-2024,209.71250
125497,SBI Small Cap Fund - Direct Plan - Growth,SBI Mutual Fund,Open Ended Schemes,Equity Scheme - Small Cap Fund,07-10-2024,205.93070
125497,SBI Small Cap Fund - Direct Plan - Growth,SBI Mutual Fund,Open Ended Schemes,Equity Scheme - Small Cap Fund,04-10-2024,210.64500
125497,SBI Small Cap Fund - Direct Plan - Growth,SBI Mutual Fund,Open Ended Schemes,Equity Scheme - Small Cap Fund,03-10-2024,211.10730
125497,SBI Small Cap Fund - Direct Plan - Growth,SBI Mutual Fund,Open Ended Schemes,Equity Scheme - Small Cap Fund,01-10-2024,214.27590
125497,SBI Small Cap Fund - Direct Plan - Growth,SBI Mutual Fund,Open Ended Schemes,Equity Scheme - Small Cap Fund,30-09-2024,213.85410
125497,SBI Small Cap Fund - Direct Plan - Growth,SBI Mutual Fund,Open Ended Schemes,Equity Scheme - Small Cap Fund,27-09-2024,213.82450
125497,SBI Small Cap Fund - Direct Plan - Growth,SBI Mutual Fund,Open Ended Schemes,Equity Scheme - Small Cap Fund,26-09-2024,212.39300
125497,SBI Small Cap Fund - Direct Plan - Growth,SBI Mutual Fund,Open Ended Schemes,Equity Scheme - Small Cap Fund,25-09-2024,213.20710
125497,SBI Small Cap Fund - Direct Plan - Growth,SBI Mutual Fund,Open Ended Schemes,Equity Scheme - Small Cap Fund,24-09-2024,212.94540
125497,SBI Small Cap Fund - Direct Plan - Growth,SBI Mutual Fund,Open Ended Schemes,Equity Scheme - Small Cap Fund,23-09-2024,213.66070
125497,SBI Small Cap Fund - Direct Plan - Growth,SBI Mutual Fund,Open Ended Schemes,Equity Scheme - Small Cap Fund,20-09-2024,212.07530
125497,SBI Small Cap Fund - Direct Plan - Growth,SBI Mutual Fund,Open Ended Schemes,Equity Scheme - Small Cap Fund,19-09-2024,211.29030
125497,SBI Small Cap Fund - Direct Plan - Growth,SBI Mutual Fund,Open Ended Schemes,Equity Scheme - Small Cap Fund,18-09-2024,212.19740
125497,SBI Small Cap Fund - Direct Plan - Growth,SBI Mutual Fund,Open Ended Schemes,Equity Scheme - Small Cap Fund,17-09-2024,212.87130
125497,SBI Small Cap Fund - Direct Plan - Growth,SBI Mutual Fund,Open Ended Schemes,Equity Scheme - Small Cap Fund,16-09-2024,213.11800
125497,SBI Small Cap Fund - Direct Plan - Growth,SBI Mutual Fund,Open Ended Schemes,Equity Scheme - Small Cap Fund,13-09-2024,212.68240
125497,SBI Small Cap Fund - Direct Plan - Growth,SBI Mutual Fund,Open Ended Schemes,Equity Scheme - Small Cap Fund,12-09-2024,211.28420
125497,SBI Small Cap Fund - Direct Plan - Growth,SBI Mutual Fund,Open Ended Schemes,Equity Scheme - Small Cap Fund,11-09-2024,210.11110
125497,SBI Small Cap Fund - Direct Plan - Growth,SBI Mutual Fund,Open Ended Schemes,Equity Scheme - Small Cap Fund,10-09-2024,211.83530
125497,SBI Small Cap Fund - Direct Plan - Growth,SBI Mutual Fund,Open Ended Schemes,Equity Scheme - Small Cap Fund,09-09-2024,208.70900
125497,SBI Small Cap Fund - Direct Plan - Growth,SBI Mutual Fund,Open Ended Schemes,Equity Scheme - Small Cap Fund,06-09-2024,209.50180
125497,SBI Small Cap Fund - Direct Plan - Growth,SBI Mutual Fund,Open Ended Schemes,Equity Scheme - Small Cap Fund,05-09-2024,210.08360
125497,SBI Small Cap Fund - Direct Plan - Growth,SBI Mutual Fund,Open Ended Schemes,Equity Scheme - Small Cap Fund,04-09-2024,208.90430
125497,SBI Small Cap Fund - Direct Plan - Growth,SBI Mutual Fund,Open Ended Schemes,Equity Scheme - Small Cap Fund,03-09-2024,209.17100
125497,SBI Small Cap Fund - Direct Plan - Growth,SBI Mutual Fund,Open Ended Schemes,Equity Scheme - Small Cap Fund,02-09-2024,208.31130
125497,SBI Small Cap Fund - Direct Plan - Growth,SBI Mutual Fund,Open Ended Schemes,Equity Scheme - Small Cap Fund,31-08-2024,208.41670
125497,SBI Small Cap Fund - Direct Plan - Growth,SBI Mutual Fund,Open Ended Schemes,Equity Scheme - Small Cap Fund,30-08-2024,208.41680
125497,SBI Small Cap Fund - Direct Plan - Growth,SBI Mutual Fund,Open Ended Schemes,Equity Scheme - Small Cap Fund,29-08-2024,207.04990
125497,SBI Small Cap Fund - Direct Plan - Growth,SBI Mutual Fund,Open Ended Schemes,Equity Scheme - Small Cap Fund,28-08-2024,207.89870
125497,SBI Small Cap Fund - Direct Plan - Growth,SBI Mutual Fund,Open Ended Schemes,Equity Scheme - Small Cap Fund,27-08-2024,207.49040
125497,SBI Small Cap Fund - Direct Plan - Growth,SBI Mutual Fund,Open Ended Schemes,Equity Scheme - Small Cap Fund,26-08-2024,206.78640
125497,SBI Small Cap Fund - Direct Plan - Growth,SBI Mutual Fund,Open Ended Schemes,Equity Scheme - Small Cap Fund,23-08-2024,206.38890
125497,SBI Small Cap Fund - Direct Plan - Growth,SBI Mutual Fund,Open Ended Schemes,Equity Scheme - Small Cap Fund,22-08-2024,206.14190
125497,SBI Small Cap Fund - Direct Plan - Growth,SBI Mutual Fund,Open Ended Schemes,Equity Scheme - Small Cap Fund,21-08-2024,205.69040
125497,SBI Small Cap Fund - Direct Plan - Growth,SBI Mutual Fund,Open Ended Schemes,Equity Scheme - Small Cap Fund,20-08-2024,204.27780
125497,SBI Small Cap Fund - Direct Plan - Growth,SBI Mutual Fund,Open Ended Schemes,Equity Scheme - Small Cap Fund,19-08-2024,204.10160
125497,SBI Small Cap Fund - Direct Plan - Growth,SBI Mutual Fund,Open Ended Schemes,Equity Scheme - Small Cap Fund,16-08-2024,202.84710
125497,SBI Small Cap Fund - Direct Plan - Growth,SBI Mutual Fund,Open Ended Schemes,Equity Scheme - Small Cap Fund,14-08-2024,200.55320
125497,SBI Small Cap Fund - Direct Plan - Growth,SBI Mutual Fund,Open Ended Schemes,Equity Scheme - Small Cap Fund,13-08-2024,201.61010
125497,SBI Small Cap Fund - Direct Plan - Growth,SBI Mutual Fund,Open Ended Schemes,Equity Scheme - Small Cap Fund,12-08-2024,202.17420
125497,SBI Small Cap Fund - Direct Plan - Growth,SBI Mutual Fund,Open Ended Schemes,Equity Scheme - Small Cap Fund,09-08-2024,201.56990
125497,SBI Small Cap Fund - Direct Plan - Growth,SBI Mutual Fund,Open Ended Schemes,Equity Scheme - Small Cap Fund,08-08-2024,201.09250
125497,SBI Small Cap Fund - Direct Plan - Growth,SBI Mutual Fund,Open Ended Schemes,Equity Scheme - Small Cap Fund,07-08-2024,202.00340
125497,SBI Small Cap Fund - Direct Plan - Growth,SBI Mutual Fund,Open Ended Schemes,Equity Scheme - Small Cap Fund,06-08-2024,199.01140
125497,SBI Small Cap Fund - Direct Plan - Growth,SBI Mutual Fund,Open Ended Schemes,Equity Scheme - Small Cap Fund,05-08-2024,199.56190
125497,SBI Small Cap Fund - Direct Plan - Growth,SBI Mutual Fund,Open Ended Schemes,Equity Scheme - Small Cap Fund,02-08-2024,206.20350
125497,SBI Small Cap Fund - Direct Plan - Growth,SBI Mutual Fund,Open Ended Schemes,Equity Scheme - Small Cap Fund,01-08-2024,207.84030
125497,SBI Small Cap Fund - Direct Plan - Growth,SBI Mutual Fund,Open Ended Schemes,Equity Scheme - Small Cap Fund,31-07-2024,208.43580
125497,SBI Small Cap Fund - Direct Plan - Growth,SBI Mutual Fund,Open Ended Schemes,Equity Scheme - Small Cap Fund,30-07-2024,208.69120
125497,SBI Small Cap Fund - Direct Plan - Growth,SBI Mutual Fund,Open Ended Schemes,Equity Scheme - Small Cap Fund,29-07-2024,208.25480
125497,SBI Small Cap Fund - Direct Plan - Growth,SBI Mutual Fund,Open Ended Schemes,Equity Scheme - Small Cap Fund,26-07-2024,205.42050
125497,SBI Small Cap Fund - Direct Plan - Growth,SBI Mutual Fund,Open Ended Schemes,Equity Scheme - Small Cap Fund,25-07-2024,203.74190
125497,SBI Small Cap Fund - Direct Plan - Growth,SBI Mutual Fund,Open Ended Schemes,Equity Scheme - Small Cap Fund,24-07-2024,204.46770
125497,SBI Small Cap Fund - Direct Plan - Growth,SBI Mutual Fund,Open Ended Schemes,Equity Scheme - Small Cap Fund,23-07-2024,201.70180
125497,SBI Small Cap Fund - Direct Plan - Growth,SBI Mutual Fund,Open Ended Schemes,Equity Scheme - Small Cap Fund,22-07-2024,202.03550
125497,SBI Small Cap Fund - Direct Plan - Growth,SBI Mutual Fund,Open Ended Schemes,Equity Scheme - Small Cap Fund,19-07-2024,200.73470
125497,SBI Small Cap Fund - Direct Plan - Growth,SBI Mutual Fund,Open Ended Schemes,Equity Scheme - Small Cap Fund,18-07-2024,203.60470
125497,SBI Small Cap Fund - Direct Plan - Growth,SBI Mutual Fund,Open Ended Schemes,Equity Scheme - Small Cap Fund,16-07-2024,204.64390
125497,SBI Small Cap Fund - Direct Plan - Growth,SBI Mutual Fund,Open Ended Schemes,Equity Scheme - Small Cap Fund,15-07-2024,204.26510
125497,SBI Small Cap Fund - Direct Plan - Growth,SBI Mutual Fund,Open Ended Schemes,Equity Scheme - Small Cap Fund,12-07-2024,204.37660
125497,SBI Small Cap Fund - Direct Plan - Growth,SBI Mutual Fund,Open Ended Schemes,Equity Scheme - Small Cap Fund,11-07-2024,205.33260
125497,SBI Small Cap Fund - Direct Plan - Growth,SBI Mutual Fund,Open Ended Schemes,Equity Scheme - Small Cap Fund,10-07-2024,204.00500
125497,SBI Small Cap Fund - Direct Plan - Growth,SBI Mutual Fund,Open Ended Schemes,Equity Scheme - Small Cap Fund,09-07-2024,204.74340
125497,SBI Small Cap Fund - Direct Plan - Growth,SBI Mutual Fund,Open Ended Schemes,Equity Scheme - Small Cap Fund,08-07-2024,203.95050
125497,SBI Small Cap Fund - Direct Plan - Growth,SBI Mutual Fund,Open Ended Schemes,Equity Scheme - Small Cap Fund,05-07-2024,204.89210
125497,SBI Small Cap Fund - Direct Plan - Growth,SBI Mutual Fund,Open Ended Schemes,Equity Scheme - Small Cap Fund,04-07-2024,203.57230
125497,SBI Small Cap Fund - Direct Plan - Growth,SBI Mutual Fund,Open Ended Schemes,Equity Scheme - Small Cap Fund,03-07-2024,202.90490
125497,SBI Small Cap Fund - Direct Plan - Growth,SBI Mutual Fund,Open Ended Schemes,Equity Scheme - Small Cap Fund,02-07-2024,200.59120
125497,SBI Small Cap Fund - Direct Plan - Growth,SBI Mutual Fund,Open Ended Schemes,Equity Scheme - Small Cap Fund,01-07-2024,200.45560
125497,SBI Small Cap Fund - Direct Plan - Growth,SBI Mutual Fund,Open Ended Schemes,Equity Scheme - Small Cap Fund,30-06-2024,197.87550
125497,SBI Small Cap Fund - Direct Plan - Growth,SBI Mutual Fund,Open Ended Schemes,Equity Scheme - Small Cap Fund,28-06-2024,197.87460
125497,SBI Small Cap Fund - Direct Plan - Growth,SBI Mutual Fund,Open Ended Schemes,Equity Scheme - Small Cap Fund,27-06-2024,197.54100
125497,SBI Small Cap Fund - Direct Plan - Growth,SBI Mutual Fund,Open Ended Schemes,Equity Scheme - Small Cap Fund,26-06-2024,198.68260
125497,SBI Small Cap Fund - Direct Plan - Growth,SBI Mutual Fund,Open Ended Schemes,Equity Scheme - Small Cap Fund,25-06-2024,199.28880
125497,SBI Small Cap Fund - Direct Plan - Growth,SBI Mutual Fund,Open Ended Schemes,Equity Scheme - Small Cap Fund,24-06-2024,198.96450
125497,SBI Small Cap Fund - Direct Plan - Growth,SBI Mutual Fund,Open Ended Schemes,Equity Scheme - Small Cap Fund,21-06-2024,198.84530
125497,SBI Small Cap Fund - Direct Plan - Growth,SBI Mutual Fund,Open Ended Schemes,Equity Scheme - Small Cap Fund,20-06-2024,198.73210
125497,SBI Small Cap Fund - Direct Plan - Growth,SBI Mutual Fund,Open Ended Schemes,Equity Scheme - Small Cap Fund,19-06-2024,197.86450
125497,SBI Small Cap Fund - Direct Plan - Growth,SBI Mutual Fund,Open Ended Schemes,Equity Scheme - Small Cap Fund,18-06-2024,198.25160
125497,SBI Small Cap Fund - Direct Plan - Growth,SBI Mutual Fund,Open Ended Schemes,Equity Scheme - Small Cap Fund,14-06-2024,198.12810
125497,SBI Small Cap Fund - Direct Plan - Growth,SBI Mutual Fund,Open Ended Schemes,Equity Scheme - Small Cap Fund,13-06-2024,196.43830
125497,SBI Small Cap Fund - Direct Plan - Growth,SBI Mutual Fund,Open Ended Schemes,Equity Scheme - Small Cap Fund,12-06-2024,195.44150
125497,SBI Small Cap Fund - Direct Plan - Growth,SBI Mutual Fund,Open Ended Schemes,Equity Scheme - Small Cap Fund,11-06-2024,193.73580
125497,SBI Small Cap Fund - Direct Plan - Growth,SBI Mutual Fund,Open Ended Schemes,Equity Scheme - Small Cap Fund,10-06-2024,192.35180
125497,SBI Small Cap Fund - Direct Plan - Growth,SBI Mutual Fund,Open Ended Schemes,Equity Scheme - Small Cap Fund,07-06-2024,189.56980
125497,SBI Small Cap Fund - Direct Plan - Growth,SBI Mutual Fund,Open Ended Schemes,Equity Scheme - Small Cap Fund,06-06-2024,186.50830
125497,SBI Small Cap Fund - Direct Plan - Growth,SBI Mutual Fund,Open Ended Schemes,Equity Scheme - Small Cap Fund,05-06-2024,183.04960
125497,SBI Small Cap Fund - Direct Plan - Growth,SBI Mutual Fund,Open Ended Schemes,Equity Scheme - Small Cap Fund,04-06-2024,178.35910
125497,SBI Small Cap Fund - Direct Plan - Growth,SBI Mutual Fund,Open Ended Schemes,Equity Scheme - Small Cap Fund,03-06-2024,186.91550
125497,SBI Small Cap Fund - Direct Plan - Growth,SBI Mutual Fund,Open Ended Schemes,Equity Scheme - Small Cap Fund,31-05-2024,183.55500
125497,SBI Small Cap Fund - Direct Plan - Growth,SBI Mutual Fund,Open Ended Schemes,Equity Scheme - Small Cap Fund,30-05-2024,181.99070
125497,SBI Small Cap Fund - Direct Plan - Growth,SBI Mutual Fund,Open Ended Schemes,Equity Scheme - Small Cap Fund,29-05-2024,183.91990
125497,SBI Small Cap Fund - Direct Plan - Growth,SBI Mutual Fund,Open Ended Schemes,Equity Scheme - Small Cap Fund,28-05-2024,183.29630
125497,SBI Small Cap Fund - Direct Plan - Growth,SBI Mutual Fund,Open Ended Schemes,Equity Scheme - Small Cap Fund,27-05-2024,183.96720
125497,SBI Small Cap Fund - Direct Plan - Growth,SBI Mutual Fund,Open Ended Schemes,Equity Scheme - Small Cap Fund,24-05-2024,184.22960
125497,SBI Small Cap Fund - Direct Plan - Growth,SBI Mutual Fund,Open Ended Schemes,Equity Scheme - Small Cap Fund,23-05-2024,184.86470
125497,SBI Small Cap Fund - Direct Plan - Growth,SBI Mutual Fund,Open Ended Schemes,Equity Scheme - Small Cap Fund,22-05-2024,185.17180
125497,SBI Small Cap Fund - Direct Plan - Growth,SBI Mutual Fund,Open Ended Schemes,Equity Scheme - Small Cap Fund,21-05-2024,184.77490
125497,SBI Small Cap Fund - Direct Plan - Growth,SBI Mutual Fund,Open Ended Schemes,Equity Scheme - Small Cap Fund,17-05-2024,183.66970
125497,SBI Small Cap Fund - Direct Plan - Growth,SBI Mutual Fund,Open Ended Schemes,Equity Scheme - Small Cap Fund,16-05-2024,181.91380
125497,SBI Small Cap Fund - Direct Plan - Growth,SBI Mutual Fund,Open Ended Schemes,Equity Scheme - Small Cap Fund,15-05-2024,179.54070
125497,SBI Small Cap Fund - Direct Plan - Growth,SBI Mutual Fund,Open Ended Schemes,Equity Scheme - Small Cap Fund,14-05-2024,177.76550
125497,SBI Small Cap Fund - Direct Plan - Growth,SBI Mutual Fund,Open Ended Schemes,Equity Scheme - Small Cap Fund,13-05-2024,175.80480
125497,SBI Small Cap Fund - Direct Plan - Growth,SBI Mutual Fund,Open Ended Schemes,Equity Scheme - Small Cap Fund,10-05-2024,175.77960
125497,SBI Small Cap Fund - Direct Plan - Growth,SBI Mutual Fund,Open Ended Schemes,Equity Scheme - Small Cap Fund,09-05-2024,174.97820
125497,SBI Small Cap Fund - Direct Plan - Growth,SBI Mutual Fund,Open Ended Schemes,Equity Scheme - Small Cap Fund,08-05-2024,179.08460
125497,SBI Small Cap Fund - Direct Plan - Growth,SBI Mutual Fund,Open Ended Schemes,Equity Scheme - Small Cap Fund,07-05-2024,178.25650
125497,SBI Small Cap Fund - Direct Plan - Growth,SBI Mutual Fund,Open Ended Schemes,Equity Scheme - Small Cap Fund,06-05-2024,179.81960
125497,SBI Small Cap Fund - Direct Plan - Growth,SBI Mutual Fund,Open Ended Schemes,Equity Scheme - Small Cap Fund,03-05-2024,180.58290
125497,SBI Small Cap Fund - Direct Plan - Growth,SBI Mutual Fund,Open Ended Schemes,Equity Scheme - Small Cap Fund,02-05-2024,181.82800
125497,SBI Small Cap Fund - Direct Plan - Growth,SBI Mutual Fund,Open Ended Schemes,Equity Scheme - Small Cap Fund,30-04-2024,181.43470
125497,SBI Small Cap Fund - Direct Plan - Growth,SBI Mutual Fund,Open Ended Schemes,Equity Scheme - Small Cap Fund,29-04-2024,181.05300
125497,SBI Small Cap Fund - Direct Plan - Growth,SBI Mutual Fund,Open Ended Schemes,Equity Scheme - Small Cap Fund,26-04-2024,180.42500
125497,SBI Small Cap Fund - Direct Plan - Growth,SBI Mutual Fund,Open Ended Schemes,Equity Scheme - Small Cap Fund,25-04-2024,180.43450
125497,SBI Small Cap Fund - Direct Plan - Growth,SBI Mutual Fund,Open Ended Schemes,Equity Scheme - Small Cap Fund,24-04-2024,179.53280
125497,SBI Small Cap Fund - Direct Plan - Growth,SBI Mutual Fund,Open Ended Schemes,Equity Scheme - Small Cap Fund,23-04-2024,178.20840
125497,SBI Small Cap Fund - Direct Plan - Growth,SBI Mutual Fund,Open Ended Schemes,Equity Scheme - Small Cap Fund,22-04-2024,177.25860
125497,SBI Small Cap Fund - Direct Plan - Growth,SBI Mutual Fund,Open Ended Schemes,Equity Scheme - Small Cap Fund,19-04-2024,175.64450
125497,SBI Small Cap Fund - Direct Plan - Growth,SBI Mutual Fund,Open Ended Schemes,Equity Scheme - Small Cap Fund,18-04-2024,174.74650
125497,SBI Small Cap Fund - Direct Plan - Growth,SBI Mutual Fund,Open Ended Schemes,Equity Scheme - Small Cap Fund,16-04-2024,174.64190
125497,SBI Small Cap Fund - Direct Plan - Growth,SBI Mutual Fund,Open Ended Schemes,Equity Scheme - Small Cap Fund,15-04-2024,174.15540
125497,SBI Small Cap Fund - Direct Plan - Growth,SBI Mutual Fund,Open Ended Schemes,Equity Scheme - Small Cap Fund,12-04-2024,175.80470
125497,SBI Small Cap Fund - Direct Plan - Growth,SBI Mutual Fund,Open Ended Schemes,Equity Scheme - Small Cap Fund,10-04-2024,176.92020
125497,SBI Small Cap Fund - Direct Plan - Growth,SBI Mutual Fund,Open Ended Schemes,Equity Scheme - Small Cap Fund,09-04-2024,175.30610
125497,SBI Small Cap Fund - Direct Plan - Growth,SBI Mutual Fund,Open Ended Schemes,Equity Scheme - Small Cap Fund,08-04-2024,175.56460
125497,SBI Small Cap Fund - Direct Plan - Growth,SBI Mutual Fund,Open Ended Schemes,Equity Scheme - Small Cap Fund,05-04-2024,175.35380
125497,SBI Small Cap Fund - Direct Plan - Growth,SBI Mutual Fund,Open Ended Schemes,Equity Scheme - Small Cap Fund,04-04-2024,174.63640
125497,SBI Small Cap Fund - Direct Plan - Growth,SBI Mutual Fund,Open Ended Schemes,Equity Scheme - Small Cap Fund,03-04-2024,173.69260
125497,SBI Small Cap Fund - Direct Plan - Growth,SBI Mutual Fund,Open Ended Schemes,Equity Scheme - Small Cap Fund,02-04-2024,172.32720
125497,SBI Small Cap Fund - Direct Plan - Growth,SBI Mutual Fund,Open Ended Schemes,Equity Scheme - Small Cap Fund,01-04-2024,171.31840
125497,SBI Small Cap Fund - Direct Plan - Growth,SBI Mutual Fund,Open Ended Schemes,Equity Scheme - Small Cap Fund,31-03-2024,167.81360
125497,SBI Small Cap Fund - Direct Plan - Growth,SBI Mutual Fund,Open Ended Schemes,Equity Scheme - Small Cap Fund,28-03-2024,167.81390
125497,SBI Small Cap Fund - Direct Plan - Growth,SBI Mutual Fund,Open Ended Schemes,Equity Scheme - Small Cap Fund,27-03-2024,167.18190
125497,SBI Small Cap Fund - Direct Plan - Growth,SBI Mutual Fund,Open Ended Schemes,Equity Scheme - Small Cap Fund,26-03-2024,166.38440
125497,SBI Small Cap Fund - Direct Plan - Growth,SBI Mutual Fund,Open Ended Schemes,Equity Scheme - Small Cap Fund,22-03-2024,166.58970
125497,SBI Small Cap Fund - Direct Plan - Growth,SBI Mutual Fund,Open Ended Schemes,Equity Scheme - Small Cap Fund,21-03-2024,165.01480
125497,SBI Small Cap Fund - Direct Plan - Growth,SBI Mutual Fund,Open Ended Schemes,Equity Scheme - Small Cap Fund,20-03-2024,162.07690
125497,SBI Small Cap Fund - Direct Plan - Growth,SBI Mutual Fund,Open Ended Schemes,Equity Scheme - Small Cap Fund,19-03-2024,162.38850
125497,SBI Small Cap Fund - Direct Plan - Growth,SBI Mutual Fund,Open Ended Schemes,Equity Scheme - Small Cap Fund,18-03-2024,163.10550
125497,SBI Small Cap Fund - Direct Plan - Growth,SBI Mutual Fund,Open Ended Schemes,Equity Scheme - Small Cap Fund,15-03-2024,162.61570
125497,SBI Small Cap Fund - Direct Plan - Growth,SBI Mutual Fund,Open Ended Schemes,Equity Scheme - Small Cap Fund,14-03-2024,162.56190
125497,SBI Small Cap Fund - Direct Plan - Growth,SBI Mutual Fund,Open Ended Schemes,Equity Scheme - Small Cap Fund,13-03-2024,160.58350
125497,SBI Small Cap Fund - Direct Plan - Growth,SBI Mutual Fund,Open Ended Schemes,Equity Scheme - Small Cap Fund,12-03-2024,166.20620
125497,SBI Small Cap Fund - Direct Plan - Growth,SBI Mutual Fund,Open Ended Schemes,Equity Scheme - Small Cap Fund,11-03-2024,168.47940
125497,SBI Small Cap Fund - Direct Plan - Growth,SBI Mutual Fund,Open Ended Schemes,Equity Scheme - Small Cap Fund,07-03-2024,169.98460
125497,SBI Small Cap Fund - Direct Plan - Growth,SBI Mutual Fund,Open Ended Schemes,Equity Scheme - Small Cap Fund,06-03-2024,168.78030
125497,SBI Small Cap Fund - Direct Plan - Growth,SBI Mutual Fund,Open Ended Schemes,Equity Scheme - Small Cap Fund,05-03-2024,171.44490
125497,SBI Small Cap Fund - Direct Plan - Growth,SBI Mutual Fund,Open Ended Schemes,Equity Scheme - Small Cap Fund,04-03-2024,172.01160
125497,SBI Small Cap Fund - Direct Plan - Growth,SBI Mutual Fund,Open Ended Schemes,Equity Scheme - Small Cap Fund,01-03-2024,171.38620
125497,SBI Small Cap Fund - Direct Plan - Growth,SBI Mutual Fund,Open Ended Schemes,Equity Scheme - Small Cap Fund,29-02-2024,169.96340
125497,SBI Small Cap Fund - Direct Plan - Growth,SBI Mutual Fund,Open Ended Schemes,Equity Scheme - Small Cap Fund,28-02-2024,169.67810
125497,SBI Small Cap Fund - Direct Plan - Growth,SBI Mutual Fund,Open Ended Schemes,Equity Scheme - Small Cap Fund,27-02-2024,171.15060
125497,SBI Small Cap Fund - Direct Plan - Growth,SBI Mutual Fund,Open Ended Schemes,Equity Scheme - Small Cap Fund,26-02-2024,170.77230
125497,SBI Small Cap Fund - Direct Plan - Growth,SBI Mutual Fund,Open Ended Schemes,Equity Scheme - Small Cap Fund,23-02-2024,170.75130
125497,SBI Small Cap Fund - Direct Plan - Growth,SBI Mutual Fund,Open Ended Schemes,Equity Scheme - Small Cap Fund,22-02-2024,169.45300
125497,SBI Small Cap Fund - Direct Plan - Growth,SBI Mutual Fund,Open Ended Schemes,Equity Scheme - Small Cap Fund,21-02-2024,169.26090
125497,SBI Small Cap Fund - Direct Plan - Growth,SBI Mutual Fund,Open Ended Schemes,Equity Scheme - Small Cap Fund,20-02-2024,169.79750
125497,SBI Small Cap Fund - Direct Plan - Growth,SBI Mutual Fund,Open Ended Schemes,Equity Scheme - Small Cap Fund,19-02-2024,169.64210
125497,SBI Small Cap Fund - Direct Plan - Growth,SBI Mutual Fund,Open Ended Schemes,Equity Scheme - Small Cap Fund,16-02-2024,169.68790
125497,SBI Small Cap Fund - Direct Plan - Growth,SBI Mutual Fund,Open Ended Schemes,Equity Scheme - Small Cap Fund,15-02-2024,168.78300
125497,SBI Small Cap Fund - Direct Plan - Growth,SBI Mutual Fund,Open Ended Schemes,Equity Scheme - Small Cap Fund,14-02-2024,168.05510
125497,SBI Small Cap Fund - Direct Plan - Growth,SBI Mutual Fund,Open Ended Schemes,Equity Scheme - Small Cap Fund,13-02-2024,166.35530
125497,SBI Small Cap Fund - Direct Plan - Growth,SBI Mutual Fund,Open Ended Schemes,Equity Scheme - Small Cap Fund,12-02-2024,165.36070
125497,SBI Small Cap Fund - Direct Plan - Growth,SBI Mutual Fund,Open Ended Schemes,Equity Scheme - Small Cap Fund,09-02-2024,168.08130
125497,SBI Small Cap Fund - Direct Plan - Growth,SBI Mutual Fund,Open Ended Schemes,Equity Scheme - Small Cap Fund,08-02-2024,168.68940
125497,SBI Small Cap Fund - Direct Plan - Growth,SBI Mutual Fund,Open Ended Schemes,Equity Scheme - Small Cap Fund,07-02-2024,168.70670
125497,SBI Small Cap Fund - Direct Plan - Growth,SBI Mutual Fund,Open Ended Schemes,Equity Scheme - Small Cap Fund,06-02-2024,168.02770
125497,SBI Small Cap Fund - Direct Plan - Growth,SBI Mutual Fund,Open Ended Schemes,Equity Scheme - Small Cap Fund,05-02-2024,165.80490
125497,SBI Small Cap Fund - Direct Plan - Growth,SBI Mutual Fund,Open Ended Schemes,Equity Scheme - Small Cap Fund,02-02-2024,166.81720
125497,SBI Small Cap Fund - Direct Plan - Growth,SBI Mutual Fund,Open Ended Schemes,Equity Scheme - Small Cap Fund,01-02-2024,166.51910
125497,SBI Small Cap Fund - Direct Plan - Growth,SBI Mutual Fund,Open Ended Schemes,Equity Scheme - Small Cap Fund,31-01-2024,167.08530
125497,SBI Small Cap Fund - Direct Plan - Growth,SBI Mutual Fund,Open Ended Schemes,Equity Scheme - Small Cap Fund,30-01-2024,163.88540
125497,SBI Small Cap Fund - Direct Plan - Growth,SBI Mutual Fund,Open Ended Schemes,Equity Scheme - Small Cap Fund,29-01-2024,164.24300
125497,SBI Small Cap Fund - Direct Plan - Growth,SBI Mutual Fund,Open Ended Schemes,Equity Scheme - Small Cap Fund,25-01-2024,163.06420
125497,SBI Small Cap Fund - Direct Plan - Growth,SBI Mutual Fund,Open Ended Schemes,Equity Scheme - Small Cap Fund,24-01-2024,162.90440
125497,SBI Small Cap Fund - Direct Plan - Growth,SBI Mutual Fund,Open Ended Schemes,Equity Scheme - Small Cap Fund,23-01-2024,161.13050
125497,SBI Small Cap Fund - Direct Plan - Growth,SBI Mutual Fund,Open Ended Schemes,Equity Scheme - Small Cap Fund,19-01-2024,162.83230
125497,SBI Small Cap Fund - Direct Plan - Growth,SBI Mutual Fund,Open Ended Schemes,Equity Scheme - Small Cap Fund,18-01-2024,162.26090
125497,SBI Small Cap Fund - Direct Plan - Growth,SBI Mutual Fund,Open Ended Schemes,Equity Scheme - Small Cap Fund,17-01-2024,162.90310
125497,SBI Small Cap Fund - Direct Plan - Growth,SBI Mutual Fund,Open Ended Schemes,Equity Scheme - Small Cap Fund,16-01-2024,164.43210
125497,SBI Small Cap Fund - Direct Plan - Growth,SBI Mutual Fund,Open Ended Schemes,Equity Scheme - Small Cap Fund,15-01-2024,165.01830
125497,SBI Small Cap Fund - Direct Plan - Growth,SBI Mutual Fund,Open Ended Schemes,Equity Scheme - Small Cap Fund,12-01-2024,164.21060
125497,SBI Small Cap Fund - Direct Plan - Growth,SBI Mutual Fund,Open Ended Schemes,Equity Scheme - Small Cap Fund,11-01-2024,163.71650
125497,SBI Small Cap Fund - Direct Plan - Growth,SBI Mutual Fund,Open Ended Schemes,Equity Scheme - Small Cap Fund,10-01-2024,162.75620
125497,SBI Small Cap Fund - Direct Plan - Growth,SBI Mutual Fund,Open Ended Schemes,Equity Scheme - Small Cap Fund,09-01-2024,162.83110
125497,SBI Small Cap Fund - Direct Plan - Growth,SBI Mutual Fund,Open Ended Schemes,Equity Scheme - Small Cap Fund,08-01-2024,162.59160
125497,SBI Small Cap Fund - Direct Plan - Growth,SBI Mutual Fund,Open Ended Schemes,Equity Scheme - Small Cap Fund,05-01-2024,163.74990
125497,SBI Small Cap Fund - Direct Plan - Growth,SBI Mutual Fund,Open Ended Schemes,Equity Scheme - Small Cap Fund,04-01-2024,162.76090
125497,SBI Small Cap Fund - Direct Plan - Growth,SBI Mutual Fund,Open Ended Schemes,Equity Scheme - Small Cap Fund,03-01-2024,162.10600
125497,SBI Small Cap Fund - Direct Plan - Growth,SBI Mutual Fund,Open Ended Schemes,Equity Scheme - Small Cap Fund,02-01-2024,162.06460
125497,SBI Small Cap Fund - Direct Plan - Growth,SBI Mutual Fund,Open Ended Schemes,Equity Scheme - Small Cap Fund,01-01-2024,161.42720
125497,SBI Small Cap Fund - Direct Plan - Growth,SBI Mutual Fund,Open Ended Schemes,Equity Scheme - Small Cap Fund,29-12-2023,161.23570
125497,SBI Small Cap Fund - Direct Plan - Growth,SBI Mutual Fund,Open Ended Schemes,Equity Scheme - Small Cap Fund,28-12-2023,159.96250
125497,SBI Small Cap Fund - Direct Plan - Growth,SBI Mutual Fund,Open Ended Schemes,Equity Scheme - Small Cap Fund,27-12-2023,159.80290
125497,SBI Small Cap Fund - Direct Plan - Growth,SBI Mutual Fund,Open Ended Schemes,Equity Scheme - Small Cap Fund,26-12-2023,159.32410
125497,SBI Small Cap Fund - Direct Plan - Growth,SBI Mutual Fund,Open Ended Schemes,Equity Scheme - Small Cap Fund,22-12-2023,159.20230
125497,SBI Small Cap Fund - Direct Plan - Growth,SBI Mutual Fund,Open Ended Schemes,Equity Scheme - Small Cap Fund,21-12-2023,158.63270
125497,SBI Small Cap Fund - Direct Plan - Growth,SBI Mutual Fund,Open Ended Schemes,Equity Scheme - Small Cap Fund,20-12-2023,157.12700
125497,SBI Small Cap Fund - Direct Plan - Growth,SBI Mutual Fund,Open Ended Schemes,Equity Scheme - Small Cap Fund,19-12-2023,161.06180
125497,SBI Small Cap Fund - Direct Plan - Growth,SBI Mutual Fund,Open Ended Schemes,Equity Scheme - Small Cap Fund,18-12-2023,161.43560
125497,SBI Small Cap Fund - Direct Plan - Growth,SBI Mutual Fund,Open Ended Schemes,Equity Scheme - Small Cap Fund,15-12-2023,161.54280
125497,SBI Small Cap Fund - Direct Plan - Growth,SBI Mutual Fund,Open Ended Schemes,Equity Scheme - Small Cap Fund,14-12-2023,161.06090
125497,SBI Small Cap Fund - Direct Plan - Growth,SBI Mutual Fund,Open Ended Schemes,Equity Scheme - Small Cap Fund,13-12-2023,159.94020
125497,SBI Small Cap Fund - Direct Plan - Growth,SBI Mutual Fund,Open Ended Schemes,Equity Scheme - Small Cap Fund,12-12-2023,159.44360
125497,SBI Small Cap Fund - Direct Plan - Growth,SBI Mutual Fund,Open Ended Schemes,Equity Scheme - Small Cap Fund,11-12-2023,159.79540
125497,SBI Small Cap Fund - Direct Plan - Growth,SBI Mutual Fund,Open Ended Schemes,Equity Scheme - Small Cap Fund,08-12-2023,159.55530
125497,SBI Small Cap Fund - Direct Plan - Growth,SBI Mutual Fund,Open Ended Schemes,Equity Scheme - Small Cap Fund,07-12-2023,159.95680
125497,SBI Small Cap Fund - Direct Plan - Growth,SBI Mutual Fund,Open Ended Schemes,Equity Scheme - Small Cap Fund,06-12-2023,159.48490
125497,SBI Small Cap Fund - Direct Plan - Growth,SBI Mutual Fund,Open Ended Schemes,Equity Scheme - Small Cap Fund,05-12-2023,159.50410
125497,SBI Small Cap Fund - Direct Plan - Growth,SBI Mutual Fund,Open Ended Schemes,Equity Scheme - Small Cap Fund,04-12-2023,158.81010
125497,SBI Small Cap Fund - Direct Plan - Growth,SBI Mutual Fund,Open Ended Schemes,Equity Scheme - Small Cap Fund,01-12-2023,157.41760
125497,SBI Small Cap Fund - Direct Plan - Growth,SBI Mutual Fund,Open Ended Schemes,Equity Scheme - Small Cap Fund,30-11-2023,157.43140
125497,SBI Small Cap Fund - Direct Plan - Growth,SBI Mutual Fund,Open Ended Schemes,Equity Scheme - Small Cap Fund,29-11-2023,155.71050
125497,SBI Small Cap Fund - Direct Plan - Growth,SBI Mutual Fund,Open Ended Schemes,Equity Scheme - Small Cap Fund,28-11-2023,155.64510
125497,SBI Small Cap Fund - Direct Plan - Growth,SBI Mutual Fund,Open Ended Schemes,Equity Scheme - Small Cap Fund,24-11-2023,154.68300
125497,SBI Small Cap Fund - Direct Plan - Growth,SBI Mutual Fund,Open Ended Schemes,Equity Scheme - Small Cap Fund,23-11-2023,154.39260
125497,SBI Small Cap Fund - Direct Plan - Growth,SBI Mutual Fund,Open Ended Schemes,Equity Scheme - Small Cap Fund,22-11-2023,154.43410
125497,SBI Small Cap Fund - Direct Plan - Growth,SBI Mutual Fund,Open Ended Schemes,Equity Scheme - Small Cap Fund,21-11-2023,154.97010
125497,SBI Small Cap Fund - Direct Plan - Growth,SBI Mutual Fund,Open Ended Schemes,Equity Scheme - Small Cap Fund,20-11-2023,153.98730
125497,SBI Small Cap Fund - Direct Plan - Growth,SBI Mutual Fund,Open Ended Schemes,Equity Scheme - Small Cap Fund,17-11-2023,153.40800
125497,SBI Small Cap Fund - Direct Plan - Growth,SBI Mutual Fund,Open Ended Schemes,Equity Scheme - Small Cap Fund,16-11-2023,152.83770
125497,SBI Small Cap Fund - Direct Plan - Growth,SBI Mutual Fund,Open Ended Schemes,Equity Scheme - Small Cap Fund,15-11-2023,152.73980
125497,SBI Small Cap Fund - Direct Plan - Growth,SBI Mutual Fund,Open Ended Schemes,Equity Scheme - Small Cap Fund,13-11-2023,151.31400
125497,SBI Small Cap Fund - Direct Plan - Growth,SBI Mutual Fund,Open Ended Schemes,Equity Scheme - Small Cap Fund,10-11-2023,150.57810
125497,SBI Small Cap Fund - Direct Plan - Growth,SBI Mutual Fund,Open Ended Schemes,Equity Scheme - Small Cap Fund,09-11-2023,150.39980
125497,SBI Small Cap Fund - Direct Plan - Growth,SBI Mutual Fund,Open Ended Schemes,Equity Scheme - Small Cap Fund,08-11-2023,150.53310
125497,SBI Small Cap Fund - Direct Plan - Growth,SBI Mutual Fund,Open Ended Schemes,Equity Scheme - Small Cap Fund,07-11-2023,150.04940
125497,SBI Small Cap Fund - Direct Plan - Growth,SBI Mutual Fund,Open Ended Schemes,Equity Scheme - Small Cap Fund,06-11-2023,149.59200
125497,SBI Small Cap Fund - Direct Plan - Growth,SBI Mutual Fund,Open Ended Schemes,Equity Scheme - Small Cap Fund,03-11-2023,148.72050
125497,SBI Small Cap Fund - Direct Plan - Growth,SBI Mutual Fund,Open Ended Schemes,Equity Scheme - Small Cap Fund,02-11-2023,147.81920
125497,SBI Small Cap Fund - Direct Plan - Growth,SBI Mutual Fund,Open Ended Schemes,Equity Scheme - Small Cap Fund,01-11-2023,147.15460
125497,SBI Small Cap Fund - Direct Plan - Growth,SBI Mutual Fund,Open Ended Schemes,Equity Scheme - Small Cap Fund,31-10-2023,147.56260
125497,SBI Small Cap Fund - Direct Plan - Growth,SBI Mutual Fund,Open Ended Schemes,Equity Scheme - Small Cap Fund,30-10-2023,147.19740
125497,SBI Small Cap Fund - Direct Plan - Growth,SBI Mutual Fund,Open Ended Schemes,Equity Scheme - Small Cap Fund,27-10-2023,147.27930
125497,SBI Small Cap Fund - Direct Plan - Growth,SBI Mutual Fund,Open Ended Schemes,Equity Scheme - Small Cap Fund,26-10-2023,145.45300
125497,SBI Small Cap Fund - Direct Plan - Growth,SBI Mutual Fund,Open Ended Schemes,Equity Scheme - Small Cap Fund,25-10-2023,146.78620
125497,SBI Small Cap Fund - Direct Plan - Growth,SBI Mutual Fund,Open Ended Schemes,Equity Scheme - Small Cap Fund,23-10-2023,148.01860
125497,SBI Small Cap Fund - Direct Plan - Growth,SBI Mutual Fund,Open Ended Schemes,Equity Scheme - Small Cap Fund,20-10-2023,152.89160
125497,SBI Small Cap Fund - Direct Plan - Growth,SBI Mutual Fund,Open Ended Schemes,Equity Scheme - Small Cap Fund,19-10-2023,153.63700
125497,SBI Small Cap Fund - Direct Plan - Growth,SBI Mutual Fund,Open Ended Schemes,Equity Scheme - Small Cap Fund,18-10-2023,153.62520
125497,SBI Small Cap Fund - Direct Plan - Growth,SBI Mutual Fund,Open Ended Schemes,Equity Scheme - Small Cap Fund,17-10-2023,153.48660
125497,SBI Small Cap Fund - Direct Plan - Growth,SBI Mutual Fund,Open Ended Schemes,Equity Scheme - Small Cap Fund,16-10-2023,152.97470
125497,SBI Small Cap Fund - Direct Plan - Growth,SBI Mutual Fund,Open Ended Schemes,Equity Scheme - Small Cap Fund,13-10-2023,151.99220
125497,SBI Small Cap Fund - Direct Plan - Growth,SBI Mutual Fund,Open Ended Schemes,Equity Scheme - Small Cap Fund,12-10-2023,152.01910
125497,SBI Small Cap Fund - Direct Plan - Growth,SBI Mutual Fund,Open Ended Schemes,Equity Scheme - Small Cap Fund,11-10-2023,151.72290
125497,SBI Small Cap Fund - Direct Plan - Growth,SBI Mutual Fund,Open Ended Schemes,Equity Scheme - Small Cap Fund,10-10-2023,150.85630
125497,SBI Small Cap Fund - Direct Plan - Growth,SBI Mutual Fund,Open Ended Schemes,Equity Scheme - Small Cap Fund,09-10-2023,149.68450
125497,SBI Small Cap Fund - Direct Plan - Growth,SBI Mutual Fund,Open Ended Schemes,Equity Scheme - Small Cap Fund,06-10-2023,151.72000
125497,SBI Small Cap Fund - Direct Plan - Growth,SBI Mutual Fund,Open Ended Schemes,Equity Scheme - Small Cap Fund,05-10-2023,151.05840
125497,SBI Small Cap Fund - Direct Plan - Growth,SBI Mutual Fund,Open Ended Schemes,Equity Scheme - Small Cap Fund,04-10-2023,150.84800
125497,SBI Small Cap Fund - Direct Plan - Growth,SBI Mutual Fund,Open Ended Schemes,Equity Scheme - Small Cap Fund,03-10-2023,151.72950
125497,SBI Small Cap Fund - Direct Plan - Growth,SBI Mutual Fund,Open Ended Schemes,Equity Scheme - Small Cap Fund,29-09-2023,151.24970
125497,SBI Small Cap Fund - Direct Plan - Growth,SBI Mutual Fund,Open Ended Schemes,Equity Scheme - Small Cap Fund,27-09-2023,151.75530
125497,SBI Small Cap Fund - Direct Plan - Growth,SBI Mutual Fund,Open Ended Schemes,Equity Scheme - Small Cap Fund,26-09-2023,151.15260
125497,SBI Small Cap Fund - Direct Plan - Growth,SBI Mutual Fund,Open Ended Schemes,Equity Scheme - Small Cap Fund,25-09-2023,151.19660
125497,SBI Small Cap Fund - Direct Plan - Growth,SBI Mutual Fund,Open Ended Schemes,Equity Scheme - Small Cap Fund,22-09-2023,151.25970
125497,SBI Small Cap Fund - Direct Plan - Growth,SBI Mutual Fund,Open Ended Schemes,Equity Scheme - Small Cap Fund,21-09-2023,150.82720
125497,SBI Small Cap Fund - Direct Plan - Growth,SBI Mutual Fund,Open Ended Schemes,Equity Scheme - Small Cap Fund,20-09-2023,152.93130
125497,SBI Small Cap Fund - Direct Plan - Growth,SBI Mutual Fund,Open Ended Schemes,Equity Scheme - Small Cap Fund,18-09-2023,152.70610
125497,SBI Small Cap Fund - Direct Plan - Growth,SBI Mutual Fund,Open Ended Schemes,Equity Scheme - Small Cap Fund,15-09-2023,153.19300
125497,SBI Small Cap Fund - Direct Plan - Growth,SBI Mutual Fund,Open Ended Schemes,Equity Scheme - Small Cap Fund,14-09-2023,153.13890
125497,SBI Small Cap Fund - Direct Plan - Growth,SBI Mutual Fund,Open Ended Schemes,Equity Scheme - Small Cap Fund,13-09-2023,151.90550
125497,SBI Small Cap Fund - Direct Plan - Growth,SBI Mutual Fund,Open Ended Schemes,Equity Scheme - Small Cap Fund,12-09-2023,151.65830
125497,SBI Small Cap Fund - Direct Plan - Growth,SBI Mutual Fund,Open Ended Schemes,Equity Scheme - Small Cap Fund,11-09-2023,154.99080
125497,SBI Small Cap Fund - Direct Plan - Growth,SBI Mutual Fund,Open Ended Schemes,Equity Scheme - Small Cap Fund,08-09-2023,153.84310
125497,SBI Small Cap Fund - Direct Plan - Growth,SBI Mutual Fund,Open Ended Schemes,Equity Scheme - Small Cap Fund,07-09-2023,153.15100
125497,SBI Small Cap Fund - Direct Plan - Growth,SBI Mutual Fund,Open Ended Schemes,Equity Scheme - Small Cap Fund,06-09-2023,151.61470
125497,SBI Small Cap Fund - Direct Plan - Growth,SBI Mutual Fund,Open Ended Schemes,Equity Scheme - Small Cap Fund,05-09-2023,151.76550
125497,SBI Small Cap Fund - Direct Plan - Growth,SBI Mutual Fund,Open Ended Schemes,Equity Scheme - Small Cap Fund,04-09-2023,151.57480
125497,SBI Small Cap Fund - Direct Plan - Growth,SBI Mutual Fund,Open Ended Schemes,Equity Scheme - Small Cap Fund,01-09-2023,150.41260
125497,SBI Small Cap Fund - Direct Plan - Growth,SBI Mutual Fund,Open Ended Schemes,Equity Scheme - Small Cap Fund,31-08-2023,150.23060
125497,SBI Small Cap Fund - Direct Plan - Growth,SBI Mutual Fund,Open Ended Schemes,Equity Scheme - Small Cap Fund,30-08-2023,149.28840
125497,SBI Small Cap Fund - Direct Plan - Growth,SBI Mutual Fund,Open Ended Schemes,Equity Scheme - Small Cap Fund,29-08-2023,148.56920
125497,SBI Small Cap Fund - Direct Plan - Growth,SBI Mutual Fund,Open Ended Schemes,Equity Scheme - Small Cap Fund,28-08-2023,148.10740
125497,SBI Small Cap Fund - Direct Plan - Growth,SBI Mutual Fund,Open Ended Schemes,Equity Scheme - Small Cap Fund,25-08-2023,147.08850
125497,SBI Small Cap Fund - Direct Plan - Growth,SBI Mutual Fund,Open Ended Schemes,Equity Scheme - Small Cap Fund,24-08-2023,147.62330
125497,SBI Small Cap Fund - Direct Plan - Growth,SBI Mutual Fund,Open Ended Schemes,Equity Scheme - Small Cap Fund,23-08-2023,147.66660
125497,SBI Small Cap Fund - Direct Plan - Growth,SBI Mutual Fund,Open Ended Schemes,Equity Scheme - Small Cap Fund,22-08-2023,147.42070
125497,SBI Small Cap Fund - Direct Plan - Growth,SBI Mutual Fund,Open Ended Schemes,Equity Scheme - Small Cap Fund,21-08-2023,145.96920
125497,SBI Small Cap Fund - Direct Plan - Growth,SBI Mutual Fund,Open Ended Schemes,Equity Scheme - Small Cap Fund,18-08-2023,145.49760
125497,SBI Small Cap Fund - Direct Plan - Growth,SBI Mutual Fund,Open Ended Schemes,Equity Scheme - Small Cap Fund,17-08-2023,145.50100
125497,SBI Small Cap Fund - Direct Plan - Growth,SBI Mutual Fund,Open Ended Schemes,Equity Scheme - Small Cap Fund,16-08-2023,145.84700
125497,SBI Small Cap Fund - Direct Plan - Growth,SBI Mutual Fund,Open Ended Schemes,Equity Scheme - Small Cap Fund,14-08-2023,145.33910
125497,SBI Small Cap Fund - Direct Plan - Growth,SBI Mutual Fund,Open Ended Schemes,Equity Scheme - Small Cap Fund,11-08-2023,145.58810
125497,SBI Small Cap Fund - Direct Plan - Growth,SBI Mutual Fund,Open Ended Schemes,Equity Scheme - Small Cap Fund,10-08-2023,145.47230
125497,SBI Small Cap Fund - Direct Plan - Growth,SBI Mutual Fund,Open Ended Schemes,Equity Scheme - Small Cap Fund,09-08-2023,146.32930
125497,SBI Small Cap Fund - Direct Plan - Growth,SBI Mutual Fund,Open Ended Schemes,Equity Scheme - Small Cap Fund,08-08-2023,145.50020
125497,SBI Small Cap Fund - Direct Plan - Growth,SBI Mutual Fund,Open Ended Schemes,Equity Scheme - Small Cap Fund,07-08-2023,145.72720
125497,SBI Small Cap Fund - Direct Plan - Growth,SBI Mutual Fund,Open Ended Schemes,Equity Scheme - Small Cap Fund,04-08-2023,145.71290
125497,SBI Small Cap Fund - Direct Plan - Growth,SBI Mutual Fund,Open Ended Schemes,Equity Scheme - Small Cap Fund,03-08-2023,145.07950
125497,SBI Small Cap Fund - Direct Plan - Growth,SBI Mutual Fund,Open Ended Schemes,Equity Scheme - Small Cap Fund,02-08-2023,145.42340
125497,SBI Small Cap Fund - Direct Plan - Growth,SBI Mutual Fund,Open Ended Schemes,Equity Scheme - Small Cap Fund,01-08-2023,146.74570
125497,SBI Small Cap Fund - Direct Plan - Growth,SBI Mutual Fund,Open Ended Schemes,Equity Scheme - Small Cap Fund,31-07-2023,146.15820
125497,SBI Small Cap Fund - Direct Plan - Growth,SBI Mutual Fund,Open Ended Schemes,Equity Scheme - Small Cap Fund,28-07-2023,144.58240
125497,SBI Small Cap Fund - Direct Plan - Growth,SBI Mutual Fund,Open Ended Schemes,Equity Scheme - Small Cap Fund,27-07-2023,143.83590
125497,SBI Small Cap Fund - Direct Plan - Growth,SBI Mutual Fund,Open Ended Schemes,Equity Scheme - Small Cap Fund,26-07-2023,143.61880
125497,SBI Small Cap Fund - Direct Plan - Growth,SBI Mutual Fund,Open Ended Schemes,Equity Scheme - Small Cap Fund,25-07-2023,143.18630
125497,SBI Small Cap Fund - Direct Plan - Growth,SBI Mutual Fund,Open Ended Schemes,Equity Scheme - Small Cap Fund,24-07-2023,143.18320
125497,SBI Small Cap Fund - Direct Plan - Growth,SBI Mutual Fund,Open Ended Schemes,Equity Scheme - Small Cap Fund,21-07-2023,142.80640
125497,SBI Small Cap Fund - Direct Plan - Growth,SBI Mutual Fund,Open Ended Schemes,Equity Scheme - Small Cap Fund,20-07-2023,143.06150
125497,SBI Small Cap Fund - Direct Plan - Growth,SBI Mutual Fund,Open Ended Schemes,Equity Scheme - Small Cap Fund,19-07-2023,142.43170
125497,SBI Small Cap Fund - Direct Plan - Growth,SBI Mutual Fund,Open Ended Schemes,Equity Scheme - Small Cap Fund,18-07-2023,141.89480
125497,SBI Small Cap Fund - Direct Plan - Growth,SBI Mutual Fund,Open Ended Schemes,Equity Scheme - Small Cap Fund,17-07-2023,142.20500
125497,SBI Small Cap Fund - Direct Plan - Growth,SBI Mutual Fund,Open Ended Schemes,Equity Scheme - Small Cap Fund,14-07-2023,141.09830
125497,SBI Small Cap Fund - Direct Plan - Growth,SBI Mutual Fund,Open Ended Schemes,Equity Scheme - Small Cap Fund,13-07-2023,140.34480
125497,SBI Small Cap Fund - Direct Plan - Growth,SBI Mutual Fund,Open Ended Schemes,Equity Scheme - Small Cap Fund,12-07-2023,140.80360
125497,SBI Small Cap Fund - Direct Plan - Growth,SBI Mutual Fund,Open Ended Schemes,Equity Scheme - Small Cap Fund,11-07-2023,139.90540
125497,SBI Small Cap Fund - Direct Plan - Growth,SBI Mutual Fund,Open Ended Schemes,Equity Scheme - Small Cap Fund,10-07-2023,139.47430
125497,SBI Small Cap Fund - Direct Plan - Growth,SBI Mutual Fund,Open Ended Schemes,Equity Scheme - Small Cap Fund,07-07-2023,139.51120
125497,SBI Small Cap Fund - Direct Plan - Growth,SBI Mutual Fund,Open Ended Schemes,Equity Scheme - Small Cap Fund,06-07-2023,139.62780
125497,SBI Small Cap Fund - Direct Plan - Growth,SBI Mutual Fund,Open Ended Schemes,Equity Scheme - Small Cap Fund,05-07-2023,138.95790
125497,SBI Small Cap Fund - Direct Plan - Growth,SBI Mutual Fund,Open Ended Schemes,Equity Scheme - Small Cap Fund,04-07-2023,138.28760
125497,SBI Small Cap Fund - Direct Plan - Growth,SBI Mutual Fund,Open Ended Schemes,Equity Scheme - Small Cap Fund,03-07-2023,138.67420
125497,SBI Small Cap Fund - Direct Plan - Growth,SBI Mutual Fund,Open Ended Schemes,Equity Scheme - Small Cap Fund,30-06-2023,138.08830
125497,SBI Small Cap Fund - Direct Plan - Growth,SBI Mutual Fund,Open Ended Schemes,Equity Scheme - Small Cap Fund,28-06-2023,137.56100
125497,SBI Small Cap Fund - Direct Plan - Growth,SBI Mutual Fund,Open Ended Schemes,Equity Scheme - Small Cap Fund,27-06-2023,137.51730
125497,SBI Small Cap Fund - Direct Plan - Growth,SBI Mutual Fund,Open Ended Schemes,Equity Scheme - Small Cap Fund,26-06-2023,137.17380
125497,SBI Small Cap Fund - Direct Plan - Growth,SBI Mutual Fund,Open Ended Schemes,Equity Scheme - Small Cap Fund,23-06-2023,136.35240
125497,SBI Small Cap Fund - Direct Plan - Growth,SBI Mutual Fund,Open Ended Schemes,Equity Scheme - Small Cap Fund,22-06-2023,137.25140
125497,SBI Small Cap Fund - Direct Plan - Growth,SBI Mutual Fund,Open Ended Schemes,Equity Scheme - Small Cap Fund,21-06-2023,137.85180
125497,SBI Small Cap Fund - Direct Plan - Growth,SBI Mutual Fund,Open Ended Schemes,Equity Scheme - Small Cap Fund,20-06-2023,137.38780
125497,SBI Small Cap Fund - Direct Plan - Growth,SBI Mutual Fund,Open Ended Schemes,Equity Scheme - Small Cap Fund,19-06-2023,137.02580
125497,SBI Small Cap Fund - Direct Plan - Growth,SBI Mutual Fund,Open Ended Schemes,Equity Scheme - Small Cap Fund,16-06-2023,137.26180
125497,SBI Small Cap Fund - Direct Plan - Growth,SBI Mutual Fund,Open Ended Schemes,Equity Scheme - Small Cap Fund,15-06-2023,136.67750
125497,SBI Small Cap Fund - Direct Plan - Growth,SBI Mutual Fund,Open Ended Schemes,Equity Scheme - Small Cap Fund,14-06-2023,136.54230
125497,SBI Small Cap Fund - Direct Plan - Growth,SBI Mutual Fund,Open Ended Schemes,Equity Scheme - Small Cap Fund,13-06-2023,135.98440
125497,SBI Small Cap Fund - Direct Plan - Growth,SBI Mutual Fund,Open Ended Schemes,Equity Scheme - Small Cap Fund,12-06-2023,134.70180
125497,SBI Small Cap Fund - Direct Plan - Growth,SBI Mutual Fund,Open Ended Schemes,Equity Scheme - Small Cap Fund,09-06-2023,134.11180
125497,SBI Small Cap Fund - Direct Plan - Growth,SBI Mutual Fund,Open Ended Schemes,Equity Scheme - Small Cap Fund,08-06-2023,134.56460
125497,SBI Small Cap Fund - Direct Plan - Growth,SBI Mutual Fund,Open Ended Schemes,Equity Scheme - Small Cap Fund,07-06-2023,134.98550
125497,SBI Small Cap Fund - Direct Plan - Growth,SBI Mutual Fund,Open Ended Schemes,Equity Scheme - Small Cap Fund,06-06-2023,133.57340
125497,SBI Small Cap Fund - Direct Plan - Growth,SBI Mutual Fund,Open Ended Schemes,Equity Scheme - Small Cap Fund,05-06-2023,133.11770
125497,SBI Small Cap Fund - Direct Plan - Growth,SBI Mutual Fund,Open Ended Schemes,Equity Scheme - Small Cap Fund,02-06-2023,132.61400
125497,SBI Small Cap Fund - Direct Plan - Growth,SBI Mutual Fund,Open Ended Schemes,Equity Scheme - Small Cap Fund,01-06-2023,132.33410
125497,SBI Small Cap Fund - Direct Plan - Growth,SBI Mutual Fund,Open Ended Schemes,Equity Scheme - Small Cap Fund,31-05-2023,132.29130
125497,SBI Small Cap Fund - Direct Plan - Growth,SBI Mutual Fund,Open Ended Schemes,Equity Scheme - Small Cap Fund,30-05-2023,131.90120
125497,SBI Small Cap Fund - Direct Plan - Growth,SBI Mutual Fund,Open Ended Schemes,Equity Scheme - Small Cap Fund,29-05-2023,131.71390
125497,SBI Small Cap Fund - Direct Plan - Growth,SBI Mutual Fund,Open Ended Schemes,Equity Scheme - Small Cap Fund,26-05-2023,131.58210
125497,SBI Small Cap Fund - Direct Plan - Growth,SBI Mutual Fund,Open Ended Schemes,Equity Scheme - Small Cap Fund,25-05-2023,131.16350
125497,SBI Small Cap Fund - Direct Plan - Growth,SBI Mutual Fund,Open Ended Schemes,Equity Scheme - Small Cap Fund,24-05-2023,130.98640
125497,SBI Small Cap Fund - Direct Plan - Growth,SBI Mutual Fund,Open Ended Schemes,Equity Scheme - Small Cap Fund,23-05-2023,130.87000
125497,SBI Small Cap Fund - Direct Plan - Growth,SBI Mutual Fund,Open Ended Schemes,Equity Scheme - Small Cap Fund,22-05-2023,131.12640
125497,SBI Small Cap Fund - Direct Plan - Growth,SBI Mutual Fund,Open Ended Schemes,Equity Scheme - Small Cap Fund,19-05-2023,130.23830
125497,SBI Small Cap Fund - Direct Plan - Growth,SBI Mutual Fund,Open Ended Schemes,Equity Scheme - Small Cap Fund,18-05-2023,130.64470
125497,SBI Small Cap Fund - Direct Plan - Growth,SBI Mutual Fund,Open Ended Schemes,Equity Scheme - Small Cap Fund,17-05-2023,130.56820
125497,SBI Small Cap Fund - Direct Plan - Growth,SBI Mutual Fund,Open Ended Schemes,Equity Scheme - Small Cap Fund,16-05-2023,130.81270
125497,SBI Small Cap Fund - Direct Plan - Growth,SBI Mutual Fund,Open Ended Schemes,Equity Scheme - Small Cap Fund,15-05-2023,130.52590
125497,SBI Small Cap Fund - Direct Plan - Growth,SBI Mutual Fund,Open Ended Schemes,Equity Scheme - Small Cap Fund,12-05-2023,130.14330
125497,SBI Small Cap Fund - Direct Plan - Growth,SBI Mutual Fund,Open Ended Schemes,Equity Scheme - Small Cap Fund,11-05-2023,130.28510
125497,SBI Small Cap Fund - Direct Plan - Growth,SBI Mutual Fund,Open Ended Schemes,Equity Scheme - Small Cap Fund,10-05-2023,129.45460
125497,SBI Small Cap Fund - Direct Plan - Growth,SBI Mutual Fund,Open Ended Schemes,Equity Scheme - Small Cap Fund,09-05-2023,128.82740
125497,SBI Small Cap Fund - Direct Plan - Growth,SBI Mutual Fund,Open Ended Schemes,Equity Scheme - Small Cap Fund,08-05-2023,128.98770
125497,SBI Small Cap Fund - Direct Plan - Growth,SBI Mutual Fund,Open Ended Schemes,Equity Scheme - Small Cap Fund,05-05-2023,127.73710
125497,SBI Small Cap Fund - Direct Plan - Growth,SBI Mutual Fund,Open Ended Schemes,Equity Scheme - Small Cap Fund,04-05-2023,128.18460
125497,SBI Small Cap Fund - Direct Plan - Growth,SBI Mutual Fund,Open Ended Schemes,Equity Scheme - Small Cap Fund,03-05-2023,127.49300
125497,SBI Small Cap Fund - Direct Plan - Growth,SBI Mutual Fund,Open Ended Schemes,Equity Scheme - Small Cap Fund,02-05-2023,127.35450
125497,SBI Small Cap Fund - Direct Plan - Growth,SBI Mutual Fund,Open Ended Schemes,Equity Scheme - Small Cap Fund,28-04-2023,127.17120
125497,SBI Small Cap Fund - Direct Plan - Growth,SBI Mutual Fund,Open Ended Schemes,Equity Scheme - Small Cap Fund,27-04-2023,126.33800
125497,SBI Small Cap Fund - Direct Plan - Growth,SBI Mutual Fund,Open Ended Schemes,Equity Scheme - Small Cap Fund,26-04-2023,125.86180
125497,SBI Small Cap Fund - Direct Plan - Growth,SBI Mutual Fund,Open Ended Schemes,Equity Scheme - Small Cap Fund,25-04-2023,125.39490
125497,SBI Small Cap Fund - Direct Plan - Growth,SBI Mutual Fund,Open Ended Schemes,Equity Scheme - Small Cap Fund,24-04-2023,125.37200
125497,SBI Small Cap Fund - Direct Plan - Growth,SBI Mutual Fund,Open Ended Schemes,Equity Scheme - Small Cap Fund,21-04-2023,125.22840
125497,SBI Small Cap Fund - Direct Plan - Growth,SBI Mutual Fund,Open Ended Schemes,Equity Scheme - Small Cap Fund,20-04-2023,125.37920
125497,SBI Small Cap Fund - Direct Plan - Growth,SBI Mutual Fund,Open Ended Schemes,Equity Scheme - Small Cap Fund,19-04-2023,124.62460
125497,SBI Small Cap Fund - Direct Plan - Growth,SBI Mutual Fund,Open Ended Schemes,Equity Scheme - Small Cap Fund,18-04-2023,124.32440
125497,SBI Small Cap Fund - Direct Plan - Growth,SBI Mutual Fund,Open Ended Schemes,Equity Scheme - Small Cap Fund,17-04-2023,124.27280
125497,SBI Small Cap Fund - Direct Plan - Growth,SBI Mutual Fund,Open Ended Schemes,Equity Scheme - Small Cap Fund,13-04-2023,123.99110
125497,SBI Small Cap Fund - Direct Plan - Growth,SBI Mutual Fund,Open Ended Schemes,Equity Scheme - Small Cap Fund,12-04-2023,123.68080
125497,SBI Small Cap Fund - Direct Plan - Growth,SBI Mutual Fund,Open Ended Schemes,Equity Scheme - Small Cap Fund,11-04-2023,123.22150
125497,SBI Small Cap Fund - Direct Plan - Growth,SBI Mutual Fund,Open Ended Schemes,Equity Scheme - Small Cap Fund,10-04-2023,122.94160
125497,SBI Small Cap Fund - Direct Plan - Growth,SBI Mutual Fund,Open Ended Schemes,Equity Scheme - Small Cap Fund,06-04-2023,122.78110
125497,SBI Small Cap Fund - Direct Plan - Growth,SBI Mutual Fund,Open Ended Schemes,Equity Scheme - Small Cap Fund,05-04-2023,122.62120
125497,SBI Small Cap Fund - Direct Plan - Growth,SBI Mutual Fund,Open Ended Schemes,Equity Scheme - Small Cap Fund,03-04-2023,122.12710
125497,SBI Small Cap Fund - Direct Plan - Growth,SBI Mutual Fund,Open Ended Schemes,Equity Scheme - Small Cap Fund,31-03-2023,121.71440
125497,SBI Small Cap Fund - Direct Plan - Growth,SBI Mutual Fund,Open Ended Schemes,Equity Scheme - Small Cap Fund,29-03-2023,120.03710
125497,SBI Small Cap Fund - Direct Plan - Growth,SBI Mutual Fund,Open Ended Schemes,Equity Scheme - Small Cap Fund,28-03-2023,118.30580
125497,SBI Small Cap Fund - Direct Plan - Growth,SBI Mutual Fund,Open Ended Schemes,Equity Scheme - Small Cap Fund,27-03-2023,119.38300
125497,SBI Small Cap Fund - Direct Plan - Growth,SBI Mutual Fund,Open Ended Schemes,Equity Scheme - Small Cap Fund,24-03-2023,120.27450
125497,SBI Small Cap Fund - Direct Plan - Growth,SBI Mutual Fund,Open Ended Schemes,Equity Scheme - Small Cap Fund,23-03-2023,121.70650
125497,SBI Small Cap Fund - Direct Plan - Growth,SBI Mutual Fund,Open Ended Schemes,Equity Scheme - Small Cap Fund,22-03-2023,121.41560
125497,SBI Small Cap Fund - Direct Plan - Growth,SBI Mutual Fund,Open Ended Schemes,Equity Scheme - Small Cap Fund,21-03-2023,120.99530
125497,SBI Small Cap Fund - Direct Plan - Growth,SBI Mutual Fund,Open Ended Schemes,Equity Scheme - Small Cap Fund,20-03-2023,120.33440
125497,SBI Small Cap Fund - Direct Plan - Growth,SBI Mutual Fund,Open Ended Schemes,Equity Scheme - Small Cap Fund,17-03-2023,121.44600
125497,SBI Small Cap Fund - Direct Plan - Growth,SBI Mutual Fund,Open Ended Schemes,Equity Scheme - Small Cap Fund,16-03-2023,120.94170
125497,SBI Small Cap Fund - Direct Plan - Growth,SBI Mutual Fund,Open Ended Schemes,Equity Scheme - Small Cap Fund,15-03-2023,121.86050
125497,SBI Small Cap Fund - Direct Plan - Growth,SBI Mutual Fund,Open Ended Schemes,Equity Scheme - Small Cap Fund,14-03-2023,121.75290
125497,SBI Small Cap Fund - Direct Plan - Growth,SBI Mutual Fund,Open Ended Schemes,Equity Scheme - Small Cap Fund,13-03-2023,122.77710
125497,SBI Small Cap Fund - Direct Plan - Growth,SBI Mutual Fund,Open Ended Schemes,Equity Scheme - Small Cap Fund,10-03-2023,124.21100
125497,SBI Small Cap Fund - Direct Plan - Growth,SBI Mutual Fund,Open Ended Schemes,Equity Scheme - Small Cap Fund,09-03-2023,124.55020
125497,SBI Small Cap Fund - Direct Plan - Growth,SBI Mutual Fund,Open Ended Schemes,Equity Scheme - Small Cap Fund,08-03-2023,124.74690
125497,SBI Small Cap Fund - Direct Plan - Growth,SBI Mutual Fund,Open Ended Schemes,Equity Scheme - Small Cap Fund,06-03-2023,124.83390
125497,SBI Small Cap Fund - Direct Plan - Growth,SBI Mutual Fund,Open Ended Schemes,Equity Scheme - Small Cap Fund,03-03-2023,123.94810
125497,SBI Small Cap Fund - Direct Plan - Growth,SBI Mutual Fund,Open Ended Schemes,Equity Scheme - Small Cap Fund,02-03-2023,123.39930
125497,SBI Small Cap Fund - Direct Plan - Growth,SBI Mutual Fund,Open Ended Schemes,Equity Scheme - Small Cap Fund,01-03-2023,123.66500
125497,SBI Small Cap Fund - Direct Plan - Growth,SBI Mutual Fund,Open Ended Schemes,Equity Scheme - Small Cap Fund,28-02-2023,122.87010
125497,SBI Small Cap Fund - Direct Plan - Growth,SBI Mutual Fund,Open Ended Schemes,Equity Scheme - Small Cap Fund,27-02-2023,122.05520
125497,SBI Small Cap Fund - Direct Plan - Growth,SBI Mutual Fund,Open Ended Schemes,Equity Scheme - Small Cap Fund,24-02-2023,123.17770
125497,SBI Small Cap Fund - Direct Plan - Growth,SBI Mutual Fund,Open Ended Schemes,Equity Scheme - Small Cap Fund,23-02-2023,123.05130
125497,SBI Small Cap Fund - Direct Plan - Growth,SBI Mutual Fund,Open Ended Schemes,Equity Scheme - Small Cap Fund,22-02-2023,123.39200
125497,SBI Small Cap Fund - Direct Plan - Growth,SBI Mutual Fund,Open Ended Schemes,Equity Scheme - Small Cap Fund,21-02-2023,124.51720
125497,SBI Small Cap Fund - Direct Plan - Growth,SBI Mutual Fund,Open Ended Schemes,Equity Scheme - Small Cap Fund,20-02-2023,124.98140
125497,SBI Small Cap Fund - Direct Plan - Growth,SBI Mutual Fund,Open Ended Schemes,Equity Scheme - Small Cap Fund,17-02-2023,125.11190
125497,SBI Small Cap Fund - Direct Plan - Growth,SBI Mutual Fund,Open Ended Schemes,Equity Scheme - Small Cap Fund,16-02-2023,124.97140
125497,SBI Small Cap Fund - Direct Plan - Growth,SBI Mutual Fund,Open Ended Schemes,Equity Scheme - Small Cap Fund,15-02-2023,124.45060
125497,SBI Small Cap Fund - Direct Plan - Growth,SBI Mutual Fund,Open Ended Schemes,Equity Scheme - Small Cap Fund,14-02-2023,124.09160
125497,SBI Small Cap Fund - Direct Plan - Growth,SBI Mutual Fund,Open Ended Schemes,Equity Scheme - Small Cap Fund,13-02-2023,124.40560
125497,SBI Small Cap Fund - Direct Plan - Growth,SBI Mutual Fund,Open Ended Schemes,Equity Scheme - Small Cap Fund,10-02-2023,125.17020
125497,SBI Small Cap Fund - Direct Plan - Growth,SBI Mutual Fund,Open Ended Schemes,Equity Scheme - Small Cap Fund,09-02-2023,124.73790
125497,SBI Small Cap Fund - Direct Plan - Growth,SBI Mutual Fund,Open Ended Schemes,Equity Scheme - Small Cap Fund,08-02-2023,125.11170
125497,SBI Small Cap Fund - Direct Plan - Growth,SBI Mutual Fund,Open Ended Schemes,Equity Scheme - Small Cap Fund,07-02-2023,124.41820
125497,SBI Small Cap Fund - Direct Plan - Growth,SBI Mutual Fund,Open Ended Schemes,Equity Scheme - Small Cap Fund,06-02-2023,123.99210
125497,SBI Small Cap Fund - Direct Plan - Growth,SBI Mutual Fund,Open Ended Schemes,Equity Scheme - Small Cap Fund,03-02-2023,124.29070
125497,SBI Small Cap Fund - Direct Plan - Growth,SBI Mutual Fund,Open Ended Schemes,Equity Scheme - Small Cap Fund,02-02-2023,124.00830
125497,SBI Small Cap Fund - Direct Plan - Growth,SBI Mutual Fund,Open Ended Schemes,Equity Scheme - Small Cap Fund,01-02-2023,123.47840
125497,SBI Small Cap Fund - Direct Plan - Growth,SBI Mutual Fund,Open Ended Schemes,Equity Scheme - Small Cap Fund,31-01-2023,124.31380
125497,SBI Small Cap Fund - Direct Plan - Growth,SBI Mutual Fund,Open Ended Schemes,Equity Scheme - Small Cap Fund,30-01-2023,122.36330
125497,SBI Small Cap Fund - Direct Plan - Growth,SBI Mutual Fund,Open Ended Schemes,Equity Scheme - Small Cap Fund,27-01-2023,122.69620
125497,SBI Small Cap Fund - Direct Plan - Growth,SBI Mutual Fund,Open Ended Schemes,Equity Scheme - Small Cap Fund,25-01-2023,123.75220
125497,SBI Small Cap Fund - Direct Plan - Growth,SBI Mutual Fund,Open Ended Schemes,Equity Scheme - Small Cap Fund,24-01-2023,124.13280
125497,SBI Small Cap Fund - Direct Plan - Growth,SBI Mutual Fund,Open Ended Schemes,Equity Scheme - Small Cap Fund,23-01-2023,124.42500
125497,SBI Small Cap Fund - Direct Plan - Growth,SBI Mutual Fund,Open Ended Schemes,Equity Scheme - Small Cap Fund,20-01-2023,124.80500
125497,SBI Small Cap Fund - Direct Plan - Growth,SBI Mutual Fund,Open Ended Schemes,Equity Scheme - Small Cap Fund,19-01-2023,125.54330
125497,SBI Small Cap Fund - Direct Plan - Growth,SBI Mutual Fund,Open Ended Schemes,Equity Scheme - Small Cap Fund,18-01-2023,125.71860
125497,SBI Small Cap Fund - Direct Plan - Growth,SBI Mutual Fund,Open Ended Schemes,Equity Scheme - Small Cap Fund,17-01-2023,125.80740
125497,SBI Small Cap Fund - Direct Plan - Growth,SBI Mutual Fund,Open Ended Schemes,Equity Scheme - Small Cap Fund,16-01-2023,125.98320
125497,SBI Small Cap Fund - Direct Plan - Growth,SBI Mutual Fund,Open Ended Schemes,Equity Scheme - Small Cap Fund,13-01-2023,126.05880
125497,SBI Small Cap Fund - Direct Plan - Growth,SBI Mutual Fund,Open Ended Schemes,Equity Scheme - Small Cap Fund,12-01-2023,126.19640
125497,SBI Small Cap Fund - Direct Plan - Growth,SBI Mutual Fund,Open Ended Schemes,Equity Scheme - Small Cap Fund,11-01-2023,125.90800
125497,SBI Small Cap Fund - Direct Plan - Growth,SBI Mutual Fund,Open Ended Schemes,Equity Scheme - Small Cap Fund,10-01-2023,125.80040
125497,SBI Small Cap Fund - Direct Plan - Growth,SBI Mutual Fund,Open Ended Schemes,Equity Scheme - Small Cap Fund,09-01-2023,126.44620
125497,SBI Small Cap Fund - Direct Plan - Growth,SBI Mutual Fund,Open Ended Schemes,Equity Scheme - Small Cap Fund,06-01-2023,125.71850
125497,SBI Small Cap Fund - Direct Plan - Growth,SBI Mutual Fund,Open Ended Schemes,Equity Scheme - Small Cap Fund,05-01-2023,126.73270
125497,SBI Small Cap Fund - Direct Plan - Growth,SBI Mutual Fund,Open Ended Schemes,Equity Scheme - Small Cap Fund,04-01-2023,126.72660
125497,SBI Small Cap Fund - Direct Plan - Growth,SBI Mutual Fund,Open Ended Schemes,Equity Scheme - Small Cap Fund,03-01-2023,127.70460
125497,SBI Small Cap Fund - Direct Plan - Growth,SBI Mutual Fund,Open Ended Schemes,Equity Scheme - Small Cap Fund,02-01-2023,127.84040
125497,SBI Small Cap Fund - Direct Plan - Growth,SBI Mutual Fund,Open Ended Schemes,Equity Scheme - Small Cap Fund,30-12-2022,127.33480
125497,SBI Small Cap Fund - Direct Plan - Growth,SBI Mutual Fund,Open Ended Schemes,Equity Scheme - Small Cap Fund,29-12-2022,127.02110
125497,SBI Small Cap Fund - Direct Plan - Growth,SBI Mutual Fund,Open Ended Schemes,Equity Scheme - Small Cap Fund,28-12-2022,126.64490
125497,SBI Small Cap Fund - Direct Plan - Growth,SBI Mutual Fund,Open Ended Schemes,Equity Scheme - Small Cap Fund,27-12-2022,126.32000
125497,SBI Small Cap Fund - Direct Plan - Growth,SBI Mutual Fund,Open Ended Schemes,Equity Scheme - Small Cap Fund,26-12-2022,125.30490
125497,SBI Small Cap Fund - Direct Plan - Growth,SBI Mutual Fund,Open Ended Schemes,Equity Scheme - Small Cap Fund,23-12-2022,122.57510
125497,SBI Small Cap Fund - Direct Plan - Growth,SBI Mutual Fund,Open Ended Schemes,Equity Scheme - Small Cap Fund,22-12-2022,125.96630
125497,SBI Small Cap Fund - Direct Plan - Growth,SBI Mutual Fund,Open Ended Schemes,Equity Scheme - Small Cap Fund,21-12-2022,128.15640
125497,SBI Small Cap Fund - Direct Plan - Growth,SBI Mutual Fund,Open Ended Schemes,Equity Scheme - Small Cap Fund,20-12-2022,130.28140
125497,SBI Small Cap Fund - Direct Plan - Growth,SBI Mutual Fund,Open Ended Schemes,Equity Scheme - Small Cap Fund,19-12-2022,129.92220
125497,SBI Small Cap Fund - Direct Plan - Growth,SBI Mutual Fund,Open Ended Schemes,Equity Scheme - Small Cap Fund,16-12-2022,129.88910
125497,SBI Small Cap Fund - Direct Plan - Growth,SBI Mutual Fund,Open Ended Schemes,Equity Scheme - Small Cap Fund,15-12-2022,130.95910
125497,SBI Small Cap Fund - Direct Plan - Growth,SBI Mutual Fund,Open Ended Schemes,Equity Scheme - Small Cap Fund,14-12-2022,131.99510
125497,SBI Small Cap Fund - Direct Plan - Growth,SBI Mutual Fund,Open Ended Schemes,Equity Scheme - Small Cap Fund,13-12-2022,131.07840
125497,SBI Small Cap Fund - Direct Plan - Growth,SBI Mutual Fund,Open Ended Schemes,Equity Scheme - Small Cap Fund,12-12-2022,130.62560
125497,SBI Small Cap Fund - Direct Plan - Growth,SBI Mutual Fund,Open Ended Schemes,Equity Scheme - Small Cap Fund,09-12-2022,130.59030
125497,SBI Small Cap Fund - Direct Plan - Growth,SBI Mutual Fund,Open Ended Schemes,Equity Scheme - Small Cap Fund,08-12-2022,131.32880
125497,SBI Small Cap Fund - Direct Plan - Growth,SBI Mutual Fund,Open Ended Schemes,Equity Scheme - Small Cap Fund,07-12-2022,130.61840
125497,SBI Small Cap Fund - Direct Plan - Growth,SBI Mutual Fund,Open Ended Schemes,Equity Scheme - Small Cap Fund,06-12-2022,130.92860
125497,SBI Small Cap Fund - Direct Plan - Growth,SBI Mutual Fund,Open Ended Schemes,Equity Scheme - Small Cap Fund,05-12-2022,131.04080
125497,SBI Small Cap Fund - Direct Plan - Growth,SBI Mutual Fund,Open Ended Schemes,Equity Scheme - Small Cap Fund,02-12-2022,130.68550
125497,SBI Small Cap Fund - Direct Plan - Growth,SBI Mutual Fund,Open Ended Schemes,Equity Scheme - Small Cap Fund,01-12-2022,130.27580
125497,SBI Small Cap Fund - Direct Plan - Growth,SBI Mutual Fund,Open Ended Schemes,Equity Scheme - Small Cap Fund,30-11-2022,129.50970
125497,SBI Small Cap Fund - Direct Plan - Growth,SBI Mutual Fund,Open Ended Schemes,Equity Scheme - Small Cap Fund,29-11-2022,128.54400
125497,SBI Small Cap Fund - Direct Plan - Growth,SBI Mutual Fund,Open Ended Schemes,Equity Scheme - Small Cap Fund,28-11-2022,129.01660
125497,SBI Small Cap Fund - Direct Plan - Growth,SBI Mutual Fund,Open Ended Schemes,Equity Scheme - Small Cap Fund,25-11-2022,128.55620
125497,SBI Small Cap Fund - Direct Plan - Growth,SBI Mutual Fund,Open Ended Schemes,Equity Scheme - Small Cap Fund,24-11-2022,128.25670
125497,SBI Small Cap Fund - Direct Plan - Growth,SBI Mutual Fund,Open Ended Schemes,Equity Scheme - Small Cap Fund,23-11-2022,127.74930
125497,SBI Small Cap Fund - Direct Plan - Growth,SBI Mutual Fund,Open Ended Schemes,Equity Scheme - Small Cap Fund,22-11-2022,127.42690
125497,SBI Small Cap Fund - Direct Plan - Growth,SBI Mutual Fund,Open Ended Schemes,Equity Scheme - Small Cap Fund,21-11-2022,127.65350
125497,SBI Small Cap Fund - Direct Plan - Growth,SBI Mutual Fund,Open Ended Schemes,Equity Scheme - Small Cap Fund,18-11-2022,127.40220
125497,SBI Small Cap Fund - Direct Plan - Growth,SBI Mutual Fund,Open Ended Schemes,Equity Scheme - Small Cap Fund,17-11-2022,128.07440
125497,SBI Small Cap Fund - Direct Plan - Growth,SBI Mutual Fund,Open Ended Schemes,Equity Scheme - Small Cap Fund,16-11-2022,128.11350
125497,SBI Small Cap Fund - Direct Plan - Growth,SBI Mutual Fund,Open Ended Schemes,Equity Scheme - Small Cap Fund,15-11-2022,127.40280
125497,SBI Small Cap Fund - Direct Plan - Growth,SBI Mutual Fund,Open Ended Schemes,Equity Scheme - Small Cap Fund,14-11-2022,127.49320
125497,SBI Small Cap Fund - Direct Plan - Growth,SBI Mutual Fund,Open Ended Schemes,Equity Scheme - Small Cap Fund,11-11-2022,127.74700
125497,SBI Small Cap Fund - Direct Plan - Growth,SBI Mutual Fund,Open Ended Schemes,Equity Scheme - Small Cap Fund,10-11-2022,127.72200
125497,SBI Small Cap Fund - Direct Plan - Growth,SBI Mutual Fund,Open Ended Schemes,Equity Scheme - Small Cap Fund,09-11-2022,128.44300
125497,SBI Small Cap Fund - Direct Plan - Growth,SBI Mutual Fund,Open Ended Schemes,Equity Scheme - Small Cap Fund,07-11-2022,128.99030
125497,SBI Small Cap Fund - Direct Plan - Growth,SBI Mutual Fund,Open Ended Schemes,Equity Scheme - Small Cap Fund,04-11-2022,128.61500
125497,SBI Small Cap Fund - Direct Plan - Growth,SBI Mutual Fund,Open Ended Schemes,Equity Scheme - Small Cap Fund,03-11-2022,128.43450
125497,SBI Small Cap Fund - Direct Plan - Growth,SBI Mutual Fund,Open Ended Schemes,Equity Scheme - Small Cap Fund,02-11-2022,128.45680
125497,SBI Small Cap Fund - Direct Plan - Growth,SBI Mutual Fund,Open Ended Schemes,Equity Scheme - Small Cap Fund,01-11-2022,127.86030
125497,SBI Small Cap Fund - Direct Plan - Growth,SBI Mutual Fund,Open Ended Schemes,Equity Scheme - Small Cap Fund,31-10-2022,127.64110
125497,SBI Small Cap Fund - Direct Plan - Growth,SBI Mutual Fund,Open Ended Schemes,Equity Scheme - Small Cap Fund,28-10-2022,127.84950
125497,SBI Small Cap Fund - Direct Plan - Growth,SBI Mutual Fund,Open Ended Schemes,Equity Scheme - Small Cap Fund,27-10-2022,128.57420
125497,SBI Small Cap Fund - Direct Plan - Growth,SBI Mutual Fund,Open Ended Schemes,Equity Scheme - Small Cap Fund,25-10-2022,128.14430
125497,SBI Small Cap Fund - Direct Plan - Growth,SBI Mutual Fund,Open Ended Schemes,Equity Scheme - Small Cap Fund,21-10-2022,127.68500
125497,SBI Small Cap Fund - Direct Plan - Growth,SBI Mutual Fund,Open Ended Schemes,Equity Scheme - Small Cap Fund,20-10-2022,128.71590
125497,SBI Small Cap Fund - Direct Plan - Growth,SBI Mutual Fund,Open Ended Schemes,Equity Scheme - Small Cap Fund,19-10-2022,128.66490
125497,SBI Small Cap Fund - Direct Plan - Growth,SBI Mutual Fund,Open Ended Schemes,Equity Scheme - Small Cap Fund,18-10-2022,128.08460
125497,SBI Small Cap Fund - Direct Plan - Growth,SBI Mutual Fund,Open Ended Schemes,Equity Scheme - Small Cap Fund,17-10-2022,127.49360
125497,SBI Small Cap Fund - Direct Plan - Growth,SBI Mutual Fund,Open Ended Schemes,Equity Scheme - Small Cap Fund,14-10-2022,127.33710
125497,SBI Small Cap Fund - Direct Plan - Growth,SBI Mutual Fund,Open Ended Schemes,Equity Scheme - Small Cap Fund,13-10-2022,127.08320
125497,SBI Small Cap Fund - Direct Plan - Growth,SBI Mutual Fund,Open Ended Schemes,Equity Scheme - Small Cap Fund,12-10-2022,127.81170
125497,SBI Small Cap Fund - Direct Plan - Growth,SBI Mutual Fund,Open Ended Schemes,Equity Scheme - Small Cap Fund,11-10-2022,127.55030
125497,SBI Small Cap Fund - Direct Plan - Growth,SBI Mutual Fund,Open Ended Schemes,Equity Scheme - Small Cap Fund,10-10-2022,128.28790
125497,SBI Small Cap Fund - Direct Plan - Growth,SBI Mutual Fund,Open Ended Schemes,Equity Scheme - Small Cap Fund,07-10-2022,129.38890
125497,SBI Small Cap Fund - Direct Plan - Growth,SBI Mutual Fund,Open Ended Schemes,Equity Scheme - Small Cap Fund,06-10-2022,128.88440
125497,SBI Small Cap Fund - Direct Plan - Growth,SBI Mutual Fund,Open Ended Schemes,Equity Scheme - Small Cap Fund,04-10-2022,128.24360
125497,SBI Small Cap Fund - Direct Plan - Growth,SBI Mutual Fund,Open Ended Schemes,Equity Scheme - Small Cap Fund,03-10-2022,127.13510
125497,SBI Small Cap Fund - Direct Plan - Growth,SBI Mutual Fund,Open Ended Schemes,Equity Scheme - Small Cap Fund,30-09-2022,126.73840
125497,SBI Small Cap Fund - Direct Plan - Growth,SBI Mutual Fund,Open Ended Schemes,Equity Scheme - Small Cap Fund,29-09-2022,125.20230
125497,SBI Small Cap Fund - Direct Plan - Growth,SBI Mutual Fund,Open Ended Schemes,Equity Scheme - Small Cap Fund,28-09-2022,124.43190
125497,SBI Small Cap Fund - Direct Plan - Growth,SBI Mutual Fund,Open Ended Schemes,Equity Scheme - Small Cap Fund,27-09-2022,124.64060
125497,SBI Small Cap Fund - Direct Plan - Growth,SBI Mutual Fund,Open Ended Schemes,Equity Scheme - Small Cap Fund,26-09-2022,123.84370
125497,SBI Small Cap Fund - Direct Plan - Growth,SBI Mutual Fund,Open Ended Schemes,Equity Scheme - Small Cap Fund,23-09-2022,126.96710
125497,SBI Small Cap Fund - Direct Plan - Growth,SBI Mutual Fund,Open Ended Schemes,Equity Scheme - Small Cap Fund,22-09-2022,128.60600
125497,SBI Small Cap Fund - Direct Plan - Growth,SBI Mutual Fund,Open Ended Schemes,Equity Scheme - Small Cap Fund,21-09-2022,128.62300
125497,SBI Small Cap Fund - Direct Plan - Growth,SBI Mutual Fund,Open Ended Schemes,Equity Scheme - Small Cap Fund,20-09-2022,128.89830
125497,SBI Small Cap Fund - Direct Plan - Growth,SBI Mutual Fund,Open Ended Schemes,Equity Scheme - Small Cap Fund,19-09-2022,127.81660
125497,SBI Small Cap Fund - Direct Plan - Growth,SBI Mutual Fund,Open Ended Schemes,Equity Scheme - Small Cap Fund,16-09-2022,128.00290
125497,SBI Small Cap Fund - Direct Plan - Growth,SBI Mutual Fund,Open Ended Schemes,Equity Scheme - Small Cap Fund,15-09-2022,130.84770
125497,SBI Small Cap Fund - Direct Plan - Growth,SBI Mutual Fund,Open Ended Schemes,Equity Scheme - Small Cap Fund,14-09-2022,131.51050
125497,SBI Small Cap Fund - Direct Plan - Growth,SBI Mutual Fund,Open Ended Schemes,Equity Scheme - Small Cap Fund,13-09-2022,130.99840
125497,SBI Small Cap Fund - Direct Plan - Growth,SBI Mutual Fund,Open Ended Schemes,Equity Scheme - Small Cap Fund,12-09-2022,131.27110
125497,SBI Small Cap Fund - Direct Plan - Growth,SBI Mutual Fund,Open Ended Schemes,Equity Scheme - Small Cap Fund,09-09-2022,130.16620
125497,SBI Small Cap Fund - Direct Plan - Growth,SBI Mutual Fund,Open Ended Schemes,Equity Scheme - Small Cap Fund,08-09-2022,129.83880
125497,SBI Small Cap Fund - Direct Plan - Growth,SBI Mutual Fund,Open Ended Schemes,Equity Scheme - Small Cap Fund,07-09-2022,128.99030
125497,SBI Small Cap Fund - Direct Plan - Growth,SBI Mutual Fund,Open Ended Schemes,Equity Scheme - Small Cap Fund,06-09-2022,127.81200
125497,SBI Small Cap Fund - Direct Plan - Growth,SBI Mutual Fund,Open Ended Schemes,Equity Scheme - Small Cap Fund,05-09-2022,126.98830
125497,SBI Small Cap Fund - Direct Plan - Growth,SBI Mutual Fund,Open Ended Schemes,Equity Scheme - Small Cap Fund,02-09-2022,126.10910
125497,SBI Small Cap Fund - Direct Plan - Growth,SBI Mutual Fund,Open Ended Schemes,Equity Scheme - Small Cap Fund,01-09-2022,124.82650
125497,SBI Small Cap Fund - Direct Plan - Growth,SBI Mutual Fund,Open Ended Schemes,Equity Scheme - Small Cap Fund,30-08-2022,124.71270
125497,SBI Small Cap Fund - Direct Plan - Growth,SBI Mutual Fund,Open Ended Schemes,Equity Scheme - Small Cap Fund,29-08-2022,123.24180
125497,SBI Small Cap Fund - Direct Plan - Growth,SBI Mutual Fund,Open Ended Schemes,Equity Scheme - Small Cap Fund,26-08-2022,123.65620
125497,SBI Small Cap Fund - Direct Plan - Growth,SBI Mutual Fund,Open Ended Schemes,Equity Scheme - Small Cap Fund,25-08-2022,123.25720
125497,SBI Small Cap Fund - Direct Plan - Growth,SBI Mutual Fund,Open Ended Schemes,Equity Scheme - Small Cap Fund,24-08-2022,122.91310
125497,SBI Small Cap Fund - Direct Plan - Growth,SBI Mutual Fund,Open Ended Schemes,Equity Scheme - Small Cap Fund,23-08-2022,122.13780
125497,SBI Small Cap Fund - Direct Plan - Growth,SBI Mutual Fund,Open Ended Schemes,Equity Scheme - Small Cap Fund,22-08-2022,121.15940
125497,SBI Small Cap Fund - Direct Plan - Growth,SBI Mutual Fund,Open Ended Schemes,Equity Scheme - Small Cap Fund,19-08-2022,121.89630
125497,SBI Small Cap Fund - Direct Plan - Growth,SBI Mutual Fund,Open Ended Schemes,Equity Scheme - Small Cap Fund,18-08-2022,123.10310
125497,SBI Small Cap Fund - Direct Plan - Growth,SBI Mutual Fund,Open Ended Schemes,Equity Scheme - Small Cap Fund,17-08-2022,122.70030
125497,SBI Small Cap Fund - Direct Plan - Growth,SBI Mutual Fund,Open Ended Schemes,Equity Scheme - Small Cap Fund,16-08-2022,122.57980
125497,SBI Small Cap Fund - Direct Plan - Growth,SBI Mutual Fund,Open Ended Schemes,Equity Scheme - Small Cap Fund,12-08-2022,122.14650
125497,SBI Small Cap Fund - Direct Plan - Growth,SBI Mutual Fund,Open Ended Schemes,Equity Scheme - Small Cap Fund,11-08-2022,122.04360
125497,SBI Small Cap Fund - Direct Plan - Growth,SBI Mutual Fund,Open Ended Schemes,Equity Scheme - Small Cap Fund,10-08-2022,121.78950
125497,SBI Small Cap Fund - Direct Plan - Growth,SBI Mutual Fund,Open Ended Schemes,Equity Scheme - Small Cap Fund,08-08-2022,120.85290
125497,SBI Small Cap Fund - Direct Plan - Growth,SBI Mutual Fund,Open Ended Schemes,Equity Scheme - Small Cap Fund,05-08-2022,119.50010
125497,SBI Small Cap Fund - Direct Plan - Growth,SBI Mutual Fund,Open Ended Schemes,Equity Scheme - Small Cap Fund,04-08-2022,119.53510
125497,SBI Small Cap Fund - Direct Plan - Growth,SBI Mutual Fund,Open Ended Schemes,Equity Scheme - Small Cap Fund,03-08-2022,119.36710
125497,SBI Small Cap Fund - Direct Plan - Growth,SBI Mutual Fund,Open Ended Schemes,Equity Scheme - Small Cap Fund,02-08-2022,119.67090
125497,SBI Small Cap Fund - Direct Plan - Growth,SBI Mutual Fund,Open Ended Schemes,Equity Scheme - Small Cap Fund,01-08-2022,118.42850
125497,SBI Small Cap Fund - Direct Plan - Growth,SBI Mutual Fund,Open Ended Schemes,Equity Scheme - Small Cap Fund,29-07-2022,115.82620
125497,SBI Small Cap Fund - Direct Plan - Growth,SBI Mutual Fund,Open Ended Schemes,Equity Scheme - Small Cap Fund,28-07-2022,115.42120
125497,SBI Small Cap Fund - Direct Plan - Growth,SBI Mutual Fund,Open Ended Schemes,Equity Scheme - Small Cap Fund,27-07-2022,114.22380
125497,SBI Small Cap Fund - Direct Plan - Growth,SBI Mutual Fund,Open Ended Schemes,Equity Scheme - Small Cap Fund,26-07-2022,113.93630
125497,SBI Small Cap Fund - Direct Plan - Growth,SBI Mutual Fund,Open Ended Schemes,Equity Scheme - Small Cap Fund,25-07-2022,114.32510
125497,SBI Small Cap Fund - Direct Plan - Growth,SBI Mutual Fund,Open Ended Schemes,Equity Scheme - Small Cap Fund,22-07-2022,114.09000
125497,SBI Small Cap Fund - Direct Plan - Growth,SBI Mutual Fund,Open Ended Schemes,Equity Scheme - Small Cap Fund,21-07-2022,113.40940
125497,SBI Small Cap Fund - Direct Plan - Growth,SBI Mutual Fund,Open Ended Schemes,Equity Scheme - Small Cap Fund,20-07-2022,112.98680
125497,SBI Small Cap Fund - Direct Plan - Growth,SBI Mutual Fund,Open Ended Schemes,Equity Scheme - Small Cap Fund,19-07-2022,112.80460
125497,SBI Small Cap Fund - Direct Plan - Growth,SBI Mutual Fund,Open Ended Schemes,Equity Scheme - Small Cap Fund,18-07-2022,111.93220
125497,SBI Small Cap Fund - Direct Plan - Growth,SBI Mutual Fund,Open Ended Schemes,Equity Scheme - Small Cap Fund,15-07-2022,111.19870
125497,SBI Small Cap Fund - Direct Plan - Growth,SBI Mutual Fund,Open Ended Schemes,Equity Scheme - Small Cap Fund,14-07-2022,110.55230
125497,SBI Small Cap Fund - Direct Plan - Growth,SBI Mutual Fund,Open Ended Schemes,Equity Scheme - Small Cap Fund,13-07-2022,110.68760
125497,SBI Small Cap Fund - Direct Plan - Growth,SBI Mutual Fund,Open Ended Schemes,Equity Scheme - Small Cap Fund,12-07-2022,110.52170
125497,SBI Small Cap Fund - Direct Plan - Growth,SBI Mutual Fund,Open Ended Schemes,Equity Scheme - Small Cap Fund,11-07-2022,111.37350
125497,SBI Small Cap Fund - Direct Plan - Growth,SBI Mutual Fund,Open Ended Schemes,Equity Scheme - Small Cap Fund,08-07-2022,110.32050
125497,SBI Small Cap Fund - Direct Plan - Growth,SBI Mutual Fund,Open Ended Schemes,Equity Scheme - Small Cap Fund,07-07-2022,110.09590
125497,SBI Small Cap Fund - Direct Plan - Growth,SBI Mutual Fund,Open Ended Schemes,Equity Scheme - Small Cap Fund,06-07-2022,109.45310
125497,SBI Small Cap Fund - Direct Plan - Growth,SBI Mutual Fund,Open Ended Schemes,Equity Scheme - Small Cap Fund,05-07-2022,108.90190
125497,SBI Small Cap Fund - Direct Plan - Growth,SBI Mutual Fund,Open Ended Schemes,Equity Scheme - Small Cap Fund,04-07-2022,108.08600
125497,SBI Small Cap Fund - Direct Plan - Growth,SBI Mutual Fund,Open Ended Schemes,Equity Scheme - Small Cap Fund,01-07-2022,107.25110
125497,SBI Small Cap Fund - Direct Plan - Growth,SBI Mutual Fund,Open Ended Schemes,Equity Scheme - Small Cap Fund,30-06-2022,107.34470
125497,SBI Small Cap Fund - Direct Plan - Growth,SBI Mutual Fund,Open Ended Schemes,Equity Scheme - Small Cap Fund,29-06-2022,107.52980
125497,SBI Small Cap Fund - Direct Plan - Growth,SBI Mutual Fund,Open Ended Schemes,Equity Scheme - Small Cap Fund,28-06-2022,107.84570
125497,SBI Small Cap Fund - Direct Plan - Growth,SBI Mutual Fund,Open Ended Schemes,Equity Scheme - Small Cap Fund,27-06-2022,107.74300
125497,SBI Small Cap Fund - Direct Plan - Growth,SBI Mutual Fund,Open Ended Schemes,Equity Scheme - Small Cap Fund,24-06-2022,106.56300
125497,SBI Small Cap Fund - Direct Plan - Growth,SBI Mutual Fund,Open Ended Schemes,Equity Scheme - Small Cap Fund,23-06-2022,105.58260
125497,SBI Small Cap Fund - Direct Plan - Growth,SBI Mutual Fund,Open Ended Schemes,Equity Scheme - Small Cap Fund,22-06-2022,104.27180
125497,SBI Small Cap Fund - Direct Plan - Growth,SBI Mutual Fund,Open Ended Schemes,Equity Scheme - Small Cap Fund,21-06-2022,104.87010
125497,SBI Small Cap Fund - Direct Plan - Growth,SBI Mutual Fund,Open Ended Schemes,Equity Scheme - Small Cap Fund,20-06-2022,103.20490
125497,SBI Small Cap Fund - Direct Plan - Growth,SBI Mutual Fund,Open Ended Schemes,Equity Scheme - Small Cap Fund,17-06-2022,104.89110
125497,SBI Small Cap Fund - Direct Plan - Growth,SBI Mutual Fund,Open Ended Schemes,Equity Scheme - Small Cap Fund,16-06-2022,105.83600
125497,SBI Small Cap Fund - Direct Plan - Growth,SBI Mutual Fund,Open Ended Schemes,Equity Scheme - Small Cap Fund,15-06-2022,107.95690
125497,SBI Small Cap Fund - Direct Plan - Growth,SBI Mutual Fund,Open Ended Schemes,Equity Scheme - Small Cap Fund,14-06-2022,107.76550
125497,SBI Small Cap Fund - Direct Plan - Growth,SBI Mutual Fund,Open Ended Schemes,Equity Scheme - Small Cap Fund,13-06-2022,108.19730
125497,SBI Small Cap Fund - Direct Plan - Growth,SBI Mutual Fund,Open Ended Schemes,Equity Scheme - Small Cap Fund,10-06-2022,110.36110
125497,SBI Small Cap Fund - Direct Plan - Growth,SBI Mutual Fund,Open Ended Schemes,Equity Scheme - Small Cap Fund,09-06-2022,110.77300
125497,SBI Small Cap Fund - Direct Plan - Growth,SBI Mutual Fund,Open Ended Schemes,Equity Scheme - Small Cap Fund,08-06-2022,110.69600
125497,SBI Small Cap Fund - Direct Plan - Growth,SBI Mutual Fund,Open Ended Schemes,Equity Scheme - Small Cap Fund,07-06-2022,110.87410
125497,SBI Small Cap Fund - Direct Plan - Growth,SBI Mutual Fund,Open Ended Schemes,Equity Scheme - Small Cap Fund,06-06-2022,111.46800
125497,SBI Small Cap Fund - Direct Plan - Growth,SBI Mutual Fund,Open Ended Schemes,Equity Scheme - Small Cap Fund,03-06-2022,111.68540
125497,SBI Small Cap Fund - Direct Plan - Growth,SBI Mutual Fund,Open Ended Schemes,Equity Scheme - Small Cap Fund,02-06-2022,113.04470
125497,SBI Small Cap Fund - Direct Plan - Growth,SBI Mutual Fund,Open Ended Schemes,Equity Scheme - Small Cap Fund,01-06-2022,113.04690
125497,SBI Small Cap Fund - Direct Plan - Growth,SBI Mutual Fund,Open Ended Schemes,Equity Scheme - Small Cap Fund,31-05-2022,111.39850
125497,SBI Small Cap Fund - Direct Plan - Growth,SBI Mutual Fund,Open Ended Schemes,Equity Scheme - Small Cap Fund,30-05-2022,110.88540
125497,SBI Small Cap Fund - Direct Plan - Growth,SBI Mutual Fund,Open Ended Schemes,Equity Scheme - Small Cap Fund,27-05-2022,109.12390
125497,SBI Small Cap Fund - Direct Plan - Growth,SBI Mutual Fund,Open Ended Schemes,Equity Scheme - Small Cap Fund,26-05-2022,109.06410
125497,SBI Small Cap Fund - Direct Plan - Growth,SBI Mutual Fund,Open Ended Schemes,Equity Scheme - Small Cap Fund,25-05-2022,108.47360
125497,SBI Small Cap Fund - Direct Plan - Growth,SBI Mutual Fund,Open Ended Schemes,Equity Scheme - Small Cap Fund,24-05-2022,110.35920
125497,SBI Small Cap Fund - Direct Plan - Growth,SBI Mutual Fund,Open Ended Schemes,Equity Scheme - Small Cap Fund,23-05-2022,110.71940
125497,SBI Small Cap Fund - Direct Plan - Growth,SBI Mutual Fund,Open Ended Schemes,Equity Scheme - Small Cap Fund,20-05-2022,110.52060
125497,SBI Small Cap Fund - Direct Plan - Growth,SBI Mutual Fund,Open Ended Schemes,Equity Scheme - Small Cap Fund,19-05-2022,109.17370
125497,SBI Small Cap Fund - Direct Plan - Growth,SBI Mutual Fund,Open Ended Schemes,Equity Scheme - Small Cap Fund,18-05-2022,110.42420
125497,SBI Small Cap Fund - Direct Plan - Growth,SBI Mutual Fund,Open Ended Schemes,Equity Scheme - Small Cap Fund,17-05-2022,110.51260
125497,SBI Small Cap Fund - Direct Plan - Growth,SBI Mutual Fund,Open Ended Schemes,Equity Scheme - Small Cap Fund,16-05-2022,108.38100
125497,SBI Small Cap Fund - Direct Plan - Growth,SBI Mutual Fund,Open Ended Schemes,Equity Scheme - Small Cap Fund,13-05-2022,107.04810
125497,SBI Small Cap Fund - Direct Plan - Growth,SBI Mutual Fund,Open Ended Schemes,Equity Scheme - Small Cap Fund,12-05-2022,106.82650
125497,SBI Small Cap Fund - Direct Plan - Growth,SBI Mutual Fund,Open Ended Schemes,Equity Scheme - Small Cap Fund,11-05-2022,108.19240
125497,SBI Small Cap Fund - Direct Plan - Growth,SBI Mutual Fund,Open Ended Schemes,Equity Scheme - Small Cap Fund,10-05-2022,109.62780
125497,SBI Small Cap Fund - Direct Plan - Growth,SBI Mutual Fund,Open Ended Schemes,Equity Scheme - Small Cap Fund,09-05-2022,111.10720
125497,SBI Small Cap Fund - Direct Plan - Growth,SBI Mutual Fund,Open Ended Schemes,Equity Scheme - Small Cap Fund,06-05-2022,111.91700
125497,SBI Small Cap Fund - Direct Plan - Growth,SBI Mutual Fund,Open Ended Schemes,Equity Scheme - Small Cap Fund,05-05-2022,113.39280
125497,SBI Small Cap Fund - Direct Plan - Growth,SBI Mutual Fund,Open Ended Schemes,Equity Scheme - Small Cap Fund,04-05-2022,113.54790
125497,SBI Small Cap Fund - Direct Plan - Growth,SBI Mutual Fund,Open Ended Schemes,Equity Scheme - Small Cap Fund,02-05-2022,115.66750
125497,SBI Small Cap Fund - Direct Plan - Growth,SBI Mutual Fund,Open Ended Schemes,Equity Scheme - Small Cap Fund,29-04-2022,116.43710
125497,SBI Small Cap Fund - Direct Plan - Growth,SBI Mutual Fund,Open Ended Schemes,Equity Scheme - Small Cap Fund,28-04-2022,117.26540
125497,SBI Small Cap Fund - Direct Plan - Growth,SBI Mutual Fund,Open Ended Schemes,Equity Scheme - Small Cap Fund,27-04-2022,116.32390
125497,SBI Small Cap Fund - Direct Plan - Growth,SBI Mutual Fund,Open Ended Schemes,Equity Scheme - Small Cap Fund,26-04-2022,116.53810
125497,SBI Small Cap Fund - Direct Plan - Growth,SBI Mutual Fund,Open Ended Schemes,Equity Scheme - Small Cap Fund,25-04-2022,115.73640
125497,SBI Small Cap Fund - Direct Plan - Growth,SBI Mutual Fund,Open Ended Schemes,Equity Scheme - Small Cap Fund,22-04-2022,116.98770
125497,SBI Small Cap Fund - Direct Plan - Growth,SBI Mutual Fund,Open Ended Schemes,Equity Scheme - Small Cap Fund,21-04-2022,117.06810
125497,SBI Small Cap Fund - Direct Plan - Growth,SBI Mutual Fund,Open Ended Schemes,Equity Scheme - Small Cap Fund,20-04-2022,116.07930
125497,SBI Small Cap Fund - Direct Plan - Growth,SBI Mutual Fund,Open Ended Schemes,Equity Scheme - Small Cap Fund,19-04-2022,116.06710
125497,SBI Small Cap Fund - Direct Plan - Growth,SBI Mutual Fund,Open Ended Schemes,Equity Scheme - Small Cap Fund,18-04-2022,117.00860
125497,SBI Small Cap Fund - Direct Plan - Growth,SBI Mutual Fund,Open Ended Schemes,Equity Scheme - Small Cap Fund,13-04-2022,117.55220
125497,SBI Small Cap Fund - Direct Plan - Growth,SBI Mutual Fund,Open Ended Schemes,Equity Scheme - Small Cap Fund,12-04-2022,117.62720
125497,SBI Small Cap Fund - Direct Plan - Growth,SBI Mutual Fund,Open Ended Schemes,Equity Scheme - Small Cap Fund,11-04-2022,118.74340
125497,SBI Small Cap Fund - Direct Plan - Growth,SBI Mutual Fund,Open Ended Schemes,Equity Scheme - Small Cap Fund,08-04-2022,118.15900
125497,SBI Small Cap Fund - Direct Plan - Growth,SBI Mutual Fund,Open Ended Schemes,Equity Scheme - Small Cap Fund,07-04-2022,117.38080
125497,SBI Small Cap Fund - Direct Plan - Growth,SBI Mutual Fund,Open Ended Schemes,Equity Scheme - Small Cap Fund,06-04-2022,117.96150
125497,SBI Small Cap Fund - Direct Plan - Growth,SBI Mutual Fund,Open Ended Schemes,Equity Scheme - Small Cap Fund,05-04-2022,117.67290
125497,SBI Small Cap Fund - Direct Plan - Growth,SBI Mutual Fund,Open Ended Schemes,Equity Scheme - Small Cap Fund,04-04-2022,116.18190
125497,SBI Small Cap Fund - Direct Plan - Growth,SBI Mutual Fund,Open Ended Schemes,Equity Scheme - Small Cap Fund,01-04-2022,114.86550
125497,SBI Small Cap Fund - Direct Plan - Growth,SBI Mutual Fund,Open Ended Schemes,Equity Scheme - Small Cap Fund,31-03-2022,113.38810
125497,SBI Small Cap Fund - Direct Plan - Growth,SBI Mutual Fund,Open Ended Schemes,Equity Scheme - Small Cap Fund,30-03-2022,113.39380
125497,SBI Small Cap Fund - Direct Plan - Growth,SBI Mutual Fund,Open Ended Schemes,Equity Scheme - Small Cap Fund,29-03-2022,112.83300
125497,SBI Small Cap Fund - Direct Plan - Growth,SBI Mutual Fund,Open Ended Schemes,Equity Scheme - Small Cap Fund,28-03-2022,111.37730
125497,SBI Small Cap Fund - Direct Plan - Growth,SBI Mutual Fund,Open Ended Schemes,Equity Scheme - Small Cap Fund,25-03-2022,111.84140
125497,SBI Small Cap Fund - Direct Plan - Growth,SBI Mutual Fund,Open Ended Schemes,Equity Scheme - Small Cap Fund,24-03-2022,112.12900
125497,SBI Small Cap Fund - Direct Plan - Growth,SBI Mutual Fund,Open Ended Schemes,Equity Scheme - Small Cap Fund,23-03-2022,112.05940
125497,SBI Small Cap Fund - Direct Plan - Growth,SBI Mutual Fund,Open Ended Schemes,Equity Scheme - Small Cap Fund,22-03-2022,111.81360
125497,SBI Small Cap Fund - Direct Plan - Growth,SBI Mutual Fund,Open Ended Schemes,Equity Scheme - Small Cap Fund,21-03-2022,111.80340
125497,SBI Small Cap Fund - Direct Plan - Growth,SBI Mutual Fund,Open Ended Schemes,Equity Scheme - Small Cap Fund,17-03-2022,112.12780
125497,SBI Small Cap Fund - Direct Plan - Growth,SBI Mutual Fund,Open Ended Schemes,Equity Scheme - Small Cap Fund,16-03-2022,111.49960
125497,SBI Small Cap Fund - Direct Plan - Growth,SBI Mutual Fund,Open Ended Schemes,Equity Scheme - Small Cap Fund,15-03-2022,110.79150
125497,SBI Small Cap Fund - Direct Plan - Growth,SBI Mutual Fund,Open Ended Schemes,Equity Scheme - Small Cap Fund,14-03-2022,111.37760
125497,SBI Small Cap Fund - Direct Plan - Growth,SBI Mutual Fund,Open Ended Schemes,Equity Scheme - Small Cap Fund,11-03-2022,110.39590
125497,SBI Small Cap Fund - Direct Plan - Growth,SBI Mutual Fund,Open Ended Schemes,Equity Scheme - Small Cap Fund,10-03-2022,109.83990
125497,SBI Small Cap Fund - Direct Plan - Growth,SBI Mutual Fund,Open Ended Schemes,Equity Scheme - Small Cap Fund,09-03-2022,108.75360
125497,SBI Small Cap Fund - Direct Plan - Growth,SBI Mutual Fund,Open Ended Schemes,Equity Scheme - Small Cap Fund,08-03-2022,107.10740
125497,SBI Small Cap Fund - Direct Plan - Growth,SBI Mutual Fund,Open Ended Schemes,Equity Scheme - Small Cap Fund,07-03-2022,106.65620
125497,SBI Small Cap Fund - Direct Plan - Growth,SBI Mutual Fund,Open Ended Schemes,Equity Scheme - Small Cap Fund,04-03-2022,108.44320
125497,SBI Small Cap Fund - Direct Plan - Growth,SBI Mutual Fund,Open Ended Schemes,Equity Scheme - Small Cap Fund,03-03-2022,109.95230
125497,SBI Small Cap Fund - Direct Plan - Growth,SBI Mutual Fund,Open Ended Schemes,Equity Scheme - Small Cap Fund,02-03-2022,109.78980
125497,SBI Small Cap Fund - Direct Plan - Growth,SBI Mutual Fund,Open Ended Schemes,Equity Scheme - Small Cap Fund,28-02-2022,109.87350
125497,SBI Small Cap Fund - Direct Plan - Growth,SBI Mutual Fund,Open Ended Schemes,Equity Scheme - Small Cap Fund,25-02-2022,109.14470
125497,SBI Small Cap Fund - Direct Plan - Growth,SBI Mutual Fund,Open Ended Schemes,Equity Scheme - Small Cap Fund,24-02-2022,105.59190
125497,SBI Small Cap Fund - Direct Plan - Growth,SBI Mutual Fund,Open Ended Schemes,Equity Scheme - Small Cap Fund,23-02-2022,109.88920
125497,SBI Small Cap Fund - Direct Plan - Growth,SBI Mutual Fund,Open Ended Schemes,Equity Scheme - Small Cap Fund,22-02-2022,109.24150
125497,SBI Small Cap Fund - Direct Plan - Growth,SBI Mutual Fund,Open Ended Schemes,Equity Scheme - Small Cap Fund,21-02-2022,110.55550
125497,SBI Small Cap Fund - Direct Plan - Growth,SBI Mutual Fund,Open Ended Schemes,Equity Scheme - Small Cap Fund,18-02-2022,112.61630
125497,SBI Small Cap Fund - Direct Plan - Growth,SBI Mutual Fund,Open Ended Schemes,Equity Scheme - Small Cap Fund,17-02-2022,113.00940
125497,SBI Small Cap Fund - Direct Plan - Growth,SBI Mutual Fund,Open Ended Schemes,Equity Scheme - Small Cap Fund,16-02-2022,113.47020
125497,SBI Small Cap Fund - Direct Plan - Growth,SBI Mutual Fund,Open Ended Schemes,Equity Scheme - Small Cap Fund,15-02-2022,112.28590
125497,SBI Small Cap Fund - Direct Plan - Growth,SBI Mutual Fund,Open Ended Schemes,Equity Scheme - Small Cap Fund,14-02-2022,111.16490
125497,SBI Small Cap Fund - Direct Plan - Growth,SBI Mutual Fund,Open Ended Schemes,Equity Scheme - Small Cap Fund,11-02-2022,114.58050
125497,SBI Small Cap Fund - Direct Plan - Growth,SBI Mutual Fund,Open Ended Schemes,Equity Scheme - Small Cap Fund,10-02-2022,116.36100
125497,SBI Small Cap Fund - Direct Plan - Growth,SBI Mutual Fund,Open Ended Schemes,Equity Scheme - Small Cap Fund,09-02-2022,116.66280
125497,SBI Small Cap Fund - Direct Plan - Growth,SBI Mutual Fund,Open Ended Schemes,Equity Scheme - Small Cap Fund,08-02-2022,116.98970
125497,SBI Small Cap Fund - Direct Plan - Growth,SBI Mutual Fund,Open Ended Schemes,Equity Scheme - Small Cap Fund,07-02-2022,118.12130
125497,SBI Small Cap Fund - Direct Plan - Growth,SBI Mutual Fund,Open Ended Schemes,Equity Scheme - Small Cap Fund,04-02-2022,118.17790
125497,SBI Small Cap Fund - Direct Plan - Growth,SBI Mutual Fund,Open Ended Schemes,Equity Scheme - Small Cap Fund,03-02-2022,117.93840
125497,SBI Small Cap Fund - Direct Plan - Growth,SBI Mutual Fund,Open Ended Schemes,Equity Scheme - Small Cap Fund,02-02-2022,118.29250
125497,SBI Small Cap Fund - Direct Plan - Growth,SBI Mutual Fund,Open Ended Schemes,Equity Scheme - Small Cap Fund,01-02-2022,116.86150
125497,SBI Small Cap Fund - Direct Plan - Growth,SBI Mutual Fund,Open Ended Schemes,Equity Scheme - Small Cap Fund,31-01-2022,115.13830
125497,SBI Small Cap Fund - Direct Plan - Growth,SBI Mutual Fund,Open Ended Schemes,Equity Scheme - Small Cap Fund,28-01-2022,113.75420
125497,SBI Small Cap Fund - Direct Plan - Growth,SBI Mutual Fund,Open Ended Schemes,Equity Scheme - Small Cap Fund,27-01-2022,113.46440
125497,SBI Small Cap Fund - Direct Plan - Growth,SBI Mutual Fund,Open Ended Schemes,Equity Scheme - Small Cap Fund,25-01-2022,114.92650
125497,SBI Small Cap Fund - Direct Plan - Growth,SBI Mutual Fund,Open Ended Schemes,Equity Scheme - Small Cap Fund,24-01-2022,113.83880
125497,SBI Small Cap Fund - Direct Plan - Growth,SBI Mutual Fund,Open Ended Schemes,Equity Scheme - Small Cap Fund,21-01-2022,118.88710
125497,SBI Small Cap Fund - Direct Plan - Growth,SBI Mutual Fund,Open Ended Schemes,Equity Scheme - Small Cap Fund,20-01-2022,120.13110
125497,SBI Small Cap Fund - Direct Plan - Growth,SBI Mutual Fund,Open Ended Schemes,Equity Scheme - Small Cap Fund,19-01-2022,120.16820
125497,SBI Small Cap Fund - Direct Plan - Growth,SBI Mutual Fund,Open Ended Schemes,Equity Scheme - Small Cap Fund,18-01-2022,120.37380
125497,SBI Small Cap Fund - Direct Plan - Growth,SBI Mutual Fund,Open Ended Schemes,Equity Scheme - Small Cap Fund,17-01-2022,121.88900
125497,SBI Small Cap Fund - Direct Plan - Growth,SBI Mutual Fund,Open Ended Schemes,Equity Scheme - Small Cap Fund,14-01-2022,121.51440
125497,SBI Small Cap Fund - Direct Plan - Growth,SBI Mutual Fund,Open Ended Schemes,Equity Scheme - Small Cap Fund,13-01-2022,120.61450
125497,SBI Small Cap Fund - Direct Plan - Growth,SBI Mutual Fund,Open Ended Schemes,Equity Scheme - Small Cap Fund,12-01-2022,120.50300
125497,SBI Small Cap Fund - Direct Plan - Growth,SBI Mutual Fund,Open Ended Schemes,Equity Scheme - Small Cap Fund,11-01-2022,119.21220
125497,SBI Small Cap Fund - Direct Plan - Growth,SBI Mutual Fund,Open Ended Schemes,Equity Scheme - Small Cap Fund,10-01-2022,119.25900
125497,SBI Small Cap Fund - Direct Plan - Growth,SBI Mutual Fund,Open Ended Schemes,Equity Scheme - Small Cap Fund,07-01-2022,118.05780
125497,SBI Small Cap Fund - Direct Plan - Growth,SBI Mutual Fund,Open Ended Schemes,Equity Scheme - Small Cap Fund,06-01-2022,118.07800
125497,SBI Small Cap Fund - Direct Plan - Growth,SBI Mutual Fund,Open Ended Schemes,Equity Scheme - Small Cap Fund,05-01-2022,117.84490
125497,SBI Small Cap Fund - Direct Plan - Growth,SBI Mutual Fund,Open Ended Schemes,Equity Scheme - Small Cap Fund,04-01-2022,117.99370
125497,SBI Small Cap Fund - Direct Plan - Growth,SBI Mutual Fund,Open Ended Schemes,Equity Scheme - Small Cap Fund,03-01-2022,117.82950
125497,SBI Small Cap Fund - Direct Plan - Growth,SBI Mutual Fund,Open Ended Schemes,Equity Scheme - Small Cap Fund,31-12-2021,116.51350
125497,SBI Small Cap Fund - Direct Plan - Growth,SBI Mutual Fund,Open Ended Schemes,Equity Scheme - Small Cap Fund,30-12-2021,115.03920
125497,SBI Small Cap Fund - Direct Plan - Growth,SBI Mutual Fund,Open Ended Schemes,Equity Scheme - Small Cap Fund,29-12-2021,115.10700
125497,SBI Small Cap Fund - Direct Plan - Growth,SBI Mutual Fund,Open Ended Schemes,Equity Scheme - Small Cap Fund,28-12-2021,114.18700
125497,SBI Small Cap Fund - Direct Plan - Growth,SBI Mutual Fund,Open Ended Schemes,Equity Scheme - Small Cap Fund,27-12-2021,113.10130
125497,SBI Small Cap Fund - Direct Plan - Growth,SBI Mutual Fund,Open Ended Schemes,Equity Scheme - Small Cap Fund,24-12-2021,113.00340
125497,SBI Small Cap Fund - Direct Plan - Growth,SBI Mutual Fund,Open Ended Schemes,Equity Scheme - Small Cap Fund,23-12-2021,114.06030
125497,SBI Small Cap Fund - Direct Plan - Growth,SBI Mutual Fund,Open Ended Schemes,Equity Scheme - Small Cap Fund,22-12-2021,113.50080
125497,SBI Small Cap Fund - Direct Plan - Growth,SBI Mutual Fund,Open Ended Schemes,Equity Scheme - Small Cap Fund,21-12-2021,112.13470
125497,SBI Small Cap Fund - Direct Plan - Growth,SBI Mutual Fund,Open Ended Schemes,Equity Scheme - Small Cap Fund,20-12-2021,111.42910
125497,SBI Small Cap Fund - Direct Plan - Growth,SBI Mutual Fund,Open Ended Schemes,Equity Scheme - Small Cap Fund,17-12-2021,114.41820
125497,SBI Small Cap Fund - Direct Plan - Growth,SBI Mutual Fund,Open Ended Schemes,Equity Scheme - Small Cap Fund,16-12-2021,115.56210
125497,SBI Small Cap Fund - Direct Plan - Growth,SBI Mutual Fund,Open Ended Schemes,Equity Scheme - Small Cap Fund,15-12-2021,116.73340
125497,SBI Small Cap Fund - Direct Plan - Growth,SBI Mutual Fund,Open Ended Schemes,Equity Scheme - Small Cap Fund,14-12-2021,116.56610
125497,SBI Small Cap Fund - Direct Plan - Growth,SBI Mutual Fund,Open Ended Schemes,Equity Scheme - Small Cap Fund,13-12-2021,116.67310
125497,SBI Small Cap Fund - Direct Plan - Growth,SBI Mutual Fund,Open Ended Schemes,Equity Scheme - Small Cap Fund,10-12-2021,117.02950
125497,SBI Small Cap Fund - Direct Plan - Growth,SBI Mutual Fund,Open Ended Schemes,Equity Scheme - Small Cap Fund,09-12-2021,116.41890
125497,SBI Small Cap Fund - Direct Plan - Growth,SBI Mutual Fund,Open Ended Schemes,Equity Scheme - Small Cap Fund,08-12-2021,115.99550
125497,SBI Small Cap Fund - Direct Plan - Growth,SBI Mutual Fund,Open Ended Schemes,Equity Scheme - Small Cap Fund,07-12-2021,115.56930
125497,SBI Small Cap Fund - Direct Plan - Growth,SBI Mutual Fund,Open Ended Schemes,Equity Scheme - Small Cap Fund,06-12-2021,114.23750
125497,SBI Small Cap Fund - Direct Plan - Growth,SBI Mutual Fund,Open Ended Schemes,Equity Scheme - Small Cap Fund,03-12-2021,115.49890
125497,SBI Small Cap Fund - Direct Plan - Growth,SBI Mutual Fund,Open Ended Schemes,Equity Scheme - Small Cap Fund,02-12-2021,115.18030
125497,SBI Small Cap Fund - Direct Plan - Growth,SBI Mutual Fund,Open Ended Schemes,Equity Scheme - Small Cap Fund,01-12-2021,114.52250
125497,SBI Small Cap Fund - Direct Plan - Growth,SBI Mutual Fund,Open Ended Schemes,Equity Scheme - Small Cap Fund,30-11-2021,114.60610
125497,SBI Small Cap Fund - Direct Plan - Growth,SBI Mutual Fund,Open Ended Schemes,Equity Scheme - Small Cap Fund,29-11-2021,112.04060
125497,SBI Small Cap Fund - Direct Plan - Growth,SBI Mutual Fund,Open Ended Schemes,Equity Scheme - Small Cap Fund,26-11-2021,113.75810
125497,SBI Small Cap Fund - Direct Plan - Growth,SBI Mutual Fund,Open Ended Schemes,Equity Scheme - Small Cap Fund,25-11-2021,117.33650
125497,SBI Small Cap Fund - Direct Plan - Growth,SBI Mutual Fund,Open Ended Schemes,Equity Scheme - Small Cap Fund,24-11-2021,116.93820
125497,SBI Small Cap Fund - Direct Plan - Growth,SBI Mutual Fund,Open Ended Schemes,Equity Scheme - Small Cap Fund,23-11-2021,115.76250
125497,SBI Small Cap Fund - Direct Plan - Growth,SBI Mutual Fund,Open Ended Schemes,Equity Scheme - Small Cap Fund,22-11-2021,114.56340
125497,SBI Small Cap Fund - Direct Plan - Growth,SBI Mutual Fund,Open Ended Schemes,Equity Scheme - Small Cap Fund,18-11-2021,116.99580
125497,SBI Small Cap Fund - Direct Plan - Growth,SBI Mutual Fund,Open Ended Schemes,Equity Scheme - Small Cap Fund,17-11-2021,118.15130
125497,SBI Small Cap Fund - Direct Plan - Growth,SBI Mutual Fund,Open Ended Schemes,Equity Scheme - Small Cap Fund,16-11-2021,118.62130
125497,SBI Small Cap Fund - Direct Plan - Growth,SBI Mutual Fund,Open Ended Schemes,Equity Scheme - Small Cap Fund,15-11-2021,119.23900
125497,SBI Small Cap Fund - Direct Plan - Growth,SBI Mutual Fund,Open Ended Schemes,Equity Scheme - Small Cap Fund,12-11-2021,119.29120
125497,SBI Small Cap Fund - Direct Plan - Growth,SBI Mutual Fund,Open Ended Schemes,Equity Scheme - Small Cap Fund,11-11-2021,118.42350
125497,SBI Small Cap Fund - Direct Plan - Growth,SBI Mutual Fund,Open Ended Schemes,Equity Scheme - Small Cap Fund,10-11-2021,117.90590
125497,SBI Small Cap Fund - Direct Plan - Growth,SBI Mutual Fund,Open Ended Schemes,Equity Scheme - Small Cap Fund,09-11-2021,117.90770
125497,SBI Small Cap Fund - Direct Plan - Growth,SBI Mutual Fund,Open Ended Schemes,Equity Scheme - Small Cap Fund,08-11-2021,117.30550
125497,SBI Small Cap Fund - Direct Plan - Growth,SBI Mutual Fund,Open Ended Schemes,Equity Scheme - Small Cap Fund,03-11-2021,115.52220
125497,SBI Small Cap Fund - Direct Plan - Growth,SBI Mutual Fund,Open Ended Schemes,Equity Scheme - Small Cap Fund,02-11-2021,115.51780
125497,SBI Small Cap Fund - Direct Plan - Growth,SBI Mutual Fund,Open Ended Schemes,Equity Scheme - Small Cap Fund,01-11-2021,114.25790
125497,SBI Small Cap Fund - Direct Plan - Growth,SBI Mutual Fund,Open Ended Schemes,Equity Scheme - Small Cap Fund,29-10-2021,113.67150
125497,SBI Small Cap Fund - Direct Plan - Growth,SBI Mutual Fund,Open Ended Schemes,Equity Scheme - Small Cap Fund,28-10-2021,113.47500
125497,SBI Small Cap Fund - Direct Plan - Growth,SBI Mutual Fund,Open Ended Schemes,Equity Scheme - Small Cap Fund,27-10-2021,114.11780
125497,SBI Small Cap Fund - Direct Plan - Growth,SBI Mutual Fund,Open Ended Schemes,Equity Scheme - Small Cap Fund,26-10-2021,113.51630
125497,SBI Small Cap Fund - Direct Plan - Growth,SBI Mutual Fund,Open Ended Schemes,Equity Scheme - Small Cap Fund,25-10-2021,111.99620
125497,SBI Small Cap Fund - Direct Plan - Growth,SBI Mutual Fund,Open Ended Schemes,Equity Scheme - Small Cap Fund,22-10-2021,113.43480
125497,SBI Small Cap Fund - Direct Plan - Growth,SBI Mutual Fund,Open Ended Schemes,Equity Scheme - Small Cap Fund,21-10-2021,113.88610
125497,SBI Small Cap Fund - Direct Plan - Growth,SBI Mutual Fund,Open Ended Schemes,Equity Scheme - Small Cap Fund,20-10-2021,113.49120
125497,SBI Small Cap Fund - Direct Plan - Growth,SBI Mutual Fund,Open Ended Schemes,Equity Scheme - Small Cap Fund,19-10-2021,116.25450
125497,SBI Small Cap Fund - Direct Plan - Growth,SBI Mutual Fund,Open Ended Schemes,Equity Scheme - Small Cap Fund,18-10-2021,117.52220
125497,SBI Small Cap Fund - Direct Plan - Growth,SBI Mutual Fund,Open Ended Schemes,Equity Scheme - Small Cap Fund,14-10-2021,116.69190
125497,SBI Small Cap Fund - Direct Plan - Growth,SBI Mutual Fund,Open Ended Schemes,Equity Scheme - Small Cap Fund,13-10-2021,116.44360
125497,SBI Small Cap Fund - Direct Plan - Growth,SBI Mutual Fund,Open Ended Schemes,Equity Scheme - Small Cap Fund,12-10-2021,115.22740
125497,SBI Small Cap Fund - Direct Plan - Growth,SBI Mutual Fund,Open Ended Schemes,Equity Scheme - Small Cap Fund,11-10-2021,115.13360
125497,SBI Small Cap Fund - Direct Plan - Growth,SBI Mutual Fund,Open Ended Schemes,Equity Scheme - Small Cap Fund,08-10-2021,114.39720
125497,SBI Small Cap Fund - Direct Plan - Growth,SBI Mutual Fund,Open Ended Schemes,Equity Scheme - Small Cap Fund,07-10-2021,113.95120
125497,SBI Small Cap Fund - Direct Plan - Growth,SBI Mutual Fund,Open Ended Schemes,Equity Scheme - Small Cap Fund,06-10-2021,112.53830
125497,SBI Small Cap Fund - Direct Plan - Growth,SBI Mutual Fund,Open Ended Schemes,Equity Scheme - Small Cap Fund,05-10-2021,112.87150
125497,SBI Small Cap Fund - Direct Plan - Growth,SBI Mutual Fund,Open Ended Schemes,Equity Scheme - Small Cap Fund,04-10-2021,112.83350
125497,SBI Small Cap Fund - Direct Plan - Growth,SBI Mutual Fund,Open Ended Schemes,Equity Scheme - Small Cap Fund,01-10-2021,110.93850
125497,SBI Small Cap Fund - Direct Plan - Growth,SBI Mutual Fund,Open Ended Schemes,Equity Scheme - Small Cap Fund,30-09-2021,110.16720
125497,SBI Small Cap Fund - Direct Plan - Growth,SBI Mutual Fund,Open Ended Schemes,Equity Scheme - Small Cap Fund,29-09-2021,109.48820
125497,SBI Small Cap Fund - Direct Plan - Growth,SBI Mutual Fund,Open Ended Schemes,Equity Scheme - Small Cap Fund,28-09-2021,109.44540
125497,SBI Small Cap Fund - Direct Plan - Growth,SBI Mutual Fund,Open Ended Schemes,Equity Scheme - Small Cap Fund,27-09-2021,109.31300
125497,SBI Small Cap Fund - Direct Plan - Growth,SBI Mutual Fund,Open Ended Schemes,Equity Scheme - Small Cap Fund,24-09-2021,109.54360
125497,SBI Small Cap Fund - Direct Plan - Growth,SBI Mutual Fund,Open Ended Schemes,Equity Scheme - Small Cap Fund,23-09-2021,110.20110
125497,SBI Small Cap Fund - Direct Plan - Growth,SBI Mutual Fund,Open Ended Schemes,Equity Scheme - Small Cap Fund,22-09-2021,109.01440
125497,SBI Small Cap Fund - Direct Plan - Growth,SBI Mutual Fund,Open Ended Schemes,Equity Scheme - Small Cap Fund,21-09-2021,107.98110
125497,SBI Small Cap Fund - Direct Plan - Growth,SBI Mutual Fund,Open Ended Schemes,Equity Scheme - Small Cap Fund,20-09-2021,107.53320
125497,SBI Small Cap Fund - Direct Plan - Growth,SBI Mutual Fund,Open Ended Schemes,Equity Scheme - Small Cap Fund,17-09-2021,109.08420
125497,SBI Small Cap Fund - Direct Plan - Growth,SBI Mutual Fund,Open Ended Schemes,Equity Scheme - Small Cap Fund,16-09-2021,110.18800
125497,SBI Small Cap Fund - Direct Plan - Growth,SBI Mutual Fund,Open Ended Schemes,Equity Scheme - Small Cap Fund,15-09-2021,110.32950
125497,SBI Small Cap Fund - Direct Plan - Growth,SBI Mutual Fund,Open Ended Schemes,Equity Scheme - Small Cap Fund,14-09-2021,109.56390
125497,SBI Small Cap Fund - Direct Plan - Growth,SBI Mutual Fund,Open Ended Schemes,Equity Scheme - Small Cap Fund,13-09-2021,108.35570
125497,SBI Small Cap Fund - Direct Plan - Growth,SBI Mutual Fund,Open Ended Schemes,Equity Scheme - Small Cap Fund,09-09-2021,108.12890
125497,SBI Small Cap Fund - Direct Plan - Growth,SBI Mutual Fund,Open Ended Schemes,Equity Scheme - Small Cap Fund,08-09-2021,107.14160
125497,SBI Small Cap Fund - Direct Plan - Growth,SBI Mutual Fund,Open Ended Schemes,Equity Scheme - Small Cap Fund,07-09-2021,106.92630
125497,SBI Small Cap Fund - Direct Plan - Growth,SBI Mutual Fund,Open Ended Schemes,Equity Scheme - Small Cap Fund,06-09-2021,107.11490
125497,SBI Small Cap Fund - Direct Plan - Growth,SBI Mutual Fund,Open Ended Schemes,Equity Scheme - Small Cap Fund,03-09-2021,106.51710
125497,SBI Small Cap Fund - Direct Plan - Growth,SBI Mutual Fund,Open Ended Schemes,Equity Scheme - Small Cap Fund,02-09-2021,106.49160
125497,SBI Small Cap Fund - Direct Plan - Growth,SBI Mutual Fund,Open Ended Schemes,Equity Scheme - Small Cap Fund,01-09-2021,105.66160
125497,SBI Small Cap Fund - Direct Plan - Growth,SBI Mutual Fund,Open Ended Schemes,Equity Scheme - Small Cap Fund,31-08-2021,105.62140
125497,SBI Small Cap Fund - Direct Plan - Growth,SBI Mutual Fund,Open Ended Schemes,Equity Scheme - Small Cap Fund,30-08-2021,104.64800
125497,SBI Small Cap Fund - Direct Plan - Growth,SBI Mutual Fund,Open Ended Schemes,Equity Scheme - Small Cap Fund,27-08-2021,102.81370
125497,SBI Small Cap Fund - Direct Plan - Growth,SBI Mutual Fund,Open Ended Schemes,Equity Scheme - Small Cap Fund,26-08-2021,102.16200
125497,SBI Small Cap Fund - Direct Plan - Growth,SBI Mutual Fund,Open Ended Schemes,Equity Scheme - Small Cap Fund,25-08-2021,101.53200
125497,SBI Small Cap Fund - Direct Plan - Growth,SBI Mutual Fund,Open Ended Schemes,Equity Scheme - Small Cap Fund,24-08-2021,101.07150
125497,SBI Small Cap Fund - Direct Plan - Growth,SBI Mutual Fund,Open Ended Schemes,Equity Scheme - Small Cap Fund,23-08-2021,100.06500
125497,SBI Small Cap Fund - Direct Plan - Growth,SBI Mutual Fund,Open Ended Schemes,Equity Scheme - Small Cap Fund,20-08-2021,101.31540
125497,SBI Small Cap Fund - Direct Plan - Growth,SBI Mutual Fund,Open Ended Schemes,Equity Scheme - Small Cap Fund,18-08-2021,102.77920
125497,SBI Small Cap Fund - Direct Plan - Growth,SBI Mutual Fund,Open Ended Schemes,Equity Scheme - Small Cap Fund,17-08-2021,102.99480
125497,SBI Small Cap Fund - Direct Plan - Growth,SBI Mutual Fund,Open Ended Schemes,Equity Scheme - Small Cap Fund,16-08-2021,102.68180
125497,SBI Small Cap Fund - Direct Plan - Growth,SBI Mutual Fund,Open Ended Schemes,Equity Scheme - Small Cap Fund,13-08-2021,103.11560
125497,SBI Small Cap Fund - Direct Plan - Growth,SBI Mutual Fund,Open Ended Schemes,Equity Scheme - Small Cap Fund,12-08-2021,102.83510
125497,SBI Small Cap Fund - Direct Plan - Growth,SBI Mutual Fund,Open Ended Schemes,Equity Scheme - Small Cap Fund,11-08-2021,101.57780
125497,SBI Small Cap Fund - Direct Plan - Growth,SBI Mutual Fund,Open Ended Schemes,Equity Scheme - Small Cap Fund,10-08-2021,102.73900
125497,SBI Small Cap Fund - Direct Plan - Growth,SBI Mutual Fund,Open Ended Schemes,Equity Scheme - Small Cap Fund,09-08-2021,104.26970
125497,SBI Small Cap Fund - Direct Plan - Growth,SBI Mutual Fund,Open Ended Schemes,Equity Scheme - Small Cap Fund,06-08-2021,104.80690
125497,SBI Small Cap Fund - Direct Plan - Growth,SBI Mutual Fund,Open Ended Schemes,Equity Scheme - Small Cap Fund,05-08-2021,104.99800
125497,SBI Small Cap Fund - Direct Plan - Growth,SBI Mutual Fund,Open Ended Schemes,Equity Scheme - Small Cap Fund,04-08-2021,105.45790
125497,SBI Small Cap Fund - Direct Plan - Growth,SBI Mutual Fund,Open Ended Schemes,Equity Scheme - Small Cap Fund,03-08-2021,106.39290
125497,SBI Small Cap Fund - Direct Plan - Growth,SBI Mutual Fund,Open Ended Schemes,Equity Scheme - Small Cap Fund,02-08-2021,106.10170
125497,SBI Small Cap Fund - Direct Plan - Growth,SBI Mutual Fund,Open Ended Schemes,Equity Scheme - Small Cap Fund,30-07-2021,105.37140
125497,SBI Small Cap Fund - Direct Plan - Growth,SBI Mutual Fund,Open Ended Schemes,Equity Scheme - Small Cap Fund,29-07-2021,104.89030
125497,SBI Small Cap Fund - Direct Plan - Growth,SBI Mutual Fund,Open Ended Schemes,Equity Scheme - Small Cap Fund,28-07-2021,103.61700
125497,SBI Small Cap Fund - Direct Plan - Growth,SBI Mutual Fund,Open Ended Schemes,Equity Scheme - Small Cap Fund,27-07-2021,103.89140
125497,SBI Small Cap Fund - Direct Plan - Growth,SBI Mutual Fund,Open Ended Schemes,Equity Scheme - Small Cap Fund,26-07-2021,104.40830
125497,SBI Small Cap Fund - Direct Plan - Growth,SBI Mutual Fund,Open Ended Schemes,Equity Scheme - Small Cap Fund,23-07-2021,104.39720
125497,SBI Small Cap Fund - Direct Plan - Growth,SBI Mutual Fund,Open Ended Schemes,Equity Scheme - Small Cap Fund,22-07-2021,104.15310
125497,SBI Small Cap Fund - Direct Plan - Growth,SBI Mutual Fund,Open Ended Schemes,Equity Scheme - Small Cap Fund,20-07-2021,103.36030
125497,SBI Small Cap Fund - Direct Plan - Growth,SBI Mutual Fund,Open Ended Schemes,Equity Scheme - Small Cap Fund,19-07-2021,104.80460
125497,SBI Small Cap Fund - Direct Plan - Growth,SBI Mutual Fund,Open Ended Schemes,Equity Scheme - Small Cap Fund,16-07-2021,104.99140
125497,SBI Small Cap Fund - Direct Plan - Growth,SBI Mutual Fund,Open Ended Schemes,Equity Scheme - Small Cap Fund,15-07-2021,105.06950
125497,SBI Small Cap Fund - Direct Plan - Growth,SBI Mutual Fund,Open Ended Schemes,Equity Scheme - Small Cap Fund,14-07-2021,105.25640
125497,SBI Small Cap Fund - Direct Plan - Growth,SBI Mutual Fund,Open Ended Schemes,Equity Scheme - Small Cap Fund,13-07-2021,104.67460
125497,SBI Small Cap Fund - Direct Plan - Growth,SBI Mutual Fund,Open Ended Schemes,Equity Scheme - Small Cap Fund,12-07-2021,104.10410
125497,SBI Small Cap Fund - Direct Plan - Growth,SBI Mutual Fund,Open Ended Schemes,Equity Scheme - Small Cap Fund,09-07-2021,103.16640
125497,SBI Small Cap Fund - Direct Plan - Growth,SBI Mutual Fund,Open Ended Schemes,Equity Scheme - Small Cap Fund,08-07-2021,103.09630
125497,SBI Small Cap Fund - Direct Plan - Growth,SBI Mutual Fund,Open Ended Schemes,Equity Scheme - Small Cap Fund,07-07-2021,103.59810
125497,SBI Small Cap Fund - Direct Plan - Growth,SBI Mutual Fund,Open Ended Schemes,Equity Scheme - Small Cap Fund,06-07-2021,102.89880
125497,SBI Small Cap Fund - Direct Plan - Growth,SBI Mutual Fund,Open Ended Schemes,Equity Scheme - Small Cap Fund,05-07-2021,102.47920
125497,SBI Small Cap Fund - Direct Plan - Growth,SBI Mutual Fund,Open Ended Schemes,Equity Scheme - Small Cap Fund,02-07-2021,101.80670
125497,SBI Small Cap Fund - Direct Plan - Growth,SBI Mutual Fund,Open Ended Schemes,Equity Scheme - Small Cap Fund,01-07-2021,101.14200
125497,SBI Small Cap Fund - Direct Plan - Growth,SBI Mutual Fund,Open Ended Schemes,Equity Scheme - Small Cap Fund,30-06-2021,100.97560
125497,SBI Small Cap Fund - Direct Plan - Growth,SBI Mutual Fund,Open Ended Schemes,Equity Scheme - Small Cap Fund,29-06-2021,100.50420
125497,SBI Small Cap Fund - Direct Plan - Growth,SBI Mutual Fund,Open Ended Schemes,Equity Scheme - Small Cap Fund,28-06-2021,100.78620
125497,SBI Small Cap Fund - Direct Plan - Growth,SBI Mutual Fund,Open Ended Schemes,Equity Scheme - Small Cap Fund,25-06-2021,100.11550
125497,SBI Small Cap Fund - Direct Plan - Growth,SBI Mutual Fund,Open Ended Schemes,Equity Scheme - Small Cap Fund,24-06-2021,99.77290
125497,SBI Small Cap Fund - Direct Plan - Growth,SBI Mutual Fund,Open Ended Schemes,Equity Scheme - Small Cap Fund,23-06-2021,99.71000
125497,SBI Small Cap Fund - Direct Plan - Growth,SBI Mutual Fund,Open Ended Schemes,Equity Scheme - Small Cap Fund,22-06-2021,99.36600
125497,SBI Small Cap Fund - Direct Plan - Growth,SBI Mutual Fund,Open Ended Schemes,Equity Scheme - Small Cap Fund,21-06-2021,98.81950
125497,SBI Small Cap Fund - Direct Plan - Growth,SBI Mutual Fund,Open Ended Schemes,Equity Scheme - Small Cap Fund,18-06-2021,98.43440
125497,SBI Small Cap Fund - Direct Plan - Growth,SBI Mutual Fund,Open Ended Schemes,Equity Scheme - Small Cap Fund,17-06-2021,98.60260
125497,SBI Small Cap Fund - Direct Plan - Growth,SBI Mutual Fund,Open Ended Schemes,Equity Scheme - Small Cap Fund,16-06-2021,99.13380
125497,SBI Small Cap Fund - Direct Plan - Growth,SBI Mutual Fund,Open Ended Schemes,Equity Scheme - Small Cap Fund,15-06-2021,99.60140
125497,SBI Small Cap Fund - Direct Plan - Growth,SBI Mutual Fund,Open Ended Schemes,Equity Scheme - Small Cap Fund,14-06-2021,99.23390
125497,SBI Small Cap Fund - Direct Plan - Growth,SBI Mutual Fund,Open Ended Schemes,Equity Scheme - Small Cap Fund,11-06-2021,99.83450
125497,SBI Small Cap Fund - Direct Plan - Growth,SBI Mutual Fund,Open Ended Schemes,Equity Scheme - Small Cap Fund,10-06-2021,99.96540
125497,SBI Small Cap Fund - Direct Plan - Growth,SBI Mutual Fund,Open Ended Schemes,Equity Scheme - Small Cap Fund,09-06-2021,99.00360
125497,SBI Small Cap Fund - Direct Plan - Growth,SBI Mutual Fund,Open Ended Schemes,Equity Scheme - Small Cap Fund,08-06-2021,100.11220
125497,SBI Small Cap Fund - Direct Plan - Growth,SBI Mutual Fund,Open Ended Schemes,Equity Scheme - Small Cap Fund,07-06-2021,99.94910
125497,SBI Small Cap Fund - Direct Plan - Growth,SBI Mutual Fund,Open Ended Schemes,Equity Scheme - Small Cap Fund,04-06-2021,98.85390
125497,SBI Small Cap Fund - Direct Plan - Growth,SBI Mutual Fund,Open Ended Schemes,Equity Scheme - Small Cap Fund,03-06-2021,98.12500
125497,SBI Small Cap Fund - Direct Plan - Growth,SBI Mutual Fund,Open Ended Schemes,Equity Scheme - Small Cap Fund,02-06-2021,98.07960
125497,SBI Small Cap Fund - Direct Plan - Growth,SBI Mutual Fund,Open Ended Schemes,Equity Scheme - Small Cap Fund,01-06-2021,97.20440
125497,SBI Small Cap Fund - Direct Plan - Growth,SBI Mutual Fund,Open Ended Schemes,Equity Scheme - Small Cap Fund,31-05-2021,97.38000
125497,SBI Small Cap Fund - Direct Plan - Growth,SBI Mutual Fund,Open Ended Schemes,Equity Scheme - Small Cap Fund,28-05-2021,97.24830
125497,SBI Small Cap Fund - Direct Plan - Growth,SBI Mutual Fund,Open Ended Schemes,Equity Scheme - Small Cap Fund,27-05-2021,97.90630
125497,SBI Small Cap Fund - Direct Plan - Growth,SBI Mutual Fund,Open Ended Schemes,Equity Scheme - Small Cap Fund,26-05-2021,97.34370
125497,SBI Small Cap Fund - Direct Plan - Growth,SBI Mutual Fund,Open Ended Schemes,Equity Scheme - Small Cap Fund,25-05-2021,96.89920
125497,SBI Small Cap Fund - Direct Plan - Growth,SBI Mutual Fund,Open Ended Schemes,Equity Scheme - Small Cap Fund,24-05-2021,96.03050
125497,SBI Small Cap Fund - Direct Plan - Growth,SBI Mutual Fund,Open Ended Schemes,Equity Scheme - Small Cap Fund,21-05-2021,95.39140
125497,SBI Small Cap Fund - Direct Plan - Growth,SBI Mutual Fund,Open Ended Schemes,Equity Scheme - Small Cap Fund,20-05-2021,95.03160
125497,SBI Small Cap Fund - Direct Plan - Growth,SBI Mutual Fund,Open Ended Schemes,Equity Scheme - Small Cap Fund,19-05-2021,94.75580
125497,SBI Small Cap Fund - Direct Plan - Growth,SBI Mutual Fund,Open Ended Schemes,Equity Scheme - Small Cap Fund,18-05-2021,93.92250
125497,SBI Small Cap Fund - Direct Plan - Growth,SBI Mutual Fund,Open Ended Schemes,Equity Scheme - Small Cap Fund,17-05-2021,92.95850
125497,SBI Small Cap Fund - Direct Plan - Growth,SBI Mutual Fund,Open Ended Schemes,Equity Scheme - Small Cap Fund,14-05-2021,92.27650
125497,SBI Small Cap Fund - Direct Plan - Growth,SBI Mutual Fund,Open Ended Schemes,Equity Scheme - Small Cap Fund,12-05-2021,92.91240
125497,SBI Small Cap Fund - Direct Plan - Growth,SBI Mutual Fund,Open Ended Schemes,Equity Scheme - Small Cap Fund,11-05-2021,93.57370
125497,SBI Small Cap Fund - Direct Plan - Growth,SBI Mutual Fund,Open Ended Schemes,Equity Scheme - Small Cap Fund,10-05-2021,92.84600
125497,SBI Small Cap Fund - Direct Plan - Growth,SBI Mutual Fund,Open Ended Schemes,Equity Scheme - Small Cap Fund,07-05-2021,92.21350
125497,SBI Small Cap Fund - Direct Plan - Growth,SBI Mutual Fund,Open Ended Schemes,Equity Scheme - Small Cap Fund,06-05-2021,92.11860
125497,SBI Small Cap Fund - Direct Plan - Growth,SBI Mutual Fund,Open Ended Schemes,Equity Scheme - Small Cap Fund,05-05-2021,92.05770
125497,SBI Small Cap Fund - Direct Plan - Growth,SBI Mutual Fund,Open Ended Schemes,Equity Scheme - Small Cap Fund,04-05-2021,91.36260
125497,SBI Small Cap Fund - Direct Plan - Growth,SBI Mutual Fund,Open Ended Schemes,Equity Scheme - Small Cap Fund,03-05-2021,91.38280
125497,SBI Small Cap Fund - Direct Plan - Growth,SBI Mutual Fund,Open Ended Schemes,Equity Scheme - Small Cap Fund,30-04-2021,90.47520
125497,SBI Small Cap Fund - Direct Plan - Growth,SBI Mutual Fund,Open Ended Schemes,Equity Scheme - Small Cap Fund,29-04-2021,90.61730
125497,SBI Small Cap Fund - Direct Plan - Growth,SBI Mutual Fund,Open Ended Schemes,Equity Scheme - Small Cap Fund,28-04-2021,90.33200
125497,SBI Small Cap Fund - Direct Plan - Growth,SBI Mutual Fund,Open Ended Schemes,Equity Scheme - Small Cap Fund,27-04-2021,89.57120
125497,SBI Small Cap Fund - Direct Plan - Growth,SBI Mutual Fund,Open Ended Schemes,Equity Scheme - Small Cap Fund,26-04-2021,88.55580
125497,SBI Small Cap Fund - Direct Plan - Growth,SBI Mutual Fund,Open Ended Schemes,Equity Scheme - Small Cap Fund,23-04-2021,87.91490
125497,SBI Small Cap Fund - Direct Plan - Growth,SBI Mutual Fund,Open Ended Schemes,Equity Scheme - Small Cap Fund,22-04-2021,87.76700
125497,SBI Small Cap Fund - Direct Plan - Growth,SBI Mutual Fund,Open Ended Schemes,Equity Scheme - Small Cap Fund,20-04-2021,87.19480
125497,SBI Small Cap Fund - Direct Plan - Growth,SBI Mutual Fund,Open Ended Schemes,Equity Scheme - Small Cap Fund,19-04-2021,86.77830
125497,SBI Small Cap Fund - Direct Plan - Growth,SBI Mutual Fund,Open Ended Schemes,Equity Scheme - Small Cap Fund,16-04-2021,87.38880
125497,SBI Small Cap Fund - Direct Plan - Growth,SBI Mutual Fund,Open Ended Schemes,Equity Scheme - Small Cap Fund,15-04-2021,87.12590
125497,SBI Small Cap Fund - Direct Plan - Growth,SBI Mutual Fund,Open Ended Schemes,Equity Scheme - Small Cap Fund,13-04-2021,86.95160
125497,SBI Small Cap Fund - Direct Plan - Growth,SBI Mutual Fund,Open Ended Schemes,Equity Scheme - Small Cap Fund,12-04-2021,86.27200
125497,SBI Small Cap Fund - Direct Plan - Growth,SBI Mutual Fund,Open Ended Schemes,Equity Scheme - Small Cap Fund,09-04-2021,90.00910
125497,SBI Small Cap Fund - Direct Plan - Growth,SBI Mutual Fund,Open Ended Schemes,Equity Scheme - Small Cap Fund,08-04-2021,89.99640
125497,SBI Small Cap Fund - Direct Plan - Growth,SBI Mutual Fund,Open Ended Schemes,Equity Scheme - Small Cap Fund,07-04-2021,88.90630
125497,SBI Small Cap Fund - Direct Plan - Growth,SBI Mutual Fund,Open Ended Schemes,Equity Scheme - Small Cap Fund,06-04-2021,88.34190
125497,SBI Small Cap Fund - Direct Plan - Growth,SBI Mutual Fund,Open Ended Schemes,Equity Scheme - Small Cap Fund,05-04-2021,87.59760
125497,SBI Small Cap Fund - Direct Plan - Growth,SBI Mutual Fund,Open Ended Schemes,Equity Scheme - Small Cap Fund,01-04-2021,88.49030
125497,SBI Small Cap Fund - Direct Plan - Growth,SBI Mutual Fund,Open Ended Schemes,Equity Scheme - Small Cap Fund,31-03-2021,87.47370
125497,SBI Small Cap Fund - Direct Plan - Growth,SBI Mutual Fund,Open Ended Schemes,Equity Scheme - Small Cap Fund,30-03-2021,86.69770
125497,SBI Small Cap Fund - Direct Plan - Growth,SBI Mutual Fund,Open Ended Schemes,Equity Scheme - Small Cap Fund,26-03-2021,85.50870
125497,SBI Small Cap Fund - Direct Plan - Growth,SBI Mutual Fund,Open Ended Schemes,Equity Scheme - Small Cap Fund,25-03-2021,84.66980
125497,SBI Small Cap Fund - Direct Plan - Growth,SBI Mutual Fund,Open Ended Schemes,Equity Scheme - Small Cap Fund,24-03-2021,86.17170
125497,SBI Small Cap Fund - Direct Plan - Growth,SBI Mutual Fund,Open Ended Schemes,Equity Scheme - Small Cap Fund,23-03-2021,87.52120
125497,SBI Small Cap Fund - Direct Plan - Growth,SBI Mutual Fund,Open Ended Schemes,Equity Scheme - Small Cap Fund,22-03-2021,86.41560
125497,SBI Small Cap Fund - Direct Plan - Growth,SBI Mutual Fund,Open Ended Schemes,Equity Scheme - Small Cap Fund,19-03-2021,85.74980
125497,SBI Small Cap Fund - Direct Plan - Growth,SBI Mutual Fund,Open Ended Schemes,Equity Scheme - Small Cap Fund,18-03-2021,86.04650
125497,SBI Small Cap Fund - Direct Plan - Growth,SBI Mutual Fund,Open Ended Schemes,Equity Scheme - Small Cap Fund,17-03-2021,87.27320
125497,SBI Small Cap Fund - Direct Plan - Growth,SBI Mutual Fund,Open Ended Schemes,Equity Scheme - Small Cap Fund,16-03-2021,88.56820
125497,SBI Small Cap Fund - Direct Plan - Growth,SBI Mutual Fund,Open Ended Schemes,Equity Scheme - Small Cap Fund,15-03-2021,88.59630
125497,SBI Small Cap Fund - Direct Plan - Growth,SBI Mutual Fund,Open Ended Schemes,Equity Scheme - Small Cap Fund,12-03-2021,88.93150
125497,SBI Small Cap Fund - Direct Plan - Growth,SBI Mutual Fund,Open Ended Schemes,Equity Scheme - Small Cap Fund,10-03-2021,88.69660
125497,SBI Small Cap Fund - Direct Plan - Growth,SBI Mutual Fund,Open Ended Schemes,Equity Scheme - Small Cap Fund,09-03-2021,88.31610
125497,SBI Small Cap Fund - Direct Plan - Growth,SBI Mutual Fund,Open Ended Schemes,Equity Scheme - Small Cap Fund,08-03-2021,88.58760
125497,SBI Small Cap Fund - Direct Plan - Growth,SBI Mutual Fund,Open Ended Schemes,Equity Scheme - Small Cap Fund,05-03-2021,88.22520
125497,SBI Small Cap Fund - Direct Plan - Growth,SBI Mutual Fund,Open Ended Schemes,Equity Scheme - Small Cap Fund,04-03-2021,88.96230
125497,SBI Small Cap Fund - Direct Plan - Growth,SBI Mutual Fund,Open Ended Schemes,Equity Scheme - Small Cap Fund,03-03-2021,88.49230
125497,SBI Small Cap Fund - Direct Plan - Growth,SBI Mutual Fund,Open Ended Schemes,Equity Scheme - Small Cap Fund,02-03-2021,87.76620
125497,SBI Small Cap Fund - Direct Plan - Growth,SBI Mutual Fund,Open Ended Schemes,Equity Scheme - Small Cap Fund,01-03-2021,86.89470
125497,SBI Small Cap Fund - Direct Plan - Growth,SBI Mutual Fund,Open Ended Schemes,Equity Scheme - Small Cap Fund,26-02-2021,85.78780
125497,SBI Small Cap Fund - Direct Plan - Growth,SBI Mutual Fund,Open Ended Schemes,Equity Scheme - Small Cap Fund,25-02-2021,86.35880
125497,SBI Small Cap Fund - Direct Plan - Growth,SBI Mutual Fund,Open Ended Schemes,Equity Scheme - Small Cap Fund,24-02-2021,84.79360
125497,SBI Small Cap Fund - Direct Plan - Growth,SBI Mutual Fund,Open Ended Schemes,Equity Scheme - Small Cap Fund,23-02-2021,84.01350
125497,SBI Small Cap Fund - Direct Plan - Growth,SBI Mutual Fund,Open Ended Schemes,Equity Scheme - Small Cap Fund,22-02-2021,83.66080
125497,SBI Small Cap Fund - Direct Plan - Growth,SBI Mutual Fund,Open Ended Schemes,Equity Scheme - Small Cap Fund,19-02-2021,84.92730
125497,SBI Small Cap Fund - Direct Plan - Growth,SBI Mutual Fund,Open Ended Schemes,Equity Scheme - Small Cap Fund,18-02-2021,85.53170
125497,SBI Small Cap Fund - Direct Plan - Growth,SBI Mutual Fund,Open Ended Schemes,Equity Scheme - Small Cap Fund,17-02-2021,84.81930
125497,SBI Small Cap Fund - Direct Plan - Growth,SBI Mutual Fund,Open Ended Schemes,Equity Scheme - Small Cap Fund,16-02-2021,84.58710
125497,SBI Small Cap Fund - Direct Plan - Growth,SBI Mutual Fund,Open Ended Schemes,Equity Scheme - Small Cap Fund,15-02-2021,85.02760
125497,SBI Small Cap Fund - Direct Plan - Growth,SBI Mutual Fund,Open Ended Schemes,Equity Scheme - Small Cap Fund,12-02-2021,84.58640
125497,SBI Small Cap Fund - Direct Plan - Growth,SBI Mutual Fund,Open Ended Schemes,Equity Scheme - Small Cap Fund,11-02-2021,84.16940
125497,SBI Small Cap Fund - Direct Plan - Growth,SBI Mutual Fund,Open Ended Schemes,Equity Scheme - Small Cap Fund,10-02-2021,83.38640
125497,SBI Small Cap Fund - Direct Plan - Growth,SBI Mutual Fund,Open Ended Schemes,Equity Scheme - Small Cap Fund,09-02-2021,83.13030
125497,SBI Small Cap Fund - Direct Plan - Growth,SBI Mutual Fund,Open Ended Schemes,Equity Scheme - Small Cap Fund,08-02-2021,83.49240
125497,SBI Small Cap Fund - Direct Plan - Growth,SBI Mutual Fund,Open Ended Schemes,Equity Scheme - Small Cap Fund,05-02-2021,82.61530
125497,SBI Small Cap Fund - Direct Plan - Growth,SBI Mutual Fund,Open Ended Schemes,Equity Scheme - Small Cap Fund,04-02-2021,82.44530
125497,SBI Small Cap Fund - Direct Plan - Growth,SBI Mutual Fund,Open Ended Schemes,Equity Scheme - Small Cap Fund,03-02-2021,81.65380
125497,SBI Small Cap Fund - Direct Plan - Growth,SBI Mutual Fund,Open Ended Schemes,Equity Scheme - Small Cap Fund,02-02-2021,80.62250
125497,SBI Small Cap Fund - Direct Plan - Growth,SBI Mutual Fund,Open Ended Schemes,Equity Scheme - Small Cap Fund,01-02-2021,79.43440
125497,SBI Small Cap Fund - Direct Plan - Growth,SBI Mutual Fund,Open Ended Schemes,Equity Scheme - Small Cap Fund,29-01-2021,77.85370
125497,SBI Small Cap Fund - Direct Plan - Growth,SBI Mutual Fund,Open Ended Schemes,Equity Scheme - Small Cap Fund,28-01-2021,77.70090
125497,SBI Small Cap Fund - Direct Plan - Growth,SBI Mutual Fund,Open Ended Schemes,Equity Scheme - Small Cap Fund,27-01-2021,78.24940
125497,SBI Small Cap Fund - Direct Plan - Growth,SBI Mutual Fund,Open Ended Schemes,Equity Scheme - Small Cap Fund,25-01-2021,78.98670
125497,SBI Small Cap Fund - Direct Plan - Growth,SBI Mutual Fund,Open Ended Schemes,Equity Scheme - Small Cap Fund,22-01-2021,79.60840
125497,SBI Small Cap Fund - Direct Plan - Growth,SBI Mutual Fund,Open Ended Schemes,Equity Scheme - Small Cap Fund,21-01-2021,80.50940
125497,SBI Small Cap Fund - Direct Plan - Growth,SBI Mutual Fund,Open Ended Schemes,Equity Scheme - Small Cap Fund,20-01-2021,80.62590
125497,SBI Small Cap Fund - Direct Plan - Growth,SBI Mutual Fund,Open Ended Schemes,Equity Scheme - Small Cap Fund,19-01-2021,80.61730
125497,SBI Small Cap Fund - Direct Plan - Growth,SBI Mutual Fund,Open Ended Schemes,Equity Scheme - Small Cap Fund,18-01-2021,79.44010
125497,SBI Small Cap Fund - Direct Plan - Growth,SBI Mutual Fund,Open Ended Schemes,Equity Scheme - Small Cap Fund,15-01-2021,80.53020
125497,SBI Small Cap Fund - Direct Plan - Growth,SBI Mutual Fund,Open Ended Schemes,Equity Scheme - Small Cap Fund,14-01-2021,81.09440
125497,SBI Small Cap Fund - Direct Plan - Growth,SBI Mutual Fund,Open Ended Schemes,Equity Scheme - Small Cap Fund,13-01-2021,81.60650
125497,SBI Small Cap Fund - Direct Plan - Growth,SBI Mutual Fund,Open Ended Schemes,Equity Scheme - Small Cap Fund,12-01-2021,81.98530
125497,SBI Small Cap Fund - Direct Plan - Growth,SBI Mutual Fund,Open Ended Schemes,Equity Scheme - Small Cap Fund,11-01-2021,82.09490
125497,SBI Small Cap Fund - Direct Plan - Growth,SBI Mutual Fund,Open Ended Schemes,Equity Scheme - Small Cap Fund,08-01-2021,82.40470
125497,SBI Small Cap Fund - Direct Plan - Growth,SBI Mutual Fund,Open Ended Schemes,Equity Scheme - Small Cap Fund,07-01-2021,81.86890
125497,SBI Small Cap Fund - Direct Plan - Growth,SBI Mutual Fund,Open Ended Schemes,Equity Scheme - Small Cap Fund,06-01-2021,80.87950
125497,SBI Small Cap Fund - Direct Plan - Growth,SBI Mutual Fund,Open Ended Schemes,Equity Scheme - Small Cap Fund,05-01-2021,80.68970
125497,SBI Small Cap Fund - Direct Plan - Growth,SBI Mutual Fund,Open Ended Schemes,Equity Scheme - Small Cap Fund,04-01-2021,79.91780
125497,SBI Small Cap Fund - Direct Plan - Growth,SBI Mutual Fund,Open Ended Schemes,Equity Scheme - Small Cap Fund,01-01-2021,78.96100
125497,SBI Small Cap Fund - Direct Plan - Growth,SBI Mutual Fund,Open Ended Schemes,Equity Scheme - Small Cap Fund,31-12-2020,78.13960
125497,SBI Small Cap Fund - Direct Plan - Growth,SBI Mutual Fund,Open Ended Schemes,Equity Scheme - Small Cap Fund,30-12-2020,78.16080
125497,SBI Small Cap Fund - Direct Plan - Growth,SBI Mutual Fund,Open Ended Schemes,Equity Scheme - Small Cap Fund,29-12-2020,77.93780
125497,SBI Small Cap Fund - Direct Plan - Growth,SBI Mutual Fund,Open Ended Schemes,Equity Scheme - Small Cap Fund,28-12-2020,77.20100
125497,SBI Small Cap Fund - Direct Plan - Growth,SBI Mutual Fund,Open Ended Schemes,Equity Scheme - Small Cap Fund,24-12-2020,76.26520
125497,SBI Small Cap Fund - Direct Plan - Growth,SBI Mutual Fund,Open Ended Schemes,Equity Scheme - Small Cap Fund,23-12-2020,75.99500
125497,SBI Small Cap Fund - Direct Plan - Growth,SBI Mutual Fund,Open Ended Schemes,Equity Scheme - Small Cap Fund,22-12-2020,74.44380
125497,SBI Small Cap Fund - Direct Plan - Growth,SBI Mutual Fund,Open Ended Schemes,Equity Scheme - Small Cap Fund,21-12-2020,74.34310
125497,SBI Small Cap Fund - Direct Plan - Growth,SBI Mutual Fund,Open Ended Schemes,Equity Scheme - Small Cap Fund,18-12-2020,76.63510
125497,SBI Small Cap Fund - Direct Plan - Growth,SBI Mutual Fund,Open Ended Schemes,Equity Scheme - Small Cap Fund,17-12-2020,76.94640
125497,SBI Small Cap Fund - Direct Plan - Growth,SBI Mutual Fund,Open Ended Schemes,Equity Scheme - Small Cap Fund,16-12-2020,77.13520
125497,SBI Small Cap Fund - Direct Plan - Growth,SBI Mutual Fund,Open Ended Schemes,Equity Scheme - Small Cap Fund,15-12-2020,76.85270
125497,SBI Small Cap Fund - Direct Plan - Growth,SBI Mutual Fund,Open Ended Schemes,Equity Scheme - Small Cap Fund,14-12-2020,76.73020
125497,SBI Small Cap Fund - Direct Plan - Growth,SBI Mutual Fund,Open Ended Schemes,Equity Scheme - Small Cap Fund,11-12-2020,76.18970
125497,SBI Small Cap Fund - Direct Plan - Growth,SBI Mutual Fund,Open Ended Schemes,Equity Scheme - Small Cap Fund,10-12-2020,76.02580
125497,SBI Small Cap Fund - Direct Plan - Growth,SBI Mutual Fund,Open Ended Schemes,Equity Scheme - Small Cap Fund,09-12-2020,76.36330
125497,SBI Small Cap Fund - Direct Plan - Growth,SBI Mutual Fund,Open Ended Schemes,Equity Scheme - Small Cap Fund,08-12-2020,76.03470
125497,SBI Small Cap Fund - Direct Plan - Growth,SBI Mutual Fund,Open Ended Schemes,Equity Scheme - Small Cap Fund,07-12-2020,76.27570
125497,SBI Small Cap Fund - Direct Plan - Growth,SBI Mutual Fund,Open Ended Schemes,Equity Scheme - Small Cap Fund,04-12-2020,75.25310
125497,SBI Small Cap Fund - Direct Plan - Growth,SBI Mutual Fund,Open Ended Schemes,Equity Scheme - Small Cap Fund,03-12-2020,74.51880
125497,SBI Small Cap Fund - Direct Plan - Growth,SBI Mutual Fund,Open Ended Schemes,Equity Scheme - Small Cap Fund,02-12-2020,74.09610
125497,SBI Small Cap Fund - Direct Plan - Growth,SBI Mutual Fund,Open Ended Schemes,Equity Scheme - Small Cap Fund,01-12-2020,73.91510
125497,SBI Small Cap Fund - Direct Plan - Growth,SBI Mutual Fund,Open Ended Schemes,Equity Scheme - Small Cap Fund,27-11-2020,73.11050
125497,SBI Small Cap Fund - Direct Plan - Growth,SBI Mutual Fund,Open Ended Schemes,Equity Scheme - Small Cap Fund,26-11-2020,71.43940
125497,SBI Small Cap Fund - Direct Plan - Growth,SBI Mutual Fund,Open Ended Schemes,Equity Scheme - Small Cap Fund,25-11-2020,71.28590
125497,SBI Small Cap Fund - Direct Plan - Growth,SBI Mutual Fund,Open Ended Schemes,Equity Scheme - Small Cap Fund,24-11-2020,72.03940
125497,SBI Small Cap Fund - Direct Plan - Growth,SBI Mutual Fund,Open Ended Schemes,Equity Scheme - Small Cap Fund,23-11-2020,71.31080
125497,SBI Small Cap Fund - Direct Plan - Growth,SBI Mutual Fund,Open Ended Schemes,Equity Scheme - Small Cap Fund,20-11-2020,70.68970
125497,SBI Small Cap Fund - Direct Plan - Growth,SBI Mutual Fund,Open Ended Schemes,Equity Scheme - Small Cap Fund,19-11-2020,70.32570
125497,SBI Small Cap Fund - Direct Plan - Growth,SBI Mutual Fund,Open Ended Schemes,Equity Scheme - Small Cap Fund,18-11-2020,70.07870
125497,SBI Small Cap Fund - Direct Plan - Growth,SBI Mutual Fund,Open Ended Schemes,Equity Scheme - Small Cap Fund,17-11-2020,69.25850
125497,SBI Small Cap Fund - Direct Plan - Growth,SBI Mutual Fund,Open Ended Schemes,Equity Scheme - Small Cap Fund,13-11-2020,67.89750
125497,SBI Small Cap Fund - Direct Plan - Growth,SBI Mutual Fund,Open Ended Schemes,Equity Scheme - Small Cap Fund,12-11-2020,67.08740
125497,SBI Small Cap Fund - Direct Plan - Growth,SBI Mutual Fund,Open Ended Schemes,Equity Scheme - Small Cap Fund,11-11-2020,66.66850
125497,SBI Small Cap Fund - Direct Plan - Growth,SBI Mutual Fund,Open Ended Schemes,Equity Scheme - Small Cap Fund,10-11-2020,66.49610
125497,SBI Small Cap Fund - Direct Plan - Growth,SBI Mutual Fund,Open Ended Schemes,Equity Scheme - Small Cap Fund,09-11-2020,66.57070
125497,SBI Small Cap Fund - Direct Plan - Growth,SBI Mutual Fund,Open Ended Schemes,Equity Scheme - Small Cap Fund,06-11-2020,65.76100
125497,SBI Small Cap Fund - Direct Plan - Growth,SBI Mutual Fund,Open Ended Schemes,Equity Scheme - Small Cap Fund,05-11-2020,65.36320
125497,SBI Small Cap Fund - Direct Plan - Growth,SBI Mutual Fund,Open Ended Schemes,Equity Scheme - Small Cap Fund,04-11-2020,64.67030
125497,SBI Small Cap Fund - Direct Plan - Growth,SBI Mutual Fund,Open Ended Schemes,Equity Scheme - Small Cap Fund,03-11-2020,64.27570
125497,SBI Small Cap Fund - Direct Plan - Growth,SBI Mutual Fund,Open Ended Schemes,Equity Scheme - Small Cap Fund,02-11-2020,63.95820
125497,SBI Small Cap Fund - Direct Plan - Growth,SBI Mutual Fund,Open Ended Schemes,Equity Scheme - Small Cap Fund,30-10-2020,64.04220
125497,SBI Small Cap Fund - Direct Plan - Growth,SBI Mutual Fund,Open Ended Schemes,Equity Scheme - Small Cap Fund,29-10-2020,63.87380
125497,SBI Small Cap Fund - Direct Plan - Growth,SBI Mutual Fund,Open Ended Schemes,Equity Scheme - Small Cap Fund,28-10-2020,64.12640
125497,SBI Small Cap Fund - Direct Plan - Growth,SBI Mutual Fund,Open Ended Schemes,Equity Scheme - Small Cap Fund,27-10-2020,64.29050
125497,SBI Small Cap Fund - Direct Plan - Growth,SBI Mutual Fund,Open Ended Schemes,Equity Scheme - Small Cap Fund,26-10-2020,64.14670
125497,SBI Small Cap Fund - Direct Plan - Growth,SBI Mutual Fund,Open Ended Schemes,Equity Scheme - Small Cap Fund,23-10-2020,64.41670
125497,SBI Small Cap Fund - Direct Plan - Growth,SBI Mutual Fund,Open Ended Schemes,Equity Scheme - Small Cap Fund,22-10-2020,63.92640
125497,SBI Small Cap Fund - Direct Plan - Growth,SBI Mutual Fund,Open Ended Schemes,Equity Scheme - Small Cap Fund,21-10-2020,63.76260
125497,SBI Small Cap Fund - Direct Plan - Growth,SBI Mutual Fund,Open Ended Schemes,Equity Scheme - Small Cap Fund,20-10-2020,63.71480
125497,SBI Small Cap Fund - Direct Plan - Growth,SBI Mutual Fund,Open Ended Schemes,Equity Scheme - Small Cap Fund,19-10-2020,63.79330
125497,SBI Small Cap Fund - Direct Plan - Growth,SBI Mutual Fund,Open Ended Schemes,Equity Scheme - Small Cap Fund,16-10-2020,63.28830
125497,SBI Small Cap Fund - Direct Plan - Growth,SBI Mutual Fund,Open Ended Schemes,Equity Scheme - Small Cap Fund,15-10-2020,62.55860
125497,SBI Small Cap Fund - Direct Plan - Growth,SBI Mutual Fund,Open Ended Schemes,Equity Scheme - Small Cap Fund,14-10-2020,63.46370
125497,SBI Small Cap Fund - Direct Plan - Growth,SBI Mutual Fund,Open Ended Schemes,Equity Scheme - Small Cap Fund,13-10-2020,62.86580
125497,SBI Small Cap Fund - Direct Plan - Growth,SBI Mutual Fund,Open Ended Schemes,Equity Scheme - Small Cap Fund,12-10-2020,62.75970
125497,SBI Small Cap Fund - Direct Plan - Growth,SBI Mutual Fund,Open Ended Schemes,Equity Scheme - Small Cap Fund,09-10-2020,63.29060
125497,SBI Small Cap Fund - Direct Plan - Growth,SBI Mutual Fund,Open Ended Schemes,Equity Scheme - Small Cap Fund,08-10-2020,63.48170
125497,SBI Small Cap Fund - Direct Plan - Growth,SBI Mutual Fund,Open Ended Schemes,Equity Scheme - Small Cap Fund,07-10-2020,64.10250
125497,SBI Small Cap Fund - Direct Plan - Growth,SBI Mutual Fund,Open Ended Schemes,Equity Scheme - Small Cap Fund,06-10-2020,64.26170
125497,SBI Small Cap Fund - Direct Plan - Growth,SBI Mutual Fund,Open Ended Schemes,Equity Scheme - Small Cap Fund,05-10-2020,64.35350
125497,SBI Small Cap Fund - Direct Plan - Growth,SBI Mutual Fund,Open Ended Schemes,Equity Scheme - Small Cap Fund,01-10-2020,64.10930
125497,SBI Small Cap Fund - Direct Plan - Growth,SBI Mutual Fund,Open Ended Schemes,Equity Scheme - Small Cap Fund,30-09-2020,63.80230
125497,SBI Small Cap Fund - Direct Plan - Growth,SBI Mutual Fund,Open Ended Schemes,Equity Scheme - Small Cap Fund,29-09-2020,63.63050
125497,SBI Small Cap Fund - Direct Plan - Growth,SBI Mutual Fund,Open Ended Schemes,Equity Scheme - Small Cap Fund,28-09-2020,63.56630
125497,SBI Small Cap Fund - Direct Plan - Growth,SBI Mutual Fund,Open Ended Schemes,Equity Scheme - Small Cap Fund,25-09-2020,62.48450
125497,SBI Small Cap Fund - Direct Plan - Growth,SBI Mutual Fund,Open Ended Schemes,Equity Scheme - Small Cap Fund,24-09-2020,61.64670
125497,SBI Small Cap Fund - Direct Plan - Growth,SBI Mutual Fund,Open Ended Schemes,Equity Scheme - Small Cap Fund,23-09-2020,62.70630
125497,SBI Small Cap Fund - Direct Plan - Growth,SBI Mutual Fund,Open Ended Schemes,Equity Scheme - Small Cap Fund,22-09-2020,62.81530
125497,SBI Small Cap Fund - Direct Plan - Growth,SBI Mutual Fund,Open Ended Schemes,Equity Scheme - Small Cap Fund,21-09-2020,63.95850
125497,SBI Small Cap Fund - Direct Plan - Growth,SBI Mutual Fund,Open Ended Schemes,Equity Scheme - Small Cap Fund,18-09-2020,65.71470
125497,SBI Small Cap Fund - Direct Plan - Growth,SBI Mutual Fund,Open Ended Schemes,Equity Scheme - Small Cap Fund,17-09-2020,66.27420
125497,SBI Small Cap Fund - Direct Plan - Growth,SBI Mutual Fund,Open Ended Schemes,Equity Scheme - Small Cap Fund,16-09-2020,66.70090
125497,SBI Small Cap Fund - Direct Plan - Growth,SBI Mutual Fund,Open Ended Schemes,Equity Scheme - Small Cap Fund,15-09-2020,66.51880
125497,SBI Small Cap Fund - Direct Plan - Growth,SBI Mutual Fund,Open Ended Schemes,Equity Scheme - Small Cap Fund,14-09-2020,65.83310
125497,SBI Small Cap Fund - Direct Plan - Growth,SBI Mutual Fund,Open Ended Schemes,Equity Scheme - Small Cap Fund,11-09-2020,62.93640
125497,SBI Small Cap Fund - Direct Plan - Growth,SBI Mutual Fund,Open Ended Schemes,Equity Scheme - Small Cap Fund,10-09-2020,62.98380
125497,SBI Small Cap Fund - Direct Plan - Growth,SBI Mutual Fund,Open Ended Schemes,Equity Scheme - Small Cap Fund,09-09-2020,61.99760
125497,SBI Small Cap Fund - Direct Plan - Growth,SBI Mutual Fund,Open Ended Schemes,Equity Scheme - Small Cap Fund,08-09-2020,62.69250
125497,SBI Small Cap Fund - Direct Plan - Growth,SBI Mutual Fund,Open Ended Schemes,Equity Scheme - Small Cap Fund,07-09-2020,63.14550
125497,SBI Small Cap Fund - Direct Plan - Growth,SBI Mutual Fund,Open Ended Schemes,Equity Scheme - Small Cap Fund,04-09-2020,63.04490
125497,SBI Small Cap Fund - Direct Plan - Growth,SBI Mutual Fund,Open Ended Schemes,Equity Scheme - Small Cap Fund,03-09-2020,63.62770
125497,SBI Small Cap Fund - Direct Plan - Growth,SBI Mutual Fund,Open Ended Schemes,Equity Scheme - Small Cap Fund,02-09-2020,63.54330
125497,SBI Small Cap Fund - Direct Plan - Growth,SBI Mutual Fund,Open Ended Schemes,Equity Scheme - Small Cap Fund,01-09-2020,62.32650
125497,SBI Small Cap Fund - Direct Plan - Growth,SBI Mutual Fund,Open Ended Schemes,Equity Scheme - Small Cap Fund,31-08-2020,62.35880
125497,SBI Small Cap Fund - Direct Plan - Growth,SBI Mutual Fund,Open Ended Schemes,Equity Scheme - Small Cap Fund,28-08-2020,65.03450
125497,SBI Small Cap Fund - Direct Plan - Growth,SBI Mutual Fund,Open Ended Schemes,Equity Scheme - Small Cap Fund,27-08-2020,65.03040
125497,SBI Small Cap Fund - Direct Plan - Growth,SBI Mutual Fund,Open Ended Schemes,Equity Scheme - Small Cap Fund,26-08-2020,64.64390
125497,SBI Small Cap Fund - Direct Plan - Growth,SBI Mutual Fund,Open Ended Schemes,Equity Scheme - Small Cap Fund,25-08-2020,64.20120
125497,SBI Small Cap Fund - Direct Plan - Growth,SBI Mutual Fund,Open Ended Schemes,Equity Scheme - Small Cap Fund,24-08-2020,64.21660
125497,SBI Small Cap Fund - Direct Plan - Growth,SBI Mutual Fund,Open Ended Schemes,Equity Scheme - Small Cap Fund,21-08-2020,63.20560
125497,SBI Small Cap Fund - Direct Plan - Growth,SBI Mutual Fund,Open Ended Schemes,Equity Scheme - Small Cap Fund,20-08-2020,62.30870
125497,SBI Small Cap Fund - Direct Plan - Growth,SBI Mutual Fund,Open Ended Schemes,Equity Scheme - Small Cap Fund,19-08-2020,61.77670
125497,SBI Small Cap Fund - Direct Plan - Growth,SBI Mutual Fund,Open Ended Schemes,Equity Scheme - Small Cap Fund,18-08-2020,61.56860
125497,SBI Small Cap Fund - Direct Plan - Growth,SBI Mutual Fund,Open Ended Schemes,Equity Scheme - Small Cap Fund,17-08-2020,61.00840
125497,SBI Small Cap Fund - Direct Plan - Growth,SBI Mutual Fund,Open Ended Schemes,Equity Scheme - Small Cap Fund,14-08-2020,60.85190
125497,SBI Small Cap Fund - Direct Plan - Growth,SBI Mutual Fund,Open Ended Schemes,Equity Scheme - Small Cap Fund,13-08-2020,60.70920
125497,SBI Small Cap Fund - Direct Plan - Growth,SBI Mutual Fund,Open Ended Schemes,Equity Scheme - Small Cap Fund,12-08-2020,59.28590
125497,SBI Small Cap Fund - Direct Plan - Growth,SBI Mutual Fund,Open Ended Schemes,Equity Scheme - Small Cap Fund,11-08-2020,58.99220
125497,SBI Small Cap Fund - Direct Plan - Growth,SBI Mutual Fund,Open Ended Schemes,Equity Scheme - Small Cap Fund,10-08-2020,58.72160
125497,SBI Small Cap Fund - Direct Plan - Growth,SBI Mutual Fund,Open Ended Schemes,Equity Scheme - Small Cap Fund,07-08-2020,57.97240
125497,SBI Small Cap Fund - Direct Plan - Growth,SBI Mutual Fund,Open Ended Schemes,Equity Scheme - Small Cap Fund,06-08-2020,57.69790
125497,SBI Small Cap Fund - Direct Plan - Growth,SBI Mutual Fund,Open Ended Schemes,Equity Scheme - Small Cap Fund,05-08-2020,57.00650
125497,SBI Small Cap Fund - Direct Plan - Growth,SBI Mutual Fund,Open Ended Schemes,Equity Scheme - Small Cap Fund,04-08-2020,56.55650
125497,SBI Small Cap Fund - Direct Plan - Growth,SBI Mutual Fund,Open Ended Schemes,Equity Scheme - Small Cap Fund,03-08-2020,56.01470
125497,SBI Small Cap Fund - Direct Plan - Growth,SBI Mutual Fund,Open Ended Schemes,Equity Scheme - Small Cap Fund,31-07-2020,55.30080
125497,SBI Small Cap Fund - Direct Plan - Growth,SBI Mutual Fund,Open Ended Schemes,Equity Scheme - Small Cap Fund,30-07-2020,55.01940
125497,SBI Small Cap Fund - Direct Plan - Growth,SBI Mutual Fund,Open Ended Schemes,Equity Scheme - Small Cap Fund,29-07-2020,55.12990
125497,SBI Small Cap Fund - Direct Plan - Growth,SBI Mutual Fund,Open Ended Schemes,Equity Scheme - Small Cap Fund,28-07-2020,55.23620
125497,SBI Small Cap Fund - Direct Plan - Growth,SBI Mutual Fund,Open Ended Schemes,Equity Scheme - Small Cap Fund,27-07-2020,55.50970
125497,SBI Small Cap Fund - Direct Plan - Growth,SBI Mutual Fund,Open Ended Schemes,Equity Scheme - Small Cap Fund,24-07-2020,56.10870
125497,SBI Small Cap Fund - Direct Plan - Growth,SBI Mutual Fund,Open Ended Schemes,Equity Scheme - Small Cap Fund,23-07-2020,55.99010
125497,SBI Small Cap Fund - Direct Plan - Growth,SBI Mutual Fund,Open Ended Schemes,Equity Scheme - Small Cap Fund,22-07-2020,55.56520
125497,SBI Small Cap Fund - Direct Plan - Growth,SBI Mutual Fund,Open Ended Schemes,Equity Scheme - Small Cap Fund,21-07-2020,55.42380
125497,SBI Small Cap Fund - Direct Plan - Growth,SBI Mutual Fund,Open Ended Schemes,Equity Scheme - Small Cap Fund,20-07-2020,54.90450
125497,SBI Small Cap Fund - Direct Plan - Growth,SBI Mutual Fund,Open Ended Schemes,Equity Scheme - Small Cap Fund,17-07-2020,54.54600
125497,SBI Small Cap Fund - Direct Plan - Growth,SBI Mutual Fund,Open Ended Schemes,Equity Scheme - Small Cap Fund,16-07-2020,54.26330
125497,SBI Small Cap Fund - Direct Plan - Growth,SBI Mutual Fund,Open Ended Schemes,Equity Scheme - Small Cap Fund,15-07-2020,54.45790
125497,SBI Small Cap Fund - Direct Plan - Growth,SBI Mutual Fund,Open Ended Schemes,Equity Scheme - Small Cap Fund,14-07-2020,54.25740
125497,SBI Small Cap Fund - Direct Plan - Growth,SBI Mutual Fund,Open Ended Schemes,Equity Scheme - Small Cap Fund,13-07-2020,54.53980
125497,SBI Small Cap Fund - Direct Plan - Growth,SBI Mutual Fund,Open Ended Schemes,Equity Scheme - Small Cap Fund,10-07-2020,54.93760
125497,SBI Small Cap Fund - Direct Plan - Growth,SBI Mutual Fund,Open Ended Schemes,Equity Scheme - Small Cap Fund,09-07-2020,54.99560
125497,SBI Small Cap Fund - Direct Plan - Growth,SBI Mutual Fund,Open Ended Schemes,Equity Scheme - Small Cap Fund,08-07-2020,54.50730
125497,SBI Small Cap Fund - Direct Plan - Growth,SBI Mutual Fund,Open Ended Schemes,Equity Scheme - Small Cap Fund,07-07-2020,54.93200
125497,SBI Small Cap Fund - Direct Plan - Growth,SBI Mutual Fund,Open Ended Schemes,Equity Scheme - Small Cap Fund,06-07-2020,54.79150
125497,SBI Small Cap Fund - Direct Plan - Growth,SBI Mutual Fund,Open Ended Schemes,Equity Scheme - Small Cap Fund,03-07-2020,53.93670
125497,SBI Small Cap Fund - Direct Plan - Growth,SBI Mutual Fund,Open Ended Schemes,Equity Scheme - Small Cap Fund,02-07-2020,53.46330
125497,SBI Small Cap Fund - Direct Plan - Growth,SBI Mutual Fund,Open Ended Schemes,Equity Scheme - Small Cap Fund,01-07-2020,53.05260
125497,SBI Small Cap Fund - Direct Plan - Growth,SBI Mutual Fund,Open Ended Schemes,Equity Scheme - Small Cap Fund,30-06-2020,52.82190
125497,SBI Small Cap Fund - Direct Plan - Growth,SBI Mutual Fund,Open Ended Schemes,Equity Scheme - Small Cap Fund,29-06-2020,52.94460
125497,SBI Small Cap Fund - Direct Plan - Growth,SBI Mutual Fund,Open Ended Schemes,Equity Scheme - Small Cap Fund,26-06-2020,53.45770
125497,SBI Small Cap Fund - Direct Plan - Growth,SBI Mutual Fund,Open Ended Schemes,Equity Scheme - Small Cap Fund,25-06-2020,53.19150
125497,SBI Small Cap Fund - Direct Plan - Growth,SBI Mutual Fund,Open Ended Schemes,Equity Scheme - Small Cap Fund,24-06-2020,53.24950
125497,SBI Small Cap Fund - Direct Plan - Growth,SBI Mutual Fund,Open Ended Schemes,Equity Scheme - Small Cap Fund,23-06-2020,53.61290
125497,SBI Small Cap Fund - Direct Plan - Growth,SBI Mutual Fund,Open Ended Schemes,Equity Scheme - Small Cap Fund,22-06-2020,53.26470
125497,SBI Small Cap Fund - Direct Plan - Growth,SBI Mutual Fund,Open Ended Schemes,Equity Scheme - Small Cap Fund,19-06-2020,52.35010
125497,SBI Small Cap Fund - Direct Plan - Growth,SBI Mutual Fund,Open Ended Schemes,Equity Scheme - Small Cap Fund,18-06-2020,51.56850
125497,SBI Small Cap Fund - Direct Plan - Growth,SBI Mutual Fund,Open Ended Schemes,Equity Scheme - Small Cap Fund,17-06-2020,50.97340
125497,SBI Small Cap Fund - Direct Plan - Growth,SBI Mutual Fund,Open Ended Schemes,Equity Scheme - Small Cap Fund,16-06-2020,50.76750
125497,SBI Small Cap Fund - Direct Plan - Growth,SBI Mutual Fund,Open Ended Schemes,Equity Scheme - Small Cap Fund,15-06-2020,51.00410
125497,SBI Small Cap Fund - Direct Plan - Growth,SBI Mutual Fund,Open Ended Schemes,Equity Scheme - Small Cap Fund,12-06-2020,50.86480
125497,SBI Small Cap Fund - Direct Plan - Growth,SBI Mutual Fund,Open Ended Schemes,Equity Scheme - Small Cap Fund,11-06-2020,50.64260
125497,SBI Small Cap Fund - Direct Plan - Growth,SBI Mutual Fund,Open Ended Schemes,Equity Scheme - Small Cap Fund,10-06-2020,51.41190
125497,SBI Small Cap Fund - Direct Plan - Growth,SBI Mutual Fund,Open Ended Schemes,Equity Scheme - Small Cap Fund,09-06-2020,51.17140
125497,SBI Small Cap Fund - Direct Plan - Growth,SBI Mutual Fund,Open Ended Schemes,Equity Scheme - Small Cap Fund,08-06-2020,51.74510
125497,SBI Small Cap Fund - Direct Plan - Growth,SBI Mutual Fund,Open Ended Schemes,Equity Scheme - Small Cap Fund,05-06-2020,51.30080
125497,SBI Small Cap Fund - Direct Plan - Growth,SBI Mutual Fund,Open Ended Schemes,Equity Scheme - Small Cap Fund,04-06-2020,50.79800
125497,SBI Small Cap Fund - Direct Plan - Growth,SBI Mutual Fund,Open Ended Schemes,Equity Scheme - Small Cap Fund,03-06-2020,50.97220
125497,SBI Small Cap Fund - Direct Plan - Growth,SBI Mutual Fund,Open Ended Schemes,Equity Scheme - Small Cap Fund,02-06-2020,50.23200
125497,SBI Small Cap Fund - Direct Plan - Growth,SBI Mutual Fund,Open Ended Schemes,Equity Scheme - Small Cap Fund,01-06-2020,49.36350
125497,SBI Small Cap Fund - Direct Plan - Growth,SBI Mutual Fund,Open Ended Schemes,Equity Scheme - Small Cap Fund,29-05-2020,47.87480
125497,SBI Small Cap Fund - Direct Plan - Growth,SBI Mutual Fund,Open Ended Schemes,Equity Scheme - Small Cap Fund,28-05-2020,47.14340
125497,SBI Small Cap Fund - Direct Plan - Growth,SBI Mutual Fund,Open Ended Schemes,Equity Scheme - Small Cap Fund,27-05-2020,46.53540
125497,SBI Small Cap Fund - Direct Plan - Growth,SBI Mutual Fund,Open Ended Schemes,Equity Scheme - Small Cap Fund,26-05-2020,46.41930
125497,SBI Small Cap Fund - Direct Plan - Growth,SBI Mutual Fund,Open Ended Schemes,Equity Scheme - Small Cap Fund,22-05-2020,46.21320
125497,SBI Small Cap Fund - Direct Plan - Growth,SBI Mutual Fund,Open Ended Schemes,Equity Scheme - Small Cap Fund,21-05-2020,46.59470
125497,SBI Small Cap Fund - Direct Plan - Growth,SBI Mutual Fund,Open Ended Schemes,Equity Scheme - Small Cap Fund,20-05-2020,46.25630
125497,SBI Small Cap Fund - Direct Plan - Growth,SBI Mutual Fund,Open Ended Schemes,Equity Scheme - Small Cap Fund,19-05-2020,45.72500
125497,SBI Small Cap Fund - Direct Plan - Growth,SBI Mutual Fund,Open Ended Schemes,Equity Scheme - Small Cap Fund,18-05-2020,45.87810
125497,SBI Small Cap Fund - Direct Plan - Growth,SBI Mutual Fund,Open Ended Schemes,Equity Scheme - Small Cap Fund,15-05-2020,46.93310
125497,SBI Small Cap Fund - Direct Plan - Growth,SBI Mutual Fund,Open Ended Schemes,Equity Scheme - Small Cap Fund,14-05-2020,46.83280
125497,SBI Small Cap Fund - Direct Plan - Growth,SBI Mutual Fund,Open Ended Schemes,Equity Scheme - Small Cap Fund,13-05-2020,47.53490
125497,SBI Small Cap Fund - Direct Plan - Growth,SBI Mutual Fund,Open Ended Schemes,Equity Scheme - Small Cap Fund,12-05-2020,46.64270
125497,SBI Small Cap Fund - Direct Plan - Growth,SBI Mutual Fund,Open Ended Schemes,Equity Scheme - Small Cap Fund,11-05-2020,46.93450
125497,SBI Small Cap Fund - Direct Plan - Growth,SBI Mutual Fund,Open Ended Schemes,Equity Scheme - Small Cap Fund,08-05-2020,47.01970
125497,SBI Small Cap Fund - Direct Plan - Growth,SBI Mutual Fund,Open Ended Schemes,Equity Scheme - Small Cap Fund,07-05-2020,47.40150
125497,SBI Small Cap Fund - Direct Plan - Growth,SBI Mutual Fund,Open Ended Schemes,Equity Scheme - Small Cap Fund,06-05-2020,47.55080
125497,SBI Small Cap Fund - Direct Plan - Growth,SBI Mutual Fund,Open Ended Schemes,Equity Scheme - Small Cap Fund,05-05-2020,47.51520
125497,SBI Small Cap Fund - Direct Plan - Growth,SBI Mutual Fund,Open Ended Schemes,Equity Scheme - Small Cap Fund,04-05-2020,48.00180
125497,SBI Small Cap Fund - Direct Plan - Growth,SBI Mutual Fund,Open Ended Schemes,Equity Scheme - Small Cap Fund,30-04-2020,49.40210
125497,SBI Small Cap Fund - Direct Plan - Growth,SBI Mutual Fund,Open Ended Schemes,Equity Scheme - Small Cap Fund,29-04-2020,48.91500
125497,SBI Small Cap Fund - Direct Plan - Growth,SBI Mutual Fund,Open Ended Schemes,Equity Scheme - Small Cap Fund,28-04-2020,48.42860
125497,SBI Small Cap Fund - Direct Plan - Growth,SBI Mutual Fund,Open Ended Schemes,Equity Scheme - Small Cap Fund,27-04-2020,48.08460
125497,SBI Small Cap Fund - Direct Plan - Growth,SBI Mutual Fund,Open Ended Schemes,Equity Scheme - Small Cap Fund,24-04-2020,47.87990
125497,SBI Small Cap Fund - Direct Plan - Growth,SBI Mutual Fund,Open Ended Schemes,Equity Scheme - Small Cap Fund,23-04-2020,48.64640
125497,SBI Small Cap Fund - Direct Plan - Growth,SBI Mutual Fund,Open Ended Schemes,Equity Scheme - Small Cap Fund,22-04-2020,48.30700
125497,SBI Small Cap Fund - Direct Plan - Growth,SBI Mutual Fund,Open Ended Schemes,Equity Scheme - Small Cap Fund,21-04-2020,47.78740
125497,SBI Small Cap Fund - Direct Plan - Growth,SBI Mutual Fund,Open Ended Schemes,Equity Scheme - Small Cap Fund,20-04-2020,48.89510
125497,SBI Small Cap Fund - Direct Plan - Growth,SBI Mutual Fund,Open Ended Schemes,Equity Scheme - Small Cap Fund,17-04-2020,47.94620
125497,SBI Small Cap Fund - Direct Plan - Growth,SBI Mutual Fund,Open Ended Schemes,Equity Scheme - Small Cap Fund,16-04-2020,47.00440
125497,SBI Small Cap Fund - Direct Plan - Growth,SBI Mutual Fund,Open Ended Schemes,Equity Scheme - Small Cap Fund,15-04-2020,46.66210
125497,SBI Small Cap Fund - Direct Plan - Growth,SBI Mutual Fund,Open Ended Schemes,Equity Scheme - Small Cap Fund,13-04-2020,46.37370
125497,SBI Small Cap Fund - Direct Plan - Growth,SBI Mutual Fund,Open Ended Schemes,Equity Scheme - Small Cap Fund,09-04-2020,46.78910
125497,SBI Small Cap Fund - Direct Plan - Growth,SBI Mutual Fund,Open Ended Schemes,Equity Scheme - Small Cap Fund,08-04-2020,45.76780
125497,SBI Small Cap Fund - Direct Plan - Growth,SBI Mutual Fund,Open Ended Schemes,Equity Scheme - Small Cap Fund,07-04-2020,45.12100
125497,SBI Small Cap Fund - Direct Plan - Growth,SBI Mutual Fund,Open Ended Schemes,Equity Scheme - Small Cap Fund,03-04-2020,43.69810
125497,SBI Small Cap Fund - Direct Plan - Growth,SBI Mutual Fund,Open Ended Schemes,Equity Scheme - Small Cap Fund,01-04-2020,43.77730
125497,SBI Small Cap Fund - Direct Plan - Growth,SBI Mutual Fund,Open Ended Schemes,Equity Scheme - Small Cap Fund,31-03-2020,44.29980
125497,SBI Small Cap Fund - Direct Plan - Growth,SBI Mutual Fund,Open Ended Schemes,Equity Scheme - Small Cap Fund,30-03-2020,43.16130
125497,SBI Small Cap Fund - Direct Plan - Growth,SBI Mutual Fund,Open Ended Schemes,Equity Scheme - Small Cap Fund,27-03-2020,44.25520
125497,SBI Small Cap Fund - Direct Plan - Growth,SBI Mutual Fund,Open Ended Schemes,Equity Scheme - Small Cap Fund,26-03-2020,43.70480
125497,SBI Small Cap Fund - Direct Plan - Growth,SBI Mutual Fund,Open Ended Schemes,Equity Scheme - Small Cap Fund,25-03-2020,42.29050
125497,SBI Small Cap Fund - Direct Plan - Growth,SBI Mutual Fund,Open Ended Schemes,Equity Scheme - Small Cap Fund,24-03-2020,41.26000
125497,SBI Small Cap Fund - Direct Plan - Growth,SBI Mutual Fund,Open Ended Schemes,Equity Scheme - Small Cap Fund,23-03-2020,41.31100
125497,SBI Small Cap Fund - Direct Plan - Growth,SBI Mutual Fund,Open Ended Schemes,Equity Scheme - Small Cap Fund,20-03-2020,45.74680
125497,SBI Small Cap Fund - Direct Plan - Growth,SBI Mutual Fund,Open Ended Schemes,Equity Scheme - Small Cap Fund,19-03-2020,45.26420
125497,SBI Small Cap Fund - Direct Plan - Growth,SBI Mutual Fund,Open Ended Schemes,Equity Scheme - Small Cap Fund,18-03-2020,47.07830
125497,SBI Small Cap Fund - Direct Plan - Growth,SBI Mutual Fund,Open Ended Schemes,Equity Scheme - Small Cap Fund,17-03-2020,49.93710
125497,SBI Small Cap Fund - Direct Plan - Growth,SBI Mutual Fund,Open Ended Schemes,Equity Scheme - Small Cap Fund,16-03-2020,50.89990
125497,SBI Small Cap Fund - Direct Plan - Growth,SBI Mutual Fund,Open Ended Schemes,Equity Scheme - Small Cap Fund,13-03-2020,53.15760
125497,SBI Small Cap Fund - Direct Plan - Growth,SBI Mutual Fund,Open Ended Schemes,Equity Scheme - Small Cap Fund,12-03-2020,53.16170
125497,SBI Small Cap Fund - Direct Plan - Growth,SBI Mutual Fund,Open Ended Schemes,Equity Scheme - Small Cap Fund,11-03-2020,56.66720
125497,SBI Small Cap Fund - Direct Plan - Growth,SBI Mutual Fund,Open Ended Schemes,Equity Scheme - Small Cap Fund,09-03-2020,56.77010
125497,SBI Small Cap Fund - Direct Plan - Growth,SBI Mutual Fund,Open Ended Schemes,Equity Scheme - Small Cap Fund,06-03-2020,58.52360
125497,SBI Small Cap Fund - Direct Plan - Growth,SBI Mutual Fund,Open Ended Schemes,Equity Scheme - Small Cap Fund,05-03-2020,59.27270
125497,SBI Small Cap Fund - Direct Plan - Growth,SBI Mutual Fund,Open Ended Schemes,Equity Scheme - Small Cap Fund,04-03-2020,58.83080
125497,SBI Small Cap Fund - Direct Plan - Growth,SBI Mutual Fund,Open Ended Schemes,Equity Scheme - Small Cap Fund,03-03-2020,59.70230
125497,SBI Small Cap Fund - Direct Plan - Growth,SBI Mutual Fund,Open Ended Schemes,Equity Scheme - Small Cap Fund,02-03-2020,59.43570
125497,SBI Small Cap Fund - Direct Plan - Growth,SBI Mutual Fund,Open Ended Schemes,Equity Scheme - Small Cap Fund,28-02-2020,59.45000
125497,SBI Small Cap Fund - Direct Plan - Growth,SBI Mutual Fund,Open Ended Schemes,Equity Scheme - Small Cap Fund,27-02-2020,61.08990
125497,SBI Small Cap Fund - Direct Plan - Growth,SBI Mutual Fund,Open Ended Schemes,Equity Scheme - Small Cap Fund,26-02-2020,61.16490
125497,SBI Small Cap Fund - Direct Plan - Growth,SBI Mutual Fund,Open Ended Schemes,Equity Scheme - Small Cap Fund,25-02-2020,61.60150
125497,SBI Small Cap Fund - Direct Plan - Growth,SBI Mutual Fund,Open Ended Schemes,Equity Scheme - Small Cap Fund,24-02-2020,61.79420
125497,SBI Small Cap Fund - Direct Plan - Growth,SBI Mutual Fund,Open Ended Schemes,Equity Scheme - Small Cap Fund,20-02-2020,62.37270
125497,SBI Small Cap Fund - Direct Plan - Growth,SBI Mutual Fund,Open Ended Schemes,Equity Scheme - Small Cap Fund,19-02-2020,62.26000
125497,SBI Small Cap Fund - Direct Plan - Growth,SBI Mutual Fund,Open Ended Schemes,Equity Scheme - Small Cap Fund,18-02-2020,61.55950
125497,SBI Small Cap Fund - Direct Plan - Growth,SBI Mutual Fund,Open Ended Schemes,Equity Scheme - Small Cap Fund,17-02-2020,62.04690
125497,SBI Small Cap Fund - Direct Plan - Growth,SBI Mutual Fund,Open Ended Schemes,Equity Scheme - Small Cap Fund,14-02-2020,62.24190
125497,SBI Small Cap Fund - Direct Plan - Growth,SBI Mutual Fund,Open Ended Schemes,Equity Scheme - Small Cap Fund,13-02-2020,62.21810
125497,SBI Small Cap Fund - Direct Plan - Growth,SBI Mutual Fund,Open Ended Schemes,Equity Scheme - Small Cap Fund,12-02-2020,62.20580
125497,SBI Small Cap Fund - Direct Plan - Growth,SBI Mutual Fund,Open Ended Schemes,Equity Scheme - Small Cap Fund,11-02-2020,62.19210
125497,SBI Small Cap Fund - Direct Plan - Growth,SBI Mutual Fund,Open Ended Schemes,Equity Scheme - Small Cap Fund,10-02-2020,61.90860
125497,SBI Small Cap Fund - Direct Plan - Growth,SBI Mutual Fund,Open Ended Schemes,Equity Scheme - Small Cap Fund,07-02-2020,62.31670
125497,SBI Small Cap Fund - Direct Plan - Growth,SBI Mutual Fund,Open Ended Schemes,Equity Scheme - Small Cap Fund,06-02-2020,62.08900
125497,SBI Small Cap Fund - Direct Plan - Growth,SBI Mutual Fund,Open Ended Schemes,Equity Scheme - Small Cap Fund,05-02-2020,62.06060
125497,SBI Small Cap Fund - Direct Plan - Growth,SBI Mutual Fund,Open Ended Schemes,Equity Scheme - Small Cap Fund,04-02-2020,61.78830
125497,SBI Small Cap Fund - Direct Plan - Growth,SBI Mutual Fund,Open Ended Schemes,Equity Scheme - Small Cap Fund,03-02-2020,60.88720
125497,SBI Small Cap Fund - Direct Plan - Growth,SBI Mutual Fund,Open Ended Schemes,Equity Scheme - Small Cap Fund,31-01-2020,61.75430
125497,SBI Small Cap Fund - Direct Plan - Growth,SBI Mutual Fund,Open Ended Schemes,Equity Scheme - Small Cap Fund,30-01-2020,61.81340
125497,SBI Small Cap Fund - Direct Plan - Growth,SBI Mutual Fund,Open Ended Schemes,Equity Scheme - Small Cap Fund,29-01-2020,62.13240
125497,SBI Small Cap Fund - Direct Plan - Growth,SBI Mutual Fund,Open Ended Schemes,Equity Scheme - Small Cap Fund,28-01-2020,62.08860
125497,SBI Small Cap Fund - Direct Plan - Growth,SBI Mutual Fund,Open Ended Schemes,Equity Scheme - Small Cap Fund,27-01-2020,61.96560
125497,SBI Small Cap Fund - Direct Plan - Growth,SBI Mutual Fund,Open Ended Schemes,Equity Scheme - Small Cap Fund,24-01-2020,61.83930
125497,SBI Small Cap Fund - Direct Plan - Growth,SBI Mutual Fund,Open Ended Schemes,Equity Scheme - Small Cap Fund,23-01-2020,61.14880
125497,SBI Small Cap Fund - Direct Plan - Growth,SBI Mutual Fund,Open Ended Schemes,Equity Scheme - Small Cap Fund,22-01-2020,60.84690
125497,SBI Small Cap Fund - Direct Plan - Growth,SBI Mutual Fund,Open Ended Schemes,Equity Scheme - Small Cap Fund,21-01-2020,60.72750
125497,SBI Small Cap Fund - Direct Plan - Growth,SBI Mutual Fund,Open Ended Schemes,Equity Scheme - Small Cap Fund,20-01-2020,60.97090
125497,SBI Small Cap Fund - Direct Plan - Growth,SBI Mutual Fund,Open Ended Schemes,Equity Scheme - Small Cap Fund,17-01-2020,60.89520
125497,SBI Small Cap Fund - Direct Plan - Growth,SBI Mutual Fund,Open Ended Schemes,Equity Scheme - Small Cap Fund,16-01-2020,60.21890
125497,SBI Small Cap Fund - Direct Plan - Growth,SBI Mutual Fund,Open Ended Schemes,Equity Scheme - Small Cap Fund,15-01-2020,59.67950
125497,SBI Small Cap Fund - Direct Plan - Growth,SBI Mutual Fund,Open Ended Schemes,Equity Scheme - Small Cap Fund,14-01-2020,59.28950
125497,SBI Small Cap Fund - Direct Plan - Growth,SBI Mutual Fund,Open Ended Schemes,Equity Scheme - Small Cap Fund,13-01-2020,59.17260
125497,SBI Small Cap Fund - Direct Plan - Growth,SBI Mutual Fund,Open Ended Schemes,Equity Scheme - Small Cap Fund,10-01-2020,58.90760
125497,SBI Small Cap Fund - Direct Plan - Growth,SBI Mutual Fund,Open Ended Schemes,Equity Scheme - Small Cap Fund,09-01-2020,58.64070
125497,SBI Small Cap Fund - Direct Plan - Growth,SBI Mutual Fund,Open Ended Schemes,Equity Scheme - Small Cap Fund,08-01-2020,57.98680
125497,SBI Small Cap Fund - Direct Plan - Growth,SBI Mutual Fund,Open Ended Schemes,Equity Scheme - Small Cap Fund,07-01-2020,58.21070
125497,SBI Small Cap Fund - Direct Plan - Growth,SBI Mutual Fund,Open Ended Schemes,Equity Scheme - Small Cap Fund,06-01-2020,57.73290
125497,SBI Small Cap Fund - Direct Plan - Growth,SBI Mutual Fund,Open Ended Schemes,Equity Scheme - Small Cap Fund,03-01-2020,58.68720
125497,SBI Small Cap Fund - Direct Plan - Growth,SBI Mutual Fund,Open Ended Schemes,Equity Scheme - Small Cap Fund,02-01-2020,58.39880
125497,SBI Small Cap Fund - Direct Plan - Growth,SBI Mutual Fund,Open Ended Schemes,Equity Scheme - Small Cap Fund,01-01-2020,57.88600
125497,SBI Small Cap Fund - Direct Plan - Growth,SBI Mutual Fund,Open Ended Schemes,Equity Scheme - Small Cap Fund,31-12-2019,57.80930
125497,SBI Small Cap Fund - Direct Plan - Growth,SBI Mutual Fund,Open Ended Schemes,Equity Scheme - Small Cap Fund,30-12-2019,57.79810
125497,SBI Small Cap Fund - Direct Plan - Growth,SBI Mutual Fund,Open Ended Schemes,Equity Scheme - Small Cap Fund,27-12-2019,57.76820
125497,SBI Small Cap Fund - Direct Plan - Growth,SBI Mutual Fund,Open Ended Schemes,Equity Scheme - Small Cap Fund,26-12-2019,57.48460
125497,SBI Small Cap Fund - Direct Plan - Growth,SBI Mutual Fund,Open Ended Schemes,Equity Scheme - Small Cap Fund,24-12-2019,57.41960
125497,SBI Small Cap Fund - Direct Plan - Growth,SBI Mutual Fund,Open Ended Schemes,Equity Scheme - Small Cap Fund,23-12-2019,57.57560
125497,SBI Small Cap Fund - Direct Plan - Growth,SBI Mutual Fund,Open Ended Schemes,Equity Scheme - Small Cap Fund,20-12-2019,57.66490
125497,SBI Small Cap Fund - Direct Plan - Growth,SBI Mutual Fund,Open Ended Schemes,Equity Scheme - Small Cap Fund,19-12-2019,57.30510
125497,SBI Small Cap Fund - Direct Plan - Growth,SBI Mutual Fund,Open Ended Schemes,Equity Scheme - Small Cap Fund,18-12-2019,57.12740
125497,SBI Small Cap Fund - Direct Plan - Growth,SBI Mutual Fund,Open Ended Schemes,Equity Scheme - Small Cap Fund,17-12-2019,57.31550
125497,SBI Small Cap Fund - Direct Plan - Growth,SBI Mutual Fund,Open Ended Schemes,Equity Scheme - Small Cap Fund,16-12-2019,56.99090
125497,SBI Small Cap Fund - Direct Plan - Growth,SBI Mutual Fund,Open Ended Schemes,Equity Scheme - Small Cap Fund,13-12-2019,57.29570
125497,SBI Small Cap Fund - Direct Plan - Growth,SBI Mutual Fund,Open Ended Schemes,Equity Scheme - Small Cap Fund,12-12-2019,56.71410
125497,SBI Small Cap Fund - Direct Plan - Growth,SBI Mutual Fund,Open Ended Schemes,Equity Scheme - Small Cap Fund,11-12-2019,56.62080
125497,SBI Small Cap Fund - Direct Plan - Growth,SBI Mutual Fund,Open Ended Schemes,Equity Scheme - Small Cap Fund,10-12-2019,56.81760
125497,SBI Small Cap Fund - Direct Plan - Growth,SBI Mutual Fund,Open Ended Schemes,Equity Scheme - Small Cap Fund,09-12-2019,57.30440
125497,SBI Small Cap Fund - Direct Plan - Growth,SBI Mutual Fund,Open Ended Schemes,Equity Scheme - Small Cap Fund,06-12-2019,57.63230
125497,SBI Small Cap Fund - Direct Plan - Growth,SBI Mutual Fund,Open Ended Schemes,Equity Scheme - Small Cap Fund,05-12-2019,58.24590
125497,SBI Small Cap Fund - Direct Plan - Growth,SBI Mutual Fund,Open Ended Schemes,Equity Scheme - Small Cap Fund,04-12-2019,58.33970
125497,SBI Small Cap Fund - Direct Plan - Growth,SBI Mutual Fund,Open Ended Schemes,Equity Scheme - Small Cap Fund,03-12-2019,57.95420
125497,SBI Small Cap Fund - Direct Plan - Growth,SBI Mutual Fund,Open Ended Schemes,Equity Scheme - Small Cap Fund,02-12-2019,58.05330
125497,SBI Small Cap Fund - Direct Plan - Growth,SBI Mutual Fund,Open Ended Schemes,Equity Scheme - Small Cap Fund,29-11-2019,57.98390
125497,SBI Small Cap Fund - Direct Plan - Growth,SBI Mutual Fund,Open Ended Schemes,Equity Scheme - Small Cap Fund,28-11-2019,57.74410
125497,SBI Small Cap Fund - Direct Plan - Growth,SBI Mutual Fund,Open Ended Schemes,Equity Scheme - Small Cap Fund,27-11-2019,57.82500
125497,SBI Small Cap Fund - Direct Plan - Growth,SBI Mutual Fund,Open Ended Schemes,Equity Scheme - Small Cap Fund,26-11-2019,57.92580
125497,SBI Small Cap Fund - Direct Plan - Growth,SBI Mutual Fund,Open Ended Schemes,Equity Scheme - Small Cap Fund,25-11-2019,58.23730
125497,SBI Small Cap Fund - Direct Plan - Growth,SBI Mutual Fund,Open Ended Schemes,Equity Scheme - Small Cap Fund,22-11-2019,58.05550
125497,SBI Small Cap Fund - Direct Plan - Growth,SBI Mutual Fund,Open Ended Schemes,Equity Scheme - Small Cap Fund,21-11-2019,58.02320
125497,SBI Small Cap Fund - Direct Plan - Growth,SBI Mutual Fund,Open Ended Schemes,Equity Scheme - Small Cap Fund,20-11-2019,57.83570
125497,SBI Small Cap Fund - Direct Plan - Growth,SBI Mutual Fund,Open Ended Schemes,Equity Scheme - Small Cap Fund,19-11-2019,57.82660
125497,SBI Small Cap Fund - Direct Plan - Growth,SBI Mutual Fund,Open Ended Schemes,Equity Scheme - Small Cap Fund,18-11-2019,57.78940
125497,SBI Small Cap Fund - Direct Plan - Growth,SBI Mutual Fund,Open Ended Schemes,Equity Scheme - Small Cap Fund,15-11-2019,57.71000
125497,SBI Small Cap Fund - Direct Plan - Growth,SBI Mutual Fund,Open Ended Schemes,Equity Scheme - Small Cap Fund,14-11-2019,57.82730
125497,SBI Small Cap Fund - Direct Plan - Growth,SBI Mutual Fund,Open Ended Schemes,Equity Scheme - Small Cap Fund,13-11-2019,57.90230
125497,SBI Small Cap Fund - Direct Plan - Growth,SBI Mutual Fund,Open Ended Schemes,Equity Scheme - Small Cap Fund,11-11-2019,57.69200
125497,SBI Small Cap Fund - Direct Plan - Growth,SBI Mutual Fund,Open Ended Schemes,Equity Scheme - Small Cap Fund,08-11-2019,57.45370
125497,SBI Small Cap Fund - Direct Plan - Growth,SBI Mutual Fund,Open Ended Schemes,Equity Scheme - Small Cap Fund,07-11-2019,57.90740
125497,SBI Small Cap Fund - Direct Plan - Growth,SBI Mutual Fund,Open Ended Schemes,Equity Scheme - Small Cap Fund,06-11-2019,57.75360
125497,SBI Small Cap Fund - Direct Plan - Growth,SBI Mutual Fund,Open Ended Schemes,Equity Scheme - Small Cap Fund,05-11-2019,58.07080
125497,SBI Small Cap Fund - Direct Plan - Growth,SBI Mutual Fund,Open Ended Schemes,Equity Scheme - Small Cap Fund,04-11-2019,58.51570
125497,SBI Small Cap Fund - Direct Plan - Growth,SBI Mutual Fund,Open Ended Schemes,Equity Scheme - Small Cap Fund,01-11-2019,57.98090
125497,SBI Small Cap Fund - Direct Plan - Growth,SBI Mutual Fund,Open Ended Schemes,Equity Scheme - Small Cap Fund,31-10-2019,57.66150
125497,SBI Small Cap Fund - Direct Plan - Growth,SBI Mutual Fund,Open Ended Schemes,Equity Scheme - Small Cap Fund,30-10-2019,57.18310
125497,SBI Small Cap Fund - Direct Plan - Growth,SBI Mutual Fund,Open Ended Schemes,Equity Scheme - Small Cap Fund,29-10-2019,57.07850
125497,SBI Small Cap Fund - Direct Plan - Growth,SBI Mutual Fund,Open Ended Schemes,Equity Scheme - Small Cap Fund,25-10-2019,56.37680
125497,SBI Small Cap Fund - Direct Plan - Growth,SBI Mutual Fund,Open Ended Schemes,Equity Scheme - Small Cap Fund,24-10-2019,56.48780
125497,SBI Small Cap Fund - Direct Plan - Growth,SBI Mutual Fund,Open Ended Schemes,Equity Scheme - Small Cap Fund,23-10-2019,56.39400
125497,SBI Small Cap Fund - Direct Plan - Growth,SBI Mutual Fund,Open Ended Schemes,Equity Scheme - Small Cap Fund,22-10-2019,56.33940
125497,SBI Small Cap Fund - Direct Plan - Growth,SBI Mutual Fund,Open Ended Schemes,Equity Scheme - Small Cap Fund,18-10-2019,56.35960
125497,SBI Small Cap Fund - Direct Plan - Growth,SBI Mutual Fund,Open Ended Schemes,Equity Scheme - Small Cap Fund,17-10-2019,55.26610
125497,SBI Small Cap Fund - Direct Plan - Growth,SBI Mutual Fund,Open Ended Schemes,Equity Scheme - Small Cap Fund,16-10-2019,54.92990
125497,SBI Small Cap Fund - Direct Plan - Growth,SBI Mutual Fund,Open Ended Schemes,Equity Scheme - Small Cap Fund,15-10-2019,55.05040
125497,SBI Small Cap Fund - Direct Plan - Growth,SBI Mutual Fund,Open Ended Schemes,Equity Scheme - Small Cap Fund,14-10-2019,54.96580
125497,SBI Small Cap Fund - Direct Plan - Growth,SBI Mutual Fund,Open Ended Schemes,Equity Scheme - Small Cap Fund,11-10-2019,54.82220
125497,SBI Small Cap Fund - Direct Plan - Growth,SBI Mutual Fund,Open Ended Schemes,Equity Scheme - Small Cap Fund,10-10-2019,54.76650
125497,SBI Small Cap Fund - Direct Plan - Growth,SBI Mutual Fund,Open Ended Schemes,Equity Scheme - Small Cap Fund,09-10-2019,55.05660
125497,SBI Small Cap Fund - Direct Plan - Growth,SBI Mutual Fund,Open Ended Schemes,Equity Scheme - Small Cap Fund,07-10-2019,54.80530
125497,SBI Small Cap Fund - Direct Plan - Growth,SBI Mutual Fund,Open Ended Schemes,Equity Scheme - Small Cap Fund,04-10-2019,54.94640
125497,SBI Small Cap Fund - Direct Plan - Growth,SBI Mutual Fund,Open Ended Schemes,Equity Scheme - Small Cap Fund,03-10-2019,55.39900
125497,SBI Small Cap Fund - Direct Plan - Growth,SBI Mutual Fund,Open Ended Schemes,Equity Scheme - Small Cap Fund,01-10-2019,55.65560
125497,SBI Small Cap Fund - Direct Plan - Growth,SBI Mutual Fund,Open Ended Schemes,Equity Scheme - Small Cap Fund,30-09-2019,56.14700
125497,SBI Small Cap Fund - Direct Plan - Growth,SBI Mutual Fund,Open Ended Schemes,Equity Scheme - Small Cap Fund,27-09-2019,56.38430
125497,SBI Small Cap Fund - Direct Plan - Growth,SBI Mutual Fund,Open Ended Schemes,Equity Scheme - Small Cap Fund,26-09-2019,56.38590
125497,SBI Small Cap Fund - Direct Plan - Growth,SBI Mutual Fund,Open Ended Schemes,Equity Scheme - Small Cap Fund,25-09-2019,55.94130
125497,SBI Small Cap Fund - Direct Plan - Growth,SBI Mutual Fund,Open Ended Schemes,Equity Scheme - Small Cap Fund,24-09-2019,56.44980
125497,SBI Small Cap Fund - Direct Plan - Growth,SBI Mutual Fund,Open Ended Schemes,Equity Scheme - Small Cap Fund,23-09-2019,56.35020
125497,SBI Small Cap Fund - Direct Plan - Growth,SBI Mutual Fund,Open Ended Schemes,Equity Scheme - Small Cap Fund,20-09-2019,54.44700
125497,SBI Small Cap Fund - Direct Plan - Growth,SBI Mutual Fund,Open Ended Schemes,Equity Scheme - Small Cap Fund,19-09-2019,52.78450
125497,SBI Small Cap Fund - Direct Plan - Growth,SBI Mutual Fund,Open Ended Schemes,Equity Scheme - Small Cap Fund,18-09-2019,53.13340
125497,SBI Small Cap Fund - Direct Plan - Growth,SBI Mutual Fund,Open Ended Schemes,Equity Scheme - Small Cap Fund,17-09-2019,53.18530
125497,SBI Small Cap Fund - Direct Plan - Growth,SBI Mutual Fund,Open Ended Schemes,Equity Scheme - Small Cap Fund,16-09-2019,53.81400
125497,SBI Small Cap Fund - Direct Plan - Growth,SBI Mutual Fund,Open Ended Schemes,Equity Scheme - Small Cap Fund,13-09-2019,53.60120
125497,SBI Small Cap Fund - Direct Plan - Growth,SBI Mutual Fund,Open Ended Schemes,Equity Scheme - Small Cap Fund,12-09-2019,53.64760
125497,SBI Small Cap Fund - Direct Plan - Growth,SBI Mutual Fund,Open Ended Schemes,Equity Scheme - Small Cap Fund,11-09-2019,53.74780
125497,SBI Small Cap Fund - Direct Plan - Growth,SBI Mutual Fund,Open Ended Schemes,Equity Scheme - Small Cap Fund,09-09-2019,52.93660
125497,SBI Small Cap Fund - Direct Plan - Growth,SBI Mutual Fund,Open Ended Schemes,Equity Scheme - Small Cap Fund,06-09-2019,52.64550
125497,SBI Small Cap Fund - Direct Plan - Growth,SBI Mutual Fund,Open Ended Schemes,Equity Scheme - Small Cap Fund,05-09-2019,52.27830
125497,SBI Small Cap Fund - Direct Plan - Growth,SBI Mutual Fund,Open Ended Schemes,Equity Scheme - Small Cap Fund,04-09-2019,52.12160
125497,SBI Small Cap Fund - Direct Plan - Growth,SBI Mutual Fund,Open Ended Schemes,Equity Scheme - Small Cap Fund,03-09-2019,51.97420
125497,SBI Small Cap Fund - Direct Plan - Growth,SBI Mutual Fund,Open Ended Schemes,Equity Scheme - Small Cap Fund,30-08-2019,52.37520
125497,SBI Small Cap Fund - Direct Plan - Growth,SBI Mutual Fund,Open Ended Schemes,Equity Scheme - Small Cap Fund,29-08-2019,52.09870
125497,SBI Small Cap Fund - Direct Plan - Growth,SBI Mutual Fund,Open Ended Schemes,Equity Scheme - Small Cap Fund,28-08-2019,52.49380
125497,SBI Small Cap Fund - Direct Plan - Growth,SBI Mutual Fund,Open Ended Schemes,Equity Scheme - Small Cap Fund,27-08-2019,52.57310
125497,SBI Small Cap Fund - Direct Plan - Growth,SBI Mutual Fund,Open Ended Schemes,Equity Scheme - Small Cap Fund,26-08-2019,52.03410
125497,SBI Small Cap Fund - Direct Plan - Growth,SBI Mutual Fund,Open Ended Schemes,Equity Scheme - Small Cap Fund,23-08-2019,51.30910
125497,SBI Small Cap Fund - Direct Plan - Growth,SBI Mutual Fund,Open Ended Schemes,Equity Scheme - Small Cap Fund,22-08-2019,51.03800
125497,SBI Small Cap Fund - Direct Plan - Growth,SBI Mutual Fund,Open Ended Schemes,Equity Scheme - Small Cap Fund,21-08-2019,51.52200
125497,SBI Small Cap Fund - Direct Plan - Growth,SBI Mutual Fund,Open Ended Schemes,Equity Scheme - Small Cap Fund,20-08-2019,51.92470
125497,SBI Small Cap Fund - Direct Plan - Growth,SBI Mutual Fund,Open Ended Schemes,Equity Scheme - Small Cap Fund,19-08-2019,51.99830
125497,SBI Small Cap Fund - Direct Plan - Growth,SBI Mutual Fund,Open Ended Schemes,Equity Scheme - Small Cap Fund,16-08-2019,52.02110
125497,SBI Small Cap Fund - Direct Plan - Growth,SBI Mutual Fund,Open Ended Schemes,Equity Scheme - Small Cap Fund,14-08-2019,51.72990
125497,SBI Small Cap Fund - Direct Plan - Growth,SBI Mutual Fund,Open Ended Schemes,Equity Scheme - Small Cap Fund,13-08-2019,51.09790
125497,SBI Small Cap Fund - Direct Plan - Growth,SBI Mutual Fund,Open Ended Schemes,Equity Scheme - Small Cap Fund,09-08-2019,51.61770
125497,SBI Small Cap Fund - Direct Plan - Growth,SBI Mutual Fund,Open Ended Schemes,Equity Scheme - Small Cap Fund,08-08-2019,51.25950
125497,SBI Small Cap Fund - Direct Plan - Growth,SBI Mutual Fund,Open Ended Schemes,Equity Scheme - Small Cap Fund,07-08-2019,51.16810
125497,SBI Small Cap Fund - Direct Plan - Growth,SBI Mutual Fund,Open Ended Schemes,Equity Scheme - Small Cap Fund,06-08-2019,51.03190
125497,SBI Small Cap Fund - Direct Plan - Growth,SBI Mutual Fund,Open Ended Schemes,Equity Scheme - Small Cap Fund,05-08-2019,50.58610
125497,SBI Small Cap Fund - Direct Plan - Growth,SBI Mutual Fund,Open Ended Schemes,Equity Scheme - Small Cap Fund,02-08-2019,51.03490
125497,SBI Small Cap Fund - Direct Plan - Growth,SBI Mutual Fund,Open Ended Schemes,Equity Scheme - Small Cap Fund,01-08-2019,51.30820
125497,SBI Small Cap Fund - Direct Plan - Growth,SBI Mutual Fund,Open Ended Schemes,Equity Scheme - Small Cap Fund,31-07-2019,51.90170
125497,SBI Small Cap Fund - Direct Plan - Growth,SBI Mutual Fund,Open Ended Schemes,Equity Scheme - Small Cap Fund,30-07-2019,51.46600
125497,SBI Small Cap Fund - Direct Plan - Growth,SBI Mutual Fund,Open Ended Schemes,Equity Scheme - Small Cap Fund,29-07-2019,52.16160
125497,SBI Small Cap Fund - Direct Plan - Growth,SBI Mutual Fund,Open Ended Schemes,Equity Scheme - Small Cap Fund,26-07-2019,52.56860
125497,SBI Small Cap Fund - Direct Plan - Growth,SBI Mutual Fund,Open Ended Schemes,Equity Scheme - Small Cap Fund,25-07-2019,52.52070
125497,SBI Small Cap Fund - Direct Plan - Growth,SBI Mutual Fund,Open Ended Schemes,Equity Scheme - Small Cap Fund,24-07-2019,52.73740
125497,SBI Small Cap Fund - Direct Plan - Growth,SBI Mutual Fund,Open Ended Schemes,Equity Scheme - Small Cap Fund,23-07-2019,53.15500
125497,SBI Small Cap Fund - Direct Plan - Growth,SBI Mutual Fund,Open Ended Schemes,Equity Scheme - Small Cap Fund,22-07-2019,53.02400
125497,SBI Small Cap Fund - Direct Plan - Growth,SBI Mutual Fund,Open Ended Schemes,Equity Scheme - Small Cap Fund,19-07-2019,53.40290
125497,SBI Small Cap Fund - Direct Plan - Growth,SBI Mutual Fund,Open Ended Schemes,Equity Scheme - Small Cap Fund,18-07-2019,54.01470
125497,SBI Small Cap Fund - Direct Plan - Growth,SBI Mutual Fund,Open Ended Schemes,Equity Scheme - Small Cap Fund,17-07-2019,54.31900
125497,SBI Small Cap Fund - Direct Plan - Growth,SBI Mutual Fund,Open Ended Schemes,Equity Scheme - Small Cap Fund,16-07-2019,54.08560
125497,SBI Small Cap Fund - Direct Plan - Growth,SBI Mutual Fund,Open Ended Schemes,Equity Scheme - Small Cap Fund,15-07-2019,54.14610
125497,SBI Small Cap Fund - Direct Plan - Growth,SBI Mutual Fund,Open Ended Schemes,Equity Scheme - Small Cap Fund,12-07-2019,54.27850
125497,SBI Small Cap Fund - Direct Plan - Growth,SBI Mutual Fund,Open Ended Schemes,Equity Scheme - Small Cap Fund,11-07-2019,54.09840
125497,SBI Small Cap Fund - Direct Plan - Growth,SBI Mutual Fund,Open Ended Schemes,Equity Scheme - Small Cap Fund,10-07-2019,53.84430
125497,SBI Small Cap Fund - Direct Plan - Growth,SBI Mutual Fund,Open Ended Schemes,Equity Scheme - Small Cap Fund,09-07-2019,54.08360
125497,SBI Small Cap Fund - Direct Plan - Growth,SBI Mutual Fund,Open Ended Schemes,Equity Scheme - Small Cap Fund,08-07-2019,54.16440
125497,SBI Small Cap Fund - Direct Plan - Growth,SBI Mutual Fund,Open Ended Schemes,Equity Scheme - Small Cap Fund,05-07-2019,54.85610
125497,SBI Small Cap Fund - Direct Plan - Growth,SBI Mutual Fund,Open Ended Schemes,Equity Scheme - Small Cap Fund,04-07-2019,55.46990
125497,SBI Small Cap Fund - Direct Plan - Growth,SBI Mutual Fund,Open Ended Schemes,Equity Scheme - Small Cap Fund,03-07-2019,55.37380
125497,SBI Small Cap Fund - Direct Plan - Growth,SBI Mutual Fund,Open Ended Schemes,Equity Scheme - Small Cap Fund,02-07-2019,55.45600
125497,SBI Small Cap Fund - Direct Plan - Growth,SBI Mutual Fund,Open Ended Schemes,Equity Scheme - Small Cap Fund,01-07-2019,55.30310
125497,SBI Small Cap Fund - Direct Plan - Growth,SBI Mutual Fund,Open Ended Schemes,Equity Scheme - Small Cap Fund,28-06-2019,55.22400
125497,SBI Small Cap Fund - Direct Plan - Growth,SBI Mutual Fund,Open Ended Schemes,Equity Scheme - Small Cap Fund,27-06-2019,55.09700
125497,SBI Small Cap Fund - Direct Plan - Growth,SBI Mutual Fund,Open Ended Schemes,Equity Scheme - Small Cap Fund,26-06-2019,54.96570
125497,SBI Small Cap Fund - Direct Plan - Growth,SBI Mutual Fund,Open Ended Schemes,Equity Scheme - Small Cap Fund,25-06-2019,54.49570
125497,SBI Small Cap Fund - Direct Plan - Growth,SBI Mutual Fund,Open Ended Schemes,Equity Scheme - Small Cap Fund,24-06-2019,54.18940
125497,SBI Small Cap Fund - Direct Plan - Growth,SBI Mutual Fund,Open Ended Schemes,Equity Scheme - Small Cap Fund,21-06-2019,54.48260
125497,SBI Small Cap Fund - Direct Plan - Growth,SBI Mutual Fund,Open Ended Schemes,Equity Scheme - Small Cap Fund,20-06-2019,54.45070
125497,SBI Small Cap Fund - Direct Plan - Growth,SBI Mutual Fund,Open Ended Schemes,Equity Scheme - Small Cap Fund,19-06-2019,54.09460
125497,SBI Small Cap Fund - Direct Plan - Growth,SBI Mutual Fund,Open Ended Schemes,Equity Scheme - Small Cap Fund,18-06-2019,54.35880
125497,SBI Small Cap Fund - Direct Plan - Growth,SBI Mutual Fund,Open Ended Schemes,Equity Scheme - Small Cap Fund,17-06-2019,54.65100
125497,SBI Small Cap Fund - Direct Plan - Growth,SBI Mutual Fund,Open Ended Schemes,Equity Scheme - Small Cap Fund,14-06-2019,55.22650
125497,SBI Small Cap Fund - Direct Plan - Growth,SBI Mutual Fund,Open Ended Schemes,Equity Scheme - Small Cap Fund,13-06-2019,55.35830
125497,SBI Small Cap Fund - Direct Plan - Growth,SBI Mutual Fund,Open Ended Schemes,Equity Scheme - Small Cap Fund,12-06-2019,55.66630
125497,SBI Small Cap Fund - Direct Plan - Growth,SBI Mutual Fund,Open Ended Schemes,Equity Scheme - Small Cap Fund,11-06-2019,55.67700
125497,SBI Small Cap Fund - Direct Plan - Growth,SBI Mutual Fund,Open Ended Schemes,Equity Scheme - Small Cap Fund,10-06-2019,55.74310
125497,SBI Small Cap Fund - Direct Plan - Growth,SBI Mutual Fund,Open Ended Schemes,Equity Scheme - Small Cap Fund,07-06-2019,56.09400
125497,SBI Small Cap Fund - Direct Plan - Growth,SBI Mutual Fund,Open Ended Schemes,Equity Scheme - Small Cap Fund,06-06-2019,56.12530
125497,SBI Small Cap Fund - Direct Plan - Growth,SBI Mutual Fund,Open Ended Schemes,Equity Scheme - Small Cap Fund,04-06-2019,56.70670
125497,SBI Small Cap Fund - Direct Plan - Growth,SBI Mutual Fund,Open Ended Schemes,Equity Scheme - Small Cap Fund,03-06-2019,56.74170
125497,SBI Small Cap Fund - Direct Plan - Growth,SBI Mutual Fund,Open Ended Schemes,Equity Scheme - Small Cap Fund,31-05-2019,56.48040
125497,SBI Small Cap Fund - Direct Plan - Growth,SBI Mutual Fund,Open Ended Schemes,Equity Scheme - Small Cap Fund,30-05-2019,56.18820
125497,SBI Small Cap Fund - Direct Plan - Growth,SBI Mutual Fund,Open Ended Schemes,Equity Scheme - Small Cap Fund,29-05-2019,56.35730
125497,SBI Small Cap Fund - Direct Plan - Growth,SBI Mutual Fund,Open Ended Schemes,Equity Scheme - Small Cap Fund,28-05-2019,56.54150
125497,SBI Small Cap Fund - Direct Plan - Growth,SBI Mutual Fund,Open Ended Schemes,Equity Scheme - Small Cap Fund,27-05-2019,55.90360
125497,SBI Small Cap Fund - Direct Plan - Growth,SBI Mutual Fund,Open Ended Schemes,Equity Scheme - Small Cap Fund,24-05-2019,54.99480
125497,SBI Small Cap Fund - Direct Plan - Growth,SBI Mutual Fund,Open Ended Schemes,Equity Scheme - Small Cap Fund,23-05-2019,53.98730
125497,SBI Small Cap Fund - Direct Plan - Growth,SBI Mutual Fund,Open Ended Schemes,Equity Scheme - Small Cap Fund,22-05-2019,54.09580
125497,SBI Small Cap Fund - Direct Plan - Growth,SBI Mutual Fund,Open Ended Schemes,Equity Scheme - Small Cap Fund,21-05-2019,54.08380
125497,SBI Small Cap Fund - Direct Plan - Growth,SBI Mutual Fund,Open Ended Schemes,Equity Scheme - Small Cap Fund,20-05-2019,54.48670
125497,SBI Small Cap Fund - Direct Plan - Growth,SBI Mutual Fund,Open Ended Schemes,Equity Scheme - Small Cap Fund,17-05-2019,53.07300
125497,SBI Small Cap Fund - Direct Plan - Growth,SBI Mutual Fund,Open Ended Schemes,Equity Scheme - Small Cap Fund,16-05-2019,52.93380
125497,SBI Small Cap Fund - Direct Plan - Growth,SBI Mutual Fund,Open Ended Schemes,Equity Scheme - Small Cap Fund,15-05-2019,53.03030
125497,SBI Small Cap Fund - Direct Plan - Growth,SBI Mutual Fund,Open Ended Schemes,Equity Scheme - Small Cap Fund,14-05-2019,53.10040
125497,SBI Small Cap Fund - Direct Plan - Growth,SBI Mutual Fund,Open Ended Schemes,Equity Scheme - Small Cap Fund,13-05-2019,52.83890
125497,SBI Small Cap Fund - Direct Plan - Growth,SBI Mutual Fund,Open Ended Schemes,Equity Scheme - Small Cap Fund,10-05-2019,53.70600
125497,SBI Small Cap Fund - Direct Plan - Growth,SBI Mutual Fund,Open Ended Schemes,Equity Scheme - Small Cap Fund,09-05-2019,53.70840
125497,SBI Small Cap Fund - Direct Plan - Growth,SBI Mutual Fund,Open Ended Schemes,Equity Scheme - Small Cap Fund,08-05-2019,53.85830
125497,SBI Small Cap Fund - Direct Plan - Growth,SBI Mutual Fund,Open Ended Schemes,Equity Scheme - Small Cap Fund,07-05-2019,54.34240
125497,SBI Small Cap Fund - Direct Plan - Growth,SBI Mutual Fund,Open Ended Schemes,Equity Scheme - Small Cap Fund,06-05-2019,54.49760
125497,SBI Small Cap Fund - Direct Plan - Growth,SBI Mutual Fund,Open Ended Schemes,Equity Scheme - Small Cap Fund,03-05-2019,54.89700
125497,SBI Small Cap Fund - Direct Plan - Growth,SBI Mutual Fund,Open Ended Schemes,Equity Scheme - Small Cap Fund,02-05-2019,55.00240
125497,SBI Small Cap Fund - Direct Plan - Growth,SBI Mutual Fund,Open Ended Schemes,Equity Scheme - Small Cap Fund,30-04-2019,55.08300
125497,SBI Small Cap Fund - Direct Plan - Growth,SBI Mutual Fund,Open Ended Schemes,Equity Scheme - Small Cap Fund,26-04-2019,55.31870
125497,SBI Small Cap Fund - Direct Plan - Growth,SBI Mutual Fund,Open Ended Schemes,Equity Scheme - Small Cap Fund,25-04-2019,55.35920
125497,SBI Small Cap Fund - Direct Plan - Growth,SBI Mutual Fund,Open Ended Schemes,Equity Scheme - Small Cap Fund,24-04-2019,55.27230
125497,SBI Small Cap Fund - Direct Plan - Growth,SBI Mutual Fund,Open Ended Schemes,Equity Scheme - Small Cap Fund,23-04-2019,55.05550
125497,SBI Small Cap Fund - Direct Plan - Growth,SBI Mutual Fund,Open Ended Schemes,Equity Scheme - Small Cap Fund,22-04-2019,54.94580
125497,SBI Small Cap Fund - Direct Plan - Growth,SBI Mutual Fund,Open Ended Schemes,Equity Scheme - Small Cap Fund,18-04-2019,55.72320
125497,SBI Small Cap Fund - Direct Plan - Growth,SBI Mutual Fund,Open Ended Schemes,Equity Scheme - Small Cap Fund,16-04-2019,56.12670
125497,SBI Small Cap Fund - Direct Plan - Growth,SBI Mutual Fund,Open Ended Schemes,Equity Scheme - Small Cap Fund,15-04-2019,56.15360
125497,SBI Small Cap Fund - Direct Plan - Growth,SBI Mutual Fund,Open Ended Schemes,Equity Scheme - Small Cap Fund,12-04-2019,55.92260
125497,SBI Small Cap Fund - Direct Plan - Growth,SBI Mutual Fund,Open Ended Schemes,Equity Scheme - Small Cap Fund,11-04-2019,55.79870
125497,SBI Small Cap Fund - Direct Plan - Growth,SBI Mutual Fund,Open Ended Schemes,Equity Scheme - Small Cap Fund,10-04-2019,55.63880
125497,SBI Small Cap Fund - Direct Plan - Growth,SBI Mutual Fund,Open Ended Schemes,Equity Scheme - Small Cap Fund,09-04-2019,55.66120
125497,SBI Small Cap Fund - Direct Plan - Growth,SBI Mutual Fund,Open Ended Schemes,Equity Scheme - Small Cap Fund,08-04-2019,55.88280
125497,SBI Small Cap Fund - Direct Plan - Growth,SBI Mutual Fund,Open Ended Schemes,Equity Scheme - Small Cap Fund,05-04-2019,56.01910
125497,SBI Small Cap Fund - Direct Plan - Growth,SBI Mutual Fund,Open Ended Schemes,Equity Scheme - Small Cap Fund,04-04-2019,55.64470
125497,SBI Small Cap Fund - Direct Plan - Growth,SBI Mutual Fund,Open Ended Schemes,Equity Scheme - Small Cap Fund,03-04-2019,55.66010
125497,SBI Small Cap Fund - Direct Plan - Growth,SBI Mutual Fund,Open Ended Schemes,Equity Scheme - Small Cap Fund,02-04-2019,56.00110
125497,SBI Small Cap Fund - Direct Plan - Growth,SBI Mutual Fund,Open Ended Schemes,Equity Scheme - Small Cap Fund,01-04-2019,56.17720
125497,SBI Small Cap Fund - Direct Plan - Growth,SBI Mutual Fund,Open Ended Schemes,Equity Scheme - Small Cap Fund,29-03-2019,55.66300
125497,SBI Small Cap Fund - Direct Plan - Growth,SBI Mutual Fund,Open Ended Schemes,Equity Scheme - Small Cap Fund,28-03-2019,54.75810
125497,SBI Small Cap Fund - Direct Plan - Growth,SBI Mutual Fund,Open Ended Schemes,Equity Scheme - Small Cap Fund,27-03-2019,54.46000
125497,SBI Small Cap Fund - Direct Plan - Growth,SBI Mutual Fund,Open Ended Schemes,Equity Scheme - Small Cap Fund,26-03-2019,54.40650
125497,SBI Small Cap Fund - Direct Plan - Growth,SBI Mutual Fund,Open Ended Schemes,Equity Scheme - Small Cap Fund,25-03-2019,54.02560
125497,SBI Small Cap Fund - Direct Plan - Growth,SBI Mutual Fund,Open Ended Schemes,Equity Scheme - Small Cap Fund,22-03-2019,54.64980
125497,SBI Small Cap Fund - Direct Plan - Growth,SBI Mutual Fund,Open Ended Schemes,Equity Scheme - Small Cap Fund,20-03-2019,54.76370
125497,SBI Small Cap Fund - Direct Plan - Growth,SBI Mutual Fund,Open Ended Schemes,Equity Scheme - Small Cap Fund,19-03-2019,55.12380
125497,SBI Small Cap Fund - Direct Plan - Growth,SBI Mutual Fund,Open Ended Schemes,Equity Scheme - Small Cap Fund,18-03-2019,54.83560
125497,SBI Small Cap Fund - Direct Plan - Growth,SBI Mutual Fund,Open Ended Schemes,Equity Scheme - Small Cap Fund,15-03-2019,54.83230
125497,SBI Small Cap Fund - Direct Plan - Growth,SBI Mutual Fund,Open Ended Schemes,Equity Scheme - Small Cap Fund,14-03-2019,55.01810
125497,SBI Small Cap Fund - Direct Plan - Growth,SBI Mutual Fund,Open Ended Schemes,Equity Scheme - Small Cap Fund,13-03-2019,55.19590
125497,SBI Small Cap Fund - Direct Plan - Growth,SBI Mutual Fund,Open Ended Schemes,Equity Scheme - Small Cap Fund,12-03-2019,55.27730
125497,SBI Small Cap Fund - Direct Plan - Growth,SBI Mutual Fund,Open Ended Schemes,Equity Scheme - Small Cap Fund,11-03-2019,54.74060
125497,SBI Small Cap Fund - Direct Plan - Growth,SBI Mutual Fund,Open Ended Schemes,Equity Scheme - Small Cap Fund,08-03-2019,53.94010
125497,SBI Small Cap Fund - Direct Plan - Growth,SBI Mutual Fund,Open Ended Schemes,Equity Scheme - Small Cap Fund,07-03-2019,53.70520
125497,SBI Small Cap Fund - Direct Plan - Growth,SBI Mutual Fund,Open Ended Schemes,Equity Scheme - Small Cap Fund,06-03-2019,53.24360
125497,SBI Small Cap Fund - Direct Plan - Growth,SBI Mutual Fund,Open Ended Schemes,Equity Scheme - Small Cap Fund,05-03-2019,52.70070
125497,SBI Small Cap Fund - Direct Plan - Growth,SBI Mutual Fund,Open Ended Schemes,Equity Scheme - Small Cap Fund,01-03-2019,51.44180
125497,SBI Small Cap Fund - Direct Plan - Growth,SBI Mutual Fund,Open Ended Schemes,Equity Scheme - Small Cap Fund,28-02-2019,50.77170
125497,SBI Small Cap Fund - Direct Plan - Growth,SBI Mutual Fund,Open Ended Schemes,Equity Scheme - Small Cap Fund,27-02-2019,50.66950
125497,SBI Small Cap Fund - Direct Plan - Growth,SBI Mutual Fund,Open Ended Schemes,Equity Scheme - Small Cap Fund,26-02-2019,50.93920
125497,SBI Small Cap Fund - Direct Plan - Growth,SBI Mutual Fund,Open Ended Schemes,Equity Scheme - Small Cap Fund,25-02-2019,51.15440
125497,SBI Small Cap Fund - Direct Plan - Growth,SBI Mutual Fund,Open Ended Schemes,Equity Scheme - Small Cap Fund,22-02-2019,51.11640
125497,SBI Small Cap Fund - Direct Plan - Growth,SBI Mutual Fund,Open Ended Schemes,Equity Scheme - Small Cap Fund,21-02-2019,50.88630
125497,SBI Small Cap Fund - Direct Plan - Growth,SBI Mutual Fund,Open Ended Schemes,Equity Scheme - Small Cap Fund,20-02-2019,50.51340
125497,SBI Small Cap Fund - Direct Plan - Growth,SBI Mutual Fund,Open Ended Schemes,Equity Scheme - Small Cap Fund,19-02-2019,50.19320
125497,SBI Small Cap Fund - Direct Plan - Growth,SBI Mutual Fund,Open Ended Schemes,Equity Scheme - Small Cap Fund,18-02-2019,49.72310
125497,SBI Small Cap Fund - Direct Plan - Growth,SBI Mutual Fund,Open Ended Schemes,Equity Scheme - Small Cap Fund,15-02-2019,49.83630
125497,SBI Small Cap Fund - Direct Plan - Growth,SBI Mutual Fund,Open Ended Schemes,Equity Scheme - Small Cap Fund,14-02-2019,50.02460
125497,SBI Small Cap Fund - Direct Plan - Growth,SBI Mutual Fund,Open Ended Schemes,Equity Scheme - Small Cap Fund,13-02-2019,49.91590
125497,SBI Small Cap Fund - Direct Plan - Growth,SBI Mutual Fund,Open Ended Schemes,Equity Scheme - Small Cap Fund,12-02-2019,49.98650
125497,SBI Small Cap Fund - Direct Plan - Growth,SBI Mutual Fund,Open Ended Schemes,Equity Scheme - Small Cap Fund,11-02-2019,50.14170
125497,SBI Small Cap Fund - Direct Plan - Growth,SBI Mutual Fund,Open Ended Schemes,Equity Scheme - Small Cap Fund,08-02-2019,50.55320
125497,SBI Small Cap Fund - Direct Plan - Growth,SBI Mutual Fund,Open Ended Schemes,Equity Scheme - Small Cap Fund,07-02-2019,50.89240
125497,SBI Small Cap Fund - Direct Plan - Growth,SBI Mutual Fund,Open Ended Schemes,Equity Scheme - Small Cap Fund,06-02-2019,50.53950
125497,SBI Small Cap Fund - Direct Plan - Growth,SBI Mutual Fund,Open Ended Schemes,Equity Scheme - Small Cap Fund,05-02-2019,50.71510
125497,SBI Small Cap Fund - Direct Plan - Growth,SBI Mutual Fund,Open Ended Schemes,Equity Scheme - Small Cap Fund,04-02-2019,51.03580
125497,SBI Small Cap Fund - Direct Plan - Growth,SBI Mutual Fund,Open Ended Schemes,Equity Scheme - Small Cap Fund,01-02-2019,51.29720
125497,SBI Small Cap Fund - Direct Plan - Growth,SBI Mutual Fund,Open Ended Schemes,Equity Scheme - Small Cap Fund,31-01-2019,51.35070
125497,SBI Small Cap Fund - Direct Plan - Growth,SBI Mutual Fund,Open Ended Schemes,Equity Scheme - Small Cap Fund,30-01-2019,51.00550
125497,SBI Small Cap Fund - Direct Plan - Growth,SBI Mutual Fund,Open Ended Schemes,Equity Scheme - Small Cap Fund,29-01-2019,51.05470
125497,SBI Small Cap Fund - Direct Plan - Growth,SBI Mutual Fund,Open Ended Schemes,Equity Scheme - Small Cap Fund,28-01-2019,51.08620
125497,SBI Small Cap Fund - Direct Plan - Growth,SBI Mutual Fund,Open Ended Schemes,Equity Scheme - Small Cap Fund,25-01-2019,51.80020
125497,SBI Small Cap Fund - Direct Plan - Growth,SBI Mutual Fund,Open Ended Schemes,Equity Scheme - Small Cap Fund,24-01-2019,52.29050
125497,SBI Small Cap Fund - Direct Plan - Growth,SBI Mutual Fund,Open Ended Schemes,Equity Scheme - Small Cap Fund,23-01-2019,52.27130
125497,SBI Small Cap Fund - Direct Plan - Growth,SBI Mutual Fund,Open Ended Schemes,Equity Scheme - Small Cap Fund,22-01-2019,52.53510
125497,SBI Small Cap Fund - Direct Plan - Growth,SBI Mutual Fund,Open Ended Schemes,Equity Scheme - Small Cap Fund,21-01-2019,52.85800
125497,SBI Small Cap Fund - Direct Plan - Growth,SBI Mutual Fund,Open Ended Schemes,Equity Scheme - Small Cap Fund,18-01-2019,53.07100
125497,SBI Small Cap Fund - Direct Plan - Growth,SBI Mutual Fund,Open Ended Schemes,Equity Scheme - Small Cap Fund,17-01-2019,53.16740
125497,SBI Small Cap Fund - Direct Plan - Growth,SBI Mutual Fund,Open Ended Schemes,Equity Scheme - Small Cap Fund,16-01-2019,53.20550
125497,SBI Small Cap Fund - Direct Plan - Growth,SBI Mutual Fund,Open Ended Schemes,Equity Scheme - Small Cap Fund,15-01-2019,53.27560
125497,SBI Small Cap Fund - Direct Plan - Growth,SBI Mutual Fund,Open Ended Schemes,Equity Scheme - Small Cap Fund,14-01-2019,53.15470
125497,SBI Small Cap Fund - Direct Plan - Growth,SBI Mutual Fund,Open Ended Schemes,Equity Scheme - Small Cap Fund,11-01-2019,53.18620
125497,SBI Small Cap Fund - Direct Plan - Growth,SBI Mutual Fund,Open Ended Schemes,Equity Scheme - Small Cap Fund,10-01-2019,53.24230
125497,SBI Small Cap Fund - Direct Plan - Growth,SBI Mutual Fund,Open Ended Schemes,Equity Scheme - Small Cap Fund,09-01-2019,53.29980
125497,SBI Small Cap Fund - Direct Plan - Growth,SBI Mutual Fund,Open Ended Schemes,Equity Scheme - Small Cap Fund,08-01-2019,53.25160
125497,SBI Small Cap Fund - Direct Plan - Growth,SBI Mutual Fund,Open Ended Schemes,Equity Scheme - Small Cap Fund,07-01-2019,53.41870
125497,SBI Small Cap Fund - Direct Plan - Growth,SBI Mutual Fund,Open Ended Schemes,Equity Scheme - Small Cap Fund,04-01-2019,53.32890
125497,SBI Small Cap Fund - Direct Plan - Growth,SBI Mutual Fund,Open Ended Schemes,Equity Scheme - Small Cap Fund,03-01-2019,53.50670
125497,SBI Small Cap Fund - Direct Plan - Growth,SBI Mutual Fund,Open Ended Schemes,Equity Scheme - Small Cap Fund,02-01-2019,53.71480
125497,SBI Small Cap Fund - Direct Plan - Growth,SBI Mutual Fund,Open Ended Schemes,Equity Scheme - Small Cap Fund,01-01-2019,53.81800
125497,SBI Small Cap Fund - Direct Plan - Growth,SBI Mutual Fund,Open Ended Schemes,Equity Scheme - Small Cap Fund,31-12-2018,53.82650
125497,SBI Small Cap Fund - Direct Plan - Growth,SBI Mutual Fund,Open Ended Schemes,Equity Scheme - Small Cap Fund,28-12-2018,53.51780
125497,SBI Small Cap Fund - Direct Plan - Growth,SBI Mutual Fund,Open Ended Schemes,Equity Scheme - Small Cap Fund,27-12-2018,53.03650
125497,SBI Small Cap Fund - Direct Plan - Growth,SBI Mutual Fund,Open Ended Schemes,Equity Scheme - Small Cap Fund,26-12-2018,52.81700
125497,SBI Small Cap Fund - Direct Plan - Growth,SBI Mutual Fund,Open Ended Schemes,Equity Scheme - Small Cap Fund,24-12-2018,52.80450
125497,SBI Small Cap Fund - Direct Plan - Growth,SBI Mutual Fund,Open Ended Schemes,Equity Scheme - Small Cap Fund,21-12-2018,53.50260
125497,SBI Small Cap Fund - Direct Plan - Growth,SBI Mutual Fund,Open Ended Schemes,Equity Scheme - Small Cap Fund,20-12-2018,54.15910
125497,SBI Small Cap Fund - Direct Plan - Growth,SBI Mutual Fund,Open Ended Schemes,Equity Scheme - Small Cap Fund,19-12-2018,54.05890
125497,SBI Small Cap Fund - Direct Plan - Growth,SBI Mutual Fund,Open Ended Schemes,Equity Scheme - Small Cap Fund,18-12-2018,53.49370
125497,SBI Small Cap Fund - Direct Plan - Growth,SBI Mutual Fund,Open Ended Schemes,Equity Scheme - Small Cap Fund,17-12-2018,53.29490
125497,SBI Small Cap Fund - Direct Plan - Growth,SBI Mutual Fund,Open Ended Schemes,Equity Scheme - Small Cap Fund,14-12-2018,53.08980
125497,SBI Small Cap Fund - Direct Plan - Growth,SBI Mutual Fund,Open Ended Schemes,Equity Scheme - Small Cap Fund,13-12-2018,53.04740
125497,SBI Small Cap Fund - Direct Plan - Growth,SBI Mutual Fund,Open Ended Schemes,Equity Scheme - Small Cap Fund,12-12-2018,52.67220
125497,SBI Small Cap Fund - Direct Plan - Growth,SBI Mutual Fund,Open Ended Schemes,Equity Scheme - Small Cap Fund,11-12-2018,51.69330
125497,SBI Small Cap Fund - Direct Plan - Growth,SBI Mutual Fund,Open Ended Schemes,Equity Scheme - Small Cap Fund,10-12-2018,51.30100
125497,SBI Small Cap Fund - Direct Plan - Growth,SBI Mutual Fund,Open Ended Schemes,Equity Scheme - Small Cap Fund,07-12-2018,52.00780
125497,SBI Small Cap Fund - Direct Plan - Growth,SBI Mutual Fund,Open Ended Schemes,Equity Scheme - Small Cap Fund,06-12-2018,51.90510
125497,SBI Small Cap Fund - Direct Plan - Growth,SBI Mutual Fund,Open Ended Schemes,Equity Scheme - Small Cap Fund,05-12-2018,52.52670
125497,SBI Small Cap Fund - Direct Plan - Growth,SBI Mutual Fund,Open Ended Schemes,Equity Scheme - Small Cap Fund,04-12-2018,52.94580
125497,SBI Small Cap Fund - Direct Plan - Growth,SBI Mutual Fund,Open Ended Schemes,Equity Scheme - Small Cap Fund,03-12-2018,52.77470
125497,SBI Small Cap Fund - Direct Plan - Growth,SBI Mutual Fund,Open Ended Schemes,Equity Scheme - Small Cap Fund,30-11-2018,52.74220
125497,SBI Small Cap Fund - Direct Plan - Growth,SBI Mutual Fund,Open Ended Schemes,Equity Scheme - Small Cap Fund,29-11-2018,52.49690
125497,SBI Small Cap Fund - Direct Plan - Growth,SBI Mutual Fund,Open Ended Schemes,Equity Scheme - Small Cap Fund,28-11-2018,52.44480
125497,SBI Small Cap Fund - Direct Plan - Growth,SBI Mutual Fund,Open Ended Schemes,Equity Scheme - Small Cap Fund,27-11-2018,52.37870
125497,SBI Small Cap Fund - Direct Plan - Growth,SBI Mutual Fund,Open Ended Schemes,Equity Scheme - Small Cap Fund,26-11-2018,52.36920
125497,SBI Small Cap Fund - Direct Plan - Growth,SBI Mutual Fund,Open Ended Schemes,Equity Scheme - Small Cap Fund,22-11-2018,52.58670
125497,SBI Small Cap Fund - Direct Plan - Growth,SBI Mutual Fund,Open Ended Schemes,Equity Scheme - Small Cap Fund,21-11-2018,52.68050
125497,SBI Small Cap Fund - Direct Plan - Growth,SBI Mutual Fund,Open Ended Schemes,Equity Scheme - Small Cap Fund,20-11-2018,52.71180
125497,SBI Small Cap Fund - Direct Plan - Growth,SBI Mutual Fund,Open Ended Schemes,Equity Scheme - Small Cap Fund,19-11-2018,53.02900
125497,SBI Small Cap Fund - Direct Plan - Growth,SBI Mutual Fund,Open Ended Schemes,Equity Scheme - Small Cap Fund,16-11-2018,52.56470
125497,SBI Small Cap Fund - Direct Plan - Growth,SBI Mutual Fund,Open Ended Schemes,Equity Scheme - Small Cap Fund,15-11-2018,52.64060
125497,SBI Small Cap Fund - Direct Plan - Growth,SBI Mutual Fund,Open Ended Schemes,Equity Scheme - Small Cap Fund,14-11-2018,52.84700
125497,SBI Small Cap Fund - Direct Plan - Growth,SBI Mutual Fund,Open Ended Schemes,Equity Scheme - Small Cap Fund,13-11-2018,52.60140
125497,SBI Small Cap Fund - Direct Plan - Growth,SBI Mutual Fund,Open Ended Schemes,Equity Scheme - Small Cap Fund,12-11-2018,52.66270
125497,SBI Small Cap Fund - Direct Plan - Growth,SBI Mutual Fund,Open Ended Schemes,Equity Scheme - Small Cap Fund,09-11-2018,53.03440
125497,SBI Small Cap Fund - Direct Plan - Growth,SBI Mutual Fund,Open Ended Schemes,Equity Scheme - Small Cap Fund,06-11-2018,52.37470
125497,SBI Small Cap Fund - Direct Plan - Growth,SBI Mutual Fund,Open Ended Schemes,Equity Scheme - Small Cap Fund,05-11-2018,52.43270
125497,SBI Small Cap Fund - Direct Plan - Growth,SBI Mutual Fund,Open Ended Schemes,Equity Scheme - Small Cap Fund,02-11-2018,52.56680
125497,SBI Small Cap Fund - Direct Plan - Growth,SBI Mutual Fund,Open Ended Schemes,Equity Scheme - Small Cap Fund,01-11-2018,52.05870
125497,SBI Small Cap Fund - Direct Plan - Growth,SBI Mutual Fund,Open Ended Schemes,Equity Scheme - Small Cap Fund,31-10-2018,51.88510
125497,SBI Small Cap Fund - Direct Plan - Growth,SBI Mutual Fund,Open Ended Schemes,Equity Scheme - Small Cap Fund,30-10-2018,51.44750
125497,SBI Small Cap Fund - Direct Plan - Growth,SBI Mutual Fund,Open Ended Schemes,Equity Scheme - Small Cap Fund,29-10-2018,50.92970
125497,SBI Small Cap Fund - Direct Plan - Growth,SBI Mutual Fund,Open Ended Schemes,Equity Scheme - Small Cap Fund,26-10-2018,50.33250
125497,SBI Small Cap Fund - Direct Plan - Growth,SBI Mutual Fund,Open Ended Schemes,Equity Scheme - Small Cap Fund,25-10-2018,50.25100
125497,SBI Small Cap Fund - Direct Plan - Growth,SBI Mutual Fund,Open Ended Schemes,Equity Scheme - Small Cap Fund,24-10-2018,50.39520
125497,SBI Small Cap Fund - Direct Plan - Growth,SBI Mutual Fund,Open Ended Schemes,Equity Scheme - Small Cap Fund,23-10-2018,50.16670
125497,SBI Small Cap Fund - Direct Plan - Growth,SBI Mutual Fund,Open Ended Schemes,Equity Scheme - Small Cap Fund,22-10-2018,50.77720
125497,SBI Small Cap Fund - Direct Plan - Growth,SBI Mutual Fund,Open Ended Schemes,Equity Scheme - Small Cap Fund,19-10-2018,51.42500
125497,SBI Small Cap Fund - Direct Plan - Growth,SBI Mutual Fund,Open Ended Schemes,Equity Scheme - Small Cap Fund,17-10-2018,51.98010
125497,SBI Small Cap Fund - Direct Plan - Growth,SBI Mutual Fund,Open Ended Schemes,Equity Scheme - Small Cap Fund,16-10-2018,52.71740
125497,SBI Small Cap Fund - Direct Plan - Growth,SBI Mutual Fund,Open Ended Schemes,Equity Scheme - Small Cap Fund,15-10-2018,52.16970
125497,SBI Small Cap Fund - Direct Plan - Growth,SBI Mutual Fund,Open Ended Schemes,Equity Scheme - Small Cap Fund,12-10-2018,51.79440
125497,SBI Small Cap Fund - Direct Plan - Growth,SBI Mutual Fund,Open Ended Schemes,Equity Scheme - Small Cap Fund,11-10-2018,51.00280
125497,SBI Small Cap Fund - Direct Plan - Growth,SBI Mutual Fund,Open Ended Schemes,Equity Scheme - Small Cap Fund,10-10-2018,51.69010
125497,SBI Small Cap Fund - Direct Plan - Growth,SBI Mutual Fund,Open Ended Schemes,Equity Scheme - Small Cap Fund,09-10-2018,49.99840
125497,SBI Small Cap Fund - Direct Plan - Growth,SBI Mutual Fund,Open Ended Schemes,Equity Scheme - Small Cap Fund,08-10-2018,50.31910
125497,SBI Small Cap Fund - Direct Plan - Growth,SBI Mutual Fund,Open Ended Schemes,Equity Scheme - Small Cap Fund,05-10-2018,51.09670
125497,SBI Small Cap Fund - Direct Plan - Growth,SBI Mutual Fund,Open Ended Schemes,Equity Scheme - Small Cap Fund,04-10-2018,51.95750
125497,SBI Small Cap Fund - Direct Plan - Growth,SBI Mutual Fund,Open Ended Schemes,Equity Scheme - Small Cap Fund,03-10-2018,52.91920
125497,SBI Small Cap Fund - Direct Plan - Growth,SBI Mutual Fund,Open Ended Schemes,Equity Scheme - Small Cap Fund,01-10-2018,52.88300
125497,SBI Small Cap Fund - Direct Plan - Growth,SBI Mutual Fund,Open Ended Schemes,Equity Scheme - Small Cap Fund,28-09-2018,53.31710
125497,SBI Small Cap Fund - Direct Plan - Growth,SBI Mutual Fund,Open Ended Schemes,Equity Scheme - Small Cap Fund,27-09-2018,54.44660
125497,SBI Small Cap Fund - Direct Plan - Growth,SBI Mutual Fund,Open Ended Schemes,Equity Scheme - Small Cap Fund,26-09-2018,55.12020
125497,SBI Small Cap Fund - Direct Plan - Growth,SBI Mutual Fund,Open Ended Schemes,Equity Scheme - Small Cap Fund,25-09-2018,54.82740
125497,SBI Small Cap Fund - Direct Plan - Growth,SBI Mutual Fund,Open Ended Schemes,Equity Scheme - Small Cap Fund,24-09-2018,55.28210
125497,SBI Small Cap Fund - Direct Plan - Growth,SBI Mutual Fund,Open Ended Schemes,Equity Scheme - Small Cap Fund,21-09-2018,56.44670
125497,SBI Small Cap Fund - Direct Plan - Growth,SBI Mutual Fund,Open Ended Schemes,Equity Scheme - Small Cap Fund,19-09-2018,57.58210
125497,SBI Small Cap Fund - Direct Plan - Growth,SBI Mutual Fund,Open Ended Schemes,Equity Scheme - Small Cap Fund,18-09-2018,58.00360
125497,SBI Small Cap Fund - Direct Plan - Growth,SBI Mutual Fund,Open Ended Schemes,Equity Scheme - Small Cap Fund,17-09-2018,58.55040
125497,SBI Small Cap Fund - Direct Plan - Growth,SBI Mutual Fund,Open Ended Schemes,Equity Scheme - Small Cap Fund,14-09-2018,58.79830
125497,SBI Small Cap Fund - Direct Plan - Growth,SBI Mutual Fund,Open Ended Schemes,Equity Scheme - Small Cap Fund,12-09-2018,58.20590
125497,SBI Small Cap Fund - Direct Plan - Growth,SBI Mutual Fund,Open Ended Schemes,Equity Scheme - Small Cap Fund,11-09-2018,58.31700
125497,SBI Small Cap Fund - Direct Plan - Growth,SBI Mutual Fund,Open Ended Schemes,Equity Scheme - Small Cap Fund,10-09-2018,58.94300
125497,SBI Small Cap Fund - Direct Plan - Growth,SBI Mutual Fund,Open Ended Schemes,Equity Scheme - Small Cap Fund,07-09-2018,59.38140
125497,SBI Small Cap Fund - Direct Plan - Growth,SBI Mutual Fund,Open Ended Schemes,Equity Scheme - Small Cap Fund,06-09-2018,59.23830
125497,SBI Small Cap Fund - Direct Plan - Growth,SBI Mutual Fund,Open Ended Schemes,Equity Scheme - Small Cap Fund,05-09-2018,58.69490
125497,SBI Small Cap Fund - Direct Plan - Growth,SBI Mutual Fund,Open Ended Schemes,Equity Scheme - Small Cap Fund,04-09-2018,58.88900
125497,SBI Small Cap Fund - Direct Plan - Growth,SBI Mutual Fund,Open Ended Schemes,Equity Scheme - Small Cap Fund,03-09-2018,59.89740
125497,SBI Small Cap Fund - Direct Plan - Growth,SBI Mutual Fund,Open Ended Schemes,Equity Scheme - Small Cap Fund,31-08-2018,60.12870
125497,SBI Small Cap Fund - Direct Plan - Growth,SBI Mutual Fund,Open Ended Schemes,Equity Scheme - Small Cap Fund,30-08-2018,59.57190
125497,SBI Small Cap Fund - Direct Plan - Growth,SBI Mutual Fund,Open Ended Schemes,Equity Scheme - Small Cap Fund,29-08-2018,59.49070
125497,SBI Small Cap Fund - Direct Plan - Growth,SBI Mutual Fund,Open Ended Schemes,Equity Scheme - Small Cap Fund,28-08-2018,59.55450
125497,SBI Small Cap Fund - Direct Plan - Growth,SBI Mutual Fund,Open Ended Schemes,Equity Scheme - Small Cap Fund,27-08-2018,59.34420
125497,SBI Small Cap Fund - Direct Plan - Growth,SBI Mutual Fund,Open Ended Schemes,Equity Scheme - Small Cap Fund,24-08-2018,58.86170
125497,SBI Small Cap Fund - Direct Plan - Growth,SBI Mutual Fund,Open Ended Schemes,Equity Scheme - Small Cap Fund,23-08-2018,59.03100
125497,SBI Small Cap Fund - Direct Plan - Growth,SBI Mutual Fund,Open Ended Schemes,Equity Scheme - Small Cap Fund,21-08-2018,58.88570
125497,SBI Small Cap Fund - Direct Plan - Growth,SBI Mutual Fund,Open Ended Schemes,Equity Scheme - Small Cap Fund,20-08-2018,58.75970
125497,SBI Small Cap Fund - Direct Plan - Growth,SBI Mutual Fund,Open Ended Schemes,Equity Scheme - Small Cap Fund,17-08-2018,58.75550
125497,SBI Small Cap Fund - Direct Plan - Growth,SBI Mutual Fund,Open Ended Schemes,Equity Scheme - Small Cap Fund,16-08-2018,58.38800
125497,SBI Small Cap Fund - Direct Plan - Growth,SBI Mutual Fund,Open Ended Schemes,Equity Scheme - Small Cap Fund,14-08-2018,58.07810
125497,SBI Small Cap Fund - Direct Plan - Growth,SBI Mutual Fund,Open Ended Schemes,Equity Scheme - Small Cap Fund,13-08-2018,58.24510
125497,SBI Small Cap Fund - Direct Plan - Growth,SBI Mutual Fund,Open Ended Schemes,Equity Scheme - Small Cap Fund,10-08-2018,58.65510
125497,SBI Small Cap Fund - Direct Plan - Growth,SBI Mutual Fund,Open Ended Schemes,Equity Scheme - Small Cap Fund,09-08-2018,58.75430
125497,SBI Small Cap Fund - Direct Plan - Growth,SBI Mutual Fund,Open Ended Schemes,Equity Scheme - Small Cap Fund,08-08-2018,59.00290
125497,SBI Small Cap Fund - Direct Plan - Growth,SBI Mutual Fund,Open Ended Schemes,Equity Scheme - Small Cap Fund,07-08-2018,58.98340
125497,SBI Small Cap Fund - Direct Plan - Growth,SBI Mutual Fund,Open Ended Schemes,Equity Scheme - Small Cap Fund,06-08-2018,58.79140
125497,SBI Small Cap Fund - Direct Plan - Growth,SBI Mutual Fund,Open Ended Schemes,Equity Scheme - Small Cap Fund,03-08-2018,57.75940
125497,SBI Small Cap Fund - Direct Plan - Growth,SBI Mutual Fund,Open Ended Schemes,Equity Scheme - Small Cap Fund,02-08-2018,57.21620
125497,SBI Small Cap Fund - Direct Plan - Growth,SBI Mutual Fund,Open Ended Schemes,Equity Scheme - Small Cap Fund,01-08-2018,57.02160
125497,SBI Small Cap Fund - Direct Plan - Growth,SBI Mutual Fund,Open Ended Schemes,Equity Scheme - Small Cap Fund,31-07-2018,56.61810
125497,SBI Small Cap Fund - Direct Plan - Growth,SBI Mutual Fund,Open Ended Schemes,Equity Scheme - Small Cap Fund,30-07-2018,56.27370
125497,SBI Small Cap Fund - Direct Plan - Growth,SBI Mutual Fund,Open Ended Schemes,Equity Scheme - Small Cap Fund,27-07-2018,55.85320
125497,SBI Small Cap Fund - Direct Plan - Growth,SBI Mutual Fund,Open Ended Schemes,Equity Scheme - Small Cap Fund,26-07-2018,54.61710
125497,SBI Small Cap Fund - Direct Plan - Growth,SBI Mutual Fund,Open Ended Schemes,Equity Scheme - Small Cap Fund,25-07-2018,54.39810
125497,SBI Small Cap Fund - Direct Plan - Growth,SBI Mutual Fund,Open Ended Schemes,Equity Scheme - Small Cap Fund,24-07-2018,54.29350
125497,SBI Small Cap Fund - Direct Plan - Growth,SBI Mutual Fund,Open Ended Schemes,Equity Scheme - Small Cap Fund,23-07-2018,53.49570
125497,SBI Small Cap Fund - Direct Plan - Growth,SBI Mutual Fund,Open Ended Schemes,Equity Scheme - Small Cap Fund,20-07-2018,53.12790
125497,SBI Small Cap Fund - Direct Plan - Growth,SBI Mutual Fund,Open Ended Schemes,Equity Scheme - Small Cap Fund,19-07-2018,53.06480
125497,SBI Small Cap Fund - Direct Plan - Growth,SBI Mutual Fund,Open Ended Schemes,Equity Scheme - Small Cap Fund,18-07-2018,53.35840
125497,SBI Small Cap Fund - Direct Plan - Growth,SBI Mutual Fund,Open Ended Schemes,Equity Scheme - Small Cap Fund,17-07-2018,53.92080
125497,SBI Small Cap Fund - Direct Plan - Growth,SBI Mutual Fund,Open Ended Schemes,Equity Scheme - Small Cap Fund,16-07-2018,53.81820
125497,SBI Small Cap Fund - Direct Plan - Growth,SBI Mutual Fund,Open Ended Schemes,Equity Scheme - Small Cap Fund,13-07-2018,54.73510
125497,SBI Small Cap Fund - Direct Plan - Growth,SBI Mutual Fund,Open Ended Schemes,Equity Scheme - Small Cap Fund,12-07-2018,54.92570
125497,SBI Small Cap Fund - Direct Plan - Growth,SBI Mutual Fund,Open Ended Schemes,Equity Scheme - Small Cap Fund,11-07-2018,55.01340
125497,SBI Small Cap Fund - Direct Plan - Growth,SBI Mutual Fund,Open Ended Schemes,Equity Scheme - Small Cap Fund,10-07-2018,54.97680
125497,SBI Small Cap Fund - Direct Plan - Growth,SBI Mutual Fund,Open Ended Schemes,Equity Scheme - Small Cap Fund,09-07-2018,54.86680
125497,SBI Small Cap Fund - Direct Plan - Growth,SBI Mutual Fund,Open Ended Schemes,Equity Scheme - Small Cap Fund,06-07-2018,54.19960
125497,SBI Small Cap Fund - Direct Plan - Growth,SBI Mutual Fund,Open Ended Schemes,Equity Scheme - Small Cap Fund,05-07-2018,53.97470
125497,SBI Small Cap Fund - Direct Plan - Growth,SBI Mutual Fund,Open Ended Schemes,Equity Scheme - Small Cap Fund,04-07-2018,54.16200
125497,SBI Small Cap Fund - Direct Plan - Growth,SBI Mutual Fund,Open Ended Schemes,Equity Scheme - Small Cap Fund,03-07-2018,53.97300
125497,SBI Small Cap Fund - Direct Plan - Growth,SBI Mutual Fund,Open Ended Schemes,Equity Scheme - Small Cap Fund,02-07-2018,53.90290
125497,SBI Small Cap Fund - Direct Plan - Growth,SBI Mutual Fund,Open Ended Schemes,Equity Scheme - Small Cap Fund,29-06-2018,54.06380
125497,SBI Small Cap Fund - Direct Plan - Growth,SBI Mutual Fund,Open Ended Schemes,Equity Scheme - Small Cap Fund,28-06-2018,53.23720
125497,SBI Small Cap Fund - Direct Plan - Growth,SBI Mutual Fund,Open Ended Schemes,Equity Scheme - Small Cap Fund,27-06-2018,53.70150
125497,SBI Small Cap Fund - Direct Plan - Growth,SBI Mutual Fund,Open Ended Schemes,Equity Scheme - Small Cap Fund,26-06-2018,54.63160
125497,SBI Small Cap Fund - Direct Plan - Growth,SBI Mutual Fund,Open Ended Schemes,Equity Scheme - Small Cap Fund,25-06-2018,55.00550
125497,SBI Small Cap Fund - Direct Plan - Growth,SBI Mutual Fund,Open Ended Schemes,Equity Scheme - Small Cap Fund,22-06-2018,55.55480
125497,SBI Small Cap Fund - Direct Plan - Growth,SBI Mutual Fund,Open Ended Schemes,Equity Scheme - Small Cap Fund,21-06-2018,55.58140
125497,SBI Small Cap Fund - Direct Plan - Growth,SBI Mutual Fund,Open Ended Schemes,Equity Scheme - Small Cap Fund,20-06-2018,55.96440
125497,SBI Small Cap Fund - Direct Plan - Growth,SBI Mutual Fund,Open Ended Schemes,Equity Scheme - Small Cap Fund,19-06-2018,56.05860
125497,SBI Small Cap Fund - Direct Plan - Growth,SBI Mutual Fund,Open Ended Schemes,Equity Scheme - Small Cap Fund,18-06-2018,56.86800
125497,SBI Small Cap Fund - Direct Plan - Growth,SBI Mutual Fund,Open Ended Schemes,Equity Scheme - Small Cap Fund,15-06-2018,57.06720
125497,SBI Small Cap Fund - Direct Plan - Growth,SBI Mutual Fund,Open Ended Schemes,Equity Scheme - Small Cap Fund,14-06-2018,57.43870
125497,SBI Small Cap Fund - Direct Plan - Growth,SBI Mutual Fund,Open Ended Schemes,Equity Scheme - Small Cap Fund,13-06-2018,57.25220
125497,SBI Small Cap Fund - Direct Plan - Growth,SBI Mutual Fund,Open Ended Schemes,Equity Scheme - Small Cap Fund,12-06-2018,57.44040
125497,SBI Small Cap Fund - Direct Plan - Growth,SBI Mutual Fund,Open Ended Schemes,Equity Scheme - Small Cap Fund,11-06-2018,57.39460
125497,SBI Small Cap Fund - Direct Plan - Growth,SBI Mutual Fund,Open Ended Schemes,Equity Scheme - Small Cap Fund,08-06-2018,57.04480
125497,SBI Small Cap Fund - Direct Plan - Growth,SBI Mutual Fund,Open Ended Schemes,Equity Scheme - Small Cap Fund,07-06-2018,57.00310
125497,SBI Small Cap Fund - Direct Plan - Growth,SBI Mutual Fund,Open Ended Schemes,Equity Scheme - Small Cap Fund,06-06-2018,55.91000
125497,SBI Small Cap Fund - Direct Plan - Growth,SBI Mutual Fund,Open Ended Schemes,Equity Scheme - Small Cap Fund,05-06-2018,55.14420
125497,SBI Small Cap Fund - Direct Plan - Growth,SBI Mutual Fund,Open Ended Schemes,Equity Scheme - Small Cap Fund,04-06-2018,56.50650
125497,SBI Small Cap Fund - Direct Plan - Growth,SBI Mutual Fund,Open Ended Schemes,Equity Scheme - Small Cap Fund,01-06-2018,57.87650
125497,SBI Small Cap Fund - Direct Plan - Growth,SBI Mutual Fund,Open Ended Schemes,Equity Scheme - Small Cap Fund,31-05-2018,58.99500
125497,SBI Small Cap Fund - Direct Plan - Growth,SBI Mutual Fund,Open Ended Schemes,Equity Scheme - Small Cap Fund,30-05-2018,59.63590
125497,SBI Small Cap Fund - Direct Plan - Growth,SBI Mutual Fund,Open Ended Schemes,Equity Scheme - Small Cap Fund,29-05-2018,59.49560
125497,SBI Small Cap Fund - Direct Plan - Growth,SBI Mutual Fund,Open Ended Schemes,Equity Scheme - Small Cap Fund,28-05-2018,59.79380
125497,SBI Small Cap Fund - Direct Plan - Growth,SBI Mutual Fund,Open Ended Schemes,Equity Scheme - Small Cap Fund,25-05-2018,59.25500
125497,SBI Small Cap Fund - Direct Plan - Growth,SBI Mutual Fund,Open Ended Schemes,Equity Scheme - Small Cap Fund,24-05-2018,59.29310
125497,SBI Small Cap Fund - Direct Plan - Growth,SBI Mutual Fund,Open Ended Schemes,Equity Scheme - Small Cap Fund,23-05-2018,59.33980
125497,SBI Small Cap Fund - Direct Plan - Growth,SBI Mutual Fund,Open Ended Schemes,Equity Scheme - Small Cap Fund,22-05-2018,59.79250
125497,SBI Small Cap Fund - Direct Plan - Growth,SBI Mutual Fund,Open Ended Schemes,Equity Scheme - Small Cap Fund,21-05-2018,59.73260
125497,SBI Small Cap Fund - Direct Plan - Growth,SBI Mutual Fund,Open Ended Schemes,Equity Scheme - Small Cap Fund,18-05-2018,60.83120
125497,SBI Small Cap Fund - Direct Plan - Growth,SBI Mutual Fund,Open Ended Schemes,Equity Scheme - Small Cap Fund,17-05-2018,61.07490
125497,SBI Small Cap Fund - Direct Plan - Growth,SBI Mutual Fund,Open Ended Schemes,Equity Scheme - Small Cap Fund,16-05-2018,60.67820
125497,SBI Small Cap Fund - Direct Plan - Growth,SBI Mutual Fund,Open Ended Schemes,Equity Scheme - Small Cap Fund,15-05-2018,61.13010
125497,SBI Small Cap Fund - Direct Plan - Growth,SBI Mutual Fund,Open Ended Schemes,Equity Scheme - Small Cap Fund,14-05-2018,61.13960
125497,SBI Small Cap Fund - Direct Plan - Growth,SBI Mutual Fund,Open Ended Schemes,Equity Scheme - Small Cap Fund,11-05-2018,62.02210
125497,SBI Small Cap Fund - Direct Plan - Growth,SBI Mutual Fund,Open Ended Schemes,Equity Scheme - Small Cap Fund,10-05-2018,62.18000
125497,SBI Small Cap Fund - Direct Plan - Growth,SBI Mutual Fund,Open Ended Schemes,Equity Scheme - Small Cap Fund,09-05-2018,62.72550
125497,SBI Small Cap Fund - Direct Plan - Growth,SBI Mutual Fund,Open Ended Schemes,Equity Scheme - Small Cap Fund,08-05-2018,62.34050
125497,SBI Small Cap Fund - Direct Plan - Growth,SBI Mutual Fund,Open Ended Schemes,Equity Scheme - Small Cap Fund,07-05-2018,62.36200
125497,SBI Small Cap Fund - Direct Plan - Growth,SBI Mutual Fund,Open Ended Schemes,Equity Scheme - Small Cap Fund,04-05-2018,61.55480
125497,SBI Small Cap Fund - Direct Plan - Growth,SBI Mutual Fund,Open Ended Schemes,Equity Scheme - Small Cap Fund,03-05-2018,61.95660
125497,SBI Small Cap Fund - Direct Plan - Growth,SBI Mutual Fund,Open Ended Schemes,Equity Scheme - Small Cap Fund,02-05-2018,62.41990
125497,SBI Small Cap Fund - Direct Plan - Growth,SBI Mutual Fund,Open Ended Schemes,Equity Scheme - Small Cap Fund,30-04-2018,62.93230
125497,SBI Small Cap Fund - Direct Plan - Growth,SBI Mutual Fund,Open Ended Schemes,Equity Scheme - Small Cap Fund,27-04-2018,63.09540
125497,SBI Small Cap Fund - Direct Plan - Growth,SBI Mutual Fund,Open Ended Schemes,Equity Scheme - Small Cap Fund,26-04-2018,63.26410
125497,SBI Small Cap Fund - Direct Plan - Growth,SBI Mutual Fund,Open Ended Schemes,Equity Scheme - Small Cap Fund,25-04-2018,62.51420
125497,SBI Small Cap Fund - Direct Plan - Growth,SBI Mutual Fund,Open Ended Schemes,Equity Scheme - Small Cap Fund,24-04-2018,62.52410
125497,SBI Small Cap Fund - Direct Plan - Growth,SBI Mutual Fund,Open Ended Schemes,Equity Scheme - Small Cap Fund,23-04-2018,62.33700
125497,SBI Small Cap Fund - Direct Plan - Growth,SBI Mutual Fund,Open Ended Schemes,Equity Scheme - Small Cap Fund,20-04-2018,62.00670
125497,SBI Small Cap Fund - Direct Plan - Growth,SBI Mutual Fund,Open Ended Schemes,Equity Scheme - Small Cap Fund,19-04-2018,62.03160
125497,SBI Small Cap Fund - Direct Plan - Growth,SBI Mutual Fund,Open Ended Schemes,Equity Scheme - Small Cap Fund,18-04-2018,61.68120
125497,SBI Small Cap Fund - Direct Plan - Growth,SBI Mutual Fund,Open Ended Schemes,Equity Scheme - Small Cap Fund,17-04-2018,61.82730
125497,SBI Small Cap Fund - Direct Plan - Growth,SBI Mutual Fund,Open Ended Schemes,Equity Scheme - Small Cap Fund,16-04-2018,61.94470
125497,SBI Small Cap Fund - Direct Plan - Growth,SBI Mutual Fund,Open Ended Schemes,Equity Scheme - Small Cap Fund,13-04-2018,61.58310
125497,SBI Small Cap Fund - Direct Plan - Growth,SBI Mutual Fund,Open Ended Schemes,Equity Scheme - Small Cap Fund,12-04-2018,61.76480
125497,SBI Small Cap Fund - Direct Plan - Growth,SBI Mutual Fund,Open Ended Schemes,Equity Scheme - Small Cap Fund,11-04-2018,61.61020
125497,SBI Small Cap Fund - Direct Plan - Growth,SBI Mutual Fund,Open Ended Schemes,Equity Scheme - Small Cap Fund,10-04-2018,61.77810
125497,SBI Small Cap Fund - Direct Plan - Growth,SBI Mutual Fund,Open Ended Schemes,Equity Scheme - Small Cap Fund,09-04-2018,61.55900
125497,SBI Small Cap Fund - Direct Plan - Growth,SBI Mutual Fund,Open Ended Schemes,Equity Scheme - Small Cap Fund,06-04-2018,61.09850
125497,SBI Small Cap Fund - Direct Plan - Growth,SBI Mutual Fund,Open Ended Schemes,Equity Scheme - Small Cap Fund,05-04-2018,60.59340
125497,SBI Small Cap Fund - Direct Plan - Growth,SBI Mutual Fund,Open Ended Schemes,Equity Scheme - Small Cap Fund,04-04-2018,59.80790
125497,SBI Small Cap Fund - Direct Plan - Growth,SBI Mutual Fund,Open Ended Schemes,Equity Scheme - Small Cap Fund,03-04-2018,60.36630
125497,SBI Small Cap Fund - Direct Plan - Growth,SBI Mutual Fund,Open Ended Schemes,Equity Scheme - Small Cap Fund,02-04-2018,59.68970
125497,SBI Small Cap Fund - Direct Plan - Growth,SBI Mutual Fund,Open Ended Schemes,Equity Scheme - Small Cap Fund,28-03-2018,58.09690
125497,SBI Small Cap Fund - Direct Plan - Growth,SBI Mutual Fund,Open Ended Schemes,Equity Scheme - Small Cap Fund,27-03-2018,58.78480
125497,SBI Small Cap Fund - Direct Plan - Growth,SBI Mutual Fund,Open Ended Schemes,Equity Scheme - Small Cap Fund,26-03-2018,58.34830
125497,SBI Small Cap Fund - Direct Plan - Growth,SBI Mutual Fund,Open Ended Schemes,Equity Scheme - Small Cap Fund,23-03-2018,57.87920
125497,SBI Small Cap Fund - Direct Plan - Growth,SBI Mutual Fund,Open Ended Schemes,Equity Scheme - Small Cap Fund,22-03-2018,58.38450
125497,SBI Small Cap Fund - Direct Plan - Growth,SBI Mutual Fund,Open Ended Schemes,Equity Scheme - Small Cap Fund,21-03-2018,59.25810
125497,SBI Small Cap Fund - Direct Plan - Growth,SBI Mutual Fund,Open Ended Schemes,Equity Scheme - Small Cap Fund,20-03-2018,59.09420
125497,SBI Small Cap Fund - Direct Plan - Growth,SBI Mutual Fund,Open Ended Schemes,Equity Scheme - Small Cap Fund,19-03-2018,59.19310
125497,SBI Small Cap Fund - Direct Plan - Growth,SBI Mutual Fund,Open Ended Schemes,Equity Scheme - Small Cap Fund,16-03-2018,60.17590
125497,SBI Small Cap Fund - Direct Plan - Growth,SBI Mutual Fund,Open Ended Schemes,Equity Scheme - Small Cap Fund,15-03-2018,60.69640
125497,SBI Small Cap Fund - Direct Plan - Growth,SBI Mutual Fund,Open Ended Schemes,Equity Scheme - Small Cap Fund,14-03-2018,60.38170
125497,SBI Small Cap Fund - Direct Plan - Growth,SBI Mutual Fund,Open Ended Schemes,Equity Scheme - Small Cap Fund,13-03-2018,60.58530
125497,SBI Small Cap Fund - Direct Plan - Growth,SBI Mutual Fund,Open Ended Schemes,Equity Scheme - Small Cap Fund,12-03-2018,59.99230
125497,SBI Small Cap Fund - Direct Plan - Growth,SBI Mutual Fund,Open Ended Schemes,Equity Scheme - Small Cap Fund,09-03-2018,59.64270
125497,SBI Small Cap Fund - Direct Plan - Growth,SBI Mutual Fund,Open Ended Schemes,Equity Scheme - Small Cap Fund,08-03-2018,59.61070
125497,SBI Small Cap Fund - Direct Plan - Growth,SBI Mutual Fund,Open Ended Schemes,Equity Scheme - Small Cap Fund,07-03-2018,59.79240
125497,SBI Small Cap Fund - Direct Plan - Growth,SBI Mutual Fund,Open Ended Schemes,Equity Scheme - Small Cap Fund,06-03-2018,60.76480
125497,SBI Small Cap Fund - Direct Plan - Growth,SBI Mutual Fund,Open Ended Schemes,Equity Scheme - Small Cap Fund,05-03-2018,61.41790
125497,SBI Small Cap Fund - Direct Plan - Growth,SBI Mutual Fund,Open Ended Schemes,Equity Scheme - Small Cap Fund,01-03-2018,62.21160
125497,SBI Small Cap Fund - Direct Plan - Growth,SBI Mutual Fund,Open Ended Schemes,Equity Scheme - Small Cap Fund,28-02-2018,62.27740
125497,SBI Small Cap Fund - Direct Plan - Growth,SBI Mutual Fund,Open Ended Schemes,Equity Scheme - Small Cap Fund,27-02-2018,62.48060
125497,SBI Small Cap Fund - Direct Plan - Growth,SBI Mutual Fund,Open Ended Schemes,Equity Scheme - Small Cap Fund,26-02-2018,62.79880
125497,SBI Small Cap Fund - Direct Plan - Growth,SBI Mutual Fund,Open Ended Schemes,Equity Scheme - Small Cap Fund,23-02-2018,62.21100
125497,SBI Small Cap Fund - Direct Plan - Growth,SBI Mutual Fund,Open Ended Schemes,Equity Scheme - Small Cap Fund,22-02-2018,61.72890
125497,SBI Small Cap Fund - Direct Plan - Growth,SBI Mutual Fund,Open Ended Schemes,Equity Scheme - Small Cap Fund,21-02-2018,61.84160
125497,SBI Small Cap Fund - Direct Plan - Growth,SBI Mutual Fund,Open Ended Schemes,Equity Scheme - Small Cap Fund,20-02-2018,61.85500
125497,SBI Small Cap Fund - Direct Plan - Growth,SBI Mutual Fund,Open Ended Schemes,Equity Scheme - Small Cap Fund,19-02-2018,61.70370
125497,SBI Small Cap Fund - Direct Plan - Growth,SBI Mutual Fund,Open Ended Schemes,Equity Scheme - Small Cap Fund,16-02-2018,62.67230
125497,SBI Small Cap Fund - Direct Plan - Growth,SBI Mutual Fund,Open Ended Schemes,Equity Scheme - Small Cap Fund,15-02-2018,63.68260
125497,SBI Small Cap Fund - Direct Plan - Growth,SBI Mutual Fund,Open Ended Schemes,Equity Scheme - Small Cap Fund,14-02-2018,64.57070
125497,SBI Small Cap Fund - Direct Plan - Growth,SBI Mutual Fund,Open Ended Schemes,Equity Scheme - Small Cap Fund,12-02-2018,64.47380
125497,SBI Small Cap Fund - Direct Plan - Growth,SBI Mutual Fund,Open Ended Schemes,Equity Scheme - Small Cap Fund,09-02-2018,63.93510
125497,SBI Small Cap Fund - Direct Plan - Growth,SBI Mutual Fund,Open Ended Schemes,Equity Scheme - Small Cap Fund,08-02-2018,63.70760
125497,SBI Small Cap Fund - Direct Plan - Growth,SBI Mutual Fund,Open Ended Schemes,Equity Scheme - Small Cap Fund,07-02-2018,62.36000
125497,SBI Small Cap Fund - Direct Plan - Growth,SBI Mutual Fund,Open Ended Schemes,Equity Scheme - Small Cap Fund,06-02-2018,61.06870
125497,SBI Small Cap Fund - Direct Plan - Growth,SBI Mutual Fund,Open Ended Schemes,Equity Scheme - Small Cap Fund,05-02-2018,62.53910
125497,SBI Small Cap Fund - Direct Plan - Growth,SBI Mutual Fund,Open Ended Schemes,Equity Scheme - Small Cap Fund,02-02-2018,62.51290
125497,SBI Small Cap Fund - Direct Plan - Growth,SBI Mutual Fund,Open Ended Schemes,Equity Scheme - Small Cap Fund,01-02-2018,64.66040
125497,SBI Small Cap Fund - Direct Plan - Growth,SBI Mutual Fund,Open Ended Schemes,Equity Scheme - Small Cap Fund,31-01-2018,64.87200
125497,SBI Small Cap Fund - Direct Plan - Growth,SBI Mutual Fund,Open Ended Schemes,Equity Scheme - Small Cap Fund,30-01-2018,65.21160
125497,SBI Small Cap Fund - Direct Plan - Growth,SBI Mutual Fund,Open Ended Schemes,Equity Scheme - Small Cap Fund,29-01-2018,65.46360
125497,SBI Small Cap Fund - Direct Plan - Growth,SBI Mutual Fund,Open Ended Schemes,Equity Scheme - Small Cap Fund,25-01-2018,65.97430
125497,SBI Small Cap Fund - Direct Plan - Growth,SBI Mutual Fund,Open Ended Schemes,Equity Scheme - Small Cap Fund,24-01-2018,66.45190
125497,SBI Small Cap Fund - Direct Plan - Growth,SBI Mutual Fund,Open Ended Schemes,Equity Scheme - Small Cap Fund,23-01-2018,67.23810
125497,SBI Small Cap Fund - Direct Plan - Growth,SBI Mutual Fund,Open Ended Schemes,Equity Scheme - Small Cap Fund,22-01-2018,67.67750
125497,SBI Small Cap Fund - Direct Plan - Growth,SBI Mutual Fund,Open Ended Schemes,Equity Scheme - Small Cap Fund,19-01-2018,67.02540
125497,SBI Small Cap Fund - Direct Plan - Growth,SBI Mutual Fund,Open Ended Schemes,Equity Scheme - Small Cap Fund,18-01-2018,66.46890
125497,SBI Small Cap Fund - Direct Plan - Growth,SBI Mutual Fund,Open Ended Schemes,Equity Scheme - Small Cap Fund,17-01-2018,67.80710
125497,SBI Small Cap Fund - Direct Plan - Growth,SBI Mutual Fund,Open Ended Schemes,Equity Scheme - Small Cap Fund,16-01-2018,67.64380
125497,SBI Small Cap Fund - Direct Plan - Growth,SBI Mutual Fund,Open Ended Schemes,Equity Scheme - Small Cap Fund,15-01-2018,69.03920
125497,SBI Small Cap Fund - Direct Plan - Growth,SBI Mutual Fund,Open Ended Schemes,Equity Scheme - Small Cap Fund,12-01-2018,68.84660
125497,SBI Small Cap Fund - Direct Plan - Growth,SBI Mutual Fund,Open Ended Schemes,Equity Scheme - Small Cap Fund,11-01-2018,68.79270
125497,SBI Small Cap Fund - Direct Plan - Growth,SBI Mutual Fund,Open Ended Schemes,Equity Scheme - Small Cap Fund,10-01-2018,68.68730
125497,SBI Small Cap Fund - Direct Plan - Growth,SBI Mutual Fund,Open Ended Schemes,Equity Scheme - Small Cap Fund,09-01-2018,68.69750
125497,SBI Small Cap Fund - Direct Plan - Growth,SBI Mutual Fund,Open Ended Schemes,Equity Scheme - Small Cap Fund,08-01-2018,69.06610
125497,SBI Small Cap Fund - Direct Plan - Growth,SBI Mutual Fund,Open Ended Schemes,Equity Scheme - Small Cap Fund,05-01-2018,68.86840
125497,SBI Small Cap Fund - Direct Plan - Growth,SBI Mutual Fund,Open Ended Schemes,Equity Scheme - Small Cap Fund,04-01-2018,67.80230
125497,SBI Small Cap Fund - Direct Plan - Growth,SBI Mutual Fund,Open Ended Schemes,Equity Scheme - Small Cap Fund,03-01-2018,67.06270
125497,SBI Small Cap Fund - Direct Plan - Growth,SBI Mutual Fund,Open Ended Schemes,Equity Scheme - Small Cap Fund,02-01-2018,65.59150
125497,SBI Small Cap Fund - Direct Plan - Growth,SBI Mutual Fund,Open Ended Schemes,Equity Scheme - Small Cap Fund,01-01-2018,66.19530
125497,SBI Small Cap Fund - Direct Plan - Growth,SBI Mutual Fund,Open Ended Schemes,Equity Scheme - Small Cap Fund,29-12-2017,66.15650
125497,SBI Small Cap Fund - Direct Plan - Growth,SBI Mutual Fund,Open Ended Schemes,Equity Scheme - Small Cap Fund,28-12-2017,66.31830
125497,SBI Small Cap Fund - Direct Plan - Growth,SBI Mutual Fund,Open Ended Schemes,Equity Scheme - Small Cap Fund,27-12-2017,66.04560
125497,SBI Small Cap Fund - Direct Plan - Growth,SBI Mutual Fund,Open Ended Schemes,Equity Scheme - Small Cap Fund,26-12-2017,66.09610
125497,SBI Small Cap Fund - Direct Plan - Growth,SBI Mutual Fund,Open Ended Schemes,Equity Scheme - Small Cap Fund,22-12-2017,66.20800
125497,SBI Small Cap Fund - Direct Plan - Growth,SBI Mutual Fund,Open Ended Schemes,Equity Scheme - Small Cap Fund,21-12-2017,66.46990
125497,SBI Small Cap Fund - Direct Plan - Growth,SBI Mutual Fund,Open Ended Schemes,Equity Scheme - Small Cap Fund,20-12-2017,65.87820
125497,SBI Small Cap Fund - Direct Plan - Growth,SBI Mutual Fund,Open Ended Schemes,Equity Scheme - Small Cap Fund,19-12-2017,65.22960
125497,SBI Small Cap Fund - Direct Plan - Growth,SBI Mutual Fund,Open Ended Schemes,Equity Scheme - Small Cap Fund,18-12-2017,63.86940
125497,SBI Small Cap Fund - Direct Plan - Growth,SBI Mutual Fund,Open Ended Schemes,Equity Scheme - Small Cap Fund,15-12-2017,63.32380
125497,SBI Small Cap Fund - Direct Plan - Growth,SBI Mutual Fund,Open Ended Schemes,Equity Scheme - Small Cap Fund,14-12-2017,62.78410
125497,SBI Small Cap Fund - Direct Plan - Growth,SBI Mutual Fund,Open Ended Schemes,Equity Scheme - Small Cap Fund,13-12-2017,62.80650
125497,SBI Small Cap Fund - Direct Plan - Growth,SBI Mutual Fund,Open Ended Schemes,Equity Scheme - Small Cap Fund,12-12-2017,63.38790
125497,SBI Small Cap Fund - Direct Plan - Growth,SBI Mutual Fund,Open Ended Schemes,Equity Scheme - Small Cap Fund,11-12-2017,63.63180
125497,SBI Small Cap Fund - Direct Plan - Growth,SBI Mutual Fund,Open Ended Schemes,Equity Scheme - Small Cap Fund,08-12-2017,62.84360
125497,SBI Small Cap Fund - Direct Plan - Growth,SBI Mutual Fund,Open Ended Schemes,Equity Scheme - Small Cap Fund,07-12-2017,61.99160
125497,SBI Small Cap Fund - Direct Plan - Growth,SBI Mutual Fund,Open Ended Schemes,Equity Scheme - Small Cap Fund,06-12-2017,61.46330
125497,SBI Small Cap Fund - Direct Plan - Growth,SBI Mutual Fund,Open Ended Schemes,Equity Scheme - Small Cap Fund,05-12-2017,61.51050
125497,SBI Small Cap Fund - Direct Plan - Growth,SBI Mutual Fund,Open Ended Schemes,Equity Scheme - Small Cap Fund,04-12-2017,61.31770
125497,SBI Small Cap Fund - Direct Plan - Growth,SBI Mutual Fund,Open Ended Schemes,Equity Scheme - Small Cap Fund,01-12-2017,61.49890
125497,SBI Small Cap Fund - Direct Plan - Growth,SBI Mutual Fund,Open Ended Schemes,Equity Scheme - Small Cap Fund,30-11-2017,61.95290
125497,SBI Small Cap Fund - Direct Plan - Growth,SBI Mutual Fund,Open Ended Schemes,Equity Scheme - Small Cap Fund,29-11-2017,61.93300
125497,SBI Small Cap Fund - Direct Plan - Growth,SBI Mutual Fund,Open Ended Schemes,Equity Scheme - Small Cap Fund,28-11-2017,61.83210
125497,SBI Small Cap Fund - Direct Plan - Growth,SBI Mutual Fund,Open Ended Schemes,Equity Scheme - Small Cap Fund,27-11-2017,61.27620
125497,SBI Small Cap Fund - Direct Plan - Growth,SBI Mutual Fund,Open Ended Schemes,Equity Scheme - Small Cap Fund,24-11-2017,61.08750
125497,SBI Small Cap Fund - Direct Plan - Growth,SBI Mutual Fund,Open Ended Schemes,Equity Scheme - Small Cap Fund,23-11-2017,60.54080
125497,SBI Small Cap Fund - Direct Plan - Growth,SBI Mutual Fund,Open Ended Schemes,Equity Scheme - Small Cap Fund,22-11-2017,60.06910
125497,SBI Small Cap Fund - Direct Plan - Growth,SBI Mutual Fund,Open Ended Schemes,Equity Scheme - Small Cap Fund,21-11-2017,59.66670
125497,SBI Small Cap Fund - Direct Plan - Growth,SBI Mutual Fund,Open Ended Schemes,Equity Scheme - Small Cap Fund,20-11-2017,59.20670
125497,SBI Small Cap Fund - Direct Plan - Growth,SBI Mutual Fund,Open Ended Schemes,Equity Scheme - Small Cap Fund,17-11-2017,58.64860
125497,SBI Small Cap Fund - Direct Plan - Growth,SBI Mutual Fund,Open Ended Schemes,Equity Scheme - Small Cap Fund,16-11-2017,58.08290
125497,SBI Small Cap Fund - Direct Plan - Growth,SBI Mutual Fund,Open Ended Schemes,Equity Scheme - Small Cap Fund,15-11-2017,57.26890
125497,SBI Small Cap Fund - Direct Plan - Growth,SBI Mutual Fund,Open Ended Schemes,Equity Scheme - Small Cap Fund,14-11-2017,57.90630
125497,SBI Small Cap Fund - Direct Plan - Growth,SBI Mutual Fund,Open Ended Schemes,Equity Scheme - Small Cap Fund,13-11-2017,57.81860
125497,SBI Small Cap Fund - Direct Plan - Growth,SBI Mutual Fund,Open Ended Schemes,Equity Scheme - Small Cap Fund,10-11-2017,57.78980
125497,SBI Small Cap Fund - Direct Plan - Growth,SBI Mutual Fund,Open Ended Schemes,Equity Scheme - Small Cap Fund,09-11-2017,58.08040
125497,SBI Small Cap Fund - Direct Plan - Growth,SBI Mutual Fund,Open Ended Schemes,Equity Scheme - Small Cap Fund,08-11-2017,57.23730
125497,SBI Small Cap Fund - Direct Plan - Growth,SBI Mutual Fund,Open Ended Schemes,Equity Scheme - Small Cap Fund,07-11-2017,57.57580
125497,SBI Small Cap Fund - Direct Plan - Growth,SBI Mutual Fund,Open Ended Schemes,Equity Scheme - Small Cap Fund,06-11-2017,57.86980
125497,SBI Small Cap Fund - Direct Plan - Growth,SBI Mutual Fund,Open Ended Schemes,Equity Scheme - Small Cap Fund,03-11-2017,57.57920
125497,SBI Small Cap Fund - Direct Plan - Growth,SBI Mutual Fund,Open Ended Schemes,Equity Scheme - Small Cap Fund,02-11-2017,56.68750
125497,SBI Small Cap Fund - Direct Plan - Growth,SBI Mutual Fund,Open Ended Schemes,Equity Scheme - Small Cap Fund,01-11-2017,55.87530
125497,SBI Small Cap Fund - Direct Plan - Growth,SBI Mutual Fund,Open Ended Schemes,Equity Scheme - Small Cap Fund,31-10-2017,55.41710
125497,SBI Small Cap Fund - Direct Plan - Growth,SBI Mutual Fund,Open Ended Schemes,Equity Scheme - Small Cap Fund,30-10-2017,55.09440
125497,SBI Small Cap Fund - Direct Plan - Growth,SBI Mutual Fund,Open Ended Schemes,Equity Scheme - Small Cap Fund,27-10-2017,54.52320
125497,SBI Small Cap Fund - Direct Plan - Growth,SBI Mutual Fund,Open Ended Schemes,Equity Scheme - Small Cap Fund,26-10-2017,54.12880
125497,SBI Small Cap Fund - Direct Plan - Growth,SBI Mutual Fund,Open Ended Schemes,Equity Scheme - Small Cap Fund,25-10-2017,53.98480
125497,SBI Small Cap Fund - Direct Plan - Growth,SBI Mutual Fund,Open Ended Schemes,Equity Scheme - Small Cap Fund,24-10-2017,54.51460
125497,SBI Small Cap Fund - Direct Plan - Growth,SBI Mutual Fund,Open Ended Schemes,Equity Scheme - Small Cap Fund,23-10-2017,54.34240
125497,SBI Small Cap Fund - Direct Plan - Growth,SBI Mutual Fund,Open Ended Schemes,Equity Scheme - Small Cap Fund,18-10-2017,54.42440
125497,SBI Small Cap Fund - Direct Plan - Growth,SBI Mutual Fund,Open Ended Schemes,Equity Scheme - Small Cap Fund,17-10-2017,54.53880
125497,SBI Small Cap Fund - Direct Plan - Growth,SBI Mutual Fund,Open Ended Schemes,Equity Scheme - Small Cap Fund,16-10-2017,54.21140
125497,SBI Small Cap Fund - Direct Plan - Growth,SBI Mutual Fund,Open Ended Schemes,Equity Scheme - Small Cap Fund,13-10-2017,54.17170
125497,SBI Small Cap Fund - Direct Plan - Growth,SBI Mutual Fund,Open Ended Schemes,Equity Scheme - Small Cap Fund,12-10-2017,53.99710
125497,SBI Small Cap Fund - Direct Plan - Growth,SBI Mutual Fund,Open Ended Schemes,Equity Scheme - Small Cap Fund,11-10-2017,53.67800
125497,SBI Small Cap Fund - Direct Plan - Growth,SBI Mutual Fund,Open Ended Schemes,Equity Scheme - Small Cap Fund,10-10-2017,54.35800
125497,SBI Small Cap Fund - Direct Plan - Growth,SBI Mutual Fund,Open Ended Schemes,Equity Scheme - Small Cap Fund,09-10-2017,53.97160
125497,SBI Small Cap Fund - Direct Plan - Growth,SBI Mutual Fund,Open Ended Schemes,Equity Scheme - Small Cap Fund,06-10-2017,53.81250
125497,SBI Small Cap Fund - Direct Plan - Growth,SBI Mutual Fund,Open Ended Schemes,Equity Scheme - Small Cap Fund,05-10-2017,53.44760
125497,SBI Small Cap Fund - Direct Plan - Growth,SBI Mutual Fund,Open Ended Schemes,Equity Scheme - Small Cap Fund,04-10-2017,53.23950
125497,SBI Small Cap Fund - Direct Plan - Growth,SBI Mutual Fund,Open Ended Schemes,Equity Scheme - Small Cap Fund,03-10-2017,52.32130
125497,SBI Small Cap Fund - Direct Plan - Growth,SBI Mutual Fund,Open Ended Schemes,Equity Scheme - Small Cap Fund,29-09-2017,51.96100
125497,SBI Small Cap Fund - Direct Plan - Growth,SBI Mutual Fund,Open Ended Schemes,Equity Scheme - Small Cap Fund,28-09-2017,51.23620
125497,SBI Small Cap Fund - Direct Plan - Growth,SBI Mutual Fund,Open Ended Schemes,Equity Scheme - Small Cap Fund,27-09-2017,50.83200
125497,SBI Small Cap Fund - Direct Plan - Growth,SBI Mutual Fund,Open Ended Schemes,Equity Scheme - Small Cap Fund,26-09-2017,51.67840
125497,SBI Small Cap Fund - Direct Plan - Growth,SBI Mutual Fund,Open Ended Schemes,Equity Scheme - Small Cap Fund,25-09-2017,51.05010
125497,SBI Small Cap Fund - Direct Plan - Growth,SBI Mutual Fund,Open Ended Schemes,Equity Scheme - Small Cap Fund,22-09-2017,51.59950
125497,SBI Small Cap Fund - Direct Plan - Growth,SBI Mutual Fund,Open Ended Schemes,Equity Scheme - Small Cap Fund,21-09-2017,53.30410
125497,SBI Small Cap Fund - Direct Plan - Growth,SBI Mutual Fund,Open Ended Schemes,Equity Scheme - Small Cap Fund,20-09-2017,53.36020
125497,SBI Small Cap Fund - Direct Plan - Growth,SBI Mutual Fund,Open Ended Schemes,Equity Scheme - Small Cap Fund,19-09-2017,52.96860
125497,SBI Small Cap Fund - Direct Plan - Growth,SBI Mutual Fund,Open Ended Schemes,Equity Scheme - Small Cap Fund,18-09-2017,52.38040
125497,SBI Small Cap Fund - Direct Plan - Growth,SBI Mutual Fund,Open Ended Schemes,Equity Scheme - Small Cap Fund,15-09-2017,51.75180
125497,SBI Small Cap Fund - Direct Plan - Growth,SBI Mutual Fund,Open Ended Schemes,Equity Scheme - Small Cap Fund,14-09-2017,51.31820
125497,SBI Small Cap Fund - Direct Plan - Growth,SBI Mutual Fund,Open Ended Schemes,Equity Scheme - Small Cap Fund,13-09-2017,50.69650
125497,SBI Small Cap Fund - Direct Plan - Growth,SBI Mutual Fund,Open Ended Schemes,Equity Scheme - Small Cap Fund,12-09-2017,51.08520
125497,SBI Small Cap Fund - Direct Plan - Growth,SBI Mutual Fund,Open Ended Schemes,Equity Scheme - Small Cap Fund,11-09-2017,50.76960
125497,SBI Small Cap Fund - Direct Plan - Growth,SBI Mutual Fund,Open Ended Schemes,Equity Scheme - Small Cap Fund,08-09-2017,50.54810
125497,SBI Small Cap Fund - Direct Plan - Growth,SBI Mutual Fund,Open Ended Schemes,Equity Scheme - Small Cap Fund,07-09-2017,50.47900
125497,SBI Small Cap Fund - Direct Plan - Growth,SBI Mutual Fund,Open Ended Schemes,Equity Scheme - Small Cap Fund,06-09-2017,50.29490
125497,SBI Small Cap Fund - Direct Plan - Growth,SBI Mutual Fund,Open Ended Schemes,Equity Scheme - Small Cap Fund,05-09-2017,50.08830
125497,SBI Small Cap Fund - Direct Plan - Growth,SBI Mutual Fund,Open Ended Schemes,Equity Scheme - Small Cap Fund,04-09-2017,49.58880
125497,SBI Small Cap Fund - Direct Plan - Growth,SBI Mutual Fund,Open Ended Schemes,Equity Scheme - Small Cap Fund,01-09-2017,49.64480
125497,SBI Small Cap Fund - Direct Plan - Growth,SBI Mutual Fund,Open Ended Schemes,Equity Scheme - Small Cap Fund,31-08-2017,49.14820
125497,SBI Small Cap Fund - Direct Plan - Growth,SBI Mutual Fund,Open Ended Schemes,Equity Scheme - Small Cap Fund,30-08-2017,48.48610
125497,SBI Small Cap Fund - Direct Plan - Growth,SBI Mutual Fund,Open Ended Schemes,Equity Scheme - Small Cap Fund,29-08-2017,48.13840
125497,SBI Small Cap Fund - Direct Plan - Growth,SBI Mutual Fund,Open Ended Schemes,Equity Scheme - Small Cap Fund,28-08-2017,48.53920
125497,SBI Small Cap Fund - Direct Plan - Growth,SBI Mutual Fund,Open Ended Schemes,Equity Scheme - Small Cap Fund,24-08-2017,48.24800
125497,SBI Small Cap Fund - Direct Plan - Growth,SBI Mutual Fund,Open Ended Schemes,Equity Scheme - Small Cap Fund,23-08-2017,48.19170
125497,SBI Small Cap Fund - Direct Plan - Growth,SBI Mutual Fund,Open Ended Schemes,Equity Scheme - Small Cap Fund,22-08-2017,47.91540
125497,SBI Small Cap Fund - Direct Plan - Growth,SBI Mutual Fund,Open Ended Schemes,Equity Scheme - Small Cap Fund,21-08-2017,47.71790
125497,SBI Small Cap Fund - Direct Plan - Growth,SBI Mutual Fund,Open Ended Schemes,Equity Scheme - Small Cap Fund,18-08-2017,48.38330
125497,SBI Small Cap Fund - Direct Plan - Growth,SBI Mutual Fund,Open Ended Schemes,Equity Scheme - Small Cap Fund,17-08-2017,48.70340
125497,SBI Small Cap Fund - Direct Plan - Growth,SBI Mutual Fund,Open Ended Schemes,Equity Scheme - Small Cap Fund,16-08-2017,48.32250
125497,SBI Small Cap Fund - Direct Plan - Growth,SBI Mutual Fund,Open Ended Schemes,Equity Scheme - Small Cap Fund,14-08-2017,47.73700
125497,SBI Small Cap Fund - Direct Plan - Growth,SBI Mutual Fund,Open Ended Schemes,Equity Scheme - Small Cap Fund,11-08-2017,46.93310
125497,SBI Small Cap Fund - Direct Plan - Growth,SBI Mutual Fund,Open Ended Schemes,Equity Scheme - Small Cap Fund,10-08-2017,46.60040
125497,SBI Small Cap Fund - Direct Plan - Growth,SBI Mutual Fund,Open Ended Schemes,Equity Scheme - Small Cap Fund,09-08-2017,47.65330
125497,SBI Small Cap Fund - Direct Plan - Growth,SBI Mutual Fund,Open Ended Schemes,Equity Scheme - Small Cap Fund,08-08-2017,48.14000
125497,SBI Small Cap Fund - Direct Plan - Growth,SBI Mutual Fund,Open Ended Schemes,Equity Scheme - Small Cap Fund,07-08-2017,48.57160
125497,SBI Small Cap Fund - Direct Plan - Growth,SBI Mutual Fund,Open Ended Schemes,Equity Scheme - Small Cap Fund,04-08-2017,48.15070
125497,SBI Small Cap Fund - Direct Plan - Growth,SBI Mutual Fund,Open Ended Schemes,Equity Scheme - Small Cap Fund,03-08-2017,48.03550
125497,SBI Small Cap Fund - Direct Plan - Growth,SBI Mutual Fund,Open Ended Schemes,Equity Scheme - Small Cap Fund,02-08-2017,48.43400
125497,SBI Small Cap Fund - Direct Plan - Growth,SBI Mutual Fund,Open Ended Schemes,Equity Scheme - Small Cap Fund,01-08-2017,48.81850
125497,SBI Small Cap Fund - Direct Plan - Growth,SBI Mutual Fund,Open Ended Schemes,Equity Scheme - Small Cap Fund,31-07-2017,48.65370
125497,SBI Small Cap Fund - Direct Plan - Growth,SBI Mutual Fund,Open Ended Schemes,Equity Scheme - Small Cap Fund,28-07-2017,48.58110
125497,SBI Small Cap Fund - Direct Plan - Growth,SBI Mutual Fund,Open Ended Schemes,Equity Scheme - Small Cap Fund,27-07-2017,48.15890
125497,SBI Small Cap Fund - Direct Plan - Growth,SBI Mutual Fund,Open Ended Schemes,Equity Scheme - Small Cap Fund,26-07-2017,48.46630
125497,SBI Small Cap Fund - Direct Plan - Growth,SBI Mutual Fund,Open Ended Schemes,Equity Scheme - Small Cap Fund,25-07-2017,48.26630
125497,SBI Small Cap Fund - Direct Plan - Growth,SBI Mutual Fund,Open Ended Schemes,Equity Scheme - Small Cap Fund,24-07-2017,48.24890
125497,SBI Small Cap Fund - Direct Plan - Growth,SBI Mutual Fund,Open Ended Schemes,Equity Scheme - Small Cap Fund,21-07-2017,48.26290
125497,SBI Small Cap Fund - Direct Plan - Growth,SBI Mutual Fund,Open Ended Schemes,Equity Scheme - Small Cap Fund,20-07-2017,48.43080
125497,SBI Small Cap Fund - Direct Plan - Growth,SBI Mutual Fund,Open Ended Schemes,Equity Scheme - Small Cap Fund,19-07-2017,48.23220
125497,SBI Small Cap Fund - Direct Plan - Growth,SBI Mutual Fund,Open Ended Schemes,Equity Scheme - Small Cap Fund,18-07-2017,47.94290
125497,SBI Small Cap Fund - Direct Plan - Growth,SBI Mutual Fund,Open Ended Schemes,Equity Scheme - Small Cap Fund,17-07-2017,47.97000
125497,SBI Small Cap Fund - Direct Plan - Growth,SBI Mutual Fund,Open Ended Schemes,Equity Scheme - Small Cap Fund,14-07-2017,47.79040
125497,SBI Small Cap Fund - Direct Plan - Growth,SBI Mutual Fund,Open Ended Schemes,Equity Scheme - Small Cap Fund,13-07-2017,48.24030
125497,SBI Small Cap Fund - Direct Plan - Growth,SBI Mutual Fund,Open Ended Schemes,Equity Scheme - Small Cap Fund,12-07-2017,47.98100
125497,SBI Small Cap Fund - Direct Plan - Growth,SBI Mutual Fund,Open Ended Schemes,Equity Scheme - Small Cap Fund,11-07-2017,47.89990
125497,SBI Small Cap Fund - Direct Plan - Growth,SBI Mutual Fund,Open Ended Schemes,Equity Scheme - Small Cap Fund,10-07-2017,47.75710
125497,SBI Small Cap Fund - Direct Plan - Growth,SBI Mutual Fund,Open Ended Schemes,Equity Scheme - Small Cap Fund,07-07-2017,47.66890
125497,SBI Small Cap Fund - Direct Plan - Growth,SBI Mutual Fund,Open Ended Schemes,Equity Scheme - Small Cap Fund,06-07-2017,47.60480
125497,SBI Small Cap Fund - Direct Plan - Growth,SBI Mutual Fund,Open Ended Schemes,Equity Scheme - Small Cap Fund,05-07-2017,47.60570
125497,SBI Small Cap Fund - Direct Plan - Growth,SBI Mutual Fund,Open Ended Schemes,Equity Scheme - Small Cap Fund,04-07-2017,47.30410
125497,SBI Small Cap Fund - Direct Plan - Growth,SBI Mutual Fund,Open Ended Schemes,Equity Scheme - Small Cap Fund,03-07-2017,47.08640
125497,SBI Small Cap Fund - Direct Plan - Growth,SBI Mutual Fund,Open Ended Schemes,Equity Scheme - Small Cap Fund,30-06-2017,46.34840
125497,SBI Small Cap Fund - Direct Plan - Growth,SBI Mutual Fund,Open Ended Schemes,Equity Scheme - Small Cap Fund,29-06-2017,46.17690
125497,SBI Small Cap Fund - Direct Plan - Growth,SBI Mutual Fund,Open Ended Schemes,Equity Scheme - Small Cap Fund,28-06-2017,45.71990
125497,SBI Small Cap Fund - Direct Plan - Growth,SBI Mutual Fund,Open Ended Schemes,Equity Scheme - Small Cap Fund,27-06-2017,46.09490
125497,SBI Small Cap Fund - Direct Plan - Growth,SBI Mutual Fund,Open Ended Schemes,Equity Scheme - Small Cap Fund,23-06-2017,46.41260
125497,SBI Small Cap Fund - Direct Plan - Growth,SBI Mutual Fund,Open Ended Schemes,Equity Scheme - Small Cap Fund,22-06-2017,46.95420
125497,SBI Small Cap Fund - Direct Plan - Growth,SBI Mutual Fund,Open Ended Schemes,Equity Scheme - Small Cap Fund,21-06-2017,46.80160
125497,SBI Small Cap Fund - Direct Plan - Growth,SBI Mutual Fund,Open Ended Schemes,Equity Scheme - Small Cap Fund,20-06-2017,46.62470
125497,SBI Small Cap Fund - Direct Plan - Growth,SBI Mutual Fund,Open Ended Schemes,Equity Scheme - Small Cap Fund,19-06-2017,46.49240
125497,SBI Small Cap Fund - Direct Plan - Growth,SBI Mutual Fund,Open Ended Schemes,Equity Scheme - Small Cap Fund,16-06-2017,46.27990
125497,SBI Small Cap Fund - Direct Plan - Growth,SBI Mutual Fund,Open Ended Schemes,Equity Scheme - Small Cap Fund,15-06-2017,46.12150
125497,SBI Small Cap Fund - Direct Plan - Growth,SBI Mutual Fund,Open Ended Schemes,Equity Scheme - Small Cap Fund,14-06-2017,45.78990
125497,SBI Small Cap Fund - Direct Plan - Growth,SBI Mutual Fund,Open Ended Schemes,Equity Scheme - Small Cap Fund,13-06-2017,45.76000
125497,SBI Small Cap Fund - Direct Plan - Growth,SBI Mutual Fund,Open Ended Schemes,Equity Scheme - Small Cap Fund,12-06-2017,45.64260
125497,SBI Small Cap Fund - Direct Plan - Growth,SBI Mutual Fund,Open Ended Schemes,Equity Scheme - Small Cap Fund,09-06-2017,45.39980
125497,SBI Small Cap Fund - Direct Plan - Growth,SBI Mutual Fund,Open Ended Schemes,Equity Scheme - Small Cap Fund,08-06-2017,45.36660
125497,SBI Small Cap Fund - Direct Plan - Growth,SBI Mutual Fund,Open Ended Schemes,Equity Scheme - Small Cap Fund,07-06-2017,45.22290
125497,SBI Small Cap Fund - Direct Plan - Growth,SBI Mutual Fund,Open Ended Schemes,Equity Scheme - Small Cap Fund,06-06-2017,44.89320
125497,SBI Small Cap Fund - Direct Plan - Growth,SBI Mutual Fund,Open Ended Schemes,Equity Scheme - Small Cap Fund,05-06-2017,45.12000
125497,SBI Small Cap Fund - Direct Plan - Growth,SBI Mutual Fund,Open Ended Schemes,Equity Scheme - Small Cap Fund,02-06-2017,44.86930
125497,SBI Small Cap Fund - Direct Plan - Growth,SBI Mutual Fund,Open Ended Schemes,Equity Scheme - Small Cap Fund,01-06-2017,44.59200
125497,SBI Small Cap Fund - Direct Plan - Growth,SBI Mutual Fund,Open Ended Schemes,Equity Scheme - Small Cap Fund,31-05-2017,44.56770
125497,SBI Small Cap Fund - Direct Plan - Growth,SBI Mutual Fund,Open Ended Schemes,Equity Scheme - Small Cap Fund,30-05-2017,44.21410
125497,SBI Small Cap Fund - Direct Plan - Growth,SBI Mutual Fund,Open Ended Schemes,Equity Scheme - Small Cap Fund,29-05-2017,44.42950
125497,SBI Small Cap Fund - Direct Plan - Growth,SBI Mutual Fund,Open Ended Schemes,Equity Scheme - Small Cap Fund,26-05-2017,44.85990
125497,SBI Small Cap Fund - Direct Plan - Growth,SBI Mutual Fund,Open Ended Schemes,Equity Scheme - Small Cap Fund,25-05-2017,44.22570
125497,SBI Small Cap Fund - Direct Plan - Growth,SBI Mutual Fund,Open Ended Schemes,Equity Scheme - Small Cap Fund,24-05-2017,43.34840
125497,SBI Small Cap Fund - Direct Plan - Growth,SBI Mutual Fund,Open Ended Schemes,Equity Scheme - Small Cap Fund,23-05-2017,44.02490
125497,SBI Small Cap Fund - Direct Plan - Growth,SBI Mutual Fund,Open Ended Schemes,Equity Scheme - Small Cap Fund,22-05-2017,44.86600
125497,SBI Small Cap Fund - Direct Plan - Growth,SBI Mutual Fund,Open Ended Schemes,Equity Scheme - Small Cap Fund,19-05-2017,45.24310
125497,SBI Small Cap Fund - Direct Plan - Growth,SBI Mutual Fund,Open Ended Schemes,Equity Scheme - Small Cap Fund,18-05-2017,45.58920
125497,SBI Small Cap Fund - Direct Plan - Growth,SBI Mutual Fund,Open Ended Schemes,Equity Scheme - Small Cap Fund,17-05-2017,45.80480
125497,SBI Small Cap Fund - Direct Plan - Growth,SBI Mutual Fund,Open Ended Schemes,Equity Scheme - Small Cap Fund,16-05-2017,45.68600
125497,SBI Small Cap Fund - Direct Plan - Growth,SBI Mutual Fund,Open Ended Schemes,Equity Scheme - Small Cap Fund,15-05-2017,45.60240
125497,SBI Small Cap Fund - Direct Plan - Growth,SBI Mutual Fund,Open Ended Schemes,Equity Scheme - Small Cap Fund,12-05-2017,45.11860
125497,SBI Small Cap Fund - Direct Plan - Growth,SBI Mutual Fund,Open Ended Schemes,Equity Scheme - Small Cap Fund,11-05-2017,45.57280
125497,SBI Small Cap Fund - Direct Plan - Growth,SBI Mutual Fund,Open Ended Schemes,Equity Scheme - Small Cap Fund,10-05-2017,45.83310
125497,SBI Small Cap Fund - Direct Plan - Growth,SBI Mutual Fund,Open Ended Schemes,Equity Scheme - Small Cap Fund,09-05-2017,45.46960
125497,SBI Small Cap Fund - Direct Plan - Growth,SBI Mutual Fund,Open Ended Schemes,Equity Scheme - Small Cap Fund,08-05-2017,45.25130
125497,SBI Small Cap Fund - Direct Plan - Growth,SBI Mutual Fund,Open Ended Schemes,Equity Scheme - Small Cap Fund,05-05-2017,44.95030
125497,SBI Small Cap Fund - Direct Plan - Growth,SBI Mutual Fund,Open Ended Schemes,Equity Scheme - Small Cap Fund,04-05-2017,45.06970
125497,SBI Small Cap Fund - Direct Plan - Growth,SBI Mutual Fund,Open Ended Schemes,Equity Scheme - Small Cap Fund,03-05-2017,44.87410
125497,SBI Small Cap Fund - Direct Plan - Growth,SBI Mutual Fund,Open Ended Schemes,Equity Scheme - Small Cap Fund,02-05-2017,44.87760
125497,SBI Small Cap Fund - Direct Plan - Growth,SBI Mutual Fund,Open Ended Schemes,Equity Scheme - Small Cap Fund,28-04-2017,44.99680
125497,SBI Small Cap Fund - Direct Plan - Growth,SBI Mutual Fund,Open Ended Schemes,Equity Scheme - Small Cap Fund,27-04-2017,44.96400
125497,SBI Small Cap Fund - Direct Plan - Growth,SBI Mutual Fund,Open Ended Schemes,Equity Scheme - Small Cap Fund,26-04-2017,44.69340
125497,SBI Small Cap Fund - Direct Plan - Growth,SBI Mutual Fund,Open Ended Schemes,Equity Scheme - Small Cap Fund,25-04-2017,45.29740
125497,SBI Small Cap Fund - Direct Plan - Growth,SBI Mutual Fund,Open Ended Schemes,Equity Scheme - Small Cap Fund,24-04-2017,45.27120
125497,SBI Small Cap Fund - Direct Plan - Growth,SBI Mutual Fund,Open Ended Schemes,Equity Scheme - Small Cap Fund,21-04-2017,44.99580
125497,SBI Small Cap Fund - Direct Plan - Growth,SBI Mutual Fund,Open Ended Schemes,Equity Scheme - Small Cap Fund,20-04-2017,45.00120
125497,SBI Small Cap Fund - Direct Plan - Growth,SBI Mutual Fund,Open Ended Schemes,Equity Scheme - Small Cap Fund,19-04-2017,44.60320
125497,SBI Small Cap Fund - Direct Plan - Growth,SBI Mutual Fund,Open Ended Schemes,Equity Scheme - Small Cap Fund,18-04-2017,44.56120
125497,SBI Small Cap Fund - Direct Plan - Growth,SBI Mutual Fund,Open Ended Schemes,Equity Scheme - Small Cap Fund,17-04-2017,44.96190
125497,SBI Small Cap Fund - Direct Plan - Growth,SBI Mutual Fund,Open Ended Schemes,Equity Scheme - Small Cap Fund,13-04-2017,44.78000
125497,SBI Small Cap Fund - Direct Plan - Growth,SBI Mutual Fund,Open Ended Schemes,Equity Scheme - Small Cap Fund,12-04-2017,44.84620
125497,SBI Small Cap Fund - Direct Plan - Growth,SBI Mutual Fund,Open Ended Schemes,Equity Scheme - Small Cap Fund,11-04-2017,45.01130
125497,SBI Small Cap Fund - Direct Plan - Growth,SBI Mutual Fund,Open Ended Schemes,Equity Scheme - Small Cap Fund,10-04-2017,44.70750
125497,SBI Small Cap Fund - Direct Plan - Growth,SBI Mutual Fund,Open Ended Schemes,Equity Scheme - Small Cap Fund,07-04-2017,44.34250
125497,SBI Small Cap Fund - Direct Plan - Growth,SBI Mutual Fund,Open Ended Schemes,Equity Scheme - Small Cap Fund,06-04-2017,44.69780
125497,SBI Small Cap Fund - Direct Plan - Growth,SBI Mutual Fund,Open Ended Schemes,Equity Scheme - Small Cap Fund,05-04-2017,44.59420
125497,SBI Small Cap Fund - Direct Plan - Growth,SBI Mutual Fund,Open Ended Schemes,Equity Scheme - Small Cap Fund,03-04-2017,43.28630
125497,SBI Small Cap Fund - Direct Plan - Growth,SBI Mutual Fund,Open Ended Schemes,Equity Scheme - Small Cap Fund,31-03-2017,42.78840
125497,SBI Small Cap Fund - Direct Plan - Growth,SBI Mutual Fund,Open Ended Schemes,Equity Scheme - Small Cap Fund,30-03-2017,42.69100
125497,SBI Small Cap Fund - Direct Plan - Growth,SBI Mutual Fund,Open Ended Schemes,Equity Scheme - Small Cap Fund,29-03-2017,42.35730
125497,SBI Small Cap Fund - Direct Plan - Growth,SBI Mutual Fund,Open Ended Schemes,Equity Scheme - Small Cap Fund,28-03-2017,42.34970
125497,SBI Small Cap Fund - Direct Plan - Growth,SBI Mutual Fund,Open Ended Schemes,Equity Scheme - Small Cap Fund,27-03-2017,42.26590
125497,SBI Small Cap Fund - Direct Plan - Growth,SBI Mutual Fund,Open Ended Schemes,Equity Scheme - Small Cap Fund,24-03-2017,42.22840
125497,SBI Small Cap Fund - Direct Plan - Growth,SBI Mutual Fund,Open Ended Schemes,Equity Scheme - Small Cap Fund,23-03-2017,42.17190
125497,SBI Small Cap Fund - Direct Plan - Growth,SBI Mutual Fund,Open Ended Schemes,Equity Scheme - Small Cap Fund,22-03-2017,42.00260
125497,SBI Small Cap Fund - Direct Plan - Growth,SBI Mutual Fund,Open Ended Schemes,Equity Scheme - Small Cap Fund,21-03-2017,42.14560
125497,SBI Small Cap Fund - Direct Plan - Growth,SBI Mutual Fund,Open Ended Schemes,Equity Scheme - Small Cap Fund,20-03-2017,42.24000
125497,SBI Small Cap Fund - Direct Plan - Growth,SBI Mutual Fund,Open Ended Schemes,Equity Scheme - Small Cap Fund,17-03-2017,41.97770
125497,SBI Small Cap Fund - Direct Plan - Growth,SBI Mutual Fund,Open Ended Schemes,Equity Scheme - Small Cap Fund,16-03-2017,41.81890
125497,SBI Small Cap Fund - Direct Plan - Growth,SBI Mutual Fund,Open Ended Schemes,Equity Scheme - Small Cap Fund,15-03-2017,41.30270
125497,SBI Small Cap Fund - Direct Plan - Growth,SBI Mutual Fund,Open Ended Schemes,Equity Scheme - Small Cap Fund,14-03-2017,41.30400
125497,SBI Small Cap Fund - Direct Plan - Growth,SBI Mutual Fund,Open Ended Schemes,Equity Scheme - Small Cap Fund,10-03-2017,40.98160
125497,SBI Small Cap Fund - Direct Plan - Growth,SBI Mutual Fund,Open Ended Schemes,Equity Scheme - Small Cap Fund,09-03-2017,41.07320
125497,SBI Small Cap Fund - Direct Plan - Growth,SBI Mutual Fund,Open Ended Schemes,Equity Scheme - Small Cap Fund,08-03-2017,41.00060
125497,SBI Small Cap Fund - Direct Plan - Growth,SBI Mutual Fund,Open Ended Schemes,Equity Scheme - Small Cap Fund,07-03-2017,41.07030
125497,SBI Small Cap Fund - Direct Plan - Growth,SBI Mutual Fund,Open Ended Schemes,Equity Scheme - Small Cap Fund,06-03-2017,40.96560
125497,SBI Small Cap Fund - Direct Plan - Growth,SBI Mutual Fund,Open Ended Schemes,Equity Scheme - Small Cap Fund,03-03-2017,40.94170
125497,SBI Small Cap Fund - Direct Plan - Growth,SBI Mutual Fund,Open Ended Schemes,Equity Scheme - Small Cap Fund,02-03-2017,40.77130
125497,SBI Small Cap Fund - Direct Plan - Growth,SBI Mutual Fund,Open Ended Schemes,Equity Scheme - Small Cap Fund,01-03-2017,41.24220
125497,SBI Small Cap Fund - Direct Plan - Growth,SBI Mutual Fund,Open Ended Schemes,Equity Scheme - Small Cap Fund,28-02-2017,40.90080
125497,SBI Small Cap Fund - Direct Plan - Growth,SBI Mutual Fund,Open Ended Schemes,Equity Scheme - Small Cap Fund,27-02-2017,40.76850
125497,SBI Small Cap Fund - Direct Plan - Growth,SBI Mutual Fund,Open Ended Schemes,Equity Scheme - Small Cap Fund,23-02-2017,41.03000
125497,SBI Small Cap Fund - Direct Plan - Growth,SBI Mutual Fund,Open Ended Schemes,Equity Scheme - Small Cap Fund,22-02-2017,40.99460
125497,SBI Small Cap Fund - Direct Plan - Growth,SBI Mutual Fund,Open Ended Schemes,Equity Scheme - Small Cap Fund,21-02-2017,41.22540
125497,SBI Small Cap Fund - Direct Plan - Growth,SBI Mutual Fund,Open Ended Schemes,Equity Scheme - Small Cap Fund,20-02-2017,41.12510
125497,SBI Small Cap Fund - Direct Plan - Growth,SBI Mutual Fund,Open Ended Schemes,Equity Scheme - Small Cap Fund,17-02-2017,40.83730
125497,SBI Small Cap Fund - Direct Plan - Growth,SBI Mutual Fund,Open Ended Schemes,Equity Scheme - Small Cap Fund,16-02-2017,40.82380
125497,SBI Small Cap Fund - Direct Plan - Growth,SBI Mutual Fund,Open Ended Schemes,Equity Scheme - Small Cap Fund,15-02-2017,40.36280
125497,SBI Small Cap Fund - Direct Plan - Growth,SBI Mutual Fund,Open Ended Schemes,Equity Scheme - Small Cap Fund,14-02-2017,41.09170
125497,SBI Small Cap Fund - Direct Plan - Growth,SBI Mutual Fund,Open Ended Schemes,Equity Scheme - Small Cap Fund,13-02-2017,41.26570
125497,SBI Small Cap Fund - Direct Plan - Growth,SBI Mutual Fund,Open Ended Schemes,Equity Scheme - Small Cap Fund,10-02-2017,41.29940
125497,SBI Small Cap Fund - Direct Plan - Growth,SBI Mutual Fund,Open Ended Schemes,Equity Scheme - Small Cap Fund,09-02-2017,40.99090
125497,SBI Small Cap Fund - Direct Plan - Growth,SBI Mutual Fund,Open Ended Schemes,Equity Scheme - Small Cap Fund,08-02-2017,40.95860
125497,SBI Small Cap Fund - Direct Plan - Growth,SBI Mutual Fund,Open Ended Schemes,Equity Scheme - Small Cap Fund,07-02-2017,40.92430
125497,SBI Small Cap Fund - Direct Plan - Growth,SBI Mutual Fund,Open Ended Schemes,Equity Scheme - Small Cap Fund,06-02-2017,40.72070
125497,SBI Small Cap Fund - Direct Plan - Growth,SBI Mutual Fund,Open Ended Schemes,Equity Scheme - Small Cap Fund,03-02-2017,40.32050
125497,SBI Small Cap Fund - Direct Plan - Growth,SBI Mutual Fund,Open Ended Schemes,Equity Scheme - Small Cap Fund,02-02-2017,39.61380
125497,SBI Small Cap Fund - Direct Plan - Growth,SBI Mutual Fund,Open Ended Schemes,Equity Scheme - Small Cap Fund,01-02-2017,39.53250
125497,SBI Small Cap Fund - Direct Plan - Growth,SBI Mutual Fund,Open Ended Schemes,Equity Scheme - Small Cap Fund,31-01-2017,39.18620
125497,SBI Small Cap Fund - Direct Plan - Growth,SBI Mutual Fund,Open Ended Schemes,Equity Scheme - Small Cap Fund,30-01-2017,39.31440
125497,SBI Small Cap Fund - Direct Plan - Growth,SBI Mutual Fund,Open Ended Schemes,Equity Scheme - Small Cap Fund,27-01-2017,39.57650
125497,SBI Small Cap Fund - Direct Plan - Growth,SBI Mutual Fund,Open Ended Schemes,Equity Scheme - Small Cap Fund,25-01-2017,39.31390
125497,SBI Small Cap Fund - Direct Plan - Growth,SBI Mutual Fund,Open Ended Schemes,Equity Scheme - Small Cap Fund,24-01-2017,39.19810
125497,SBI Small Cap Fund - Direct Plan - Growth,SBI Mutual Fund,Open Ended Schemes,Equity Scheme - Small Cap Fund,23-01-2017,38.76860
125497,SBI Small Cap Fund - Direct Plan - Growth,SBI Mutual Fund,Open Ended Schemes,Equity Scheme - Small Cap Fund,20-01-2017,38.61060
125497,SBI Small Cap Fund - Direct Plan - Growth,SBI Mutual Fund,Open Ended Schemes,Equity Scheme - Small Cap Fund,19-01-2017,38.97910
125497,SBI Small Cap Fund - Direct Plan - Growth,SBI Mutual Fund,Open Ended Schemes,Equity Scheme - Small Cap Fund,18-01-2017,38.85080
125497,SBI Small Cap Fund - Direct Plan - Growth,SBI Mutual Fund,Open Ended Schemes,Equity Scheme - Small Cap Fund,17-01-2017,38.55110
125497,SBI Small Cap Fund - Direct Plan - Growth,SBI Mutual Fund,Open Ended Schemes,Equity Scheme - Small Cap Fund,16-01-2017,38.37450
125497,SBI Small Cap Fund - Direct Plan - Growth,SBI Mutual Fund,Open Ended Schemes,Equity Scheme - Small Cap Fund,13-01-2017,38.18450
125497,SBI Small Cap Fund - Direct Plan - Growth,SBI Mutual Fund,Open Ended Schemes,Equity Scheme - Small Cap Fund,12-01-2017,38.13370
125497,SBI Small Cap Fund - Direct Plan - Growth,SBI Mutual Fund,Open Ended Schemes,Equity Scheme - Small Cap Fund,11-01-2017,38.25580
125497,SBI Small Cap Fund - Direct Plan - Growth,SBI Mutual Fund,Open Ended Schemes,Equity Scheme - Small Cap Fund,10-01-2017,38.01790
125497,SBI Small Cap Fund - Direct Plan - Growth,SBI Mutual Fund,Open Ended Schemes,Equity Scheme - Small Cap Fund,09-01-2017,37.84710
125497,SBI Small Cap Fund - Direct Plan - Growth,SBI Mutual Fund,Open Ended Schemes,Equity Scheme - Small Cap Fund,06-01-2017,37.65880
125497,SBI Small Cap Fund - Direct Plan - Growth,SBI Mutual Fund,Open Ended Schemes,Equity Scheme - Small Cap Fund,05-01-2017,37.60910
125497,SBI Small Cap Fund - Direct Plan - Growth,SBI Mutual Fund,Open Ended Schemes,Equity Scheme - Small Cap Fund,04-01-2017,37.35590
125497,SBI Small Cap Fund - Direct Plan - Growth,SBI Mutual Fund,Open Ended Schemes,Equity Scheme - Small Cap Fund,03-01-2017,37.28040
125497,SBI Small Cap Fund - Direct Plan - Growth,SBI Mutual Fund,Open Ended Schemes,Equity Scheme - Small Cap Fund,02-01-2017,36.94500
125497,SBI Small Cap Fund - Direct Plan - Growth,SBI Mutual Fund,Open Ended Schemes,Equity Scheme - Small Cap Fund,30-12-2016,36.66310
125497,SBI Small Cap Fund - Direct Plan - Growth,SBI Mutual Fund,Open Ended Schemes,Equity Scheme - Small Cap Fund,29-12-2016,36.32820
125497,SBI Small Cap Fund - Direct Plan - Growth,SBI Mutual Fund,Open Ended Schemes,Equity Scheme - Small Cap Fund,28-12-2016,36.09550
125497,SBI Small Cap Fund - Direct Plan - Growth,SBI Mutual Fund,Open Ended Schemes,Equity Scheme - Small Cap Fund,27-12-2016,35.89870
125497,SBI Small Cap Fund - Direct Plan - Growth,SBI Mutual Fund,Open Ended Schemes,Equity Scheme - Small Cap Fund,26-12-2016,35.60340
125497,SBI Small Cap Fund - Direct Plan - Growth,SBI Mutual Fund,Open Ended Schemes,Equity Scheme - Small Cap Fund,23-12-2016,36.22550
125497,SBI Small Cap Fund - Direct Plan - Growth,SBI Mutual Fund,Open Ended Schemes,Equity Scheme - Small Cap Fund,22-12-2016,36.15260
125497,SBI Small Cap Fund - Direct Plan - Growth,SBI Mutual Fund,Open Ended Schemes,Equity Scheme - Small Cap Fund,21-12-2016,36.53840
125497,SBI Small Cap Fund - Direct Plan - Growth,SBI Mutual Fund,Open Ended Schemes,Equity Scheme - Small Cap Fund,20-12-2016,36.54500
125497,SBI Small Cap Fund - Direct Plan - Growth,SBI Mutual Fund,Open Ended Schemes,Equity Scheme - Small Cap Fund,19-12-2016,36.94500
125497,SBI Small Cap Fund - Direct Plan - Growth,SBI Mutual Fund,Open Ended Schemes,Equity Scheme - Small Cap Fund,16-12-2016,37.12710
125497,SBI Small Cap Fund - Direct Plan - Growth,SBI Mutual Fund,Open Ended Schemes,Equity Scheme - Small Cap Fund,15-12-2016,37.15060
125497,SBI Small Cap Fund - Direct Plan - Growth,SBI Mutual Fund,Open Ended Schemes,Equity Scheme - Small Cap Fund,14-12-2016,37.29210
125497,SBI Small Cap Fund - Direct Plan - Growth,SBI Mutual Fund,Open Ended Schemes,Equity Scheme - Small Cap Fund,13-12-2016,37.64780
125497,SBI Small Cap Fund - Direct Plan - Growth,SBI Mutual Fund,Open Ended Schemes,Equity Scheme - Small Cap Fund,12-12-2016,37.47650
125497,SBI Small Cap Fund - Direct Plan - Growth,SBI Mutual Fund,Open Ended Schemes,Equity Scheme - Small Cap Fund,09-12-2016,37.71440
125497,SBI Small Cap Fund - Direct Plan - Growth,SBI Mutual Fund,Open Ended Schemes,Equity Scheme - Small Cap Fund,08-12-2016,37.68930
125497,SBI Small Cap Fund - Direct Plan - Growth,SBI Mutual Fund,Open Ended Schemes,Equity Scheme - Small Cap Fund,07-12-2016,37.38370
125497,SBI Small Cap Fund - Direct Plan - Growth,SBI Mutual Fund,Open Ended Schemes,Equity Scheme - Small Cap Fund,06-12-2016,37.47780
125497,SBI Small Cap Fund - Direct Plan - Growth,SBI Mutual Fund,Open Ended Schemes,Equity Scheme - Small Cap Fund,05-12-2016,37.59930
125497,SBI Small Cap Fund - Direct Plan - Growth,SBI Mutual Fund,Open Ended Schemes,Equity Scheme - Small Cap Fund,02-12-2016,37.62410
125497,SBI Small Cap Fund - Direct Plan - Growth,SBI Mutual Fund,Open Ended Schemes,Equity Scheme - Small Cap Fund,01-12-2016,38.17150
125497,SBI Small Cap Fund - Direct Plan - Growth,SBI Mutual Fund,Open Ended Schemes,Equity Scheme - Small Cap Fund,30-11-2016,38.21320
125497,SBI Small Cap Fund - Direct Plan - Growth,SBI Mutual Fund,Open Ended Schemes,Equity Scheme - Small Cap Fund,29-11-2016,37.94660
125497,SBI Small Cap Fund - Direct Plan - Growth,SBI Mutual Fund,Open Ended Schemes,Equity Scheme - Small Cap Fund,28-11-2016,37.78400
125497,SBI Small Cap Fund - Direct Plan - Growth,SBI Mutual Fund,Open Ended Schemes,Equity Scheme - Small Cap Fund,25-11-2016,37.30750
125497,SBI Small Cap Fund - Direct Plan - Growth,SBI Mutual Fund,Open Ended Schemes,Equity Scheme - Small Cap Fund,24-11-2016,36.82740
125497,SBI Small Cap Fund - Direct Plan - Growth,SBI Mutual Fund,Open Ended Schemes,Equity Scheme - Small Cap Fund,23-11-2016,36.69640
125497,SBI Small Cap Fund - Direct Plan - Growth,SBI Mutual Fund,Open Ended Schemes,Equity Scheme - Small Cap Fund,22-11-2016,36.34540
125497,SBI Small Cap Fund - Direct Plan - Growth,SBI Mutual Fund,Open Ended Schemes,Equity Scheme - Small Cap Fund,21-11-2016,36.01610
125497,SBI Small Cap Fund - Direct Plan - Growth,SBI Mutual Fund,Open Ended Schemes,Equity Scheme - Small Cap Fund,18-11-2016,37.44440
125497,SBI Small Cap Fund - Direct Plan - Growth,SBI Mutual Fund,Open Ended Schemes,Equity Scheme - Small Cap Fund,17-11-2016,37.07900
125497,SBI Small Cap Fund - Direct Plan - Growth,SBI Mutual Fund,Open Ended Schemes,Equity Scheme - Small Cap Fund,16-11-2016,37.26730
125497,SBI Small Cap Fund - Direct Plan - Growth,SBI Mutual Fund,Open Ended Schemes,Equity Scheme - Small Cap Fund,15-11-2016,37.28160
125497,SBI Small Cap Fund - Direct Plan - Growth,SBI Mutual Fund,Open Ended Schemes,Equity Scheme - Small Cap Fund,11-11-2016,39.22860
125497,SBI Small Cap Fund - Direct Plan - Growth,SBI Mutual Fund,Open Ended Schemes,Equity Scheme - Small Cap Fund,10-11-2016,40.37200
125497,SBI Small Cap Fund - Direct Plan - Growth,SBI Mutual Fund,Open Ended Schemes,Equity Scheme - Small Cap Fund,09-11-2016,39.71840
125497,SBI Small Cap Fund - Direct Plan - Growth,SBI Mutual Fund,Open Ended Schemes,Equity Scheme - Small Cap Fund,08-11-2016,40.29730
125497,SBI Small Cap Fund - Direct Plan - Growth,SBI Mutual Fund,Open Ended Schemes,Equity Scheme - Small Cap Fund,07-11-2016,40.31430
125497,SBI Small Cap Fund - Direct Plan - Growth,SBI Mutual Fund,Open Ended Schemes,Equity Scheme - Small Cap Fund,04-11-2016,39.80440
125497,SBI Small Cap Fund - Direct Plan - Growth,SBI Mutual Fund,Open Ended Schemes,Equity Scheme - Small Cap Fund,03-11-2016,40.58510
125497,SBI Small Cap Fund - Direct Plan - Growth,SBI Mutual Fund,Open Ended Schemes,Equity Scheme - Small Cap Fund,02-11-2016,41.03400
125497,SBI Small Cap Fund - Direct Plan - Growth,SBI Mutual Fund,Open Ended Schemes,Equity Scheme - Small Cap Fund,01-11-2016,41.65750
125497,SBI Small Cap Fund - Direct Plan - Growth,SBI Mutual Fund,Open Ended Schemes,Equity Scheme - Small Cap Fund,28-10-2016,41.05640
125497,SBI Small Cap Fund - Direct Plan - Growth,SBI Mutual Fund,Open Ended Schemes,Equity Scheme - Small Cap Fund,27-10-2016,40.58800
125497,SBI Small Cap Fund - Direct Plan - Growth,SBI Mutual Fund,Open Ended Schemes,Equity Scheme - Small Cap Fund,26-10-2016,40.50440
125497,SBI Small Cap Fund - Direct Plan - Growth,SBI Mutual Fund,Open Ended Schemes,Equity Scheme - Small Cap Fund,25-10-2016,40.67860
125497,SBI Small Cap Fund - Direct Plan - Growth,SBI Mutual Fund,Open Ended Schemes,Equity Scheme - Small Cap Fund,24-10-2016,40.49930
125497,SBI Small Cap Fund - Direct Plan - Growth,SBI Mutual Fund,Open Ended Schemes,Equity Scheme - Small Cap Fund,21-10-2016,40.09490
125497,SBI Small Cap Fund - Direct Plan - Growth,SBI Mutual Fund,Open Ended Schemes,Equity Scheme - Small Cap Fund,20-10-2016,40.27850
125497,SBI Small Cap Fund - Direct Plan - Growth,SBI Mutual Fund,Open Ended Schemes,Equity Scheme - Small Cap Fund,19-10-2016,40.22990
125497,SBI Small Cap Fund - Direct Plan - Growth,SBI Mutual Fund,Open Ended Schemes,Equity Scheme - Small Cap Fund,18-10-2016,40.00620
125497,SBI Small Cap Fund - Direct Plan - Growth,SBI Mutual Fund,Open Ended Schemes,Equity Scheme - Small Cap Fund,17-10-2016,39.67230
125497,SBI Small Cap Fund - Direct Plan - Growth,SBI Mutual Fund,Open Ended Schemes,Equity Scheme - Small Cap Fund,14-10-2016,39.97260
125497,SBI Small Cap Fund - Direct Plan - Growth,SBI Mutual Fund,Open Ended Schemes,Equity Scheme - Small Cap Fund,13-10-2016,39.70370
125497,SBI Small Cap Fund - Direct Plan - Growth,SBI Mutual Fund,Open Ended Schemes,Equity Scheme - Small Cap Fund,10-10-2016,40.47110
125497,SBI Small Cap Fund - Direct Plan - Growth,SBI Mutual Fund,Open Ended Schemes,Equity Scheme - Small Cap Fund,07-10-2016,40.22230
125497,SBI Small Cap Fund - Direct Plan - Growth,SBI Mutual Fund,Open Ended Schemes,Equity Scheme - Small Cap Fund,06-10-2016,39.84510
125497,SBI Small Cap Fund - Direct Plan - Growth,SBI Mutual Fund,Open Ended Schemes,Equity Scheme - Small Cap Fund,05-10-2016,39.99870
125497,SBI Small Cap Fund - Direct Plan - Growth,SBI Mutual Fund,Open Ended Schemes,Equity Scheme - Small Cap Fund,04-10-2016,39.63240
125497,SBI Small Cap Fund - Direct Plan - Growth,SBI Mutual Fund,Open Ended Schemes,Equity Scheme - Small Cap Fund,03-10-2016,39.42620
125497,SBI Small Cap Fund - Direct Plan - Growth,SBI Mutual Fund,Open Ended Schemes,Equity Scheme - Small Cap Fund,30-09-2016,38.66340
125497,SBI Small Cap Fund - Direct Plan - Growth,SBI Mutual Fund,Open Ended Schemes,Equity Scheme - Small Cap Fund,29-09-2016,37.64570
125497,SBI Small Cap Fund - Direct Plan - Growth,SBI Mutual Fund,Open Ended Schemes,Equity Scheme - Small Cap Fund,28-09-2016,38.86450
125497,SBI Small Cap Fund - Direct Plan - Growth,SBI Mutual Fund,Open Ended Schemes,Equity Scheme - Small Cap Fund,27-09-2016,38.65360
125497,SBI Small Cap Fund - Direct Plan - Growth,SBI Mutual Fund,Open Ended Schemes,Equity Scheme - Small Cap Fund,26-09-2016,38.55120
125497,SBI Small Cap Fund - Direct Plan - Growth,SBI Mutual Fund,Open Ended Schemes,Equity Scheme - Small Cap Fund,23-09-2016,38.63350
125497,SBI Small Cap Fund - Direct Plan - Growth,SBI Mutual Fund,Open Ended Schemes,Equity Scheme - Small Cap Fund,22-09-2016,38.49940
125497,SBI Small Cap Fund - Direct Plan - Growth,SBI Mutual Fund,Open Ended Schemes,Equity Scheme - Small Cap Fund,21-09-2016,37.88950
125497,SBI Small Cap Fund - Direct Plan - Growth,SBI Mutual Fund,Open Ended Schemes,Equity Scheme - Small Cap Fund,20-09-2016,37.89950
125497,SBI Small Cap Fund - Direct Plan - Growth,SBI Mutual Fund,Open Ended Schemes,Equity Scheme - Small Cap Fund,19-09-2016,37.73170
125497,SBI Small Cap Fund - Direct Plan - Growth,SBI Mutual Fund,Open Ended Schemes,Equity Scheme - Small Cap Fund,16-09-2016,37.54740
125497,SBI Small Cap Fund - Direct Plan - Growth,SBI Mutual Fund,Open Ended Schemes,Equity Scheme - Small Cap Fund,15-09-2016,37.56550
125497,SBI Small Cap Fund - Direct Plan - Growth,SBI Mutual Fund,Open Ended Schemes,Equity Scheme - Small Cap Fund,14-09-2016,37.46950
125497,SBI Small Cap Fund - Direct Plan - Growth,SBI Mutual Fund,Open Ended Schemes,Equity Scheme - Small Cap Fund,12-09-2016,37.13230
125497,SBI Small Cap Fund - Direct Plan - Growth,SBI Mutual Fund,Open Ended Schemes,Equity Scheme - Small Cap Fund,09-09-2016,37.88890
125497,SBI Small Cap Fund - Direct Plan - Growth,SBI Mutual Fund,Open Ended Schemes,Equity Scheme - Small Cap Fund,08-09-2016,38.00720
125497,SBI Small Cap Fund - Direct Plan - Growth,SBI Mutual Fund,Open Ended Schemes,Equity Scheme - Small Cap Fund,07-09-2016,37.77650
125497,SBI Small Cap Fund - Direct Plan - Growth,SBI Mutual Fund,Open Ended Schemes,Equity Scheme - Small Cap Fund,06-09-2016,37.97130
125497,SBI Small Cap Fund - Direct Plan - Growth,SBI Mutual Fund,Open Ended Schemes,Equity Scheme - Small Cap Fund,02-09-2016,37.72610
125497,SBI Small Cap Fund - Direct Plan - Growth,SBI Mutual Fund,Open Ended Schemes,Equity Scheme - Small Cap Fund,01-09-2016,37.54700
125497,SBI Small Cap Fund - Direct Plan - Growth,SBI Mutual Fund,Open Ended Schemes,Equity Scheme - Small Cap Fund,31-08-2016,37.96730
125497,SBI Small Cap Fund - Direct Plan - Growth,SBI Mutual Fund,Open Ended Schemes,Equity Scheme - Small Cap Fund,30-08-2016,37.82320
125497,SBI Small Cap Fund - Direct Plan - Growth,SBI Mutual Fund,Open Ended Schemes,Equity Scheme - Small Cap Fund,29-08-2016,37.33380
125497,SBI Small Cap Fund - Direct Plan - Growth,SBI Mutual Fund,Open Ended Schemes,Equity Scheme - Small Cap Fund,26-08-2016,37.14500
125497,SBI Small Cap Fund - Direct Plan - Growth,SBI Mutual Fund,Open Ended Schemes,Equity Scheme - Small Cap Fund,25-08-2016,37.14650
125497,SBI Small Cap Fund - Direct Plan - Growth,SBI Mutual Fund,Open Ended Schemes,Equity Scheme - Small Cap Fund,24-08-2016,37.06850
125497,SBI Small Cap Fund - Direct Plan - Growth,SBI Mutual Fund,Open Ended Schemes,Equity Scheme - Small Cap Fund,23-08-2016,36.81340
125497,SBI Small Cap Fund - Direct Plan - Growth,SBI Mutual Fund,Open Ended Schemes,Equity Scheme - Small Cap Fund,22-08-2016,36.75810
125497,SBI Small Cap Fund - Direct Plan - Growth,SBI Mutual Fund,Open Ended Schemes,Equity Scheme - Small Cap Fund,19-08-2016,36.76100
125497,SBI Small Cap Fund - Direct Plan - Growth,SBI Mutual Fund,Open Ended Schemes,Equity Scheme - Small Cap Fund,18-08-2016,36.69790
125497,SBI Small Cap Fund - Direct Plan - Growth,SBI Mutual Fund,Open Ended Schemes,Equity Scheme - Small Cap Fund,17-08-2016,36.30470
125497,SBI Small Cap Fund - Direct Plan - Growth,SBI Mutual Fund,Open Ended Schemes,Equity Scheme - Small Cap Fund,16-08-2016,35.99080
125497,SBI Small Cap Fund - Direct Plan - Growth,SBI Mutual Fund,Open Ended Schemes,Equity Scheme - Small Cap Fund,12-08-2016,36.01470
125497,SBI Small Cap Fund - Direct Plan - Growth,SBI Mutual Fund,Open Ended Schemes,Equity Scheme - Small Cap Fund,11-08-2016,35.92880
125497,SBI Small Cap Fund - Direct Plan - Growth,SBI Mutual Fund,Open Ended Schemes,Equity Scheme - Small Cap Fund,10-08-2016,35.93900
125497,SBI Small Cap Fund - Direct Plan - Growth,SBI Mutual Fund,Open Ended Schemes,Equity Scheme - Small Cap Fund,09-08-2016,36.30940
125497,SBI Small Cap Fund - Direct Plan - Growth,SBI Mutual Fund,Open Ended Schemes,Equity Scheme - Small Cap Fund,08-08-2016,36.53980
125497,SBI Small Cap Fund - Direct Plan - Growth,SBI Mutual Fund,Open Ended Schemes,Equity Scheme - Small Cap Fund,05-08-2016,36.46690
125497,SBI Small Cap Fund - Direct Plan - Growth,SBI Mutual Fund,Open Ended Schemes,Equity Scheme - Small Cap Fund,04-08-2016,36.16890
125497,SBI Small Cap Fund - Direct Plan - Growth,SBI Mutual Fund,Open Ended Schemes,Equity Scheme - Small Cap Fund,03-08-2016,35.96560
125497,SBI Small Cap Fund - Direct Plan - Growth,SBI Mutual Fund,Open Ended Schemes,Equity Scheme - Small Cap Fund,02-08-2016,36.38760
125497,SBI Small Cap Fund - Direct Plan - Growth,SBI Mutual Fund,Open Ended Schemes,Equity Scheme - Small Cap Fund,01-08-2016,36.50240
125497,SBI Small Cap Fund - Direct Plan - Growth,SBI Mutual Fund,Open Ended Schemes,Equity Scheme - Small Cap Fund,29-07-2016,36.88360
125497,SBI Small Cap Fund - Direct Plan - Growth,SBI Mutual Fund,Open Ended Schemes,Equity Scheme - Small Cap Fund,28-07-2016,36.72190
125497,SBI Small Cap Fund - Direct Plan - Growth,SBI Mutual Fund,Open Ended Schemes,Equity Scheme - Small Cap Fund,27-07-2016,36.47120
125497,SBI Small Cap Fund - Direct Plan - Growth,SBI Mutual Fund,Open Ended Schemes,Equity Scheme - Small Cap Fund,26-07-2016,36.73470
125497,SBI Small Cap Fund - Direct Plan - Growth,SBI Mutual Fund,Open Ended Schemes,Equity Scheme - Small Cap Fund,25-07-2016,36.97690
125497,SBI Small Cap Fund - Direct Plan - Growth,SBI Mutual Fund,Open Ended Schemes,Equity Scheme - Small Cap Fund,22-07-2016,36.64330
125497,SBI Small Cap Fund - Direct Plan - Growth,SBI Mutual Fund,Open Ended Schemes,Equity Scheme - Small Cap Fund,21-07-2016,36.51930
125497,SBI Small Cap Fund - Direct Plan - Growth,SBI Mutual Fund,Open Ended Schemes,Equity Scheme - Small Cap Fund,20-07-2016,36.50050
125497,SBI Small Cap Fund - Direct Plan - Growth,SBI Mutual Fund,Open Ended Schemes,Equity Scheme - Small Cap Fund,19-07-2016,36.12720
125497,SBI Small Cap Fund - Direct Plan - Growth,SBI Mutual Fund,Open Ended Schemes,Equity Scheme - Small Cap Fund,18-07-2016,36.30780
125497,SBI Small Cap Fund - Direct Plan - Growth,SBI Mutual Fund,Open Ended Schemes,Equity Scheme - Small Cap Fund,15-07-2016,36.38210
125497,SBI Small Cap Fund - Direct Plan - Growth,SBI Mutual Fund,Open Ended Schemes,Equity Scheme - Small Cap Fund,14-07-2016,36.36870
125497,SBI Small Cap Fund - Direct Plan - Growth,SBI Mutual Fund,Open Ended Schemes,Equity Scheme - Small Cap Fund,13-07-2016,35.81120
125497,SBI Small Cap Fund - Direct Plan - Growth,SBI Mutual Fund,Open Ended Schemes,Equity Scheme - Small Cap Fund,12-07-2016,35.76950
125497,SBI Small Cap Fund - Direct Plan - Growth,SBI Mutual Fund,Open Ended Schemes,Equity Scheme - Small Cap Fund,11-07-2016,35.88590
125497,SBI Small Cap Fund - Direct Plan - Growth,SBI Mutual Fund,Open Ended Schemes,Equity Scheme - Small Cap Fund,08-07-2016,35.74700
125497,SBI Small Cap Fund - Direct Plan - Growth,SBI Mutual Fund,Open Ended Schemes,Equity Scheme - Small Cap Fund,07-07-2016,35.69730
125497,SBI Small Cap Fund - Direct Plan - Growth,SBI Mutual Fund,Open Ended Schemes,Equity Scheme - Small Cap Fund,05-07-2016,35.55320
125497,SBI Small Cap Fund - Direct Plan - Growth,SBI Mutual Fund,Open Ended Schemes,Equity Scheme - Small Cap Fund,04-07-2016,35.52480
125497,SBI Small Cap Fund - Direct Plan - Growth,SBI Mutual Fund,Open Ended Schemes,Equity Scheme - Small Cap Fund,01-07-2016,35.39090
125497,SBI Small Cap Fund - Direct Plan - Growth,SBI Mutual Fund,Open Ended Schemes,Equity Scheme - Small Cap Fund,30-06-2016,35.25510
125497,SBI Small Cap Fund - Direct Plan - Growth,SBI Mutual Fund,Open Ended Schemes,Equity Scheme - Small Cap Fund,29-06-2016,35.10040
125497,SBI Small Cap Fund - Direct Plan - Growth,SBI Mutual Fund,Open Ended Schemes,Equity Scheme - Small Cap Fund,28-06-2016,34.57030
125497,SBI Small Cap Fund - Direct Plan - Growth,SBI Mutual Fund,Open Ended Schemes,Equity Scheme - Small Cap Fund,27-06-2016,34.23310
125497,SBI Small Cap Fund - Direct Plan - Growth,SBI Mutual Fund,Open Ended Schemes,Equity Scheme - Small Cap Fund,24-06-2016,33.90070
125497,SBI Small Cap Fund - Direct Plan - Growth,SBI Mutual Fund,Open Ended Schemes,Equity Scheme - Small Cap Fund,23-06-2016,34.20010
125497,SBI Small Cap Fund - Direct Plan - Growth,SBI Mutual Fund,Open Ended Schemes,Equity Scheme - Small Cap Fund,22-06-2016,34.25840
125497,SBI Small Cap Fund - Direct Plan - Growth,SBI Mutual Fund,Open Ended Schemes,Equity Scheme - Small Cap Fund,21-06-2016,34.23680
125497,SBI Small Cap Fund - Direct Plan - Growth,SBI Mutual Fund,Open Ended Schemes,Equity Scheme - Small Cap Fund,20-06-2016,34.28230
125497,SBI Small Cap Fund - Direct Plan - Growth,SBI Mutual Fund,Open Ended Schemes,Equity Scheme - Small Cap Fund,17-06-2016,34.40500
125497,SBI Small Cap Fund - Direct Plan - Growth,SBI Mutual Fund,Open Ended Schemes,Equity Scheme - Small Cap Fund,16-06-2016,34.26000
125497,SBI Small Cap Fund - Direct Plan - Growth,SBI Mutual Fund,Open Ended Schemes,Equity Scheme - Small Cap Fund,15-06-2016,34.38490
125497,SBI Small Cap Fund - Direct Plan - Growth,SBI Mutual Fund,Open Ended Schemes,Equity Scheme - Small Cap Fund,14-06-2016,34.08450
125497,SBI Small Cap Fund - Direct Plan - Growth,SBI Mutual Fund,Open Ended Schemes,Equity Scheme - Small Cap Fund,13-06-2016,34.12570
125497,SBI Small Cap Fund - Direct Plan - Growth,SBI Mutual Fund,Open Ended Schemes,Equity Scheme - Small Cap Fund,10-06-2016,34.34500
125497,SBI Small Cap Fund - Direct Plan - Growth,SBI Mutual Fund,Open Ended Schemes,Equity Scheme - Small Cap Fund,09-06-2016,34.24080
125497,SBI Small Cap Fund - Direct Plan - Growth,SBI Mutual Fund,Open Ended Schemes,Equity Scheme - Small Cap Fund,08-06-2016,34.53340
125497,SBI Small Cap Fund - Direct Plan - Growth,SBI Mutual Fund,Open Ended Schemes,Equity Scheme - Small Cap Fund,07-06-2016,34.45470
125497,SBI Small Cap Fund - Direct Plan - Growth,SBI Mutual Fund,Open Ended Schemes,Equity Scheme - Small Cap Fund,06-06-2016,34.05590
125497,SBI Small Cap Fund - Direct Plan - Growth,SBI Mutual Fund,Open Ended Schemes,Equity Scheme - Small Cap Fund,03-06-2016,33.86520
125497,SBI Small Cap Fund - Direct Plan - Growth,SBI Mutual Fund,Open Ended Schemes,Equity Scheme - Small Cap Fund,02-06-2016,33.95350
125497,SBI Small Cap Fund - Direct Plan - Growth,SBI Mutual Fund,Open Ended Schemes,Equity Scheme - Small Cap Fund,01-06-2016,33.79300
125497,SBI Small Cap Fund - Direct Plan - Growth,SBI Mutual Fund,Open Ended Schemes,Equity Scheme - Small Cap Fund,31-05-2016,33.76830
125497,SBI Small Cap Fund - Direct Plan - Growth,SBI Mutual Fund,Open Ended Schemes,Equity Scheme - Small Cap Fund,30-05-2016,33.84230
125497,SBI Small Cap Fund - Direct Plan - Growth,SBI Mutual Fund,Open Ended Schemes,Equity Scheme - Small Cap Fund,27-05-2016,33.72370
125497,SBI Small Cap Fund - Direct Plan - Growth,SBI Mutual Fund,Open Ended Schemes,Equity Scheme - Small Cap Fund,26-05-2016,33.55440
125497,SBI Small Cap Fund - Direct Plan - Growth,SBI Mutual Fund,Open Ended Schemes,Equity Scheme - Small Cap Fund,25-05-2016,33.60570
125497,SBI Small Cap Fund - Direct Plan - Growth,SBI Mutual Fund,Open Ended Schemes,Equity Scheme - Small Cap Fund,24-05-2016,33.41600
125497,SBI Small Cap Fund - Direct Plan - Growth,SBI Mutual Fund,Open Ended Schemes,Equity Scheme - Small Cap Fund,23-05-2016,33.65830
125497,SBI Small Cap Fund - Direct Plan - Growth,SBI Mutual Fund,Open Ended Schemes,Equity Scheme - Small Cap Fund,20-05-2016,33.61610
125497,SBI Small Cap Fund - Direct Plan - Growth,SBI Mutual Fund,Open Ended Schemes,Equity Scheme - Small Cap Fund,19-05-2016,33.83550
125497,SBI Small Cap Fund - Direct Plan - Growth,SBI Mutual Fund,Open Ended Schemes,Equity Scheme - Small Cap Fund,18-05-2016,34.31940
125497,SBI Small Cap Fund - Direct Plan - Growth,SBI Mutual Fund,Open Ended Schemes,Equity Scheme - Small Cap Fund,17-05-2016,34.26820
125497,SBI Small Cap Fund - Direct Plan - Growth,SBI Mutual Fund,Open Ended Schemes,Equity Scheme - Small Cap Fund,16-05-2016,34.21400
125497,SBI Small Cap Fund - Direct Plan - Growth,SBI Mutual Fund,Open Ended Schemes,Equity Scheme - Small Cap Fund,13-05-2016,34.28190
125497,SBI Small Cap Fund - Direct Plan - Growth,SBI Mutual Fund,Open Ended Schemes,Equity Scheme - Small Cap Fund,12-05-2016,34.33400
125497,SBI Small Cap Fund - Direct Plan - Growth,SBI Mutual Fund,Open Ended Schemes,Equity Scheme - Small Cap Fund,11-05-2016,33.95020
125497,SBI Small Cap Fund - Direct Plan - Growth,SBI Mutual Fund,Open Ended Schemes,Equity Scheme - Small Cap Fund,10-05-2016,33.86020
125497,SBI Small Cap Fund - Direct Plan - Growth,SBI Mutual Fund,Open Ended Schemes,Equity Scheme - Small Cap Fund,09-05-2016,34.05720
125497,SBI Small Cap Fund - Direct Plan - Growth,SBI Mutual Fund,Open Ended Schemes,Equity Scheme - Small Cap Fund,06-05-2016,33.87690
125497,SBI Small Cap Fund - Direct Plan - Growth,SBI Mutual Fund,Open Ended Schemes,Equity Scheme - Small Cap Fund,05-05-2016,33.99390
125497,SBI Small Cap Fund - Direct Plan - Growth,SBI Mutual Fund,Open Ended Schemes,Equity Scheme - Small Cap Fund,04-05-2016,33.72260
125497,SBI Small Cap Fund - Direct Plan - Growth,SBI Mutual Fund,Open Ended Schemes,Equity Scheme - Small Cap Fund,03-05-2016,34.03060
125497,SBI Small Cap Fund - Direct Plan - Growth,SBI Mutual Fund,Open Ended Schemes,Equity Scheme - Small Cap Fund,02-05-2016,34.04950
125497,SBI Small Cap Fund - Direct Plan - Growth,SBI Mutual Fund,Open Ended Schemes,Equity Scheme - Small Cap Fund,29-04-2016,34.13480
125497,SBI Small Cap Fund - Direct Plan - Growth,SBI Mutual Fund,Open Ended Schemes,Equity Scheme - Small Cap Fund,28-04-2016,34.10160
125497,SBI Small Cap Fund - Direct Plan - Growth,SBI Mutual Fund,Open Ended Schemes,Equity Scheme - Small Cap Fund,27-04-2016,34.34370
125497,SBI Small Cap Fund - Direct Plan - Growth,SBI Mutual Fund,Open Ended Schemes,Equity Scheme - Small Cap Fund,26-04-2016,34.14530
125497,SBI Small Cap Fund - Direct Plan - Growth,SBI Mutual Fund,Open Ended Schemes,Equity Scheme - Small Cap Fund,25-04-2016,33.96290
125497,SBI Small Cap Fund - Direct Plan - Growth,SBI Mutual Fund,Open Ended Schemes,Equity Scheme - Small Cap Fund,22-04-2016,34.00100
125497,SBI Small Cap Fund - Direct Plan - Growth,SBI Mutual Fund,Open Ended Schemes,Equity Scheme - Small Cap Fund,21-04-2016,34.16770
125497,SBI Small Cap Fund - Direct Plan - Growth,SBI Mutual Fund,Open Ended Schemes,Equity Scheme - Small Cap Fund,20-04-2016,34.27250
125497,SBI Small Cap Fund - Direct Plan - Growth,SBI Mutual Fund,Open Ended Schemes,Equity Scheme - Small Cap Fund,18-04-2016,34.19220
125497,SBI Small Cap Fund - Direct Plan - Growth,SBI Mutual Fund,Open Ended Schemes,Equity Scheme - Small Cap Fund,13-04-2016,33.76930
125497,SBI Small Cap Fund - Direct Plan - Growth,SBI Mutual Fund,Open Ended Schemes,Equity Scheme - Small Cap Fund,12-04-2016,33.51200
125497,SBI Small Cap Fund - Direct Plan - Growth,SBI Mutual Fund,Open Ended Schemes,Equity Scheme - Small Cap Fund,11-04-2016,33.38750
125497,SBI Small Cap Fund - Direct Plan - Growth,SBI Mutual Fund,Open Ended Schemes,Equity Scheme - Small Cap Fund,08-04-2016,33.06500
125497,SBI Small Cap Fund - Direct Plan - Growth,SBI Mutual Fund,Open Ended Schemes,Equity Scheme - Small Cap Fund,07-04-2016,33.01940
125497,SBI Small Cap Fund - Direct Plan - Growth,SBI Mutual Fund,Open Ended Schemes,Equity Scheme - Small Cap Fund,06-04-2016,33.23170
125497,SBI Small Cap Fund - Direct Plan - Growth,SBI Mutual Fund,Open Ended Schemes,Equity Scheme - Small Cap Fund,05-04-2016,32.92950
125497,SBI Small Cap Fund - Direct Plan - Growth,SBI Mutual Fund,Open Ended Schemes,Equity Scheme - Small Cap Fund,04-04-2016,33.11200
125497,SBI Small Cap Fund - Direct Plan - Growth,SBI Mutual Fund,Open Ended Schemes,Equity Scheme - Small Cap Fund,01-04-2016,32.60990
125497,SBI Small Cap Fund - Direct Plan - Growth,SBI Mutual Fund,Open Ended Schemes,Equity Scheme - Small Cap Fund,31-03-2016,32.36140
125497,SBI Small Cap Fund - Direct Plan - Growth,SBI Mutual Fund,Open Ended Schemes,Equity Scheme - Small Cap Fund,30-03-2016,32.31320
125497,SBI Small Cap Fund - Direct Plan - Growth,SBI Mutual Fund,Open Ended Schemes,Equity Scheme - Small Cap Fund,29-03-2016,31.94450
125497,SBI Small Cap Fund - Direct Plan - Growth,SBI Mutual Fund,Open Ended Schemes,Equity Scheme - Small Cap Fund,28-03-2016,31.87590
125497,SBI Small Cap Fund - Direct Plan - Growth,SBI Mutual Fund,Open Ended Schemes,Equity Scheme - Small Cap Fund,23-03-2016,32.21920
125497,SBI Small Cap Fund - Direct Plan - Growth,SBI Mutual Fund,Open Ended Schemes,Equity Scheme - Small Cap Fund,22-03-2016,31.86820
125497,SBI Small Cap Fund - Direct Plan - Growth,SBI Mutual Fund,Open Ended Schemes,Equity Scheme - Small Cap Fund,21-03-2016,31.98990
125497,SBI Small Cap Fund - Direct Plan - Growth,SBI Mutual Fund,Open Ended Schemes,Equity Scheme - Small Cap Fund,18-03-2016,31.55040
125497,SBI Small Cap Fund - Direct Plan - Growth,SBI Mutual Fund,Open Ended Schemes,Equity Scheme - Small Cap Fund,17-03-2016,31.33090
125497,SBI Small Cap Fund - Direct Plan - Growth,SBI Mutual Fund,Open Ended Schemes,Equity Scheme - Small Cap Fund,16-03-2016,31.24450
125497,SBI Small Cap Fund - Direct Plan - Growth,SBI Mutual Fund,Open Ended Schemes,Equity Scheme - Small Cap Fund,15-03-2016,31.17580
125497,SBI Small Cap Fund - Direct Plan - Growth,SBI Mutual Fund,Open Ended Schemes,Equity Scheme - Small Cap Fund,14-03-2016,31.33640
125497,SBI Small Cap Fund - Direct Plan - Growth,SBI Mutual Fund,Open Ended Schemes,Equity Scheme - Small Cap Fund,11-03-2016,31.08850
125497,SBI Small Cap Fund - Direct Plan - Growth,SBI Mutual Fund,Open Ended Schemes,Equity Scheme - Small Cap Fund,10-03-2016,31.07790
125497,SBI Small Cap Fund - Direct Plan - Growth,SBI Mutual Fund,Open Ended Schemes,Equity Scheme - Small Cap Fund,09-03-2016,31.09970
125497,SBI Small Cap Fund - Direct Plan - Growth,SBI Mutual Fund,Open Ended Schemes,Equity Scheme - Small Cap Fund,08-03-2016,31.05750
125497,SBI Small Cap Fund - Direct Plan - Growth,SBI Mutual Fund,Open Ended Schemes,Equity Scheme - Small Cap Fund,04-03-2016,31.11400
125497,SBI Small Cap Fund - Direct Plan - Growth,SBI Mutual Fund,Open Ended Schemes,Equity Scheme - Small Cap Fund,03-03-2016,31.10970
125497,SBI Small Cap Fund - Direct Plan - Growth,SBI Mutual Fund,Open Ended Schemes,Equity Scheme - Small Cap Fund,02-03-2016,30.96070
125497,SBI Small Cap Fund - Direct Plan - Growth,SBI Mutual Fund,Open Ended Schemes,Equity Scheme - Small Cap Fund,01-03-2016,30.52870
125497,SBI Small Cap Fund - Direct Plan - Growth,SBI Mutual Fund,Open Ended Schemes,Equity Scheme - Small Cap Fund,29-02-2016,29.76350
125497,SBI Small Cap Fund - Direct Plan - Growth,SBI Mutual Fund,Open Ended Schemes,Equity Scheme - Small Cap Fund,26-02-2016,29.94060
125497,SBI Small Cap Fund - Direct Plan - Growth,SBI Mutual Fund,Open Ended Schemes,Equity Scheme - Small Cap Fund,25-02-2016,30.24000
125497,SBI Small Cap Fund - Direct Plan - Growth,SBI Mutual Fund,Open Ended Schemes,Equity Scheme - Small Cap Fund,24-02-2016,30.26500
125497,SBI Small Cap Fund - Direct Plan - Growth,SBI Mutual Fund,Open Ended Schemes,Equity Scheme - Small Cap Fund,23-02-2016,30.68360
125497,SBI Small Cap Fund - Direct Plan - Growth,SBI Mutual Fund,Open Ended Schemes,Equity Scheme - Small Cap Fund,22-02-2016,31.01600
125497,SBI Small Cap Fund - Direct Plan - Growth,SBI Mutual Fund,Open Ended Schemes,Equity Scheme - Small Cap Fund,19-02-2016,31.10020
125497,SBI Small Cap Fund - Direct Plan - Growth,SBI Mutual Fund,Open Ended Schemes,Equity Scheme - Small Cap Fund,18-02-2016,31.07550
125497,SBI Small Cap Fund - Direct Plan - Growth,SBI Mutual Fund,Open Ended Schemes,Equity Scheme - Small Cap Fund,17-02-2016,30.70270
125497,SBI Small Cap Fund - Direct Plan - Growth,SBI Mutual Fund,Open Ended Schemes,Equity Scheme - Small Cap Fund,16-02-2016,30.42160
125497,SBI Small Cap Fund - Direct Plan - Growth,SBI Mutual Fund,Open Ended Schemes,Equity Scheme - Small Cap Fund,15-02-2016,31.05170
125497,SBI Small Cap Fund - Direct Plan - Growth,SBI Mutual Fund,Open Ended Schemes,Equity Scheme - Small Cap Fund,12-02-2016,30.17160
125497,SBI Small Cap Fund - Direct Plan - Growth,SBI Mutual Fund,Open Ended Schemes,Equity Scheme - Small Cap Fund,11-02-2016,30.48320
125497,SBI Small Cap Fund - Direct Plan - Growth,SBI Mutual Fund,Open Ended Schemes,Equity Scheme - Small Cap Fund,10-02-2016,31.64890
125497,SBI Small Cap Fund - Direct Plan - Growth,SBI Mutual Fund,Open Ended Schemes,Equity Scheme - Small Cap Fund,09-02-2016,32.05790
125497,SBI Small Cap Fund - Direct Plan - Growth,SBI Mutual Fund,Open Ended Schemes,Equity Scheme - Small Cap Fund,08-02-2016,32.14410
125497,SBI Small Cap Fund - Direct Plan - Growth,SBI Mutual Fund,Open Ended Schemes,Equity Scheme - Small Cap Fund,05-02-2016,32.18700
125497,SBI Small Cap Fund - Direct Plan - Growth,SBI Mutual Fund,Open Ended Schemes,Equity Scheme - Small Cap Fund,04-02-2016,32.01130
125497,SBI Small Cap Fund - Direct Plan - Growth,SBI Mutual Fund,Open Ended Schemes,Equity Scheme - Small Cap Fund,03-02-2016,32.15050
125497,SBI Small Cap Fund - Direct Plan - Growth,SBI Mutual Fund,Open Ended Schemes,Equity Scheme - Small Cap Fund,02-02-2016,32.57900
125497,SBI Small Cap Fund - Direct Plan - Growth,SBI Mutual Fund,Open Ended Schemes,Equity Scheme - Small Cap Fund,01-02-2016,32.68270
125497,SBI Small Cap Fund - Direct Plan - Growth,SBI Mutual Fund,Open Ended Schemes,Equity Scheme - Small Cap Fund,29-01-2016,32.50660
125497,SBI Small Cap Fund - Direct Plan - Growth,SBI Mutual Fund,Open Ended Schemes,Equity Scheme - Small Cap Fund,28-01-2016,32.38490
125497,SBI Small Cap Fund - Direct Plan - Growth,SBI Mutual Fund,Open Ended Schemes,Equity Scheme - Small Cap Fund,27-01-2016,32.37670
125497,SBI Small Cap Fund - Direct Plan - Growth,SBI Mutual Fund,Open Ended Schemes,Equity Scheme - Small Cap Fund,25-01-2016,32.34290
125497,SBI Small Cap Fund - Direct Plan - Growth,SBI Mutual Fund,Open Ended Schemes,Equity Scheme - Small Cap Fund,22-01-2016,32.17950
125497,SBI Small Cap Fund - Direct Plan - Growth,SBI Mutual Fund,Open Ended Schemes,Equity Scheme - Small Cap Fund,21-01-2016,31.41280
125497,SBI Small Cap Fund - Direct Plan - Growth,SBI Mutual Fund,Open Ended Schemes,Equity Scheme - Small Cap Fund,20-01-2016,31.36990
125497,SBI Small Cap Fund - Direct Plan - Growth,SBI Mutual Fund,Open Ended Schemes,Equity Scheme - Small Cap Fund,19-01-2016,31.94170
125497,SBI Small Cap Fund - Direct Plan - Growth,SBI Mutual Fund,Open Ended Schemes,Equity Scheme - Small Cap Fund,18-01-2016,31.67020
125497,SBI Small Cap Fund - Direct Plan - Growth,SBI Mutual Fund,Open Ended Schemes,Equity Scheme - Small Cap Fund,15-01-2016,32.83790
125497,SBI Small Cap Fund - Direct Plan - Growth,SBI Mutual Fund,Open Ended Schemes,Equity Scheme - Small Cap Fund,14-01-2016,33.63420
125497,SBI Small Cap Fund - Direct Plan - Growth,SBI Mutual Fund,Open Ended Schemes,Equity Scheme - Small Cap Fund,13-01-2016,33.91980
125497,SBI Small Cap Fund - Direct Plan - Growth,SBI Mutual Fund,Open Ended Schemes,Equity Scheme - Small Cap Fund,12-01-2016,34.51430
125497,SBI Small Cap Fund - Direct Plan - Growth,SBI Mutual Fund,Open Ended Schemes,Equity Scheme - Small Cap Fund,11-01-2016,35.11810
125497,SBI Small Cap Fund - Direct Plan - Growth,SBI Mutual Fund,Open Ended Schemes,Equity Scheme - Small Cap Fund,08-01-2016,35.15480
125497,SBI Small Cap Fund - Direct Plan - Growth,SBI Mutual Fund,Open Ended Schemes,Equity Scheme - Small Cap Fund,07-01-2016,34.60330
125497,SBI Small Cap Fund - Direct Plan - Growth,SBI Mutual Fund,Open Ended Schemes,Equity Scheme - Small Cap Fund,06-01-2016,35.57220
125497,SBI Small Cap Fund - Direct Plan - Growth,SBI Mutual Fund,Open Ended Schemes,Equity Scheme - Small Cap Fund,05-01-2016,35.95440
125497,SBI Small Cap Fund - Direct Plan - Growth,SBI Mutual Fund,Open Ended Schemes,Equity Scheme - Small Cap Fund,04-01-2016,35.74240
125497,SBI Small Cap Fund - Direct Plan - Growth,SBI Mutual Fund,Open Ended Schemes,Equity Scheme - Small Cap Fund,01-01-2016,36.03910
125497,SBI Small Cap Fund - Direct Plan - Growth,SBI Mutual Fund,Open Ended Schemes,Equity Scheme - Small Cap Fund,31-12-2015,35.71920
125497,SBI Small Cap Fund - Direct Plan - Growth,SBI Mutual Fund,Open Ended Schemes,Equity Scheme - Small Cap Fund,30-12-2015,35.41890
125497,SBI Small Cap Fund - Direct Plan - Growth,SBI Mutual Fund,Open Ended Schemes,Equity Scheme - Small Cap Fund,29-12-2015,35.12310
125497,SBI Small Cap Fund - Direct Plan - Growth,SBI Mutual Fund,Open Ended Schemes,Equity Scheme - Small Cap Fund,28-12-2015,34.96750
125497,SBI Small Cap Fund - Direct Plan - Growth,SBI Mutual Fund,Open Ended Schemes,Equity Scheme - Small Cap Fund,24-12-2015,34.69240
125497,SBI Small Cap Fund - Direct Plan - Growth,SBI Mutual Fund,Open Ended Schemes,Equity Scheme - Small Cap Fund,23-12-2015,34.46280
125497,SBI Small Cap Fund - Direct Plan - Growth,SBI Mutual Fund,Open Ended Schemes,Equity Scheme - Small Cap Fund,22-12-2015,34.21950
125497,SBI Small Cap Fund - Direct Plan - Growth,SBI Mutual Fund,Open Ended Schemes,Equity Scheme - Small Cap Fund,21-12-2015,34.16700
125497,SBI Small Cap Fund - Direct Plan - Growth,SBI Mutual Fund,Open Ended Schemes,Equity Scheme - Small Cap Fund,18-12-2015,33.93210
125497,SBI Small Cap Fund - Direct Plan - Growth,SBI Mutual Fund,Open Ended Schemes,Equity Scheme - Small Cap Fund,17-12-2015,34.04630
125497,SBI Small Cap Fund - Direct Plan - Growth,SBI Mutual Fund,Open Ended Schemes,Equity Scheme - Small Cap Fund,16-12-2015,33.39130
125497,SBI Small Cap Fund - Direct Plan - Growth,SBI Mutual Fund,Open Ended Schemes,Equity Scheme - Small Cap Fund,15-12-2015,33.39620
125497,SBI Small Cap Fund - Direct Plan - Growth,SBI Mutual Fund,Open Ended Schemes,Equity Scheme - Small Cap Fund,14-12-2015,33.09790
125497,SBI Small Cap Fund - Direct Plan - Growth,SBI Mutual Fund,Open Ended Schemes,Equity Scheme - Small Cap Fund,11-12-2015,33.06820
125497,SBI Small Cap Fund - Direct Plan - Growth,SBI Mutual Fund,Open Ended Schemes,Equity Scheme - Small Cap Fund,10-12-2015,33.24740
125497,SBI Small Cap Fund - Direct Plan - Growth,SBI Mutual Fund,Open Ended Schemes,Equity Scheme - Small Cap Fund,09-12-2015,32.87100
125497,SBI Small Cap Fund - Direct Plan - Growth,SBI Mutual Fund,Open Ended Schemes,Equity Scheme - Small Cap Fund,08-12-2015,33.29440
125497,SBI Small Cap Fund - Direct Plan - Growth,SBI Mutual Fund,Open Ended Schemes,Equity Scheme - Small Cap Fund,07-12-2015,33.66030
125497,SBI Small Cap Fund - Direct Plan - Growth,SBI Mutual Fund,Open Ended Schemes,Equity Scheme - Small Cap Fund,04-12-2015,33.69400
125497,SBI Small Cap Fund - Direct Plan - Growth,SBI Mutual Fund,Open Ended Schemes,Equity Scheme - Small Cap Fund,03-12-2015,33.79750
125497,SBI Small Cap Fund - Direct Plan - Growth,SBI Mutual Fund,Open Ended Schemes,Equity Scheme - Small Cap Fund,02-12-2015,33.83270
125497,SBI Small Cap Fund - Direct Plan - Growth,SBI Mutual Fund,Open Ended Schemes,Equity Scheme - Small Cap Fund,01-12-2015,33.51860
125497,SBI Small Cap Fund - Direct Plan - Growth,SBI Mutual Fund,Open Ended Schemes,Equity Scheme - Small Cap Fund,30-11-2015,33.51970
125497,SBI Small Cap Fund - Direct Plan - Growth,SBI Mutual Fund,Open Ended Schemes,Equity Scheme - Small Cap Fund,27-11-2015,33.55680
125497,SBI Small Cap Fund - Direct Plan - Growth,SBI Mutual Fund,Open Ended Schemes,Equity Scheme - Small Cap Fund,26-11-2015,33.42750
125497,SBI Small Cap Fund - Direct Plan - Growth,SBI Mutual Fund,Open Ended Schemes,Equity Scheme - Small Cap Fund,24-11-2015,33.49780
125497,SBI Small Cap Fund - Direct Plan - Growth,SBI Mutual Fund,Open Ended Schemes,Equity Scheme - Small Cap Fund,23-11-2015,33.63070
125497,SBI Small Cap Fund - Direct Plan - Growth,SBI Mutual Fund,Open Ended Schemes,Equity Scheme - Small Cap Fund,20-11-2015,33.48420
125497,SBI Small Cap Fund - Direct Plan - Growth,SBI Mutual Fund,Open Ended Schemes,Equity Scheme - Small Cap Fund,19-11-2015,33.26480
125497,SBI Small Cap Fund - Direct Plan - Growth,SBI Mutual Fund,Open Ended Schemes,Equity Scheme - Small Cap Fund,18-11-2015,32.78620
125497,SBI Small Cap Fund - Direct Plan - Growth,SBI Mutual Fund,Open Ended Schemes,Equity Scheme - Small Cap Fund,17-11-2015,33.14200
125497,SBI Small Cap Fund - Direct Plan - Growth,SBI Mutual Fund,Open Ended Schemes,Equity Scheme - Small Cap Fund,16-11-2015,32.83990
125497,SBI Small Cap Fund - Direct Plan - Growth,SBI Mutual Fund,Open Ended Schemes,Equity Scheme - Small Cap Fund,13-11-2015,32.89940
125497,SBI Small Cap Fund - Direct Plan - Growth,SBI Mutual Fund,Open Ended Schemes,Equity Scheme - Small Cap Fund,10-11-2015,32.87830
125497,SBI Small Cap Fund - Direct Plan - Growth,SBI Mutual Fund,Open Ended Schemes,Equity Scheme - Small Cap Fund,09-11-2015,33.08260
125497,SBI Small Cap Fund - Direct Plan - Growth,SBI Mutual Fund,Open Ended Schemes,Equity Scheme - Small Cap Fund,06-11-2015,32.68370
125497,SBI Small Cap Fund - Direct Plan - Growth,SBI Mutual Fund,Open Ended Schemes,Equity Scheme - Small Cap Fund,05-11-2015,32.93800
125497,SBI Small Cap Fund - Direct Plan - Growth,SBI Mutual Fund,Open Ended Schemes,Equity Scheme - Small Cap Fund,04-11-2015,33.26050
125497,SBI Small Cap Fund - Direct Plan - Growth,SBI Mutual Fund,Open Ended Schemes,Equity Scheme - Small Cap Fund,03-11-2015,33.32800
125497,SBI Small Cap Fund - Direct Plan - Growth,SBI Mutual Fund,Open Ended Schemes,Equity Scheme - Small Cap Fund,02-11-2015,32.94900
125497,SBI Small Cap Fund - Direct Plan - Growth,SBI Mutual Fund,Open Ended Schemes,Equity Scheme - Small Cap Fund,30-10-2015,33.18140
125497,SBI Small Cap Fund - Direct Plan - Growth,SBI Mutual Fund,Open Ended Schemes,Equity Scheme - Small Cap Fund,29-10-2015,33.23730
125497,SBI Small Cap Fund - Direct Plan - Growth,SBI Mutual Fund,Open Ended Schemes,Equity Scheme - Small Cap Fund,28-10-2015,33.33720
125497,SBI Small Cap Fund - Direct Plan - Growth,SBI Mutual Fund,Open Ended Schemes,Equity Scheme - Small Cap Fund,27-10-2015,33.40530
125497,SBI Small Cap Fund - Direct Plan - Growth,SBI Mutual Fund,Open Ended Schemes,Equity Scheme - Small Cap Fund,26-10-2015,33.26410
125497,SBI Small Cap Fund - Direct Plan - Growth,SBI Mutual Fund,Open Ended Schemes,Equity Scheme - Small Cap Fund,23-10-2015,33.52740
125497,SBI Small Cap Fund - Direct Plan - Growth,SBI Mutual Fund,Open Ended Schemes,Equity Scheme - Small Cap Fund,21-10-2015,33.62670
125497,SBI Small Cap Fund - Direct Plan - Growth,SBI Mutual Fund,Open Ended Schemes,Equity Scheme - Small Cap Fund,20-10-2015,33.56050
125497,SBI Small Cap Fund - Direct Plan - Growth,SBI Mutual Fund,Open Ended Schemes,Equity Scheme - Small Cap Fund,19-10-2015,33.31660
125497,SBI Small Cap Fund - Direct Plan - Growth,SBI Mutual Fund,Open Ended Schemes,Equity Scheme - Small Cap Fund,16-10-2015,33.10720
125497,SBI Small Cap Fund - Direct Plan - Growth,SBI Mutual Fund,Open Ended Schemes,Equity Scheme - Small Cap Fund,15-10-2015,33.07440
125497,SBI Small Cap Fund - Direct Plan - Growth,SBI Mutual Fund,Open Ended Schemes,Equity Scheme - Small Cap Fund,14-10-2015,32.85100
125497,SBI Small Cap Fund - Direct Plan - Growth,SBI Mutual Fund,Open Ended Schemes,Equity Scheme - Small Cap Fund,13-10-2015,32.83690
125497,SBI Small Cap Fund - Direct Plan - Growth,SBI Mutual Fund,Open Ended Schemes,Equity Scheme - Small Cap Fund,12-10-2015,32.77410
125497,SBI Small Cap Fund - Direct Plan - Growth,SBI Mutual Fund,Open Ended Schemes,Equity Scheme - Small Cap Fund,09-10-2015,32.85090
125497,SBI Small Cap Fund - Direct Plan - Growth,SBI Mutual Fund,Open Ended Schemes,Equity Scheme - Small Cap Fund,08-10-2015,32.78700
125497,SBI Small Cap Fund - Direct Plan - Growth,SBI Mutual Fund,Open Ended Schemes,Equity Scheme - Small Cap Fund,07-10-2015,32.64580
125497,SBI Small Cap Fund - Direct Plan - Growth,SBI Mutual Fund,Open Ended Schemes,Equity Scheme - Small Cap Fund,06-10-2015,32.49710
125497,SBI Small Cap Fund - Direct Plan - Growth,SBI Mutual Fund,Open Ended Schemes,Equity Scheme - Small Cap Fund,05-10-2015,32.48910
125497,SBI Small Cap Fund - Direct Plan - Growth,SBI Mutual Fund,Open Ended Schemes,Equity Scheme - Small Cap Fund,01-10-2015,32.03030
125497,SBI Small Cap Fund - Direct Plan - Growth,SBI Mutual Fund,Open Ended Schemes,Equity Scheme - Small Cap Fund,30-09-2015,31.94490
125497,SBI Small Cap Fund - Direct Plan - Growth,SBI Mutual Fund,Open Ended Schemes,Equity Scheme - Small Cap Fund,29-09-2015,31.55250
125497,SBI Small Cap Fund - Direct Plan - Growth,SBI Mutual Fund,Open Ended Schemes,Equity Scheme - Small Cap Fund,28-09-2015,31.61270
125497,SBI Small Cap Fund - Direct Plan - Growth,SBI Mutual Fund,Open Ended Schemes,Equity Scheme - Small Cap Fund,24-09-2015,31.60040
125497,SBI Small Cap Fund - Direct Plan - Growth,SBI Mutual Fund,Open Ended Schemes,Equity Scheme - Small Cap Fund,23-09-2015,31.69560
125497,SBI Small Cap Fund - Direct Plan - Growth,SBI Mutual Fund,Open Ended Schemes,Equity Scheme - Small Cap Fund,22-09-2015,31.60140
125497,SBI Small Cap Fund - Direct Plan - Growth,SBI Mutual Fund,Open Ended Schemes,Equity Scheme - Small Cap Fund,21-09-2015,31.87950
125497,SBI Small Cap Fund - Direct Plan - Growth,SBI Mutual Fund,Open Ended Schemes,Equity Scheme - Small Cap Fund,18-09-2015,31.74350
125497,SBI Small Cap Fund - Direct Plan - Growth,SBI Mutual Fund,Open Ended Schemes,Equity Scheme - Small Cap Fund,16-09-2015,31.41220
125497,SBI Small Cap Fund - Direct Plan - Growth,SBI Mutual Fund,Open Ended Schemes,Equity Scheme - Small Cap Fund,15-09-2015,31.51740
125497,SBI Small Cap Fund - Direct Plan - Growth,SBI Mutual Fund,Open Ended Schemes,Equity Scheme - Small Cap Fund,14-09-2015,31.63800
125497,SBI Small Cap Fund - Direct Plan - Growth,SBI Mutual Fund,Open Ended Schemes,Equity Scheme - Small Cap Fund,11-09-2015,31.37470
125497,SBI Small Cap Fund - Direct Plan - Growth,SBI Mutual Fund,Open Ended Schemes,Equity Scheme - Small Cap Fund,10-09-2015,31.24590
125497,SBI Small Cap Fund - Direct Plan - Growth,SBI Mutual Fund,Open Ended Schemes,Equity Scheme - Small Cap Fund,09-09-2015,31.16850
125497,SBI Small Cap Fund - Direct Plan - Growth,SBI Mutual Fund,Open Ended Schemes,Equity Scheme - Small Cap Fund,08-09-2015,30.80880
125497,SBI Small Cap Fund - Direct Plan - Growth,SBI Mutual Fund,Open Ended Schemes,Equity Scheme - Small Cap Fund,07-09-2015,30.88240
125497,SBI Small Cap Fund - Direct Plan - Growth,SBI Mutual Fund,Open Ended Schemes,Equity Scheme - Small Cap Fund,04-09-2015,31.27910
125497,SBI Small Cap Fund - Direct Plan - Growth,SBI Mutual Fund,Open Ended Schemes,Equity Scheme - Small Cap Fund,03-09-2015,31.55720
125497,SBI Small Cap Fund - Direct Plan - Growth,SBI Mutual Fund,Open Ended Schemes,Equity Scheme - Small Cap Fund,02-09-2015,31.35710
125497,SBI Small Cap Fund - Direct Plan - Growth,SBI Mutual Fund,Open Ended Schemes,Equity Scheme - Small Cap Fund,01-09-2015,31.40280
125497,SBI Small Cap Fund - Direct Plan - Growth,SBI Mutual Fund,Open Ended Schemes,Equity Scheme - Small Cap Fund,31-08-2015,31.97570
125497,SBI Small Cap Fund - Direct Plan - Growth,SBI Mutual Fund,Open Ended Schemes,Equity Scheme - Small Cap Fund,28-08-2015,32.07680
125497,SBI Small Cap Fund - Direct Plan - Growth,SBI Mutual Fund,Open Ended Schemes,Equity Scheme - Small Cap Fund,27-08-2015,32.19930
125497,SBI Small Cap Fund - Direct Plan - Growth,SBI Mutual Fund,Open Ended Schemes,Equity Scheme - Small Cap Fund,26-08-2015,31.24560
125497,SBI Small Cap Fund - Direct Plan - Growth,SBI Mutual Fund,Open Ended Schemes,Equity Scheme - Small Cap Fund,25-08-2015,31.18130
125497,SBI Small Cap Fund - Direct Plan - Growth,SBI Mutual Fund,Open Ended Schemes,Equity Scheme - Small Cap Fund,24-08-2015,31.24260
125497,SBI Small Cap Fund - Direct Plan - Growth,SBI Mutual Fund,Open Ended Schemes,Equity Scheme - Small Cap Fund,21-08-2015,33.13770
125497,SBI Small Cap Fund - Direct Plan - Growth,SBI Mutual Fund,Open Ended Schemes,Equity Scheme - Small Cap Fund,20-08-2015,33.22210
125497,SBI Small Cap Fund - Direct Plan - Growth,SBI Mutual Fund,Open Ended Schemes,Equity Scheme - Small Cap Fund,19-08-2015,33.85430
125497,SBI Small Cap Fund - Direct Plan - Growth,SBI Mutual Fund,Open Ended Schemes,Equity Scheme - Small Cap Fund,18-08-2015,33.63830
125497,SBI Small Cap Fund - Direct Plan - Growth,SBI Mutual Fund,Open Ended Schemes,Equity Scheme - Small Cap Fund,17-08-2015,33.32630
125497,SBI Small Cap Fund - Direct Plan - Growth,SBI Mutual Fund,Open Ended Schemes,Equity Scheme - Small Cap Fund,14-08-2015,33.15470
125497,SBI Small Cap Fund - Direct Plan - Growth,SBI Mutual Fund,Open Ended Schemes,Equity Scheme - Small Cap Fund,13-08-2015,32.69310
125497,SBI Small Cap Fund - Direct Plan - Growth,SBI Mutual Fund,Open Ended Schemes,Equity Scheme - Small Cap Fund,12-08-2015,32.79840
125497,SBI Small Cap Fund - Direct Plan - Growth,SBI Mutual Fund,Open Ended Schemes,Equity Scheme - Small Cap Fund,11-08-2015,33.32910
125497,SBI Small Cap Fund - Direct Plan - Growth,SBI Mutual Fund,Open Ended Schemes,Equity Scheme - Small Cap Fund,10-08-2015,33.75750
125497,SBI Small Cap Fund - Direct Plan - Growth,SBI Mutual Fund,Open Ended Schemes,Equity Scheme - Small Cap Fund,07-08-2015,33.73080
125497,SBI Small Cap Fund - Direct Plan - Growth,SBI Mutual Fund,Open Ended Schemes,Equity Scheme - Small Cap Fund,06-08-2015,33.72450
125497,SBI Small Cap Fund - Direct Plan - Growth,SBI Mutual Fund,Open Ended Schemes,Equity Scheme - Small Cap Fund,05-08-2015,34.11800
125497,SBI Small Cap Fund - Direct Plan - Growth,SBI Mutual Fund,Open Ended Schemes,Equity Scheme - Small Cap Fund,04-08-2015,34.13170
125497,SBI Small Cap Fund - Direct Plan - Growth,SBI Mutual Fund,Open Ended Schemes,Equity Scheme - Small Cap Fund,03-08-2015,33.88400
125497,SBI Small Cap Fund - Direct Plan - Growth,SBI Mutual Fund,Open Ended Schemes,Equity Scheme - Small Cap Fund,31-07-2015,33.68610
125497,SBI Small Cap Fund - Direct Plan - Growth,SBI Mutual Fund,Open Ended Schemes,Equity Scheme - Small Cap Fund,30-07-2015,33.20220
125497,SBI Small Cap Fund - Direct Plan - Growth,SBI Mutual Fund,Open Ended Schemes,Equity Scheme - Small Cap Fund,29-07-2015,33.13650
125497,SBI Small Cap Fund - Direct Plan - Growth,SBI Mutual Fund,Open Ended Schemes,Equity Scheme - Small Cap Fund,28-07-2015,33.03270
125497,SBI Small Cap Fund - Direct Plan - Growth,SBI Mutual Fund,Open Ended Schemes,Equity Scheme - Small Cap Fund,27-07-2015,33.16250
125497,SBI Small Cap Fund - Direct Plan - Growth,SBI Mutual Fund,Open Ended Schemes,Equity Scheme - Small Cap Fund,24-07-2015,33.19760
125497,SBI Small Cap Fund - Direct Plan - Growth,SBI Mutual Fund,Open Ended Schemes,Equity Scheme - Small Cap Fund,23-07-2015,33.51740
125497,SBI Small Cap Fund - Direct Plan - Growth,SBI Mutual Fund,Open Ended Schemes,Equity Scheme - Small Cap Fund,22-07-2015,33.19680
125497,SBI Small Cap Fund - Direct Plan - Growth,SBI Mutual Fund,Open Ended Schemes,Equity Scheme - Small Cap Fund,21-07-2015,33.02640
125497,SBI Small Cap Fund - Direct Plan - Growth,SBI Mutual Fund,Open Ended Schemes,Equity Scheme - Small Cap Fund,20-07-2015,33.52030
125497,SBI Small Cap Fund - Direct Plan - Growth,SBI Mutual Fund,Open Ended Schemes,Equity Scheme - Small Cap Fund,17-07-2015,33.37240
125497,SBI Small Cap Fund - Direct Plan - Growth,SBI Mutual Fund,Open Ended Schemes,Equity Scheme - Small Cap Fund,16-07-2015,33.35700
125497,SBI Small Cap Fund - Direct Plan - Growth,SBI Mutual Fund,Open Ended Schemes,Equity Scheme - Small Cap Fund,15-07-2015,33.00810
125497,SBI Small Cap Fund - Direct Plan - Growth,SBI Mutual Fund,Open Ended Schemes,Equity Scheme - Small Cap Fund,14-07-2015,32.77850
125497,SBI Small Cap Fund - Direct Plan - Growth,SBI Mutual Fund,Open Ended Schemes,Equity Scheme - Small Cap Fund,13-07-2015,32.90100
125497,SBI Small Cap Fund - Direct Plan - Growth,SBI Mutual Fund,Open Ended Schemes,Equity Scheme - Small Cap Fund,10-07-2015,32.84670
125497,SBI Small Cap Fund - Direct Plan - Growth,SBI Mutual Fund,Open Ended Schemes,Equity Scheme - Small Cap Fund,09-07-2015,32.73450
125497,SBI Small Cap Fund - Direct Plan - Growth,SBI Mutual Fund,Open Ended Schemes,Equity Scheme - Small Cap Fund,08-07-2015,32.70310
125497,SBI Small Cap Fund - Direct Plan - Growth,SBI Mutual Fund,Open Ended Schemes,Equity Scheme - Small Cap Fund,07-07-2015,32.87750
125497,SBI Small Cap Fund - Direct Plan - Growth,SBI Mutual Fund,Open Ended Schemes,Equity Scheme - Small Cap Fund,06-07-2015,32.45650
125497,SBI Small Cap Fund - Direct Plan - Growth,SBI Mutual Fund,Open Ended Schemes,Equity Scheme - Small Cap Fund,03-07-2015,31.77340
125497,SBI Small Cap Fund - Direct Plan - Growth,SBI Mutual Fund,Open Ended Schemes,Equity Scheme - Small Cap Fund,02-07-2015,31.55810
125497,SBI Small Cap Fund - Direct Plan - Growth,SBI Mutual Fund,Open Ended Schemes,Equity Scheme - Small Cap Fund,01-07-2015,31.45030
125497,SBI Small Cap Fund - Direct Plan - Growth,SBI Mutual Fund,Open Ended Schemes,Equity Scheme - Small Cap Fund,30-06-2015,31.14560
125497,SBI Small Cap Fund - Direct Plan - Growth,SBI Mutual Fund,Open Ended Schemes,Equity Scheme - Small Cap Fund,29-06-2015,30.64790
125497,SBI Small Cap Fund - Direct Plan - Growth,SBI Mutual Fund,Open Ended Schemes,Equity Scheme - Small Cap Fund,26-06-2015,31.02940
125497,SBI Small Cap Fund - Direct Plan - Growth,SBI Mutual Fund,Open Ended Schemes,Equity Scheme - Small Cap Fund,25-06-2015,31.06070
125497,SBI Small Cap Fund - Direct Plan - Growth,SBI Mutual Fund,Open Ended Schemes,Equity Scheme - Small Cap Fund,24-06-2015,30.99980
125497,SBI Small Cap Fund - Direct Plan - Growth,SBI Mutual Fund,Open Ended Schemes,Equity Scheme - Small Cap Fund,23-06-2015,30.89370
125497,SBI Small Cap Fund - Direct Plan - Growth,SBI Mutual Fund,Open Ended Schemes,Equity Scheme - Small Cap Fund,22-06-2015,30.74910
125497,SBI Small Cap Fund - Direct Plan - Growth,SBI Mutual Fund,Open Ended Schemes,Equity Scheme - Small Cap Fund,19-06-2015,30.57010
125497,SBI Small Cap Fund - Direct Plan - Growth,SBI Mutual Fund,Open Ended Schemes,Equity Scheme - Small Cap Fund,18-06-2015,30.46890
125497,SBI Small Cap Fund - Direct Plan - Growth,SBI Mutual Fund,Open Ended Schemes,Equity Scheme - Small Cap Fund,17-06-2015,30.02020
125497,SBI Small Cap Fund - Direct Plan - Growth,SBI Mutual Fund,Open Ended Schemes,Equity Scheme - Small Cap Fund,16-06-2015,29.49700
125497,SBI Small Cap Fund - Direct Plan - Growth,SBI Mutual Fund,Open Ended Schemes,Equity Scheme - Small Cap Fund,15-06-2015,29.50410
125497,SBI Small Cap Fund - Direct Plan - Growth,SBI Mutual Fund,Open Ended Schemes,Equity Scheme - Small Cap Fund,12-06-2015,29.27460
125497,SBI Small Cap Fund - Direct Plan - Growth,SBI Mutual Fund,Open Ended Schemes,Equity Scheme - Small Cap Fund,11-06-2015,29.19220
125497,SBI Small Cap Fund - Direct Plan - Growth,SBI Mutual Fund,Open Ended Schemes,Equity Scheme - Small Cap Fund,10-06-2015,29.62280
125497,SBI Small Cap Fund - Direct Plan - Growth,SBI Mutual Fund,Open Ended Schemes,Equity Scheme - Small Cap Fund,09-06-2015,29.20030
125497,SBI Small Cap Fund - Direct Plan - Growth,SBI Mutual Fund,Open Ended Schemes,Equity Scheme - Small Cap Fund,08-06-2015,29.39790
125497,SBI Small Cap Fund - Direct Plan - Growth,SBI Mutual Fund,Open Ended Schemes,Equity Scheme - Small Cap Fund,05-06-2015,29.70330
125497,SBI Small Cap Fund - Direct Plan - Growth,SBI Mutual Fund,Open Ended Schemes,Equity Scheme - Small Cap Fund,04-06-2015,29.44090
125497,SBI Small Cap Fund - Direct Plan - Growth,SBI Mutual Fund,Open Ended Schemes,Equity Scheme - Small Cap Fund,03-06-2015,29.53730
125497,SBI Small Cap Fund - Direct Plan - Growth,SBI Mutual Fund,Open Ended Schemes,Equity Scheme - Small Cap Fund,02-06-2015,29.88510
125497,SBI Small Cap Fund - Direct Plan - Growth,SBI Mutual Fund,Open Ended Schemes,Equity Scheme - Small Cap Fund,01-06-2015,30.30290
125497,SBI Small Cap Fund - Direct Plan - Growth,SBI Mutual Fund,Open Ended Schemes,Equity Scheme - Small Cap Fund,29-05-2015,30.52610
125497,SBI Small Cap Fund - Direct Plan - Growth,SBI Mutual Fund,Open Ended Schemes,Equity Scheme - Small Cap Fund,28-05-2015,30.35660
125497,SBI Small Cap Fund - Direct Plan - Growth,SBI Mutual Fund,Open Ended Schemes,Equity Scheme - Small Cap Fund,27-05-2015,30.34060
125497,SBI Small Cap Fund - Direct Plan - Growth,SBI Mutual Fund,Open Ended Schemes,Equity Scheme - Small Cap Fund,26-05-2015,30.54930
125497,SBI Small Cap Fund - Direct Plan - Growth,SBI Mutual Fund,Open Ended Schemes,Equity Scheme - Small Cap Fund,25-05-2015,30.68100
125497,SBI Small Cap Fund - Direct Plan - Growth,SBI Mutual Fund,Open Ended Schemes,Equity Scheme - Small Cap Fund,22-05-2015,30.89540
125497,SBI Small Cap Fund - Direct Plan - Growth,SBI Mutual Fund,Open Ended Schemes,Equity Scheme - Small Cap Fund,21-05-2015,30.87160
125497,SBI Small Cap Fund - Direct Plan - Growth,SBI Mutual Fund,Open Ended Schemes,Equity Scheme - Small Cap Fund,20-05-2015,30.92950
125497,SBI Small Cap Fund - Direct Plan - Growth,SBI Mutual Fund,Open Ended Schemes,Equity Scheme - Small Cap Fund,19-05-2015,31.00880
125497,SBI Small Cap Fund - Direct Plan - Growth,SBI Mutual Fund,Open Ended Schemes,Equity Scheme - Small Cap Fund,18-05-2015,31.15860
125497,SBI Small Cap Fund - Direct Plan - Growth,SBI Mutual Fund,Open Ended Schemes,Equity Scheme - Small Cap Fund,15-05-2015,31.09650
125497,SBI Small Cap Fund - Direct Plan - Growth,SBI Mutual Fund,Open Ended Schemes,Equity Scheme - Small Cap Fund,14-05-2015,30.54630
125497,SBI Small Cap Fund - Direct Plan - Growth,SBI Mutual Fund,Open Ended Schemes,Equity Scheme - Small Cap Fund,13-05-2015,30.45110
125497,SBI Small Cap Fund - Direct Plan - Growth,SBI Mutual Fund,Open Ended Schemes,Equity Scheme - Small Cap Fund,12-05-2015,30.18220
125497,SBI Small Cap Fund - Direct Plan - Growth,SBI Mutual Fund,Open Ended Schemes,Equity Scheme - Small Cap Fund,11-05-2015,30.64520
125497,SBI Small Cap Fund - Direct Plan - Growth,SBI Mutual Fund,Open Ended Schemes,Equity Scheme - Small Cap Fund,08-05-2015,29.88400
125497,SBI Small Cap Fund - Direct Plan - Growth,SBI Mutual Fund,Open Ended Schemes,Equity Scheme - Small Cap Fund,07-05-2015,29.44680
125497,SBI Small Cap Fund - Direct Plan - Growth,SBI Mutual Fund,Open Ended Schemes,Equity Scheme - Small Cap Fund,06-05-2015,30.03120
125497,SBI Small Cap Fund - Direct Plan - Growth,SBI Mutual Fund,Open Ended Schemes,Equity Scheme - Small Cap Fund,05-05-2015,30.69320
125497,SBI Small Cap Fund - Direct Plan - Growth,SBI Mutual Fund,Open Ended Schemes,Equity Scheme - Small Cap Fund,04-05-2015,30.60680
125497,SBI Small Cap Fund - Direct Plan - Growth,SBI Mutual Fund,Open Ended Schemes,Equity Scheme - Small Cap Fund,30-04-2015,30.15250
125497,SBI Small Cap Fund - Direct Plan - Growth,SBI Mutual Fund,Open Ended Schemes,Equity Scheme - Small Cap Fund,29-04-2015,30.15210
125497,SBI Small Cap Fund - Direct Plan - Growth,SBI Mutual Fund,Open Ended Schemes,Equity Scheme - Small Cap Fund,28-04-2015,29.75290
125497,SBI Small Cap Fund - Direct Plan - Growth,SBI Mutual Fund,Open Ended Schemes,Equity Scheme - Small Cap Fund,27-04-2015,29.67400
125497,SBI Small Cap Fund - Direct Plan - Growth,SBI Mutual Fund,Open Ended Schemes,Equity Scheme - Small Cap Fund,24-04-2015,30.24160
125497,SBI Small Cap Fund - Direct Plan - Growth,SBI Mutual Fund,Open Ended Schemes,Equity Scheme - Small Cap Fund,23-04-2015,30.96620
125497,SBI Small Cap Fund - Direct Plan - Growth,SBI Mutual Fund,Open Ended Schemes,Equity Scheme - Small Cap Fund,22-04-2015,31.04680
125497,SBI Small Cap Fund - Direct Plan - Growth,SBI Mutual Fund,Open Ended Schemes,Equity Scheme - Small Cap Fund,21-04-2015,31.02670
125497,SBI Small Cap Fund - Direct Plan - Growth,SBI Mutual Fund,Open Ended Schemes,Equity Scheme - Small Cap Fund,20-04-2015,31.07960
125497,SBI Small Cap Fund - Direct Plan - Growth,SBI Mutual Fund,Open Ended Schemes,Equity Scheme - Small Cap Fund,17-04-2015,31.79800
125497,SBI Small Cap Fund - Direct Plan - Growth,SBI Mutual Fund,Open Ended Schemes,Equity Scheme - Small Cap Fund,16-04-2015,31.91680
125497,SBI Small Cap Fund - Direct Plan - Growth,SBI Mutual Fund,Open Ended Schemes,Equity Scheme - Small Cap Fund,15-04-2015,31.87260
125497,SBI Small Cap Fund - Direct Plan - Growth,SBI Mutual Fund,Open Ended Schemes,Equity Scheme - Small Cap Fund,13-04-2015,31.73640
125497,SBI Small Cap Fund - Direct Plan - Growth,SBI Mutual Fund,Open Ended Schemes,Equity Scheme - Small Cap Fund,10-04-2015,31.32920
125497,SBI Small Cap Fund - Direct Plan - Growth,SBI Mutual Fund,Open Ended Schemes,Equity Scheme - Small Cap Fund,09-04-2015,31.24330
125497,SBI Small Cap Fund - Direct Plan - Growth,SBI Mutual Fund,Open Ended Schemes,Equity Scheme - Small Cap Fund,08-04-2015,30.81060
125497,SBI Small Cap Fund - Direct Plan - Growth,SBI Mutual Fund,Open Ended Schemes,Equity Scheme - Small Cap Fund,07-04-2015,30.29530
125497,SBI Small Cap Fund - Direct Plan - Growth,SBI Mutual Fund,Open Ended Schemes,Equity Scheme - Small Cap Fund,06-04-2015,30.15840
125497,SBI Small Cap Fund - Direct Plan - Growth,SBI Mutual Fund,Open Ended Schemes,Equity Scheme - Small Cap Fund,01-04-2015,29.79490
125497,SBI Small Cap Fund - Direct Plan - Growth,SBI Mutual Fund,Open Ended Schemes,Equity Scheme - Small Cap Fund,31-03-2015,29.33470
125497,SBI Small Cap Fund - Direct Plan - Growth,SBI Mutual Fund,Open Ended Schemes,Equity Scheme - Small Cap Fund,30-03-2015,29.26270
125497,SBI Small Cap Fund - Direct Plan - Growth,SBI Mutual Fund,Open Ended Schemes,Equity Scheme - Small Cap Fund,27-03-2015,28.54730
125497,SBI Small Cap Fund - Direct Plan - Growth,SBI Mutual Fund,Open Ended Schemes,Equity Scheme - Small Cap Fund,26-03-2015,28.42670
125497,SBI Small Cap Fund - Direct Plan - Growth,SBI Mutual Fund,Open Ended Schemes,Equity Scheme - Small Cap Fund,25-03-2015,28.83660
125497,SBI Small Cap Fund - Direct Plan - Growth,SBI Mutual Fund,Open Ended Schemes,Equity Scheme - Small Cap Fund,24-03-2015,28.82950
125497,SBI Small Cap Fund - Direct Plan - Growth,SBI Mutual Fund,Open Ended Schemes,Equity Scheme - Small Cap Fund,23-03-2015,28.91100
125497,SBI Small Cap Fund - Direct Plan - Growth,SBI Mutual Fund,Open Ended Schemes,Equity Scheme - Small Cap Fund,20-03-2015,29.39200
125497,SBI Small Cap Fund - Direct Plan - Growth,SBI Mutual Fund,Open Ended Schemes,Equity Scheme - Small Cap Fund,19-03-2015,29.81920
125497,SBI Small Cap Fund - Direct Plan - Growth,SBI Mutual Fund,Open Ended Schemes,Equity Scheme - Small Cap Fund,18-03-2015,30.01430
125497,SBI Small Cap Fund - Direct Plan - Growth,SBI Mutual Fund,Open Ended Schemes,Equity Scheme - Small Cap Fund,17-03-2015,30.05790
125497,SBI Small Cap Fund - Direct Plan - Growth,SBI Mutual Fund,Open Ended Schemes,Equity Scheme - Small Cap Fund,16-03-2015,30.17900
125497,SBI Small Cap Fund - Direct Plan - Growth,SBI Mutual Fund,Open Ended Schemes,Equity Scheme - Small Cap Fund,13-03-2015,30.25990
125497,SBI Small Cap Fund - Direct Plan - Growth,SBI Mutual Fund,Open Ended Schemes,Equity Scheme - Small Cap Fund,12-03-2015,30.68600
125497,SBI Small Cap Fund - Direct Plan - Growth,SBI Mutual Fund,Open Ended Schemes,Equity Scheme - Small Cap Fund,11-03-2015,30.43750
125497,SBI Small Cap Fund - Direct Plan - Growth,SBI Mutual Fund,Open Ended Schemes,Equity Scheme - Small Cap Fund,10-03-2015,30.37250
125497,SBI Small Cap Fund - Direct Plan - Growth,SBI Mutual Fund,Open Ended Schemes,Equity Scheme - Small Cap Fund,09-03-2015,30.43170
125497,SBI Small Cap Fund - Direct Plan - Growth,SBI Mutual Fund,Open Ended Schemes,Equity Scheme - Small Cap Fund,05-03-2015,30.64280
125497,SBI Small Cap Fund - Direct Plan - Growth,SBI Mutual Fund,Open Ended Schemes,Equity Scheme - Small Cap Fund,04-03-2015,30.63490
125497,SBI Small Cap Fund - Direct Plan - Growth,SBI Mutual Fund,Open Ended Schemes,Equity Scheme - Small Cap Fund,03-03-2015,30.80450
125497,SBI Small Cap Fund - Direct Plan - Growth,SBI Mutual Fund,Open Ended Schemes,Equity Scheme - Small Cap Fund,02-03-2015,30.52160
125497,SBI Small Cap Fund - Direct Plan - Growth,SBI Mutual Fund,Open Ended Schemes,Equity Scheme - Small Cap Fund,27-02-2015,30.22620
125497,SBI Small Cap Fund - Direct Plan - Growth,SBI Mutual Fund,Open Ended Schemes,Equity Scheme - Small Cap Fund,26-02-2015,29.95070
125497,SBI Small Cap Fund - Direct Plan - Growth,SBI Mutual Fund,Open Ended Schemes,Equity Scheme - Small Cap Fund,25-02-2015,30.10890
125497,SBI Small Cap Fund - Direct Plan - Growth,SBI Mutual Fund,Open Ended Schemes,Equity Scheme - Small Cap Fund,24-02-2015,30.21750
125497,SBI Small Cap Fund - Direct Plan - Growth,SBI Mutual Fund,Open Ended Schemes,Equity Scheme - Small Cap Fund,23-02-2015,30.32220
125497,SBI Small Cap Fund - Direct Plan - Growth,SBI Mutual Fund,Open Ended Schemes,Equity Scheme - Small Cap Fund,20-02-2015,30.68690
125497,SBI Small Cap Fund - Direct Plan - Growth,SBI Mutual Fund,Open Ended Schemes,Equity Scheme - Small Cap Fund,19-02-2015,30.61780
125497,SBI Small Cap Fund - Direct Plan - Growth,SBI Mutual Fund,Open Ended Schemes,Equity Scheme - Small Cap Fund,18-02-2015,30.68680
125497,SBI Small Cap Fund - Direct Plan - Growth,SBI Mutual Fund,Open Ended Schemes,Equity Scheme - Small Cap Fund,16-02-2015,30.53440
125497,SBI Small Cap Fund - Direct Plan - Growth,SBI Mutual Fund,Open Ended Schemes,Equity Scheme - Small Cap Fund,13-02-2015,30.28440
125497,SBI Small Cap Fund - Direct Plan - Growth,SBI Mutual Fund,Open Ended Schemes,Equity Scheme - Small Cap Fund,12-02-2015,30.26110
125497,SBI Small Cap Fund - Direct Plan - Growth,SBI Mutual Fund,Open Ended Schemes,Equity Scheme - Small Cap Fund,11-02-2015,29.90830
125497,SBI Small Cap Fund - Direct Plan - Growth,SBI Mutual Fund,Open Ended Schemes,Equity Scheme - Small Cap Fund,10-02-2015,29.57820
125497,SBI Small Cap Fund - Direct Plan - Growth,SBI Mutual Fund,Open Ended Schemes,Equity Scheme - Small Cap Fund,09-02-2015,29.39700
125497,SBI Small Cap Fund - Direct Plan - Growth,SBI Mutual Fund,Open Ended Schemes,Equity Scheme - Small Cap Fund,06-02-2015,29.73770
125497,SBI Small Cap Fund - Direct Plan - Growth,SBI Mutual Fund,Open Ended Schemes,Equity Scheme - Small Cap Fund,05-02-2015,30.26140
125497,SBI Small Cap Fund - Direct Plan - Growth,SBI Mutual Fund,Open Ended Schemes,Equity Scheme - Small Cap Fund,04-02-2015,30.67310
125497,SBI Small Cap Fund - Direct Plan - Growth,SBI Mutual Fund,Open Ended Schemes,Equity Scheme - Small Cap Fund,03-02-2015,30.77450
125497,SBI Small Cap Fund - Direct Plan - Growth,SBI Mutual Fund,Open Ended Schemes,Equity Scheme - Small Cap Fund,02-02-2015,30.61450
125497,SBI Small Cap Fund - Direct Plan - Growth,SBI Mutual Fund,Open Ended Schemes,Equity Scheme - Small Cap Fund,30-01-2015,30.59360
125497,SBI Small Cap Fund - Direct Plan - Growth,SBI Mutual Fund,Open Ended Schemes,Equity Scheme - Small Cap Fund,29-01-2015,30.74970
125497,SBI Small Cap Fund - Direct Plan - Growth,SBI Mutual Fund,Open Ended Schemes,Equity Scheme - Small Cap Fund,28-01-2015,30.78980
125497,SBI Small Cap Fund - Direct Plan - Growth,SBI Mutual Fund,Open Ended Schemes,Equity Scheme - Small Cap Fund,27-01-2015,30.57240
125497,SBI Small Cap Fund - Direct Plan - Growth,SBI Mutual Fund,Open Ended Schemes,Equity Scheme - Small Cap Fund,23-01-2015,30.49270
125497,SBI Small Cap Fund - Direct Plan - Growth,SBI Mutual Fund,Open Ended Schemes,Equity Scheme - Small Cap Fund,22-01-2015,30.71230
125497,SBI Small Cap Fund - Direct Plan - Growth,SBI Mutual Fund,Open Ended Schemes,Equity Scheme - Small Cap Fund,21-01-2015,30.71400
125497,SBI Small Cap Fund - Direct Plan - Growth,SBI Mutual Fund,Open Ended Schemes,Equity Scheme - Small Cap Fund,20-01-2015,30.81840
125497,SBI Small Cap Fund - Direct Plan - Growth,SBI Mutual Fund,Open Ended Schemes,Equity Scheme - Small Cap Fund,19-01-2015,30.51720
125497,SBI Small Cap Fund - Direct Plan - Growth,SBI Mutual Fund,Open Ended Schemes,Equity Scheme - Small Cap Fund,16-01-2015,29.72930
125497,SBI Small Cap Fund - Direct Plan - Growth,SBI Mutual Fund,Open Ended Schemes,Equity Scheme - Small Cap Fund,15-01-2015,29.69910
125497,SBI Small Cap Fund - Direct Plan - Growth,SBI Mutual Fund,Open Ended Schemes,Equity Scheme - Small Cap Fund,14-01-2015,29.50280
125497,SBI Small Cap Fund - Direct Plan - Growth,SBI Mutual Fund,Open Ended Schemes,Equity Scheme - Small Cap Fund,13-01-2015,29.43880
125497,SBI Small Cap Fund - Direct Plan - Growth,SBI Mutual Fund,Open Ended Schemes,Equity Scheme - Small Cap Fund,12-01-2015,29.47130
125497,SBI Small Cap Fund - Direct Plan - Growth,SBI Mutual Fund,Open Ended Schemes,Equity Scheme - Small Cap Fund,09-01-2015,29.28340
125497,SBI Small Cap Fund - Direct Plan - Growth,SBI Mutual Fund,Open Ended Schemes,Equity Scheme - Small Cap Fund,08-01-2015,29.23250
125497,SBI Small Cap Fund - Direct Plan - Growth,SBI Mutual Fund,Open Ended Schemes,Equity Scheme - Small Cap Fund,07-01-2015,28.73450
125497,SBI Small Cap Fund - Direct Plan - Growth,SBI Mutual Fund,Open Ended Schemes,Equity Scheme - Small Cap Fund,06-01-2015,28.56600
125497,SBI Small Cap Fund - Direct Plan - Growth,SBI Mutual Fund,Open Ended Schemes,Equity Scheme - Small Cap Fund,05-01-2015,29.30310
125497,SBI Small Cap Fund - Direct Plan - Growth,SBI Mutual Fund,Open Ended Schemes,Equity Scheme - Small Cap Fund,02-01-2015,29.42530
125497,SBI Small Cap Fund - Direct Plan - Growth,SBI Mutual Fund,Open Ended Schemes,Equity Scheme - Small Cap Fund,01-01-2015,29.36710
125497,SBI Small Cap Fund - Direct Plan - Growth,SBI Mutual Fund,Open Ended Schemes,Equity Scheme - Small Cap Fund,31-12-2014,29.20840
125497,SBI Small Cap Fund - Direct Plan - Growth,SBI Mutual Fund,Open Ended Schemes,Equity Scheme - Small Cap Fund,30-12-2014,28.58760
125497,SBI Small Cap Fund - Direct Plan - Growth,SBI Mutual Fund,Open Ended Schemes,Equity Scheme - Small Cap Fund,29-12-2014,28.11630
125497,SBI Small Cap Fund - Direct Plan - Growth,SBI Mutual Fund,Open Ended Schemes,Equity Scheme - Small Cap Fund,26-12-2014,27.53860
125497,SBI Small Cap Fund - Direct Plan - Growth,SBI Mutual Fund,Open Ended Schemes,Equity Scheme - Small Cap Fund,24-12-2014,27.46950
125497,SBI Small Cap Fund - Direct Plan - Growth,SBI Mutual Fund,Open Ended Schemes,Equity Scheme - Small Cap Fund,23-12-2014,27.42620
125497,SBI Small Cap Fund - Direct Plan - Growth,SBI Mutual Fund,Open Ended Schemes,Equity Scheme - Small Cap Fund,22-12-2014,27.43900
125497,SBI Small Cap Fund - Direct Plan - Growth,SBI Mutual Fund,Open Ended Schemes,Equity Scheme - Small Cap Fund,19-12-2014,27.15560
125497,SBI Small Cap Fund - Direct Plan - Growth,SBI Mutual Fund,Open Ended Schemes,Equity Scheme - Small Cap Fund,18-12-2014,27.08530
125497,SBI Small Cap Fund - Direct Plan - Growth,SBI Mutual Fund,Open Ended Schemes,Equity Scheme - Small Cap Fund,17-12-2014,26.29360
125497,SBI Small Cap Fund - Direct Plan - Growth,SBI Mutual Fund,Open Ended Schemes,Equity Scheme - Small Cap Fund,16-12-2014,26.79100
125497,SBI Small Cap Fund - Direct Plan - Growth,SBI Mutual Fund,Open Ended Schemes,Equity Scheme - Small Cap Fund,15-12-2014,27.35270
125497,SBI Small Cap Fund - Direct Plan - Growth,SBI Mutual Fund,Open Ended Schemes,Equity Scheme - Small Cap Fund,12-12-2014,27.44340
125497,SBI Small Cap Fund - Direct Plan - Growth,SBI Mutual Fund,Open Ended Schemes,Equity Scheme - Small Cap Fund,11-12-2014,27.73900
125497,SBI Small Cap Fund - Direct Plan - Growth,SBI Mutual Fund,Open Ended Schemes,Equity Scheme - Small Cap Fund,10-12-2014,27.29010
125497,SBI Small Cap Fund - Direct Plan - Growth,SBI Mutual Fund,Open Ended Schemes,Equity Scheme - Small Cap Fund,09-12-2014,27.02660
125497,SBI Small Cap Fund - Direct Plan - Growth,SBI Mutual Fund,Open Ended Schemes,Equity Scheme - Small Cap Fund,08-12-2014,27.51530
125497,SBI Small Cap Fund - Direct Plan - Growth,SBI Mutual Fund,Open Ended Schemes,Equity Scheme - Small Cap Fund,05-12-2014,27.33590
125497,SBI Small Cap Fund - Direct Plan - Growth,SBI Mutual Fund,Open Ended Schemes,Equity Scheme - Small Cap Fund,04-12-2014,27.34200
125497,SBI Small Cap Fund - Direct Plan - Growth,SBI Mutual Fund,Open Ended Schemes,Equity Scheme - Small Cap Fund,03-12-2014,27.06970
125497,SBI Small Cap Fund - Direct Plan - Growth,SBI Mutual Fund,Open Ended Schemes,Equity Scheme - Small Cap Fund,02-12-2014,26.59280
125497,SBI Small Cap Fund - Direct Plan - Growth,SBI Mutual Fund,Open Ended Schemes,Equity Scheme - Small Cap Fund,01-12-2014,26.20930
125497,SBI Small Cap Fund - Direct Plan - Growth,SBI Mutual Fund,Open Ended Schemes,Equity Scheme - Small Cap Fund,28-11-2014,26.24020
125497,SBI Small Cap Fund - Direct Plan - Growth,SBI Mutual Fund,Open Ended Schemes,Equity Scheme - Small Cap Fund,27-11-2014,26.02160
125497,SBI Small Cap Fund - Direct Plan - Growth,SBI Mutual Fund,Open Ended Schemes,Equity Scheme - Small Cap Fund,26-11-2014,25.66180
125497,SBI Small Cap Fund - Direct Plan - Growth,SBI Mutual Fund,Open Ended Schemes,Equity Scheme - Small Cap Fund,25-11-2014,25.39110
125497,SBI Small Cap Fund - Direct Plan - Growth,SBI Mutual Fund,Open Ended Schemes,Equity Scheme - Small Cap Fund,24-11-2014,25.89600
125497,SBI Small Cap Fund - Direct Plan - Growth,SBI Mutual Fund,Open Ended Schemes,Equity Scheme - Small Cap Fund,21-11-2014,25.98910
125497,SBI Small Cap Fund - Direct Plan - Growth,SBI Mutual Fund,Open Ended Schemes,Equity Scheme - Small Cap Fund,20-11-2014,25.89230
125497,SBI Small Cap Fund - Direct Plan - Growth,SBI Mutual Fund,Open Ended Schemes,Equity Scheme - Small Cap Fund,19-11-2014,26.06410
125497,SBI Small Cap Fund - Direct Plan - Growth,SBI Mutual Fund,Open Ended Schemes,Equity Scheme - Small Cap Fund,18-11-2014,26.00280
125497,SBI Small Cap Fund - Direct Plan - Growth,SBI Mutual Fund,Open Ended Schemes,Equity Scheme - Small Cap Fund,17-11-2014,25.74000
125497,SBI Small Cap Fund - Direct Plan - Growth,SBI Mutual Fund,Open Ended Schemes,Equity Scheme - Small Cap Fund,14-11-2014,25.46940
125497,SBI Small Cap Fund - Direct Plan - Growth,SBI Mutual Fund,Open Ended Schemes,Equity Scheme - Small Cap Fund,13-11-2014,25.37320
125497,SBI Small Cap Fund - Direct Plan - Growth,SBI Mutual Fund,Open Ended Schemes,Equity Scheme - Small Cap Fund,12-11-2014,25.22550
125497,SBI Small Cap Fund - Direct Plan - Growth,SBI Mutual Fund,Open Ended Schemes,Equity Scheme - Small Cap Fund,11-11-2014,24.92000
125497,SBI Small Cap Fund - Direct Plan - Growth,SBI Mutual Fund,Open Ended Schemes,Equity Scheme - Small Cap Fund,10-11-2014,24.70950
125497,SBI Small Cap Fund - Direct Plan - Growth,SBI Mutual Fund,Open Ended Schemes,Equity Scheme - Small Cap Fund,07-11-2014,24.56700
125497,SBI Small Cap Fund - Direct Plan - Growth,SBI Mutual Fund,Open Ended Schemes,Equity Scheme - Small Cap Fund,05-11-2014,24.65930
125497,SBI Small Cap Fund - Direct Plan - Growth,SBI Mutual Fund,Open Ended Schemes,Equity Scheme - Small Cap Fund,03-11-2014,24.56470
125497,SBI Small Cap Fund - Direct Plan - Growth,SBI Mutual Fund,Open Ended Schemes,Equity Scheme - Small Cap Fund,31-10-2014,24.30310
125497,SBI Small Cap Fund - Direct Plan - Growth,SBI Mutual Fund,Open Ended Schemes,Equity Scheme - Small Cap Fund,30-10-2014,24.22670
125497,SBI Small Cap Fund - Direct Plan - Growth,SBI Mutual Fund,Open Ended Schemes,Equity Scheme - Small Cap Fund,29-10-2014,24.20920
125497,SBI Small Cap Fund - Direct Plan - Growth,SBI Mutual Fund,Open Ended Schemes,Equity Scheme - Small Cap Fund,28-10-2014,24.07750
125497,SBI Small Cap Fund - Direct Plan - Growth,SBI Mutual Fund,Open Ended Schemes,Equity Scheme - Small Cap Fund,27-10-2014,23.91150
125497,SBI Small Cap Fund - Direct Plan - Growth,SBI Mutual Fund,Open Ended Schemes,Equity Scheme - Small Cap Fund,22-10-2014,23.81850
125497,SBI Small Cap Fund - Direct Plan - Growth,SBI Mutual Fund,Open Ended Schemes,Equity Scheme - Small Cap Fund,21-10-2014,23.54000
125497,SBI Small Cap Fund - Direct Plan - Growth,SBI Mutual Fund,Open Ended Schemes,Equity Scheme - Small Cap Fund,20-10-2014,23.39130
125497,SBI Small Cap Fund - Direct Plan - Growth,SBI Mutual Fund,Open Ended Schemes,Equity Scheme - Small Cap Fund,17-10-2014,23.35190
125497,SBI Small Cap Fund - Direct Plan - Growth,SBI Mutual Fund,Open Ended Schemes,Equity Scheme - Small Cap Fund,16-10-2014,23.27630
125497,SBI Small Cap Fund - Direct Plan - Growth,SBI Mutual Fund,Open Ended Schemes,Equity Scheme - Small Cap Fund,14-10-2014,23.71470
125497,SBI Small Cap Fund - Direct Plan - Growth,SBI Mutual Fund,Open Ended Schemes,Equity Scheme - Small Cap Fund,13-10-2014,23.82320
125497,SBI Small Cap Fund - Direct Plan - Growth,SBI Mutual Fund,Open Ended Schemes,Equity Scheme - Small Cap Fund,10-10-2014,23.74070
125497,SBI Small Cap Fund - Direct Plan - Growth,SBI Mutual Fund,Open Ended Schemes,Equity Scheme - Small Cap Fund,09-10-2014,24.08140
125497,SBI Small Cap Fund - Direct Plan - Growth,SBI Mutual Fund,Open Ended Schemes,Equity Scheme - Small Cap Fund,08-10-2014,24.06090
125497,SBI Small Cap Fund - Direct Plan - Growth,SBI Mutual Fund,Open Ended Schemes,Equity Scheme - Small Cap Fund,07-10-2014,23.92340
125497,SBI Small Cap Fund - Direct Plan - Growth,SBI Mutual Fund,Open Ended Schemes,Equity Scheme - Small Cap Fund,01-10-2014,24.15970
125497,SBI Small Cap Fund - Direct Plan - Growth,SBI Mutual Fund,Open Ended Schemes,Equity Scheme - Small Cap Fund,30-09-2014,24.29820
125497,SBI Small Cap Fund - Direct Plan - Growth,SBI Mutual Fund,Open Ended Schemes,Equity Scheme - Small Cap Fund,29-09-2014,23.99320
125497,SBI Small Cap Fund - Direct Plan - Growth,SBI Mutual Fund,Open Ended Schemes,Equity Scheme - Small Cap Fund,26-09-2014,23.69120
125497,SBI Small Cap Fund - Direct Plan - Growth,SBI Mutual Fund,Open Ended Schemes,Equity Scheme - Small Cap Fund,25-09-2014,23.61130
125497,SBI Small Cap Fund - Direct Plan - Growth,SBI Mutual Fund,Open Ended Schemes,Equity Scheme - Small Cap Fund,24-09-2014,24.15310
125497,SBI Small Cap Fund - Direct Plan - Growth,SBI Mutual Fund,Open Ended Schemes,Equity Scheme - Small Cap Fund,23-09-2014,24.52350
125497,SBI Small Cap Fund - Direct Plan - Growth,SBI Mutual Fund,Open Ended Schemes,Equity Scheme - Small Cap Fund,22-09-2014,24.96880
125497,SBI Small Cap Fund - Direct Plan - Growth,SBI Mutual Fund,Open Ended Schemes,Equity Scheme - Small Cap Fund,19-09-2014,24.65370
125497,SBI Small Cap Fund - Direct Plan - Growth,SBI Mutual Fund,Open Ended Schemes,Equity Scheme - Small Cap Fund,18-09-2014,24.59740
125497,SBI Small Cap Fund - Direct Plan - Growth,SBI Mutual Fund,Open Ended Schemes,Equity Scheme - Small Cap Fund,17-09-2014,24.20510
125497,SBI Small Cap Fund - Direct Plan - Growth,SBI Mutual Fund,Open Ended Schemes,Equity Scheme - Small Cap Fund,16-09-2014,24.07160
125497,SBI Small Cap Fund - Direct Plan - Growth,SBI Mutual Fund,Open Ended Schemes,Equity Scheme - Small Cap Fund,15-09-2014,24.74890
125497,SBI Small Cap Fund - Direct Plan - Growth,SBI Mutual Fund,Open Ended Schemes,Equity Scheme - Small Cap Fund,12-09-2014,24.62480
125497,SBI Small Cap Fund - Direct Plan - Growth,SBI Mutual Fund,Open Ended Schemes,Equity Scheme - Small Cap Fund,11-09-2014,24.41000
125497,SBI Small Cap Fund - Direct Plan - Growth,SBI Mutual Fund,Open Ended Schemes,Equity Scheme - Small Cap Fund,10-09-2014,23.88620
125497,SBI Small Cap Fund - Direct Plan - Growth,SBI Mutual Fund,Open Ended Schemes,Equity Scheme - Small Cap Fund,09-09-2014,23.68530
125497,SBI Small Cap Fund - Direct Plan - Growth,SBI Mutual Fund,Open Ended Schemes,Equity Scheme - Small Cap Fund,08-09-2014,23.31000
125497,SBI Small Cap Fund - Direct Plan - Growth,SBI Mutual Fund,Open Ended Schemes,Equity Scheme - Small Cap Fund,05-09-2014,22.96240
125497,SBI Small Cap Fund - Direct Plan - Growth,SBI Mutual Fund,Open Ended Schemes,Equity Scheme - Small Cap Fund,04-09-2014,22.86610
125497,SBI Small Cap Fund - Direct Plan - Growth,SBI Mutual Fund,Open Ended Schemes,Equity Scheme - Small Cap Fund,03-09-2014,22.84200
125497,SBI Small Cap Fund - Direct Plan - Growth,SBI Mutual Fund,Open Ended Schemes,Equity Scheme - Small Cap Fund,02-09-2014,22.64760
125497,SBI Small Cap Fund - Direct Plan - Growth,SBI Mutual Fund,Open Ended Schemes,Equity Scheme - Small Cap Fund,01-09-2014,22.52920
125497,SBI Small Cap Fund - Direct Plan - Growth,SBI Mutual Fund,Open Ended Schemes,Equity Scheme - Small Cap Fund,28-08-2014,22.17090
125497,SBI Small Cap Fund - Direct Plan - Growth,SBI Mutual Fund,Open Ended Schemes,Equity Scheme - Small Cap Fund,27-08-2014,22.07520
125497,SBI Small Cap Fund - Direct Plan - Growth,SBI Mutual Fund,Open Ended Schemes,Equity Scheme - Small Cap Fund,26-08-2014,21.66810
125497,SBI Small Cap Fund - Direct Plan - Growth,SBI Mutual Fund,Open Ended Schemes,Equity Scheme - Small Cap Fund,25-08-2014,21.72990
125497,SBI Small Cap Fund - Direct Plan - Growth,SBI Mutual Fund,Open Ended Schemes,Equity Scheme - Small Cap Fund,22-08-2014,21.89800
125497,SBI Small Cap Fund - Direct Plan - Growth,SBI Mutual Fund,Open Ended Schemes,Equity Scheme - Small Cap Fund,21-08-2014,21.81250
125497,SBI Small Cap Fund - Direct Plan - Growth,SBI Mutual Fund,Open Ended Schemes,Equity Scheme - Small Cap Fund,20-08-2014,21.50990
125497,SBI Small Cap Fund - Direct Plan - Growth,SBI Mutual Fund,Open Ended Schemes,Equity Scheme - Small Cap Fund,19-08-2014,21.19640
125497,SBI Small Cap Fund - Direct Plan - Growth,SBI Mutual Fund,Open Ended Schemes,Equity Scheme - Small Cap Fund,18-08-2014,20.94370
125497,SBI Small Cap Fund - Direct Plan - Growth,SBI Mutual Fund,Open Ended Schemes,Equity Scheme - Small Cap Fund,14-08-2014,20.62680
125497,SBI Small Cap Fund - Direct Plan - Growth,SBI Mutual Fund,Open Ended Schemes,Equity Scheme - Small Cap Fund,13-08-2014,20.42270
125497,SBI Small Cap Fund - Direct Plan - Growth,SBI Mutual Fund,Open Ended Schemes,Equity Scheme - Small Cap Fund,12-08-2014,20.95230
125497,SBI Small Cap Fund - Direct Plan - Growth,SBI Mutual Fund,Open Ended Schemes,Equity Scheme - Small Cap Fund,11-08-2014,21.02940
125497,SBI Small Cap Fund - Direct Plan - Growth,SBI Mutual Fund,Open Ended Schemes,Equity Scheme - Small Cap Fund,08-08-2014,20.90510
125497,SBI Small Cap Fund - Direct Plan - Growth,SBI Mutual Fund,Open Ended Schemes,Equity Scheme - Small Cap Fund,07-08-2014,21.13660
125497,SBI Small Cap Fund - Direct Plan - Growth,SBI Mutual Fund,Open Ended Schemes,Equity Scheme - Small Cap Fund,06-08-2014,21.20680
125497,SBI Small Cap Fund - Direct Plan - Growth,SBI Mutual Fund,Open Ended Schemes,Equity Scheme - Small Cap Fund,05-08-2014,21.17920
125497,SBI Small Cap Fund - Direct Plan - Growth,SBI Mutual Fund,Open Ended Schemes,Equity Scheme - Small Cap Fund,04-08-2014,21.14230
125497,SBI Small Cap Fund - Direct Plan - Growth,SBI Mutual Fund,Open Ended Schemes,Equity Scheme - Small Cap Fund,01-08-2014,20.82740
125497,SBI Small Cap Fund - Direct Plan - Growth,SBI Mutual Fund,Open Ended Schemes,Equity Scheme - Small Cap Fund,31-07-2014,21.06520
125497,SBI Small Cap Fund - Direct Plan - Growth,SBI Mutual Fund,Open Ended Schemes,Equity Scheme - Small Cap Fund,30-07-2014,21.04910
125497,SBI Small Cap Fund - Direct Plan - Growth,SBI Mutual Fund,Open Ended Schemes,Equity Scheme - Small Cap Fund,28-07-2014,21.12460
125497,SBI Small Cap Fund - Direct Plan - Growth,SBI Mutual Fund,Open Ended Schemes,Equity Scheme - Small Cap Fund,25-07-2014,21.14890
125497,SBI Small Cap Fund - Direct Plan - Growth,SBI Mutual Fund,Open Ended Schemes,Equity Scheme - Small Cap Fund,24-07-2014,21.32160
125497,SBI Small Cap Fund - Direct Plan - Growth,SBI Mutual Fund,Open Ended Schemes,Equity Scheme - Small Cap Fund,23-07-2014,21.24000
125497,SBI Small Cap Fund - Direct Plan - Growth,SBI Mutual Fund,Open Ended Schemes,Equity Scheme - Small Cap Fund,22-07-2014,21.36300
125497,SBI Small Cap Fund - Direct Plan - Growth,SBI Mutual Fund,Open Ended Schemes,Equity Scheme - Small Cap Fund,21-07-2014,21.28000
125497,SBI Small Cap Fund - Direct Plan - Growth,SBI Mutual Fund,Open Ended Schemes,Equity Scheme - Small Cap Fund,18-07-2014,20.83160
125497,SBI Small Cap Fund - Direct Plan - Growth,SBI Mutual Fund,Open Ended Schemes,Equity Scheme - Small Cap Fund,17-07-2014,20.89950
125497,SBI Small Cap Fund - Direct Plan - Growth,SBI Mutual Fund,Open Ended Schemes,Equity Scheme - Small Cap Fund,16-07-2014,20.42480
125497,SBI Small Cap Fund - Direct Plan - Growth,SBI Mutual Fund,Open Ended Schemes,Equity Scheme - Small Cap Fund,15-07-2014,19.98540
125497,SBI Small Cap Fund - Direct Plan - Growth,SBI Mutual Fund,Open Ended Schemes,Equity Scheme - Small Cap Fund,14-07-2014,19.77980
125497,SBI Small Cap Fund - Direct Plan - Growth,SBI Mutual Fund,Open Ended Schemes,Equity Scheme - Small Cap Fund,11-07-2014,19.83920
125497,SBI Small Cap Fund - Direct Plan - Growth,SBI Mutual Fund,Open Ended Schemes,Equity Scheme - Small Cap Fund,10-07-2014,20.18810
125497,SBI Small Cap Fund - Direct Plan - Growth,SBI Mutual Fund,Open Ended Schemes,Equity Scheme - Small Cap Fund,09-07-2014,20.15670
125497,SBI Small Cap Fund - Direct Plan - Growth,SBI Mutual Fund,Open Ended Schemes,Equity Scheme - Small Cap Fund,08-07-2014,20.45150
125497,SBI Small Cap Fund - Direct Plan - Growth,SBI Mutual Fund,Open Ended Schemes,Equity Scheme - Small Cap Fund,07-07-2014,20.98740
125497,SBI Small Cap Fund - Direct Plan - Growth,SBI Mutual Fund,Open Ended Schemes,Equity Scheme - Small Cap Fund,04-07-2014,20.78870
125497,SBI Small Cap Fund - Direct Plan - Growth,SBI Mutual Fund,Open Ended Schemes,Equity Scheme - Small Cap Fund,03-07-2014,20.53900
125497,SBI Small Cap Fund - Direct Plan - Growth,SBI Mutual Fund,Open Ended Schemes,Equity Scheme - Small Cap Fund,02-07-2014,20.39940
125497,SBI Small Cap Fund - Direct Plan - Growth,SBI Mutual Fund,Open Ended Schemes,Equity Scheme - Small Cap Fund,01-07-2014,20.22370
125497,SBI Small Cap Fund - Direct Plan - Growth,SBI Mutual Fund,Open Ended Schemes,Equity Scheme - Small Cap Fund,30-06-2014,20.07050
125497,SBI Small Cap Fund - Direct Plan - Growth,SBI Mutual Fund,Open Ended Schemes,Equity Scheme - Small Cap Fund,27-06-2014,19.66900
125497,SBI Small Cap Fund - Direct Plan - Growth,SBI Mutual Fund,Open Ended Schemes,Equity Scheme - Small Cap Fund,26-06-2014,19.51890
125497,SBI Small Cap Fund - Direct Plan - Growth,SBI Mutual Fund,Open Ended Schemes,Equity Scheme - Small Cap Fund,25-06-2014,19.30560
125497,SBI Small Cap Fund - Direct Plan - Growth,SBI Mutual Fund,Open Ended Schemes,Equity Scheme - Small Cap Fund,24-06-2014,19.19910
125497,SBI Small Cap Fund - Direct Plan - Growth,SBI Mutual Fund,Open Ended Schemes,Equity Scheme - Small Cap Fund,23-06-2014,19.11470
125497,SBI Small Cap Fund - Direct Plan - Growth,SBI Mutual Fund,Open Ended Schemes,Equity Scheme - Small Cap Fund,20-06-2014,19.17020
125497,SBI Small Cap Fund - Direct Plan - Growth,SBI Mutual Fund,Open Ended Schemes,Equity Scheme - Small Cap Fund,19-06-2014,19.15410
125497,SBI Small Cap Fund - Direct Plan - Growth,SBI Mutual Fund,Open Ended Schemes,Equity Scheme - Small Cap Fund,18-06-2014,19.21670
125497,SBI Small Cap Fund - Direct Plan - Growth,SBI Mutual Fund,Open Ended Schemes,Equity Scheme - Small Cap Fund,17-06-2014,19.00150
125497,SBI Small Cap Fund - Direct Plan - Growth,SBI Mutual Fund,Open Ended Schemes,Equity Scheme - Small Cap Fund,16-06-2014,18.71740
125497,SBI Small Cap Fund - Direct Plan - Growth,SBI Mutual Fund,Open Ended Schemes,Equity Scheme - Small Cap Fund,13-06-2014,18.75450
125497,SBI Small Cap Fund - Direct Plan - Growth,SBI Mutual Fund,Open Ended Schemes,Equity Scheme - Small Cap Fund,12-06-2014,18.92650
125497,SBI Small Cap Fund - Direct Plan - Growth,SBI Mutual Fund,Open Ended Schemes,Equity Scheme - Small Cap Fund,11-06-2014,18.75360
125497,SBI Small Cap Fund - Direct Plan - Growth,SBI Mutual Fund,Open Ended Schemes,Equity Scheme - Small Cap Fund,10-06-2014,18.96110
125497,SBI Small Cap Fund - Direct Plan - Growth,SBI Mutual Fund,Open Ended Schemes,Equity Scheme - Small Cap Fund,09-06-2014,18.80950
125497,SBI Small Cap Fund - Direct Plan - Growth,SBI Mutual Fund,Open Ended Schemes,Equity Scheme - Small Cap Fund,06-06-2014,18.53950
125497,SBI Small Cap Fund - Direct Plan - Growth,SBI Mutual Fund,Open Ended Schemes,Equity Scheme - Small Cap Fund,05-06-2014,18.26380
125497,SBI Small Cap Fund - Direct Plan - Growth,SBI Mutual Fund,Open Ended Schemes,Equity Scheme - Small Cap Fund,04-06-2014,18.04060
125497,SBI Small Cap Fund - Direct Plan - Growth,SBI Mutual Fund,Open Ended Schemes,Equity Scheme - Small Cap Fund,03-06-2014,17.72810
125497,SBI Small Cap Fund - Direct Plan - Growth,SBI Mutual Fund,Open Ended Schemes,Equity Scheme - Small Cap Fund,02-06-2014,17.72840
125497,SBI Small Cap Fund - Direct Plan - Growth,SBI Mutual Fund,Open Ended Schemes,Equity Scheme - Small Cap Fund,30-05-2014,17.59990
125497,SBI Small Cap Fund - Direct Plan - Growth,SBI Mutual Fund,Open Ended Schemes,Equity Scheme - Small Cap Fund,29-05-2014,17.64110
125497,SBI Small Cap Fund - Direct Plan - Growth,SBI Mutual Fund,Open Ended Schemes,Equity Scheme - Small Cap Fund,28-05-2014,17.70140
125497,SBI Small Cap Fund - Direct Plan - Growth,SBI Mutual Fund,Open Ended Schemes,Equity Scheme - Small Cap Fund,27-05-2014,17.42440
125497,SBI Small Cap Fund - Direct Plan - Growth,SBI Mutual Fund,Open Ended Schemes,Equity Scheme - Small Cap Fund,26-05-2014,17.27220
125497,SBI Small Cap Fund - Direct Plan - Growth,SBI Mutual Fund,Open Ended Schemes,Equity Scheme - Small Cap Fund,23-05-2014,17.57990
125497,SBI Small Cap Fund - Direct Plan - Growth,SBI Mutual Fund,Open Ended Schemes,Equity Scheme - Small Cap Fund,22-05-2014,17.63360
125497,SBI Small Cap Fund - Direct Plan - Growth,SBI Mutual Fund,Open Ended Schemes,Equity Scheme - Small Cap Fund,21-05-2014,17.36180
125497,SBI Small Cap Fund - Direct Plan - Growth,SBI Mutual Fund,Open Ended Schemes,Equity Scheme - Small Cap Fund,20-05-2014,17.07560
125497,SBI Small Cap Fund - Direct Plan - Growth,SBI Mutual Fund,Open Ended Schemes,Equity Scheme - Small Cap Fund,19-05-2014,16.63750
125497,SBI Small Cap Fund - Direct Plan - Growth,SBI Mutual Fund,Open Ended Schemes,Equity Scheme - Small Cap Fund,16-05-2014,16.33540
125497,SBI Small Cap Fund - Direct Plan - Growth,SBI Mutual Fund,Open Ended Schemes,Equity Scheme - Small Cap Fund,15-05-2014,16.27420
125497,SBI Small Cap Fund - Direct Plan - Growth,SBI Mutual Fund,Open Ended Schemes,Equity Scheme - Small Cap Fund,14-05-2014,16.38680
125497,SBI Small Cap Fund - Direct Plan - Growth,SBI Mutual Fund,Open Ended Schemes,Equity Scheme - Small Cap Fund,13-05-2014,16.31800
125497,SBI Small Cap Fund - Direct Plan - Growth,SBI Mutual Fund,Open Ended Schemes,Equity Scheme - Small Cap Fund,12-05-2014,16.23600
125497,SBI Small Cap Fund - Direct Plan - Growth,SBI Mutual Fund,Open Ended Schemes,Equity Scheme - Small Cap Fund,09-05-2014,16.26650
125497,SBI Small Cap Fund - Direct Plan - Growth,SBI Mutual Fund,Open Ended Schemes,Equity Scheme - Small Cap Fund,08-05-2014,16.26010
125497,SBI Small Cap Fund - Direct Plan - Growth,SBI Mutual Fund,Open Ended Schemes,Equity Scheme - Small Cap Fund,07-05-2014,16.20310
125497,SBI Small Cap Fund - Direct Plan - Growth,SBI Mutual Fund,Open Ended Schemes,Equity Scheme - Small Cap Fund,06-05-2014,16.20260
125497,SBI Small Cap Fund - Direct Plan - Growth,SBI Mutual Fund,Open Ended Schemes,Equity Scheme - Small Cap Fund,05-05-2014,16.14660
125497,SBI Small Cap Fund - Direct Plan - Growth,SBI Mutual Fund,Open Ended Schemes,Equity Scheme - Small Cap Fund,02-05-2014,16.17840
125497,SBI Small Cap Fund - Direct Plan - Growth,SBI Mutual Fund,Open Ended Schemes,Equity Scheme - Small Cap Fund,30-04-2014,16.19400
125497,SBI Small Cap Fund - Direct Plan - Growth,SBI Mutual Fund,Open Ended Schemes,Equity Scheme - Small Cap Fund,29-04-2014,16.42390
125497,SBI Small Cap Fund - Direct Plan - Growth,SBI Mutual Fund,Open Ended Schemes,Equity Scheme - Small Cap Fund,28-04-2014,16.38570
125497,SBI Small Cap Fund - Direct Plan - Growth,SBI Mutual Fund,Open Ended Schemes,Equity Scheme - Small Cap Fund,25-04-2014,16.27140
125497,SBI Small Cap Fund - Direct Plan - Growth,SBI Mutual Fund,Open Ended Schemes,Equity Scheme - Small Cap Fund,23-04-2014,16.23620
125497,SBI Small Cap Fund - Direct Plan - Growth,SBI Mutual Fund,Open Ended Schemes,Equity Scheme - Small Cap Fund,22-04-2014,16.19170
125497,SBI Small Cap Fund - Direct Plan - Growth,SBI Mutual Fund,Open Ended Schemes,Equity Scheme - Small Cap Fund,21-04-2014,16.06100
125497,SBI Small Cap Fund - Direct Plan - Growth,SBI Mutual Fund,Open Ended Schemes,Equity Scheme - Small Cap Fund,17-04-2014,15.96810
125497,SBI Small Cap Fund - Direct Plan - Growth,SBI Mutual Fund,Open Ended Schemes,Equity Scheme - Small Cap Fund,16-04-2014,15.83410
125497,SBI Small Cap Fund - Direct Plan - Growth,SBI Mutual Fund,Open Ended Schemes,Equity Scheme - Small Cap Fund,15-04-2014,15.95900
125497,SBI Small Cap Fund - Direct Plan - Growth,SBI Mutual Fund,Open Ended Schemes,Equity Scheme - Small Cap Fund,11-04-2014,15.88050
125497,SBI Small Cap Fund - Direct Plan - Growth,SBI Mutual Fund,Open Ended Schemes,Equity Scheme - Small Cap Fund,10-04-2014,15.78320
125497,SBI Small Cap Fund - Direct Plan - Growth,SBI Mutual Fund,Open Ended Schemes,Equity Scheme - Small Cap Fund,09-04-2014,15.77210
125497,SBI Small Cap Fund - Direct Plan - Growth,SBI Mutual Fund,Open Ended Schemes,Equity Scheme - Small Cap Fund,07-04-2014,15.72380
125497,SBI Small Cap Fund - Direct Plan - Growth,SBI Mutual Fund,Open Ended Schemes,Equity Scheme - Small Cap Fund,04-04-2014,15.65540
125497,SBI Small Cap Fund - Direct Plan - Growth,SBI Mutual Fund,Open Ended Schemes,Equity Scheme - Small Cap Fund,03-04-2014,15.50160
125497,SBI Small Cap Fund - Direct Plan - Growth,SBI Mutual Fund,Open Ended Schemes,Equity Scheme - Small Cap Fund,02-04-2014,15.52610
125497,SBI Small Cap Fund - Direct Plan - Growth,SBI Mutual Fund,Open Ended Schemes,Equity Scheme - Small Cap Fund,01-04-2014,15.32360
125497,SBI Small Cap Fund - Direct Plan - Growth,SBI Mutual Fund,Open Ended Schemes,Equity Scheme - Small Cap Fund,31-03-2014,15.27610
125497,SBI Small Cap Fund - Direct Plan - Growth,SBI Mutual Fund,Open Ended Schemes,Equity Scheme - Small Cap Fund,28-03-2014,15.16980
125497,SBI Small Cap Fund - Direct Plan - Growth,SBI Mutual Fund,Open Ended Schemes,Equity Scheme - Small Cap Fund,27-03-2014,15.01600
125497,SBI Small Cap Fund - Direct Plan - Growth,SBI Mutual Fund,Open Ended Schemes,Equity Scheme - Small Cap Fund,26-03-2014,15.01720
125497,SBI Small Cap Fund - Direct Plan - Growth,SBI Mutual Fund,Open Ended Schemes,Equity Scheme - Small Cap Fund,25-03-2014,15.01700
125497,SBI Small Cap Fund - Direct Plan - Growth,SBI Mutual Fund,Open Ended Schemes,Equity Scheme - Small Cap Fund,24-03-2014,14.98330
125497,SBI Small Cap Fund - Direct Plan - Growth,SBI Mutual Fund,Open Ended Schemes,Equity Scheme - Small Cap Fund,21-03-2014,14.93890
125497,SBI Small Cap Fund - Direct Plan - Growth,SBI Mutual Fund,Open Ended Schemes,Equity Scheme - Small Cap Fund,20-03-2014,14.80450
125497,SBI Small Cap Fund - Direct Plan - Growth,SBI Mutual Fund,Open Ended Schemes,Equity Scheme - Small Cap Fund,19-03-2014,14.71180
125497,SBI Small Cap Fund - Direct Plan - Growth,SBI Mutual Fund,Open Ended Schemes,Equity Scheme - Small Cap Fund,18-03-2014,14.79610
125497,SBI Small Cap Fund - Direct Plan - Growth,SBI Mutual Fund,Open Ended Schemes,Equity Scheme - Small Cap Fund,14-03-2014,14.65270
125497,SBI Small Cap Fund - Direct Plan - Growth,SBI Mutual Fund,Open Ended Schemes,Equity Scheme - Small Cap Fund,13-03-2014,14.71210
125497,SBI Small Cap Fund - Direct Plan - Growth,SBI Mutual Fund,Open Ended Schemes,Equity Scheme - Small Cap Fund,12-03-2014,14.71750
125497,SBI Small Cap Fund - Direct Plan - Growth,SBI Mutual Fund,Open Ended Schemes,Equity Scheme - Small Cap Fund,11-03-2014,14.64490
125497,SBI Small Cap Fund - Direct Plan - Growth,SBI Mutual Fund,Open Ended Schemes,Equity Scheme - Small Cap Fund,10-03-2014,14.55760
125497,SBI Small Cap Fund - Direct Plan - Growth,SBI Mutual Fund,Open Ended Schemes,Equity Scheme - Small Cap Fund,07-03-2014,14.52750
125497,SBI Small Cap Fund - Direct Plan - Growth,SBI Mutual Fund,Open Ended Schemes,Equity Scheme - Small Cap Fund,06-03-2014,14.66780
125497,SBI Small Cap Fund - Direct Plan - Growth,SBI Mutual Fund,Open Ended Schemes,Equity Scheme - Small Cap Fund,05-03-2014,14.54480
125497,SBI Small Cap Fund - Direct Plan - Growth,SBI Mutual Fund,Open Ended Schemes,Equity Scheme - Small Cap Fund,04-03-2014,14.41660
125497,SBI Small Cap Fund - Direct Plan - Growth,SBI Mutual Fund,Open Ended Schemes,Equity Scheme - Small Cap Fund,03-03-2014,14.27530
125497,SBI Small Cap Fund - Direct Plan - Growth,SBI Mutual Fund,Open Ended Schemes,Equity Scheme - Small Cap Fund,28-02-2014,14.21020
125497,SBI Small Cap Fund - Direct Plan - Growth,SBI Mutual Fund,Open Ended Schemes,Equity Scheme - Small Cap Fund,26-02-2014,14.17330
125497,SBI Small Cap Fund - Direct Plan - Growth,SBI Mutual Fund,Open Ended Schemes,Equity Scheme - Small Cap Fund,25-02-2014,14.27040
125497,SBI Small Cap Fund - Direct Plan - Growth,SBI Mutual Fund,Open Ended Schemes,Equity Scheme - Small Cap Fund,24-02-2014,14.19050
125497,SBI Small Cap Fund - Direct Plan - Growth,SBI Mutual Fund,Open Ended Schemes,Equity Scheme - Small Cap Fund,21-02-2014,14.03700
125497,SBI Small Cap Fund - Direct Plan - Growth,SBI Mutual Fund,Open Ended Schemes,Equity Scheme - Small Cap Fund,20-02-2014,13.89130
125497,SBI Small Cap Fund - Direct Plan - Growth,SBI Mutual Fund,Open Ended Schemes,Equity Scheme - Small Cap Fund,19-02-2014,13.80100
125497,SBI Small Cap Fund - Direct Plan - Growth,SBI Mutual Fund,Open Ended Schemes,Equity Scheme - Small Cap Fund,18-02-2014,13.68010
125497,SBI Small Cap Fund - Direct Plan - Growth,SBI Mutual Fund,Open Ended Schemes,Equity Scheme - Small Cap Fund,17-02-2014,13.64230
125497,SBI Small Cap Fund - Direct Plan - Growth,SBI Mutual Fund,Open Ended Schemes,Equity Scheme - Small Cap Fund,14-02-2014,13.59480
125497,SBI Small Cap Fund - Direct Plan - Growth,SBI Mutual Fund,Open Ended Schemes,Equity Scheme - Small Cap Fund,13-02-2014,13.67800
125497,SBI Small Cap Fund - Direct Plan - Growth,SBI Mutual Fund,Open Ended Schemes,Equity Scheme - Small Cap Fund,12-02-2014,13.68740
125497,SBI Small Cap Fund - Direct Plan - Growth,SBI Mutual Fund,Open Ended Schemes,Equity Scheme - Small Cap Fund,11-02-2014,13.69830
125497,SBI Small Cap Fund - Direct Plan - Growth,SBI Mutual Fund,Open Ended Schemes,Equity Scheme - Small Cap Fund,10-02-2014,13.74020
125497,SBI Small Cap Fund - Direct Plan - Growth,SBI Mutual Fund,Open Ended Schemes,Equity Scheme - Small Cap Fund,07-02-2014,13.55520
125497,SBI Small Cap Fund - Direct Plan - Growth,SBI Mutual Fund,Open Ended Schemes,Equity Scheme - Small Cap Fund,06-02-2014,13.58830
125497,SBI Small Cap Fund - Direct Plan - Growth,SBI Mutual Fund,Open Ended Schemes,Equity Scheme - Small Cap Fund,05-02-2014,13.54310
125497,SBI Small Cap Fund - Direct Plan - Growth,SBI Mutual Fund,Open Ended Schemes,Equity Scheme - Small Cap Fund,04-02-2014,13.47170
125497,SBI Small Cap Fund - Direct Plan - Growth,SBI Mutual Fund,Open Ended Schemes,Equity Scheme - Small Cap Fund,03-02-2014,13.49950
125497,SBI Small Cap Fund - Direct Plan - Growth,SBI Mutual Fund,Open Ended Schemes,Equity Scheme - Small Cap Fund,31-01-2014,13.60590
125497,SBI Small Cap Fund - Direct Plan - Growth,SBI Mutual Fund,Open Ended Schemes,Equity Scheme - Small Cap Fund,30-01-2014,13.46610
125497,SBI Small Cap Fund - Direct Plan - Growth,SBI Mutual Fund,Open Ended Schemes,Equity Scheme - Small Cap Fund,29-01-2014,13.49770
125497,SBI Small Cap Fund - Direct Plan - Growth,SBI Mutual Fund,Open Ended Schemes,Equity Scheme - Small Cap Fund,28-01-2014,13.56780
125497,SBI Small Cap Fund - Direct Plan - Growth,SBI Mutual Fund,Open Ended Schemes,Equity Scheme - Small Cap Fund,27-01-2014,13.68290
125497,SBI Small Cap Fund - Direct Plan - Growth,SBI Mutual Fund,Open Ended Schemes,Equity Scheme - Small Cap Fund,24-01-2014,13.86880
125497,SBI Small Cap Fund - Direct Plan - Growth,SBI Mutual Fund,Open Ended Schemes,Equity Scheme - Small Cap Fund,23-01-2014,13.95370
125497,SBI Small Cap Fund - Direct Plan - Growth,SBI Mutual Fund,Open Ended Schemes,Equity Scheme - Small Cap Fund,22-01-2014,13.93020
125497,SBI Small Cap Fund - Direct Plan - Growth,SBI Mutual Fund,Open Ended Schemes,Equity Scheme - Small Cap Fund,21-01-2014,13.86590
125497,SBI Small Cap Fund - Direct Plan - Growth,SBI Mutual Fund,Open Ended Schemes,Equity Scheme - Small Cap Fund,20-01-2014,13.81440
125497,SBI Small Cap Fund - Direct Plan - Growth,SBI Mutual Fund,Open Ended Schemes,Equity Scheme - Small Cap Fund,17-01-2014,13.78410
125497,SBI Small Cap Fund - Direct Plan - Growth,SBI Mutual Fund,Open Ended Schemes,Equity Scheme - Small Cap Fund,16-01-2014,14.00420
125497,SBI Small Cap Fund - Direct Plan - Growth,SBI Mutual Fund,Open Ended Schemes,Equity Scheme - Small Cap Fund,15-01-2014,14.02090
125497,SBI Small Cap Fund - Direct Plan - Growth,SBI Mutual Fund,Open Ended Schemes,Equity Scheme - Small Cap Fund,14-01-2014,13.82490
125497,SBI Small Cap Fund - Direct Plan - Growth,SBI Mutual Fund,Open Ended Schemes,Equity Scheme - Small Cap Fund,13-01-2014,13.79090
125497,SBI Small Cap Fund - Direct Plan - Growth,SBI Mutual Fund,Open Ended Schemes,Equity Scheme - Small Cap Fund,10-01-2014,13.81430
125497,SBI Small Cap Fund - Direct Plan - Growth,SBI Mutual Fund,Open Ended Schemes,Equity Scheme - Small Cap Fund,09-01-2014,13.86440
125497,SBI Small Cap Fund - Direct Plan - Growth,SBI Mutual Fund,Open Ended Schemes,Equity Scheme - Small Cap Fund,08-01-2014,14.00810
125497,SBI Small Cap Fund - Direct Plan - Growth,SBI Mutual Fund,Open Ended Schemes,Equity Scheme - Small Cap Fund,07-01-2014,13.92140
125497,SBI Small Cap Fund - Direct Plan - Growth,SBI Mutual Fund,Open Ended Schemes,Equity Scheme - Small Cap Fund,06-01-2014,13.85680
125497,SBI Small Cap Fund - Direct Plan - Growth,SBI Mutual Fund,Open Ended Schemes,Equity Scheme - Small Cap Fund,03-01-2014,13.84940
125497,SBI Small Cap Fund - Direct Plan - Growth,SBI Mutual Fund,Open Ended Schemes,Equity Scheme - Small Cap Fund,02-01-2014,13.75530
125497,SBI Small Cap Fund - Direct Plan - Growth,SBI Mutual Fund,Open Ended Schemes,Equity Scheme - Small Cap Fund,01-01-2014,13.74180
125497,SBI Small Cap Fund - Direct Plan - Growth,SBI Mutual Fund,Open Ended Schemes,Equity Scheme - Small Cap Fund,31-12-2013,13.72770
125497,SBI Small Cap Fund - Direct Plan - Growth,SBI Mutual Fund,Open Ended Schemes,Equity Scheme - Small Cap Fund,30-12-2013,13.58620
125497,SBI Small Cap Fund - Direct Plan - Growth,SBI Mutual Fund,Open Ended Schemes,Equity Scheme - Small Cap Fund,27-12-2013,13.50240
125497,SBI Small Cap Fund - Direct Plan - Growth,SBI Mutual Fund,Open Ended Schemes,Equity Scheme - Small Cap Fund,26-12-2013,13.48110
125497,SBI Small Cap Fund - Direct Plan - Growth,SBI Mutual Fund,Open Ended Schemes,Equity Scheme - Small Cap Fund,24-12-2013,13.26830
125497,SBI Small Cap Fund - Direct Plan - Growth,SBI Mutual Fund,Open Ended Schemes,Equity Scheme - Small Cap Fund,23-12-2013,13.18860
125497,SBI Small Cap Fund - Direct Plan - Growth,SBI Mutual Fund,Open Ended Schemes,Equity Scheme - Small Cap Fund,20-12-2013,13.17760
125497,SBI Small Cap Fund - Direct Plan - Growth,SBI Mutual Fund,Open Ended Schemes,Equity Scheme - Small Cap Fund,19-12-2013,13.13920
125497,SBI Small Cap Fund - Direct Plan - Growth,SBI Mutual Fund,Open Ended Schemes,Equity Scheme - Small Cap Fund,18-12-2013,13.06720
125497,SBI Small Cap Fund - Direct Plan - Growth,SBI Mutual Fund,Open Ended Schemes,Equity Scheme - Small Cap Fund,17-12-2013,12.95690
125497,SBI Small Cap Fund - Direct Plan - Growth,SBI Mutual Fund,Open Ended Schemes,Equity Scheme - Small Cap Fund,16-12-2013,13.03450
125497,SBI Small Cap Fund - Direct Plan - Growth,SBI Mutual Fund,Open Ended Schemes,Equity Scheme - Small Cap Fund,13-12-2013,12.98910
125497,SBI Small Cap Fund - Direct Plan - Growth,SBI Mutual Fund,Open Ended Schemes,Equity Scheme - Small Cap Fund,12-12-2013,13.00210
125497,SBI Small Cap Fund - Direct Plan - Growth,SBI Mutual Fund,Open Ended Schemes,Equity Scheme - Small Cap Fund,11-12-2013,13.01290
125497,SBI Small Cap Fund - Direct Plan - Growth,SBI Mutual Fund,Open Ended Schemes,Equity Scheme - Small Cap Fund,10-12-2013,13.03250
125497,SBI Small Cap Fund - Direct Plan - Growth,SBI Mutual Fund,Open Ended Schemes,Equity Scheme - Small Cap Fund,09-12-2013,13.02820
125497,SBI Small Cap Fund - Direct Plan - Growth,SBI Mutual Fund,Open Ended Schemes,Equity Scheme - Small Cap Fund,06-12-2013,13.04390
125497,SBI Small Cap Fund - Direct Plan - Growth,SBI Mutual Fund,Open Ended Schemes,Equity Scheme - Small Cap Fund,05-12-2013,13.03190
125497,SBI Small Cap Fund - Direct Plan - Growth,SBI Mutual Fund,Open Ended Schemes,Equity Scheme - Small Cap Fund,04-12-2013,12.97990
125497,SBI Small Cap Fund - Direct Plan - Growth,SBI Mutual Fund,Open Ended Schemes,Equity Scheme - Small Cap Fund,03-12-2013,13.00480
125497,SBI Small Cap Fund - Direct Plan - Growth,SBI Mutual Fund,Open Ended Schemes,Equity Scheme - Small Cap Fund,02-12-2013,13.00120
125497,SBI Small Cap Fund - Direct Plan - Growth,SBI Mutual Fund,Open Ended Schemes,Equity Scheme - Small Cap Fund,29-11-2013,12.95090
125497,SBI Small Cap Fund - Direct Plan - Growth,SBI Mutual Fund,Open Ended Schemes,Equity Scheme - Small Cap Fund,28-11-2013,12.87730
125497,SBI Small Cap Fund - Direct Plan - Growth,SBI Mutual Fund,Open Ended Schemes,Equity Scheme - Small Cap Fund,27-11-2013,12.83890
125497,SBI Small Cap Fund - Direct Plan - Growth,SBI Mutual Fund,Open Ended Schemes,Equity Scheme - Small Cap Fund,26-11-2013,12.85910
125497,SBI Small Cap Fund - Direct Plan - Growth,SBI Mutual Fund,Open Ended Schemes,Equity Scheme - Small Cap Fund,25-11-2013,12.85480
125497,SBI Small Cap Fund - Direct Plan - Growth,SBI Mutual Fund,Open Ended Schemes,Equity Scheme - Small Cap Fund,22-11-2013,12.77750
125497,SBI Small Cap Fund - Direct Plan - Growth,SBI Mutual Fund,Open Ended Schemes,Equity Scheme - Small Cap Fund,21-11-2013,12.79570
125497,SBI Small Cap Fund - Direct Plan - Growth,SBI Mutual Fund,Open Ended Schemes,Equity Scheme - Small Cap Fund,20-11-2013,12.95490
125497,SBI Small Cap Fund - Direct Plan - Growth,SBI Mutual Fund,Open Ended Schemes,Equity Scheme - Small Cap Fund,19-11-2013,13.10680
125497,SBI Small Cap Fund - Direct Plan - Growth,SBI Mutual Fund,Open Ended Schemes,Equity Scheme - Small Cap Fund,18-11-2013,13.08940
