amfi_code,scheme_name,fund_house,scheme_type,scheme_category,date,nav
119551,Aditya Birla Sun Life Banking & PSU Debt Fund  - DIRECT - IDCW,Aditya Birla Sun Life Mutual Fund,Open Ended Schemes,Debt Scheme - Banking and PSU Fund,01-06-2026,104.70250
119551,Aditya Birla Sun Life Banking & PSU Debt Fund  - DIRECT - IDCW,Aditya Birla Sun Life Mutual Fund,Open Ended Schemes,Debt Scheme - Banking and PSU Fund,29-05-2026,104.65700
119551,Aditya Birla Sun Life Banking & PSU Debt Fund  - DIRECT - IDCW,Aditya Birla Sun Life Mutual Fund,Open Ended Schemes,Debt Scheme - Banking and PSU Fund,27-05-2026,104.58330
119551,Aditya Birla Sun Life Banking & PSU Debt Fund  - DIRECT - IDCW,Aditya Birla Sun Life Mutual Fund,Open Ended Schemes,Debt Scheme - Banking and PSU Fund,26-05-2026,104.52690
119551,Aditya Birla Sun Life Banking & PSU Debt Fund  - DIRECT - IDCW,Aditya Birla Sun Life Mutual Fund,Open Ended Schemes,Debt Scheme - Banking and PSU Fund,25-05-2026,104.52150
119551,Aditya Birla Sun Life Banking & PSU Debt Fund  - DIRECT - IDCW,Aditya Birla Sun Life Mutual Fund,Open Ended Schemes,Debt Scheme - Banking and PSU Fund,22-05-2026,104.34670
119551,Aditya Birla Sun Life Banking & PSU Debt Fund  - DIRECT - IDCW,Aditya Birla Sun Life Mutual Fund,Open Ended Schemes,Debt Scheme - Banking and PSU Fund,21-05-2026,104.28500
119551,Aditya Birla Sun Life Banking & PSU Debt Fund  - DIRECT - IDCW,Aditya Birla Sun Life Mutual Fund,Open Ended Schemes,Debt Scheme - Banking and PSU Fund,20-05-2026,104.38260
119551,Aditya Birla Sun Life Banking & PSU Debt Fund  - DIRECT - IDCW,Aditya Birla Sun Life Mutual Fund,Open Ended Schemes,Debt Scheme - Banking and PSU Fund,19-05-2026,104.42160
119551,Aditya Birla Sun Life Banking & PSU Debt Fund  - DIRECT - IDCW,Aditya Birla Sun Life Mutual Fund,Open Ended Schemes,Debt Scheme - Banking and PSU Fund,18-05-2026,104.37910
119551,Aditya Birla Sun Life Banking & PSU Debt Fund  - DIRECT - IDCW,Aditya Birla Sun Life Mutual Fund,Open Ended Schemes,Debt Scheme - Banking and PSU Fund,15-05-2026,104.59680
119551,Aditya Birla Sun Life Banking & PSU Debt Fund  - DIRECT - IDCW,Aditya Birla Sun Life Mutual Fund,Open Ended Schemes,Debt Scheme - Banking and PSU Fund,14-05-2026,104.73180
119551,Aditya Birla Sun Life Banking & PSU Debt Fund  - DIRECT - IDCW,Aditya Birla Sun Life Mutual Fund,Open Ended Schemes,Debt Scheme - Banking and PSU Fund,13-05-2026,104.73710
119551,Aditya Birla Sun Life Banking & PSU Debt Fund  - DIRECT - IDCW,Aditya Birla Sun Life Mutual Fund,Open Ended Schemes,Debt Scheme - Banking and PSU Fund,12-05-2026,104.75850
119551,Aditya Birla Sun Life Banking & PSU Debt Fund  - DIRECT - IDCW,Aditya Birla Sun Life Mutual Fund,Open Ended Schemes,Debt Scheme - Banking and PSU Fund,11-05-2026,104.80530
119551,Aditya Birla Sun Life Banking & PSU Debt Fund  - DIRECT - IDCW,Aditya Birla Sun Life Mutual Fund,Open Ended Schemes,Debt Scheme - Banking and PSU Fund,08-05-2026,104.86960
119551,Aditya Birla Sun Life Banking & PSU Debt Fund  - DIRECT - IDCW,Aditya Birla Sun Life Mutual Fund,Open Ended Schemes,Debt Scheme - Banking and PSU Fund,07-05-2026,104.87620
119551,Aditya Birla Sun Life Banking & PSU Debt Fund  - DIRECT - IDCW,Aditya Birla Sun Life Mutual Fund,Open Ended Schemes,Debt Scheme - Banking and PSU Fund,06-05-2026,104.80430
119551,Aditya Birla Sun Life Banking & PSU Debt Fund  - DIRECT - IDCW,Aditya Birla Sun Life Mutual Fund,Open Ended Schemes,Debt Scheme - Banking and PSU Fund,05-05-2026,104.61660
119551,Aditya Birla Sun Life Banking & PSU Debt Fund  - DIRECT - IDCW,Aditya Birla Sun Life Mutual Fund,Open Ended Schemes,Debt Scheme - Banking and PSU Fund,04-05-2026,104.65440
119551,Aditya Birla Sun Life Banking & PSU Debt Fund  - DIRECT - IDCW,Aditya Birla Sun Life Mutual Fund,Open Ended Schemes,Debt Scheme - Banking and PSU Fund,30-04-2026,104.57060
119551,Aditya Birla Sun Life Banking & PSU Debt Fund  - DIRECT - IDCW,Aditya Birla Sun Life Mutual Fund,Open Ended Schemes,Debt Scheme - Banking and PSU Fund,29-04-2026,104.65940
119551,Aditya Birla Sun Life Banking & PSU Debt Fund  - DIRECT - IDCW,Aditya Birla Sun Life Mutual Fund,Open Ended Schemes,Debt Scheme - Banking and PSU Fund,28-04-2026,104.74280
119551,Aditya Birla Sun Life Banking & PSU Debt Fund  - DIRECT - IDCW,Aditya Birla Sun Life Mutual Fund,Open Ended Schemes,Debt Scheme - Banking and PSU Fund,27-04-2026,104.77710
119551,Aditya Birla Sun Life Banking & PSU Debt Fund  - DIRECT - IDCW,Aditya Birla Sun Life Mutual Fund,Open Ended Schemes,Debt Scheme - Banking and PSU Fund,24-04-2026,104.70910
119551,Aditya Birla Sun Life Banking & PSU Debt Fund  - DIRECT - IDCW,Aditya Birla Sun Life Mutual Fund,Open Ended Schemes,Debt Scheme - Banking and PSU Fund,23-04-2026,104.76520
119551,Aditya Birla Sun Life Banking & PSU Debt Fund  - DIRECT - IDCW,Aditya Birla Sun Life Mutual Fund,Open Ended Schemes,Debt Scheme - Banking and PSU Fund,22-04-2026,104.84730
119551,Aditya Birla Sun Life Banking & PSU Debt Fund  - DIRECT - IDCW,Aditya Birla Sun Life Mutual Fund,Open Ended Schemes,Debt Scheme - Banking and PSU Fund,21-04-2026,104.84700
119551,Aditya Birla Sun Life Banking & PSU Debt Fund  - DIRECT - IDCW,Aditya Birla Sun Life Mutual Fund,Open Ended Schemes,Debt Scheme - Banking and PSU Fund,20-04-2026,104.83690
119551,Aditya Birla Sun Life Banking & PSU Debt Fund  - DIRECT - IDCW,Aditya Birla Sun Life Mutual Fund,Open Ended Schemes,Debt Scheme - Banking and PSU Fund,17-04-2026,104.78210
119551,Aditya Birla Sun Life Banking & PSU Debt Fund  - DIRECT - IDCW,Aditya Birla Sun Life Mutual Fund,Open Ended Schemes,Debt Scheme - Banking and PSU Fund,16-04-2026,104.79590
119551,Aditya Birla Sun Life Banking & PSU Debt Fund  - DIRECT - IDCW,Aditya Birla Sun Life Mutual Fund,Open Ended Schemes,Debt Scheme - Banking and PSU Fund,15-04-2026,104.79010
119551,Aditya Birla Sun Life Banking & PSU Debt Fund  - DIRECT - IDCW,Aditya Birla Sun Life Mutual Fund,Open Ended Schemes,Debt Scheme - Banking and PSU Fund,13-04-2026,104.61130
119551,Aditya Birla Sun Life Banking & PSU Debt Fund  - DIRECT - IDCW,Aditya Birla Sun Life Mutual Fund,Open Ended Schemes,Debt Scheme - Banking and PSU Fund,10-04-2026,104.59560
119551,Aditya Birla Sun Life Banking & PSU Debt Fund  - DIRECT - IDCW,Aditya Birla Sun Life Mutual Fund,Open Ended Schemes,Debt Scheme - Banking and PSU Fund,09-04-2026,104.51500
119551,Aditya Birla Sun Life Banking & PSU Debt Fund  - DIRECT - IDCW,Aditya Birla Sun Life Mutual Fund,Open Ended Schemes,Debt Scheme - Banking and PSU Fund,08-04-2026,104.39190
119551,Aditya Birla Sun Life Banking & PSU Debt Fund  - DIRECT - IDCW,Aditya Birla Sun Life Mutual Fund,Open Ended Schemes,Debt Scheme - Banking and PSU Fund,07-04-2026,103.99180
119551,Aditya Birla Sun Life Banking & PSU Debt Fund  - DIRECT - IDCW,Aditya Birla Sun Life Mutual Fund,Open Ended Schemes,Debt Scheme - Banking and PSU Fund,06-04-2026,103.91420
119551,Aditya Birla Sun Life Banking & PSU Debt Fund  - DIRECT - IDCW,Aditya Birla Sun Life Mutual Fund,Open Ended Schemes,Debt Scheme - Banking and PSU Fund,02-04-2026,103.88130
119551,Aditya Birla Sun Life Banking & PSU Debt Fund  - DIRECT - IDCW,Aditya Birla Sun Life Mutual Fund,Open Ended Schemes,Debt Scheme - Banking and PSU Fund,31-03-2026,104.01160
119551,Aditya Birla Sun Life Banking & PSU Debt Fund  - DIRECT - IDCW,Aditya Birla Sun Life Mutual Fund,Open Ended Schemes,Debt Scheme - Banking and PSU Fund,30-03-2026,103.99210
119551,Aditya Birla Sun Life Banking & PSU Debt Fund  - DIRECT - IDCW,Aditya Birla Sun Life Mutual Fund,Open Ended Schemes,Debt Scheme - Banking and PSU Fund,27-03-2026,103.91020
119551,Aditya Birla Sun Life Banking & PSU Debt Fund  - DIRECT - IDCW,Aditya Birla Sun Life Mutual Fund,Open Ended Schemes,Debt Scheme - Banking and PSU Fund,25-03-2026,103.97130
119551,Aditya Birla Sun Life Banking & PSU Debt Fund  - DIRECT - IDCW,Aditya Birla Sun Life Mutual Fund,Open Ended Schemes,Debt Scheme - Banking and PSU Fund,24-03-2026,103.98160
119551,Aditya Birla Sun Life Banking & PSU Debt Fund  - DIRECT - IDCW,Aditya Birla Sun Life Mutual Fund,Open Ended Schemes,Debt Scheme - Banking and PSU Fund,23-03-2026,110.66250
119551,Aditya Birla Sun Life Banking & PSU Debt Fund  - DIRECT - IDCW,Aditya Birla Sun Life Mutual Fund,Open Ended Schemes,Debt Scheme - Banking and PSU Fund,20-03-2026,110.93520
119551,Aditya Birla Sun Life Banking & PSU Debt Fund  - DIRECT - IDCW,Aditya Birla Sun Life Mutual Fund,Open Ended Schemes,Debt Scheme - Banking and PSU Fund,18-03-2026,110.99850
119551,Aditya Birla Sun Life Banking & PSU Debt Fund  - DIRECT - IDCW,Aditya Birla Sun Life Mutual Fund,Open Ended Schemes,Debt Scheme - Banking and PSU Fund,17-03-2026,110.93160
119551,Aditya Birla Sun Life Banking & PSU Debt Fund  - DIRECT - IDCW,Aditya Birla Sun Life Mutual Fund,Open Ended Schemes,Debt Scheme - Banking and PSU Fund,16-03-2026,110.91590
119551,Aditya Birla Sun Life Banking & PSU Debt Fund  - DIRECT - IDCW,Aditya Birla Sun Life Mutual Fund,Open Ended Schemes,Debt Scheme - Banking and PSU Fund,13-03-2026,110.92870
119551,Aditya Birla Sun Life Banking & PSU Debt Fund  - DIRECT - IDCW,Aditya Birla Sun Life Mutual Fund,Open Ended Schemes,Debt Scheme - Banking and PSU Fund,12-03-2026,110.98980
119551,Aditya Birla Sun Life Banking & PSU Debt Fund  - DIRECT - IDCW,Aditya Birla Sun Life Mutual Fund,Open Ended Schemes,Debt Scheme - Banking and PSU Fund,11-03-2026,111.10720
119551,Aditya Birla Sun Life Banking & PSU Debt Fund  - DIRECT - IDCW,Aditya Birla Sun Life Mutual Fund,Open Ended Schemes,Debt Scheme - Banking and PSU Fund,10-03-2026,111.04840
119551,Aditya Birla Sun Life Banking & PSU Debt Fund  - DIRECT - IDCW,Aditya Birla Sun Life Mutual Fund,Open Ended Schemes,Debt Scheme - Banking and PSU Fund,09-03-2026,110.91930
119551,Aditya Birla Sun Life Banking & PSU Debt Fund  - DIRECT - IDCW,Aditya Birla Sun Life Mutual Fund,Open Ended Schemes,Debt Scheme - Banking and PSU Fund,06-03-2026,111.03950
119551,Aditya Birla Sun Life Banking & PSU Debt Fund  - DIRECT - IDCW,Aditya Birla Sun Life Mutual Fund,Open Ended Schemes,Debt Scheme - Banking and PSU Fund,05-03-2026,111.05340
119551,Aditya Birla Sun Life Banking & PSU Debt Fund  - DIRECT - IDCW,Aditya Birla Sun Life Mutual Fund,Open Ended Schemes,Debt Scheme - Banking and PSU Fund,04-03-2026,110.94990
119551,Aditya Birla Sun Life Banking & PSU Debt Fund  - DIRECT - IDCW,Aditya Birla Sun Life Mutual Fund,Open Ended Schemes,Debt Scheme - Banking and PSU Fund,02-03-2026,111.06530
119551,Aditya Birla Sun Life Banking & PSU Debt Fund  - DIRECT - IDCW,Aditya Birla Sun Life Mutual Fund,Open Ended Schemes,Debt Scheme - Banking and PSU Fund,27-02-2026,111.02610
119551,Aditya Birla Sun Life Banking & PSU Debt Fund  - DIRECT - IDCW,Aditya Birla Sun Life Mutual Fund,Open Ended Schemes,Debt Scheme - Banking and PSU Fund,26-02-2026,111.00690
119551,Aditya Birla Sun Life Banking & PSU Debt Fund  - DIRECT - IDCW,Aditya Birla Sun Life Mutual Fund,Open Ended Schemes,Debt Scheme - Banking and PSU Fund,25-02-2026,110.98260
119551,Aditya Birla Sun Life Banking & PSU Debt Fund  - DIRECT - IDCW,Aditya Birla Sun Life Mutual Fund,Open Ended Schemes,Debt Scheme - Banking and PSU Fund,24-02-2026,110.93940
119551,Aditya Birla Sun Life Banking & PSU Debt Fund  - DIRECT - IDCW,Aditya Birla Sun Life Mutual Fund,Open Ended Schemes,Debt Scheme - Banking and PSU Fund,23-02-2026,110.88290
119551,Aditya Birla Sun Life Banking & PSU Debt Fund  - DIRECT - IDCW,Aditya Birla Sun Life Mutual Fund,Open Ended Schemes,Debt Scheme - Banking and PSU Fund,20-02-2026,110.80700
119551,Aditya Birla Sun Life Banking & PSU Debt Fund  - DIRECT - IDCW,Aditya Birla Sun Life Mutual Fund,Open Ended Schemes,Debt Scheme - Banking and PSU Fund,18-02-2026,110.86130
119551,Aditya Birla Sun Life Banking & PSU Debt Fund  - DIRECT - IDCW,Aditya Birla Sun Life Mutual Fund,Open Ended Schemes,Debt Scheme - Banking and PSU Fund,17-02-2026,110.86820
119551,Aditya Birla Sun Life Banking & PSU Debt Fund  - DIRECT - IDCW,Aditya Birla Sun Life Mutual Fund,Open Ended Schemes,Debt Scheme - Banking and PSU Fund,16-02-2026,110.84090
119551,Aditya Birla Sun Life Banking & PSU Debt Fund  - DIRECT - IDCW,Aditya Birla Sun Life Mutual Fund,Open Ended Schemes,Debt Scheme - Banking and PSU Fund,13-02-2026,110.75840
119551,Aditya Birla Sun Life Banking & PSU Debt Fund  - DIRECT - IDCW,Aditya Birla Sun Life Mutual Fund,Open Ended Schemes,Debt Scheme - Banking and PSU Fund,12-02-2026,110.63090
119551,Aditya Birla Sun Life Banking & PSU Debt Fund  - DIRECT - IDCW,Aditya Birla Sun Life Mutual Fund,Open Ended Schemes,Debt Scheme - Banking and PSU Fund,11-02-2026,110.50560
119551,Aditya Birla Sun Life Banking & PSU Debt Fund  - DIRECT - IDCW,Aditya Birla Sun Life Mutual Fund,Open Ended Schemes,Debt Scheme - Banking and PSU Fund,10-02-2026,110.42930
119551,Aditya Birla Sun Life Banking & PSU Debt Fund  - DIRECT - IDCW,Aditya Birla Sun Life Mutual Fund,Open Ended Schemes,Debt Scheme - Banking and PSU Fund,09-02-2026,110.42330
119551,Aditya Birla Sun Life Banking & PSU Debt Fund  - DIRECT - IDCW,Aditya Birla Sun Life Mutual Fund,Open Ended Schemes,Debt Scheme - Banking and PSU Fund,06-02-2026,110.41730
119551,Aditya Birla Sun Life Banking & PSU Debt Fund  - DIRECT - IDCW,Aditya Birla Sun Life Mutual Fund,Open Ended Schemes,Debt Scheme - Banking and PSU Fund,05-02-2026,110.59850
119551,Aditya Birla Sun Life Banking & PSU Debt Fund  - DIRECT - IDCW,Aditya Birla Sun Life Mutual Fund,Open Ended Schemes,Debt Scheme - Banking and PSU Fund,04-02-2026,110.44770
119551,Aditya Birla Sun Life Banking & PSU Debt Fund  - DIRECT - IDCW,Aditya Birla Sun Life Mutual Fund,Open Ended Schemes,Debt Scheme - Banking and PSU Fund,03-02-2026,110.29600
119551,Aditya Birla Sun Life Banking & PSU Debt Fund  - DIRECT - IDCW,Aditya Birla Sun Life Mutual Fund,Open Ended Schemes,Debt Scheme - Banking and PSU Fund,02-02-2026,110.15370
119551,Aditya Birla Sun Life Banking & PSU Debt Fund  - DIRECT - IDCW,Aditya Birla Sun Life Mutual Fund,Open Ended Schemes,Debt Scheme - Banking and PSU Fund,30-01-2026,110.19030
119551,Aditya Birla Sun Life Banking & PSU Debt Fund  - DIRECT - IDCW,Aditya Birla Sun Life Mutual Fund,Open Ended Schemes,Debt Scheme - Banking and PSU Fund,29-01-2026,110.09220
119551,Aditya Birla Sun Life Banking & PSU Debt Fund  - DIRECT - IDCW,Aditya Birla Sun Life Mutual Fund,Open Ended Schemes,Debt Scheme - Banking and PSU Fund,28-01-2026,110.08550
119551,Aditya Birla Sun Life Banking & PSU Debt Fund  - DIRECT - IDCW,Aditya Birla Sun Life Mutual Fund,Open Ended Schemes,Debt Scheme - Banking and PSU Fund,27-01-2026,110.10780
119551,Aditya Birla Sun Life Banking & PSU Debt Fund  - DIRECT - IDCW,Aditya Birla Sun Life Mutual Fund,Open Ended Schemes,Debt Scheme - Banking and PSU Fund,23-01-2026,110.07660
119551,Aditya Birla Sun Life Banking & PSU Debt Fund  - DIRECT - IDCW,Aditya Birla Sun Life Mutual Fund,Open Ended Schemes,Debt Scheme - Banking and PSU Fund,22-01-2026,110.05390
119551,Aditya Birla Sun Life Banking & PSU Debt Fund  - DIRECT - IDCW,Aditya Birla Sun Life Mutual Fund,Open Ended Schemes,Debt Scheme - Banking and PSU Fund,21-01-2026,109.94380
119551,Aditya Birla Sun Life Banking & PSU Debt Fund  - DIRECT - IDCW,Aditya Birla Sun Life Mutual Fund,Open Ended Schemes,Debt Scheme - Banking and PSU Fund,20-01-2026,109.93850
119551,Aditya Birla Sun Life Banking & PSU Debt Fund  - DIRECT - IDCW,Aditya Birla Sun Life Mutual Fund,Open Ended Schemes,Debt Scheme - Banking and PSU Fund,19-01-2026,109.97420
119551,Aditya Birla Sun Life Banking & PSU Debt Fund  - DIRECT - IDCW,Aditya Birla Sun Life Mutual Fund,Open Ended Schemes,Debt Scheme - Banking and PSU Fund,16-01-2026,110.01070
119551,Aditya Birla Sun Life Banking & PSU Debt Fund  - DIRECT - IDCW,Aditya Birla Sun Life Mutual Fund,Open Ended Schemes,Debt Scheme - Banking and PSU Fund,14-01-2026,110.12860
119551,Aditya Birla Sun Life Banking & PSU Debt Fund  - DIRECT - IDCW,Aditya Birla Sun Life Mutual Fund,Open Ended Schemes,Debt Scheme - Banking and PSU Fund,13-01-2026,110.18780
119551,Aditya Birla Sun Life Banking & PSU Debt Fund  - DIRECT - IDCW,Aditya Birla Sun Life Mutual Fund,Open Ended Schemes,Debt Scheme - Banking and PSU Fund,12-01-2026,110.29740
119551,Aditya Birla Sun Life Banking & PSU Debt Fund  - DIRECT - IDCW,Aditya Birla Sun Life Mutual Fund,Open Ended Schemes,Debt Scheme - Banking and PSU Fund,09-01-2026,110.23270
119551,Aditya Birla Sun Life Banking & PSU Debt Fund  - DIRECT - IDCW,Aditya Birla Sun Life Mutual Fund,Open Ended Schemes,Debt Scheme - Banking and PSU Fund,08-01-2026,110.22180
119551,Aditya Birla Sun Life Banking & PSU Debt Fund  - DIRECT - IDCW,Aditya Birla Sun Life Mutual Fund,Open Ended Schemes,Debt Scheme - Banking and PSU Fund,07-01-2026,110.21750
119551,Aditya Birla Sun Life Banking & PSU Debt Fund  - DIRECT - IDCW,Aditya Birla Sun Life Mutual Fund,Open Ended Schemes,Debt Scheme - Banking and PSU Fund,06-01-2026,110.26470
119551,Aditya Birla Sun Life Banking & PSU Debt Fund  - DIRECT - IDCW,Aditya Birla Sun Life Mutual Fund,Open Ended Schemes,Debt Scheme - Banking and PSU Fund,05-01-2026,110.24980
119551,Aditya Birla Sun Life Banking & PSU Debt Fund  - DIRECT - IDCW,Aditya Birla Sun Life Mutual Fund,Open Ended Schemes,Debt Scheme - Banking and PSU Fund,02-01-2026,110.33330
119551,Aditya Birla Sun Life Banking & PSU Debt Fund  - DIRECT - IDCW,Aditya Birla Sun Life Mutual Fund,Open Ended Schemes,Debt Scheme - Banking and PSU Fund,01-01-2026,110.34930
119551,Aditya Birla Sun Life Banking & PSU Debt Fund  - DIRECT - IDCW,Aditya Birla Sun Life Mutual Fund,Open Ended Schemes,Debt Scheme - Banking and PSU Fund,31-12-2025,110.32120
119551,Aditya Birla Sun Life Banking & PSU Debt Fund  - DIRECT - IDCW,Aditya Birla Sun Life Mutual Fund,Open Ended Schemes,Debt Scheme - Banking and PSU Fund,30-12-2025,110.21760
119551,Aditya Birla Sun Life Banking & PSU Debt Fund  - DIRECT - IDCW,Aditya Birla Sun Life Mutual Fund,Open Ended Schemes,Debt Scheme - Banking and PSU Fund,29-12-2025,110.27990
119551,Aditya Birla Sun Life Banking & PSU Debt Fund  - DIRECT - IDCW,Aditya Birla Sun Life Mutual Fund,Open Ended Schemes,Debt Scheme - Banking and PSU Fund,26-12-2025,110.22470
119551,Aditya Birla Sun Life Banking & PSU Debt Fund  - DIRECT - IDCW,Aditya Birla Sun Life Mutual Fund,Open Ended Schemes,Debt Scheme - Banking and PSU Fund,24-12-2025,110.20790
119551,Aditya Birla Sun Life Banking & PSU Debt Fund  - DIRECT - IDCW,Aditya Birla Sun Life Mutual Fund,Open Ended Schemes,Debt Scheme - Banking and PSU Fund,23-12-2025,109.99540
119551,Aditya Birla Sun Life Banking & PSU Debt Fund  - DIRECT - IDCW,Aditya Birla Sun Life Mutual Fund,Open Ended Schemes,Debt Scheme - Banking and PSU Fund,22-12-2025,110.02410
119551,Aditya Birla Sun Life Banking & PSU Debt Fund  - DIRECT - IDCW,Aditya Birla Sun Life Mutual Fund,Open Ended Schemes,Debt Scheme - Banking and PSU Fund,19-12-2025,110.04030
119551,Aditya Birla Sun Life Banking & PSU Debt Fund  - DIRECT - IDCW,Aditya Birla Sun Life Mutual Fund,Open Ended Schemes,Debt Scheme - Banking and PSU Fund,18-12-2025,110.01950
119551,Aditya Birla Sun Life Banking & PSU Debt Fund  - DIRECT - IDCW,Aditya Birla Sun Life Mutual Fund,Open Ended Schemes,Debt Scheme - Banking and PSU Fund,17-12-2025,110.02660
119551,Aditya Birla Sun Life Banking & PSU Debt Fund  - DIRECT - IDCW,Aditya Birla Sun Life Mutual Fund,Open Ended Schemes,Debt Scheme - Banking and PSU Fund,16-12-2025,110.02610
119551,Aditya Birla Sun Life Banking & PSU Debt Fund  - DIRECT - IDCW,Aditya Birla Sun Life Mutual Fund,Open Ended Schemes,Debt Scheme - Banking and PSU Fund,15-12-2025,109.99440
119551,Aditya Birla Sun Life Banking & PSU Debt Fund  - DIRECT - IDCW,Aditya Birla Sun Life Mutual Fund,Open Ended Schemes,Debt Scheme - Banking and PSU Fund,12-12-2025,110.06520
119551,Aditya Birla Sun Life Banking & PSU Debt Fund  - DIRECT - IDCW,Aditya Birla Sun Life Mutual Fund,Open Ended Schemes,Debt Scheme - Banking and PSU Fund,11-12-2025,110.06090
119551,Aditya Birla Sun Life Banking & PSU Debt Fund  - DIRECT - IDCW,Aditya Birla Sun Life Mutual Fund,Open Ended Schemes,Debt Scheme - Banking and PSU Fund,10-12-2025,110.04660
119551,Aditya Birla Sun Life Banking & PSU Debt Fund  - DIRECT - IDCW,Aditya Birla Sun Life Mutual Fund,Open Ended Schemes,Debt Scheme - Banking and PSU Fund,09-12-2025,110.18520
119551,Aditya Birla Sun Life Banking & PSU Debt Fund  - DIRECT - IDCW,Aditya Birla Sun Life Mutual Fund,Open Ended Schemes,Debt Scheme - Banking and PSU Fund,08-12-2025,110.32990
119551,Aditya Birla Sun Life Banking & PSU Debt Fund  - DIRECT - IDCW,Aditya Birla Sun Life Mutual Fund,Open Ended Schemes,Debt Scheme - Banking and PSU Fund,05-12-2025,110.33730
119551,Aditya Birla Sun Life Banking & PSU Debt Fund  - DIRECT - IDCW,Aditya Birla Sun Life Mutual Fund,Open Ended Schemes,Debt Scheme - Banking and PSU Fund,04-12-2025,110.23500
119551,Aditya Birla Sun Life Banking & PSU Debt Fund  - DIRECT - IDCW,Aditya Birla Sun Life Mutual Fund,Open Ended Schemes,Debt Scheme - Banking and PSU Fund,03-12-2025,110.23620
119551,Aditya Birla Sun Life Banking & PSU Debt Fund  - DIRECT - IDCW,Aditya Birla Sun Life Mutual Fund,Open Ended Schemes,Debt Scheme - Banking and PSU Fund,02-12-2025,110.23490
119551,Aditya Birla Sun Life Banking & PSU Debt Fund  - DIRECT - IDCW,Aditya Birla Sun Life Mutual Fund,Open Ended Schemes,Debt Scheme - Banking and PSU Fund,01-12-2025,110.21100
119551,Aditya Birla Sun Life Banking & PSU Debt Fund  - DIRECT - IDCW,Aditya Birla Sun Life Mutual Fund,Open Ended Schemes,Debt Scheme - Banking and PSU Fund,28-11-2025,110.26150
119551,Aditya Birla Sun Life Banking & PSU Debt Fund  - DIRECT - IDCW,Aditya Birla Sun Life Mutual Fund,Open Ended Schemes,Debt Scheme - Banking and PSU Fund,27-11-2025,110.27430
119551,Aditya Birla Sun Life Banking & PSU Debt Fund  - DIRECT - IDCW,Aditya Birla Sun Life Mutual Fund,Open Ended Schemes,Debt Scheme - Banking and PSU Fund,26-11-2025,110.26580
119551,Aditya Birla Sun Life Banking & PSU Debt Fund  - DIRECT - IDCW,Aditya Birla Sun Life Mutual Fund,Open Ended Schemes,Debt Scheme - Banking and PSU Fund,25-11-2025,110.19240
119551,Aditya Birla Sun Life Banking & PSU Debt Fund  - DIRECT - IDCW,Aditya Birla Sun Life Mutual Fund,Open Ended Schemes,Debt Scheme - Banking and PSU Fund,24-11-2025,110.13220
119551,Aditya Birla Sun Life Banking & PSU Debt Fund  - DIRECT - IDCW,Aditya Birla Sun Life Mutual Fund,Open Ended Schemes,Debt Scheme - Banking and PSU Fund,21-11-2025,110.07080
119551,Aditya Birla Sun Life Banking & PSU Debt Fund  - DIRECT - IDCW,Aditya Birla Sun Life Mutual Fund,Open Ended Schemes,Debt Scheme - Banking and PSU Fund,20-11-2025,110.08820
119551,Aditya Birla Sun Life Banking & PSU Debt Fund  - DIRECT - IDCW,Aditya Birla Sun Life Mutual Fund,Open Ended Schemes,Debt Scheme - Banking and PSU Fund,19-11-2025,110.07710
119551,Aditya Birla Sun Life Banking & PSU Debt Fund  - DIRECT - IDCW,Aditya Birla Sun Life Mutual Fund,Open Ended Schemes,Debt Scheme - Banking and PSU Fund,18-11-2025,110.02050
119551,Aditya Birla Sun Life Banking & PSU Debt Fund  - DIRECT - IDCW,Aditya Birla Sun Life Mutual Fund,Open Ended Schemes,Debt Scheme - Banking and PSU Fund,17-11-2025,109.97560
119551,Aditya Birla Sun Life Banking & PSU Debt Fund  - DIRECT - IDCW,Aditya Birla Sun Life Mutual Fund,Open Ended Schemes,Debt Scheme - Banking and PSU Fund,14-11-2025,109.97250
119551,Aditya Birla Sun Life Banking & PSU Debt Fund  - DIRECT - IDCW,Aditya Birla Sun Life Mutual Fund,Open Ended Schemes,Debt Scheme - Banking and PSU Fund,13-11-2025,109.99070
119551,Aditya Birla Sun Life Banking & PSU Debt Fund  - DIRECT - IDCW,Aditya Birla Sun Life Mutual Fund,Open Ended Schemes,Debt Scheme - Banking and PSU Fund,12-11-2025,109.99470
119551,Aditya Birla Sun Life Banking & PSU Debt Fund  - DIRECT - IDCW,Aditya Birla Sun Life Mutual Fund,Open Ended Schemes,Debt Scheme - Banking and PSU Fund,11-11-2025,109.96100
119551,Aditya Birla Sun Life Banking & PSU Debt Fund  - DIRECT - IDCW,Aditya Birla Sun Life Mutual Fund,Open Ended Schemes,Debt Scheme - Banking and PSU Fund,10-11-2025,109.92500
119551,Aditya Birla Sun Life Banking & PSU Debt Fund  - DIRECT - IDCW,Aditya Birla Sun Life Mutual Fund,Open Ended Schemes,Debt Scheme - Banking and PSU Fund,07-11-2025,109.86090
119551,Aditya Birla Sun Life Banking & PSU Debt Fund  - DIRECT - IDCW,Aditya Birla Sun Life Mutual Fund,Open Ended Schemes,Debt Scheme - Banking and PSU Fund,06-11-2025,109.83370
119551,Aditya Birla Sun Life Banking & PSU Debt Fund  - DIRECT - IDCW,Aditya Birla Sun Life Mutual Fund,Open Ended Schemes,Debt Scheme - Banking and PSU Fund,04-11-2025,109.79410
119551,Aditya Birla Sun Life Banking & PSU Debt Fund  - DIRECT - IDCW,Aditya Birla Sun Life Mutual Fund,Open Ended Schemes,Debt Scheme - Banking and PSU Fund,03-11-2025,109.75480
119551,Aditya Birla Sun Life Banking & PSU Debt Fund  - DIRECT - IDCW,Aditya Birla Sun Life Mutual Fund,Open Ended Schemes,Debt Scheme - Banking and PSU Fund,31-10-2025,109.67680
119551,Aditya Birla Sun Life Banking & PSU Debt Fund  - DIRECT - IDCW,Aditya Birla Sun Life Mutual Fund,Open Ended Schemes,Debt Scheme - Banking and PSU Fund,30-10-2025,109.65210
119551,Aditya Birla Sun Life Banking & PSU Debt Fund  - DIRECT - IDCW,Aditya Birla Sun Life Mutual Fund,Open Ended Schemes,Debt Scheme - Banking and PSU Fund,29-10-2025,109.69340
119551,Aditya Birla Sun Life Banking & PSU Debt Fund  - DIRECT - IDCW,Aditya Birla Sun Life Mutual Fund,Open Ended Schemes,Debt Scheme - Banking and PSU Fund,28-10-2025,109.64040
119551,Aditya Birla Sun Life Banking & PSU Debt Fund  - DIRECT - IDCW,Aditya Birla Sun Life Mutual Fund,Open Ended Schemes,Debt Scheme - Banking and PSU Fund,27-10-2025,109.61250
119551,Aditya Birla Sun Life Banking & PSU Debt Fund  - DIRECT - IDCW,Aditya Birla Sun Life Mutual Fund,Open Ended Schemes,Debt Scheme - Banking and PSU Fund,24-10-2025,109.56730
119551,Aditya Birla Sun Life Banking & PSU Debt Fund  - DIRECT - IDCW,Aditya Birla Sun Life Mutual Fund,Open Ended Schemes,Debt Scheme - Banking and PSU Fund,23-10-2025,109.58170
119551,Aditya Birla Sun Life Banking & PSU Debt Fund  - DIRECT - IDCW,Aditya Birla Sun Life Mutual Fund,Open Ended Schemes,Debt Scheme - Banking and PSU Fund,20-10-2025,109.61550
119551,Aditya Birla Sun Life Banking & PSU Debt Fund  - DIRECT - IDCW,Aditya Birla Sun Life Mutual Fund,Open Ended Schemes,Debt Scheme - Banking and PSU Fund,17-10-2025,109.58440
119551,Aditya Birla Sun Life Banking & PSU Debt Fund  - DIRECT - IDCW,Aditya Birla Sun Life Mutual Fund,Open Ended Schemes,Debt Scheme - Banking and PSU Fund,16-10-2025,109.51310
119551,Aditya Birla Sun Life Banking & PSU Debt Fund  - DIRECT - IDCW,Aditya Birla Sun Life Mutual Fund,Open Ended Schemes,Debt Scheme - Banking and PSU Fund,15-10-2025,109.47540
119551,Aditya Birla Sun Life Banking & PSU Debt Fund  - DIRECT - IDCW,Aditya Birla Sun Life Mutual Fund,Open Ended Schemes,Debt Scheme - Banking and PSU Fund,14-10-2025,109.40880
119551,Aditya Birla Sun Life Banking & PSU Debt Fund  - DIRECT - IDCW,Aditya Birla Sun Life Mutual Fund,Open Ended Schemes,Debt Scheme - Banking and PSU Fund,13-10-2025,109.37630
119551,Aditya Birla Sun Life Banking & PSU Debt Fund  - DIRECT - IDCW,Aditya Birla Sun Life Mutual Fund,Open Ended Schemes,Debt Scheme - Banking and PSU Fund,10-10-2025,109.28520
119551,Aditya Birla Sun Life Banking & PSU Debt Fund  - DIRECT - IDCW,Aditya Birla Sun Life Mutual Fund,Open Ended Schemes,Debt Scheme - Banking and PSU Fund,09-10-2025,109.25970
119551,Aditya Birla Sun Life Banking & PSU Debt Fund  - DIRECT - IDCW,Aditya Birla Sun Life Mutual Fund,Open Ended Schemes,Debt Scheme - Banking and PSU Fund,08-10-2025,109.25240
119551,Aditya Birla Sun Life Banking & PSU Debt Fund  - DIRECT - IDCW,Aditya Birla Sun Life Mutual Fund,Open Ended Schemes,Debt Scheme - Banking and PSU Fund,07-10-2025,109.20450
119551,Aditya Birla Sun Life Banking & PSU Debt Fund  - DIRECT - IDCW,Aditya Birla Sun Life Mutual Fund,Open Ended Schemes,Debt Scheme - Banking and PSU Fund,06-10-2025,109.09260
119551,Aditya Birla Sun Life Banking & PSU Debt Fund  - DIRECT - IDCW,Aditya Birla Sun Life Mutual Fund,Open Ended Schemes,Debt Scheme - Banking and PSU Fund,03-10-2025,108.95910
119551,Aditya Birla Sun Life Banking & PSU Debt Fund  - DIRECT - IDCW,Aditya Birla Sun Life Mutual Fund,Open Ended Schemes,Debt Scheme - Banking and PSU Fund,01-10-2025,108.82850
119551,Aditya Birla Sun Life Banking & PSU Debt Fund  - DIRECT - IDCW,Aditya Birla Sun Life Mutual Fund,Open Ended Schemes,Debt Scheme - Banking and PSU Fund,30-09-2025,108.73970
119551,Aditya Birla Sun Life Banking & PSU Debt Fund  - DIRECT - IDCW,Aditya Birla Sun Life Mutual Fund,Open Ended Schemes,Debt Scheme - Banking and PSU Fund,26-09-2025,108.67020
119551,Aditya Birla Sun Life Banking & PSU Debt Fund  - DIRECT - IDCW,Aditya Birla Sun Life Mutual Fund,Open Ended Schemes,Debt Scheme - Banking and PSU Fund,25-09-2025,108.61700
119551,Aditya Birla Sun Life Banking & PSU Debt Fund  - DIRECT - IDCW,Aditya Birla Sun Life Mutual Fund,Open Ended Schemes,Debt Scheme - Banking and PSU Fund,24-09-2025,108.58590
119551,Aditya Birla Sun Life Banking & PSU Debt Fund  - DIRECT - IDCW,Aditya Birla Sun Life Mutual Fund,Open Ended Schemes,Debt Scheme - Banking and PSU Fund,23-09-2025,108.57080
119551,Aditya Birla Sun Life Banking & PSU Debt Fund  - DIRECT - IDCW,Aditya Birla Sun Life Mutual Fund,Open Ended Schemes,Debt Scheme - Banking and PSU Fund,22-09-2025,108.51310
119551,Aditya Birla Sun Life Banking & PSU Debt Fund  - DIRECT - IDCW,Aditya Birla Sun Life Mutual Fund,Open Ended Schemes,Debt Scheme - Banking and PSU Fund,19-09-2025,108.44280
119551,Aditya Birla Sun Life Banking & PSU Debt Fund  - DIRECT - IDCW,Aditya Birla Sun Life Mutual Fund,Open Ended Schemes,Debt Scheme - Banking and PSU Fund,18-09-2025,108.45520
119551,Aditya Birla Sun Life Banking & PSU Debt Fund  - DIRECT - IDCW,Aditya Birla Sun Life Mutual Fund,Open Ended Schemes,Debt Scheme - Banking and PSU Fund,17-09-2025,108.45380
119551,Aditya Birla Sun Life Banking & PSU Debt Fund  - DIRECT - IDCW,Aditya Birla Sun Life Mutual Fund,Open Ended Schemes,Debt Scheme - Banking and PSU Fund,16-09-2025,108.37870
119551,Aditya Birla Sun Life Banking & PSU Debt Fund  - DIRECT - IDCW,Aditya Birla Sun Life Mutual Fund,Open Ended Schemes,Debt Scheme - Banking and PSU Fund,15-09-2025,108.38020
119551,Aditya Birla Sun Life Banking & PSU Debt Fund  - DIRECT - IDCW,Aditya Birla Sun Life Mutual Fund,Open Ended Schemes,Debt Scheme - Banking and PSU Fund,12-09-2025,108.40060
119551,Aditya Birla Sun Life Banking & PSU Debt Fund  - DIRECT - IDCW,Aditya Birla Sun Life Mutual Fund,Open Ended Schemes,Debt Scheme - Banking and PSU Fund,11-09-2025,108.36900
119551,Aditya Birla Sun Life Banking & PSU Debt Fund  - DIRECT - IDCW,Aditya Birla Sun Life Mutual Fund,Open Ended Schemes,Debt Scheme - Banking and PSU Fund,10-09-2025,108.35740
119551,Aditya Birla Sun Life Banking & PSU Debt Fund  - DIRECT - IDCW,Aditya Birla Sun Life Mutual Fund,Open Ended Schemes,Debt Scheme - Banking and PSU Fund,09-09-2025,108.35190
119551,Aditya Birla Sun Life Banking & PSU Debt Fund  - DIRECT - IDCW,Aditya Birla Sun Life Mutual Fund,Open Ended Schemes,Debt Scheme - Banking and PSU Fund,05-09-2025,108.24500
119551,Aditya Birla Sun Life Banking & PSU Debt Fund  - DIRECT - IDCW,Aditya Birla Sun Life Mutual Fund,Open Ended Schemes,Debt Scheme - Banking and PSU Fund,04-09-2025,108.13790
119551,Aditya Birla Sun Life Banking & PSU Debt Fund  - DIRECT - IDCW,Aditya Birla Sun Life Mutual Fund,Open Ended Schemes,Debt Scheme - Banking and PSU Fund,03-09-2025,108.04710
119551,Aditya Birla Sun Life Banking & PSU Debt Fund  - DIRECT - IDCW,Aditya Birla Sun Life Mutual Fund,Open Ended Schemes,Debt Scheme - Banking and PSU Fund,02-09-2025,108.00880
119551,Aditya Birla Sun Life Banking & PSU Debt Fund  - DIRECT - IDCW,Aditya Birla Sun Life Mutual Fund,Open Ended Schemes,Debt Scheme - Banking and PSU Fund,01-09-2025,108.03730
119551,Aditya Birla Sun Life Banking & PSU Debt Fund  - DIRECT - IDCW,Aditya Birla Sun Life Mutual Fund,Open Ended Schemes,Debt Scheme - Banking and PSU Fund,29-08-2025,108.02970
119551,Aditya Birla Sun Life Banking & PSU Debt Fund  - DIRECT - IDCW,Aditya Birla Sun Life Mutual Fund,Open Ended Schemes,Debt Scheme - Banking and PSU Fund,28-08-2025,108.06600
119551,Aditya Birla Sun Life Banking & PSU Debt Fund  - DIRECT - IDCW,Aditya Birla Sun Life Mutual Fund,Open Ended Schemes,Debt Scheme - Banking and PSU Fund,26-08-2025,107.92660
119551,Aditya Birla Sun Life Banking & PSU Debt Fund  - DIRECT - IDCW,Aditya Birla Sun Life Mutual Fund,Open Ended Schemes,Debt Scheme - Banking and PSU Fund,25-08-2025,108.10370
119551,Aditya Birla Sun Life Banking & PSU Debt Fund  - DIRECT - IDCW,Aditya Birla Sun Life Mutual Fund,Open Ended Schemes,Debt Scheme - Banking and PSU Fund,22-08-2025,108.10960
119551,Aditya Birla Sun Life Banking & PSU Debt Fund  - DIRECT - IDCW,Aditya Birla Sun Life Mutual Fund,Open Ended Schemes,Debt Scheme - Banking and PSU Fund,21-08-2025,108.09850
119551,Aditya Birla Sun Life Banking & PSU Debt Fund  - DIRECT - IDCW,Aditya Birla Sun Life Mutual Fund,Open Ended Schemes,Debt Scheme - Banking and PSU Fund,20-08-2025,108.08990
119551,Aditya Birla Sun Life Banking & PSU Debt Fund  - DIRECT - IDCW,Aditya Birla Sun Life Mutual Fund,Open Ended Schemes,Debt Scheme - Banking and PSU Fund,19-08-2025,108.00830
119551,Aditya Birla Sun Life Banking & PSU Debt Fund  - DIRECT - IDCW,Aditya Birla Sun Life Mutual Fund,Open Ended Schemes,Debt Scheme - Banking and PSU Fund,18-08-2025,108.12710
119551,Aditya Birla Sun Life Banking & PSU Debt Fund  - DIRECT - IDCW,Aditya Birla Sun Life Mutual Fund,Open Ended Schemes,Debt Scheme - Banking and PSU Fund,14-08-2025,108.15430
119551,Aditya Birla Sun Life Banking & PSU Debt Fund  - DIRECT - IDCW,Aditya Birla Sun Life Mutual Fund,Open Ended Schemes,Debt Scheme - Banking and PSU Fund,13-08-2025,107.99010
119551,Aditya Birla Sun Life Banking & PSU Debt Fund  - DIRECT - IDCW,Aditya Birla Sun Life Mutual Fund,Open Ended Schemes,Debt Scheme - Banking and PSU Fund,12-08-2025,108.04900
119551,Aditya Birla Sun Life Banking & PSU Debt Fund  - DIRECT - IDCW,Aditya Birla Sun Life Mutual Fund,Open Ended Schemes,Debt Scheme - Banking and PSU Fund,11-08-2025,108.20180
119551,Aditya Birla Sun Life Banking & PSU Debt Fund  - DIRECT - IDCW,Aditya Birla Sun Life Mutual Fund,Open Ended Schemes,Debt Scheme - Banking and PSU Fund,08-08-2025,108.27260
119551,Aditya Birla Sun Life Banking & PSU Debt Fund  - DIRECT - IDCW,Aditya Birla Sun Life Mutual Fund,Open Ended Schemes,Debt Scheme - Banking and PSU Fund,07-08-2025,108.26110
119551,Aditya Birla Sun Life Banking & PSU Debt Fund  - DIRECT - IDCW,Aditya Birla Sun Life Mutual Fund,Open Ended Schemes,Debt Scheme - Banking and PSU Fund,06-08-2025,108.21530
119551,Aditya Birla Sun Life Banking & PSU Debt Fund  - DIRECT - IDCW,Aditya Birla Sun Life Mutual Fund,Open Ended Schemes,Debt Scheme - Banking and PSU Fund,05-08-2025,108.44120
119551,Aditya Birla Sun Life Banking & PSU Debt Fund  - DIRECT - IDCW,Aditya Birla Sun Life Mutual Fund,Open Ended Schemes,Debt Scheme - Banking and PSU Fund,04-08-2025,108.43550
119551,Aditya Birla Sun Life Banking & PSU Debt Fund  - DIRECT - IDCW,Aditya Birla Sun Life Mutual Fund,Open Ended Schemes,Debt Scheme - Banking and PSU Fund,01-08-2025,108.29520
119551,Aditya Birla Sun Life Banking & PSU Debt Fund  - DIRECT - IDCW,Aditya Birla Sun Life Mutual Fund,Open Ended Schemes,Debt Scheme - Banking and PSU Fund,31-07-2025,108.21670
119551,Aditya Birla Sun Life Banking & PSU Debt Fund  - DIRECT - IDCW,Aditya Birla Sun Life Mutual Fund,Open Ended Schemes,Debt Scheme - Banking and PSU Fund,30-07-2025,108.17570
119551,Aditya Birla Sun Life Banking & PSU Debt Fund  - DIRECT - IDCW,Aditya Birla Sun Life Mutual Fund,Open Ended Schemes,Debt Scheme - Banking and PSU Fund,29-07-2025,108.18280
119551,Aditya Birla Sun Life Banking & PSU Debt Fund  - DIRECT - IDCW,Aditya Birla Sun Life Mutual Fund,Open Ended Schemes,Debt Scheme - Banking and PSU Fund,28-07-2025,108.21930
119551,Aditya Birla Sun Life Banking & PSU Debt Fund  - DIRECT - IDCW,Aditya Birla Sun Life Mutual Fund,Open Ended Schemes,Debt Scheme - Banking and PSU Fund,25-07-2025,108.19820
119551,Aditya Birla Sun Life Banking & PSU Debt Fund  - DIRECT - IDCW,Aditya Birla Sun Life Mutual Fund,Open Ended Schemes,Debt Scheme - Banking and PSU Fund,24-07-2025,108.25730
119551,Aditya Birla Sun Life Banking & PSU Debt Fund  - DIRECT - IDCW,Aditya Birla Sun Life Mutual Fund,Open Ended Schemes,Debt Scheme - Banking and PSU Fund,23-07-2025,108.22770
119551,Aditya Birla Sun Life Banking & PSU Debt Fund  - DIRECT - IDCW,Aditya Birla Sun Life Mutual Fund,Open Ended Schemes,Debt Scheme - Banking and PSU Fund,22-07-2025,108.19790
119551,Aditya Birla Sun Life Banking & PSU Debt Fund  - DIRECT - IDCW,Aditya Birla Sun Life Mutual Fund,Open Ended Schemes,Debt Scheme - Banking and PSU Fund,21-07-2025,108.17290
119551,Aditya Birla Sun Life Banking & PSU Debt Fund  - DIRECT - IDCW,Aditya Birla Sun Life Mutual Fund,Open Ended Schemes,Debt Scheme - Banking and PSU Fund,18-07-2025,108.11610
119551,Aditya Birla Sun Life Banking & PSU Debt Fund  - DIRECT - IDCW,Aditya Birla Sun Life Mutual Fund,Open Ended Schemes,Debt Scheme - Banking and PSU Fund,17-07-2025,108.02720
119551,Aditya Birla Sun Life Banking & PSU Debt Fund  - DIRECT - IDCW,Aditya Birla Sun Life Mutual Fund,Open Ended Schemes,Debt Scheme - Banking and PSU Fund,16-07-2025,107.96580
119551,Aditya Birla Sun Life Banking & PSU Debt Fund  - DIRECT - IDCW,Aditya Birla Sun Life Mutual Fund,Open Ended Schemes,Debt Scheme - Banking and PSU Fund,15-07-2025,107.96200
119551,Aditya Birla Sun Life Banking & PSU Debt Fund  - DIRECT - IDCW,Aditya Birla Sun Life Mutual Fund,Open Ended Schemes,Debt Scheme - Banking and PSU Fund,14-07-2025,107.96170
119551,Aditya Birla Sun Life Banking & PSU Debt Fund  - DIRECT - IDCW,Aditya Birla Sun Life Mutual Fund,Open Ended Schemes,Debt Scheme - Banking and PSU Fund,11-07-2025,107.91250
119551,Aditya Birla Sun Life Banking & PSU Debt Fund  - DIRECT - IDCW,Aditya Birla Sun Life Mutual Fund,Open Ended Schemes,Debt Scheme - Banking and PSU Fund,10-07-2025,107.89280
119551,Aditya Birla Sun Life Banking & PSU Debt Fund  - DIRECT - IDCW,Aditya Birla Sun Life Mutual Fund,Open Ended Schemes,Debt Scheme - Banking and PSU Fund,09-07-2025,107.89240
119551,Aditya Birla Sun Life Banking & PSU Debt Fund  - DIRECT - IDCW,Aditya Birla Sun Life Mutual Fund,Open Ended Schemes,Debt Scheme - Banking and PSU Fund,08-07-2025,107.91980
119551,Aditya Birla Sun Life Banking & PSU Debt Fund  - DIRECT - IDCW,Aditya Birla Sun Life Mutual Fund,Open Ended Schemes,Debt Scheme - Banking and PSU Fund,07-07-2025,107.92430
119551,Aditya Birla Sun Life Banking & PSU Debt Fund  - DIRECT - IDCW,Aditya Birla Sun Life Mutual Fund,Open Ended Schemes,Debt Scheme - Banking and PSU Fund,04-07-2025,107.84660
119551,Aditya Birla Sun Life Banking & PSU Debt Fund  - DIRECT - IDCW,Aditya Birla Sun Life Mutual Fund,Open Ended Schemes,Debt Scheme - Banking and PSU Fund,03-07-2025,107.85520
119551,Aditya Birla Sun Life Banking & PSU Debt Fund  - DIRECT - IDCW,Aditya Birla Sun Life Mutual Fund,Open Ended Schemes,Debt Scheme - Banking and PSU Fund,02-07-2025,107.76770
119551,Aditya Birla Sun Life Banking & PSU Debt Fund  - DIRECT - IDCW,Aditya Birla Sun Life Mutual Fund,Open Ended Schemes,Debt Scheme - Banking and PSU Fund,01-07-2025,107.66240
119551,Aditya Birla Sun Life Banking & PSU Debt Fund  - DIRECT - IDCW,Aditya Birla Sun Life Mutual Fund,Open Ended Schemes,Debt Scheme - Banking and PSU Fund,30-06-2025,107.57670
119551,Aditya Birla Sun Life Banking & PSU Debt Fund  - DIRECT - IDCW,Aditya Birla Sun Life Mutual Fund,Open Ended Schemes,Debt Scheme - Banking and PSU Fund,27-06-2025,107.48780
119551,Aditya Birla Sun Life Banking & PSU Debt Fund  - DIRECT - IDCW,Aditya Birla Sun Life Mutual Fund,Open Ended Schemes,Debt Scheme - Banking and PSU Fund,26-06-2025,107.50110
119551,Aditya Birla Sun Life Banking & PSU Debt Fund  - DIRECT - IDCW,Aditya Birla Sun Life Mutual Fund,Open Ended Schemes,Debt Scheme - Banking and PSU Fund,25-06-2025,107.51100
119551,Aditya Birla Sun Life Banking & PSU Debt Fund  - DIRECT - IDCW,Aditya Birla Sun Life Mutual Fund,Open Ended Schemes,Debt Scheme - Banking and PSU Fund,24-06-2025,107.57330
119551,Aditya Birla Sun Life Banking & PSU Debt Fund  - DIRECT - IDCW,Aditya Birla Sun Life Mutual Fund,Open Ended Schemes,Debt Scheme - Banking and PSU Fund,23-06-2025,107.45770
119551,Aditya Birla Sun Life Banking & PSU Debt Fund  - DIRECT - IDCW,Aditya Birla Sun Life Mutual Fund,Open Ended Schemes,Debt Scheme - Banking and PSU Fund,20-06-2025,107.43840
119551,Aditya Birla Sun Life Banking & PSU Debt Fund  - DIRECT - IDCW,Aditya Birla Sun Life Mutual Fund,Open Ended Schemes,Debt Scheme - Banking and PSU Fund,19-06-2025,107.44650
119551,Aditya Birla Sun Life Banking & PSU Debt Fund  - DIRECT - IDCW,Aditya Birla Sun Life Mutual Fund,Open Ended Schemes,Debt Scheme - Banking and PSU Fund,18-06-2025,107.57160
119551,Aditya Birla Sun Life Banking & PSU Debt Fund  - DIRECT - IDCW,Aditya Birla Sun Life Mutual Fund,Open Ended Schemes,Debt Scheme - Banking and PSU Fund,17-06-2025,107.56440
119551,Aditya Birla Sun Life Banking & PSU Debt Fund  - DIRECT - IDCW,Aditya Birla Sun Life Mutual Fund,Open Ended Schemes,Debt Scheme - Banking and PSU Fund,16-06-2025,107.43870
119551,Aditya Birla Sun Life Banking & PSU Debt Fund  - DIRECT - IDCW,Aditya Birla Sun Life Mutual Fund,Open Ended Schemes,Debt Scheme - Banking and PSU Fund,13-06-2025,107.35750
119551,Aditya Birla Sun Life Banking & PSU Debt Fund  - DIRECT - IDCW,Aditya Birla Sun Life Mutual Fund,Open Ended Schemes,Debt Scheme - Banking and PSU Fund,12-06-2025,107.48250
119551,Aditya Birla Sun Life Banking & PSU Debt Fund  - DIRECT - IDCW,Aditya Birla Sun Life Mutual Fund,Open Ended Schemes,Debt Scheme - Banking and PSU Fund,11-06-2025,107.54390
119551,Aditya Birla Sun Life Banking & PSU Debt Fund  - DIRECT - IDCW,Aditya Birla Sun Life Mutual Fund,Open Ended Schemes,Debt Scheme - Banking and PSU Fund,10-06-2025,107.64210
119551,Aditya Birla Sun Life Banking & PSU Debt Fund  - DIRECT - IDCW,Aditya Birla Sun Life Mutual Fund,Open Ended Schemes,Debt Scheme - Banking and PSU Fund,09-06-2025,107.88600
119551,Aditya Birla Sun Life Banking & PSU Debt Fund  - DIRECT - IDCW,Aditya Birla Sun Life Mutual Fund,Open Ended Schemes,Debt Scheme - Banking and PSU Fund,06-06-2025,108.00920
119551,Aditya Birla Sun Life Banking & PSU Debt Fund  - DIRECT - IDCW,Aditya Birla Sun Life Mutual Fund,Open Ended Schemes,Debt Scheme - Banking and PSU Fund,05-06-2025,107.78120
119551,Aditya Birla Sun Life Banking & PSU Debt Fund  - DIRECT - IDCW,Aditya Birla Sun Life Mutual Fund,Open Ended Schemes,Debt Scheme - Banking and PSU Fund,04-06-2025,107.74690
119551,Aditya Birla Sun Life Banking & PSU Debt Fund  - DIRECT - IDCW,Aditya Birla Sun Life Mutual Fund,Open Ended Schemes,Debt Scheme - Banking and PSU Fund,03-06-2025,107.73450
119551,Aditya Birla Sun Life Banking & PSU Debt Fund  - DIRECT - IDCW,Aditya Birla Sun Life Mutual Fund,Open Ended Schemes,Debt Scheme - Banking and PSU Fund,02-06-2025,107.71030
119551,Aditya Birla Sun Life Banking & PSU Debt Fund  - DIRECT - IDCW,Aditya Birla Sun Life Mutual Fund,Open Ended Schemes,Debt Scheme - Banking and PSU Fund,30-05-2025,107.65700
119551,Aditya Birla Sun Life Banking & PSU Debt Fund  - DIRECT - IDCW,Aditya Birla Sun Life Mutual Fund,Open Ended Schemes,Debt Scheme - Banking and PSU Fund,29-05-2025,107.68830
119551,Aditya Birla Sun Life Banking & PSU Debt Fund  - DIRECT - IDCW,Aditya Birla Sun Life Mutual Fund,Open Ended Schemes,Debt Scheme - Banking and PSU Fund,28-05-2025,107.68220
119551,Aditya Birla Sun Life Banking & PSU Debt Fund  - DIRECT - IDCW,Aditya Birla Sun Life Mutual Fund,Open Ended Schemes,Debt Scheme - Banking and PSU Fund,27-05-2025,107.63290
119551,Aditya Birla Sun Life Banking & PSU Debt Fund  - DIRECT - IDCW,Aditya Birla Sun Life Mutual Fund,Open Ended Schemes,Debt Scheme - Banking and PSU Fund,26-05-2025,107.62180
119551,Aditya Birla Sun Life Banking & PSU Debt Fund  - DIRECT - IDCW,Aditya Birla Sun Life Mutual Fund,Open Ended Schemes,Debt Scheme - Banking and PSU Fund,23-05-2025,107.55340
119551,Aditya Birla Sun Life Banking & PSU Debt Fund  - DIRECT - IDCW,Aditya Birla Sun Life Mutual Fund,Open Ended Schemes,Debt Scheme - Banking and PSU Fund,22-05-2025,107.51930
119551,Aditya Birla Sun Life Banking & PSU Debt Fund  - DIRECT - IDCW,Aditya Birla Sun Life Mutual Fund,Open Ended Schemes,Debt Scheme - Banking and PSU Fund,21-05-2025,107.48780
119551,Aditya Birla Sun Life Banking & PSU Debt Fund  - DIRECT - IDCW,Aditya Birla Sun Life Mutual Fund,Open Ended Schemes,Debt Scheme - Banking and PSU Fund,20-05-2025,107.28670
119551,Aditya Birla Sun Life Banking & PSU Debt Fund  - DIRECT - IDCW,Aditya Birla Sun Life Mutual Fund,Open Ended Schemes,Debt Scheme - Banking and PSU Fund,19-05-2025,107.17660
119551,Aditya Birla Sun Life Banking & PSU Debt Fund  - DIRECT - IDCW,Aditya Birla Sun Life Mutual Fund,Open Ended Schemes,Debt Scheme - Banking and PSU Fund,16-05-2025,107.06880
119551,Aditya Birla Sun Life Banking & PSU Debt Fund  - DIRECT - IDCW,Aditya Birla Sun Life Mutual Fund,Open Ended Schemes,Debt Scheme - Banking and PSU Fund,15-05-2025,106.90550
119551,Aditya Birla Sun Life Banking & PSU Debt Fund  - DIRECT - IDCW,Aditya Birla Sun Life Mutual Fund,Open Ended Schemes,Debt Scheme - Banking and PSU Fund,14-05-2025,106.79010
119551,Aditya Birla Sun Life Banking & PSU Debt Fund  - DIRECT - IDCW,Aditya Birla Sun Life Mutual Fund,Open Ended Schemes,Debt Scheme - Banking and PSU Fund,13-05-2025,106.66610
119551,Aditya Birla Sun Life Banking & PSU Debt Fund  - DIRECT - IDCW,Aditya Birla Sun Life Mutual Fund,Open Ended Schemes,Debt Scheme - Banking and PSU Fund,09-05-2025,106.27890
119551,Aditya Birla Sun Life Banking & PSU Debt Fund  - DIRECT - IDCW,Aditya Birla Sun Life Mutual Fund,Open Ended Schemes,Debt Scheme - Banking and PSU Fund,08-05-2025,106.34660
119551,Aditya Birla Sun Life Banking & PSU Debt Fund  - DIRECT - IDCW,Aditya Birla Sun Life Mutual Fund,Open Ended Schemes,Debt Scheme - Banking and PSU Fund,07-05-2025,106.55850
119551,Aditya Birla Sun Life Banking & PSU Debt Fund  - DIRECT - IDCW,Aditya Birla Sun Life Mutual Fund,Open Ended Schemes,Debt Scheme - Banking and PSU Fund,06-05-2025,106.50850
119551,Aditya Birla Sun Life Banking & PSU Debt Fund  - DIRECT - IDCW,Aditya Birla Sun Life Mutual Fund,Open Ended Schemes,Debt Scheme - Banking and PSU Fund,05-05-2025,106.54510
119551,Aditya Birla Sun Life Banking & PSU Debt Fund  - DIRECT - IDCW,Aditya Birla Sun Life Mutual Fund,Open Ended Schemes,Debt Scheme - Banking and PSU Fund,02-05-2025,106.45730
119551,Aditya Birla Sun Life Banking & PSU Debt Fund  - DIRECT - IDCW,Aditya Birla Sun Life Mutual Fund,Open Ended Schemes,Debt Scheme - Banking and PSU Fund,30-04-2025,106.42720
119551,Aditya Birla Sun Life Banking & PSU Debt Fund  - DIRECT - IDCW,Aditya Birla Sun Life Mutual Fund,Open Ended Schemes,Debt Scheme - Banking and PSU Fund,29-04-2025,106.42310
119551,Aditya Birla Sun Life Banking & PSU Debt Fund  - DIRECT - IDCW,Aditya Birla Sun Life Mutual Fund,Open Ended Schemes,Debt Scheme - Banking and PSU Fund,28-04-2025,106.34220
119551,Aditya Birla Sun Life Banking & PSU Debt Fund  - DIRECT - IDCW,Aditya Birla Sun Life Mutual Fund,Open Ended Schemes,Debt Scheme - Banking and PSU Fund,25-04-2025,106.29280
119551,Aditya Birla Sun Life Banking & PSU Debt Fund  - DIRECT - IDCW,Aditya Birla Sun Life Mutual Fund,Open Ended Schemes,Debt Scheme - Banking and PSU Fund,24-04-2025,106.34310
119551,Aditya Birla Sun Life Banking & PSU Debt Fund  - DIRECT - IDCW,Aditya Birla Sun Life Mutual Fund,Open Ended Schemes,Debt Scheme - Banking and PSU Fund,23-04-2025,106.35570
119551,Aditya Birla Sun Life Banking & PSU Debt Fund  - DIRECT - IDCW,Aditya Birla Sun Life Mutual Fund,Open Ended Schemes,Debt Scheme - Banking and PSU Fund,22-04-2025,106.28670
119551,Aditya Birla Sun Life Banking & PSU Debt Fund  - DIRECT - IDCW,Aditya Birla Sun Life Mutual Fund,Open Ended Schemes,Debt Scheme - Banking and PSU Fund,21-04-2025,106.19590
119551,Aditya Birla Sun Life Banking & PSU Debt Fund  - DIRECT - IDCW,Aditya Birla Sun Life Mutual Fund,Open Ended Schemes,Debt Scheme - Banking and PSU Fund,17-04-2025,106.03930
119551,Aditya Birla Sun Life Banking & PSU Debt Fund  - DIRECT - IDCW,Aditya Birla Sun Life Mutual Fund,Open Ended Schemes,Debt Scheme - Banking and PSU Fund,16-04-2025,105.91380
119551,Aditya Birla Sun Life Banking & PSU Debt Fund  - DIRECT - IDCW,Aditya Birla Sun Life Mutual Fund,Open Ended Schemes,Debt Scheme - Banking and PSU Fund,15-04-2025,105.82560
119551,Aditya Birla Sun Life Banking & PSU Debt Fund  - DIRECT - IDCW,Aditya Birla Sun Life Mutual Fund,Open Ended Schemes,Debt Scheme - Banking and PSU Fund,11-04-2025,105.71660
119551,Aditya Birla Sun Life Banking & PSU Debt Fund  - DIRECT - IDCW,Aditya Birla Sun Life Mutual Fund,Open Ended Schemes,Debt Scheme - Banking and PSU Fund,09-04-2025,105.59500
119551,Aditya Birla Sun Life Banking & PSU Debt Fund  - DIRECT - IDCW,Aditya Birla Sun Life Mutual Fund,Open Ended Schemes,Debt Scheme - Banking and PSU Fund,08-04-2025,105.47980
119551,Aditya Birla Sun Life Banking & PSU Debt Fund  - DIRECT - IDCW,Aditya Birla Sun Life Mutual Fund,Open Ended Schemes,Debt Scheme - Banking and PSU Fund,07-04-2025,105.48950
119551,Aditya Birla Sun Life Banking & PSU Debt Fund  - DIRECT - IDCW,Aditya Birla Sun Life Mutual Fund,Open Ended Schemes,Debt Scheme - Banking and PSU Fund,04-04-2025,105.47310
119551,Aditya Birla Sun Life Banking & PSU Debt Fund  - DIRECT - IDCW,Aditya Birla Sun Life Mutual Fund,Open Ended Schemes,Debt Scheme - Banking and PSU Fund,03-04-2025,105.40700
119551,Aditya Birla Sun Life Banking & PSU Debt Fund  - DIRECT - IDCW,Aditya Birla Sun Life Mutual Fund,Open Ended Schemes,Debt Scheme - Banking and PSU Fund,02-04-2025,105.26930
119551,Aditya Birla Sun Life Banking & PSU Debt Fund  - DIRECT - IDCW,Aditya Birla Sun Life Mutual Fund,Open Ended Schemes,Debt Scheme - Banking and PSU Fund,31-03-2025,104.85170
119551,Aditya Birla Sun Life Banking & PSU Debt Fund  - DIRECT - IDCW,Aditya Birla Sun Life Mutual Fund,Open Ended Schemes,Debt Scheme - Banking and PSU Fund,28-03-2025,104.79800
119551,Aditya Birla Sun Life Banking & PSU Debt Fund  - DIRECT - IDCW,Aditya Birla Sun Life Mutual Fund,Open Ended Schemes,Debt Scheme - Banking and PSU Fund,27-03-2025,104.58870
119551,Aditya Birla Sun Life Banking & PSU Debt Fund  - DIRECT - IDCW,Aditya Birla Sun Life Mutual Fund,Open Ended Schemes,Debt Scheme - Banking and PSU Fund,26-03-2025,104.42750
119551,Aditya Birla Sun Life Banking & PSU Debt Fund  - DIRECT - IDCW,Aditya Birla Sun Life Mutual Fund,Open Ended Schemes,Debt Scheme - Banking and PSU Fund,25-03-2025,104.31520
119551,Aditya Birla Sun Life Banking & PSU Debt Fund  - DIRECT - IDCW,Aditya Birla Sun Life Mutual Fund,Open Ended Schemes,Debt Scheme - Banking and PSU Fund,24-03-2025,104.27110
119551,Aditya Birla Sun Life Banking & PSU Debt Fund  - DIRECT - IDCW,Aditya Birla Sun Life Mutual Fund,Open Ended Schemes,Debt Scheme - Banking and PSU Fund,21-03-2025,104.17870
119551,Aditya Birla Sun Life Banking & PSU Debt Fund  - DIRECT - IDCW,Aditya Birla Sun Life Mutual Fund,Open Ended Schemes,Debt Scheme - Banking and PSU Fund,20-03-2025,104.08510
119551,Aditya Birla Sun Life Banking & PSU Debt Fund  - DIRECT - IDCW,Aditya Birla Sun Life Mutual Fund,Open Ended Schemes,Debt Scheme - Banking and PSU Fund,19-03-2025,103.98430
119551,Aditya Birla Sun Life Banking & PSU Debt Fund  - DIRECT - IDCW,Aditya Birla Sun Life Mutual Fund,Open Ended Schemes,Debt Scheme - Banking and PSU Fund,18-03-2025,103.86850
119551,Aditya Birla Sun Life Banking & PSU Debt Fund  - DIRECT - IDCW,Aditya Birla Sun Life Mutual Fund,Open Ended Schemes,Debt Scheme - Banking and PSU Fund,17-03-2025,103.81830
119551,Aditya Birla Sun Life Banking & PSU Debt Fund  - DIRECT - IDCW,Aditya Birla Sun Life Mutual Fund,Open Ended Schemes,Debt Scheme - Banking and PSU Fund,13-03-2025,103.73140
119551,Aditya Birla Sun Life Banking & PSU Debt Fund  - DIRECT - IDCW,Aditya Birla Sun Life Mutual Fund,Open Ended Schemes,Debt Scheme - Banking and PSU Fund,12-03-2025,103.69370
119551,Aditya Birla Sun Life Banking & PSU Debt Fund  - DIRECT - IDCW,Aditya Birla Sun Life Mutual Fund,Open Ended Schemes,Debt Scheme - Banking and PSU Fund,11-03-2025,103.66330
119551,Aditya Birla Sun Life Banking & PSU Debt Fund  - DIRECT - IDCW,Aditya Birla Sun Life Mutual Fund,Open Ended Schemes,Debt Scheme - Banking and PSU Fund,10-03-2025,103.63180
119551,Aditya Birla Sun Life Banking & PSU Debt Fund  - DIRECT - IDCW,Aditya Birla Sun Life Mutual Fund,Open Ended Schemes,Debt Scheme - Banking and PSU Fund,07-03-2025,103.59320
119551,Aditya Birla Sun Life Banking & PSU Debt Fund  - DIRECT - IDCW,Aditya Birla Sun Life Mutual Fund,Open Ended Schemes,Debt Scheme - Banking and PSU Fund,06-03-2025,103.57700
119551,Aditya Birla Sun Life Banking & PSU Debt Fund  - DIRECT - IDCW,Aditya Birla Sun Life Mutual Fund,Open Ended Schemes,Debt Scheme - Banking and PSU Fund,05-03-2025,103.51560
119551,Aditya Birla Sun Life Banking & PSU Debt Fund  - DIRECT - IDCW,Aditya Birla Sun Life Mutual Fund,Open Ended Schemes,Debt Scheme - Banking and PSU Fund,04-03-2025,103.49610
119551,Aditya Birla Sun Life Banking & PSU Debt Fund  - DIRECT - IDCW,Aditya Birla Sun Life Mutual Fund,Open Ended Schemes,Debt Scheme - Banking and PSU Fund,03-03-2025,103.49150
119551,Aditya Birla Sun Life Banking & PSU Debt Fund  - DIRECT - IDCW,Aditya Birla Sun Life Mutual Fund,Open Ended Schemes,Debt Scheme - Banking and PSU Fund,28-02-2025,103.45420
119551,Aditya Birla Sun Life Banking & PSU Debt Fund  - DIRECT - IDCW,Aditya Birla Sun Life Mutual Fund,Open Ended Schemes,Debt Scheme - Banking and PSU Fund,27-02-2025,103.47500
119551,Aditya Birla Sun Life Banking & PSU Debt Fund  - DIRECT - IDCW,Aditya Birla Sun Life Mutual Fund,Open Ended Schemes,Debt Scheme - Banking and PSU Fund,25-02-2025,103.53110
119551,Aditya Birla Sun Life Banking & PSU Debt Fund  - DIRECT - IDCW,Aditya Birla Sun Life Mutual Fund,Open Ended Schemes,Debt Scheme - Banking and PSU Fund,24-02-2025,103.52300
119551,Aditya Birla Sun Life Banking & PSU Debt Fund  - DIRECT - IDCW,Aditya Birla Sun Life Mutual Fund,Open Ended Schemes,Debt Scheme - Banking and PSU Fund,21-02-2025,103.46060
119551,Aditya Birla Sun Life Banking & PSU Debt Fund  - DIRECT - IDCW,Aditya Birla Sun Life Mutual Fund,Open Ended Schemes,Debt Scheme - Banking and PSU Fund,20-02-2025,103.44730
119551,Aditya Birla Sun Life Banking & PSU Debt Fund  - DIRECT - IDCW,Aditya Birla Sun Life Mutual Fund,Open Ended Schemes,Debt Scheme - Banking and PSU Fund,18-02-2025,103.42800
119551,Aditya Birla Sun Life Banking & PSU Debt Fund  - DIRECT - IDCW,Aditya Birla Sun Life Mutual Fund,Open Ended Schemes,Debt Scheme - Banking and PSU Fund,17-02-2025,103.40240
119551,Aditya Birla Sun Life Banking & PSU Debt Fund  - DIRECT - IDCW,Aditya Birla Sun Life Mutual Fund,Open Ended Schemes,Debt Scheme - Banking and PSU Fund,14-02-2025,103.35870
119551,Aditya Birla Sun Life Banking & PSU Debt Fund  - DIRECT - IDCW,Aditya Birla Sun Life Mutual Fund,Open Ended Schemes,Debt Scheme - Banking and PSU Fund,13-02-2025,103.34130
119551,Aditya Birla Sun Life Banking & PSU Debt Fund  - DIRECT - IDCW,Aditya Birla Sun Life Mutual Fund,Open Ended Schemes,Debt Scheme - Banking and PSU Fund,12-02-2025,103.33270
119551,Aditya Birla Sun Life Banking & PSU Debt Fund  - DIRECT - IDCW,Aditya Birla Sun Life Mutual Fund,Open Ended Schemes,Debt Scheme - Banking and PSU Fund,11-02-2025,103.34910
119551,Aditya Birla Sun Life Banking & PSU Debt Fund  - DIRECT - IDCW,Aditya Birla Sun Life Mutual Fund,Open Ended Schemes,Debt Scheme - Banking and PSU Fund,10-02-2025,103.31190
119551,Aditya Birla Sun Life Banking & PSU Debt Fund  - DIRECT - IDCW,Aditya Birla Sun Life Mutual Fund,Open Ended Schemes,Debt Scheme - Banking and PSU Fund,07-02-2025,103.29830
119551,Aditya Birla Sun Life Banking & PSU Debt Fund  - DIRECT - IDCW,Aditya Birla Sun Life Mutual Fund,Open Ended Schemes,Debt Scheme - Banking and PSU Fund,06-02-2025,103.35570
119551,Aditya Birla Sun Life Banking & PSU Debt Fund  - DIRECT - IDCW,Aditya Birla Sun Life Mutual Fund,Open Ended Schemes,Debt Scheme - Banking and PSU Fund,05-02-2025,103.28870
119551,Aditya Birla Sun Life Banking & PSU Debt Fund  - DIRECT - IDCW,Aditya Birla Sun Life Mutual Fund,Open Ended Schemes,Debt Scheme - Banking and PSU Fund,04-02-2025,103.20960
119551,Aditya Birla Sun Life Banking & PSU Debt Fund  - DIRECT - IDCW,Aditya Birla Sun Life Mutual Fund,Open Ended Schemes,Debt Scheme - Banking and PSU Fund,03-02-2025,103.20790
119551,Aditya Birla Sun Life Banking & PSU Debt Fund  - DIRECT - IDCW,Aditya Birla Sun Life Mutual Fund,Open Ended Schemes,Debt Scheme - Banking and PSU Fund,31-01-2025,103.11940
119551,Aditya Birla Sun Life Banking & PSU Debt Fund  - DIRECT - IDCW,Aditya Birla Sun Life Mutual Fund,Open Ended Schemes,Debt Scheme - Banking and PSU Fund,30-01-2025,103.09950
119551,Aditya Birla Sun Life Banking & PSU Debt Fund  - DIRECT - IDCW,Aditya Birla Sun Life Mutual Fund,Open Ended Schemes,Debt Scheme - Banking and PSU Fund,29-01-2025,103.06310
119551,Aditya Birla Sun Life Banking & PSU Debt Fund  - DIRECT - IDCW,Aditya Birla Sun Life Mutual Fund,Open Ended Schemes,Debt Scheme - Banking and PSU Fund,28-01-2025,103.05510
119551,Aditya Birla Sun Life Banking & PSU Debt Fund  - DIRECT - IDCW,Aditya Birla Sun Life Mutual Fund,Open Ended Schemes,Debt Scheme - Banking and PSU Fund,27-01-2025,103.01910
119551,Aditya Birla Sun Life Banking & PSU Debt Fund  - DIRECT - IDCW,Aditya Birla Sun Life Mutual Fund,Open Ended Schemes,Debt Scheme - Banking and PSU Fund,24-01-2025,102.90000
119551,Aditya Birla Sun Life Banking & PSU Debt Fund  - DIRECT - IDCW,Aditya Birla Sun Life Mutual Fund,Open Ended Schemes,Debt Scheme - Banking and PSU Fund,23-01-2025,102.88280
119551,Aditya Birla Sun Life Banking & PSU Debt Fund  - DIRECT - IDCW,Aditya Birla Sun Life Mutual Fund,Open Ended Schemes,Debt Scheme - Banking and PSU Fund,22-01-2025,102.88200
119551,Aditya Birla Sun Life Banking & PSU Debt Fund  - DIRECT - IDCW,Aditya Birla Sun Life Mutual Fund,Open Ended Schemes,Debt Scheme - Banking and PSU Fund,21-01-2025,102.83300
119551,Aditya Birla Sun Life Banking & PSU Debt Fund  - DIRECT - IDCW,Aditya Birla Sun Life Mutual Fund,Open Ended Schemes,Debt Scheme - Banking and PSU Fund,20-01-2025,102.77220
119551,Aditya Birla Sun Life Banking & PSU Debt Fund  - DIRECT - IDCW,Aditya Birla Sun Life Mutual Fund,Open Ended Schemes,Debt Scheme - Banking and PSU Fund,17-01-2025,102.69710
119551,Aditya Birla Sun Life Banking & PSU Debt Fund  - DIRECT - IDCW,Aditya Birla Sun Life Mutual Fund,Open Ended Schemes,Debt Scheme - Banking and PSU Fund,16-01-2025,102.68460
119551,Aditya Birla Sun Life Banking & PSU Debt Fund  - DIRECT - IDCW,Aditya Birla Sun Life Mutual Fund,Open Ended Schemes,Debt Scheme - Banking and PSU Fund,15-01-2025,102.55470
119551,Aditya Birla Sun Life Banking & PSU Debt Fund  - DIRECT - IDCW,Aditya Birla Sun Life Mutual Fund,Open Ended Schemes,Debt Scheme - Banking and PSU Fund,14-01-2025,102.50670
119551,Aditya Birla Sun Life Banking & PSU Debt Fund  - DIRECT - IDCW,Aditya Birla Sun Life Mutual Fund,Open Ended Schemes,Debt Scheme - Banking and PSU Fund,13-01-2025,102.47900
119551,Aditya Birla Sun Life Banking & PSU Debt Fund  - DIRECT - IDCW,Aditya Birla Sun Life Mutual Fund,Open Ended Schemes,Debt Scheme - Banking and PSU Fund,10-01-2025,102.57880
119551,Aditya Birla Sun Life Banking & PSU Debt Fund  - DIRECT - IDCW,Aditya Birla Sun Life Mutual Fund,Open Ended Schemes,Debt Scheme - Banking and PSU Fund,09-01-2025,102.56690
119551,Aditya Birla Sun Life Banking & PSU Debt Fund  - DIRECT - IDCW,Aditya Birla Sun Life Mutual Fund,Open Ended Schemes,Debt Scheme - Banking and PSU Fund,08-01-2025,102.58420
119551,Aditya Birla Sun Life Banking & PSU Debt Fund  - DIRECT - IDCW,Aditya Birla Sun Life Mutual Fund,Open Ended Schemes,Debt Scheme - Banking and PSU Fund,07-01-2025,102.59420
119551,Aditya Birla Sun Life Banking & PSU Debt Fund  - DIRECT - IDCW,Aditya Birla Sun Life Mutual Fund,Open Ended Schemes,Debt Scheme - Banking and PSU Fund,06-01-2025,102.54280
119551,Aditya Birla Sun Life Banking & PSU Debt Fund  - DIRECT - IDCW,Aditya Birla Sun Life Mutual Fund,Open Ended Schemes,Debt Scheme - Banking and PSU Fund,03-01-2025,102.47340
119551,Aditya Birla Sun Life Banking & PSU Debt Fund  - DIRECT - IDCW,Aditya Birla Sun Life Mutual Fund,Open Ended Schemes,Debt Scheme - Banking and PSU Fund,02-01-2025,102.44110
119551,Aditya Birla Sun Life Banking & PSU Debt Fund  - DIRECT - IDCW,Aditya Birla Sun Life Mutual Fund,Open Ended Schemes,Debt Scheme - Banking and PSU Fund,01-01-2025,102.43730
119551,Aditya Birla Sun Life Banking & PSU Debt Fund  - DIRECT - IDCW,Aditya Birla Sun Life Mutual Fund,Open Ended Schemes,Debt Scheme - Banking and PSU Fund,31-12-2024,102.42610
119551,Aditya Birla Sun Life Banking & PSU Debt Fund  - DIRECT - IDCW,Aditya Birla Sun Life Mutual Fund,Open Ended Schemes,Debt Scheme - Banking and PSU Fund,30-12-2024,102.39350
119551,Aditya Birla Sun Life Banking & PSU Debt Fund  - DIRECT - IDCW,Aditya Birla Sun Life Mutual Fund,Open Ended Schemes,Debt Scheme - Banking and PSU Fund,27-12-2024,102.33770
119551,Aditya Birla Sun Life Banking & PSU Debt Fund  - DIRECT - IDCW,Aditya Birla Sun Life Mutual Fund,Open Ended Schemes,Debt Scheme - Banking and PSU Fund,26-12-2024,102.30570
119551,Aditya Birla Sun Life Banking & PSU Debt Fund  - DIRECT - IDCW,Aditya Birla Sun Life Mutual Fund,Open Ended Schemes,Debt Scheme - Banking and PSU Fund,24-12-2024,102.27600
119551,Aditya Birla Sun Life Banking & PSU Debt Fund  - DIRECT - IDCW,Aditya Birla Sun Life Mutual Fund,Open Ended Schemes,Debt Scheme - Banking and PSU Fund,23-12-2024,102.29710
119551,Aditya Birla Sun Life Banking & PSU Debt Fund  - DIRECT - IDCW,Aditya Birla Sun Life Mutual Fund,Open Ended Schemes,Debt Scheme - Banking and PSU Fund,20-12-2024,102.22990
119551,Aditya Birla Sun Life Banking & PSU Debt Fund  - DIRECT - IDCW,Aditya Birla Sun Life Mutual Fund,Open Ended Schemes,Debt Scheme - Banking and PSU Fund,19-12-2024,102.23190
119551,Aditya Birla Sun Life Banking & PSU Debt Fund  - DIRECT - IDCW,Aditya Birla Sun Life Mutual Fund,Open Ended Schemes,Debt Scheme - Banking and PSU Fund,18-12-2024,102.30510
119551,Aditya Birla Sun Life Banking & PSU Debt Fund  - DIRECT - IDCW,Aditya Birla Sun Life Mutual Fund,Open Ended Schemes,Debt Scheme - Banking and PSU Fund,17-12-2024,102.27880
119551,Aditya Birla Sun Life Banking & PSU Debt Fund  - DIRECT - IDCW,Aditya Birla Sun Life Mutual Fund,Open Ended Schemes,Debt Scheme - Banking and PSU Fund,16-12-2024,108.81760
119551,Aditya Birla Sun Life Banking & PSU Debt Fund  - DIRECT - IDCW,Aditya Birla Sun Life Mutual Fund,Open Ended Schemes,Debt Scheme - Banking and PSU Fund,13-12-2024,108.76540
119551,Aditya Birla Sun Life Banking & PSU Debt Fund  - DIRECT - IDCW,Aditya Birla Sun Life Mutual Fund,Open Ended Schemes,Debt Scheme - Banking and PSU Fund,12-12-2024,108.76000
119551,Aditya Birla Sun Life Banking & PSU Debt Fund  - DIRECT - IDCW,Aditya Birla Sun Life Mutual Fund,Open Ended Schemes,Debt Scheme - Banking and PSU Fund,11-12-2024,108.77140
119551,Aditya Birla Sun Life Banking & PSU Debt Fund  - DIRECT - IDCW,Aditya Birla Sun Life Mutual Fund,Open Ended Schemes,Debt Scheme - Banking and PSU Fund,10-12-2024,108.75120
119551,Aditya Birla Sun Life Banking & PSU Debt Fund  - DIRECT - IDCW,Aditya Birla Sun Life Mutual Fund,Open Ended Schemes,Debt Scheme - Banking and PSU Fund,09-12-2024,108.71240
119551,Aditya Birla Sun Life Banking & PSU Debt Fund  - DIRECT - IDCW,Aditya Birla Sun Life Mutual Fund,Open Ended Schemes,Debt Scheme - Banking and PSU Fund,06-12-2024,108.64920
119551,Aditya Birla Sun Life Banking & PSU Debt Fund  - DIRECT - IDCW,Aditya Birla Sun Life Mutual Fund,Open Ended Schemes,Debt Scheme - Banking and PSU Fund,05-12-2024,108.71270
119551,Aditya Birla Sun Life Banking & PSU Debt Fund  - DIRECT - IDCW,Aditya Birla Sun Life Mutual Fund,Open Ended Schemes,Debt Scheme - Banking and PSU Fund,04-12-2024,108.66520
119551,Aditya Birla Sun Life Banking & PSU Debt Fund  - DIRECT - IDCW,Aditya Birla Sun Life Mutual Fund,Open Ended Schemes,Debt Scheme - Banking and PSU Fund,03-12-2024,108.57720
119551,Aditya Birla Sun Life Banking & PSU Debt Fund  - DIRECT - IDCW,Aditya Birla Sun Life Mutual Fund,Open Ended Schemes,Debt Scheme - Banking and PSU Fund,02-12-2024,108.54700
119551,Aditya Birla Sun Life Banking & PSU Debt Fund  - DIRECT - IDCW,Aditya Birla Sun Life Mutual Fund,Open Ended Schemes,Debt Scheme - Banking and PSU Fund,29-11-2024,108.34810
119551,Aditya Birla Sun Life Banking & PSU Debt Fund  - DIRECT - IDCW,Aditya Birla Sun Life Mutual Fund,Open Ended Schemes,Debt Scheme - Banking and PSU Fund,28-11-2024,108.24800
119551,Aditya Birla Sun Life Banking & PSU Debt Fund  - DIRECT - IDCW,Aditya Birla Sun Life Mutual Fund,Open Ended Schemes,Debt Scheme - Banking and PSU Fund,27-11-2024,108.21860
119551,Aditya Birla Sun Life Banking & PSU Debt Fund  - DIRECT - IDCW,Aditya Birla Sun Life Mutual Fund,Open Ended Schemes,Debt Scheme - Banking and PSU Fund,26-11-2024,108.23400
119551,Aditya Birla Sun Life Banking & PSU Debt Fund  - DIRECT - IDCW,Aditya Birla Sun Life Mutual Fund,Open Ended Schemes,Debt Scheme - Banking and PSU Fund,25-11-2024,108.21990
119551,Aditya Birla Sun Life Banking & PSU Debt Fund  - DIRECT - IDCW,Aditya Birla Sun Life Mutual Fund,Open Ended Schemes,Debt Scheme - Banking and PSU Fund,22-11-2024,108.13010
119551,Aditya Birla Sun Life Banking & PSU Debt Fund  - DIRECT - IDCW,Aditya Birla Sun Life Mutual Fund,Open Ended Schemes,Debt Scheme - Banking and PSU Fund,21-11-2024,108.15470
119551,Aditya Birla Sun Life Banking & PSU Debt Fund  - DIRECT - IDCW,Aditya Birla Sun Life Mutual Fund,Open Ended Schemes,Debt Scheme - Banking and PSU Fund,19-11-2024,108.14590
119551,Aditya Birla Sun Life Banking & PSU Debt Fund  - DIRECT - IDCW,Aditya Birla Sun Life Mutual Fund,Open Ended Schemes,Debt Scheme - Banking and PSU Fund,18-11-2024,108.11440
119551,Aditya Birla Sun Life Banking & PSU Debt Fund  - DIRECT - IDCW,Aditya Birla Sun Life Mutual Fund,Open Ended Schemes,Debt Scheme - Banking and PSU Fund,14-11-2024,108.02650
119551,Aditya Birla Sun Life Banking & PSU Debt Fund  - DIRECT - IDCW,Aditya Birla Sun Life Mutual Fund,Open Ended Schemes,Debt Scheme - Banking and PSU Fund,13-11-2024,108.05130
119551,Aditya Birla Sun Life Banking & PSU Debt Fund  - DIRECT - IDCW,Aditya Birla Sun Life Mutual Fund,Open Ended Schemes,Debt Scheme - Banking and PSU Fund,12-11-2024,108.05340
119551,Aditya Birla Sun Life Banking & PSU Debt Fund  - DIRECT - IDCW,Aditya Birla Sun Life Mutual Fund,Open Ended Schemes,Debt Scheme - Banking and PSU Fund,11-11-2024,108.04570
119551,Aditya Birla Sun Life Banking & PSU Debt Fund  - DIRECT - IDCW,Aditya Birla Sun Life Mutual Fund,Open Ended Schemes,Debt Scheme - Banking and PSU Fund,08-11-2024,107.98840
119551,Aditya Birla Sun Life Banking & PSU Debt Fund  - DIRECT - IDCW,Aditya Birla Sun Life Mutual Fund,Open Ended Schemes,Debt Scheme - Banking and PSU Fund,07-11-2024,107.92370
119551,Aditya Birla Sun Life Banking & PSU Debt Fund  - DIRECT - IDCW,Aditya Birla Sun Life Mutual Fund,Open Ended Schemes,Debt Scheme - Banking and PSU Fund,06-11-2024,107.88790
119551,Aditya Birla Sun Life Banking & PSU Debt Fund  - DIRECT - IDCW,Aditya Birla Sun Life Mutual Fund,Open Ended Schemes,Debt Scheme - Banking and PSU Fund,05-11-2024,107.88740
119551,Aditya Birla Sun Life Banking & PSU Debt Fund  - DIRECT - IDCW,Aditya Birla Sun Life Mutual Fund,Open Ended Schemes,Debt Scheme - Banking and PSU Fund,04-11-2024,107.87390
119551,Aditya Birla Sun Life Banking & PSU Debt Fund  - DIRECT - IDCW,Aditya Birla Sun Life Mutual Fund,Open Ended Schemes,Debt Scheme - Banking and PSU Fund,31-10-2024,107.80150
119551,Aditya Birla Sun Life Banking & PSU Debt Fund  - DIRECT - IDCW,Aditya Birla Sun Life Mutual Fund,Open Ended Schemes,Debt Scheme - Banking and PSU Fund,30-10-2024,107.78810
119551,Aditya Birla Sun Life Banking & PSU Debt Fund  - DIRECT - IDCW,Aditya Birla Sun Life Mutual Fund,Open Ended Schemes,Debt Scheme - Banking and PSU Fund,29-10-2024,107.72500
119551,Aditya Birla Sun Life Banking & PSU Debt Fund  - DIRECT - IDCW,Aditya Birla Sun Life Mutual Fund,Open Ended Schemes,Debt Scheme - Banking and PSU Fund,28-10-2024,107.68610
119551,Aditya Birla Sun Life Banking & PSU Debt Fund  - DIRECT - IDCW,Aditya Birla Sun Life Mutual Fund,Open Ended Schemes,Debt Scheme - Banking and PSU Fund,25-10-2024,107.69090
119551,Aditya Birla Sun Life Banking & PSU Debt Fund  - DIRECT - IDCW,Aditya Birla Sun Life Mutual Fund,Open Ended Schemes,Debt Scheme - Banking and PSU Fund,24-10-2024,107.67400
119551,Aditya Birla Sun Life Banking & PSU Debt Fund  - DIRECT - IDCW,Aditya Birla Sun Life Mutual Fund,Open Ended Schemes,Debt Scheme - Banking and PSU Fund,23-10-2024,107.63360
119551,Aditya Birla Sun Life Banking & PSU Debt Fund  - DIRECT - IDCW,Aditya Birla Sun Life Mutual Fund,Open Ended Schemes,Debt Scheme - Banking and PSU Fund,22-10-2024,107.58690
119551,Aditya Birla Sun Life Banking & PSU Debt Fund  - DIRECT - IDCW,Aditya Birla Sun Life Mutual Fund,Open Ended Schemes,Debt Scheme - Banking and PSU Fund,21-10-2024,107.63570
119551,Aditya Birla Sun Life Banking & PSU Debt Fund  - DIRECT - IDCW,Aditya Birla Sun Life Mutual Fund,Open Ended Schemes,Debt Scheme - Banking and PSU Fund,18-10-2024,107.61580
119551,Aditya Birla Sun Life Banking & PSU Debt Fund  - DIRECT - IDCW,Aditya Birla Sun Life Mutual Fund,Open Ended Schemes,Debt Scheme - Banking and PSU Fund,17-10-2024,107.65030
119551,Aditya Birla Sun Life Banking & PSU Debt Fund  - DIRECT - IDCW,Aditya Birla Sun Life Mutual Fund,Open Ended Schemes,Debt Scheme - Banking and PSU Fund,16-10-2024,107.65350
119551,Aditya Birla Sun Life Banking & PSU Debt Fund  - DIRECT - IDCW,Aditya Birla Sun Life Mutual Fund,Open Ended Schemes,Debt Scheme - Banking and PSU Fund,15-10-2024,107.65340
119551,Aditya Birla Sun Life Banking & PSU Debt Fund  - DIRECT - IDCW,Aditya Birla Sun Life Mutual Fund,Open Ended Schemes,Debt Scheme - Banking and PSU Fund,14-10-2024,107.61860
119551,Aditya Birla Sun Life Banking & PSU Debt Fund  - DIRECT - IDCW,Aditya Birla Sun Life Mutual Fund,Open Ended Schemes,Debt Scheme - Banking and PSU Fund,11-10-2024,107.52650
119551,Aditya Birla Sun Life Banking & PSU Debt Fund  - DIRECT - IDCW,Aditya Birla Sun Life Mutual Fund,Open Ended Schemes,Debt Scheme - Banking and PSU Fund,10-10-2024,107.50400
119551,Aditya Birla Sun Life Banking & PSU Debt Fund  - DIRECT - IDCW,Aditya Birla Sun Life Mutual Fund,Open Ended Schemes,Debt Scheme - Banking and PSU Fund,09-10-2024,107.47720
119551,Aditya Birla Sun Life Banking & PSU Debt Fund  - DIRECT - IDCW,Aditya Birla Sun Life Mutual Fund,Open Ended Schemes,Debt Scheme - Banking and PSU Fund,08-10-2024,107.31260
119551,Aditya Birla Sun Life Banking & PSU Debt Fund  - DIRECT - IDCW,Aditya Birla Sun Life Mutual Fund,Open Ended Schemes,Debt Scheme - Banking and PSU Fund,07-10-2024,107.24870
119551,Aditya Birla Sun Life Banking & PSU Debt Fund  - DIRECT - IDCW,Aditya Birla Sun Life Mutual Fund,Open Ended Schemes,Debt Scheme - Banking and PSU Fund,04-10-2024,107.22570
119551,Aditya Birla Sun Life Banking & PSU Debt Fund  - DIRECT - IDCW,Aditya Birla Sun Life Mutual Fund,Open Ended Schemes,Debt Scheme - Banking and PSU Fund,03-10-2024,107.30760
119551,Aditya Birla Sun Life Banking & PSU Debt Fund  - DIRECT - IDCW,Aditya Birla Sun Life Mutual Fund,Open Ended Schemes,Debt Scheme - Banking and PSU Fund,01-10-2024,107.32370
119551,Aditya Birla Sun Life Banking & PSU Debt Fund  - DIRECT - IDCW,Aditya Birla Sun Life Mutual Fund,Open Ended Schemes,Debt Scheme - Banking and PSU Fund,30-09-2024,107.22500
119551,Aditya Birla Sun Life Banking & PSU Debt Fund  - DIRECT - IDCW,Aditya Birla Sun Life Mutual Fund,Open Ended Schemes,Debt Scheme - Banking and PSU Fund,27-09-2024,107.17690
119551,Aditya Birla Sun Life Banking & PSU Debt Fund  - DIRECT - IDCW,Aditya Birla Sun Life Mutual Fund,Open Ended Schemes,Debt Scheme - Banking and PSU Fund,26-09-2024,107.19660
119551,Aditya Birla Sun Life Banking & PSU Debt Fund  - DIRECT - IDCW,Aditya Birla Sun Life Mutual Fund,Open Ended Schemes,Debt Scheme - Banking and PSU Fund,25-09-2024,107.11260
119551,Aditya Birla Sun Life Banking & PSU Debt Fund  - DIRECT - IDCW,Aditya Birla Sun Life Mutual Fund,Open Ended Schemes,Debt Scheme - Banking and PSU Fund,24-09-2024,107.04660
119551,Aditya Birla Sun Life Banking & PSU Debt Fund  - DIRECT - IDCW,Aditya Birla Sun Life Mutual Fund,Open Ended Schemes,Debt Scheme - Banking and PSU Fund,23-09-2024,107.02370
119551,Aditya Birla Sun Life Banking & PSU Debt Fund  - DIRECT - IDCW,Aditya Birla Sun Life Mutual Fund,Open Ended Schemes,Debt Scheme - Banking and PSU Fund,20-09-2024,106.92900
119551,Aditya Birla Sun Life Banking & PSU Debt Fund  - DIRECT - IDCW,Aditya Birla Sun Life Mutual Fund,Open Ended Schemes,Debt Scheme - Banking and PSU Fund,19-09-2024,106.88090
119551,Aditya Birla Sun Life Banking & PSU Debt Fund  - DIRECT - IDCW,Aditya Birla Sun Life Mutual Fund,Open Ended Schemes,Debt Scheme - Banking and PSU Fund,17-09-2024,106.76390
119551,Aditya Birla Sun Life Banking & PSU Debt Fund  - DIRECT - IDCW,Aditya Birla Sun Life Mutual Fund,Open Ended Schemes,Debt Scheme - Banking and PSU Fund,16-09-2024,106.76230
119551,Aditya Birla Sun Life Banking & PSU Debt Fund  - DIRECT - IDCW,Aditya Birla Sun Life Mutual Fund,Open Ended Schemes,Debt Scheme - Banking and PSU Fund,13-09-2024,106.65730
119551,Aditya Birla Sun Life Banking & PSU Debt Fund  - DIRECT - IDCW,Aditya Birla Sun Life Mutual Fund,Open Ended Schemes,Debt Scheme - Banking and PSU Fund,12-09-2024,106.58270
119551,Aditya Birla Sun Life Banking & PSU Debt Fund  - DIRECT - IDCW,Aditya Birla Sun Life Mutual Fund,Open Ended Schemes,Debt Scheme - Banking and PSU Fund,11-09-2024,106.55120
119551,Aditya Birla Sun Life Banking & PSU Debt Fund  - DIRECT - IDCW,Aditya Birla Sun Life Mutual Fund,Open Ended Schemes,Debt Scheme - Banking and PSU Fund,10-09-2024,106.49020
119551,Aditya Birla Sun Life Banking & PSU Debt Fund  - DIRECT - IDCW,Aditya Birla Sun Life Mutual Fund,Open Ended Schemes,Debt Scheme - Banking and PSU Fund,09-09-2024,106.46670
119551,Aditya Birla Sun Life Banking & PSU Debt Fund  - DIRECT - IDCW,Aditya Birla Sun Life Mutual Fund,Open Ended Schemes,Debt Scheme - Banking and PSU Fund,06-09-2024,106.41460
119551,Aditya Birla Sun Life Banking & PSU Debt Fund  - DIRECT - IDCW,Aditya Birla Sun Life Mutual Fund,Open Ended Schemes,Debt Scheme - Banking and PSU Fund,05-09-2024,106.40590
119551,Aditya Birla Sun Life Banking & PSU Debt Fund  - DIRECT - IDCW,Aditya Birla Sun Life Mutual Fund,Open Ended Schemes,Debt Scheme - Banking and PSU Fund,04-09-2024,106.37540
119551,Aditya Birla Sun Life Banking & PSU Debt Fund  - DIRECT - IDCW,Aditya Birla Sun Life Mutual Fund,Open Ended Schemes,Debt Scheme - Banking and PSU Fund,03-09-2024,106.33290
119551,Aditya Birla Sun Life Banking & PSU Debt Fund  - DIRECT - IDCW,Aditya Birla Sun Life Mutual Fund,Open Ended Schemes,Debt Scheme - Banking and PSU Fund,02-09-2024,106.30540
119551,Aditya Birla Sun Life Banking & PSU Debt Fund  - DIRECT - IDCW,Aditya Birla Sun Life Mutual Fund,Open Ended Schemes,Debt Scheme - Banking and PSU Fund,30-08-2024,106.26680
119551,Aditya Birla Sun Life Banking & PSU Debt Fund  - DIRECT - IDCW,Aditya Birla Sun Life Mutual Fund,Open Ended Schemes,Debt Scheme - Banking and PSU Fund,29-08-2024,106.26480
119551,Aditya Birla Sun Life Banking & PSU Debt Fund  - DIRECT - IDCW,Aditya Birla Sun Life Mutual Fund,Open Ended Schemes,Debt Scheme - Banking and PSU Fund,28-08-2024,106.23650
119551,Aditya Birla Sun Life Banking & PSU Debt Fund  - DIRECT - IDCW,Aditya Birla Sun Life Mutual Fund,Open Ended Schemes,Debt Scheme - Banking and PSU Fund,27-08-2024,106.19530
119551,Aditya Birla Sun Life Banking & PSU Debt Fund  - DIRECT - IDCW,Aditya Birla Sun Life Mutual Fund,Open Ended Schemes,Debt Scheme - Banking and PSU Fund,26-08-2024,106.17030
119551,Aditya Birla Sun Life Banking & PSU Debt Fund  - DIRECT - IDCW,Aditya Birla Sun Life Mutual Fund,Open Ended Schemes,Debt Scheme - Banking and PSU Fund,23-08-2024,106.11270
119551,Aditya Birla Sun Life Banking & PSU Debt Fund  - DIRECT - IDCW,Aditya Birla Sun Life Mutual Fund,Open Ended Schemes,Debt Scheme - Banking and PSU Fund,22-08-2024,106.08580
119551,Aditya Birla Sun Life Banking & PSU Debt Fund  - DIRECT - IDCW,Aditya Birla Sun Life Mutual Fund,Open Ended Schemes,Debt Scheme - Banking and PSU Fund,21-08-2024,106.05180
119551,Aditya Birla Sun Life Banking & PSU Debt Fund  - DIRECT - IDCW,Aditya Birla Sun Life Mutual Fund,Open Ended Schemes,Debt Scheme - Banking and PSU Fund,20-08-2024,106.02520
119551,Aditya Birla Sun Life Banking & PSU Debt Fund  - DIRECT - IDCW,Aditya Birla Sun Life Mutual Fund,Open Ended Schemes,Debt Scheme - Banking and PSU Fund,19-08-2024,105.98180
119551,Aditya Birla Sun Life Banking & PSU Debt Fund  - DIRECT - IDCW,Aditya Birla Sun Life Mutual Fund,Open Ended Schemes,Debt Scheme - Banking and PSU Fund,16-08-2024,105.91160
119551,Aditya Birla Sun Life Banking & PSU Debt Fund  - DIRECT - IDCW,Aditya Birla Sun Life Mutual Fund,Open Ended Schemes,Debt Scheme - Banking and PSU Fund,14-08-2024,105.89430
119551,Aditya Birla Sun Life Banking & PSU Debt Fund  - DIRECT - IDCW,Aditya Birla Sun Life Mutual Fund,Open Ended Schemes,Debt Scheme - Banking and PSU Fund,13-08-2024,105.85320
119551,Aditya Birla Sun Life Banking & PSU Debt Fund  - DIRECT - IDCW,Aditya Birla Sun Life Mutual Fund,Open Ended Schemes,Debt Scheme - Banking and PSU Fund,12-08-2024,105.82620
119551,Aditya Birla Sun Life Banking & PSU Debt Fund  - DIRECT - IDCW,Aditya Birla Sun Life Mutual Fund,Open Ended Schemes,Debt Scheme - Banking and PSU Fund,09-08-2024,105.78610
119551,Aditya Birla Sun Life Banking & PSU Debt Fund  - DIRECT - IDCW,Aditya Birla Sun Life Mutual Fund,Open Ended Schemes,Debt Scheme - Banking and PSU Fund,08-08-2024,105.76370
119551,Aditya Birla Sun Life Banking & PSU Debt Fund  - DIRECT - IDCW,Aditya Birla Sun Life Mutual Fund,Open Ended Schemes,Debt Scheme - Banking and PSU Fund,07-08-2024,105.75490
119551,Aditya Birla Sun Life Banking & PSU Debt Fund  - DIRECT - IDCW,Aditya Birla Sun Life Mutual Fund,Open Ended Schemes,Debt Scheme - Banking and PSU Fund,06-08-2024,105.72530
119551,Aditya Birla Sun Life Banking & PSU Debt Fund  - DIRECT - IDCW,Aditya Birla Sun Life Mutual Fund,Open Ended Schemes,Debt Scheme - Banking and PSU Fund,05-08-2024,105.72620
119551,Aditya Birla Sun Life Banking & PSU Debt Fund  - DIRECT - IDCW,Aditya Birla Sun Life Mutual Fund,Open Ended Schemes,Debt Scheme - Banking and PSU Fund,02-08-2024,105.59090
119551,Aditya Birla Sun Life Banking & PSU Debt Fund  - DIRECT - IDCW,Aditya Birla Sun Life Mutual Fund,Open Ended Schemes,Debt Scheme - Banking and PSU Fund,01-08-2024,105.54550
119551,Aditya Birla Sun Life Banking & PSU Debt Fund  - DIRECT - IDCW,Aditya Birla Sun Life Mutual Fund,Open Ended Schemes,Debt Scheme - Banking and PSU Fund,31-07-2024,105.51090
119551,Aditya Birla Sun Life Banking & PSU Debt Fund  - DIRECT - IDCW,Aditya Birla Sun Life Mutual Fund,Open Ended Schemes,Debt Scheme - Banking and PSU Fund,30-07-2024,105.50940
119551,Aditya Birla Sun Life Banking & PSU Debt Fund  - DIRECT - IDCW,Aditya Birla Sun Life Mutual Fund,Open Ended Schemes,Debt Scheme - Banking and PSU Fund,29-07-2024,105.51190
119551,Aditya Birla Sun Life Banking & PSU Debt Fund  - DIRECT - IDCW,Aditya Birla Sun Life Mutual Fund,Open Ended Schemes,Debt Scheme - Banking and PSU Fund,26-07-2024,105.41350
119551,Aditya Birla Sun Life Banking & PSU Debt Fund  - DIRECT - IDCW,Aditya Birla Sun Life Mutual Fund,Open Ended Schemes,Debt Scheme - Banking and PSU Fund,25-07-2024,105.34080
119551,Aditya Birla Sun Life Banking & PSU Debt Fund  - DIRECT - IDCW,Aditya Birla Sun Life Mutual Fund,Open Ended Schemes,Debt Scheme - Banking and PSU Fund,24-07-2024,105.25950
119551,Aditya Birla Sun Life Banking & PSU Debt Fund  - DIRECT - IDCW,Aditya Birla Sun Life Mutual Fund,Open Ended Schemes,Debt Scheme - Banking and PSU Fund,23-07-2024,105.22530
119551,Aditya Birla Sun Life Banking & PSU Debt Fund  - DIRECT - IDCW,Aditya Birla Sun Life Mutual Fund,Open Ended Schemes,Debt Scheme - Banking and PSU Fund,22-07-2024,105.22300
119551,Aditya Birla Sun Life Banking & PSU Debt Fund  - DIRECT - IDCW,Aditya Birla Sun Life Mutual Fund,Open Ended Schemes,Debt Scheme - Banking and PSU Fund,19-07-2024,105.17580
119551,Aditya Birla Sun Life Banking & PSU Debt Fund  - DIRECT - IDCW,Aditya Birla Sun Life Mutual Fund,Open Ended Schemes,Debt Scheme - Banking and PSU Fund,18-07-2024,105.14520
119551,Aditya Birla Sun Life Banking & PSU Debt Fund  - DIRECT - IDCW,Aditya Birla Sun Life Mutual Fund,Open Ended Schemes,Debt Scheme - Banking and PSU Fund,16-07-2024,105.08550
119551,Aditya Birla Sun Life Banking & PSU Debt Fund  - DIRECT - IDCW,Aditya Birla Sun Life Mutual Fund,Open Ended Schemes,Debt Scheme - Banking and PSU Fund,15-07-2024,105.01510
119551,Aditya Birla Sun Life Banking & PSU Debt Fund  - DIRECT - IDCW,Aditya Birla Sun Life Mutual Fund,Open Ended Schemes,Debt Scheme - Banking and PSU Fund,12-07-2024,104.92920
119551,Aditya Birla Sun Life Banking & PSU Debt Fund  - DIRECT - IDCW,Aditya Birla Sun Life Mutual Fund,Open Ended Schemes,Debt Scheme - Banking and PSU Fund,11-07-2024,104.92270
119551,Aditya Birla Sun Life Banking & PSU Debt Fund  - DIRECT - IDCW,Aditya Birla Sun Life Mutual Fund,Open Ended Schemes,Debt Scheme - Banking and PSU Fund,10-07-2024,104.90090
119551,Aditya Birla Sun Life Banking & PSU Debt Fund  - DIRECT - IDCW,Aditya Birla Sun Life Mutual Fund,Open Ended Schemes,Debt Scheme - Banking and PSU Fund,09-07-2024,104.87610
119551,Aditya Birla Sun Life Banking & PSU Debt Fund  - DIRECT - IDCW,Aditya Birla Sun Life Mutual Fund,Open Ended Schemes,Debt Scheme - Banking and PSU Fund,08-07-2024,104.84850
119551,Aditya Birla Sun Life Banking & PSU Debt Fund  - DIRECT - IDCW,Aditya Birla Sun Life Mutual Fund,Open Ended Schemes,Debt Scheme - Banking and PSU Fund,05-07-2024,104.77860
119551,Aditya Birla Sun Life Banking & PSU Debt Fund  - DIRECT - IDCW,Aditya Birla Sun Life Mutual Fund,Open Ended Schemes,Debt Scheme - Banking and PSU Fund,04-07-2024,104.74500
119551,Aditya Birla Sun Life Banking & PSU Debt Fund  - DIRECT - IDCW,Aditya Birla Sun Life Mutual Fund,Open Ended Schemes,Debt Scheme - Banking and PSU Fund,03-07-2024,104.71140
119551,Aditya Birla Sun Life Banking & PSU Debt Fund  - DIRECT - IDCW,Aditya Birla Sun Life Mutual Fund,Open Ended Schemes,Debt Scheme - Banking and PSU Fund,02-07-2024,104.67240
119551,Aditya Birla Sun Life Banking & PSU Debt Fund  - DIRECT - IDCW,Aditya Birla Sun Life Mutual Fund,Open Ended Schemes,Debt Scheme - Banking and PSU Fund,01-07-2024,104.62760
119551,Aditya Birla Sun Life Banking & PSU Debt Fund  - DIRECT - IDCW,Aditya Birla Sun Life Mutual Fund,Open Ended Schemes,Debt Scheme - Banking and PSU Fund,30-06-2024,104.61360
119551,Aditya Birla Sun Life Banking & PSU Debt Fund  - DIRECT - IDCW,Aditya Birla Sun Life Mutual Fund,Open Ended Schemes,Debt Scheme - Banking and PSU Fund,28-06-2024,104.57400
119551,Aditya Birla Sun Life Banking & PSU Debt Fund  - DIRECT - IDCW,Aditya Birla Sun Life Mutual Fund,Open Ended Schemes,Debt Scheme - Banking and PSU Fund,27-06-2024,104.53820
119551,Aditya Birla Sun Life Banking & PSU Debt Fund  - DIRECT - IDCW,Aditya Birla Sun Life Mutual Fund,Open Ended Schemes,Debt Scheme - Banking and PSU Fund,26-06-2024,104.51870
119551,Aditya Birla Sun Life Banking & PSU Debt Fund  - DIRECT - IDCW,Aditya Birla Sun Life Mutual Fund,Open Ended Schemes,Debt Scheme - Banking and PSU Fund,25-06-2024,104.54050
119551,Aditya Birla Sun Life Banking & PSU Debt Fund  - DIRECT - IDCW,Aditya Birla Sun Life Mutual Fund,Open Ended Schemes,Debt Scheme - Banking and PSU Fund,24-06-2024,117.87080
119551,Aditya Birla Sun Life Banking & PSU Debt Fund  - DIRECT - IDCW,Aditya Birla Sun Life Mutual Fund,Open Ended Schemes,Debt Scheme - Banking and PSU Fund,21-06-2024,104.47130
119551,Aditya Birla Sun Life Banking & PSU Debt Fund  - DIRECT - IDCW,Aditya Birla Sun Life Mutual Fund,Open Ended Schemes,Debt Scheme - Banking and PSU Fund,20-06-2024,104.43200
119551,Aditya Birla Sun Life Banking & PSU Debt Fund  - DIRECT - IDCW,Aditya Birla Sun Life Mutual Fund,Open Ended Schemes,Debt Scheme - Banking and PSU Fund,19-06-2024,104.39940
119551,Aditya Birla Sun Life Banking & PSU Debt Fund  - DIRECT - IDCW,Aditya Birla Sun Life Mutual Fund,Open Ended Schemes,Debt Scheme - Banking and PSU Fund,18-06-2024,104.35240
119551,Aditya Birla Sun Life Banking & PSU Debt Fund  - DIRECT - IDCW,Aditya Birla Sun Life Mutual Fund,Open Ended Schemes,Debt Scheme - Banking and PSU Fund,14-06-2024,104.27040
119551,Aditya Birla Sun Life Banking & PSU Debt Fund  - DIRECT - IDCW,Aditya Birla Sun Life Mutual Fund,Open Ended Schemes,Debt Scheme - Banking and PSU Fund,13-06-2024,104.23660
119551,Aditya Birla Sun Life Banking & PSU Debt Fund  - DIRECT - IDCW,Aditya Birla Sun Life Mutual Fund,Open Ended Schemes,Debt Scheme - Banking and PSU Fund,12-06-2024,104.17780
119551,Aditya Birla Sun Life Banking & PSU Debt Fund  - DIRECT - IDCW,Aditya Birla Sun Life Mutual Fund,Open Ended Schemes,Debt Scheme - Banking and PSU Fund,11-06-2024,104.15560
119551,Aditya Birla Sun Life Banking & PSU Debt Fund  - DIRECT - IDCW,Aditya Birla Sun Life Mutual Fund,Open Ended Schemes,Debt Scheme - Banking and PSU Fund,10-06-2024,104.09280
119551,Aditya Birla Sun Life Banking & PSU Debt Fund  - DIRECT - IDCW,Aditya Birla Sun Life Mutual Fund,Open Ended Schemes,Debt Scheme - Banking and PSU Fund,07-06-2024,104.03510
119551,Aditya Birla Sun Life Banking & PSU Debt Fund  - DIRECT - IDCW,Aditya Birla Sun Life Mutual Fund,Open Ended Schemes,Debt Scheme - Banking and PSU Fund,06-06-2024,103.99790
119551,Aditya Birla Sun Life Banking & PSU Debt Fund  - DIRECT - IDCW,Aditya Birla Sun Life Mutual Fund,Open Ended Schemes,Debt Scheme - Banking and PSU Fund,05-06-2024,103.90010
119551,Aditya Birla Sun Life Banking & PSU Debt Fund  - DIRECT - IDCW,Aditya Birla Sun Life Mutual Fund,Open Ended Schemes,Debt Scheme - Banking and PSU Fund,04-06-2024,103.84140
119551,Aditya Birla Sun Life Banking & PSU Debt Fund  - DIRECT - IDCW,Aditya Birla Sun Life Mutual Fund,Open Ended Schemes,Debt Scheme - Banking and PSU Fund,03-06-2024,104.09830
119551,Aditya Birla Sun Life Banking & PSU Debt Fund  - DIRECT - IDCW,Aditya Birla Sun Life Mutual Fund,Open Ended Schemes,Debt Scheme - Banking and PSU Fund,31-05-2024,103.95470
119551,Aditya Birla Sun Life Banking & PSU Debt Fund  - DIRECT - IDCW,Aditya Birla Sun Life Mutual Fund,Open Ended Schemes,Debt Scheme - Banking and PSU Fund,30-05-2024,103.92790
119551,Aditya Birla Sun Life Banking & PSU Debt Fund  - DIRECT - IDCW,Aditya Birla Sun Life Mutual Fund,Open Ended Schemes,Debt Scheme - Banking and PSU Fund,29-05-2024,103.89540
119551,Aditya Birla Sun Life Banking & PSU Debt Fund  - DIRECT - IDCW,Aditya Birla Sun Life Mutual Fund,Open Ended Schemes,Debt Scheme - Banking and PSU Fund,28-05-2024,103.91180
119551,Aditya Birla Sun Life Banking & PSU Debt Fund  - DIRECT - IDCW,Aditya Birla Sun Life Mutual Fund,Open Ended Schemes,Debt Scheme - Banking and PSU Fund,27-05-2024,103.91530
119551,Aditya Birla Sun Life Banking & PSU Debt Fund  - DIRECT - IDCW,Aditya Birla Sun Life Mutual Fund,Open Ended Schemes,Debt Scheme - Banking and PSU Fund,24-05-2024,103.87100
119551,Aditya Birla Sun Life Banking & PSU Debt Fund  - DIRECT - IDCW,Aditya Birla Sun Life Mutual Fund,Open Ended Schemes,Debt Scheme - Banking and PSU Fund,22-05-2024,103.79920
119551,Aditya Birla Sun Life Banking & PSU Debt Fund  - DIRECT - IDCW,Aditya Birla Sun Life Mutual Fund,Open Ended Schemes,Debt Scheme - Banking and PSU Fund,21-05-2024,103.72470
119551,Aditya Birla Sun Life Banking & PSU Debt Fund  - DIRECT - IDCW,Aditya Birla Sun Life Mutual Fund,Open Ended Schemes,Debt Scheme - Banking and PSU Fund,17-05-2024,103.60860
119551,Aditya Birla Sun Life Banking & PSU Debt Fund  - DIRECT - IDCW,Aditya Birla Sun Life Mutual Fund,Open Ended Schemes,Debt Scheme - Banking and PSU Fund,16-05-2024,103.61800
119551,Aditya Birla Sun Life Banking & PSU Debt Fund  - DIRECT - IDCW,Aditya Birla Sun Life Mutual Fund,Open Ended Schemes,Debt Scheme - Banking and PSU Fund,15-05-2024,103.53120
119551,Aditya Birla Sun Life Banking & PSU Debt Fund  - DIRECT - IDCW,Aditya Birla Sun Life Mutual Fund,Open Ended Schemes,Debt Scheme - Banking and PSU Fund,14-05-2024,103.45250
119551,Aditya Birla Sun Life Banking & PSU Debt Fund  - DIRECT - IDCW,Aditya Birla Sun Life Mutual Fund,Open Ended Schemes,Debt Scheme - Banking and PSU Fund,13-05-2024,103.41880
119551,Aditya Birla Sun Life Banking & PSU Debt Fund  - DIRECT - IDCW,Aditya Birla Sun Life Mutual Fund,Open Ended Schemes,Debt Scheme - Banking and PSU Fund,10-05-2024,103.36070
119551,Aditya Birla Sun Life Banking & PSU Debt Fund  - DIRECT - IDCW,Aditya Birla Sun Life Mutual Fund,Open Ended Schemes,Debt Scheme - Banking and PSU Fund,09-05-2024,103.32710
119551,Aditya Birla Sun Life Banking & PSU Debt Fund  - DIRECT - IDCW,Aditya Birla Sun Life Mutual Fund,Open Ended Schemes,Debt Scheme - Banking and PSU Fund,08-05-2024,103.31910
119551,Aditya Birla Sun Life Banking & PSU Debt Fund  - DIRECT - IDCW,Aditya Birla Sun Life Mutual Fund,Open Ended Schemes,Debt Scheme - Banking and PSU Fund,07-05-2024,103.32510
119551,Aditya Birla Sun Life Banking & PSU Debt Fund  - DIRECT - IDCW,Aditya Birla Sun Life Mutual Fund,Open Ended Schemes,Debt Scheme - Banking and PSU Fund,06-05-2024,103.31350
119551,Aditya Birla Sun Life Banking & PSU Debt Fund  - DIRECT - IDCW,Aditya Birla Sun Life Mutual Fund,Open Ended Schemes,Debt Scheme - Banking and PSU Fund,03-05-2024,103.16000
119551,Aditya Birla Sun Life Banking & PSU Debt Fund  - DIRECT - IDCW,Aditya Birla Sun Life Mutual Fund,Open Ended Schemes,Debt Scheme - Banking and PSU Fund,02-05-2024,103.10970
119551,Aditya Birla Sun Life Banking & PSU Debt Fund  - DIRECT - IDCW,Aditya Birla Sun Life Mutual Fund,Open Ended Schemes,Debt Scheme - Banking and PSU Fund,30-04-2024,103.05140
119551,Aditya Birla Sun Life Banking & PSU Debt Fund  - DIRECT - IDCW,Aditya Birla Sun Life Mutual Fund,Open Ended Schemes,Debt Scheme - Banking and PSU Fund,29-04-2024,103.01610
119551,Aditya Birla Sun Life Banking & PSU Debt Fund  - DIRECT - IDCW,Aditya Birla Sun Life Mutual Fund,Open Ended Schemes,Debt Scheme - Banking and PSU Fund,26-04-2024,102.95930
119551,Aditya Birla Sun Life Banking & PSU Debt Fund  - DIRECT - IDCW,Aditya Birla Sun Life Mutual Fund,Open Ended Schemes,Debt Scheme - Banking and PSU Fund,25-04-2024,102.94930
119551,Aditya Birla Sun Life Banking & PSU Debt Fund  - DIRECT - IDCW,Aditya Birla Sun Life Mutual Fund,Open Ended Schemes,Debt Scheme - Banking and PSU Fund,24-04-2024,102.95490
119551,Aditya Birla Sun Life Banking & PSU Debt Fund  - DIRECT - IDCW,Aditya Birla Sun Life Mutual Fund,Open Ended Schemes,Debt Scheme - Banking and PSU Fund,23-04-2024,102.95320
119551,Aditya Birla Sun Life Banking & PSU Debt Fund  - DIRECT - IDCW,Aditya Birla Sun Life Mutual Fund,Open Ended Schemes,Debt Scheme - Banking and PSU Fund,22-04-2024,102.88180
119551,Aditya Birla Sun Life Banking & PSU Debt Fund  - DIRECT - IDCW,Aditya Birla Sun Life Mutual Fund,Open Ended Schemes,Debt Scheme - Banking and PSU Fund,19-04-2024,102.78500
119551,Aditya Birla Sun Life Banking & PSU Debt Fund  - DIRECT - IDCW,Aditya Birla Sun Life Mutual Fund,Open Ended Schemes,Debt Scheme - Banking and PSU Fund,18-04-2024,102.87800
119551,Aditya Birla Sun Life Banking & PSU Debt Fund  - DIRECT - IDCW,Aditya Birla Sun Life Mutual Fund,Open Ended Schemes,Debt Scheme - Banking and PSU Fund,16-04-2024,102.83400
119551,Aditya Birla Sun Life Banking & PSU Debt Fund  - DIRECT - IDCW,Aditya Birla Sun Life Mutual Fund,Open Ended Schemes,Debt Scheme - Banking and PSU Fund,15-04-2024,102.86950
119551,Aditya Birla Sun Life Banking & PSU Debt Fund  - DIRECT - IDCW,Aditya Birla Sun Life Mutual Fund,Open Ended Schemes,Debt Scheme - Banking and PSU Fund,12-04-2024,102.78530
119551,Aditya Birla Sun Life Banking & PSU Debt Fund  - DIRECT - IDCW,Aditya Birla Sun Life Mutual Fund,Open Ended Schemes,Debt Scheme - Banking and PSU Fund,10-04-2024,102.89980
119551,Aditya Birla Sun Life Banking & PSU Debt Fund  - DIRECT - IDCW,Aditya Birla Sun Life Mutual Fund,Open Ended Schemes,Debt Scheme - Banking and PSU Fund,08-04-2024,102.78940
119551,Aditya Birla Sun Life Banking & PSU Debt Fund  - DIRECT - IDCW,Aditya Birla Sun Life Mutual Fund,Open Ended Schemes,Debt Scheme - Banking and PSU Fund,05-04-2024,102.82780
119551,Aditya Birla Sun Life Banking & PSU Debt Fund  - DIRECT - IDCW,Aditya Birla Sun Life Mutual Fund,Open Ended Schemes,Debt Scheme - Banking and PSU Fund,04-04-2024,102.83100
119551,Aditya Birla Sun Life Banking & PSU Debt Fund  - DIRECT - IDCW,Aditya Birla Sun Life Mutual Fund,Open Ended Schemes,Debt Scheme - Banking and PSU Fund,03-04-2024,102.79320
119551,Aditya Birla Sun Life Banking & PSU Debt Fund  - DIRECT - IDCW,Aditya Birla Sun Life Mutual Fund,Open Ended Schemes,Debt Scheme - Banking and PSU Fund,02-04-2024,102.76080
119551,Aditya Birla Sun Life Banking & PSU Debt Fund  - DIRECT - IDCW,Aditya Birla Sun Life Mutual Fund,Open Ended Schemes,Debt Scheme - Banking and PSU Fund,31-03-2024,102.76320
119551,Aditya Birla Sun Life Banking & PSU Debt Fund  - DIRECT - IDCW,Aditya Birla Sun Life Mutual Fund,Open Ended Schemes,Debt Scheme - Banking and PSU Fund,28-03-2024,102.70960
119551,Aditya Birla Sun Life Banking & PSU Debt Fund  - DIRECT - IDCW,Aditya Birla Sun Life Mutual Fund,Open Ended Schemes,Debt Scheme - Banking and PSU Fund,27-03-2024,102.53610
119551,Aditya Birla Sun Life Banking & PSU Debt Fund  - DIRECT - IDCW,Aditya Birla Sun Life Mutual Fund,Open Ended Schemes,Debt Scheme - Banking and PSU Fund,26-03-2024,110.19030
119551,Aditya Birla Sun Life Banking & PSU Debt Fund  - DIRECT - IDCW,Aditya Birla Sun Life Mutual Fund,Open Ended Schemes,Debt Scheme - Banking and PSU Fund,22-03-2024,110.17290
119551,Aditya Birla Sun Life Banking & PSU Debt Fund  - DIRECT - IDCW,Aditya Birla Sun Life Mutual Fund,Open Ended Schemes,Debt Scheme - Banking and PSU Fund,21-03-2024,110.20460
119551,Aditya Birla Sun Life Banking & PSU Debt Fund  - DIRECT - IDCW,Aditya Birla Sun Life Mutual Fund,Open Ended Schemes,Debt Scheme - Banking and PSU Fund,20-03-2024,110.14850
119551,Aditya Birla Sun Life Banking & PSU Debt Fund  - DIRECT - IDCW,Aditya Birla Sun Life Mutual Fund,Open Ended Schemes,Debt Scheme - Banking and PSU Fund,19-03-2024,110.11400
119551,Aditya Birla Sun Life Banking & PSU Debt Fund  - DIRECT - IDCW,Aditya Birla Sun Life Mutual Fund,Open Ended Schemes,Debt Scheme - Banking and PSU Fund,18-03-2024,110.14400
119551,Aditya Birla Sun Life Banking & PSU Debt Fund  - DIRECT - IDCW,Aditya Birla Sun Life Mutual Fund,Open Ended Schemes,Debt Scheme - Banking and PSU Fund,15-03-2024,110.13190
119551,Aditya Birla Sun Life Banking & PSU Debt Fund  - DIRECT - IDCW,Aditya Birla Sun Life Mutual Fund,Open Ended Schemes,Debt Scheme - Banking and PSU Fund,14-03-2024,110.11960
119551,Aditya Birla Sun Life Banking & PSU Debt Fund  - DIRECT - IDCW,Aditya Birla Sun Life Mutual Fund,Open Ended Schemes,Debt Scheme - Banking and PSU Fund,13-03-2024,110.13030
119551,Aditya Birla Sun Life Banking & PSU Debt Fund  - DIRECT - IDCW,Aditya Birla Sun Life Mutual Fund,Open Ended Schemes,Debt Scheme - Banking and PSU Fund,12-03-2024,110.12460
119551,Aditya Birla Sun Life Banking & PSU Debt Fund  - DIRECT - IDCW,Aditya Birla Sun Life Mutual Fund,Open Ended Schemes,Debt Scheme - Banking and PSU Fund,11-03-2024,110.12000
119551,Aditya Birla Sun Life Banking & PSU Debt Fund  - DIRECT - IDCW,Aditya Birla Sun Life Mutual Fund,Open Ended Schemes,Debt Scheme - Banking and PSU Fund,07-03-2024,109.96240
119551,Aditya Birla Sun Life Banking & PSU Debt Fund  - DIRECT - IDCW,Aditya Birla Sun Life Mutual Fund,Open Ended Schemes,Debt Scheme - Banking and PSU Fund,06-03-2024,109.91770
119551,Aditya Birla Sun Life Banking & PSU Debt Fund  - DIRECT - IDCW,Aditya Birla Sun Life Mutual Fund,Open Ended Schemes,Debt Scheme - Banking and PSU Fund,05-03-2024,109.85520
119551,Aditya Birla Sun Life Banking & PSU Debt Fund  - DIRECT - IDCW,Aditya Birla Sun Life Mutual Fund,Open Ended Schemes,Debt Scheme - Banking and PSU Fund,04-03-2024,109.84360
119551,Aditya Birla Sun Life Banking & PSU Debt Fund  - DIRECT - IDCW,Aditya Birla Sun Life Mutual Fund,Open Ended Schemes,Debt Scheme - Banking and PSU Fund,01-03-2024,109.78340
119551,Aditya Birla Sun Life Banking & PSU Debt Fund  - DIRECT - IDCW,Aditya Birla Sun Life Mutual Fund,Open Ended Schemes,Debt Scheme - Banking and PSU Fund,29-02-2024,109.77110
119551,Aditya Birla Sun Life Banking & PSU Debt Fund  - DIRECT - IDCW,Aditya Birla Sun Life Mutual Fund,Open Ended Schemes,Debt Scheme - Banking and PSU Fund,28-02-2024,109.75690
119551,Aditya Birla Sun Life Banking & PSU Debt Fund  - DIRECT - IDCW,Aditya Birla Sun Life Mutual Fund,Open Ended Schemes,Debt Scheme - Banking and PSU Fund,27-02-2024,109.71470
119551,Aditya Birla Sun Life Banking & PSU Debt Fund  - DIRECT - IDCW,Aditya Birla Sun Life Mutual Fund,Open Ended Schemes,Debt Scheme - Banking and PSU Fund,26-02-2024,109.71610
119551,Aditya Birla Sun Life Banking & PSU Debt Fund  - DIRECT - IDCW,Aditya Birla Sun Life Mutual Fund,Open Ended Schemes,Debt Scheme - Banking and PSU Fund,23-02-2024,109.61860
119551,Aditya Birla Sun Life Banking & PSU Debt Fund  - DIRECT - IDCW,Aditya Birla Sun Life Mutual Fund,Open Ended Schemes,Debt Scheme - Banking and PSU Fund,22-02-2024,109.60910
119551,Aditya Birla Sun Life Banking & PSU Debt Fund  - DIRECT - IDCW,Aditya Birla Sun Life Mutual Fund,Open Ended Schemes,Debt Scheme - Banking and PSU Fund,21-02-2024,109.58460
119551,Aditya Birla Sun Life Banking & PSU Debt Fund  - DIRECT - IDCW,Aditya Birla Sun Life Mutual Fund,Open Ended Schemes,Debt Scheme - Banking and PSU Fund,20-02-2024,109.53830
119551,Aditya Birla Sun Life Banking & PSU Debt Fund  - DIRECT - IDCW,Aditya Birla Sun Life Mutual Fund,Open Ended Schemes,Debt Scheme - Banking and PSU Fund,16-02-2024,109.39300
119551,Aditya Birla Sun Life Banking & PSU Debt Fund  - DIRECT - IDCW,Aditya Birla Sun Life Mutual Fund,Open Ended Schemes,Debt Scheme - Banking and PSU Fund,15-02-2024,109.37710
119551,Aditya Birla Sun Life Banking & PSU Debt Fund  - DIRECT - IDCW,Aditya Birla Sun Life Mutual Fund,Open Ended Schemes,Debt Scheme - Banking and PSU Fund,14-02-2024,109.29380
119551,Aditya Birla Sun Life Banking & PSU Debt Fund  - DIRECT - IDCW,Aditya Birla Sun Life Mutual Fund,Open Ended Schemes,Debt Scheme - Banking and PSU Fund,13-02-2024,109.32210
119551,Aditya Birla Sun Life Banking & PSU Debt Fund  - DIRECT - IDCW,Aditya Birla Sun Life Mutual Fund,Open Ended Schemes,Debt Scheme - Banking and PSU Fund,12-02-2024,109.31830
119551,Aditya Birla Sun Life Banking & PSU Debt Fund  - DIRECT - IDCW,Aditya Birla Sun Life Mutual Fund,Open Ended Schemes,Debt Scheme - Banking and PSU Fund,09-02-2024,109.25690
119551,Aditya Birla Sun Life Banking & PSU Debt Fund  - DIRECT - IDCW,Aditya Birla Sun Life Mutual Fund,Open Ended Schemes,Debt Scheme - Banking and PSU Fund,08-02-2024,109.29290
119551,Aditya Birla Sun Life Banking & PSU Debt Fund  - DIRECT - IDCW,Aditya Birla Sun Life Mutual Fund,Open Ended Schemes,Debt Scheme - Banking and PSU Fund,07-02-2024,109.29380
119551,Aditya Birla Sun Life Banking & PSU Debt Fund  - DIRECT - IDCW,Aditya Birla Sun Life Mutual Fund,Open Ended Schemes,Debt Scheme - Banking and PSU Fund,06-02-2024,109.24890
119551,Aditya Birla Sun Life Banking & PSU Debt Fund  - DIRECT - IDCW,Aditya Birla Sun Life Mutual Fund,Open Ended Schemes,Debt Scheme - Banking and PSU Fund,05-02-2024,109.22790
119551,Aditya Birla Sun Life Banking & PSU Debt Fund  - DIRECT - IDCW,Aditya Birla Sun Life Mutual Fund,Open Ended Schemes,Debt Scheme - Banking and PSU Fund,02-02-2024,109.24840
119551,Aditya Birla Sun Life Banking & PSU Debt Fund  - DIRECT - IDCW,Aditya Birla Sun Life Mutual Fund,Open Ended Schemes,Debt Scheme - Banking and PSU Fund,01-02-2024,109.13340
119551,Aditya Birla Sun Life Banking & PSU Debt Fund  - DIRECT - IDCW,Aditya Birla Sun Life Mutual Fund,Open Ended Schemes,Debt Scheme - Banking and PSU Fund,31-01-2024,108.95010
119551,Aditya Birla Sun Life Banking & PSU Debt Fund  - DIRECT - IDCW,Aditya Birla Sun Life Mutual Fund,Open Ended Schemes,Debt Scheme - Banking and PSU Fund,30-01-2024,108.90940
119551,Aditya Birla Sun Life Banking & PSU Debt Fund  - DIRECT - IDCW,Aditya Birla Sun Life Mutual Fund,Open Ended Schemes,Debt Scheme - Banking and PSU Fund,29-01-2024,108.86630
119551,Aditya Birla Sun Life Banking & PSU Debt Fund  - DIRECT - IDCW,Aditya Birla Sun Life Mutual Fund,Open Ended Schemes,Debt Scheme - Banking and PSU Fund,25-01-2024,108.77950
119551,Aditya Birla Sun Life Banking & PSU Debt Fund  - DIRECT - IDCW,Aditya Birla Sun Life Mutual Fund,Open Ended Schemes,Debt Scheme - Banking and PSU Fund,24-01-2024,108.75840
119551,Aditya Birla Sun Life Banking & PSU Debt Fund  - DIRECT - IDCW,Aditya Birla Sun Life Mutual Fund,Open Ended Schemes,Debt Scheme - Banking and PSU Fund,23-01-2024,108.75600
119551,Aditya Birla Sun Life Banking & PSU Debt Fund  - DIRECT - IDCW,Aditya Birla Sun Life Mutual Fund,Open Ended Schemes,Debt Scheme - Banking and PSU Fund,19-01-2024,108.66340
119551,Aditya Birla Sun Life Banking & PSU Debt Fund  - DIRECT - IDCW,Aditya Birla Sun Life Mutual Fund,Open Ended Schemes,Debt Scheme - Banking and PSU Fund,18-01-2024,108.66910
119551,Aditya Birla Sun Life Banking & PSU Debt Fund  - DIRECT - IDCW,Aditya Birla Sun Life Mutual Fund,Open Ended Schemes,Debt Scheme - Banking and PSU Fund,17-01-2024,108.66410
119551,Aditya Birla Sun Life Banking & PSU Debt Fund  - DIRECT - IDCW,Aditya Birla Sun Life Mutual Fund,Open Ended Schemes,Debt Scheme - Banking and PSU Fund,16-01-2024,108.65650
119551,Aditya Birla Sun Life Banking & PSU Debt Fund  - DIRECT - IDCW,Aditya Birla Sun Life Mutual Fund,Open Ended Schemes,Debt Scheme - Banking and PSU Fund,15-01-2024,108.65460
119551,Aditya Birla Sun Life Banking & PSU Debt Fund  - DIRECT - IDCW,Aditya Birla Sun Life Mutual Fund,Open Ended Schemes,Debt Scheme - Banking and PSU Fund,12-01-2024,108.52770
119551,Aditya Birla Sun Life Banking & PSU Debt Fund  - DIRECT - IDCW,Aditya Birla Sun Life Mutual Fund,Open Ended Schemes,Debt Scheme - Banking and PSU Fund,11-01-2024,108.47680
119551,Aditya Birla Sun Life Banking & PSU Debt Fund  - DIRECT - IDCW,Aditya Birla Sun Life Mutual Fund,Open Ended Schemes,Debt Scheme - Banking and PSU Fund,10-01-2024,108.46870
119551,Aditya Birla Sun Life Banking & PSU Debt Fund  - DIRECT - IDCW,Aditya Birla Sun Life Mutual Fund,Open Ended Schemes,Debt Scheme - Banking and PSU Fund,09-01-2024,108.43510
119551,Aditya Birla Sun Life Banking & PSU Debt Fund  - DIRECT - IDCW,Aditya Birla Sun Life Mutual Fund,Open Ended Schemes,Debt Scheme - Banking and PSU Fund,08-01-2024,108.40130
119551,Aditya Birla Sun Life Banking & PSU Debt Fund  - DIRECT - IDCW,Aditya Birla Sun Life Mutual Fund,Open Ended Schemes,Debt Scheme - Banking and PSU Fund,05-01-2024,108.29340
119551,Aditya Birla Sun Life Banking & PSU Debt Fund  - DIRECT - IDCW,Aditya Birla Sun Life Mutual Fund,Open Ended Schemes,Debt Scheme - Banking and PSU Fund,04-01-2024,108.30680
119551,Aditya Birla Sun Life Banking & PSU Debt Fund  - DIRECT - IDCW,Aditya Birla Sun Life Mutual Fund,Open Ended Schemes,Debt Scheme - Banking and PSU Fund,03-01-2024,108.30330
119551,Aditya Birla Sun Life Banking & PSU Debt Fund  - DIRECT - IDCW,Aditya Birla Sun Life Mutual Fund,Open Ended Schemes,Debt Scheme - Banking and PSU Fund,02-01-2024,108.30200
119551,Aditya Birla Sun Life Banking & PSU Debt Fund  - DIRECT - IDCW,Aditya Birla Sun Life Mutual Fund,Open Ended Schemes,Debt Scheme - Banking and PSU Fund,01-01-2024,108.29620
119551,Aditya Birla Sun Life Banking & PSU Debt Fund  - DIRECT - IDCW,Aditya Birla Sun Life Mutual Fund,Open Ended Schemes,Debt Scheme - Banking and PSU Fund,29-12-2023,108.24040
119551,Aditya Birla Sun Life Banking & PSU Debt Fund  - DIRECT - IDCW,Aditya Birla Sun Life Mutual Fund,Open Ended Schemes,Debt Scheme - Banking and PSU Fund,28-12-2023,116.28690
119551,Aditya Birla Sun Life Banking & PSU Debt Fund  - DIRECT - IDCW,Aditya Birla Sun Life Mutual Fund,Open Ended Schemes,Debt Scheme - Banking and PSU Fund,27-12-2023,116.27850
119551,Aditya Birla Sun Life Banking & PSU Debt Fund  - DIRECT - IDCW,Aditya Birla Sun Life Mutual Fund,Open Ended Schemes,Debt Scheme - Banking and PSU Fund,26-12-2023,116.29000
119551,Aditya Birla Sun Life Banking & PSU Debt Fund  - DIRECT - IDCW,Aditya Birla Sun Life Mutual Fund,Open Ended Schemes,Debt Scheme - Banking and PSU Fund,22-12-2023,116.18620
119551,Aditya Birla Sun Life Banking & PSU Debt Fund  - DIRECT - IDCW,Aditya Birla Sun Life Mutual Fund,Open Ended Schemes,Debt Scheme - Banking and PSU Fund,21-12-2023,116.16660
119551,Aditya Birla Sun Life Banking & PSU Debt Fund  - DIRECT - IDCW,Aditya Birla Sun Life Mutual Fund,Open Ended Schemes,Debt Scheme - Banking and PSU Fund,20-12-2023,116.16370
119551,Aditya Birla Sun Life Banking & PSU Debt Fund  - DIRECT - IDCW,Aditya Birla Sun Life Mutual Fund,Open Ended Schemes,Debt Scheme - Banking and PSU Fund,19-12-2023,116.14600
119551,Aditya Birla Sun Life Banking & PSU Debt Fund  - DIRECT - IDCW,Aditya Birla Sun Life Mutual Fund,Open Ended Schemes,Debt Scheme - Banking and PSU Fund,18-12-2023,116.14980
119551,Aditya Birla Sun Life Banking & PSU Debt Fund  - DIRECT - IDCW,Aditya Birla Sun Life Mutual Fund,Open Ended Schemes,Debt Scheme - Banking and PSU Fund,15-12-2023,116.06750
119551,Aditya Birla Sun Life Banking & PSU Debt Fund  - DIRECT - IDCW,Aditya Birla Sun Life Mutual Fund,Open Ended Schemes,Debt Scheme - Banking and PSU Fund,14-12-2023,115.94490
119551,Aditya Birla Sun Life Banking & PSU Debt Fund  - DIRECT - IDCW,Aditya Birla Sun Life Mutual Fund,Open Ended Schemes,Debt Scheme - Banking and PSU Fund,13-12-2023,115.77670
119551,Aditya Birla Sun Life Banking & PSU Debt Fund  - DIRECT - IDCW,Aditya Birla Sun Life Mutual Fund,Open Ended Schemes,Debt Scheme - Banking and PSU Fund,12-12-2023,115.73870
119551,Aditya Birla Sun Life Banking & PSU Debt Fund  - DIRECT - IDCW,Aditya Birla Sun Life Mutual Fund,Open Ended Schemes,Debt Scheme - Banking and PSU Fund,11-12-2023,115.72130
119551,Aditya Birla Sun Life Banking & PSU Debt Fund  - DIRECT - IDCW,Aditya Birla Sun Life Mutual Fund,Open Ended Schemes,Debt Scheme - Banking and PSU Fund,08-12-2023,115.69750
119551,Aditya Birla Sun Life Banking & PSU Debt Fund  - DIRECT - IDCW,Aditya Birla Sun Life Mutual Fund,Open Ended Schemes,Debt Scheme - Banking and PSU Fund,07-12-2023,115.70120
119551,Aditya Birla Sun Life Banking & PSU Debt Fund  - DIRECT - IDCW,Aditya Birla Sun Life Mutual Fund,Open Ended Schemes,Debt Scheme - Banking and PSU Fund,06-12-2023,115.67140
119551,Aditya Birla Sun Life Banking & PSU Debt Fund  - DIRECT - IDCW,Aditya Birla Sun Life Mutual Fund,Open Ended Schemes,Debt Scheme - Banking and PSU Fund,05-12-2023,115.60870
119551,Aditya Birla Sun Life Banking & PSU Debt Fund  - DIRECT - IDCW,Aditya Birla Sun Life Mutual Fund,Open Ended Schemes,Debt Scheme - Banking and PSU Fund,04-12-2023,115.57860
119551,Aditya Birla Sun Life Banking & PSU Debt Fund  - DIRECT - IDCW,Aditya Birla Sun Life Mutual Fund,Open Ended Schemes,Debt Scheme - Banking and PSU Fund,01-12-2023,115.49280
119551,Aditya Birla Sun Life Banking & PSU Debt Fund  - DIRECT - IDCW,Aditya Birla Sun Life Mutual Fund,Open Ended Schemes,Debt Scheme - Banking and PSU Fund,30-11-2023,115.51180
119551,Aditya Birla Sun Life Banking & PSU Debt Fund  - DIRECT - IDCW,Aditya Birla Sun Life Mutual Fund,Open Ended Schemes,Debt Scheme - Banking and PSU Fund,29-11-2023,115.52480
119551,Aditya Birla Sun Life Banking & PSU Debt Fund  - DIRECT - IDCW,Aditya Birla Sun Life Mutual Fund,Open Ended Schemes,Debt Scheme - Banking and PSU Fund,28-11-2023,115.46060
119551,Aditya Birla Sun Life Banking & PSU Debt Fund  - DIRECT - IDCW,Aditya Birla Sun Life Mutual Fund,Open Ended Schemes,Debt Scheme - Banking and PSU Fund,24-11-2023,115.34870
119551,Aditya Birla Sun Life Banking & PSU Debt Fund  - DIRECT - IDCW,Aditya Birla Sun Life Mutual Fund,Open Ended Schemes,Debt Scheme - Banking and PSU Fund,23-11-2023,115.38380
119551,Aditya Birla Sun Life Banking & PSU Debt Fund  - DIRECT - IDCW,Aditya Birla Sun Life Mutual Fund,Open Ended Schemes,Debt Scheme - Banking and PSU Fund,22-11-2023,115.39560
119551,Aditya Birla Sun Life Banking & PSU Debt Fund  - DIRECT - IDCW,Aditya Birla Sun Life Mutual Fund,Open Ended Schemes,Debt Scheme - Banking and PSU Fund,21-11-2023,115.34620
119551,Aditya Birla Sun Life Banking & PSU Debt Fund  - DIRECT - IDCW,Aditya Birla Sun Life Mutual Fund,Open Ended Schemes,Debt Scheme - Banking and PSU Fund,20-11-2023,115.41240
119551,Aditya Birla Sun Life Banking & PSU Debt Fund  - DIRECT - IDCW,Aditya Birla Sun Life Mutual Fund,Open Ended Schemes,Debt Scheme - Banking and PSU Fund,17-11-2023,115.40460
119551,Aditya Birla Sun Life Banking & PSU Debt Fund  - DIRECT - IDCW,Aditya Birla Sun Life Mutual Fund,Open Ended Schemes,Debt Scheme - Banking and PSU Fund,16-11-2023,115.35900
119551,Aditya Birla Sun Life Banking & PSU Debt Fund  - DIRECT - IDCW,Aditya Birla Sun Life Mutual Fund,Open Ended Schemes,Debt Scheme - Banking and PSU Fund,15-11-2023,115.31840
119551,Aditya Birla Sun Life Banking & PSU Debt Fund  - DIRECT - IDCW,Aditya Birla Sun Life Mutual Fund,Open Ended Schemes,Debt Scheme - Banking and PSU Fund,13-11-2023,115.17620
119551,Aditya Birla Sun Life Banking & PSU Debt Fund  - DIRECT - IDCW,Aditya Birla Sun Life Mutual Fund,Open Ended Schemes,Debt Scheme - Banking and PSU Fund,10-11-2023,115.10990
119551,Aditya Birla Sun Life Banking & PSU Debt Fund  - DIRECT - IDCW,Aditya Birla Sun Life Mutual Fund,Open Ended Schemes,Debt Scheme - Banking and PSU Fund,09-11-2023,115.14820
119551,Aditya Birla Sun Life Banking & PSU Debt Fund  - DIRECT - IDCW,Aditya Birla Sun Life Mutual Fund,Open Ended Schemes,Debt Scheme - Banking and PSU Fund,08-11-2023,115.09700
119551,Aditya Birla Sun Life Banking & PSU Debt Fund  - DIRECT - IDCW,Aditya Birla Sun Life Mutual Fund,Open Ended Schemes,Debt Scheme - Banking and PSU Fund,07-11-2023,115.04810
119551,Aditya Birla Sun Life Banking & PSU Debt Fund  - DIRECT - IDCW,Aditya Birla Sun Life Mutual Fund,Open Ended Schemes,Debt Scheme - Banking and PSU Fund,06-11-2023,114.99390
119551,Aditya Birla Sun Life Banking & PSU Debt Fund  - DIRECT - IDCW,Aditya Birla Sun Life Mutual Fund,Open Ended Schemes,Debt Scheme - Banking and PSU Fund,03-11-2023,114.91850
119551,Aditya Birla Sun Life Banking & PSU Debt Fund  - DIRECT - IDCW,Aditya Birla Sun Life Mutual Fund,Open Ended Schemes,Debt Scheme - Banking and PSU Fund,02-11-2023,114.85980
119551,Aditya Birla Sun Life Banking & PSU Debt Fund  - DIRECT - IDCW,Aditya Birla Sun Life Mutual Fund,Open Ended Schemes,Debt Scheme - Banking and PSU Fund,01-11-2023,114.76190
119551,Aditya Birla Sun Life Banking & PSU Debt Fund  - DIRECT - IDCW,Aditya Birla Sun Life Mutual Fund,Open Ended Schemes,Debt Scheme - Banking and PSU Fund,31-10-2023,114.75320
119551,Aditya Birla Sun Life Banking & PSU Debt Fund  - DIRECT - IDCW,Aditya Birla Sun Life Mutual Fund,Open Ended Schemes,Debt Scheme - Banking and PSU Fund,30-10-2023,114.72130
119551,Aditya Birla Sun Life Banking & PSU Debt Fund  - DIRECT - IDCW,Aditya Birla Sun Life Mutual Fund,Open Ended Schemes,Debt Scheme - Banking and PSU Fund,27-10-2023,114.67550
119551,Aditya Birla Sun Life Banking & PSU Debt Fund  - DIRECT - IDCW,Aditya Birla Sun Life Mutual Fund,Open Ended Schemes,Debt Scheme - Banking and PSU Fund,26-10-2023,114.65430
119551,Aditya Birla Sun Life Banking & PSU Debt Fund  - DIRECT - IDCW,Aditya Birla Sun Life Mutual Fund,Open Ended Schemes,Debt Scheme - Banking and PSU Fund,25-10-2023,114.63850
119551,Aditya Birla Sun Life Banking & PSU Debt Fund  - DIRECT - IDCW,Aditya Birla Sun Life Mutual Fund,Open Ended Schemes,Debt Scheme - Banking and PSU Fund,23-10-2023,114.55610
119551,Aditya Birla Sun Life Banking & PSU Debt Fund  - DIRECT - IDCW,Aditya Birla Sun Life Mutual Fund,Open Ended Schemes,Debt Scheme - Banking and PSU Fund,20-10-2023,114.52030
119551,Aditya Birla Sun Life Banking & PSU Debt Fund  - DIRECT - IDCW,Aditya Birla Sun Life Mutual Fund,Open Ended Schemes,Debt Scheme - Banking and PSU Fund,19-10-2023,114.50850
119551,Aditya Birla Sun Life Banking & PSU Debt Fund  - DIRECT - IDCW,Aditya Birla Sun Life Mutual Fund,Open Ended Schemes,Debt Scheme - Banking and PSU Fund,18-10-2023,114.52640
119551,Aditya Birla Sun Life Banking & PSU Debt Fund  - DIRECT - IDCW,Aditya Birla Sun Life Mutual Fund,Open Ended Schemes,Debt Scheme - Banking and PSU Fund,17-10-2023,114.53360
119551,Aditya Birla Sun Life Banking & PSU Debt Fund  - DIRECT - IDCW,Aditya Birla Sun Life Mutual Fund,Open Ended Schemes,Debt Scheme - Banking and PSU Fund,16-10-2023,114.51500
119551,Aditya Birla Sun Life Banking & PSU Debt Fund  - DIRECT - IDCW,Aditya Birla Sun Life Mutual Fund,Open Ended Schemes,Debt Scheme - Banking and PSU Fund,13-10-2023,114.45760
119551,Aditya Birla Sun Life Banking & PSU Debt Fund  - DIRECT - IDCW,Aditya Birla Sun Life Mutual Fund,Open Ended Schemes,Debt Scheme - Banking and PSU Fund,12-10-2023,114.42770
119551,Aditya Birla Sun Life Banking & PSU Debt Fund  - DIRECT - IDCW,Aditya Birla Sun Life Mutual Fund,Open Ended Schemes,Debt Scheme - Banking and PSU Fund,11-10-2023,114.37720
119551,Aditya Birla Sun Life Banking & PSU Debt Fund  - DIRECT - IDCW,Aditya Birla Sun Life Mutual Fund,Open Ended Schemes,Debt Scheme - Banking and PSU Fund,10-10-2023,114.27730
119551,Aditya Birla Sun Life Banking & PSU Debt Fund  - DIRECT - IDCW,Aditya Birla Sun Life Mutual Fund,Open Ended Schemes,Debt Scheme - Banking and PSU Fund,09-10-2023,114.23350
119551,Aditya Birla Sun Life Banking & PSU Debt Fund  - DIRECT - IDCW,Aditya Birla Sun Life Mutual Fund,Open Ended Schemes,Debt Scheme - Banking and PSU Fund,06-10-2023,114.22820
119551,Aditya Birla Sun Life Banking & PSU Debt Fund  - DIRECT - IDCW,Aditya Birla Sun Life Mutual Fund,Open Ended Schemes,Debt Scheme - Banking and PSU Fund,05-10-2023,114.51520
119551,Aditya Birla Sun Life Banking & PSU Debt Fund  - DIRECT - IDCW,Aditya Birla Sun Life Mutual Fund,Open Ended Schemes,Debt Scheme - Banking and PSU Fund,04-10-2023,114.43010
119551,Aditya Birla Sun Life Banking & PSU Debt Fund  - DIRECT - IDCW,Aditya Birla Sun Life Mutual Fund,Open Ended Schemes,Debt Scheme - Banking and PSU Fund,03-10-2023,114.42570
119551,Aditya Birla Sun Life Banking & PSU Debt Fund  - DIRECT - IDCW,Aditya Birla Sun Life Mutual Fund,Open Ended Schemes,Debt Scheme - Banking and PSU Fund,29-09-2023,114.37460
119551,Aditya Birla Sun Life Banking & PSU Debt Fund  - DIRECT - IDCW,Aditya Birla Sun Life Mutual Fund,Open Ended Schemes,Debt Scheme - Banking and PSU Fund,27-09-2023,114.40220
119551,Aditya Birla Sun Life Banking & PSU Debt Fund  - DIRECT - IDCW,Aditya Birla Sun Life Mutual Fund,Open Ended Schemes,Debt Scheme - Banking and PSU Fund,26-09-2023,114.38580
119551,Aditya Birla Sun Life Banking & PSU Debt Fund  - DIRECT - IDCW,Aditya Birla Sun Life Mutual Fund,Open Ended Schemes,Debt Scheme - Banking and PSU Fund,25-09-2023,114.39260
119551,Aditya Birla Sun Life Banking & PSU Debt Fund  - DIRECT - IDCW,Aditya Birla Sun Life Mutual Fund,Open Ended Schemes,Debt Scheme - Banking and PSU Fund,22-09-2023,114.34370
119551,Aditya Birla Sun Life Banking & PSU Debt Fund  - DIRECT - IDCW,Aditya Birla Sun Life Mutual Fund,Open Ended Schemes,Debt Scheme - Banking and PSU Fund,21-09-2023,114.33460
119551,Aditya Birla Sun Life Banking & PSU Debt Fund  - DIRECT - IDCW,Aditya Birla Sun Life Mutual Fund,Open Ended Schemes,Debt Scheme - Banking and PSU Fund,20-09-2023,114.30680
119551,Aditya Birla Sun Life Banking & PSU Debt Fund  - DIRECT - IDCW,Aditya Birla Sun Life Mutual Fund,Open Ended Schemes,Debt Scheme - Banking and PSU Fund,18-09-2023,114.22570
119551,Aditya Birla Sun Life Banking & PSU Debt Fund  - DIRECT - IDCW,Aditya Birla Sun Life Mutual Fund,Open Ended Schemes,Debt Scheme - Banking and PSU Fund,15-09-2023,114.16340
119551,Aditya Birla Sun Life Banking & PSU Debt Fund  - DIRECT - IDCW,Aditya Birla Sun Life Mutual Fund,Open Ended Schemes,Debt Scheme - Banking and PSU Fund,14-09-2023,114.24680
119551,Aditya Birla Sun Life Banking & PSU Debt Fund  - DIRECT - IDCW,Aditya Birla Sun Life Mutual Fund,Open Ended Schemes,Debt Scheme - Banking and PSU Fund,13-09-2023,114.14710
119551,Aditya Birla Sun Life Banking & PSU Debt Fund  - DIRECT - IDCW,Aditya Birla Sun Life Mutual Fund,Open Ended Schemes,Debt Scheme - Banking and PSU Fund,12-09-2023,114.00960
119551,Aditya Birla Sun Life Banking & PSU Debt Fund  - DIRECT - IDCW,Aditya Birla Sun Life Mutual Fund,Open Ended Schemes,Debt Scheme - Banking and PSU Fund,11-09-2023,114.02390
119551,Aditya Birla Sun Life Banking & PSU Debt Fund  - DIRECT - IDCW,Aditya Birla Sun Life Mutual Fund,Open Ended Schemes,Debt Scheme - Banking and PSU Fund,08-09-2023,114.00150
119551,Aditya Birla Sun Life Banking & PSU Debt Fund  - DIRECT - IDCW,Aditya Birla Sun Life Mutual Fund,Open Ended Schemes,Debt Scheme - Banking and PSU Fund,07-09-2023,114.04370
119551,Aditya Birla Sun Life Banking & PSU Debt Fund  - DIRECT - IDCW,Aditya Birla Sun Life Mutual Fund,Open Ended Schemes,Debt Scheme - Banking and PSU Fund,06-09-2023,113.95710
119551,Aditya Birla Sun Life Banking & PSU Debt Fund  - DIRECT - IDCW,Aditya Birla Sun Life Mutual Fund,Open Ended Schemes,Debt Scheme - Banking and PSU Fund,05-09-2023,113.99840
119551,Aditya Birla Sun Life Banking & PSU Debt Fund  - DIRECT - IDCW,Aditya Birla Sun Life Mutual Fund,Open Ended Schemes,Debt Scheme - Banking and PSU Fund,04-09-2023,113.98430
119551,Aditya Birla Sun Life Banking & PSU Debt Fund  - DIRECT - IDCW,Aditya Birla Sun Life Mutual Fund,Open Ended Schemes,Debt Scheme - Banking and PSU Fund,01-09-2023,113.92050
119551,Aditya Birla Sun Life Banking & PSU Debt Fund  - DIRECT - IDCW,Aditya Birla Sun Life Mutual Fund,Open Ended Schemes,Debt Scheme - Banking and PSU Fund,31-08-2023,113.90050
119551,Aditya Birla Sun Life Banking & PSU Debt Fund  - DIRECT - IDCW,Aditya Birla Sun Life Mutual Fund,Open Ended Schemes,Debt Scheme - Banking and PSU Fund,30-08-2023,113.88340
119551,Aditya Birla Sun Life Banking & PSU Debt Fund  - DIRECT - IDCW,Aditya Birla Sun Life Mutual Fund,Open Ended Schemes,Debt Scheme - Banking and PSU Fund,29-08-2023,113.84670
119551,Aditya Birla Sun Life Banking & PSU Debt Fund  - DIRECT - IDCW,Aditya Birla Sun Life Mutual Fund,Open Ended Schemes,Debt Scheme - Banking and PSU Fund,28-08-2023,113.82210
119551,Aditya Birla Sun Life Banking & PSU Debt Fund  - DIRECT - IDCW,Aditya Birla Sun Life Mutual Fund,Open Ended Schemes,Debt Scheme - Banking and PSU Fund,25-08-2023,113.70800
119551,Aditya Birla Sun Life Banking & PSU Debt Fund  - DIRECT - IDCW,Aditya Birla Sun Life Mutual Fund,Open Ended Schemes,Debt Scheme - Banking and PSU Fund,24-08-2023,113.69820
119551,Aditya Birla Sun Life Banking & PSU Debt Fund  - DIRECT - IDCW,Aditya Birla Sun Life Mutual Fund,Open Ended Schemes,Debt Scheme - Banking and PSU Fund,23-08-2023,113.63580
119551,Aditya Birla Sun Life Banking & PSU Debt Fund  - DIRECT - IDCW,Aditya Birla Sun Life Mutual Fund,Open Ended Schemes,Debt Scheme - Banking and PSU Fund,22-08-2023,113.56080
119551,Aditya Birla Sun Life Banking & PSU Debt Fund  - DIRECT - IDCW,Aditya Birla Sun Life Mutual Fund,Open Ended Schemes,Debt Scheme - Banking and PSU Fund,21-08-2023,113.57260
119551,Aditya Birla Sun Life Banking & PSU Debt Fund  - DIRECT - IDCW,Aditya Birla Sun Life Mutual Fund,Open Ended Schemes,Debt Scheme - Banking and PSU Fund,18-08-2023,113.50550
119551,Aditya Birla Sun Life Banking & PSU Debt Fund  - DIRECT - IDCW,Aditya Birla Sun Life Mutual Fund,Open Ended Schemes,Debt Scheme - Banking and PSU Fund,17-08-2023,113.44800
119551,Aditya Birla Sun Life Banking & PSU Debt Fund  - DIRECT - IDCW,Aditya Birla Sun Life Mutual Fund,Open Ended Schemes,Debt Scheme - Banking and PSU Fund,14-08-2023,113.47170
119551,Aditya Birla Sun Life Banking & PSU Debt Fund  - DIRECT - IDCW,Aditya Birla Sun Life Mutual Fund,Open Ended Schemes,Debt Scheme - Banking and PSU Fund,11-08-2023,113.43280
119551,Aditya Birla Sun Life Banking & PSU Debt Fund  - DIRECT - IDCW,Aditya Birla Sun Life Mutual Fund,Open Ended Schemes,Debt Scheme - Banking and PSU Fund,10-08-2023,113.46950
119551,Aditya Birla Sun Life Banking & PSU Debt Fund  - DIRECT - IDCW,Aditya Birla Sun Life Mutual Fund,Open Ended Schemes,Debt Scheme - Banking and PSU Fund,09-08-2023,113.44460
119551,Aditya Birla Sun Life Banking & PSU Debt Fund  - DIRECT - IDCW,Aditya Birla Sun Life Mutual Fund,Open Ended Schemes,Debt Scheme - Banking and PSU Fund,08-08-2023,113.40970
119551,Aditya Birla Sun Life Banking & PSU Debt Fund  - DIRECT - IDCW,Aditya Birla Sun Life Mutual Fund,Open Ended Schemes,Debt Scheme - Banking and PSU Fund,07-08-2023,113.41450
119551,Aditya Birla Sun Life Banking & PSU Debt Fund  - DIRECT - IDCW,Aditya Birla Sun Life Mutual Fund,Open Ended Schemes,Debt Scheme - Banking and PSU Fund,04-08-2023,113.30240
119551,Aditya Birla Sun Life Banking & PSU Debt Fund  - DIRECT - IDCW,Aditya Birla Sun Life Mutual Fund,Open Ended Schemes,Debt Scheme - Banking and PSU Fund,03-08-2023,113.33660
119551,Aditya Birla Sun Life Banking & PSU Debt Fund  - DIRECT - IDCW,Aditya Birla Sun Life Mutual Fund,Open Ended Schemes,Debt Scheme - Banking and PSU Fund,02-08-2023,113.37100
119551,Aditya Birla Sun Life Banking & PSU Debt Fund  - DIRECT - IDCW,Aditya Birla Sun Life Mutual Fund,Open Ended Schemes,Debt Scheme - Banking and PSU Fund,01-08-2023,113.35020
119551,Aditya Birla Sun Life Banking & PSU Debt Fund  - DIRECT - IDCW,Aditya Birla Sun Life Mutual Fund,Open Ended Schemes,Debt Scheme - Banking and PSU Fund,31-07-2023,113.29550
119551,Aditya Birla Sun Life Banking & PSU Debt Fund  - DIRECT - IDCW,Aditya Birla Sun Life Mutual Fund,Open Ended Schemes,Debt Scheme - Banking and PSU Fund,28-07-2023,113.22330
119551,Aditya Birla Sun Life Banking & PSU Debt Fund  - DIRECT - IDCW,Aditya Birla Sun Life Mutual Fund,Open Ended Schemes,Debt Scheme - Banking and PSU Fund,27-07-2023,113.30200
119551,Aditya Birla Sun Life Banking & PSU Debt Fund  - DIRECT - IDCW,Aditya Birla Sun Life Mutual Fund,Open Ended Schemes,Debt Scheme - Banking and PSU Fund,26-07-2023,113.25000
119551,Aditya Birla Sun Life Banking & PSU Debt Fund  - DIRECT - IDCW,Aditya Birla Sun Life Mutual Fund,Open Ended Schemes,Debt Scheme - Banking and PSU Fund,25-07-2023,113.20680
119551,Aditya Birla Sun Life Banking & PSU Debt Fund  - DIRECT - IDCW,Aditya Birla Sun Life Mutual Fund,Open Ended Schemes,Debt Scheme - Banking and PSU Fund,24-07-2023,113.25200
119551,Aditya Birla Sun Life Banking & PSU Debt Fund  - DIRECT - IDCW,Aditya Birla Sun Life Mutual Fund,Open Ended Schemes,Debt Scheme - Banking and PSU Fund,21-07-2023,113.18670
119551,Aditya Birla Sun Life Banking & PSU Debt Fund  - DIRECT - IDCW,Aditya Birla Sun Life Mutual Fund,Open Ended Schemes,Debt Scheme - Banking and PSU Fund,20-07-2023,113.21350
119551,Aditya Birla Sun Life Banking & PSU Debt Fund  - DIRECT - IDCW,Aditya Birla Sun Life Mutual Fund,Open Ended Schemes,Debt Scheme - Banking and PSU Fund,19-07-2023,113.18500
119551,Aditya Birla Sun Life Banking & PSU Debt Fund  - DIRECT - IDCW,Aditya Birla Sun Life Mutual Fund,Open Ended Schemes,Debt Scheme - Banking and PSU Fund,18-07-2023,113.15390
119551,Aditya Birla Sun Life Banking & PSU Debt Fund  - DIRECT - IDCW,Aditya Birla Sun Life Mutual Fund,Open Ended Schemes,Debt Scheme - Banking and PSU Fund,17-07-2023,113.09330
119551,Aditya Birla Sun Life Banking & PSU Debt Fund  - DIRECT - IDCW,Aditya Birla Sun Life Mutual Fund,Open Ended Schemes,Debt Scheme - Banking and PSU Fund,14-07-2023,113.02240
119551,Aditya Birla Sun Life Banking & PSU Debt Fund  - DIRECT - IDCW,Aditya Birla Sun Life Mutual Fund,Open Ended Schemes,Debt Scheme - Banking and PSU Fund,13-07-2023,112.97940
119551,Aditya Birla Sun Life Banking & PSU Debt Fund  - DIRECT - IDCW,Aditya Birla Sun Life Mutual Fund,Open Ended Schemes,Debt Scheme - Banking and PSU Fund,12-07-2023,112.87850
119551,Aditya Birla Sun Life Banking & PSU Debt Fund  - DIRECT - IDCW,Aditya Birla Sun Life Mutual Fund,Open Ended Schemes,Debt Scheme - Banking and PSU Fund,11-07-2023,112.87900
119551,Aditya Birla Sun Life Banking & PSU Debt Fund  - DIRECT - IDCW,Aditya Birla Sun Life Mutual Fund,Open Ended Schemes,Debt Scheme - Banking and PSU Fund,10-07-2023,112.79470
119551,Aditya Birla Sun Life Banking & PSU Debt Fund  - DIRECT - IDCW,Aditya Birla Sun Life Mutual Fund,Open Ended Schemes,Debt Scheme - Banking and PSU Fund,07-07-2023,112.74170
119551,Aditya Birla Sun Life Banking & PSU Debt Fund  - DIRECT - IDCW,Aditya Birla Sun Life Mutual Fund,Open Ended Schemes,Debt Scheme - Banking and PSU Fund,06-07-2023,112.76070
119551,Aditya Birla Sun Life Banking & PSU Debt Fund  - DIRECT - IDCW,Aditya Birla Sun Life Mutual Fund,Open Ended Schemes,Debt Scheme - Banking and PSU Fund,05-07-2023,112.77340
119551,Aditya Birla Sun Life Banking & PSU Debt Fund  - DIRECT - IDCW,Aditya Birla Sun Life Mutual Fund,Open Ended Schemes,Debt Scheme - Banking and PSU Fund,04-07-2023,112.73320
119551,Aditya Birla Sun Life Banking & PSU Debt Fund  - DIRECT - IDCW,Aditya Birla Sun Life Mutual Fund,Open Ended Schemes,Debt Scheme - Banking and PSU Fund,03-07-2023,112.67790
119551,Aditya Birla Sun Life Banking & PSU Debt Fund  - DIRECT - IDCW,Aditya Birla Sun Life Mutual Fund,Open Ended Schemes,Debt Scheme - Banking and PSU Fund,30-06-2023,112.66350
119551,Aditya Birla Sun Life Banking & PSU Debt Fund  - DIRECT - IDCW,Aditya Birla Sun Life Mutual Fund,Open Ended Schemes,Debt Scheme - Banking and PSU Fund,28-06-2023,112.65210
119551,Aditya Birla Sun Life Banking & PSU Debt Fund  - DIRECT - IDCW,Aditya Birla Sun Life Mutual Fund,Open Ended Schemes,Debt Scheme - Banking and PSU Fund,27-06-2023,112.60730
119551,Aditya Birla Sun Life Banking & PSU Debt Fund  - DIRECT - IDCW,Aditya Birla Sun Life Mutual Fund,Open Ended Schemes,Debt Scheme - Banking and PSU Fund,26-06-2023,112.59880
119551,Aditya Birla Sun Life Banking & PSU Debt Fund  - DIRECT - IDCW,Aditya Birla Sun Life Mutual Fund,Open Ended Schemes,Debt Scheme - Banking and PSU Fund,23-06-2023,112.54470
119551,Aditya Birla Sun Life Banking & PSU Debt Fund  - DIRECT - IDCW,Aditya Birla Sun Life Mutual Fund,Open Ended Schemes,Debt Scheme - Banking and PSU Fund,22-06-2023,112.53470
119551,Aditya Birla Sun Life Banking & PSU Debt Fund  - DIRECT - IDCW,Aditya Birla Sun Life Mutual Fund,Open Ended Schemes,Debt Scheme - Banking and PSU Fund,21-06-2023,112.54830
119551,Aditya Birla Sun Life Banking & PSU Debt Fund  - DIRECT - IDCW,Aditya Birla Sun Life Mutual Fund,Open Ended Schemes,Debt Scheme - Banking and PSU Fund,20-06-2023,112.55430
119551,Aditya Birla Sun Life Banking & PSU Debt Fund  - DIRECT - IDCW,Aditya Birla Sun Life Mutual Fund,Open Ended Schemes,Debt Scheme - Banking and PSU Fund,19-06-2023,112.54270
119551,Aditya Birla Sun Life Banking & PSU Debt Fund  - DIRECT - IDCW,Aditya Birla Sun Life Mutual Fund,Open Ended Schemes,Debt Scheme - Banking and PSU Fund,16-06-2023,112.46880
119551,Aditya Birla Sun Life Banking & PSU Debt Fund  - DIRECT - IDCW,Aditya Birla Sun Life Mutual Fund,Open Ended Schemes,Debt Scheme - Banking and PSU Fund,15-06-2023,112.45790
119551,Aditya Birla Sun Life Banking & PSU Debt Fund  - DIRECT - IDCW,Aditya Birla Sun Life Mutual Fund,Open Ended Schemes,Debt Scheme - Banking and PSU Fund,14-06-2023,112.45220
119551,Aditya Birla Sun Life Banking & PSU Debt Fund  - DIRECT - IDCW,Aditya Birla Sun Life Mutual Fund,Open Ended Schemes,Debt Scheme - Banking and PSU Fund,13-06-2023,112.45640
119551,Aditya Birla Sun Life Banking & PSU Debt Fund  - DIRECT - IDCW,Aditya Birla Sun Life Mutual Fund,Open Ended Schemes,Debt Scheme - Banking and PSU Fund,12-06-2023,112.41810
119551,Aditya Birla Sun Life Banking & PSU Debt Fund  - DIRECT - IDCW,Aditya Birla Sun Life Mutual Fund,Open Ended Schemes,Debt Scheme - Banking and PSU Fund,09-06-2023,112.36620
119551,Aditya Birla Sun Life Banking & PSU Debt Fund  - DIRECT - IDCW,Aditya Birla Sun Life Mutual Fund,Open Ended Schemes,Debt Scheme - Banking and PSU Fund,08-06-2023,112.39950
119551,Aditya Birla Sun Life Banking & PSU Debt Fund  - DIRECT - IDCW,Aditya Birla Sun Life Mutual Fund,Open Ended Schemes,Debt Scheme - Banking and PSU Fund,07-06-2023,112.42410
119551,Aditya Birla Sun Life Banking & PSU Debt Fund  - DIRECT - IDCW,Aditya Birla Sun Life Mutual Fund,Open Ended Schemes,Debt Scheme - Banking and PSU Fund,06-06-2023,112.39760
119551,Aditya Birla Sun Life Banking & PSU Debt Fund  - DIRECT - IDCW,Aditya Birla Sun Life Mutual Fund,Open Ended Schemes,Debt Scheme - Banking and PSU Fund,05-06-2023,112.35000
119551,Aditya Birla Sun Life Banking & PSU Debt Fund  - DIRECT - IDCW,Aditya Birla Sun Life Mutual Fund,Open Ended Schemes,Debt Scheme - Banking and PSU Fund,02-06-2023,112.31360
119551,Aditya Birla Sun Life Banking & PSU Debt Fund  - DIRECT - IDCW,Aditya Birla Sun Life Mutual Fund,Open Ended Schemes,Debt Scheme - Banking and PSU Fund,01-06-2023,112.30410
119551,Aditya Birla Sun Life Banking & PSU Debt Fund  - DIRECT - IDCW,Aditya Birla Sun Life Mutual Fund,Open Ended Schemes,Debt Scheme - Banking and PSU Fund,31-05-2023,112.23280
119551,Aditya Birla Sun Life Banking & PSU Debt Fund  - DIRECT - IDCW,Aditya Birla Sun Life Mutual Fund,Open Ended Schemes,Debt Scheme - Banking and PSU Fund,30-05-2023,112.21490
119551,Aditya Birla Sun Life Banking & PSU Debt Fund  - DIRECT - IDCW,Aditya Birla Sun Life Mutual Fund,Open Ended Schemes,Debt Scheme - Banking and PSU Fund,29-05-2023,112.19940
119551,Aditya Birla Sun Life Banking & PSU Debt Fund  - DIRECT - IDCW,Aditya Birla Sun Life Mutual Fund,Open Ended Schemes,Debt Scheme - Banking and PSU Fund,26-05-2023,112.16090
119551,Aditya Birla Sun Life Banking & PSU Debt Fund  - DIRECT - IDCW,Aditya Birla Sun Life Mutual Fund,Open Ended Schemes,Debt Scheme - Banking and PSU Fund,25-05-2023,112.14680
119551,Aditya Birla Sun Life Banking & PSU Debt Fund  - DIRECT - IDCW,Aditya Birla Sun Life Mutual Fund,Open Ended Schemes,Debt Scheme - Banking and PSU Fund,24-05-2023,112.13920
119551,Aditya Birla Sun Life Banking & PSU Debt Fund  - DIRECT - IDCW,Aditya Birla Sun Life Mutual Fund,Open Ended Schemes,Debt Scheme - Banking and PSU Fund,23-05-2023,112.10720
119551,Aditya Birla Sun Life Banking & PSU Debt Fund  - DIRECT - IDCW,Aditya Birla Sun Life Mutual Fund,Open Ended Schemes,Debt Scheme - Banking and PSU Fund,22-05-2023,112.11960
119551,Aditya Birla Sun Life Banking & PSU Debt Fund  - DIRECT - IDCW,Aditya Birla Sun Life Mutual Fund,Open Ended Schemes,Debt Scheme - Banking and PSU Fund,19-05-2023,111.97290
119551,Aditya Birla Sun Life Banking & PSU Debt Fund  - DIRECT - IDCW,Aditya Birla Sun Life Mutual Fund,Open Ended Schemes,Debt Scheme - Banking and PSU Fund,18-05-2023,111.96250
119551,Aditya Birla Sun Life Banking & PSU Debt Fund  - DIRECT - IDCW,Aditya Birla Sun Life Mutual Fund,Open Ended Schemes,Debt Scheme - Banking and PSU Fund,17-05-2023,111.87860
119551,Aditya Birla Sun Life Banking & PSU Debt Fund  - DIRECT - IDCW,Aditya Birla Sun Life Mutual Fund,Open Ended Schemes,Debt Scheme - Banking and PSU Fund,16-05-2023,111.84390
119551,Aditya Birla Sun Life Banking & PSU Debt Fund  - DIRECT - IDCW,Aditya Birla Sun Life Mutual Fund,Open Ended Schemes,Debt Scheme - Banking and PSU Fund,15-05-2023,111.80170
119551,Aditya Birla Sun Life Banking & PSU Debt Fund  - DIRECT - IDCW,Aditya Birla Sun Life Mutual Fund,Open Ended Schemes,Debt Scheme - Banking and PSU Fund,12-05-2023,111.73570
119551,Aditya Birla Sun Life Banking & PSU Debt Fund  - DIRECT - IDCW,Aditya Birla Sun Life Mutual Fund,Open Ended Schemes,Debt Scheme - Banking and PSU Fund,11-05-2023,111.69120
119551,Aditya Birla Sun Life Banking & PSU Debt Fund  - DIRECT - IDCW,Aditya Birla Sun Life Mutual Fund,Open Ended Schemes,Debt Scheme - Banking and PSU Fund,10-05-2023,111.66320
119551,Aditya Birla Sun Life Banking & PSU Debt Fund  - DIRECT - IDCW,Aditya Birla Sun Life Mutual Fund,Open Ended Schemes,Debt Scheme - Banking and PSU Fund,09-05-2023,111.64940
119551,Aditya Birla Sun Life Banking & PSU Debt Fund  - DIRECT - IDCW,Aditya Birla Sun Life Mutual Fund,Open Ended Schemes,Debt Scheme - Banking and PSU Fund,08-05-2023,111.64620
119551,Aditya Birla Sun Life Banking & PSU Debt Fund  - DIRECT - IDCW,Aditya Birla Sun Life Mutual Fund,Open Ended Schemes,Debt Scheme - Banking and PSU Fund,04-05-2023,111.55600
119551,Aditya Birla Sun Life Banking & PSU Debt Fund  - DIRECT - IDCW,Aditya Birla Sun Life Mutual Fund,Open Ended Schemes,Debt Scheme - Banking and PSU Fund,03-05-2023,111.53400
119551,Aditya Birla Sun Life Banking & PSU Debt Fund  - DIRECT - IDCW,Aditya Birla Sun Life Mutual Fund,Open Ended Schemes,Debt Scheme - Banking and PSU Fund,02-05-2023,111.45510
119551,Aditya Birla Sun Life Banking & PSU Debt Fund  - DIRECT - IDCW,Aditya Birla Sun Life Mutual Fund,Open Ended Schemes,Debt Scheme - Banking and PSU Fund,28-04-2023,111.38140
119551,Aditya Birla Sun Life Banking & PSU Debt Fund  - DIRECT - IDCW,Aditya Birla Sun Life Mutual Fund,Open Ended Schemes,Debt Scheme - Banking and PSU Fund,27-04-2023,111.37470
119551,Aditya Birla Sun Life Banking & PSU Debt Fund  - DIRECT - IDCW,Aditya Birla Sun Life Mutual Fund,Open Ended Schemes,Debt Scheme - Banking and PSU Fund,26-04-2023,111.31570
119551,Aditya Birla Sun Life Banking & PSU Debt Fund  - DIRECT - IDCW,Aditya Birla Sun Life Mutual Fund,Open Ended Schemes,Debt Scheme - Banking and PSU Fund,25-04-2023,111.28450
119551,Aditya Birla Sun Life Banking & PSU Debt Fund  - DIRECT - IDCW,Aditya Birla Sun Life Mutual Fund,Open Ended Schemes,Debt Scheme - Banking and PSU Fund,24-04-2023,111.24440
119551,Aditya Birla Sun Life Banking & PSU Debt Fund  - DIRECT - IDCW,Aditya Birla Sun Life Mutual Fund,Open Ended Schemes,Debt Scheme - Banking and PSU Fund,21-04-2023,111.11770
119551,Aditya Birla Sun Life Banking & PSU Debt Fund  - DIRECT - IDCW,Aditya Birla Sun Life Mutual Fund,Open Ended Schemes,Debt Scheme - Banking and PSU Fund,20-04-2023,111.06950
119551,Aditya Birla Sun Life Banking & PSU Debt Fund  - DIRECT - IDCW,Aditya Birla Sun Life Mutual Fund,Open Ended Schemes,Debt Scheme - Banking and PSU Fund,19-04-2023,111.06690
119551,Aditya Birla Sun Life Banking & PSU Debt Fund  - DIRECT - IDCW,Aditya Birla Sun Life Mutual Fund,Open Ended Schemes,Debt Scheme - Banking and PSU Fund,18-04-2023,111.02900
119551,Aditya Birla Sun Life Banking & PSU Debt Fund  - DIRECT - IDCW,Aditya Birla Sun Life Mutual Fund,Open Ended Schemes,Debt Scheme - Banking and PSU Fund,17-04-2023,110.99470
119551,Aditya Birla Sun Life Banking & PSU Debt Fund  - DIRECT - IDCW,Aditya Birla Sun Life Mutual Fund,Open Ended Schemes,Debt Scheme - Banking and PSU Fund,13-04-2023,110.92730
119551,Aditya Birla Sun Life Banking & PSU Debt Fund  - DIRECT - IDCW,Aditya Birla Sun Life Mutual Fund,Open Ended Schemes,Debt Scheme - Banking and PSU Fund,12-04-2023,110.91340
119551,Aditya Birla Sun Life Banking & PSU Debt Fund  - DIRECT - IDCW,Aditya Birla Sun Life Mutual Fund,Open Ended Schemes,Debt Scheme - Banking and PSU Fund,11-04-2023,110.84700
119551,Aditya Birla Sun Life Banking & PSU Debt Fund  - DIRECT - IDCW,Aditya Birla Sun Life Mutual Fund,Open Ended Schemes,Debt Scheme - Banking and PSU Fund,10-04-2023,110.83390
119551,Aditya Birla Sun Life Banking & PSU Debt Fund  - DIRECT - IDCW,Aditya Birla Sun Life Mutual Fund,Open Ended Schemes,Debt Scheme - Banking and PSU Fund,06-04-2023,110.76920
119551,Aditya Birla Sun Life Banking & PSU Debt Fund  - DIRECT - IDCW,Aditya Birla Sun Life Mutual Fund,Open Ended Schemes,Debt Scheme - Banking and PSU Fund,05-04-2023,110.54930
119551,Aditya Birla Sun Life Banking & PSU Debt Fund  - DIRECT - IDCW,Aditya Birla Sun Life Mutual Fund,Open Ended Schemes,Debt Scheme - Banking and PSU Fund,03-04-2023,110.43690
119551,Aditya Birla Sun Life Banking & PSU Debt Fund  - DIRECT - IDCW,Aditya Birla Sun Life Mutual Fund,Open Ended Schemes,Debt Scheme - Banking and PSU Fund,31-03-2023,110.38870
119551,Aditya Birla Sun Life Banking & PSU Debt Fund  - DIRECT - IDCW,Aditya Birla Sun Life Mutual Fund,Open Ended Schemes,Debt Scheme - Banking and PSU Fund,29-03-2023,110.25250
119551,Aditya Birla Sun Life Banking & PSU Debt Fund  - DIRECT - IDCW,Aditya Birla Sun Life Mutual Fund,Open Ended Schemes,Debt Scheme - Banking and PSU Fund,28-03-2023,110.11560
119551,Aditya Birla Sun Life Banking & PSU Debt Fund  - DIRECT - IDCW,Aditya Birla Sun Life Mutual Fund,Open Ended Schemes,Debt Scheme - Banking and PSU Fund,27-03-2023,110.14690
119551,Aditya Birla Sun Life Banking & PSU Debt Fund  - DIRECT - IDCW,Aditya Birla Sun Life Mutual Fund,Open Ended Schemes,Debt Scheme - Banking and PSU Fund,24-03-2023,110.07940
119551,Aditya Birla Sun Life Banking & PSU Debt Fund  - DIRECT - IDCW,Aditya Birla Sun Life Mutual Fund,Open Ended Schemes,Debt Scheme - Banking and PSU Fund,23-03-2023,110.06250
119551,Aditya Birla Sun Life Banking & PSU Debt Fund  - DIRECT - IDCW,Aditya Birla Sun Life Mutual Fund,Open Ended Schemes,Debt Scheme - Banking and PSU Fund,21-03-2023,109.98100
119551,Aditya Birla Sun Life Banking & PSU Debt Fund  - DIRECT - IDCW,Aditya Birla Sun Life Mutual Fund,Open Ended Schemes,Debt Scheme - Banking and PSU Fund,20-03-2023,109.95090
119551,Aditya Birla Sun Life Banking & PSU Debt Fund  - DIRECT - IDCW,Aditya Birla Sun Life Mutual Fund,Open Ended Schemes,Debt Scheme - Banking and PSU Fund,17-03-2023,109.83660
119551,Aditya Birla Sun Life Banking & PSU Debt Fund  - DIRECT - IDCW,Aditya Birla Sun Life Mutual Fund,Open Ended Schemes,Debt Scheme - Banking and PSU Fund,16-03-2023,109.79880
119551,Aditya Birla Sun Life Banking & PSU Debt Fund  - DIRECT - IDCW,Aditya Birla Sun Life Mutual Fund,Open Ended Schemes,Debt Scheme - Banking and PSU Fund,15-03-2023,109.81230
119551,Aditya Birla Sun Life Banking & PSU Debt Fund  - DIRECT - IDCW,Aditya Birla Sun Life Mutual Fund,Open Ended Schemes,Debt Scheme - Banking and PSU Fund,14-03-2023,109.78890
119551,Aditya Birla Sun Life Banking & PSU Debt Fund  - DIRECT - IDCW,Aditya Birla Sun Life Mutual Fund,Open Ended Schemes,Debt Scheme - Banking and PSU Fund,13-03-2023,109.73450
119551,Aditya Birla Sun Life Banking & PSU Debt Fund  - DIRECT - IDCW,Aditya Birla Sun Life Mutual Fund,Open Ended Schemes,Debt Scheme - Banking and PSU Fund,10-03-2023,109.57690
119551,Aditya Birla Sun Life Banking & PSU Debt Fund  - DIRECT - IDCW,Aditya Birla Sun Life Mutual Fund,Open Ended Schemes,Debt Scheme - Banking and PSU Fund,09-03-2023,109.54100
119551,Aditya Birla Sun Life Banking & PSU Debt Fund  - DIRECT - IDCW,Aditya Birla Sun Life Mutual Fund,Open Ended Schemes,Debt Scheme - Banking and PSU Fund,08-03-2023,109.51030
119551,Aditya Birla Sun Life Banking & PSU Debt Fund  - DIRECT - IDCW,Aditya Birla Sun Life Mutual Fund,Open Ended Schemes,Debt Scheme - Banking and PSU Fund,06-03-2023,109.53130
119551,Aditya Birla Sun Life Banking & PSU Debt Fund  - DIRECT - IDCW,Aditya Birla Sun Life Mutual Fund,Open Ended Schemes,Debt Scheme - Banking and PSU Fund,03-03-2023,109.48740
119551,Aditya Birla Sun Life Banking & PSU Debt Fund  - DIRECT - IDCW,Aditya Birla Sun Life Mutual Fund,Open Ended Schemes,Debt Scheme - Banking and PSU Fund,02-03-2023,109.44700
119551,Aditya Birla Sun Life Banking & PSU Debt Fund  - DIRECT - IDCW,Aditya Birla Sun Life Mutual Fund,Open Ended Schemes,Debt Scheme - Banking and PSU Fund,01-03-2023,109.43000
119551,Aditya Birla Sun Life Banking & PSU Debt Fund  - DIRECT - IDCW,Aditya Birla Sun Life Mutual Fund,Open Ended Schemes,Debt Scheme - Banking and PSU Fund,28-02-2023,109.44420
119551,Aditya Birla Sun Life Banking & PSU Debt Fund  - DIRECT - IDCW,Aditya Birla Sun Life Mutual Fund,Open Ended Schemes,Debt Scheme - Banking and PSU Fund,27-02-2023,109.43410
119551,Aditya Birla Sun Life Banking & PSU Debt Fund  - DIRECT - IDCW,Aditya Birla Sun Life Mutual Fund,Open Ended Schemes,Debt Scheme - Banking and PSU Fund,24-02-2023,109.42340
119551,Aditya Birla Sun Life Banking & PSU Debt Fund  - DIRECT - IDCW,Aditya Birla Sun Life Mutual Fund,Open Ended Schemes,Debt Scheme - Banking and PSU Fund,23-02-2023,109.40900
119551,Aditya Birla Sun Life Banking & PSU Debt Fund  - DIRECT - IDCW,Aditya Birla Sun Life Mutual Fund,Open Ended Schemes,Debt Scheme - Banking and PSU Fund,22-02-2023,109.38180
119551,Aditya Birla Sun Life Banking & PSU Debt Fund  - DIRECT - IDCW,Aditya Birla Sun Life Mutual Fund,Open Ended Schemes,Debt Scheme - Banking and PSU Fund,21-02-2023,109.41820
119551,Aditya Birla Sun Life Banking & PSU Debt Fund  - DIRECT - IDCW,Aditya Birla Sun Life Mutual Fund,Open Ended Schemes,Debt Scheme - Banking and PSU Fund,20-02-2023,109.37800
119551,Aditya Birla Sun Life Banking & PSU Debt Fund  - DIRECT - IDCW,Aditya Birla Sun Life Mutual Fund,Open Ended Schemes,Debt Scheme - Banking and PSU Fund,17-02-2023,109.29240
119551,Aditya Birla Sun Life Banking & PSU Debt Fund  - DIRECT - IDCW,Aditya Birla Sun Life Mutual Fund,Open Ended Schemes,Debt Scheme - Banking and PSU Fund,16-02-2023,109.32430
119551,Aditya Birla Sun Life Banking & PSU Debt Fund  - DIRECT - IDCW,Aditya Birla Sun Life Mutual Fund,Open Ended Schemes,Debt Scheme - Banking and PSU Fund,15-02-2023,109.29290
119551,Aditya Birla Sun Life Banking & PSU Debt Fund  - DIRECT - IDCW,Aditya Birla Sun Life Mutual Fund,Open Ended Schemes,Debt Scheme - Banking and PSU Fund,14-02-2023,109.24800
119551,Aditya Birla Sun Life Banking & PSU Debt Fund  - DIRECT - IDCW,Aditya Birla Sun Life Mutual Fund,Open Ended Schemes,Debt Scheme - Banking and PSU Fund,13-02-2023,109.28260
119551,Aditya Birla Sun Life Banking & PSU Debt Fund  - DIRECT - IDCW,Aditya Birla Sun Life Mutual Fund,Open Ended Schemes,Debt Scheme - Banking and PSU Fund,10-02-2023,109.24120
119551,Aditya Birla Sun Life Banking & PSU Debt Fund  - DIRECT - IDCW,Aditya Birla Sun Life Mutual Fund,Open Ended Schemes,Debt Scheme - Banking and PSU Fund,09-02-2023,109.24460
119551,Aditya Birla Sun Life Banking & PSU Debt Fund  - DIRECT - IDCW,Aditya Birla Sun Life Mutual Fund,Open Ended Schemes,Debt Scheme - Banking and PSU Fund,08-02-2023,109.24720
119551,Aditya Birla Sun Life Banking & PSU Debt Fund  - DIRECT - IDCW,Aditya Birla Sun Life Mutual Fund,Open Ended Schemes,Debt Scheme - Banking and PSU Fund,07-02-2023,109.28260
119551,Aditya Birla Sun Life Banking & PSU Debt Fund  - DIRECT - IDCW,Aditya Birla Sun Life Mutual Fund,Open Ended Schemes,Debt Scheme - Banking and PSU Fund,06-02-2023,109.26620
119551,Aditya Birla Sun Life Banking & PSU Debt Fund  - DIRECT - IDCW,Aditya Birla Sun Life Mutual Fund,Open Ended Schemes,Debt Scheme - Banking and PSU Fund,03-02-2023,109.24250
119551,Aditya Birla Sun Life Banking & PSU Debt Fund  - DIRECT - IDCW,Aditya Birla Sun Life Mutual Fund,Open Ended Schemes,Debt Scheme - Banking and PSU Fund,02-02-2023,109.21860
119551,Aditya Birla Sun Life Banking & PSU Debt Fund  - DIRECT - IDCW,Aditya Birla Sun Life Mutual Fund,Open Ended Schemes,Debt Scheme - Banking and PSU Fund,01-02-2023,109.18490
119551,Aditya Birla Sun Life Banking & PSU Debt Fund  - DIRECT - IDCW,Aditya Birla Sun Life Mutual Fund,Open Ended Schemes,Debt Scheme - Banking and PSU Fund,31-01-2023,109.06780
119551,Aditya Birla Sun Life Banking & PSU Debt Fund  - DIRECT - IDCW,Aditya Birla Sun Life Mutual Fund,Open Ended Schemes,Debt Scheme - Banking and PSU Fund,30-01-2023,109.00720
119551,Aditya Birla Sun Life Banking & PSU Debt Fund  - DIRECT - IDCW,Aditya Birla Sun Life Mutual Fund,Open Ended Schemes,Debt Scheme - Banking and PSU Fund,27-01-2023,108.97870
119551,Aditya Birla Sun Life Banking & PSU Debt Fund  - DIRECT - IDCW,Aditya Birla Sun Life Mutual Fund,Open Ended Schemes,Debt Scheme - Banking and PSU Fund,25-01-2023,108.99620
119551,Aditya Birla Sun Life Banking & PSU Debt Fund  - DIRECT - IDCW,Aditya Birla Sun Life Mutual Fund,Open Ended Schemes,Debt Scheme - Banking and PSU Fund,24-01-2023,108.99950
119551,Aditya Birla Sun Life Banking & PSU Debt Fund  - DIRECT - IDCW,Aditya Birla Sun Life Mutual Fund,Open Ended Schemes,Debt Scheme - Banking and PSU Fund,23-01-2023,108.98030
119551,Aditya Birla Sun Life Banking & PSU Debt Fund  - DIRECT - IDCW,Aditya Birla Sun Life Mutual Fund,Open Ended Schemes,Debt Scheme - Banking and PSU Fund,20-01-2023,108.93350
119551,Aditya Birla Sun Life Banking & PSU Debt Fund  - DIRECT - IDCW,Aditya Birla Sun Life Mutual Fund,Open Ended Schemes,Debt Scheme - Banking and PSU Fund,19-01-2023,108.95780
119551,Aditya Birla Sun Life Banking & PSU Debt Fund  - DIRECT - IDCW,Aditya Birla Sun Life Mutual Fund,Open Ended Schemes,Debt Scheme - Banking and PSU Fund,18-01-2023,108.92900
119551,Aditya Birla Sun Life Banking & PSU Debt Fund  - DIRECT - IDCW,Aditya Birla Sun Life Mutual Fund,Open Ended Schemes,Debt Scheme - Banking and PSU Fund,17-01-2023,108.90980
119551,Aditya Birla Sun Life Banking & PSU Debt Fund  - DIRECT - IDCW,Aditya Birla Sun Life Mutual Fund,Open Ended Schemes,Debt Scheme - Banking and PSU Fund,16-01-2023,108.89450
119551,Aditya Birla Sun Life Banking & PSU Debt Fund  - DIRECT - IDCW,Aditya Birla Sun Life Mutual Fund,Open Ended Schemes,Debt Scheme - Banking and PSU Fund,13-01-2023,108.84410
119551,Aditya Birla Sun Life Banking & PSU Debt Fund  - DIRECT - IDCW,Aditya Birla Sun Life Mutual Fund,Open Ended Schemes,Debt Scheme - Banking and PSU Fund,12-01-2023,108.81540
119551,Aditya Birla Sun Life Banking & PSU Debt Fund  - DIRECT - IDCW,Aditya Birla Sun Life Mutual Fund,Open Ended Schemes,Debt Scheme - Banking and PSU Fund,11-01-2023,108.76820
119551,Aditya Birla Sun Life Banking & PSU Debt Fund  - DIRECT - IDCW,Aditya Birla Sun Life Mutual Fund,Open Ended Schemes,Debt Scheme - Banking and PSU Fund,10-01-2023,108.74090
119551,Aditya Birla Sun Life Banking & PSU Debt Fund  - DIRECT - IDCW,Aditya Birla Sun Life Mutual Fund,Open Ended Schemes,Debt Scheme - Banking and PSU Fund,09-01-2023,108.71890
119551,Aditya Birla Sun Life Banking & PSU Debt Fund  - DIRECT - IDCW,Aditya Birla Sun Life Mutual Fund,Open Ended Schemes,Debt Scheme - Banking and PSU Fund,06-01-2023,108.62350
119551,Aditya Birla Sun Life Banking & PSU Debt Fund  - DIRECT - IDCW,Aditya Birla Sun Life Mutual Fund,Open Ended Schemes,Debt Scheme - Banking and PSU Fund,05-01-2023,108.64050
119551,Aditya Birla Sun Life Banking & PSU Debt Fund  - DIRECT - IDCW,Aditya Birla Sun Life Mutual Fund,Open Ended Schemes,Debt Scheme - Banking and PSU Fund,04-01-2023,108.62620
119551,Aditya Birla Sun Life Banking & PSU Debt Fund  - DIRECT - IDCW,Aditya Birla Sun Life Mutual Fund,Open Ended Schemes,Debt Scheme - Banking and PSU Fund,03-01-2023,108.62700
119551,Aditya Birla Sun Life Banking & PSU Debt Fund  - DIRECT - IDCW,Aditya Birla Sun Life Mutual Fund,Open Ended Schemes,Debt Scheme - Banking and PSU Fund,02-01-2023,108.59220
119551,Aditya Birla Sun Life Banking & PSU Debt Fund  - DIRECT - IDCW,Aditya Birla Sun Life Mutual Fund,Open Ended Schemes,Debt Scheme - Banking and PSU Fund,30-12-2022,108.52250
119551,Aditya Birla Sun Life Banking & PSU Debt Fund  - DIRECT - IDCW,Aditya Birla Sun Life Mutual Fund,Open Ended Schemes,Debt Scheme - Banking and PSU Fund,29-12-2022,108.49820
119551,Aditya Birla Sun Life Banking & PSU Debt Fund  - DIRECT - IDCW,Aditya Birla Sun Life Mutual Fund,Open Ended Schemes,Debt Scheme - Banking and PSU Fund,28-12-2022,108.49210
119551,Aditya Birla Sun Life Banking & PSU Debt Fund  - DIRECT - IDCW,Aditya Birla Sun Life Mutual Fund,Open Ended Schemes,Debt Scheme - Banking and PSU Fund,27-12-2022,108.47200
119551,Aditya Birla Sun Life Banking & PSU Debt Fund  - DIRECT - IDCW,Aditya Birla Sun Life Mutual Fund,Open Ended Schemes,Debt Scheme - Banking and PSU Fund,26-12-2022,108.43030
119551,Aditya Birla Sun Life Banking & PSU Debt Fund  - DIRECT - IDCW,Aditya Birla Sun Life Mutual Fund,Open Ended Schemes,Debt Scheme - Banking and PSU Fund,23-12-2022,108.40950
119551,Aditya Birla Sun Life Banking & PSU Debt Fund  - DIRECT - IDCW,Aditya Birla Sun Life Mutual Fund,Open Ended Schemes,Debt Scheme - Banking and PSU Fund,22-12-2022,108.39030
119551,Aditya Birla Sun Life Banking & PSU Debt Fund  - DIRECT - IDCW,Aditya Birla Sun Life Mutual Fund,Open Ended Schemes,Debt Scheme - Banking and PSU Fund,21-12-2022,108.38430
119551,Aditya Birla Sun Life Banking & PSU Debt Fund  - DIRECT - IDCW,Aditya Birla Sun Life Mutual Fund,Open Ended Schemes,Debt Scheme - Banking and PSU Fund,20-12-2022,108.41230
119551,Aditya Birla Sun Life Banking & PSU Debt Fund  - DIRECT - IDCW,Aditya Birla Sun Life Mutual Fund,Open Ended Schemes,Debt Scheme - Banking and PSU Fund,19-12-2022,108.38370
119551,Aditya Birla Sun Life Banking & PSU Debt Fund  - DIRECT - IDCW,Aditya Birla Sun Life Mutual Fund,Open Ended Schemes,Debt Scheme - Banking and PSU Fund,16-12-2022,108.34660
119551,Aditya Birla Sun Life Banking & PSU Debt Fund  - DIRECT - IDCW,Aditya Birla Sun Life Mutual Fund,Open Ended Schemes,Debt Scheme - Banking and PSU Fund,15-12-2022,108.33360
119551,Aditya Birla Sun Life Banking & PSU Debt Fund  - DIRECT - IDCW,Aditya Birla Sun Life Mutual Fund,Open Ended Schemes,Debt Scheme - Banking and PSU Fund,14-12-2022,108.34880
119551,Aditya Birla Sun Life Banking & PSU Debt Fund  - DIRECT - IDCW,Aditya Birla Sun Life Mutual Fund,Open Ended Schemes,Debt Scheme - Banking and PSU Fund,13-12-2022,108.28840
119551,Aditya Birla Sun Life Banking & PSU Debt Fund  - DIRECT - IDCW,Aditya Birla Sun Life Mutual Fund,Open Ended Schemes,Debt Scheme - Banking and PSU Fund,12-12-2022,108.26140
119551,Aditya Birla Sun Life Banking & PSU Debt Fund  - DIRECT - IDCW,Aditya Birla Sun Life Mutual Fund,Open Ended Schemes,Debt Scheme - Banking and PSU Fund,09-12-2022,108.18680
119551,Aditya Birla Sun Life Banking & PSU Debt Fund  - DIRECT - IDCW,Aditya Birla Sun Life Mutual Fund,Open Ended Schemes,Debt Scheme - Banking and PSU Fund,08-12-2022,108.17830
119551,Aditya Birla Sun Life Banking & PSU Debt Fund  - DIRECT - IDCW,Aditya Birla Sun Life Mutual Fund,Open Ended Schemes,Debt Scheme - Banking and PSU Fund,07-12-2022,108.15510
119551,Aditya Birla Sun Life Banking & PSU Debt Fund  - DIRECT - IDCW,Aditya Birla Sun Life Mutual Fund,Open Ended Schemes,Debt Scheme - Banking and PSU Fund,06-12-2022,108.17620
119551,Aditya Birla Sun Life Banking & PSU Debt Fund  - DIRECT - IDCW,Aditya Birla Sun Life Mutual Fund,Open Ended Schemes,Debt Scheme - Banking and PSU Fund,05-12-2022,108.14990
119551,Aditya Birla Sun Life Banking & PSU Debt Fund  - DIRECT - IDCW,Aditya Birla Sun Life Mutual Fund,Open Ended Schemes,Debt Scheme - Banking and PSU Fund,02-12-2022,108.09880
119551,Aditya Birla Sun Life Banking & PSU Debt Fund  - DIRECT - IDCW,Aditya Birla Sun Life Mutual Fund,Open Ended Schemes,Debt Scheme - Banking and PSU Fund,01-12-2022,108.08320
119551,Aditya Birla Sun Life Banking & PSU Debt Fund  - DIRECT - IDCW,Aditya Birla Sun Life Mutual Fund,Open Ended Schemes,Debt Scheme - Banking and PSU Fund,30-11-2022,108.03340
119551,Aditya Birla Sun Life Banking & PSU Debt Fund  - DIRECT - IDCW,Aditya Birla Sun Life Mutual Fund,Open Ended Schemes,Debt Scheme - Banking and PSU Fund,29-11-2022,107.99000
119551,Aditya Birla Sun Life Banking & PSU Debt Fund  - DIRECT - IDCW,Aditya Birla Sun Life Mutual Fund,Open Ended Schemes,Debt Scheme - Banking and PSU Fund,28-11-2022,107.99590
119551,Aditya Birla Sun Life Banking & PSU Debt Fund  - DIRECT - IDCW,Aditya Birla Sun Life Mutual Fund,Open Ended Schemes,Debt Scheme - Banking and PSU Fund,25-11-2022,107.90660
119551,Aditya Birla Sun Life Banking & PSU Debt Fund  - DIRECT - IDCW,Aditya Birla Sun Life Mutual Fund,Open Ended Schemes,Debt Scheme - Banking and PSU Fund,24-11-2022,107.88820
119551,Aditya Birla Sun Life Banking & PSU Debt Fund  - DIRECT - IDCW,Aditya Birla Sun Life Mutual Fund,Open Ended Schemes,Debt Scheme - Banking and PSU Fund,23-11-2022,107.83930
119551,Aditya Birla Sun Life Banking & PSU Debt Fund  - DIRECT - IDCW,Aditya Birla Sun Life Mutual Fund,Open Ended Schemes,Debt Scheme - Banking and PSU Fund,22-11-2022,107.83690
119551,Aditya Birla Sun Life Banking & PSU Debt Fund  - DIRECT - IDCW,Aditya Birla Sun Life Mutual Fund,Open Ended Schemes,Debt Scheme - Banking and PSU Fund,21-11-2022,107.80020
119551,Aditya Birla Sun Life Banking & PSU Debt Fund  - DIRECT - IDCW,Aditya Birla Sun Life Mutual Fund,Open Ended Schemes,Debt Scheme - Banking and PSU Fund,18-11-2022,107.75270
119551,Aditya Birla Sun Life Banking & PSU Debt Fund  - DIRECT - IDCW,Aditya Birla Sun Life Mutual Fund,Open Ended Schemes,Debt Scheme - Banking and PSU Fund,17-11-2022,107.73460
119551,Aditya Birla Sun Life Banking & PSU Debt Fund  - DIRECT - IDCW,Aditya Birla Sun Life Mutual Fund,Open Ended Schemes,Debt Scheme - Banking and PSU Fund,16-11-2022,107.70650
119551,Aditya Birla Sun Life Banking & PSU Debt Fund  - DIRECT - IDCW,Aditya Birla Sun Life Mutual Fund,Open Ended Schemes,Debt Scheme - Banking and PSU Fund,15-11-2022,107.70900
119551,Aditya Birla Sun Life Banking & PSU Debt Fund  - DIRECT - IDCW,Aditya Birla Sun Life Mutual Fund,Open Ended Schemes,Debt Scheme - Banking and PSU Fund,14-11-2022,107.65930
119551,Aditya Birla Sun Life Banking & PSU Debt Fund  - DIRECT - IDCW,Aditya Birla Sun Life Mutual Fund,Open Ended Schemes,Debt Scheme - Banking and PSU Fund,11-11-2022,107.61050
119551,Aditya Birla Sun Life Banking & PSU Debt Fund  - DIRECT - IDCW,Aditya Birla Sun Life Mutual Fund,Open Ended Schemes,Debt Scheme - Banking and PSU Fund,10-11-2022,107.52430
119551,Aditya Birla Sun Life Banking & PSU Debt Fund  - DIRECT - IDCW,Aditya Birla Sun Life Mutual Fund,Open Ended Schemes,Debt Scheme - Banking and PSU Fund,09-11-2022,107.45810
119551,Aditya Birla Sun Life Banking & PSU Debt Fund  - DIRECT - IDCW,Aditya Birla Sun Life Mutual Fund,Open Ended Schemes,Debt Scheme - Banking and PSU Fund,07-11-2022,107.36330
119551,Aditya Birla Sun Life Banking & PSU Debt Fund  - DIRECT - IDCW,Aditya Birla Sun Life Mutual Fund,Open Ended Schemes,Debt Scheme - Banking and PSU Fund,04-11-2022,107.30700
119551,Aditya Birla Sun Life Banking & PSU Debt Fund  - DIRECT - IDCW,Aditya Birla Sun Life Mutual Fund,Open Ended Schemes,Debt Scheme - Banking and PSU Fund,03-11-2022,107.29440
119551,Aditya Birla Sun Life Banking & PSU Debt Fund  - DIRECT - IDCW,Aditya Birla Sun Life Mutual Fund,Open Ended Schemes,Debt Scheme - Banking and PSU Fund,02-11-2022,107.30300
119551,Aditya Birla Sun Life Banking & PSU Debt Fund  - DIRECT - IDCW,Aditya Birla Sun Life Mutual Fund,Open Ended Schemes,Debt Scheme - Banking and PSU Fund,01-11-2022,107.28180
119551,Aditya Birla Sun Life Banking & PSU Debt Fund  - DIRECT - IDCW,Aditya Birla Sun Life Mutual Fund,Open Ended Schemes,Debt Scheme - Banking and PSU Fund,31-10-2022,107.27290
119551,Aditya Birla Sun Life Banking & PSU Debt Fund  - DIRECT - IDCW,Aditya Birla Sun Life Mutual Fund,Open Ended Schemes,Debt Scheme - Banking and PSU Fund,28-10-2022,107.21370
119551,Aditya Birla Sun Life Banking & PSU Debt Fund  - DIRECT - IDCW,Aditya Birla Sun Life Mutual Fund,Open Ended Schemes,Debt Scheme - Banking and PSU Fund,27-10-2022,107.23490
119551,Aditya Birla Sun Life Banking & PSU Debt Fund  - DIRECT - IDCW,Aditya Birla Sun Life Mutual Fund,Open Ended Schemes,Debt Scheme - Banking and PSU Fund,25-10-2022,107.11200
119551,Aditya Birla Sun Life Banking & PSU Debt Fund  - DIRECT - IDCW,Aditya Birla Sun Life Mutual Fund,Open Ended Schemes,Debt Scheme - Banking and PSU Fund,21-10-2022,106.96490
119551,Aditya Birla Sun Life Banking & PSU Debt Fund  - DIRECT - IDCW,Aditya Birla Sun Life Mutual Fund,Open Ended Schemes,Debt Scheme - Banking and PSU Fund,20-10-2022,106.97570
119551,Aditya Birla Sun Life Banking & PSU Debt Fund  - DIRECT - IDCW,Aditya Birla Sun Life Mutual Fund,Open Ended Schemes,Debt Scheme - Banking and PSU Fund,19-10-2022,106.99700
119551,Aditya Birla Sun Life Banking & PSU Debt Fund  - DIRECT - IDCW,Aditya Birla Sun Life Mutual Fund,Open Ended Schemes,Debt Scheme - Banking and PSU Fund,18-10-2022,106.97670
119551,Aditya Birla Sun Life Banking & PSU Debt Fund  - DIRECT - IDCW,Aditya Birla Sun Life Mutual Fund,Open Ended Schemes,Debt Scheme - Banking and PSU Fund,17-10-2022,106.94370
119551,Aditya Birla Sun Life Banking & PSU Debt Fund  - DIRECT - IDCW,Aditya Birla Sun Life Mutual Fund,Open Ended Schemes,Debt Scheme - Banking and PSU Fund,14-10-2022,106.79220
119551,Aditya Birla Sun Life Banking & PSU Debt Fund  - DIRECT - IDCW,Aditya Birla Sun Life Mutual Fund,Open Ended Schemes,Debt Scheme - Banking and PSU Fund,13-10-2022,106.81200
119551,Aditya Birla Sun Life Banking & PSU Debt Fund  - DIRECT - IDCW,Aditya Birla Sun Life Mutual Fund,Open Ended Schemes,Debt Scheme - Banking and PSU Fund,12-10-2022,106.80800
119551,Aditya Birla Sun Life Banking & PSU Debt Fund  - DIRECT - IDCW,Aditya Birla Sun Life Mutual Fund,Open Ended Schemes,Debt Scheme - Banking and PSU Fund,11-10-2022,106.78200
119551,Aditya Birla Sun Life Banking & PSU Debt Fund  - DIRECT - IDCW,Aditya Birla Sun Life Mutual Fund,Open Ended Schemes,Debt Scheme - Banking and PSU Fund,10-10-2022,106.82330
119551,Aditya Birla Sun Life Banking & PSU Debt Fund  - DIRECT - IDCW,Aditya Birla Sun Life Mutual Fund,Open Ended Schemes,Debt Scheme - Banking and PSU Fund,07-10-2022,106.84080
119551,Aditya Birla Sun Life Banking & PSU Debt Fund  - DIRECT - IDCW,Aditya Birla Sun Life Mutual Fund,Open Ended Schemes,Debt Scheme - Banking and PSU Fund,06-10-2022,106.88750
119551,Aditya Birla Sun Life Banking & PSU Debt Fund  - DIRECT - IDCW,Aditya Birla Sun Life Mutual Fund,Open Ended Schemes,Debt Scheme - Banking and PSU Fund,04-10-2022,106.88560
119551,Aditya Birla Sun Life Banking & PSU Debt Fund  - DIRECT - IDCW,Aditya Birla Sun Life Mutual Fund,Open Ended Schemes,Debt Scheme - Banking and PSU Fund,03-10-2022,106.82610
119551,Aditya Birla Sun Life Banking & PSU Debt Fund  - DIRECT - IDCW,Aditya Birla Sun Life Mutual Fund,Open Ended Schemes,Debt Scheme - Banking and PSU Fund,30-09-2022,106.79480
119551,Aditya Birla Sun Life Banking & PSU Debt Fund  - DIRECT - IDCW,Aditya Birla Sun Life Mutual Fund,Open Ended Schemes,Debt Scheme - Banking and PSU Fund,29-09-2022,106.71450
119551,Aditya Birla Sun Life Banking & PSU Debt Fund  - DIRECT - IDCW,Aditya Birla Sun Life Mutual Fund,Open Ended Schemes,Debt Scheme - Banking and PSU Fund,28-09-2022,106.64850
119551,Aditya Birla Sun Life Banking & PSU Debt Fund  - DIRECT - IDCW,Aditya Birla Sun Life Mutual Fund,Open Ended Schemes,Debt Scheme - Banking and PSU Fund,27-09-2022,106.65750
119551,Aditya Birla Sun Life Banking & PSU Debt Fund  - DIRECT - IDCW,Aditya Birla Sun Life Mutual Fund,Open Ended Schemes,Debt Scheme - Banking and PSU Fund,26-09-2022,106.67840
119551,Aditya Birla Sun Life Banking & PSU Debt Fund  - DIRECT - IDCW,Aditya Birla Sun Life Mutual Fund,Open Ended Schemes,Debt Scheme - Banking and PSU Fund,23-09-2022,106.63330
119551,Aditya Birla Sun Life Banking & PSU Debt Fund  - DIRECT - IDCW,Aditya Birla Sun Life Mutual Fund,Open Ended Schemes,Debt Scheme - Banking and PSU Fund,22-09-2022,106.75490
119551,Aditya Birla Sun Life Banking & PSU Debt Fund  - DIRECT - IDCW,Aditya Birla Sun Life Mutual Fund,Open Ended Schemes,Debt Scheme - Banking and PSU Fund,21-09-2022,106.80720
119551,Aditya Birla Sun Life Banking & PSU Debt Fund  - DIRECT - IDCW,Aditya Birla Sun Life Mutual Fund,Open Ended Schemes,Debt Scheme - Banking and PSU Fund,20-09-2022,106.82400
119551,Aditya Birla Sun Life Banking & PSU Debt Fund  - DIRECT - IDCW,Aditya Birla Sun Life Mutual Fund,Open Ended Schemes,Debt Scheme - Banking and PSU Fund,19-09-2022,106.87480
119551,Aditya Birla Sun Life Banking & PSU Debt Fund  - DIRECT - IDCW,Aditya Birla Sun Life Mutual Fund,Open Ended Schemes,Debt Scheme - Banking and PSU Fund,16-09-2022,106.85850
119551,Aditya Birla Sun Life Banking & PSU Debt Fund  - DIRECT - IDCW,Aditya Birla Sun Life Mutual Fund,Open Ended Schemes,Debt Scheme - Banking and PSU Fund,15-09-2022,106.90840
119551,Aditya Birla Sun Life Banking & PSU Debt Fund  - DIRECT - IDCW,Aditya Birla Sun Life Mutual Fund,Open Ended Schemes,Debt Scheme - Banking and PSU Fund,14-09-2022,106.96250
119551,Aditya Birla Sun Life Banking & PSU Debt Fund  - DIRECT - IDCW,Aditya Birla Sun Life Mutual Fund,Open Ended Schemes,Debt Scheme - Banking and PSU Fund,13-09-2022,106.99830
119551,Aditya Birla Sun Life Banking & PSU Debt Fund  - DIRECT - IDCW,Aditya Birla Sun Life Mutual Fund,Open Ended Schemes,Debt Scheme - Banking and PSU Fund,12-09-2022,106.95400
119551,Aditya Birla Sun Life Banking & PSU Debt Fund  - DIRECT - IDCW,Aditya Birla Sun Life Mutual Fund,Open Ended Schemes,Debt Scheme - Banking and PSU Fund,09-09-2022,106.91160
119551,Aditya Birla Sun Life Banking & PSU Debt Fund  - DIRECT - IDCW,Aditya Birla Sun Life Mutual Fund,Open Ended Schemes,Debt Scheme - Banking and PSU Fund,08-09-2022,106.90050
119551,Aditya Birla Sun Life Banking & PSU Debt Fund  - DIRECT - IDCW,Aditya Birla Sun Life Mutual Fund,Open Ended Schemes,Debt Scheme - Banking and PSU Fund,07-09-2022,106.86810
119551,Aditya Birla Sun Life Banking & PSU Debt Fund  - DIRECT - IDCW,Aditya Birla Sun Life Mutual Fund,Open Ended Schemes,Debt Scheme - Banking and PSU Fund,06-09-2022,106.82910
119551,Aditya Birla Sun Life Banking & PSU Debt Fund  - DIRECT - IDCW,Aditya Birla Sun Life Mutual Fund,Open Ended Schemes,Debt Scheme - Banking and PSU Fund,05-09-2022,106.81910
119551,Aditya Birla Sun Life Banking & PSU Debt Fund  - DIRECT - IDCW,Aditya Birla Sun Life Mutual Fund,Open Ended Schemes,Debt Scheme - Banking and PSU Fund,02-09-2022,106.77050
119551,Aditya Birla Sun Life Banking & PSU Debt Fund  - DIRECT - IDCW,Aditya Birla Sun Life Mutual Fund,Open Ended Schemes,Debt Scheme - Banking and PSU Fund,01-09-2022,106.74750
119551,Aditya Birla Sun Life Banking & PSU Debt Fund  - DIRECT - IDCW,Aditya Birla Sun Life Mutual Fund,Open Ended Schemes,Debt Scheme - Banking and PSU Fund,30-08-2022,106.70380
119551,Aditya Birla Sun Life Banking & PSU Debt Fund  - DIRECT - IDCW,Aditya Birla Sun Life Mutual Fund,Open Ended Schemes,Debt Scheme - Banking and PSU Fund,29-08-2022,106.69060
119551,Aditya Birla Sun Life Banking & PSU Debt Fund  - DIRECT - IDCW,Aditya Birla Sun Life Mutual Fund,Open Ended Schemes,Debt Scheme - Banking and PSU Fund,26-08-2022,106.62960
119551,Aditya Birla Sun Life Banking & PSU Debt Fund  - DIRECT - IDCW,Aditya Birla Sun Life Mutual Fund,Open Ended Schemes,Debt Scheme - Banking and PSU Fund,25-08-2022,106.58240
119551,Aditya Birla Sun Life Banking & PSU Debt Fund  - DIRECT - IDCW,Aditya Birla Sun Life Mutual Fund,Open Ended Schemes,Debt Scheme - Banking and PSU Fund,24-08-2022,106.59900
119551,Aditya Birla Sun Life Banking & PSU Debt Fund  - DIRECT - IDCW,Aditya Birla Sun Life Mutual Fund,Open Ended Schemes,Debt Scheme - Banking and PSU Fund,23-08-2022,106.55970
119551,Aditya Birla Sun Life Banking & PSU Debt Fund  - DIRECT - IDCW,Aditya Birla Sun Life Mutual Fund,Open Ended Schemes,Debt Scheme - Banking and PSU Fund,22-08-2022,106.55680
119551,Aditya Birla Sun Life Banking & PSU Debt Fund  - DIRECT - IDCW,Aditya Birla Sun Life Mutual Fund,Open Ended Schemes,Debt Scheme - Banking and PSU Fund,19-08-2022,106.50720
119551,Aditya Birla Sun Life Banking & PSU Debt Fund  - DIRECT - IDCW,Aditya Birla Sun Life Mutual Fund,Open Ended Schemes,Debt Scheme - Banking and PSU Fund,18-08-2022,106.51410
119551,Aditya Birla Sun Life Banking & PSU Debt Fund  - DIRECT - IDCW,Aditya Birla Sun Life Mutual Fund,Open Ended Schemes,Debt Scheme - Banking and PSU Fund,17-08-2022,106.50920
119551,Aditya Birla Sun Life Banking & PSU Debt Fund  - DIRECT - IDCW,Aditya Birla Sun Life Mutual Fund,Open Ended Schemes,Debt Scheme - Banking and PSU Fund,12-08-2022,106.32940
119551,Aditya Birla Sun Life Banking & PSU Debt Fund  - DIRECT - IDCW,Aditya Birla Sun Life Mutual Fund,Open Ended Schemes,Debt Scheme - Banking and PSU Fund,11-08-2022,106.32090
119551,Aditya Birla Sun Life Banking & PSU Debt Fund  - DIRECT - IDCW,Aditya Birla Sun Life Mutual Fund,Open Ended Schemes,Debt Scheme - Banking and PSU Fund,10-08-2022,106.25420
119551,Aditya Birla Sun Life Banking & PSU Debt Fund  - DIRECT - IDCW,Aditya Birla Sun Life Mutual Fund,Open Ended Schemes,Debt Scheme - Banking and PSU Fund,08-08-2022,106.15410
119551,Aditya Birla Sun Life Banking & PSU Debt Fund  - DIRECT - IDCW,Aditya Birla Sun Life Mutual Fund,Open Ended Schemes,Debt Scheme - Banking and PSU Fund,05-08-2022,106.10860
119551,Aditya Birla Sun Life Banking & PSU Debt Fund  - DIRECT - IDCW,Aditya Birla Sun Life Mutual Fund,Open Ended Schemes,Debt Scheme - Banking and PSU Fund,04-08-2022,106.22540
119551,Aditya Birla Sun Life Banking & PSU Debt Fund  - DIRECT - IDCW,Aditya Birla Sun Life Mutual Fund,Open Ended Schemes,Debt Scheme - Banking and PSU Fund,03-08-2022,106.15000
119551,Aditya Birla Sun Life Banking & PSU Debt Fund  - DIRECT - IDCW,Aditya Birla Sun Life Mutual Fund,Open Ended Schemes,Debt Scheme - Banking and PSU Fund,02-08-2022,106.19930
119551,Aditya Birla Sun Life Banking & PSU Debt Fund  - DIRECT - IDCW,Aditya Birla Sun Life Mutual Fund,Open Ended Schemes,Debt Scheme - Banking and PSU Fund,01-08-2022,106.12190
119551,Aditya Birla Sun Life Banking & PSU Debt Fund  - DIRECT - IDCW,Aditya Birla Sun Life Mutual Fund,Open Ended Schemes,Debt Scheme - Banking and PSU Fund,29-07-2022,106.00660
119551,Aditya Birla Sun Life Banking & PSU Debt Fund  - DIRECT - IDCW,Aditya Birla Sun Life Mutual Fund,Open Ended Schemes,Debt Scheme - Banking and PSU Fund,28-07-2022,105.94840
119551,Aditya Birla Sun Life Banking & PSU Debt Fund  - DIRECT - IDCW,Aditya Birla Sun Life Mutual Fund,Open Ended Schemes,Debt Scheme - Banking and PSU Fund,27-07-2022,105.92930
119551,Aditya Birla Sun Life Banking & PSU Debt Fund  - DIRECT - IDCW,Aditya Birla Sun Life Mutual Fund,Open Ended Schemes,Debt Scheme - Banking and PSU Fund,26-07-2022,105.91610
119551,Aditya Birla Sun Life Banking & PSU Debt Fund  - DIRECT - IDCW,Aditya Birla Sun Life Mutual Fund,Open Ended Schemes,Debt Scheme - Banking and PSU Fund,25-07-2022,105.91410
119551,Aditya Birla Sun Life Banking & PSU Debt Fund  - DIRECT - IDCW,Aditya Birla Sun Life Mutual Fund,Open Ended Schemes,Debt Scheme - Banking and PSU Fund,22-07-2022,105.84490
119551,Aditya Birla Sun Life Banking & PSU Debt Fund  - DIRECT - IDCW,Aditya Birla Sun Life Mutual Fund,Open Ended Schemes,Debt Scheme - Banking and PSU Fund,21-07-2022,105.84010
119551,Aditya Birla Sun Life Banking & PSU Debt Fund  - DIRECT - IDCW,Aditya Birla Sun Life Mutual Fund,Open Ended Schemes,Debt Scheme - Banking and PSU Fund,20-07-2022,105.83040
119551,Aditya Birla Sun Life Banking & PSU Debt Fund  - DIRECT - IDCW,Aditya Birla Sun Life Mutual Fund,Open Ended Schemes,Debt Scheme - Banking and PSU Fund,19-07-2022,105.79960
119551,Aditya Birla Sun Life Banking & PSU Debt Fund  - DIRECT - IDCW,Aditya Birla Sun Life Mutual Fund,Open Ended Schemes,Debt Scheme - Banking and PSU Fund,18-07-2022,105.78800
119551,Aditya Birla Sun Life Banking & PSU Debt Fund  - DIRECT - IDCW,Aditya Birla Sun Life Mutual Fund,Open Ended Schemes,Debt Scheme - Banking and PSU Fund,15-07-2022,105.77600
119551,Aditya Birla Sun Life Banking & PSU Debt Fund  - DIRECT - IDCW,Aditya Birla Sun Life Mutual Fund,Open Ended Schemes,Debt Scheme - Banking and PSU Fund,14-07-2022,105.77600
119551,Aditya Birla Sun Life Banking & PSU Debt Fund  - DIRECT - IDCW,Aditya Birla Sun Life Mutual Fund,Open Ended Schemes,Debt Scheme - Banking and PSU Fund,13-07-2022,105.76950
119551,Aditya Birla Sun Life Banking & PSU Debt Fund  - DIRECT - IDCW,Aditya Birla Sun Life Mutual Fund,Open Ended Schemes,Debt Scheme - Banking and PSU Fund,12-07-2022,105.70930
119551,Aditya Birla Sun Life Banking & PSU Debt Fund  - DIRECT - IDCW,Aditya Birla Sun Life Mutual Fund,Open Ended Schemes,Debt Scheme - Banking and PSU Fund,11-07-2022,105.67200
119551,Aditya Birla Sun Life Banking & PSU Debt Fund  - DIRECT - IDCW,Aditya Birla Sun Life Mutual Fund,Open Ended Schemes,Debt Scheme - Banking and PSU Fund,08-07-2022,105.67230
119551,Aditya Birla Sun Life Banking & PSU Debt Fund  - DIRECT - IDCW,Aditya Birla Sun Life Mutual Fund,Open Ended Schemes,Debt Scheme - Banking and PSU Fund,07-07-2022,105.70410
119551,Aditya Birla Sun Life Banking & PSU Debt Fund  - DIRECT - IDCW,Aditya Birla Sun Life Mutual Fund,Open Ended Schemes,Debt Scheme - Banking and PSU Fund,06-07-2022,105.70650
119551,Aditya Birla Sun Life Banking & PSU Debt Fund  - DIRECT - IDCW,Aditya Birla Sun Life Mutual Fund,Open Ended Schemes,Debt Scheme - Banking and PSU Fund,05-07-2022,105.53710
119551,Aditya Birla Sun Life Banking & PSU Debt Fund  - DIRECT - IDCW,Aditya Birla Sun Life Mutual Fund,Open Ended Schemes,Debt Scheme - Banking and PSU Fund,04-07-2022,105.48840
119551,Aditya Birla Sun Life Banking & PSU Debt Fund  - DIRECT - IDCW,Aditya Birla Sun Life Mutual Fund,Open Ended Schemes,Debt Scheme - Banking and PSU Fund,01-07-2022,105.39630
119551,Aditya Birla Sun Life Banking & PSU Debt Fund  - DIRECT - IDCW,Aditya Birla Sun Life Mutual Fund,Open Ended Schemes,Debt Scheme - Banking and PSU Fund,30-06-2022,105.31990
119551,Aditya Birla Sun Life Banking & PSU Debt Fund  - DIRECT - IDCW,Aditya Birla Sun Life Mutual Fund,Open Ended Schemes,Debt Scheme - Banking and PSU Fund,29-06-2022,105.28590
119551,Aditya Birla Sun Life Banking & PSU Debt Fund  - DIRECT - IDCW,Aditya Birla Sun Life Mutual Fund,Open Ended Schemes,Debt Scheme - Banking and PSU Fund,28-06-2022,105.27710
119551,Aditya Birla Sun Life Banking & PSU Debt Fund  - DIRECT - IDCW,Aditya Birla Sun Life Mutual Fund,Open Ended Schemes,Debt Scheme - Banking and PSU Fund,27-06-2022,105.29220
119551,Aditya Birla Sun Life Banking & PSU Debt Fund  - DIRECT - IDCW,Aditya Birla Sun Life Mutual Fund,Open Ended Schemes,Debt Scheme - Banking and PSU Fund,24-06-2022,105.19710
119551,Aditya Birla Sun Life Banking & PSU Debt Fund  - DIRECT - IDCW,Aditya Birla Sun Life Mutual Fund,Open Ended Schemes,Debt Scheme - Banking and PSU Fund,23-06-2022,105.21060
119551,Aditya Birla Sun Life Banking & PSU Debt Fund  - DIRECT - IDCW,Aditya Birla Sun Life Mutual Fund,Open Ended Schemes,Debt Scheme - Banking and PSU Fund,22-06-2022,105.17670
119551,Aditya Birla Sun Life Banking & PSU Debt Fund  - DIRECT - IDCW,Aditya Birla Sun Life Mutual Fund,Open Ended Schemes,Debt Scheme - Banking and PSU Fund,21-06-2022,112.75700
119551,Aditya Birla Sun Life Banking & PSU Debt Fund  - DIRECT - IDCW,Aditya Birla Sun Life Mutual Fund,Open Ended Schemes,Debt Scheme - Banking and PSU Fund,20-06-2022,112.73360
119551,Aditya Birla Sun Life Banking & PSU Debt Fund  - DIRECT - IDCW,Aditya Birla Sun Life Mutual Fund,Open Ended Schemes,Debt Scheme - Banking and PSU Fund,17-06-2022,112.57830
119551,Aditya Birla Sun Life Banking & PSU Debt Fund  - DIRECT - IDCW,Aditya Birla Sun Life Mutual Fund,Open Ended Schemes,Debt Scheme - Banking and PSU Fund,16-06-2022,112.57150
119551,Aditya Birla Sun Life Banking & PSU Debt Fund  - DIRECT - IDCW,Aditya Birla Sun Life Mutual Fund,Open Ended Schemes,Debt Scheme - Banking and PSU Fund,15-06-2022,112.57570
119551,Aditya Birla Sun Life Banking & PSU Debt Fund  - DIRECT - IDCW,Aditya Birla Sun Life Mutual Fund,Open Ended Schemes,Debt Scheme - Banking and PSU Fund,14-06-2022,112.58300
119551,Aditya Birla Sun Life Banking & PSU Debt Fund  - DIRECT - IDCW,Aditya Birla Sun Life Mutual Fund,Open Ended Schemes,Debt Scheme - Banking and PSU Fund,13-06-2022,112.59850
119551,Aditya Birla Sun Life Banking & PSU Debt Fund  - DIRECT - IDCW,Aditya Birla Sun Life Mutual Fund,Open Ended Schemes,Debt Scheme - Banking and PSU Fund,10-06-2022,112.68480
119551,Aditya Birla Sun Life Banking & PSU Debt Fund  - DIRECT - IDCW,Aditya Birla Sun Life Mutual Fund,Open Ended Schemes,Debt Scheme - Banking and PSU Fund,09-06-2022,112.64870
119551,Aditya Birla Sun Life Banking & PSU Debt Fund  - DIRECT - IDCW,Aditya Birla Sun Life Mutual Fund,Open Ended Schemes,Debt Scheme - Banking and PSU Fund,08-06-2022,112.59020
119551,Aditya Birla Sun Life Banking & PSU Debt Fund  - DIRECT - IDCW,Aditya Birla Sun Life Mutual Fund,Open Ended Schemes,Debt Scheme - Banking and PSU Fund,07-06-2022,112.45530
119551,Aditya Birla Sun Life Banking & PSU Debt Fund  - DIRECT - IDCW,Aditya Birla Sun Life Mutual Fund,Open Ended Schemes,Debt Scheme - Banking and PSU Fund,06-06-2022,112.53000
119551,Aditya Birla Sun Life Banking & PSU Debt Fund  - DIRECT - IDCW,Aditya Birla Sun Life Mutual Fund,Open Ended Schemes,Debt Scheme - Banking and PSU Fund,03-06-2022,112.54690
119551,Aditya Birla Sun Life Banking & PSU Debt Fund  - DIRECT - IDCW,Aditya Birla Sun Life Mutual Fund,Open Ended Schemes,Debt Scheme - Banking and PSU Fund,02-06-2022,112.57900
119551,Aditya Birla Sun Life Banking & PSU Debt Fund  - DIRECT - IDCW,Aditya Birla Sun Life Mutual Fund,Open Ended Schemes,Debt Scheme - Banking and PSU Fund,01-06-2022,112.55190
119551,Aditya Birla Sun Life Banking & PSU Debt Fund  - DIRECT - IDCW,Aditya Birla Sun Life Mutual Fund,Open Ended Schemes,Debt Scheme - Banking and PSU Fund,31-05-2022,112.68010
119551,Aditya Birla Sun Life Banking & PSU Debt Fund  - DIRECT - IDCW,Aditya Birla Sun Life Mutual Fund,Open Ended Schemes,Debt Scheme - Banking and PSU Fund,30-05-2022,112.61660
119551,Aditya Birla Sun Life Banking & PSU Debt Fund  - DIRECT - IDCW,Aditya Birla Sun Life Mutual Fund,Open Ended Schemes,Debt Scheme - Banking and PSU Fund,27-05-2022,112.58750
119551,Aditya Birla Sun Life Banking & PSU Debt Fund  - DIRECT - IDCW,Aditya Birla Sun Life Mutual Fund,Open Ended Schemes,Debt Scheme - Banking and PSU Fund,26-05-2022,112.57510
119551,Aditya Birla Sun Life Banking & PSU Debt Fund  - DIRECT - IDCW,Aditya Birla Sun Life Mutual Fund,Open Ended Schemes,Debt Scheme - Banking and PSU Fund,25-05-2022,112.55110
119551,Aditya Birla Sun Life Banking & PSU Debt Fund  - DIRECT - IDCW,Aditya Birla Sun Life Mutual Fund,Open Ended Schemes,Debt Scheme - Banking and PSU Fund,24-05-2022,112.54320
119551,Aditya Birla Sun Life Banking & PSU Debt Fund  - DIRECT - IDCW,Aditya Birla Sun Life Mutual Fund,Open Ended Schemes,Debt Scheme - Banking and PSU Fund,23-05-2022,112.50610
119551,Aditya Birla Sun Life Banking & PSU Debt Fund  - DIRECT - IDCW,Aditya Birla Sun Life Mutual Fund,Open Ended Schemes,Debt Scheme - Banking and PSU Fund,20-05-2022,112.43740
119551,Aditya Birla Sun Life Banking & PSU Debt Fund  - DIRECT - IDCW,Aditya Birla Sun Life Mutual Fund,Open Ended Schemes,Debt Scheme - Banking and PSU Fund,19-05-2022,112.45390
119551,Aditya Birla Sun Life Banking & PSU Debt Fund  - DIRECT - IDCW,Aditya Birla Sun Life Mutual Fund,Open Ended Schemes,Debt Scheme - Banking and PSU Fund,18-05-2022,112.43680
119551,Aditya Birla Sun Life Banking & PSU Debt Fund  - DIRECT - IDCW,Aditya Birla Sun Life Mutual Fund,Open Ended Schemes,Debt Scheme - Banking and PSU Fund,17-05-2022,112.41370
119551,Aditya Birla Sun Life Banking & PSU Debt Fund  - DIRECT - IDCW,Aditya Birla Sun Life Mutual Fund,Open Ended Schemes,Debt Scheme - Banking and PSU Fund,13-05-2022,112.36470
119551,Aditya Birla Sun Life Banking & PSU Debt Fund  - DIRECT - IDCW,Aditya Birla Sun Life Mutual Fund,Open Ended Schemes,Debt Scheme - Banking and PSU Fund,12-05-2022,112.43300
119551,Aditya Birla Sun Life Banking & PSU Debt Fund  - DIRECT - IDCW,Aditya Birla Sun Life Mutual Fund,Open Ended Schemes,Debt Scheme - Banking and PSU Fund,11-05-2022,112.39910
119551,Aditya Birla Sun Life Banking & PSU Debt Fund  - DIRECT - IDCW,Aditya Birla Sun Life Mutual Fund,Open Ended Schemes,Debt Scheme - Banking and PSU Fund,10-05-2022,112.34790
119551,Aditya Birla Sun Life Banking & PSU Debt Fund  - DIRECT - IDCW,Aditya Birla Sun Life Mutual Fund,Open Ended Schemes,Debt Scheme - Banking and PSU Fund,09-05-2022,112.26720
119551,Aditya Birla Sun Life Banking & PSU Debt Fund  - DIRECT - IDCW,Aditya Birla Sun Life Mutual Fund,Open Ended Schemes,Debt Scheme - Banking and PSU Fund,06-05-2022,112.24400
119551,Aditya Birla Sun Life Banking & PSU Debt Fund  - DIRECT - IDCW,Aditya Birla Sun Life Mutual Fund,Open Ended Schemes,Debt Scheme - Banking and PSU Fund,05-05-2022,112.35880
119551,Aditya Birla Sun Life Banking & PSU Debt Fund  - DIRECT - IDCW,Aditya Birla Sun Life Mutual Fund,Open Ended Schemes,Debt Scheme - Banking and PSU Fund,04-05-2022,112.43310
119551,Aditya Birla Sun Life Banking & PSU Debt Fund  - DIRECT - IDCW,Aditya Birla Sun Life Mutual Fund,Open Ended Schemes,Debt Scheme - Banking and PSU Fund,02-05-2022,113.13190
119551,Aditya Birla Sun Life Banking & PSU Debt Fund  - DIRECT - IDCW,Aditya Birla Sun Life Mutual Fund,Open Ended Schemes,Debt Scheme - Banking and PSU Fund,29-04-2022,113.09560
119551,Aditya Birla Sun Life Banking & PSU Debt Fund  - DIRECT - IDCW,Aditya Birla Sun Life Mutual Fund,Open Ended Schemes,Debt Scheme - Banking and PSU Fund,28-04-2022,113.08480
119551,Aditya Birla Sun Life Banking & PSU Debt Fund  - DIRECT - IDCW,Aditya Birla Sun Life Mutual Fund,Open Ended Schemes,Debt Scheme - Banking and PSU Fund,27-04-2022,113.09540
119551,Aditya Birla Sun Life Banking & PSU Debt Fund  - DIRECT - IDCW,Aditya Birla Sun Life Mutual Fund,Open Ended Schemes,Debt Scheme - Banking and PSU Fund,26-04-2022,113.05790
119551,Aditya Birla Sun Life Banking & PSU Debt Fund  - DIRECT - IDCW,Aditya Birla Sun Life Mutual Fund,Open Ended Schemes,Debt Scheme - Banking and PSU Fund,25-04-2022,113.06150
119551,Aditya Birla Sun Life Banking & PSU Debt Fund  - DIRECT - IDCW,Aditya Birla Sun Life Mutual Fund,Open Ended Schemes,Debt Scheme - Banking and PSU Fund,22-04-2022,112.95900
119551,Aditya Birla Sun Life Banking & PSU Debt Fund  - DIRECT - IDCW,Aditya Birla Sun Life Mutual Fund,Open Ended Schemes,Debt Scheme - Banking and PSU Fund,21-04-2022,112.95600
119551,Aditya Birla Sun Life Banking & PSU Debt Fund  - DIRECT - IDCW,Aditya Birla Sun Life Mutual Fund,Open Ended Schemes,Debt Scheme - Banking and PSU Fund,20-04-2022,112.93600
119551,Aditya Birla Sun Life Banking & PSU Debt Fund  - DIRECT - IDCW,Aditya Birla Sun Life Mutual Fund,Open Ended Schemes,Debt Scheme - Banking and PSU Fund,19-04-2022,112.90460
119551,Aditya Birla Sun Life Banking & PSU Debt Fund  - DIRECT - IDCW,Aditya Birla Sun Life Mutual Fund,Open Ended Schemes,Debt Scheme - Banking and PSU Fund,18-04-2022,112.85840
119551,Aditya Birla Sun Life Banking & PSU Debt Fund  - DIRECT - IDCW,Aditya Birla Sun Life Mutual Fund,Open Ended Schemes,Debt Scheme - Banking and PSU Fund,13-04-2022,112.68440
119551,Aditya Birla Sun Life Banking & PSU Debt Fund  - DIRECT - IDCW,Aditya Birla Sun Life Mutual Fund,Open Ended Schemes,Debt Scheme - Banking and PSU Fund,12-04-2022,112.84050
119551,Aditya Birla Sun Life Banking & PSU Debt Fund  - DIRECT - IDCW,Aditya Birla Sun Life Mutual Fund,Open Ended Schemes,Debt Scheme - Banking and PSU Fund,11-04-2022,112.84790
119551,Aditya Birla Sun Life Banking & PSU Debt Fund  - DIRECT - IDCW,Aditya Birla Sun Life Mutual Fund,Open Ended Schemes,Debt Scheme - Banking and PSU Fund,08-04-2022,112.90620
119551,Aditya Birla Sun Life Banking & PSU Debt Fund  - DIRECT - IDCW,Aditya Birla Sun Life Mutual Fund,Open Ended Schemes,Debt Scheme - Banking and PSU Fund,07-04-2022,113.18250
119551,Aditya Birla Sun Life Banking & PSU Debt Fund  - DIRECT - IDCW,Aditya Birla Sun Life Mutual Fund,Open Ended Schemes,Debt Scheme - Banking and PSU Fund,06-04-2022,113.16070
119551,Aditya Birla Sun Life Banking & PSU Debt Fund  - DIRECT - IDCW,Aditya Birla Sun Life Mutual Fund,Open Ended Schemes,Debt Scheme - Banking and PSU Fund,05-04-2022,113.16610
119551,Aditya Birla Sun Life Banking & PSU Debt Fund  - DIRECT - IDCW,Aditya Birla Sun Life Mutual Fund,Open Ended Schemes,Debt Scheme - Banking and PSU Fund,04-04-2022,113.11710
119551,Aditya Birla Sun Life Banking & PSU Debt Fund  - DIRECT - IDCW,Aditya Birla Sun Life Mutual Fund,Open Ended Schemes,Debt Scheme - Banking and PSU Fund,31-03-2022,113.07820
119551,Aditya Birla Sun Life Banking & PSU Debt Fund  - DIRECT - IDCW,Aditya Birla Sun Life Mutual Fund,Open Ended Schemes,Debt Scheme - Banking and PSU Fund,30-03-2022,113.02550
119551,Aditya Birla Sun Life Banking & PSU Debt Fund  - DIRECT - IDCW,Aditya Birla Sun Life Mutual Fund,Open Ended Schemes,Debt Scheme - Banking and PSU Fund,29-03-2022,112.99120
119551,Aditya Birla Sun Life Banking & PSU Debt Fund  - DIRECT - IDCW,Aditya Birla Sun Life Mutual Fund,Open Ended Schemes,Debt Scheme - Banking and PSU Fund,28-03-2022,112.94480
119551,Aditya Birla Sun Life Banking & PSU Debt Fund  - DIRECT - IDCW,Aditya Birla Sun Life Mutual Fund,Open Ended Schemes,Debt Scheme - Banking and PSU Fund,25-03-2022,112.90340
119551,Aditya Birla Sun Life Banking & PSU Debt Fund  - DIRECT - IDCW,Aditya Birla Sun Life Mutual Fund,Open Ended Schemes,Debt Scheme - Banking and PSU Fund,24-03-2022,112.85420
119551,Aditya Birla Sun Life Banking & PSU Debt Fund  - DIRECT - IDCW,Aditya Birla Sun Life Mutual Fund,Open Ended Schemes,Debt Scheme - Banking and PSU Fund,23-03-2022,112.82310
119551,Aditya Birla Sun Life Banking & PSU Debt Fund  - DIRECT - IDCW,Aditya Birla Sun Life Mutual Fund,Open Ended Schemes,Debt Scheme - Banking and PSU Fund,22-03-2022,121.94410
119551,Aditya Birla Sun Life Banking & PSU Debt Fund  - DIRECT - IDCW,Aditya Birla Sun Life Mutual Fund,Open Ended Schemes,Debt Scheme - Banking and PSU Fund,21-03-2022,121.94740
119551,Aditya Birla Sun Life Banking & PSU Debt Fund  - DIRECT - IDCW,Aditya Birla Sun Life Mutual Fund,Open Ended Schemes,Debt Scheme - Banking and PSU Fund,17-03-2022,121.88160
119551,Aditya Birla Sun Life Banking & PSU Debt Fund  - DIRECT - IDCW,Aditya Birla Sun Life Mutual Fund,Open Ended Schemes,Debt Scheme - Banking and PSU Fund,16-03-2022,121.79190
119551,Aditya Birla Sun Life Banking & PSU Debt Fund  - DIRECT - IDCW,Aditya Birla Sun Life Mutual Fund,Open Ended Schemes,Debt Scheme - Banking and PSU Fund,15-03-2022,121.81770
119551,Aditya Birla Sun Life Banking & PSU Debt Fund  - DIRECT - IDCW,Aditya Birla Sun Life Mutual Fund,Open Ended Schemes,Debt Scheme - Banking and PSU Fund,14-03-2022,121.71790
119551,Aditya Birla Sun Life Banking & PSU Debt Fund  - DIRECT - IDCW,Aditya Birla Sun Life Mutual Fund,Open Ended Schemes,Debt Scheme - Banking and PSU Fund,11-03-2022,121.66520
119551,Aditya Birla Sun Life Banking & PSU Debt Fund  - DIRECT - IDCW,Aditya Birla Sun Life Mutual Fund,Open Ended Schemes,Debt Scheme - Banking and PSU Fund,10-03-2022,121.66990
119551,Aditya Birla Sun Life Banking & PSU Debt Fund  - DIRECT - IDCW,Aditya Birla Sun Life Mutual Fund,Open Ended Schemes,Debt Scheme - Banking and PSU Fund,09-03-2022,121.61440
119551,Aditya Birla Sun Life Banking & PSU Debt Fund  - DIRECT - IDCW,Aditya Birla Sun Life Mutual Fund,Open Ended Schemes,Debt Scheme - Banking and PSU Fund,08-03-2022,121.59350
119551,Aditya Birla Sun Life Banking & PSU Debt Fund  - DIRECT - IDCW,Aditya Birla Sun Life Mutual Fund,Open Ended Schemes,Debt Scheme - Banking and PSU Fund,07-03-2022,121.60230
119551,Aditya Birla Sun Life Banking & PSU Debt Fund  - DIRECT - IDCW,Aditya Birla Sun Life Mutual Fund,Open Ended Schemes,Debt Scheme - Banking and PSU Fund,04-03-2022,121.66030
119551,Aditya Birla Sun Life Banking & PSU Debt Fund  - DIRECT - IDCW,Aditya Birla Sun Life Mutual Fund,Open Ended Schemes,Debt Scheme - Banking and PSU Fund,03-03-2022,121.62960
119551,Aditya Birla Sun Life Banking & PSU Debt Fund  - DIRECT - IDCW,Aditya Birla Sun Life Mutual Fund,Open Ended Schemes,Debt Scheme - Banking and PSU Fund,02-03-2022,121.66500
119551,Aditya Birla Sun Life Banking & PSU Debt Fund  - DIRECT - IDCW,Aditya Birla Sun Life Mutual Fund,Open Ended Schemes,Debt Scheme - Banking and PSU Fund,28-02-2022,121.73480
119551,Aditya Birla Sun Life Banking & PSU Debt Fund  - DIRECT - IDCW,Aditya Birla Sun Life Mutual Fund,Open Ended Schemes,Debt Scheme - Banking and PSU Fund,25-02-2022,121.71610
119551,Aditya Birla Sun Life Banking & PSU Debt Fund  - DIRECT - IDCW,Aditya Birla Sun Life Mutual Fund,Open Ended Schemes,Debt Scheme - Banking and PSU Fund,24-02-2022,121.71610
119551,Aditya Birla Sun Life Banking & PSU Debt Fund  - DIRECT - IDCW,Aditya Birla Sun Life Mutual Fund,Open Ended Schemes,Debt Scheme - Banking and PSU Fund,23-02-2022,121.72640
119551,Aditya Birla Sun Life Banking & PSU Debt Fund  - DIRECT - IDCW,Aditya Birla Sun Life Mutual Fund,Open Ended Schemes,Debt Scheme - Banking and PSU Fund,22-02-2022,121.68930
119551,Aditya Birla Sun Life Banking & PSU Debt Fund  - DIRECT - IDCW,Aditya Birla Sun Life Mutual Fund,Open Ended Schemes,Debt Scheme - Banking and PSU Fund,21-02-2022,121.71930
119551,Aditya Birla Sun Life Banking & PSU Debt Fund  - DIRECT - IDCW,Aditya Birla Sun Life Mutual Fund,Open Ended Schemes,Debt Scheme - Banking and PSU Fund,18-02-2022,121.68240
119551,Aditya Birla Sun Life Banking & PSU Debt Fund  - DIRECT - IDCW,Aditya Birla Sun Life Mutual Fund,Open Ended Schemes,Debt Scheme - Banking and PSU Fund,17-02-2022,121.65610
119551,Aditya Birla Sun Life Banking & PSU Debt Fund  - DIRECT - IDCW,Aditya Birla Sun Life Mutual Fund,Open Ended Schemes,Debt Scheme - Banking and PSU Fund,16-02-2022,121.64480
119551,Aditya Birla Sun Life Banking & PSU Debt Fund  - DIRECT - IDCW,Aditya Birla Sun Life Mutual Fund,Open Ended Schemes,Debt Scheme - Banking and PSU Fund,15-02-2022,121.61810
119551,Aditya Birla Sun Life Banking & PSU Debt Fund  - DIRECT - IDCW,Aditya Birla Sun Life Mutual Fund,Open Ended Schemes,Debt Scheme - Banking and PSU Fund,14-02-2022,121.62360
119551,Aditya Birla Sun Life Banking & PSU Debt Fund  - DIRECT - IDCW,Aditya Birla Sun Life Mutual Fund,Open Ended Schemes,Debt Scheme - Banking and PSU Fund,11-02-2022,121.52650
119551,Aditya Birla Sun Life Banking & PSU Debt Fund  - DIRECT - IDCW,Aditya Birla Sun Life Mutual Fund,Open Ended Schemes,Debt Scheme - Banking and PSU Fund,10-02-2022,121.44580
119551,Aditya Birla Sun Life Banking & PSU Debt Fund  - DIRECT - IDCW,Aditya Birla Sun Life Mutual Fund,Open Ended Schemes,Debt Scheme - Banking and PSU Fund,09-02-2022,121.22570
119551,Aditya Birla Sun Life Banking & PSU Debt Fund  - DIRECT - IDCW,Aditya Birla Sun Life Mutual Fund,Open Ended Schemes,Debt Scheme - Banking and PSU Fund,08-02-2022,121.16290
119551,Aditya Birla Sun Life Banking & PSU Debt Fund  - DIRECT - IDCW,Aditya Birla Sun Life Mutual Fund,Open Ended Schemes,Debt Scheme - Banking and PSU Fund,04-02-2022,121.00910
119551,Aditya Birla Sun Life Banking & PSU Debt Fund  - DIRECT - IDCW,Aditya Birla Sun Life Mutual Fund,Open Ended Schemes,Debt Scheme - Banking and PSU Fund,03-02-2022,121.00790
119551,Aditya Birla Sun Life Banking & PSU Debt Fund  - DIRECT - IDCW,Aditya Birla Sun Life Mutual Fund,Open Ended Schemes,Debt Scheme - Banking and PSU Fund,02-02-2022,120.97970
119551,Aditya Birla Sun Life Banking & PSU Debt Fund  - DIRECT - IDCW,Aditya Birla Sun Life Mutual Fund,Open Ended Schemes,Debt Scheme - Banking and PSU Fund,01-02-2022,121.04100
119551,Aditya Birla Sun Life Banking & PSU Debt Fund  - DIRECT - IDCW,Aditya Birla Sun Life Mutual Fund,Open Ended Schemes,Debt Scheme - Banking and PSU Fund,31-01-2022,121.22640
119551,Aditya Birla Sun Life Banking & PSU Debt Fund  - DIRECT - IDCW,Aditya Birla Sun Life Mutual Fund,Open Ended Schemes,Debt Scheme - Banking and PSU Fund,28-01-2022,121.12870
119551,Aditya Birla Sun Life Banking & PSU Debt Fund  - DIRECT - IDCW,Aditya Birla Sun Life Mutual Fund,Open Ended Schemes,Debt Scheme - Banking and PSU Fund,27-01-2022,121.10950
119551,Aditya Birla Sun Life Banking & PSU Debt Fund  - DIRECT - IDCW,Aditya Birla Sun Life Mutual Fund,Open Ended Schemes,Debt Scheme - Banking and PSU Fund,25-01-2022,121.15350
119551,Aditya Birla Sun Life Banking & PSU Debt Fund  - DIRECT - IDCW,Aditya Birla Sun Life Mutual Fund,Open Ended Schemes,Debt Scheme - Banking and PSU Fund,24-01-2022,121.12480
119551,Aditya Birla Sun Life Banking & PSU Debt Fund  - DIRECT - IDCW,Aditya Birla Sun Life Mutual Fund,Open Ended Schemes,Debt Scheme - Banking and PSU Fund,21-01-2022,121.13300
119551,Aditya Birla Sun Life Banking & PSU Debt Fund  - DIRECT - IDCW,Aditya Birla Sun Life Mutual Fund,Open Ended Schemes,Debt Scheme - Banking and PSU Fund,20-01-2022,121.10560
119551,Aditya Birla Sun Life Banking & PSU Debt Fund  - DIRECT - IDCW,Aditya Birla Sun Life Mutual Fund,Open Ended Schemes,Debt Scheme - Banking and PSU Fund,19-01-2022,121.08290
119551,Aditya Birla Sun Life Banking & PSU Debt Fund  - DIRECT - IDCW,Aditya Birla Sun Life Mutual Fund,Open Ended Schemes,Debt Scheme - Banking and PSU Fund,18-01-2022,121.07690
119551,Aditya Birla Sun Life Banking & PSU Debt Fund  - DIRECT - IDCW,Aditya Birla Sun Life Mutual Fund,Open Ended Schemes,Debt Scheme - Banking and PSU Fund,17-01-2022,121.07460
119551,Aditya Birla Sun Life Banking & PSU Debt Fund  - DIRECT - IDCW,Aditya Birla Sun Life Mutual Fund,Open Ended Schemes,Debt Scheme - Banking and PSU Fund,14-01-2022,121.09060
119551,Aditya Birla Sun Life Banking & PSU Debt Fund  - DIRECT - IDCW,Aditya Birla Sun Life Mutual Fund,Open Ended Schemes,Debt Scheme - Banking and PSU Fund,13-01-2022,121.06790
119551,Aditya Birla Sun Life Banking & PSU Debt Fund  - DIRECT - IDCW,Aditya Birla Sun Life Mutual Fund,Open Ended Schemes,Debt Scheme - Banking and PSU Fund,12-01-2022,121.02360
119551,Aditya Birla Sun Life Banking & PSU Debt Fund  - DIRECT - IDCW,Aditya Birla Sun Life Mutual Fund,Open Ended Schemes,Debt Scheme - Banking and PSU Fund,11-01-2022,120.97230
119551,Aditya Birla Sun Life Banking & PSU Debt Fund  - DIRECT - IDCW,Aditya Birla Sun Life Mutual Fund,Open Ended Schemes,Debt Scheme - Banking and PSU Fund,10-01-2022,120.91980
119551,Aditya Birla Sun Life Banking & PSU Debt Fund  - DIRECT - IDCW,Aditya Birla Sun Life Mutual Fund,Open Ended Schemes,Debt Scheme - Banking and PSU Fund,07-01-2022,120.95470
119551,Aditya Birla Sun Life Banking & PSU Debt Fund  - DIRECT - IDCW,Aditya Birla Sun Life Mutual Fund,Open Ended Schemes,Debt Scheme - Banking and PSU Fund,06-01-2022,120.95770
119551,Aditya Birla Sun Life Banking & PSU Debt Fund  - DIRECT - IDCW,Aditya Birla Sun Life Mutual Fund,Open Ended Schemes,Debt Scheme - Banking and PSU Fund,05-01-2022,120.93140
119551,Aditya Birla Sun Life Banking & PSU Debt Fund  - DIRECT - IDCW,Aditya Birla Sun Life Mutual Fund,Open Ended Schemes,Debt Scheme - Banking and PSU Fund,04-01-2022,120.93260
119551,Aditya Birla Sun Life Banking & PSU Debt Fund  - DIRECT - IDCW,Aditya Birla Sun Life Mutual Fund,Open Ended Schemes,Debt Scheme - Banking and PSU Fund,03-01-2022,120.97910
119551,Aditya Birla Sun Life Banking & PSU Debt Fund  - DIRECT - IDCW,Aditya Birla Sun Life Mutual Fund,Open Ended Schemes,Debt Scheme - Banking and PSU Fund,31-12-2021,120.94240
119551,Aditya Birla Sun Life Banking & PSU Debt Fund  - DIRECT - IDCW,Aditya Birla Sun Life Mutual Fund,Open Ended Schemes,Debt Scheme - Banking and PSU Fund,30-12-2021,120.90490
119551,Aditya Birla Sun Life Banking & PSU Debt Fund  - DIRECT - IDCW,Aditya Birla Sun Life Mutual Fund,Open Ended Schemes,Debt Scheme - Banking and PSU Fund,29-12-2021,120.90390
119551,Aditya Birla Sun Life Banking & PSU Debt Fund  - DIRECT - IDCW,Aditya Birla Sun Life Mutual Fund,Open Ended Schemes,Debt Scheme - Banking and PSU Fund,28-12-2021,120.89770
119551,Aditya Birla Sun Life Banking & PSU Debt Fund  - DIRECT - IDCW,Aditya Birla Sun Life Mutual Fund,Open Ended Schemes,Debt Scheme - Banking and PSU Fund,27-12-2021,120.93670
119551,Aditya Birla Sun Life Banking & PSU Debt Fund  - DIRECT - IDCW,Aditya Birla Sun Life Mutual Fund,Open Ended Schemes,Debt Scheme - Banking and PSU Fund,24-12-2021,120.88600
119551,Aditya Birla Sun Life Banking & PSU Debt Fund  - DIRECT - IDCW,Aditya Birla Sun Life Mutual Fund,Open Ended Schemes,Debt Scheme - Banking and PSU Fund,23-12-2021,120.88130
119551,Aditya Birla Sun Life Banking & PSU Debt Fund  - DIRECT - IDCW,Aditya Birla Sun Life Mutual Fund,Open Ended Schemes,Debt Scheme - Banking and PSU Fund,22-12-2021,120.86450
119551,Aditya Birla Sun Life Banking & PSU Debt Fund  - DIRECT - IDCW,Aditya Birla Sun Life Mutual Fund,Open Ended Schemes,Debt Scheme - Banking and PSU Fund,21-12-2021,132.11350
119551,Aditya Birla Sun Life Banking & PSU Debt Fund  - DIRECT - IDCW,Aditya Birla Sun Life Mutual Fund,Open Ended Schemes,Debt Scheme - Banking and PSU Fund,20-12-2021,132.19830
119551,Aditya Birla Sun Life Banking & PSU Debt Fund  - DIRECT - IDCW,Aditya Birla Sun Life Mutual Fund,Open Ended Schemes,Debt Scheme - Banking and PSU Fund,17-12-2021,132.22880
119551,Aditya Birla Sun Life Banking & PSU Debt Fund  - DIRECT - IDCW,Aditya Birla Sun Life Mutual Fund,Open Ended Schemes,Debt Scheme - Banking and PSU Fund,16-12-2021,132.26370
119551,Aditya Birla Sun Life Banking & PSU Debt Fund  - DIRECT - IDCW,Aditya Birla Sun Life Mutual Fund,Open Ended Schemes,Debt Scheme - Banking and PSU Fund,15-12-2021,132.25630
119551,Aditya Birla Sun Life Banking & PSU Debt Fund  - DIRECT - IDCW,Aditya Birla Sun Life Mutual Fund,Open Ended Schemes,Debt Scheme - Banking and PSU Fund,14-12-2021,132.23680
119551,Aditya Birla Sun Life Banking & PSU Debt Fund  - DIRECT - IDCW,Aditya Birla Sun Life Mutual Fund,Open Ended Schemes,Debt Scheme - Banking and PSU Fund,13-12-2021,132.17890
119551,Aditya Birla Sun Life Banking & PSU Debt Fund  - DIRECT - IDCW,Aditya Birla Sun Life Mutual Fund,Open Ended Schemes,Debt Scheme - Banking and PSU Fund,10-12-2021,132.16560
119551,Aditya Birla Sun Life Banking & PSU Debt Fund  - DIRECT - IDCW,Aditya Birla Sun Life Mutual Fund,Open Ended Schemes,Debt Scheme - Banking and PSU Fund,09-12-2021,132.16200
119551,Aditya Birla Sun Life Banking & PSU Debt Fund  - DIRECT - IDCW,Aditya Birla Sun Life Mutual Fund,Open Ended Schemes,Debt Scheme - Banking and PSU Fund,08-12-2021,132.16110
119551,Aditya Birla Sun Life Banking & PSU Debt Fund  - DIRECT - IDCW,Aditya Birla Sun Life Mutual Fund,Open Ended Schemes,Debt Scheme - Banking and PSU Fund,07-12-2021,132.09980
119551,Aditya Birla Sun Life Banking & PSU Debt Fund  - DIRECT - IDCW,Aditya Birla Sun Life Mutual Fund,Open Ended Schemes,Debt Scheme - Banking and PSU Fund,06-12-2021,132.09030
119551,Aditya Birla Sun Life Banking & PSU Debt Fund  - DIRECT - IDCW,Aditya Birla Sun Life Mutual Fund,Open Ended Schemes,Debt Scheme - Banking and PSU Fund,03-12-2021,132.01620
119551,Aditya Birla Sun Life Banking & PSU Debt Fund  - DIRECT - IDCW,Aditya Birla Sun Life Mutual Fund,Open Ended Schemes,Debt Scheme - Banking and PSU Fund,02-12-2021,132.01460
119551,Aditya Birla Sun Life Banking & PSU Debt Fund  - DIRECT - IDCW,Aditya Birla Sun Life Mutual Fund,Open Ended Schemes,Debt Scheme - Banking and PSU Fund,01-12-2021,131.96970
119551,Aditya Birla Sun Life Banking & PSU Debt Fund  - DIRECT - IDCW,Aditya Birla Sun Life Mutual Fund,Open Ended Schemes,Debt Scheme - Banking and PSU Fund,30-11-2021,131.96680
119551,Aditya Birla Sun Life Banking & PSU Debt Fund  - DIRECT - IDCW,Aditya Birla Sun Life Mutual Fund,Open Ended Schemes,Debt Scheme - Banking and PSU Fund,29-11-2021,131.91940
119551,Aditya Birla Sun Life Banking & PSU Debt Fund  - DIRECT - IDCW,Aditya Birla Sun Life Mutual Fund,Open Ended Schemes,Debt Scheme - Banking and PSU Fund,26-11-2021,131.88180
119551,Aditya Birla Sun Life Banking & PSU Debt Fund  - DIRECT - IDCW,Aditya Birla Sun Life Mutual Fund,Open Ended Schemes,Debt Scheme - Banking and PSU Fund,25-11-2021,131.87040
119551,Aditya Birla Sun Life Banking & PSU Debt Fund  - DIRECT - IDCW,Aditya Birla Sun Life Mutual Fund,Open Ended Schemes,Debt Scheme - Banking and PSU Fund,24-11-2021,131.86450
119551,Aditya Birla Sun Life Banking & PSU Debt Fund  - DIRECT - IDCW,Aditya Birla Sun Life Mutual Fund,Open Ended Schemes,Debt Scheme - Banking and PSU Fund,23-11-2021,131.86860
119551,Aditya Birla Sun Life Banking & PSU Debt Fund  - DIRECT - IDCW,Aditya Birla Sun Life Mutual Fund,Open Ended Schemes,Debt Scheme - Banking and PSU Fund,22-11-2021,131.85800
119551,Aditya Birla Sun Life Banking & PSU Debt Fund  - DIRECT - IDCW,Aditya Birla Sun Life Mutual Fund,Open Ended Schemes,Debt Scheme - Banking and PSU Fund,18-11-2021,131.79440
119551,Aditya Birla Sun Life Banking & PSU Debt Fund  - DIRECT - IDCW,Aditya Birla Sun Life Mutual Fund,Open Ended Schemes,Debt Scheme - Banking and PSU Fund,17-11-2021,131.74890
119551,Aditya Birla Sun Life Banking & PSU Debt Fund  - DIRECT - IDCW,Aditya Birla Sun Life Mutual Fund,Open Ended Schemes,Debt Scheme - Banking and PSU Fund,16-11-2021,131.74790
119551,Aditya Birla Sun Life Banking & PSU Debt Fund  - DIRECT - IDCW,Aditya Birla Sun Life Mutual Fund,Open Ended Schemes,Debt Scheme - Banking and PSU Fund,15-11-2021,131.74170
119551,Aditya Birla Sun Life Banking & PSU Debt Fund  - DIRECT - IDCW,Aditya Birla Sun Life Mutual Fund,Open Ended Schemes,Debt Scheme - Banking and PSU Fund,12-11-2021,131.68940
119551,Aditya Birla Sun Life Banking & PSU Debt Fund  - DIRECT - IDCW,Aditya Birla Sun Life Mutual Fund,Open Ended Schemes,Debt Scheme - Banking and PSU Fund,11-11-2021,131.68660
119551,Aditya Birla Sun Life Banking & PSU Debt Fund  - DIRECT - IDCW,Aditya Birla Sun Life Mutual Fund,Open Ended Schemes,Debt Scheme - Banking and PSU Fund,10-11-2021,131.65900
119551,Aditya Birla Sun Life Banking & PSU Debt Fund  - DIRECT - IDCW,Aditya Birla Sun Life Mutual Fund,Open Ended Schemes,Debt Scheme - Banking and PSU Fund,09-11-2021,131.65990
119551,Aditya Birla Sun Life Banking & PSU Debt Fund  - DIRECT - IDCW,Aditya Birla Sun Life Mutual Fund,Open Ended Schemes,Debt Scheme - Banking and PSU Fund,08-11-2021,131.61630
119551,Aditya Birla Sun Life Banking & PSU Debt Fund  - DIRECT - IDCW,Aditya Birla Sun Life Mutual Fund,Open Ended Schemes,Debt Scheme - Banking and PSU Fund,03-11-2021,131.43860
119551,Aditya Birla Sun Life Banking & PSU Debt Fund  - DIRECT - IDCW,Aditya Birla Sun Life Mutual Fund,Open Ended Schemes,Debt Scheme - Banking and PSU Fund,02-11-2021,131.39070
119551,Aditya Birla Sun Life Banking & PSU Debt Fund  - DIRECT - IDCW,Aditya Birla Sun Life Mutual Fund,Open Ended Schemes,Debt Scheme - Banking and PSU Fund,01-11-2021,131.39510
119551,Aditya Birla Sun Life Banking & PSU Debt Fund  - DIRECT - IDCW,Aditya Birla Sun Life Mutual Fund,Open Ended Schemes,Debt Scheme - Banking and PSU Fund,29-10-2021,131.36870
119551,Aditya Birla Sun Life Banking & PSU Debt Fund  - DIRECT - IDCW,Aditya Birla Sun Life Mutual Fund,Open Ended Schemes,Debt Scheme - Banking and PSU Fund,28-10-2021,131.39600
119551,Aditya Birla Sun Life Banking & PSU Debt Fund  - DIRECT - IDCW,Aditya Birla Sun Life Mutual Fund,Open Ended Schemes,Debt Scheme - Banking and PSU Fund,27-10-2021,131.42540
119551,Aditya Birla Sun Life Banking & PSU Debt Fund  - DIRECT - IDCW,Aditya Birla Sun Life Mutual Fund,Open Ended Schemes,Debt Scheme - Banking and PSU Fund,26-10-2021,131.42860
119551,Aditya Birla Sun Life Banking & PSU Debt Fund  - DIRECT - IDCW,Aditya Birla Sun Life Mutual Fund,Open Ended Schemes,Debt Scheme - Banking and PSU Fund,25-10-2021,131.50090
119551,Aditya Birla Sun Life Banking & PSU Debt Fund  - DIRECT - IDCW,Aditya Birla Sun Life Mutual Fund,Open Ended Schemes,Debt Scheme - Banking and PSU Fund,22-10-2021,131.46970
119551,Aditya Birla Sun Life Banking & PSU Debt Fund  - DIRECT - IDCW,Aditya Birla Sun Life Mutual Fund,Open Ended Schemes,Debt Scheme - Banking and PSU Fund,21-10-2021,131.44130
119551,Aditya Birla Sun Life Banking & PSU Debt Fund  - DIRECT - IDCW,Aditya Birla Sun Life Mutual Fund,Open Ended Schemes,Debt Scheme - Banking and PSU Fund,20-10-2021,131.34370
119551,Aditya Birla Sun Life Banking & PSU Debt Fund  - DIRECT - IDCW,Aditya Birla Sun Life Mutual Fund,Open Ended Schemes,Debt Scheme - Banking and PSU Fund,18-10-2021,131.36860
119551,Aditya Birla Sun Life Banking & PSU Debt Fund  - DIRECT - IDCW,Aditya Birla Sun Life Mutual Fund,Open Ended Schemes,Debt Scheme - Banking and PSU Fund,14-10-2021,131.36030
119551,Aditya Birla Sun Life Banking & PSU Debt Fund  - DIRECT - IDCW,Aditya Birla Sun Life Mutual Fund,Open Ended Schemes,Debt Scheme - Banking and PSU Fund,13-10-2021,131.35820
119551,Aditya Birla Sun Life Banking & PSU Debt Fund  - DIRECT - IDCW,Aditya Birla Sun Life Mutual Fund,Open Ended Schemes,Debt Scheme - Banking and PSU Fund,12-10-2021,131.29810
119551,Aditya Birla Sun Life Banking & PSU Debt Fund  - DIRECT - IDCW,Aditya Birla Sun Life Mutual Fund,Open Ended Schemes,Debt Scheme - Banking and PSU Fund,11-10-2021,131.25620
119551,Aditya Birla Sun Life Banking & PSU Debt Fund  - DIRECT - IDCW,Aditya Birla Sun Life Mutual Fund,Open Ended Schemes,Debt Scheme - Banking and PSU Fund,08-10-2021,131.23350
119551,Aditya Birla Sun Life Banking & PSU Debt Fund  - DIRECT - IDCW,Aditya Birla Sun Life Mutual Fund,Open Ended Schemes,Debt Scheme - Banking and PSU Fund,07-10-2021,131.22650
119551,Aditya Birla Sun Life Banking & PSU Debt Fund  - DIRECT - IDCW,Aditya Birla Sun Life Mutual Fund,Open Ended Schemes,Debt Scheme - Banking and PSU Fund,06-10-2021,131.24590
119551,Aditya Birla Sun Life Banking & PSU Debt Fund  - DIRECT - IDCW,Aditya Birla Sun Life Mutual Fund,Open Ended Schemes,Debt Scheme - Banking and PSU Fund,05-10-2021,131.26160
119551,Aditya Birla Sun Life Banking & PSU Debt Fund  - DIRECT - IDCW,Aditya Birla Sun Life Mutual Fund,Open Ended Schemes,Debt Scheme - Banking and PSU Fund,04-10-2021,131.30940
119551,Aditya Birla Sun Life Banking & PSU Debt Fund  - DIRECT - IDCW,Aditya Birla Sun Life Mutual Fund,Open Ended Schemes,Debt Scheme - Banking and PSU Fund,01-10-2021,131.23930
119551,Aditya Birla Sun Life Banking & PSU Debt Fund  - DIRECT - IDCW,Aditya Birla Sun Life Mutual Fund,Open Ended Schemes,Debt Scheme - Banking and PSU Fund,30-09-2021,131.25260
119551,Aditya Birla Sun Life Banking & PSU Debt Fund  - DIRECT - IDCW,Aditya Birla Sun Life Mutual Fund,Open Ended Schemes,Debt Scheme - Banking and PSU Fund,29-09-2021,131.23280
119551,Aditya Birla Sun Life Banking & PSU Debt Fund  - DIRECT - IDCW,Aditya Birla Sun Life Mutual Fund,Open Ended Schemes,Debt Scheme - Banking and PSU Fund,28-09-2021,131.30440
119551,Aditya Birla Sun Life Banking & PSU Debt Fund  - DIRECT - IDCW,Aditya Birla Sun Life Mutual Fund,Open Ended Schemes,Debt Scheme - Banking and PSU Fund,27-09-2021,131.25800
119551,Aditya Birla Sun Life Banking & PSU Debt Fund  - DIRECT - IDCW,Aditya Birla Sun Life Mutual Fund,Open Ended Schemes,Debt Scheme - Banking and PSU Fund,24-09-2021,131.26940
119551,Aditya Birla Sun Life Banking & PSU Debt Fund  - DIRECT - IDCW,Aditya Birla Sun Life Mutual Fund,Open Ended Schemes,Debt Scheme - Banking and PSU Fund,23-09-2021,131.35540
119551,Aditya Birla Sun Life Banking & PSU Debt Fund  - DIRECT - IDCW,Aditya Birla Sun Life Mutual Fund,Open Ended Schemes,Debt Scheme - Banking and PSU Fund,22-09-2021,131.35130
119551,Aditya Birla Sun Life Banking & PSU Debt Fund  - DIRECT - IDCW,Aditya Birla Sun Life Mutual Fund,Open Ended Schemes,Debt Scheme - Banking and PSU Fund,21-09-2021,131.33160
119551,Aditya Birla Sun Life Banking & PSU Debt Fund  - DIRECT - IDCW,Aditya Birla Sun Life Mutual Fund,Open Ended Schemes,Debt Scheme - Banking and PSU Fund,20-09-2021,131.32220
119551,Aditya Birla Sun Life Banking & PSU Debt Fund  - DIRECT - IDCW,Aditya Birla Sun Life Mutual Fund,Open Ended Schemes,Debt Scheme - Banking and PSU Fund,17-09-2021,131.25910
119551,Aditya Birla Sun Life Banking & PSU Debt Fund  - DIRECT - IDCW,Aditya Birla Sun Life Mutual Fund,Open Ended Schemes,Debt Scheme - Banking and PSU Fund,16-09-2021,131.23450
119551,Aditya Birla Sun Life Banking & PSU Debt Fund  - DIRECT - IDCW,Aditya Birla Sun Life Mutual Fund,Open Ended Schemes,Debt Scheme - Banking and PSU Fund,15-09-2021,131.19960
119551,Aditya Birla Sun Life Banking & PSU Debt Fund  - DIRECT - IDCW,Aditya Birla Sun Life Mutual Fund,Open Ended Schemes,Debt Scheme - Banking and PSU Fund,14-09-2021,144.12510
119551,Aditya Birla Sun Life Banking & PSU Debt Fund  - DIRECT - IDCW,Aditya Birla Sun Life Mutual Fund,Open Ended Schemes,Debt Scheme - Banking and PSU Fund,13-09-2021,144.11180
119551,Aditya Birla Sun Life Banking & PSU Debt Fund  - DIRECT - IDCW,Aditya Birla Sun Life Mutual Fund,Open Ended Schemes,Debt Scheme - Banking and PSU Fund,09-09-2021,144.05740
119551,Aditya Birla Sun Life Banking & PSU Debt Fund  - DIRECT - IDCW,Aditya Birla Sun Life Mutual Fund,Open Ended Schemes,Debt Scheme - Banking and PSU Fund,08-09-2021,144.02750
119551,Aditya Birla Sun Life Banking & PSU Debt Fund  - DIRECT - IDCW,Aditya Birla Sun Life Mutual Fund,Open Ended Schemes,Debt Scheme - Banking and PSU Fund,07-09-2021,144.00420
119551,Aditya Birla Sun Life Banking & PSU Debt Fund  - DIRECT - IDCW,Aditya Birla Sun Life Mutual Fund,Open Ended Schemes,Debt Scheme - Banking and PSU Fund,06-09-2021,144.01480
119551,Aditya Birla Sun Life Banking & PSU Debt Fund  - DIRECT - IDCW,Aditya Birla Sun Life Mutual Fund,Open Ended Schemes,Debt Scheme - Banking and PSU Fund,03-09-2021,143.96990
119551,Aditya Birla Sun Life Banking & PSU Debt Fund  - DIRECT - IDCW,Aditya Birla Sun Life Mutual Fund,Open Ended Schemes,Debt Scheme - Banking and PSU Fund,02-09-2021,143.94440
119551,Aditya Birla Sun Life Banking & PSU Debt Fund  - DIRECT - IDCW,Aditya Birla Sun Life Mutual Fund,Open Ended Schemes,Debt Scheme - Banking and PSU Fund,01-09-2021,143.87460
119551,Aditya Birla Sun Life Banking & PSU Debt Fund  - DIRECT - IDCW,Aditya Birla Sun Life Mutual Fund,Open Ended Schemes,Debt Scheme - Banking and PSU Fund,31-08-2021,143.79840
119551,Aditya Birla Sun Life Banking & PSU Debt Fund  - DIRECT - IDCW,Aditya Birla Sun Life Mutual Fund,Open Ended Schemes,Debt Scheme - Banking and PSU Fund,30-08-2021,143.75350
119551,Aditya Birla Sun Life Banking & PSU Debt Fund  - DIRECT - IDCW,Aditya Birla Sun Life Mutual Fund,Open Ended Schemes,Debt Scheme - Banking and PSU Fund,27-08-2021,143.62770
119551,Aditya Birla Sun Life Banking & PSU Debt Fund  - DIRECT - IDCW,Aditya Birla Sun Life Mutual Fund,Open Ended Schemes,Debt Scheme - Banking and PSU Fund,26-08-2021,143.58930
119551,Aditya Birla Sun Life Banking & PSU Debt Fund  - DIRECT - IDCW,Aditya Birla Sun Life Mutual Fund,Open Ended Schemes,Debt Scheme - Banking and PSU Fund,25-08-2021,143.58530
119551,Aditya Birla Sun Life Banking & PSU Debt Fund  - DIRECT - IDCW,Aditya Birla Sun Life Mutual Fund,Open Ended Schemes,Debt Scheme - Banking and PSU Fund,24-08-2021,143.56290
119551,Aditya Birla Sun Life Banking & PSU Debt Fund  - DIRECT - IDCW,Aditya Birla Sun Life Mutual Fund,Open Ended Schemes,Debt Scheme - Banking and PSU Fund,23-08-2021,143.55970
119551,Aditya Birla Sun Life Banking & PSU Debt Fund  - DIRECT - IDCW,Aditya Birla Sun Life Mutual Fund,Open Ended Schemes,Debt Scheme - Banking and PSU Fund,20-08-2021,143.51640
119551,Aditya Birla Sun Life Banking & PSU Debt Fund  - DIRECT - IDCW,Aditya Birla Sun Life Mutual Fund,Open Ended Schemes,Debt Scheme - Banking and PSU Fund,18-08-2021,143.48180
119551,Aditya Birla Sun Life Banking & PSU Debt Fund  - DIRECT - IDCW,Aditya Birla Sun Life Mutual Fund,Open Ended Schemes,Debt Scheme - Banking and PSU Fund,17-08-2021,143.36960
119551,Aditya Birla Sun Life Banking & PSU Debt Fund  - DIRECT - IDCW,Aditya Birla Sun Life Mutual Fund,Open Ended Schemes,Debt Scheme - Banking and PSU Fund,13-08-2021,143.23920
119551,Aditya Birla Sun Life Banking & PSU Debt Fund  - DIRECT - IDCW,Aditya Birla Sun Life Mutual Fund,Open Ended Schemes,Debt Scheme - Banking and PSU Fund,12-08-2021,143.13600
119551,Aditya Birla Sun Life Banking & PSU Debt Fund  - DIRECT - IDCW,Aditya Birla Sun Life Mutual Fund,Open Ended Schemes,Debt Scheme - Banking and PSU Fund,11-08-2021,143.06250
119551,Aditya Birla Sun Life Banking & PSU Debt Fund  - DIRECT - IDCW,Aditya Birla Sun Life Mutual Fund,Open Ended Schemes,Debt Scheme - Banking and PSU Fund,10-08-2021,143.04860
119551,Aditya Birla Sun Life Banking & PSU Debt Fund  - DIRECT - IDCW,Aditya Birla Sun Life Mutual Fund,Open Ended Schemes,Debt Scheme - Banking and PSU Fund,09-08-2021,142.96610
119551,Aditya Birla Sun Life Banking & PSU Debt Fund  - DIRECT - IDCW,Aditya Birla Sun Life Mutual Fund,Open Ended Schemes,Debt Scheme - Banking and PSU Fund,06-08-2021,142.91000
119551,Aditya Birla Sun Life Banking & PSU Debt Fund  - DIRECT - IDCW,Aditya Birla Sun Life Mutual Fund,Open Ended Schemes,Debt Scheme - Banking and PSU Fund,05-08-2021,143.02100
119551,Aditya Birla Sun Life Banking & PSU Debt Fund  - DIRECT - IDCW,Aditya Birla Sun Life Mutual Fund,Open Ended Schemes,Debt Scheme - Banking and PSU Fund,04-08-2021,142.96470
119551,Aditya Birla Sun Life Banking & PSU Debt Fund  - DIRECT - IDCW,Aditya Birla Sun Life Mutual Fund,Open Ended Schemes,Debt Scheme - Banking and PSU Fund,03-08-2021,142.94040
119551,Aditya Birla Sun Life Banking & PSU Debt Fund  - DIRECT - IDCW,Aditya Birla Sun Life Mutual Fund,Open Ended Schemes,Debt Scheme - Banking and PSU Fund,02-08-2021,142.90050
119551,Aditya Birla Sun Life Banking & PSU Debt Fund  - DIRECT - IDCW,Aditya Birla Sun Life Mutual Fund,Open Ended Schemes,Debt Scheme - Banking and PSU Fund,30-07-2021,142.83900
119551,Aditya Birla Sun Life Banking & PSU Debt Fund  - DIRECT - IDCW,Aditya Birla Sun Life Mutual Fund,Open Ended Schemes,Debt Scheme - Banking and PSU Fund,29-07-2021,142.81840
119551,Aditya Birla Sun Life Banking & PSU Debt Fund  - DIRECT - IDCW,Aditya Birla Sun Life Mutual Fund,Open Ended Schemes,Debt Scheme - Banking and PSU Fund,28-07-2021,142.80060
119551,Aditya Birla Sun Life Banking & PSU Debt Fund  - DIRECT - IDCW,Aditya Birla Sun Life Mutual Fund,Open Ended Schemes,Debt Scheme - Banking and PSU Fund,27-07-2021,142.77470
119551,Aditya Birla Sun Life Banking & PSU Debt Fund  - DIRECT - IDCW,Aditya Birla Sun Life Mutual Fund,Open Ended Schemes,Debt Scheme - Banking and PSU Fund,26-07-2021,142.71900
119551,Aditya Birla Sun Life Banking & PSU Debt Fund  - DIRECT - IDCW,Aditya Birla Sun Life Mutual Fund,Open Ended Schemes,Debt Scheme - Banking and PSU Fund,23-07-2021,142.62180
119551,Aditya Birla Sun Life Banking & PSU Debt Fund  - DIRECT - IDCW,Aditya Birla Sun Life Mutual Fund,Open Ended Schemes,Debt Scheme - Banking and PSU Fund,22-07-2021,142.62390
119551,Aditya Birla Sun Life Banking & PSU Debt Fund  - DIRECT - IDCW,Aditya Birla Sun Life Mutual Fund,Open Ended Schemes,Debt Scheme - Banking and PSU Fund,20-07-2021,142.62130
119551,Aditya Birla Sun Life Banking & PSU Debt Fund  - DIRECT - IDCW,Aditya Birla Sun Life Mutual Fund,Open Ended Schemes,Debt Scheme - Banking and PSU Fund,19-07-2021,142.56540
119551,Aditya Birla Sun Life Banking & PSU Debt Fund  - DIRECT - IDCW,Aditya Birla Sun Life Mutual Fund,Open Ended Schemes,Debt Scheme - Banking and PSU Fund,16-07-2021,142.50920
119551,Aditya Birla Sun Life Banking & PSU Debt Fund  - DIRECT - IDCW,Aditya Birla Sun Life Mutual Fund,Open Ended Schemes,Debt Scheme - Banking and PSU Fund,15-07-2021,142.38060
119551,Aditya Birla Sun Life Banking & PSU Debt Fund  - DIRECT - IDCW,Aditya Birla Sun Life Mutual Fund,Open Ended Schemes,Debt Scheme - Banking and PSU Fund,14-07-2021,142.29680
119551,Aditya Birla Sun Life Banking & PSU Debt Fund  - DIRECT - IDCW,Aditya Birla Sun Life Mutual Fund,Open Ended Schemes,Debt Scheme - Banking and PSU Fund,13-07-2021,142.29480
119551,Aditya Birla Sun Life Banking & PSU Debt Fund  - DIRECT - IDCW,Aditya Birla Sun Life Mutual Fund,Open Ended Schemes,Debt Scheme - Banking and PSU Fund,12-07-2021,142.16020
119551,Aditya Birla Sun Life Banking & PSU Debt Fund  - DIRECT - IDCW,Aditya Birla Sun Life Mutual Fund,Open Ended Schemes,Debt Scheme - Banking and PSU Fund,09-07-2021,142.20290
119551,Aditya Birla Sun Life Banking & PSU Debt Fund  - DIRECT - IDCW,Aditya Birla Sun Life Mutual Fund,Open Ended Schemes,Debt Scheme - Banking and PSU Fund,08-07-2021,142.16960
119551,Aditya Birla Sun Life Banking & PSU Debt Fund  - DIRECT - IDCW,Aditya Birla Sun Life Mutual Fund,Open Ended Schemes,Debt Scheme - Banking and PSU Fund,07-07-2021,142.02180
119551,Aditya Birla Sun Life Banking & PSU Debt Fund  - DIRECT - IDCW,Aditya Birla Sun Life Mutual Fund,Open Ended Schemes,Debt Scheme - Banking and PSU Fund,06-07-2021,141.94200
119551,Aditya Birla Sun Life Banking & PSU Debt Fund  - DIRECT - IDCW,Aditya Birla Sun Life Mutual Fund,Open Ended Schemes,Debt Scheme - Banking and PSU Fund,05-07-2021,142.02290
119551,Aditya Birla Sun Life Banking & PSU Debt Fund  - DIRECT - IDCW,Aditya Birla Sun Life Mutual Fund,Open Ended Schemes,Debt Scheme - Banking and PSU Fund,02-07-2021,141.92450
119551,Aditya Birla Sun Life Banking & PSU Debt Fund  - DIRECT - IDCW,Aditya Birla Sun Life Mutual Fund,Open Ended Schemes,Debt Scheme - Banking and PSU Fund,01-07-2021,141.95150
119551,Aditya Birla Sun Life Banking & PSU Debt Fund  - DIRECT - IDCW,Aditya Birla Sun Life Mutual Fund,Open Ended Schemes,Debt Scheme - Banking and PSU Fund,30-06-2021,141.90210
119551,Aditya Birla Sun Life Banking & PSU Debt Fund  - DIRECT - IDCW,Aditya Birla Sun Life Mutual Fund,Open Ended Schemes,Debt Scheme - Banking and PSU Fund,29-06-2021,155.11370
119551,Aditya Birla Sun Life Banking & PSU Debt Fund  - DIRECT - IDCW,Aditya Birla Sun Life Mutual Fund,Open Ended Schemes,Debt Scheme - Banking and PSU Fund,28-06-2021,155.12580
119551,Aditya Birla Sun Life Banking & PSU Debt Fund  - DIRECT - IDCW,Aditya Birla Sun Life Mutual Fund,Open Ended Schemes,Debt Scheme - Banking and PSU Fund,25-06-2021,155.14620
119551,Aditya Birla Sun Life Banking & PSU Debt Fund  - DIRECT - IDCW,Aditya Birla Sun Life Mutual Fund,Open Ended Schemes,Debt Scheme - Banking and PSU Fund,24-06-2021,155.18140
119551,Aditya Birla Sun Life Banking & PSU Debt Fund  - DIRECT - IDCW,Aditya Birla Sun Life Mutual Fund,Open Ended Schemes,Debt Scheme - Banking and PSU Fund,23-06-2021,155.15730
119551,Aditya Birla Sun Life Banking & PSU Debt Fund  - DIRECT - IDCW,Aditya Birla Sun Life Mutual Fund,Open Ended Schemes,Debt Scheme - Banking and PSU Fund,22-06-2021,155.15060
119551,Aditya Birla Sun Life Banking & PSU Debt Fund  - DIRECT - IDCW,Aditya Birla Sun Life Mutual Fund,Open Ended Schemes,Debt Scheme - Banking and PSU Fund,21-06-2021,155.19520
119551,Aditya Birla Sun Life Banking & PSU Debt Fund  - DIRECT - IDCW,Aditya Birla Sun Life Mutual Fund,Open Ended Schemes,Debt Scheme - Banking and PSU Fund,18-06-2021,155.12210
119551,Aditya Birla Sun Life Banking & PSU Debt Fund  - DIRECT - IDCW,Aditya Birla Sun Life Mutual Fund,Open Ended Schemes,Debt Scheme - Banking and PSU Fund,17-06-2021,155.07260
119551,Aditya Birla Sun Life Banking & PSU Debt Fund  - DIRECT - IDCW,Aditya Birla Sun Life Mutual Fund,Open Ended Schemes,Debt Scheme - Banking and PSU Fund,16-06-2021,155.08430
119551,Aditya Birla Sun Life Banking & PSU Debt Fund  - DIRECT - IDCW,Aditya Birla Sun Life Mutual Fund,Open Ended Schemes,Debt Scheme - Banking and PSU Fund,15-06-2021,155.29610
119551,Aditya Birla Sun Life Banking & PSU Debt Fund  - DIRECT - IDCW,Aditya Birla Sun Life Mutual Fund,Open Ended Schemes,Debt Scheme - Banking and PSU Fund,14-06-2021,155.42900
119551,Aditya Birla Sun Life Banking & PSU Debt Fund  - DIRECT - IDCW,Aditya Birla Sun Life Mutual Fund,Open Ended Schemes,Debt Scheme - Banking and PSU Fund,11-06-2021,155.37550
119551,Aditya Birla Sun Life Banking & PSU Debt Fund  - DIRECT - IDCW,Aditya Birla Sun Life Mutual Fund,Open Ended Schemes,Debt Scheme - Banking and PSU Fund,10-06-2021,155.31610
119551,Aditya Birla Sun Life Banking & PSU Debt Fund  - DIRECT - IDCW,Aditya Birla Sun Life Mutual Fund,Open Ended Schemes,Debt Scheme - Banking and PSU Fund,09-06-2021,155.26990
119551,Aditya Birla Sun Life Banking & PSU Debt Fund  - DIRECT - IDCW,Aditya Birla Sun Life Mutual Fund,Open Ended Schemes,Debt Scheme - Banking and PSU Fund,08-06-2021,155.13830
119551,Aditya Birla Sun Life Banking & PSU Debt Fund  - DIRECT - IDCW,Aditya Birla Sun Life Mutual Fund,Open Ended Schemes,Debt Scheme - Banking and PSU Fund,07-06-2021,155.11170
119551,Aditya Birla Sun Life Banking & PSU Debt Fund  - DIRECT - IDCW,Aditya Birla Sun Life Mutual Fund,Open Ended Schemes,Debt Scheme - Banking and PSU Fund,04-06-2021,154.98690
119551,Aditya Birla Sun Life Banking & PSU Debt Fund  - DIRECT - IDCW,Aditya Birla Sun Life Mutual Fund,Open Ended Schemes,Debt Scheme - Banking and PSU Fund,03-06-2021,154.93840
119551,Aditya Birla Sun Life Banking & PSU Debt Fund  - DIRECT - IDCW,Aditya Birla Sun Life Mutual Fund,Open Ended Schemes,Debt Scheme - Banking and PSU Fund,02-06-2021,154.86320
119551,Aditya Birla Sun Life Banking & PSU Debt Fund  - DIRECT - IDCW,Aditya Birla Sun Life Mutual Fund,Open Ended Schemes,Debt Scheme - Banking and PSU Fund,01-06-2021,154.85060
119551,Aditya Birla Sun Life Banking & PSU Debt Fund  - DIRECT - IDCW,Aditya Birla Sun Life Mutual Fund,Open Ended Schemes,Debt Scheme - Banking and PSU Fund,31-05-2021,154.85910
119551,Aditya Birla Sun Life Banking & PSU Debt Fund  - DIRECT - IDCW,Aditya Birla Sun Life Mutual Fund,Open Ended Schemes,Debt Scheme - Banking and PSU Fund,28-05-2021,154.83250
119551,Aditya Birla Sun Life Banking & PSU Debt Fund  - DIRECT - IDCW,Aditya Birla Sun Life Mutual Fund,Open Ended Schemes,Debt Scheme - Banking and PSU Fund,27-05-2021,154.83360
119551,Aditya Birla Sun Life Banking & PSU Debt Fund  - DIRECT - IDCW,Aditya Birla Sun Life Mutual Fund,Open Ended Schemes,Debt Scheme - Banking and PSU Fund,25-05-2021,154.78300
119551,Aditya Birla Sun Life Banking & PSU Debt Fund  - DIRECT - IDCW,Aditya Birla Sun Life Mutual Fund,Open Ended Schemes,Debt Scheme - Banking and PSU Fund,24-05-2021,154.70690
119551,Aditya Birla Sun Life Banking & PSU Debt Fund  - DIRECT - IDCW,Aditya Birla Sun Life Mutual Fund,Open Ended Schemes,Debt Scheme - Banking and PSU Fund,21-05-2021,154.64170
119551,Aditya Birla Sun Life Banking & PSU Debt Fund  - DIRECT - IDCW,Aditya Birla Sun Life Mutual Fund,Open Ended Schemes,Debt Scheme - Banking and PSU Fund,20-05-2021,154.60730
119551,Aditya Birla Sun Life Banking & PSU Debt Fund  - DIRECT - IDCW,Aditya Birla Sun Life Mutual Fund,Open Ended Schemes,Debt Scheme - Banking and PSU Fund,19-05-2021,154.59900
119551,Aditya Birla Sun Life Banking & PSU Debt Fund  - DIRECT - IDCW,Aditya Birla Sun Life Mutual Fund,Open Ended Schemes,Debt Scheme - Banking and PSU Fund,18-05-2021,154.46380
119551,Aditya Birla Sun Life Banking & PSU Debt Fund  - DIRECT - IDCW,Aditya Birla Sun Life Mutual Fund,Open Ended Schemes,Debt Scheme - Banking and PSU Fund,17-05-2021,154.40020
119551,Aditya Birla Sun Life Banking & PSU Debt Fund  - DIRECT - IDCW,Aditya Birla Sun Life Mutual Fund,Open Ended Schemes,Debt Scheme - Banking and PSU Fund,14-05-2021,154.33090
119551,Aditya Birla Sun Life Banking & PSU Debt Fund  - DIRECT - IDCW,Aditya Birla Sun Life Mutual Fund,Open Ended Schemes,Debt Scheme - Banking and PSU Fund,12-05-2021,154.33110
119551,Aditya Birla Sun Life Banking & PSU Debt Fund  - DIRECT - IDCW,Aditya Birla Sun Life Mutual Fund,Open Ended Schemes,Debt Scheme - Banking and PSU Fund,11-05-2021,154.34100
119551,Aditya Birla Sun Life Banking & PSU Debt Fund  - DIRECT - IDCW,Aditya Birla Sun Life Mutual Fund,Open Ended Schemes,Debt Scheme - Banking and PSU Fund,10-05-2021,154.23720
119551,Aditya Birla Sun Life Banking & PSU Debt Fund  - DIRECT - IDCW,Aditya Birla Sun Life Mutual Fund,Open Ended Schemes,Debt Scheme - Banking and PSU Fund,07-05-2021,154.19030
119551,Aditya Birla Sun Life Banking & PSU Debt Fund  - DIRECT - IDCW,Aditya Birla Sun Life Mutual Fund,Open Ended Schemes,Debt Scheme - Banking and PSU Fund,06-05-2021,154.14950
119551,Aditya Birla Sun Life Banking & PSU Debt Fund  - DIRECT - IDCW,Aditya Birla Sun Life Mutual Fund,Open Ended Schemes,Debt Scheme - Banking and PSU Fund,05-05-2021,154.12320
119551,Aditya Birla Sun Life Banking & PSU Debt Fund  - DIRECT - IDCW,Aditya Birla Sun Life Mutual Fund,Open Ended Schemes,Debt Scheme - Banking and PSU Fund,04-05-2021,154.07420
119551,Aditya Birla Sun Life Banking & PSU Debt Fund  - DIRECT - IDCW,Aditya Birla Sun Life Mutual Fund,Open Ended Schemes,Debt Scheme - Banking and PSU Fund,03-05-2021,154.05010
119551,Aditya Birla Sun Life Banking & PSU Debt Fund  - DIRECT - IDCW,Aditya Birla Sun Life Mutual Fund,Open Ended Schemes,Debt Scheme - Banking and PSU Fund,30-04-2021,153.95100
119551,Aditya Birla Sun Life Banking & PSU Debt Fund  - DIRECT - IDCW,Aditya Birla Sun Life Mutual Fund,Open Ended Schemes,Debt Scheme - Banking and PSU Fund,29-04-2021,153.86460
119551,Aditya Birla Sun Life Banking & PSU Debt Fund  - DIRECT - IDCW,Aditya Birla Sun Life Mutual Fund,Open Ended Schemes,Debt Scheme - Banking and PSU Fund,28-04-2021,153.85570
119551,Aditya Birla Sun Life Banking & PSU Debt Fund  - DIRECT - IDCW,Aditya Birla Sun Life Mutual Fund,Open Ended Schemes,Debt Scheme - Banking and PSU Fund,27-04-2021,153.76340
119551,Aditya Birla Sun Life Banking & PSU Debt Fund  - DIRECT - IDCW,Aditya Birla Sun Life Mutual Fund,Open Ended Schemes,Debt Scheme - Banking and PSU Fund,26-04-2021,153.63530
119551,Aditya Birla Sun Life Banking & PSU Debt Fund  - DIRECT - IDCW,Aditya Birla Sun Life Mutual Fund,Open Ended Schemes,Debt Scheme - Banking and PSU Fund,23-04-2021,153.45900
119551,Aditya Birla Sun Life Banking & PSU Debt Fund  - DIRECT - IDCW,Aditya Birla Sun Life Mutual Fund,Open Ended Schemes,Debt Scheme - Banking and PSU Fund,22-04-2021,153.37660
119551,Aditya Birla Sun Life Banking & PSU Debt Fund  - DIRECT - IDCW,Aditya Birla Sun Life Mutual Fund,Open Ended Schemes,Debt Scheme - Banking and PSU Fund,20-04-2021,153.32200
119551,Aditya Birla Sun Life Banking & PSU Debt Fund  - DIRECT - IDCW,Aditya Birla Sun Life Mutual Fund,Open Ended Schemes,Debt Scheme - Banking and PSU Fund,19-04-2021,153.27880
119551,Aditya Birla Sun Life Banking & PSU Debt Fund  - DIRECT - IDCW,Aditya Birla Sun Life Mutual Fund,Open Ended Schemes,Debt Scheme - Banking and PSU Fund,16-04-2021,153.14450
119551,Aditya Birla Sun Life Banking & PSU Debt Fund  - DIRECT - IDCW,Aditya Birla Sun Life Mutual Fund,Open Ended Schemes,Debt Scheme - Banking and PSU Fund,15-04-2021,153.21820
119551,Aditya Birla Sun Life Banking & PSU Debt Fund  - DIRECT - IDCW,Aditya Birla Sun Life Mutual Fund,Open Ended Schemes,Debt Scheme - Banking and PSU Fund,12-04-2021,153.32590
119551,Aditya Birla Sun Life Banking & PSU Debt Fund  - DIRECT - IDCW,Aditya Birla Sun Life Mutual Fund,Open Ended Schemes,Debt Scheme - Banking and PSU Fund,09-04-2021,153.26090
119551,Aditya Birla Sun Life Banking & PSU Debt Fund  - DIRECT - IDCW,Aditya Birla Sun Life Mutual Fund,Open Ended Schemes,Debt Scheme - Banking and PSU Fund,08-04-2021,153.16970
119551,Aditya Birla Sun Life Banking & PSU Debt Fund  - DIRECT - IDCW,Aditya Birla Sun Life Mutual Fund,Open Ended Schemes,Debt Scheme - Banking and PSU Fund,07-04-2021,153.14540
119551,Aditya Birla Sun Life Banking & PSU Debt Fund  - DIRECT - IDCW,Aditya Birla Sun Life Mutual Fund,Open Ended Schemes,Debt Scheme - Banking and PSU Fund,06-04-2021,153.21010
119551,Aditya Birla Sun Life Banking & PSU Debt Fund  - DIRECT - IDCW,Aditya Birla Sun Life Mutual Fund,Open Ended Schemes,Debt Scheme - Banking and PSU Fund,05-04-2021,153.00690
119551,Aditya Birla Sun Life Banking & PSU Debt Fund  - DIRECT - IDCW,Aditya Birla Sun Life Mutual Fund,Open Ended Schemes,Debt Scheme - Banking and PSU Fund,31-03-2021,152.74570
119551,Aditya Birla Sun Life Banking & PSU Debt Fund  - DIRECT - IDCW,Aditya Birla Sun Life Mutual Fund,Open Ended Schemes,Debt Scheme - Banking and PSU Fund,30-03-2021,152.65790
119551,Aditya Birla Sun Life Banking & PSU Debt Fund  - DIRECT - IDCW,Aditya Birla Sun Life Mutual Fund,Open Ended Schemes,Debt Scheme - Banking and PSU Fund,26-03-2021,152.53440
119551,Aditya Birla Sun Life Banking & PSU Debt Fund  - DIRECT - IDCW,Aditya Birla Sun Life Mutual Fund,Open Ended Schemes,Debt Scheme - Banking and PSU Fund,25-03-2021,152.45140
119551,Aditya Birla Sun Life Banking & PSU Debt Fund  - DIRECT - IDCW,Aditya Birla Sun Life Mutual Fund,Open Ended Schemes,Debt Scheme - Banking and PSU Fund,24-03-2021,152.38470
119551,Aditya Birla Sun Life Banking & PSU Debt Fund  - DIRECT - IDCW,Aditya Birla Sun Life Mutual Fund,Open Ended Schemes,Debt Scheme - Banking and PSU Fund,23-03-2021,152.22430
119551,Aditya Birla Sun Life Banking & PSU Debt Fund  - DIRECT - IDCW,Aditya Birla Sun Life Mutual Fund,Open Ended Schemes,Debt Scheme - Banking and PSU Fund,22-03-2021,151.84790
119551,Aditya Birla Sun Life Banking & PSU Debt Fund  - DIRECT - IDCW,Aditya Birla Sun Life Mutual Fund,Open Ended Schemes,Debt Scheme - Banking and PSU Fund,19-03-2021,151.63870
119551,Aditya Birla Sun Life Banking & PSU Debt Fund  - DIRECT - IDCW,Aditya Birla Sun Life Mutual Fund,Open Ended Schemes,Debt Scheme - Banking and PSU Fund,18-03-2021,151.39010
119551,Aditya Birla Sun Life Banking & PSU Debt Fund  - DIRECT - IDCW,Aditya Birla Sun Life Mutual Fund,Open Ended Schemes,Debt Scheme - Banking and PSU Fund,17-03-2021,151.34730
119551,Aditya Birla Sun Life Banking & PSU Debt Fund  - DIRECT - IDCW,Aditya Birla Sun Life Mutual Fund,Open Ended Schemes,Debt Scheme - Banking and PSU Fund,16-03-2021,151.31720
119551,Aditya Birla Sun Life Banking & PSU Debt Fund  - DIRECT - IDCW,Aditya Birla Sun Life Mutual Fund,Open Ended Schemes,Debt Scheme - Banking and PSU Fund,15-03-2021,151.33810
119551,Aditya Birla Sun Life Banking & PSU Debt Fund  - DIRECT - IDCW,Aditya Birla Sun Life Mutual Fund,Open Ended Schemes,Debt Scheme - Banking and PSU Fund,12-03-2021,151.63230
119551,Aditya Birla Sun Life Banking & PSU Debt Fund  - DIRECT - IDCW,Aditya Birla Sun Life Mutual Fund,Open Ended Schemes,Debt Scheme - Banking and PSU Fund,10-03-2021,151.71200
119551,Aditya Birla Sun Life Banking & PSU Debt Fund  - DIRECT - IDCW,Aditya Birla Sun Life Mutual Fund,Open Ended Schemes,Debt Scheme - Banking and PSU Fund,09-03-2021,151.71480
119551,Aditya Birla Sun Life Banking & PSU Debt Fund  - DIRECT - IDCW,Aditya Birla Sun Life Mutual Fund,Open Ended Schemes,Debt Scheme - Banking and PSU Fund,08-03-2021,151.72160
119551,Aditya Birla Sun Life Banking & PSU Debt Fund  - DIRECT - IDCW,Aditya Birla Sun Life Mutual Fund,Open Ended Schemes,Debt Scheme - Banking and PSU Fund,05-03-2021,151.66820
119551,Aditya Birla Sun Life Banking & PSU Debt Fund  - DIRECT - IDCW,Aditya Birla Sun Life Mutual Fund,Open Ended Schemes,Debt Scheme - Banking and PSU Fund,04-03-2021,151.69710
119551,Aditya Birla Sun Life Banking & PSU Debt Fund  - DIRECT - IDCW,Aditya Birla Sun Life Mutual Fund,Open Ended Schemes,Debt Scheme - Banking and PSU Fund,03-03-2021,151.66820
119551,Aditya Birla Sun Life Banking & PSU Debt Fund  - DIRECT - IDCW,Aditya Birla Sun Life Mutual Fund,Open Ended Schemes,Debt Scheme - Banking and PSU Fund,02-03-2021,151.62920
119551,Aditya Birla Sun Life Banking & PSU Debt Fund  - DIRECT - IDCW,Aditya Birla Sun Life Mutual Fund,Open Ended Schemes,Debt Scheme - Banking and PSU Fund,01-03-2021,151.54740
119551,Aditya Birla Sun Life Banking & PSU Debt Fund  - DIRECT - IDCW,Aditya Birla Sun Life Mutual Fund,Open Ended Schemes,Debt Scheme - Banking and PSU Fund,26-02-2021,151.48360
119551,Aditya Birla Sun Life Banking & PSU Debt Fund  - DIRECT - IDCW,Aditya Birla Sun Life Mutual Fund,Open Ended Schemes,Debt Scheme - Banking and PSU Fund,25-02-2021,159.52860
119551,Aditya Birla Sun Life Banking & PSU Debt Fund  - DIRECT - IDCW,Aditya Birla Sun Life Mutual Fund,Open Ended Schemes,Debt Scheme - Banking and PSU Fund,24-02-2021,159.51550
119551,Aditya Birla Sun Life Banking & PSU Debt Fund  - DIRECT - IDCW,Aditya Birla Sun Life Mutual Fund,Open Ended Schemes,Debt Scheme - Banking and PSU Fund,23-02-2021,159.49450
119551,Aditya Birla Sun Life Banking & PSU Debt Fund  - DIRECT - IDCW,Aditya Birla Sun Life Mutual Fund,Open Ended Schemes,Debt Scheme - Banking and PSU Fund,22-02-2021,159.57960
119551,Aditya Birla Sun Life Banking & PSU Debt Fund  - DIRECT - IDCW,Aditya Birla Sun Life Mutual Fund,Open Ended Schemes,Debt Scheme - Banking and PSU Fund,18-02-2021,159.79640
119551,Aditya Birla Sun Life Banking & PSU Debt Fund  - DIRECT - IDCW,Aditya Birla Sun Life Mutual Fund,Open Ended Schemes,Debt Scheme - Banking and PSU Fund,17-02-2021,159.84890
119551,Aditya Birla Sun Life Banking & PSU Debt Fund  - DIRECT - IDCW,Aditya Birla Sun Life Mutual Fund,Open Ended Schemes,Debt Scheme - Banking and PSU Fund,16-02-2021,159.88680
119551,Aditya Birla Sun Life Banking & PSU Debt Fund  - DIRECT - IDCW,Aditya Birla Sun Life Mutual Fund,Open Ended Schemes,Debt Scheme - Banking and PSU Fund,15-02-2021,159.81700
119551,Aditya Birla Sun Life Banking & PSU Debt Fund  - DIRECT - IDCW,Aditya Birla Sun Life Mutual Fund,Open Ended Schemes,Debt Scheme - Banking and PSU Fund,12-02-2021,159.74500
119551,Aditya Birla Sun Life Banking & PSU Debt Fund  - DIRECT - IDCW,Aditya Birla Sun Life Mutual Fund,Open Ended Schemes,Debt Scheme - Banking and PSU Fund,11-02-2021,159.67600
119551,Aditya Birla Sun Life Banking & PSU Debt Fund  - DIRECT - IDCW,Aditya Birla Sun Life Mutual Fund,Open Ended Schemes,Debt Scheme - Banking and PSU Fund,10-02-2021,159.53240
119551,Aditya Birla Sun Life Banking & PSU Debt Fund  - DIRECT - IDCW,Aditya Birla Sun Life Mutual Fund,Open Ended Schemes,Debt Scheme - Banking and PSU Fund,09-02-2021,159.52330
119551,Aditya Birla Sun Life Banking & PSU Debt Fund  - DIRECT - IDCW,Aditya Birla Sun Life Mutual Fund,Open Ended Schemes,Debt Scheme - Banking and PSU Fund,08-02-2021,159.66720
119551,Aditya Birla Sun Life Banking & PSU Debt Fund  - DIRECT - IDCW,Aditya Birla Sun Life Mutual Fund,Open Ended Schemes,Debt Scheme - Banking and PSU Fund,05-02-2021,159.56310
119551,Aditya Birla Sun Life Banking & PSU Debt Fund  - DIRECT - IDCW,Aditya Birla Sun Life Mutual Fund,Open Ended Schemes,Debt Scheme - Banking and PSU Fund,04-02-2021,159.74730
119551,Aditya Birla Sun Life Banking & PSU Debt Fund  - DIRECT - IDCW,Aditya Birla Sun Life Mutual Fund,Open Ended Schemes,Debt Scheme - Banking and PSU Fund,03-02-2021,159.74690
119551,Aditya Birla Sun Life Banking & PSU Debt Fund  - DIRECT - IDCW,Aditya Birla Sun Life Mutual Fund,Open Ended Schemes,Debt Scheme - Banking and PSU Fund,02-02-2021,159.67450
119551,Aditya Birla Sun Life Banking & PSU Debt Fund  - DIRECT - IDCW,Aditya Birla Sun Life Mutual Fund,Open Ended Schemes,Debt Scheme - Banking and PSU Fund,01-02-2021,160.06120
119551,Aditya Birla Sun Life Banking & PSU Debt Fund  - DIRECT - IDCW,Aditya Birla Sun Life Mutual Fund,Open Ended Schemes,Debt Scheme - Banking and PSU Fund,29-01-2021,160.59770
119551,Aditya Birla Sun Life Banking & PSU Debt Fund  - DIRECT - IDCW,Aditya Birla Sun Life Mutual Fund,Open Ended Schemes,Debt Scheme - Banking and PSU Fund,28-01-2021,160.58330
119551,Aditya Birla Sun Life Banking & PSU Debt Fund  - DIRECT - IDCW,Aditya Birla Sun Life Mutual Fund,Open Ended Schemes,Debt Scheme - Banking and PSU Fund,27-01-2021,160.55090
119551,Aditya Birla Sun Life Banking & PSU Debt Fund  - DIRECT - IDCW,Aditya Birla Sun Life Mutual Fund,Open Ended Schemes,Debt Scheme - Banking and PSU Fund,25-01-2021,160.52320
119551,Aditya Birla Sun Life Banking & PSU Debt Fund  - DIRECT - IDCW,Aditya Birla Sun Life Mutual Fund,Open Ended Schemes,Debt Scheme - Banking and PSU Fund,22-01-2021,160.47480
119551,Aditya Birla Sun Life Banking & PSU Debt Fund  - DIRECT - IDCW,Aditya Birla Sun Life Mutual Fund,Open Ended Schemes,Debt Scheme - Banking and PSU Fund,21-01-2021,160.52050
119551,Aditya Birla Sun Life Banking & PSU Debt Fund  - DIRECT - IDCW,Aditya Birla Sun Life Mutual Fund,Open Ended Schemes,Debt Scheme - Banking and PSU Fund,20-01-2021,160.48460
119551,Aditya Birla Sun Life Banking & PSU Debt Fund  - DIRECT - IDCW,Aditya Birla Sun Life Mutual Fund,Open Ended Schemes,Debt Scheme - Banking and PSU Fund,19-01-2021,160.39180
119551,Aditya Birla Sun Life Banking & PSU Debt Fund  - DIRECT - IDCW,Aditya Birla Sun Life Mutual Fund,Open Ended Schemes,Debt Scheme - Banking and PSU Fund,18-01-2021,160.37760
119551,Aditya Birla Sun Life Banking & PSU Debt Fund  - DIRECT - IDCW,Aditya Birla Sun Life Mutual Fund,Open Ended Schemes,Debt Scheme - Banking and PSU Fund,15-01-2021,160.61120
119551,Aditya Birla Sun Life Banking & PSU Debt Fund  - DIRECT - IDCW,Aditya Birla Sun Life Mutual Fund,Open Ended Schemes,Debt Scheme - Banking and PSU Fund,14-01-2021,160.68850
119551,Aditya Birla Sun Life Banking & PSU Debt Fund  - DIRECT - IDCW,Aditya Birla Sun Life Mutual Fund,Open Ended Schemes,Debt Scheme - Banking and PSU Fund,13-01-2021,160.90460
119551,Aditya Birla Sun Life Banking & PSU Debt Fund  - DIRECT - IDCW,Aditya Birla Sun Life Mutual Fund,Open Ended Schemes,Debt Scheme - Banking and PSU Fund,12-01-2021,160.94950
119551,Aditya Birla Sun Life Banking & PSU Debt Fund  - DIRECT - IDCW,Aditya Birla Sun Life Mutual Fund,Open Ended Schemes,Debt Scheme - Banking and PSU Fund,11-01-2021,161.12590
119551,Aditya Birla Sun Life Banking & PSU Debt Fund  - DIRECT - IDCW,Aditya Birla Sun Life Mutual Fund,Open Ended Schemes,Debt Scheme - Banking and PSU Fund,08-01-2021,161.37750
119551,Aditya Birla Sun Life Banking & PSU Debt Fund  - DIRECT - IDCW,Aditya Birla Sun Life Mutual Fund,Open Ended Schemes,Debt Scheme - Banking and PSU Fund,07-01-2021,161.28210
119551,Aditya Birla Sun Life Banking & PSU Debt Fund  - DIRECT - IDCW,Aditya Birla Sun Life Mutual Fund,Open Ended Schemes,Debt Scheme - Banking and PSU Fund,06-01-2021,161.22950
119551,Aditya Birla Sun Life Banking & PSU Debt Fund  - DIRECT - IDCW,Aditya Birla Sun Life Mutual Fund,Open Ended Schemes,Debt Scheme - Banking and PSU Fund,05-01-2021,161.23130
119551,Aditya Birla Sun Life Banking & PSU Debt Fund  - DIRECT - IDCW,Aditya Birla Sun Life Mutual Fund,Open Ended Schemes,Debt Scheme - Banking and PSU Fund,04-01-2021,161.04390
119551,Aditya Birla Sun Life Banking & PSU Debt Fund  - DIRECT - IDCW,Aditya Birla Sun Life Mutual Fund,Open Ended Schemes,Debt Scheme - Banking and PSU Fund,01-01-2021,160.89970
119551,Aditya Birla Sun Life Banking & PSU Debt Fund  - DIRECT - IDCW,Aditya Birla Sun Life Mutual Fund,Open Ended Schemes,Debt Scheme - Banking and PSU Fund,31-12-2020,160.80710
119551,Aditya Birla Sun Life Banking & PSU Debt Fund  - DIRECT - IDCW,Aditya Birla Sun Life Mutual Fund,Open Ended Schemes,Debt Scheme - Banking and PSU Fund,30-12-2020,160.78190
119551,Aditya Birla Sun Life Banking & PSU Debt Fund  - DIRECT - IDCW,Aditya Birla Sun Life Mutual Fund,Open Ended Schemes,Debt Scheme - Banking and PSU Fund,29-12-2020,160.71330
119551,Aditya Birla Sun Life Banking & PSU Debt Fund  - DIRECT - IDCW,Aditya Birla Sun Life Mutual Fund,Open Ended Schemes,Debt Scheme - Banking and PSU Fund,28-12-2020,160.66760
119551,Aditya Birla Sun Life Banking & PSU Debt Fund  - DIRECT - IDCW,Aditya Birla Sun Life Mutual Fund,Open Ended Schemes,Debt Scheme - Banking and PSU Fund,24-12-2020,160.51600
119551,Aditya Birla Sun Life Banking & PSU Debt Fund  - DIRECT - IDCW,Aditya Birla Sun Life Mutual Fund,Open Ended Schemes,Debt Scheme - Banking and PSU Fund,23-12-2020,160.46580
119551,Aditya Birla Sun Life Banking & PSU Debt Fund  - DIRECT - IDCW,Aditya Birla Sun Life Mutual Fund,Open Ended Schemes,Debt Scheme - Banking and PSU Fund,22-12-2020,160.40300
119551,Aditya Birla Sun Life Banking & PSU Debt Fund  - DIRECT - IDCW,Aditya Birla Sun Life Mutual Fund,Open Ended Schemes,Debt Scheme - Banking and PSU Fund,21-12-2020,160.39230
119551,Aditya Birla Sun Life Banking & PSU Debt Fund  - DIRECT - IDCW,Aditya Birla Sun Life Mutual Fund,Open Ended Schemes,Debt Scheme - Banking and PSU Fund,18-12-2020,160.43860
119551,Aditya Birla Sun Life Banking & PSU Debt Fund  - DIRECT - IDCW,Aditya Birla Sun Life Mutual Fund,Open Ended Schemes,Debt Scheme - Banking and PSU Fund,17-12-2020,160.40150
119551,Aditya Birla Sun Life Banking & PSU Debt Fund  - DIRECT - IDCW,Aditya Birla Sun Life Mutual Fund,Open Ended Schemes,Debt Scheme - Banking and PSU Fund,16-12-2020,160.38320
119551,Aditya Birla Sun Life Banking & PSU Debt Fund  - DIRECT - IDCW,Aditya Birla Sun Life Mutual Fund,Open Ended Schemes,Debt Scheme - Banking and PSU Fund,15-12-2020,160.38650
119551,Aditya Birla Sun Life Banking & PSU Debt Fund  - DIRECT - IDCW,Aditya Birla Sun Life Mutual Fund,Open Ended Schemes,Debt Scheme - Banking and PSU Fund,14-12-2020,160.33160
119551,Aditya Birla Sun Life Banking & PSU Debt Fund  - DIRECT - IDCW,Aditya Birla Sun Life Mutual Fund,Open Ended Schemes,Debt Scheme - Banking and PSU Fund,11-12-2020,160.29220
119551,Aditya Birla Sun Life Banking & PSU Debt Fund  - DIRECT - IDCW,Aditya Birla Sun Life Mutual Fund,Open Ended Schemes,Debt Scheme - Banking and PSU Fund,10-12-2020,160.34400
119551,Aditya Birla Sun Life Banking & PSU Debt Fund  - DIRECT - IDCW,Aditya Birla Sun Life Mutual Fund,Open Ended Schemes,Debt Scheme - Banking and PSU Fund,09-12-2020,160.31470
119551,Aditya Birla Sun Life Banking & PSU Debt Fund  - DIRECT - IDCW,Aditya Birla Sun Life Mutual Fund,Open Ended Schemes,Debt Scheme - Banking and PSU Fund,08-12-2020,160.35140
119551,Aditya Birla Sun Life Banking & PSU Debt Fund  - DIRECT - IDCW,Aditya Birla Sun Life Mutual Fund,Open Ended Schemes,Debt Scheme - Banking and PSU Fund,07-12-2020,160.35020
119551,Aditya Birla Sun Life Banking & PSU Debt Fund  - DIRECT - IDCW,Aditya Birla Sun Life Mutual Fund,Open Ended Schemes,Debt Scheme - Banking and PSU Fund,04-12-2020,160.31030
119551,Aditya Birla Sun Life Banking & PSU Debt Fund  - DIRECT - IDCW,Aditya Birla Sun Life Mutual Fund,Open Ended Schemes,Debt Scheme - Banking and PSU Fund,03-12-2020,160.12810
119551,Aditya Birla Sun Life Banking & PSU Debt Fund  - DIRECT - IDCW,Aditya Birla Sun Life Mutual Fund,Open Ended Schemes,Debt Scheme - Banking and PSU Fund,02-12-2020,160.12040
119551,Aditya Birla Sun Life Banking & PSU Debt Fund  - DIRECT - IDCW,Aditya Birla Sun Life Mutual Fund,Open Ended Schemes,Debt Scheme - Banking and PSU Fund,01-12-2020,160.25190
119551,Aditya Birla Sun Life Banking & PSU Debt Fund  - DIRECT - IDCW,Aditya Birla Sun Life Mutual Fund,Open Ended Schemes,Debt Scheme - Banking and PSU Fund,27-11-2020,160.27780
119551,Aditya Birla Sun Life Banking & PSU Debt Fund  - DIRECT - IDCW,Aditya Birla Sun Life Mutual Fund,Open Ended Schemes,Debt Scheme - Banking and PSU Fund,26-11-2020,160.27080
119551,Aditya Birla Sun Life Banking & PSU Debt Fund  - DIRECT - IDCW,Aditya Birla Sun Life Mutual Fund,Open Ended Schemes,Debt Scheme - Banking and PSU Fund,25-11-2020,160.10390
119551,Aditya Birla Sun Life Banking & PSU Debt Fund  - DIRECT - IDCW,Aditya Birla Sun Life Mutual Fund,Open Ended Schemes,Debt Scheme - Banking and PSU Fund,24-11-2020,159.98300
119551,Aditya Birla Sun Life Banking & PSU Debt Fund  - DIRECT - IDCW,Aditya Birla Sun Life Mutual Fund,Open Ended Schemes,Debt Scheme - Banking and PSU Fund,23-11-2020,159.93040
119551,Aditya Birla Sun Life Banking & PSU Debt Fund  - DIRECT - IDCW,Aditya Birla Sun Life Mutual Fund,Open Ended Schemes,Debt Scheme - Banking and PSU Fund,20-11-2020,159.85270
119551,Aditya Birla Sun Life Banking & PSU Debt Fund  - DIRECT - IDCW,Aditya Birla Sun Life Mutual Fund,Open Ended Schemes,Debt Scheme - Banking and PSU Fund,19-11-2020,159.76360
119551,Aditya Birla Sun Life Banking & PSU Debt Fund  - DIRECT - IDCW,Aditya Birla Sun Life Mutual Fund,Open Ended Schemes,Debt Scheme - Banking and PSU Fund,18-11-2020,159.58980
119551,Aditya Birla Sun Life Banking & PSU Debt Fund  - DIRECT - IDCW,Aditya Birla Sun Life Mutual Fund,Open Ended Schemes,Debt Scheme - Banking and PSU Fund,17-11-2020,159.53330
119551,Aditya Birla Sun Life Banking & PSU Debt Fund  - DIRECT - IDCW,Aditya Birla Sun Life Mutual Fund,Open Ended Schemes,Debt Scheme - Banking and PSU Fund,13-11-2020,159.41460
119551,Aditya Birla Sun Life Banking & PSU Debt Fund  - DIRECT - IDCW,Aditya Birla Sun Life Mutual Fund,Open Ended Schemes,Debt Scheme - Banking and PSU Fund,12-11-2020,159.36240
119551,Aditya Birla Sun Life Banking & PSU Debt Fund  - DIRECT - IDCW,Aditya Birla Sun Life Mutual Fund,Open Ended Schemes,Debt Scheme - Banking and PSU Fund,11-11-2020,159.25310
119551,Aditya Birla Sun Life Banking & PSU Debt Fund  - DIRECT - IDCW,Aditya Birla Sun Life Mutual Fund,Open Ended Schemes,Debt Scheme - Banking and PSU Fund,10-11-2020,159.22900
119551,Aditya Birla Sun Life Banking & PSU Debt Fund  - DIRECT - IDCW,Aditya Birla Sun Life Mutual Fund,Open Ended Schemes,Debt Scheme - Banking and PSU Fund,09-11-2020,159.25680
119551,Aditya Birla Sun Life Banking & PSU Debt Fund  - DIRECT - IDCW,Aditya Birla Sun Life Mutual Fund,Open Ended Schemes,Debt Scheme - Banking and PSU Fund,06-11-2020,159.24680
119551,Aditya Birla Sun Life Banking & PSU Debt Fund  - DIRECT - IDCW,Aditya Birla Sun Life Mutual Fund,Open Ended Schemes,Debt Scheme - Banking and PSU Fund,05-11-2020,159.13550
119551,Aditya Birla Sun Life Banking & PSU Debt Fund  - DIRECT - IDCW,Aditya Birla Sun Life Mutual Fund,Open Ended Schemes,Debt Scheme - Banking and PSU Fund,04-11-2020,158.93740
119551,Aditya Birla Sun Life Banking & PSU Debt Fund  - DIRECT - IDCW,Aditya Birla Sun Life Mutual Fund,Open Ended Schemes,Debt Scheme - Banking and PSU Fund,03-11-2020,158.93660
119551,Aditya Birla Sun Life Banking & PSU Debt Fund  - DIRECT - IDCW,Aditya Birla Sun Life Mutual Fund,Open Ended Schemes,Debt Scheme - Banking and PSU Fund,02-11-2020,158.92950
119551,Aditya Birla Sun Life Banking & PSU Debt Fund  - DIRECT - IDCW,Aditya Birla Sun Life Mutual Fund,Open Ended Schemes,Debt Scheme - Banking and PSU Fund,29-10-2020,158.83670
119551,Aditya Birla Sun Life Banking & PSU Debt Fund  - DIRECT - IDCW,Aditya Birla Sun Life Mutual Fund,Open Ended Schemes,Debt Scheme - Banking and PSU Fund,28-10-2020,158.85700
119551,Aditya Birla Sun Life Banking & PSU Debt Fund  - DIRECT - IDCW,Aditya Birla Sun Life Mutual Fund,Open Ended Schemes,Debt Scheme - Banking and PSU Fund,27-10-2020,158.87130
119551,Aditya Birla Sun Life Banking & PSU Debt Fund  - DIRECT - IDCW,Aditya Birla Sun Life Mutual Fund,Open Ended Schemes,Debt Scheme - Banking and PSU Fund,26-10-2020,158.89750
119551,Aditya Birla Sun Life Banking & PSU Debt Fund  - DIRECT - IDCW,Aditya Birla Sun Life Mutual Fund,Open Ended Schemes,Debt Scheme - Banking and PSU Fund,23-10-2020,158.69360
119551,Aditya Birla Sun Life Banking & PSU Debt Fund  - DIRECT - IDCW,Aditya Birla Sun Life Mutual Fund,Open Ended Schemes,Debt Scheme - Banking and PSU Fund,22-10-2020,158.57050
119551,Aditya Birla Sun Life Banking & PSU Debt Fund  - DIRECT - IDCW,Aditya Birla Sun Life Mutual Fund,Open Ended Schemes,Debt Scheme - Banking and PSU Fund,21-10-2020,158.59830
119551,Aditya Birla Sun Life Banking & PSU Debt Fund  - DIRECT - IDCW,Aditya Birla Sun Life Mutual Fund,Open Ended Schemes,Debt Scheme - Banking and PSU Fund,20-10-2020,158.58960
119551,Aditya Birla Sun Life Banking & PSU Debt Fund  - DIRECT - IDCW,Aditya Birla Sun Life Mutual Fund,Open Ended Schemes,Debt Scheme - Banking and PSU Fund,19-10-2020,158.46010
119551,Aditya Birla Sun Life Banking & PSU Debt Fund  - DIRECT - IDCW,Aditya Birla Sun Life Mutual Fund,Open Ended Schemes,Debt Scheme - Banking and PSU Fund,16-10-2020,158.33270
119551,Aditya Birla Sun Life Banking & PSU Debt Fund  - DIRECT - IDCW,Aditya Birla Sun Life Mutual Fund,Open Ended Schemes,Debt Scheme - Banking and PSU Fund,15-10-2020,158.33810
119551,Aditya Birla Sun Life Banking & PSU Debt Fund  - DIRECT - IDCW,Aditya Birla Sun Life Mutual Fund,Open Ended Schemes,Debt Scheme - Banking and PSU Fund,14-10-2020,158.19820
119551,Aditya Birla Sun Life Banking & PSU Debt Fund  - DIRECT - IDCW,Aditya Birla Sun Life Mutual Fund,Open Ended Schemes,Debt Scheme - Banking and PSU Fund,13-10-2020,158.07620
119551,Aditya Birla Sun Life Banking & PSU Debt Fund  - DIRECT - IDCW,Aditya Birla Sun Life Mutual Fund,Open Ended Schemes,Debt Scheme - Banking and PSU Fund,12-10-2020,157.88200
119551,Aditya Birla Sun Life Banking & PSU Debt Fund  - DIRECT - IDCW,Aditya Birla Sun Life Mutual Fund,Open Ended Schemes,Debt Scheme - Banking and PSU Fund,09-10-2020,157.74980
119551,Aditya Birla Sun Life Banking & PSU Debt Fund  - DIRECT - IDCW,Aditya Birla Sun Life Mutual Fund,Open Ended Schemes,Debt Scheme - Banking and PSU Fund,08-10-2020,157.08600
119551,Aditya Birla Sun Life Banking & PSU Debt Fund  - DIRECT - IDCW,Aditya Birla Sun Life Mutual Fund,Open Ended Schemes,Debt Scheme - Banking and PSU Fund,07-10-2020,156.94590
119551,Aditya Birla Sun Life Banking & PSU Debt Fund  - DIRECT - IDCW,Aditya Birla Sun Life Mutual Fund,Open Ended Schemes,Debt Scheme - Banking and PSU Fund,06-10-2020,156.83940
119551,Aditya Birla Sun Life Banking & PSU Debt Fund  - DIRECT - IDCW,Aditya Birla Sun Life Mutual Fund,Open Ended Schemes,Debt Scheme - Banking and PSU Fund,05-10-2020,156.76300
119551,Aditya Birla Sun Life Banking & PSU Debt Fund  - DIRECT - IDCW,Aditya Birla Sun Life Mutual Fund,Open Ended Schemes,Debt Scheme - Banking and PSU Fund,01-10-2020,156.63880
119551,Aditya Birla Sun Life Banking & PSU Debt Fund  - DIRECT - IDCW,Aditya Birla Sun Life Mutual Fund,Open Ended Schemes,Debt Scheme - Banking and PSU Fund,30-09-2020,156.44830
119551,Aditya Birla Sun Life Banking & PSU Debt Fund  - DIRECT - IDCW,Aditya Birla Sun Life Mutual Fund,Open Ended Schemes,Debt Scheme - Banking and PSU Fund,29-09-2020,156.31870
119551,Aditya Birla Sun Life Banking & PSU Debt Fund  - DIRECT - IDCW,Aditya Birla Sun Life Mutual Fund,Open Ended Schemes,Debt Scheme - Banking and PSU Fund,28-09-2020,156.35110
119551,Aditya Birla Sun Life Banking & PSU Debt Fund  - DIRECT - IDCW,Aditya Birla Sun Life Mutual Fund,Open Ended Schemes,Debt Scheme - Banking and PSU Fund,25-09-2020,156.32930
119551,Aditya Birla Sun Life Banking & PSU Debt Fund  - DIRECT - IDCW,Aditya Birla Sun Life Mutual Fund,Open Ended Schemes,Debt Scheme - Banking and PSU Fund,24-09-2020,156.37000
119551,Aditya Birla Sun Life Banking & PSU Debt Fund  - DIRECT - IDCW,Aditya Birla Sun Life Mutual Fund,Open Ended Schemes,Debt Scheme - Banking and PSU Fund,23-09-2020,156.40260
119551,Aditya Birla Sun Life Banking & PSU Debt Fund  - DIRECT - IDCW,Aditya Birla Sun Life Mutual Fund,Open Ended Schemes,Debt Scheme - Banking and PSU Fund,22-09-2020,156.34590
119551,Aditya Birla Sun Life Banking & PSU Debt Fund  - DIRECT - IDCW,Aditya Birla Sun Life Mutual Fund,Open Ended Schemes,Debt Scheme - Banking and PSU Fund,21-09-2020,156.29950
119551,Aditya Birla Sun Life Banking & PSU Debt Fund  - DIRECT - IDCW,Aditya Birla Sun Life Mutual Fund,Open Ended Schemes,Debt Scheme - Banking and PSU Fund,18-09-2020,156.20390
119551,Aditya Birla Sun Life Banking & PSU Debt Fund  - DIRECT - IDCW,Aditya Birla Sun Life Mutual Fund,Open Ended Schemes,Debt Scheme - Banking and PSU Fund,17-09-2020,156.16490
119551,Aditya Birla Sun Life Banking & PSU Debt Fund  - DIRECT - IDCW,Aditya Birla Sun Life Mutual Fund,Open Ended Schemes,Debt Scheme - Banking and PSU Fund,16-09-2020,156.11460
119551,Aditya Birla Sun Life Banking & PSU Debt Fund  - DIRECT - IDCW,Aditya Birla Sun Life Mutual Fund,Open Ended Schemes,Debt Scheme - Banking and PSU Fund,15-09-2020,156.00040
119551,Aditya Birla Sun Life Banking & PSU Debt Fund  - DIRECT - IDCW,Aditya Birla Sun Life Mutual Fund,Open Ended Schemes,Debt Scheme - Banking and PSU Fund,14-09-2020,156.12840
119551,Aditya Birla Sun Life Banking & PSU Debt Fund  - DIRECT - IDCW,Aditya Birla Sun Life Mutual Fund,Open Ended Schemes,Debt Scheme - Banking and PSU Fund,11-09-2020,156.11520
119551,Aditya Birla Sun Life Banking & PSU Debt Fund  - DIRECT - IDCW,Aditya Birla Sun Life Mutual Fund,Open Ended Schemes,Debt Scheme - Banking and PSU Fund,10-09-2020,156.15130
119551,Aditya Birla Sun Life Banking & PSU Debt Fund  - DIRECT - IDCW,Aditya Birla Sun Life Mutual Fund,Open Ended Schemes,Debt Scheme - Banking and PSU Fund,09-09-2020,156.21230
119551,Aditya Birla Sun Life Banking & PSU Debt Fund  - DIRECT - IDCW,Aditya Birla Sun Life Mutual Fund,Open Ended Schemes,Debt Scheme - Banking and PSU Fund,08-09-2020,156.19160
119551,Aditya Birla Sun Life Banking & PSU Debt Fund  - DIRECT - IDCW,Aditya Birla Sun Life Mutual Fund,Open Ended Schemes,Debt Scheme - Banking and PSU Fund,07-09-2020,156.55350
119551,Aditya Birla Sun Life Banking & PSU Debt Fund  - DIRECT - IDCW,Aditya Birla Sun Life Mutual Fund,Open Ended Schemes,Debt Scheme - Banking and PSU Fund,04-09-2020,156.77400
119551,Aditya Birla Sun Life Banking & PSU Debt Fund  - DIRECT - IDCW,Aditya Birla Sun Life Mutual Fund,Open Ended Schemes,Debt Scheme - Banking and PSU Fund,03-09-2020,156.74170
119551,Aditya Birla Sun Life Banking & PSU Debt Fund  - DIRECT - IDCW,Aditya Birla Sun Life Mutual Fund,Open Ended Schemes,Debt Scheme - Banking and PSU Fund,02-09-2020,156.51630
119551,Aditya Birla Sun Life Banking & PSU Debt Fund  - DIRECT - IDCW,Aditya Birla Sun Life Mutual Fund,Open Ended Schemes,Debt Scheme - Banking and PSU Fund,01-09-2020,156.46210
119551,Aditya Birla Sun Life Banking & PSU Debt Fund  - DIRECT - IDCW,Aditya Birla Sun Life Mutual Fund,Open Ended Schemes,Debt Scheme - Banking and PSU Fund,31-08-2020,155.79720
119551,Aditya Birla Sun Life Banking & PSU Debt Fund  - DIRECT - IDCW,Aditya Birla Sun Life Mutual Fund,Open Ended Schemes,Debt Scheme - Banking and PSU Fund,28-08-2020,155.15420
119551,Aditya Birla Sun Life Banking & PSU Debt Fund  - DIRECT - IDCW,Aditya Birla Sun Life Mutual Fund,Open Ended Schemes,Debt Scheme - Banking and PSU Fund,27-08-2020,155.29300
119551,Aditya Birla Sun Life Banking & PSU Debt Fund  - DIRECT - IDCW,Aditya Birla Sun Life Mutual Fund,Open Ended Schemes,Debt Scheme - Banking and PSU Fund,26-08-2020,155.39890
119551,Aditya Birla Sun Life Banking & PSU Debt Fund  - DIRECT - IDCW,Aditya Birla Sun Life Mutual Fund,Open Ended Schemes,Debt Scheme - Banking and PSU Fund,25-08-2020,155.48410
119551,Aditya Birla Sun Life Banking & PSU Debt Fund  - DIRECT - IDCW,Aditya Birla Sun Life Mutual Fund,Open Ended Schemes,Debt Scheme - Banking and PSU Fund,24-08-2020,155.33930
119551,Aditya Birla Sun Life Banking & PSU Debt Fund  - DIRECT - IDCW,Aditya Birla Sun Life Mutual Fund,Open Ended Schemes,Debt Scheme - Banking and PSU Fund,21-08-2020,155.64260
119551,Aditya Birla Sun Life Banking & PSU Debt Fund  - DIRECT - IDCW,Aditya Birla Sun Life Mutual Fund,Open Ended Schemes,Debt Scheme - Banking and PSU Fund,20-08-2020,156.11830
119551,Aditya Birla Sun Life Banking & PSU Debt Fund  - DIRECT - IDCW,Aditya Birla Sun Life Mutual Fund,Open Ended Schemes,Debt Scheme - Banking and PSU Fund,19-08-2020,156.04080
119551,Aditya Birla Sun Life Banking & PSU Debt Fund  - DIRECT - IDCW,Aditya Birla Sun Life Mutual Fund,Open Ended Schemes,Debt Scheme - Banking and PSU Fund,18-08-2020,156.08480
119551,Aditya Birla Sun Life Banking & PSU Debt Fund  - DIRECT - IDCW,Aditya Birla Sun Life Mutual Fund,Open Ended Schemes,Debt Scheme - Banking and PSU Fund,17-08-2020,156.11780
119551,Aditya Birla Sun Life Banking & PSU Debt Fund  - DIRECT - IDCW,Aditya Birla Sun Life Mutual Fund,Open Ended Schemes,Debt Scheme - Banking and PSU Fund,14-08-2020,156.11090
119551,Aditya Birla Sun Life Banking & PSU Debt Fund  - DIRECT - IDCW,Aditya Birla Sun Life Mutual Fund,Open Ended Schemes,Debt Scheme - Banking and PSU Fund,13-08-2020,156.22040
119551,Aditya Birla Sun Life Banking & PSU Debt Fund  - DIRECT - IDCW,Aditya Birla Sun Life Mutual Fund,Open Ended Schemes,Debt Scheme - Banking and PSU Fund,12-08-2020,156.10230
119551,Aditya Birla Sun Life Banking & PSU Debt Fund  - DIRECT - IDCW,Aditya Birla Sun Life Mutual Fund,Open Ended Schemes,Debt Scheme - Banking and PSU Fund,11-08-2020,156.17030
119551,Aditya Birla Sun Life Banking & PSU Debt Fund  - DIRECT - IDCW,Aditya Birla Sun Life Mutual Fund,Open Ended Schemes,Debt Scheme - Banking and PSU Fund,10-08-2020,156.15790
119551,Aditya Birla Sun Life Banking & PSU Debt Fund  - DIRECT - IDCW,Aditya Birla Sun Life Mutual Fund,Open Ended Schemes,Debt Scheme - Banking and PSU Fund,07-08-2020,156.19630
119551,Aditya Birla Sun Life Banking & PSU Debt Fund  - DIRECT - IDCW,Aditya Birla Sun Life Mutual Fund,Open Ended Schemes,Debt Scheme - Banking and PSU Fund,06-08-2020,156.27300
119551,Aditya Birla Sun Life Banking & PSU Debt Fund  - DIRECT - IDCW,Aditya Birla Sun Life Mutual Fund,Open Ended Schemes,Debt Scheme - Banking and PSU Fund,05-08-2020,156.45150
119551,Aditya Birla Sun Life Banking & PSU Debt Fund  - DIRECT - IDCW,Aditya Birla Sun Life Mutual Fund,Open Ended Schemes,Debt Scheme - Banking and PSU Fund,04-08-2020,156.41510
119551,Aditya Birla Sun Life Banking & PSU Debt Fund  - DIRECT - IDCW,Aditya Birla Sun Life Mutual Fund,Open Ended Schemes,Debt Scheme - Banking and PSU Fund,03-08-2020,156.35690
119551,Aditya Birla Sun Life Banking & PSU Debt Fund  - DIRECT - IDCW,Aditya Birla Sun Life Mutual Fund,Open Ended Schemes,Debt Scheme - Banking and PSU Fund,31-07-2020,156.29080
119551,Aditya Birla Sun Life Banking & PSU Debt Fund  - DIRECT - IDCW,Aditya Birla Sun Life Mutual Fund,Open Ended Schemes,Debt Scheme - Banking and PSU Fund,30-07-2020,156.13850
119551,Aditya Birla Sun Life Banking & PSU Debt Fund  - DIRECT - IDCW,Aditya Birla Sun Life Mutual Fund,Open Ended Schemes,Debt Scheme - Banking and PSU Fund,29-07-2020,156.06980
119551,Aditya Birla Sun Life Banking & PSU Debt Fund  - DIRECT - IDCW,Aditya Birla Sun Life Mutual Fund,Open Ended Schemes,Debt Scheme - Banking and PSU Fund,28-07-2020,156.02340
119551,Aditya Birla Sun Life Banking & PSU Debt Fund  - DIRECT - IDCW,Aditya Birla Sun Life Mutual Fund,Open Ended Schemes,Debt Scheme - Banking and PSU Fund,27-07-2020,156.14190
119551,Aditya Birla Sun Life Banking & PSU Debt Fund  - DIRECT - IDCW,Aditya Birla Sun Life Mutual Fund,Open Ended Schemes,Debt Scheme - Banking and PSU Fund,24-07-2020,156.23630
119551,Aditya Birla Sun Life Banking & PSU Debt Fund  - DIRECT - IDCW,Aditya Birla Sun Life Mutual Fund,Open Ended Schemes,Debt Scheme - Banking and PSU Fund,23-07-2020,156.22610
119551,Aditya Birla Sun Life Banking & PSU Debt Fund  - DIRECT - IDCW,Aditya Birla Sun Life Mutual Fund,Open Ended Schemes,Debt Scheme - Banking and PSU Fund,22-07-2020,156.14620
119551,Aditya Birla Sun Life Banking & PSU Debt Fund  - DIRECT - IDCW,Aditya Birla Sun Life Mutual Fund,Open Ended Schemes,Debt Scheme - Banking and PSU Fund,21-07-2020,156.21800
119551,Aditya Birla Sun Life Banking & PSU Debt Fund  - DIRECT - IDCW,Aditya Birla Sun Life Mutual Fund,Open Ended Schemes,Debt Scheme - Banking and PSU Fund,20-07-2020,156.31200
119551,Aditya Birla Sun Life Banking & PSU Debt Fund  - DIRECT - IDCW,Aditya Birla Sun Life Mutual Fund,Open Ended Schemes,Debt Scheme - Banking and PSU Fund,17-07-2020,156.22610
119551,Aditya Birla Sun Life Banking & PSU Debt Fund  - DIRECT - IDCW,Aditya Birla Sun Life Mutual Fund,Open Ended Schemes,Debt Scheme - Banking and PSU Fund,16-07-2020,156.16830
119551,Aditya Birla Sun Life Banking & PSU Debt Fund  - DIRECT - IDCW,Aditya Birla Sun Life Mutual Fund,Open Ended Schemes,Debt Scheme - Banking and PSU Fund,15-07-2020,156.13320
119551,Aditya Birla Sun Life Banking & PSU Debt Fund  - DIRECT - IDCW,Aditya Birla Sun Life Mutual Fund,Open Ended Schemes,Debt Scheme - Banking and PSU Fund,14-07-2020,155.93690
119551,Aditya Birla Sun Life Banking & PSU Debt Fund  - DIRECT - IDCW,Aditya Birla Sun Life Mutual Fund,Open Ended Schemes,Debt Scheme - Banking and PSU Fund,13-07-2020,156.03070
119551,Aditya Birla Sun Life Banking & PSU Debt Fund  - DIRECT - IDCW,Aditya Birla Sun Life Mutual Fund,Open Ended Schemes,Debt Scheme - Banking and PSU Fund,10-07-2020,155.92900
119551,Aditya Birla Sun Life Banking & PSU Debt Fund  - DIRECT - IDCW,Aditya Birla Sun Life Mutual Fund,Open Ended Schemes,Debt Scheme - Banking and PSU Fund,09-07-2020,155.61120
119551,Aditya Birla Sun Life Banking & PSU Debt Fund  - DIRECT - IDCW,Aditya Birla Sun Life Mutual Fund,Open Ended Schemes,Debt Scheme - Banking and PSU Fund,08-07-2020,155.49590
119551,Aditya Birla Sun Life Banking & PSU Debt Fund  - DIRECT - IDCW,Aditya Birla Sun Life Mutual Fund,Open Ended Schemes,Debt Scheme - Banking and PSU Fund,07-07-2020,155.22080
119551,Aditya Birla Sun Life Banking & PSU Debt Fund  - DIRECT - IDCW,Aditya Birla Sun Life Mutual Fund,Open Ended Schemes,Debt Scheme - Banking and PSU Fund,06-07-2020,154.97990
119551,Aditya Birla Sun Life Banking & PSU Debt Fund  - DIRECT - IDCW,Aditya Birla Sun Life Mutual Fund,Open Ended Schemes,Debt Scheme - Banking and PSU Fund,03-07-2020,154.76280
119551,Aditya Birla Sun Life Banking & PSU Debt Fund  - DIRECT - IDCW,Aditya Birla Sun Life Mutual Fund,Open Ended Schemes,Debt Scheme - Banking and PSU Fund,02-07-2020,154.63810
119551,Aditya Birla Sun Life Banking & PSU Debt Fund  - DIRECT - IDCW,Aditya Birla Sun Life Mutual Fund,Open Ended Schemes,Debt Scheme - Banking and PSU Fund,01-07-2020,154.47070
119551,Aditya Birla Sun Life Banking & PSU Debt Fund  - DIRECT - IDCW,Aditya Birla Sun Life Mutual Fund,Open Ended Schemes,Debt Scheme - Banking and PSU Fund,30-06-2020,154.34070
119551,Aditya Birla Sun Life Banking & PSU Debt Fund  - DIRECT - IDCW,Aditya Birla Sun Life Mutual Fund,Open Ended Schemes,Debt Scheme - Banking and PSU Fund,29-06-2020,154.19540
119551,Aditya Birla Sun Life Banking & PSU Debt Fund  - DIRECT - IDCW,Aditya Birla Sun Life Mutual Fund,Open Ended Schemes,Debt Scheme - Banking and PSU Fund,26-06-2020,154.03840
119551,Aditya Birla Sun Life Banking & PSU Debt Fund  - DIRECT - IDCW,Aditya Birla Sun Life Mutual Fund,Open Ended Schemes,Debt Scheme - Banking and PSU Fund,25-06-2020,153.86580
119551,Aditya Birla Sun Life Banking & PSU Debt Fund  - DIRECT - IDCW,Aditya Birla Sun Life Mutual Fund,Open Ended Schemes,Debt Scheme - Banking and PSU Fund,24-06-2020,153.68710
119551,Aditya Birla Sun Life Banking & PSU Debt Fund  - DIRECT - IDCW,Aditya Birla Sun Life Mutual Fund,Open Ended Schemes,Debt Scheme - Banking and PSU Fund,23-06-2020,153.66610
119551,Aditya Birla Sun Life Banking & PSU Debt Fund  - DIRECT - IDCW,Aditya Birla Sun Life Mutual Fund,Open Ended Schemes,Debt Scheme - Banking and PSU Fund,22-06-2020,153.43800
119551,Aditya Birla Sun Life Banking & PSU Debt Fund  - DIRECT - IDCW,Aditya Birla Sun Life Mutual Fund,Open Ended Schemes,Debt Scheme - Banking and PSU Fund,19-06-2020,153.27920
119551,Aditya Birla Sun Life Banking & PSU Debt Fund  - DIRECT - IDCW,Aditya Birla Sun Life Mutual Fund,Open Ended Schemes,Debt Scheme - Banking and PSU Fund,18-06-2020,152.99420
119551,Aditya Birla Sun Life Banking & PSU Debt Fund  - DIRECT - IDCW,Aditya Birla Sun Life Mutual Fund,Open Ended Schemes,Debt Scheme - Banking and PSU Fund,17-06-2020,152.68730
119551,Aditya Birla Sun Life Banking & PSU Debt Fund  - DIRECT - IDCW,Aditya Birla Sun Life Mutual Fund,Open Ended Schemes,Debt Scheme - Banking and PSU Fund,16-06-2020,152.46300
119551,Aditya Birla Sun Life Banking & PSU Debt Fund  - DIRECT - IDCW,Aditya Birla Sun Life Mutual Fund,Open Ended Schemes,Debt Scheme - Banking and PSU Fund,15-06-2020,152.29220
119551,Aditya Birla Sun Life Banking & PSU Debt Fund  - DIRECT - IDCW,Aditya Birla Sun Life Mutual Fund,Open Ended Schemes,Debt Scheme - Banking and PSU Fund,12-06-2020,152.12020
119551,Aditya Birla Sun Life Banking & PSU Debt Fund  - DIRECT - IDCW,Aditya Birla Sun Life Mutual Fund,Open Ended Schemes,Debt Scheme - Banking and PSU Fund,11-06-2020,152.07970
119551,Aditya Birla Sun Life Banking & PSU Debt Fund  - DIRECT - IDCW,Aditya Birla Sun Life Mutual Fund,Open Ended Schemes,Debt Scheme - Banking and PSU Fund,10-06-2020,151.92850
119551,Aditya Birla Sun Life Banking & PSU Debt Fund  - DIRECT - IDCW,Aditya Birla Sun Life Mutual Fund,Open Ended Schemes,Debt Scheme - Banking and PSU Fund,09-06-2020,151.83230
119551,Aditya Birla Sun Life Banking & PSU Debt Fund  - DIRECT - IDCW,Aditya Birla Sun Life Mutual Fund,Open Ended Schemes,Debt Scheme - Banking and PSU Fund,08-06-2020,151.75450
119551,Aditya Birla Sun Life Banking & PSU Debt Fund  - DIRECT - IDCW,Aditya Birla Sun Life Mutual Fund,Open Ended Schemes,Debt Scheme - Banking and PSU Fund,05-06-2020,151.79470
119551,Aditya Birla Sun Life Banking & PSU Debt Fund  - DIRECT - IDCW,Aditya Birla Sun Life Mutual Fund,Open Ended Schemes,Debt Scheme - Banking and PSU Fund,04-06-2020,151.71440
119551,Aditya Birla Sun Life Banking & PSU Debt Fund  - DIRECT - IDCW,Aditya Birla Sun Life Mutual Fund,Open Ended Schemes,Debt Scheme - Banking and PSU Fund,03-06-2020,151.72910
119551,Aditya Birla Sun Life Banking & PSU Debt Fund  - DIRECT - IDCW,Aditya Birla Sun Life Mutual Fund,Open Ended Schemes,Debt Scheme - Banking and PSU Fund,02-06-2020,151.58870
119551,Aditya Birla Sun Life Banking & PSU Debt Fund  - DIRECT - IDCW,Aditya Birla Sun Life Mutual Fund,Open Ended Schemes,Debt Scheme - Banking and PSU Fund,01-06-2020,151.70270
119551,Aditya Birla Sun Life Banking & PSU Debt Fund  - DIRECT - IDCW,Aditya Birla Sun Life Mutual Fund,Open Ended Schemes,Debt Scheme - Banking and PSU Fund,29-05-2020,151.84580
119551,Aditya Birla Sun Life Banking & PSU Debt Fund  - DIRECT - IDCW,Aditya Birla Sun Life Mutual Fund,Open Ended Schemes,Debt Scheme - Banking and PSU Fund,28-05-2020,151.84990
119551,Aditya Birla Sun Life Banking & PSU Debt Fund  - DIRECT - IDCW,Aditya Birla Sun Life Mutual Fund,Open Ended Schemes,Debt Scheme - Banking and PSU Fund,27-05-2020,151.88310
119551,Aditya Birla Sun Life Banking & PSU Debt Fund  - DIRECT - IDCW,Aditya Birla Sun Life Mutual Fund,Open Ended Schemes,Debt Scheme - Banking and PSU Fund,26-05-2020,151.91230
119551,Aditya Birla Sun Life Banking & PSU Debt Fund  - DIRECT - IDCW,Aditya Birla Sun Life Mutual Fund,Open Ended Schemes,Debt Scheme - Banking and PSU Fund,22-05-2020,151.83500
119551,Aditya Birla Sun Life Banking & PSU Debt Fund  - DIRECT - IDCW,Aditya Birla Sun Life Mutual Fund,Open Ended Schemes,Debt Scheme - Banking and PSU Fund,21-05-2020,151.15680
119551,Aditya Birla Sun Life Banking & PSU Debt Fund  - DIRECT - IDCW,Aditya Birla Sun Life Mutual Fund,Open Ended Schemes,Debt Scheme - Banking and PSU Fund,20-05-2020,151.03470
119551,Aditya Birla Sun Life Banking & PSU Debt Fund  - DIRECT - IDCW,Aditya Birla Sun Life Mutual Fund,Open Ended Schemes,Debt Scheme - Banking and PSU Fund,19-05-2020,150.89980
119551,Aditya Birla Sun Life Banking & PSU Debt Fund  - DIRECT - IDCW,Aditya Birla Sun Life Mutual Fund,Open Ended Schemes,Debt Scheme - Banking and PSU Fund,18-05-2020,150.73750
119551,Aditya Birla Sun Life Banking & PSU Debt Fund  - DIRECT - IDCW,Aditya Birla Sun Life Mutual Fund,Open Ended Schemes,Debt Scheme - Banking and PSU Fund,15-05-2020,150.54830
119551,Aditya Birla Sun Life Banking & PSU Debt Fund  - DIRECT - IDCW,Aditya Birla Sun Life Mutual Fund,Open Ended Schemes,Debt Scheme - Banking and PSU Fund,14-05-2020,150.54970
119551,Aditya Birla Sun Life Banking & PSU Debt Fund  - DIRECT - IDCW,Aditya Birla Sun Life Mutual Fund,Open Ended Schemes,Debt Scheme - Banking and PSU Fund,13-05-2020,150.16330
119551,Aditya Birla Sun Life Banking & PSU Debt Fund  - DIRECT - IDCW,Aditya Birla Sun Life Mutual Fund,Open Ended Schemes,Debt Scheme - Banking and PSU Fund,12-05-2020,149.96870
119551,Aditya Birla Sun Life Banking & PSU Debt Fund  - DIRECT - IDCW,Aditya Birla Sun Life Mutual Fund,Open Ended Schemes,Debt Scheme - Banking and PSU Fund,11-05-2020,149.66990
119551,Aditya Birla Sun Life Banking & PSU Debt Fund  - DIRECT - IDCW,Aditya Birla Sun Life Mutual Fund,Open Ended Schemes,Debt Scheme - Banking and PSU Fund,08-05-2020,150.13260
119551,Aditya Birla Sun Life Banking & PSU Debt Fund  - DIRECT - IDCW,Aditya Birla Sun Life Mutual Fund,Open Ended Schemes,Debt Scheme - Banking and PSU Fund,06-05-2020,149.85490
119551,Aditya Birla Sun Life Banking & PSU Debt Fund  - DIRECT - IDCW,Aditya Birla Sun Life Mutual Fund,Open Ended Schemes,Debt Scheme - Banking and PSU Fund,05-05-2020,149.42290
119551,Aditya Birla Sun Life Banking & PSU Debt Fund  - DIRECT - IDCW,Aditya Birla Sun Life Mutual Fund,Open Ended Schemes,Debt Scheme - Banking and PSU Fund,04-05-2020,149.08550
119551,Aditya Birla Sun Life Banking & PSU Debt Fund  - DIRECT - IDCW,Aditya Birla Sun Life Mutual Fund,Open Ended Schemes,Debt Scheme - Banking and PSU Fund,30-04-2020,148.65560
119551,Aditya Birla Sun Life Banking & PSU Debt Fund  - DIRECT - IDCW,Aditya Birla Sun Life Mutual Fund,Open Ended Schemes,Debt Scheme - Banking and PSU Fund,29-04-2020,148.54900
119551,Aditya Birla Sun Life Banking & PSU Debt Fund  - DIRECT - IDCW,Aditya Birla Sun Life Mutual Fund,Open Ended Schemes,Debt Scheme - Banking and PSU Fund,28-04-2020,148.51480
119551,Aditya Birla Sun Life Banking & PSU Debt Fund  - DIRECT - IDCW,Aditya Birla Sun Life Mutual Fund,Open Ended Schemes,Debt Scheme - Banking and PSU Fund,27-04-2020,148.69220
119551,Aditya Birla Sun Life Banking & PSU Debt Fund  - DIRECT - IDCW,Aditya Birla Sun Life Mutual Fund,Open Ended Schemes,Debt Scheme - Banking and PSU Fund,24-04-2020,148.66470
119551,Aditya Birla Sun Life Banking & PSU Debt Fund  - DIRECT - IDCW,Aditya Birla Sun Life Mutual Fund,Open Ended Schemes,Debt Scheme - Banking and PSU Fund,23-04-2020,149.55270
119551,Aditya Birla Sun Life Banking & PSU Debt Fund  - DIRECT - IDCW,Aditya Birla Sun Life Mutual Fund,Open Ended Schemes,Debt Scheme - Banking and PSU Fund,22-04-2020,149.07930
119551,Aditya Birla Sun Life Banking & PSU Debt Fund  - DIRECT - IDCW,Aditya Birla Sun Life Mutual Fund,Open Ended Schemes,Debt Scheme - Banking and PSU Fund,21-04-2020,149.02120
119551,Aditya Birla Sun Life Banking & PSU Debt Fund  - DIRECT - IDCW,Aditya Birla Sun Life Mutual Fund,Open Ended Schemes,Debt Scheme - Banking and PSU Fund,20-04-2020,148.72010
119551,Aditya Birla Sun Life Banking & PSU Debt Fund  - DIRECT - IDCW,Aditya Birla Sun Life Mutual Fund,Open Ended Schemes,Debt Scheme - Banking and PSU Fund,17-04-2020,147.94700
119551,Aditya Birla Sun Life Banking & PSU Debt Fund  - DIRECT - IDCW,Aditya Birla Sun Life Mutual Fund,Open Ended Schemes,Debt Scheme - Banking and PSU Fund,16-04-2020,147.12390
119551,Aditya Birla Sun Life Banking & PSU Debt Fund  - DIRECT - IDCW,Aditya Birla Sun Life Mutual Fund,Open Ended Schemes,Debt Scheme - Banking and PSU Fund,15-04-2020,146.86330
119551,Aditya Birla Sun Life Banking & PSU Debt Fund  - DIRECT - IDCW,Aditya Birla Sun Life Mutual Fund,Open Ended Schemes,Debt Scheme - Banking and PSU Fund,13-04-2020,146.57850
119551,Aditya Birla Sun Life Banking & PSU Debt Fund  - DIRECT - IDCW,Aditya Birla Sun Life Mutual Fund,Open Ended Schemes,Debt Scheme - Banking and PSU Fund,09-04-2020,146.41960
119551,Aditya Birla Sun Life Banking & PSU Debt Fund  - DIRECT - IDCW,Aditya Birla Sun Life Mutual Fund,Open Ended Schemes,Debt Scheme - Banking and PSU Fund,08-04-2020,146.41120
119551,Aditya Birla Sun Life Banking & PSU Debt Fund  - DIRECT - IDCW,Aditya Birla Sun Life Mutual Fund,Open Ended Schemes,Debt Scheme - Banking and PSU Fund,07-04-2020,147.17690
119551,Aditya Birla Sun Life Banking & PSU Debt Fund  - DIRECT - IDCW,Aditya Birla Sun Life Mutual Fund,Open Ended Schemes,Debt Scheme - Banking and PSU Fund,03-04-2020,147.88150
119551,Aditya Birla Sun Life Banking & PSU Debt Fund  - DIRECT - IDCW,Aditya Birla Sun Life Mutual Fund,Open Ended Schemes,Debt Scheme - Banking and PSU Fund,31-03-2020,148.17090
119551,Aditya Birla Sun Life Banking & PSU Debt Fund  - DIRECT - IDCW,Aditya Birla Sun Life Mutual Fund,Open Ended Schemes,Debt Scheme - Banking and PSU Fund,30-03-2020,147.69880
119551,Aditya Birla Sun Life Banking & PSU Debt Fund  - DIRECT - IDCW,Aditya Birla Sun Life Mutual Fund,Open Ended Schemes,Debt Scheme - Banking and PSU Fund,27-03-2020,147.85100
119551,Aditya Birla Sun Life Banking & PSU Debt Fund  - DIRECT - IDCW,Aditya Birla Sun Life Mutual Fund,Open Ended Schemes,Debt Scheme - Banking and PSU Fund,26-03-2020,144.17960
119551,Aditya Birla Sun Life Banking & PSU Debt Fund  - DIRECT - IDCW,Aditya Birla Sun Life Mutual Fund,Open Ended Schemes,Debt Scheme - Banking and PSU Fund,24-03-2020,143.83040
119551,Aditya Birla Sun Life Banking & PSU Debt Fund  - DIRECT - IDCW,Aditya Birla Sun Life Mutual Fund,Open Ended Schemes,Debt Scheme - Banking and PSU Fund,23-03-2020,143.71940
119551,Aditya Birla Sun Life Banking & PSU Debt Fund  - DIRECT - IDCW,Aditya Birla Sun Life Mutual Fund,Open Ended Schemes,Debt Scheme - Banking and PSU Fund,20-03-2020,144.62720
119551,Aditya Birla Sun Life Banking & PSU Debt Fund  - DIRECT - IDCW,Aditya Birla Sun Life Mutual Fund,Open Ended Schemes,Debt Scheme - Banking and PSU Fund,19-03-2020,143.97650
119551,Aditya Birla Sun Life Banking & PSU Debt Fund  - DIRECT - IDCW,Aditya Birla Sun Life Mutual Fund,Open Ended Schemes,Debt Scheme - Banking and PSU Fund,18-03-2020,145.17790
119551,Aditya Birla Sun Life Banking & PSU Debt Fund  - DIRECT - IDCW,Aditya Birla Sun Life Mutual Fund,Open Ended Schemes,Debt Scheme - Banking and PSU Fund,17-03-2020,145.77960
119551,Aditya Birla Sun Life Banking & PSU Debt Fund  - DIRECT - IDCW,Aditya Birla Sun Life Mutual Fund,Open Ended Schemes,Debt Scheme - Banking and PSU Fund,16-03-2020,146.38570
119551,Aditya Birla Sun Life Banking & PSU Debt Fund  - DIRECT - IDCW,Aditya Birla Sun Life Mutual Fund,Open Ended Schemes,Debt Scheme - Banking and PSU Fund,13-03-2020,146.42480
119551,Aditya Birla Sun Life Banking & PSU Debt Fund  - DIRECT - IDCW,Aditya Birla Sun Life Mutual Fund,Open Ended Schemes,Debt Scheme - Banking and PSU Fund,12-03-2020,147.13020
119551,Aditya Birla Sun Life Banking & PSU Debt Fund  - DIRECT - IDCW,Aditya Birla Sun Life Mutual Fund,Open Ended Schemes,Debt Scheme - Banking and PSU Fund,11-03-2020,147.92990
119551,Aditya Birla Sun Life Banking & PSU Debt Fund  - DIRECT - IDCW,Aditya Birla Sun Life Mutual Fund,Open Ended Schemes,Debt Scheme - Banking and PSU Fund,09-03-2020,148.19110
119551,Aditya Birla Sun Life Banking & PSU Debt Fund  - DIRECT - IDCW,Aditya Birla Sun Life Mutual Fund,Open Ended Schemes,Debt Scheme - Banking and PSU Fund,06-03-2020,148.22000
119551,Aditya Birla Sun Life Banking & PSU Debt Fund  - DIRECT - IDCW,Aditya Birla Sun Life Mutual Fund,Open Ended Schemes,Debt Scheme - Banking and PSU Fund,05-03-2020,148.03900
119551,Aditya Birla Sun Life Banking & PSU Debt Fund  - DIRECT - IDCW,Aditya Birla Sun Life Mutual Fund,Open Ended Schemes,Debt Scheme - Banking and PSU Fund,04-03-2020,148.06480
119551,Aditya Birla Sun Life Banking & PSU Debt Fund  - DIRECT - IDCW,Aditya Birla Sun Life Mutual Fund,Open Ended Schemes,Debt Scheme - Banking and PSU Fund,03-03-2020,147.64570
119551,Aditya Birla Sun Life Banking & PSU Debt Fund  - DIRECT - IDCW,Aditya Birla Sun Life Mutual Fund,Open Ended Schemes,Debt Scheme - Banking and PSU Fund,02-03-2020,147.61980
119551,Aditya Birla Sun Life Banking & PSU Debt Fund  - DIRECT - IDCW,Aditya Birla Sun Life Mutual Fund,Open Ended Schemes,Debt Scheme - Banking and PSU Fund,28-02-2020,147.54200
119551,Aditya Birla Sun Life Banking & PSU Debt Fund  - DIRECT - IDCW,Aditya Birla Sun Life Mutual Fund,Open Ended Schemes,Debt Scheme - Banking and PSU Fund,27-02-2020,147.67830
119551,Aditya Birla Sun Life Banking & PSU Debt Fund  - DIRECT - IDCW,Aditya Birla Sun Life Mutual Fund,Open Ended Schemes,Debt Scheme - Banking and PSU Fund,26-02-2020,147.76810
119551,Aditya Birla Sun Life Banking & PSU Debt Fund  - DIRECT - IDCW,Aditya Birla Sun Life Mutual Fund,Open Ended Schemes,Debt Scheme - Banking and PSU Fund,25-02-2020,157.04230
119551,Aditya Birla Sun Life Banking & PSU Debt Fund  - DIRECT - IDCW,Aditya Birla Sun Life Mutual Fund,Open Ended Schemes,Debt Scheme - Banking and PSU Fund,24-02-2020,157.11050
119551,Aditya Birla Sun Life Banking & PSU Debt Fund  - DIRECT - IDCW,Aditya Birla Sun Life Mutual Fund,Open Ended Schemes,Debt Scheme - Banking and PSU Fund,20-02-2020,156.93530
119551,Aditya Birla Sun Life Banking & PSU Debt Fund  - DIRECT - IDCW,Aditya Birla Sun Life Mutual Fund,Open Ended Schemes,Debt Scheme - Banking and PSU Fund,18-02-2020,156.94440
119551,Aditya Birla Sun Life Banking & PSU Debt Fund  - DIRECT - IDCW,Aditya Birla Sun Life Mutual Fund,Open Ended Schemes,Debt Scheme - Banking and PSU Fund,17-02-2020,157.01240
119551,Aditya Birla Sun Life Banking & PSU Debt Fund  - DIRECT - IDCW,Aditya Birla Sun Life Mutual Fund,Open Ended Schemes,Debt Scheme - Banking and PSU Fund,14-02-2020,156.82800
119551,Aditya Birla Sun Life Banking & PSU Debt Fund  - DIRECT - IDCW,Aditya Birla Sun Life Mutual Fund,Open Ended Schemes,Debt Scheme - Banking and PSU Fund,13-02-2020,156.72330
119551,Aditya Birla Sun Life Banking & PSU Debt Fund  - DIRECT - IDCW,Aditya Birla Sun Life Mutual Fund,Open Ended Schemes,Debt Scheme - Banking and PSU Fund,12-02-2020,156.55160
119551,Aditya Birla Sun Life Banking & PSU Debt Fund  - DIRECT - IDCW,Aditya Birla Sun Life Mutual Fund,Open Ended Schemes,Debt Scheme - Banking and PSU Fund,11-02-2020,156.55810
119551,Aditya Birla Sun Life Banking & PSU Debt Fund  - DIRECT - IDCW,Aditya Birla Sun Life Mutual Fund,Open Ended Schemes,Debt Scheme - Banking and PSU Fund,10-02-2020,156.51380
119551,Aditya Birla Sun Life Banking & PSU Debt Fund  - DIRECT - IDCW,Aditya Birla Sun Life Mutual Fund,Open Ended Schemes,Debt Scheme - Banking and PSU Fund,07-02-2020,156.36270
119551,Aditya Birla Sun Life Banking & PSU Debt Fund  - DIRECT - IDCW,Aditya Birla Sun Life Mutual Fund,Open Ended Schemes,Debt Scheme - Banking and PSU Fund,06-02-2020,155.91820
119551,Aditya Birla Sun Life Banking & PSU Debt Fund  - DIRECT - IDCW,Aditya Birla Sun Life Mutual Fund,Open Ended Schemes,Debt Scheme - Banking and PSU Fund,05-02-2020,155.37680
119551,Aditya Birla Sun Life Banking & PSU Debt Fund  - DIRECT - IDCW,Aditya Birla Sun Life Mutual Fund,Open Ended Schemes,Debt Scheme - Banking and PSU Fund,04-02-2020,155.35870
119551,Aditya Birla Sun Life Banking & PSU Debt Fund  - DIRECT - IDCW,Aditya Birla Sun Life Mutual Fund,Open Ended Schemes,Debt Scheme - Banking and PSU Fund,03-02-2020,155.24320
119551,Aditya Birla Sun Life Banking & PSU Debt Fund  - DIRECT - IDCW,Aditya Birla Sun Life Mutual Fund,Open Ended Schemes,Debt Scheme - Banking and PSU Fund,31-01-2020,154.93920
119551,Aditya Birla Sun Life Banking & PSU Debt Fund  - DIRECT - IDCW,Aditya Birla Sun Life Mutual Fund,Open Ended Schemes,Debt Scheme - Banking and PSU Fund,30-01-2020,154.91460
119551,Aditya Birla Sun Life Banking & PSU Debt Fund  - DIRECT - IDCW,Aditya Birla Sun Life Mutual Fund,Open Ended Schemes,Debt Scheme - Banking and PSU Fund,29-01-2020,154.89040
119551,Aditya Birla Sun Life Banking & PSU Debt Fund  - DIRECT - IDCW,Aditya Birla Sun Life Mutual Fund,Open Ended Schemes,Debt Scheme - Banking and PSU Fund,28-01-2020,154.92020
119551,Aditya Birla Sun Life Banking & PSU Debt Fund  - DIRECT - IDCW,Aditya Birla Sun Life Mutual Fund,Open Ended Schemes,Debt Scheme - Banking and PSU Fund,27-01-2020,154.87030
119551,Aditya Birla Sun Life Banking & PSU Debt Fund  - DIRECT - IDCW,Aditya Birla Sun Life Mutual Fund,Open Ended Schemes,Debt Scheme - Banking and PSU Fund,24-01-2020,154.74900
119551,Aditya Birla Sun Life Banking & PSU Debt Fund  - DIRECT - IDCW,Aditya Birla Sun Life Mutual Fund,Open Ended Schemes,Debt Scheme - Banking and PSU Fund,23-01-2020,154.67140
119551,Aditya Birla Sun Life Banking & PSU Debt Fund  - DIRECT - IDCW,Aditya Birla Sun Life Mutual Fund,Open Ended Schemes,Debt Scheme - Banking and PSU Fund,22-01-2020,154.59030
119551,Aditya Birla Sun Life Banking & PSU Debt Fund  - DIRECT - IDCW,Aditya Birla Sun Life Mutual Fund,Open Ended Schemes,Debt Scheme - Banking and PSU Fund,21-01-2020,154.47760
119551,Aditya Birla Sun Life Banking & PSU Debt Fund  - DIRECT - IDCW,Aditya Birla Sun Life Mutual Fund,Open Ended Schemes,Debt Scheme - Banking and PSU Fund,20-01-2020,154.42280
119551,Aditya Birla Sun Life Banking & PSU Debt Fund  - DIRECT - IDCW,Aditya Birla Sun Life Mutual Fund,Open Ended Schemes,Debt Scheme - Banking and PSU Fund,17-01-2020,154.32490
119551,Aditya Birla Sun Life Banking & PSU Debt Fund  - DIRECT - IDCW,Aditya Birla Sun Life Mutual Fund,Open Ended Schemes,Debt Scheme - Banking and PSU Fund,16-01-2020,154.27130
119551,Aditya Birla Sun Life Banking & PSU Debt Fund  - DIRECT - IDCW,Aditya Birla Sun Life Mutual Fund,Open Ended Schemes,Debt Scheme - Banking and PSU Fund,15-01-2020,154.18890
119551,Aditya Birla Sun Life Banking & PSU Debt Fund  - DIRECT - IDCW,Aditya Birla Sun Life Mutual Fund,Open Ended Schemes,Debt Scheme - Banking and PSU Fund,14-01-2020,154.11510
119551,Aditya Birla Sun Life Banking & PSU Debt Fund  - DIRECT - IDCW,Aditya Birla Sun Life Mutual Fund,Open Ended Schemes,Debt Scheme - Banking and PSU Fund,13-01-2020,154.23620
119551,Aditya Birla Sun Life Banking & PSU Debt Fund  - DIRECT - IDCW,Aditya Birla Sun Life Mutual Fund,Open Ended Schemes,Debt Scheme - Banking and PSU Fund,10-01-2020,154.16720
119551,Aditya Birla Sun Life Banking & PSU Debt Fund  - DIRECT - IDCW,Aditya Birla Sun Life Mutual Fund,Open Ended Schemes,Debt Scheme - Banking and PSU Fund,09-01-2020,154.22020
119551,Aditya Birla Sun Life Banking & PSU Debt Fund  - DIRECT - IDCW,Aditya Birla Sun Life Mutual Fund,Open Ended Schemes,Debt Scheme - Banking and PSU Fund,08-01-2020,154.12700
119551,Aditya Birla Sun Life Banking & PSU Debt Fund  - DIRECT - IDCW,Aditya Birla Sun Life Mutual Fund,Open Ended Schemes,Debt Scheme - Banking and PSU Fund,07-01-2020,154.07510
119551,Aditya Birla Sun Life Banking & PSU Debt Fund  - DIRECT - IDCW,Aditya Birla Sun Life Mutual Fund,Open Ended Schemes,Debt Scheme - Banking and PSU Fund,06-01-2020,154.00360
119551,Aditya Birla Sun Life Banking & PSU Debt Fund  - DIRECT - IDCW,Aditya Birla Sun Life Mutual Fund,Open Ended Schemes,Debt Scheme - Banking and PSU Fund,03-01-2020,154.03230
119551,Aditya Birla Sun Life Banking & PSU Debt Fund  - DIRECT - IDCW,Aditya Birla Sun Life Mutual Fund,Open Ended Schemes,Debt Scheme - Banking and PSU Fund,02-01-2020,153.87420
119551,Aditya Birla Sun Life Banking & PSU Debt Fund  - DIRECT - IDCW,Aditya Birla Sun Life Mutual Fund,Open Ended Schemes,Debt Scheme - Banking and PSU Fund,01-01-2020,153.81930
119551,Aditya Birla Sun Life Banking & PSU Debt Fund  - DIRECT - IDCW,Aditya Birla Sun Life Mutual Fund,Open Ended Schemes,Debt Scheme - Banking and PSU Fund,31-12-2019,153.70540
119551,Aditya Birla Sun Life Banking & PSU Debt Fund  - DIRECT - IDCW,Aditya Birla Sun Life Mutual Fund,Open Ended Schemes,Debt Scheme - Banking and PSU Fund,30-12-2019,153.70100
119551,Aditya Birla Sun Life Banking & PSU Debt Fund  - DIRECT - IDCW,Aditya Birla Sun Life Mutual Fund,Open Ended Schemes,Debt Scheme - Banking and PSU Fund,27-12-2019,153.63460
119551,Aditya Birla Sun Life Banking & PSU Debt Fund  - DIRECT - IDCW,Aditya Birla Sun Life Mutual Fund,Open Ended Schemes,Debt Scheme - Banking and PSU Fund,26-12-2019,153.55760
119551,Aditya Birla Sun Life Banking & PSU Debt Fund  - DIRECT - IDCW,Aditya Birla Sun Life Mutual Fund,Open Ended Schemes,Debt Scheme - Banking and PSU Fund,24-12-2019,153.56260
119551,Aditya Birla Sun Life Banking & PSU Debt Fund  - DIRECT - IDCW,Aditya Birla Sun Life Mutual Fund,Open Ended Schemes,Debt Scheme - Banking and PSU Fund,23-12-2019,153.55370
119551,Aditya Birla Sun Life Banking & PSU Debt Fund  - DIRECT - IDCW,Aditya Birla Sun Life Mutual Fund,Open Ended Schemes,Debt Scheme - Banking and PSU Fund,20-12-2019,153.45720
119551,Aditya Birla Sun Life Banking & PSU Debt Fund  - DIRECT - IDCW,Aditya Birla Sun Life Mutual Fund,Open Ended Schemes,Debt Scheme - Banking and PSU Fund,19-12-2019,153.15260
119551,Aditya Birla Sun Life Banking & PSU Debt Fund  - DIRECT - IDCW,Aditya Birla Sun Life Mutual Fund,Open Ended Schemes,Debt Scheme - Banking and PSU Fund,18-12-2019,153.13370
119551,Aditya Birla Sun Life Banking & PSU Debt Fund  - DIRECT - IDCW,Aditya Birla Sun Life Mutual Fund,Open Ended Schemes,Debt Scheme - Banking and PSU Fund,17-12-2019,153.03460
119551,Aditya Birla Sun Life Banking & PSU Debt Fund  - DIRECT - IDCW,Aditya Birla Sun Life Mutual Fund,Open Ended Schemes,Debt Scheme - Banking and PSU Fund,16-12-2019,152.98140
119551,Aditya Birla Sun Life Banking & PSU Debt Fund  - DIRECT - IDCW,Aditya Birla Sun Life Mutual Fund,Open Ended Schemes,Debt Scheme - Banking and PSU Fund,13-12-2019,152.85760
119551,Aditya Birla Sun Life Banking & PSU Debt Fund  - DIRECT - IDCW,Aditya Birla Sun Life Mutual Fund,Open Ended Schemes,Debt Scheme - Banking and PSU Fund,12-12-2019,152.96820
119551,Aditya Birla Sun Life Banking & PSU Debt Fund  - DIRECT - IDCW,Aditya Birla Sun Life Mutual Fund,Open Ended Schemes,Debt Scheme - Banking and PSU Fund,11-12-2019,152.98320
119551,Aditya Birla Sun Life Banking & PSU Debt Fund  - DIRECT - IDCW,Aditya Birla Sun Life Mutual Fund,Open Ended Schemes,Debt Scheme - Banking and PSU Fund,10-12-2019,153.07380
119551,Aditya Birla Sun Life Banking & PSU Debt Fund  - DIRECT - IDCW,Aditya Birla Sun Life Mutual Fund,Open Ended Schemes,Debt Scheme - Banking and PSU Fund,09-12-2019,153.11830
119551,Aditya Birla Sun Life Banking & PSU Debt Fund  - DIRECT - IDCW,Aditya Birla Sun Life Mutual Fund,Open Ended Schemes,Debt Scheme - Banking and PSU Fund,06-12-2019,153.14050
119551,Aditya Birla Sun Life Banking & PSU Debt Fund  - DIRECT - IDCW,Aditya Birla Sun Life Mutual Fund,Open Ended Schemes,Debt Scheme - Banking and PSU Fund,05-12-2019,153.24830
119551,Aditya Birla Sun Life Banking & PSU Debt Fund  - DIRECT - IDCW,Aditya Birla Sun Life Mutual Fund,Open Ended Schemes,Debt Scheme - Banking and PSU Fund,04-12-2019,153.74050
119551,Aditya Birla Sun Life Banking & PSU Debt Fund  - DIRECT - IDCW,Aditya Birla Sun Life Mutual Fund,Open Ended Schemes,Debt Scheme - Banking and PSU Fund,03-12-2019,153.62590
119551,Aditya Birla Sun Life Banking & PSU Debt Fund  - DIRECT - IDCW,Aditya Birla Sun Life Mutual Fund,Open Ended Schemes,Debt Scheme - Banking and PSU Fund,02-12-2019,153.60460
119551,Aditya Birla Sun Life Banking & PSU Debt Fund  - DIRECT - IDCW,Aditya Birla Sun Life Mutual Fund,Open Ended Schemes,Debt Scheme - Banking and PSU Fund,29-11-2019,153.53810
119551,Aditya Birla Sun Life Banking & PSU Debt Fund  - DIRECT - IDCW,Aditya Birla Sun Life Mutual Fund,Open Ended Schemes,Debt Scheme - Banking and PSU Fund,28-11-2019,153.49340
119551,Aditya Birla Sun Life Banking & PSU Debt Fund  - DIRECT - IDCW,Aditya Birla Sun Life Mutual Fund,Open Ended Schemes,Debt Scheme - Banking and PSU Fund,27-11-2019,153.39030
119551,Aditya Birla Sun Life Banking & PSU Debt Fund  - DIRECT - IDCW,Aditya Birla Sun Life Mutual Fund,Open Ended Schemes,Debt Scheme - Banking and PSU Fund,26-11-2019,153.34850
119551,Aditya Birla Sun Life Banking & PSU Debt Fund  - DIRECT - IDCW,Aditya Birla Sun Life Mutual Fund,Open Ended Schemes,Debt Scheme - Banking and PSU Fund,25-11-2019,153.29600
119551,Aditya Birla Sun Life Banking & PSU Debt Fund  - DIRECT - IDCW,Aditya Birla Sun Life Mutual Fund,Open Ended Schemes,Debt Scheme - Banking and PSU Fund,22-11-2019,153.14360
119551,Aditya Birla Sun Life Banking & PSU Debt Fund  - DIRECT - IDCW,Aditya Birla Sun Life Mutual Fund,Open Ended Schemes,Debt Scheme - Banking and PSU Fund,21-11-2019,153.09270
119551,Aditya Birla Sun Life Banking & PSU Debt Fund  - DIRECT - IDCW,Aditya Birla Sun Life Mutual Fund,Open Ended Schemes,Debt Scheme - Banking and PSU Fund,20-11-2019,153.07080
119551,Aditya Birla Sun Life Banking & PSU Debt Fund  - DIRECT - IDCW,Aditya Birla Sun Life Mutual Fund,Open Ended Schemes,Debt Scheme - Banking and PSU Fund,19-11-2019,152.98530
119551,Aditya Birla Sun Life Banking & PSU Debt Fund  - DIRECT - IDCW,Aditya Birla Sun Life Mutual Fund,Open Ended Schemes,Debt Scheme - Banking and PSU Fund,18-11-2019,152.93160
119551,Aditya Birla Sun Life Banking & PSU Debt Fund  - DIRECT - IDCW,Aditya Birla Sun Life Mutual Fund,Open Ended Schemes,Debt Scheme - Banking and PSU Fund,15-11-2019,152.79790
119551,Aditya Birla Sun Life Banking & PSU Debt Fund  - DIRECT - IDCW,Aditya Birla Sun Life Mutual Fund,Open Ended Schemes,Debt Scheme - Banking and PSU Fund,14-11-2019,152.69570
119551,Aditya Birla Sun Life Banking & PSU Debt Fund  - DIRECT - IDCW,Aditya Birla Sun Life Mutual Fund,Open Ended Schemes,Debt Scheme - Banking and PSU Fund,13-11-2019,152.55810
119551,Aditya Birla Sun Life Banking & PSU Debt Fund  - DIRECT - IDCW,Aditya Birla Sun Life Mutual Fund,Open Ended Schemes,Debt Scheme - Banking and PSU Fund,11-11-2019,152.42140
119551,Aditya Birla Sun Life Banking & PSU Debt Fund  - DIRECT - IDCW,Aditya Birla Sun Life Mutual Fund,Open Ended Schemes,Debt Scheme - Banking and PSU Fund,08-11-2019,152.39850
119551,Aditya Birla Sun Life Banking & PSU Debt Fund  - DIRECT - IDCW,Aditya Birla Sun Life Mutual Fund,Open Ended Schemes,Debt Scheme - Banking and PSU Fund,07-11-2019,152.49110
119551,Aditya Birla Sun Life Banking & PSU Debt Fund  - DIRECT - IDCW,Aditya Birla Sun Life Mutual Fund,Open Ended Schemes,Debt Scheme - Banking and PSU Fund,06-11-2019,152.46070
119551,Aditya Birla Sun Life Banking & PSU Debt Fund  - DIRECT - IDCW,Aditya Birla Sun Life Mutual Fund,Open Ended Schemes,Debt Scheme - Banking and PSU Fund,05-11-2019,152.46920
119551,Aditya Birla Sun Life Banking & PSU Debt Fund  - DIRECT - IDCW,Aditya Birla Sun Life Mutual Fund,Open Ended Schemes,Debt Scheme - Banking and PSU Fund,04-11-2019,152.49010
119551,Aditya Birla Sun Life Banking & PSU Debt Fund  - DIRECT - IDCW,Aditya Birla Sun Life Mutual Fund,Open Ended Schemes,Debt Scheme - Banking and PSU Fund,01-11-2019,152.42850
119551,Aditya Birla Sun Life Banking & PSU Debt Fund  - DIRECT - IDCW,Aditya Birla Sun Life Mutual Fund,Open Ended Schemes,Debt Scheme - Banking and PSU Fund,31-10-2019,152.33240
119551,Aditya Birla Sun Life Banking & PSU Debt Fund  - DIRECT - IDCW,Aditya Birla Sun Life Mutual Fund,Open Ended Schemes,Debt Scheme - Banking and PSU Fund,30-10-2019,152.10720
119551,Aditya Birla Sun Life Banking & PSU Debt Fund  - DIRECT - IDCW,Aditya Birla Sun Life Mutual Fund,Open Ended Schemes,Debt Scheme - Banking and PSU Fund,29-10-2019,151.96500
119551,Aditya Birla Sun Life Banking & PSU Debt Fund  - DIRECT - IDCW,Aditya Birla Sun Life Mutual Fund,Open Ended Schemes,Debt Scheme - Banking and PSU Fund,25-10-2019,151.84330
119551,Aditya Birla Sun Life Banking & PSU Debt Fund  - DIRECT - IDCW,Aditya Birla Sun Life Mutual Fund,Open Ended Schemes,Debt Scheme - Banking and PSU Fund,24-10-2019,151.78960
119551,Aditya Birla Sun Life Banking & PSU Debt Fund  - DIRECT - IDCW,Aditya Birla Sun Life Mutual Fund,Open Ended Schemes,Debt Scheme - Banking and PSU Fund,23-10-2019,151.69740
119551,Aditya Birla Sun Life Banking & PSU Debt Fund  - DIRECT - IDCW,Aditya Birla Sun Life Mutual Fund,Open Ended Schemes,Debt Scheme - Banking and PSU Fund,22-10-2019,151.56320
119551,Aditya Birla Sun Life Banking & PSU Debt Fund  - DIRECT - IDCW,Aditya Birla Sun Life Mutual Fund,Open Ended Schemes,Debt Scheme - Banking and PSU Fund,18-10-2019,151.40290
119551,Aditya Birla Sun Life Banking & PSU Debt Fund  - DIRECT - IDCW,Aditya Birla Sun Life Mutual Fund,Open Ended Schemes,Debt Scheme - Banking and PSU Fund,17-10-2019,151.26600
119551,Aditya Birla Sun Life Banking & PSU Debt Fund  - DIRECT - IDCW,Aditya Birla Sun Life Mutual Fund,Open Ended Schemes,Debt Scheme - Banking and PSU Fund,16-10-2019,151.22890
119551,Aditya Birla Sun Life Banking & PSU Debt Fund  - DIRECT - IDCW,Aditya Birla Sun Life Mutual Fund,Open Ended Schemes,Debt Scheme - Banking and PSU Fund,15-10-2019,151.12940
119551,Aditya Birla Sun Life Banking & PSU Debt Fund  - DIRECT - IDCW,Aditya Birla Sun Life Mutual Fund,Open Ended Schemes,Debt Scheme - Banking and PSU Fund,14-10-2019,151.06760
119551,Aditya Birla Sun Life Banking & PSU Debt Fund  - DIRECT - IDCW,Aditya Birla Sun Life Mutual Fund,Open Ended Schemes,Debt Scheme - Banking and PSU Fund,11-10-2019,150.93800
119551,Aditya Birla Sun Life Banking & PSU Debt Fund  - DIRECT - IDCW,Aditya Birla Sun Life Mutual Fund,Open Ended Schemes,Debt Scheme - Banking and PSU Fund,10-10-2019,150.89650
119551,Aditya Birla Sun Life Banking & PSU Debt Fund  - DIRECT - IDCW,Aditya Birla Sun Life Mutual Fund,Open Ended Schemes,Debt Scheme - Banking and PSU Fund,09-10-2019,150.86100
119551,Aditya Birla Sun Life Banking & PSU Debt Fund  - DIRECT - IDCW,Aditya Birla Sun Life Mutual Fund,Open Ended Schemes,Debt Scheme - Banking and PSU Fund,07-10-2019,150.80640
119551,Aditya Birla Sun Life Banking & PSU Debt Fund  - DIRECT - IDCW,Aditya Birla Sun Life Mutual Fund,Open Ended Schemes,Debt Scheme - Banking and PSU Fund,04-10-2019,150.72870
119551,Aditya Birla Sun Life Banking & PSU Debt Fund  - DIRECT - IDCW,Aditya Birla Sun Life Mutual Fund,Open Ended Schemes,Debt Scheme - Banking and PSU Fund,03-10-2019,150.79360
119551,Aditya Birla Sun Life Banking & PSU Debt Fund  - DIRECT - IDCW,Aditya Birla Sun Life Mutual Fund,Open Ended Schemes,Debt Scheme - Banking and PSU Fund,01-10-2019,150.58120
119551,Aditya Birla Sun Life Banking & PSU Debt Fund  - DIRECT - IDCW,Aditya Birla Sun Life Mutual Fund,Open Ended Schemes,Debt Scheme - Banking and PSU Fund,30-09-2019,150.45390
119551,Aditya Birla Sun Life Banking & PSU Debt Fund  - DIRECT - IDCW,Aditya Birla Sun Life Mutual Fund,Open Ended Schemes,Debt Scheme - Banking and PSU Fund,27-09-2019,150.22310
119551,Aditya Birla Sun Life Banking & PSU Debt Fund  - DIRECT - IDCW,Aditya Birla Sun Life Mutual Fund,Open Ended Schemes,Debt Scheme - Banking and PSU Fund,26-09-2019,150.20390
119551,Aditya Birla Sun Life Banking & PSU Debt Fund  - DIRECT - IDCW,Aditya Birla Sun Life Mutual Fund,Open Ended Schemes,Debt Scheme - Banking and PSU Fund,25-09-2019,150.17310
119551,Aditya Birla Sun Life Banking & PSU Debt Fund  - DIRECT - IDCW,Aditya Birla Sun Life Mutual Fund,Open Ended Schemes,Debt Scheme - Banking and PSU Fund,24-09-2019,150.15030
119551,Aditya Birla Sun Life Banking & PSU Debt Fund  - DIRECT - IDCW,Aditya Birla Sun Life Mutual Fund,Open Ended Schemes,Debt Scheme - Banking and PSU Fund,23-09-2019,150.17780
119551,Aditya Birla Sun Life Banking & PSU Debt Fund  - DIRECT - IDCW,Aditya Birla Sun Life Mutual Fund,Open Ended Schemes,Debt Scheme - Banking and PSU Fund,20-09-2019,150.09930
119551,Aditya Birla Sun Life Banking & PSU Debt Fund  - DIRECT - IDCW,Aditya Birla Sun Life Mutual Fund,Open Ended Schemes,Debt Scheme - Banking and PSU Fund,19-09-2019,150.68280
119551,Aditya Birla Sun Life Banking & PSU Debt Fund  - DIRECT - IDCW,Aditya Birla Sun Life Mutual Fund,Open Ended Schemes,Debt Scheme - Banking and PSU Fund,18-09-2019,150.61910
119551,Aditya Birla Sun Life Banking & PSU Debt Fund  - DIRECT - IDCW,Aditya Birla Sun Life Mutual Fund,Open Ended Schemes,Debt Scheme - Banking and PSU Fund,17-09-2019,150.36880
119551,Aditya Birla Sun Life Banking & PSU Debt Fund  - DIRECT - IDCW,Aditya Birla Sun Life Mutual Fund,Open Ended Schemes,Debt Scheme - Banking and PSU Fund,16-09-2019,150.44760
119551,Aditya Birla Sun Life Banking & PSU Debt Fund  - DIRECT - IDCW,Aditya Birla Sun Life Mutual Fund,Open Ended Schemes,Debt Scheme - Banking and PSU Fund,13-09-2019,150.49370
119551,Aditya Birla Sun Life Banking & PSU Debt Fund  - DIRECT - IDCW,Aditya Birla Sun Life Mutual Fund,Open Ended Schemes,Debt Scheme - Banking and PSU Fund,12-09-2019,150.38280
119551,Aditya Birla Sun Life Banking & PSU Debt Fund  - DIRECT - IDCW,Aditya Birla Sun Life Mutual Fund,Open Ended Schemes,Debt Scheme - Banking and PSU Fund,11-09-2019,150.47970
119551,Aditya Birla Sun Life Banking & PSU Debt Fund  - DIRECT - IDCW,Aditya Birla Sun Life Mutual Fund,Open Ended Schemes,Debt Scheme - Banking and PSU Fund,09-09-2019,150.57780
119551,Aditya Birla Sun Life Banking & PSU Debt Fund  - DIRECT - IDCW,Aditya Birla Sun Life Mutual Fund,Open Ended Schemes,Debt Scheme - Banking and PSU Fund,06-09-2019,150.34140
119551,Aditya Birla Sun Life Banking & PSU Debt Fund  - DIRECT - IDCW,Aditya Birla Sun Life Mutual Fund,Open Ended Schemes,Debt Scheme - Banking and PSU Fund,05-09-2019,150.40760
119551,Aditya Birla Sun Life Banking & PSU Debt Fund  - DIRECT - IDCW,Aditya Birla Sun Life Mutual Fund,Open Ended Schemes,Debt Scheme - Banking and PSU Fund,04-09-2019,150.49060
119551,Aditya Birla Sun Life Banking & PSU Debt Fund  - DIRECT - IDCW,Aditya Birla Sun Life Mutual Fund,Open Ended Schemes,Debt Scheme - Banking and PSU Fund,03-09-2019,150.40880
119551,Aditya Birla Sun Life Banking & PSU Debt Fund  - DIRECT - IDCW,Aditya Birla Sun Life Mutual Fund,Open Ended Schemes,Debt Scheme - Banking and PSU Fund,30-08-2019,150.10760
119551,Aditya Birla Sun Life Banking & PSU Debt Fund  - DIRECT - IDCW,Aditya Birla Sun Life Mutual Fund,Open Ended Schemes,Debt Scheme - Banking and PSU Fund,29-08-2019,150.06250
119551,Aditya Birla Sun Life Banking & PSU Debt Fund  - DIRECT - IDCW,Aditya Birla Sun Life Mutual Fund,Open Ended Schemes,Debt Scheme - Banking and PSU Fund,28-08-2019,150.19140
119551,Aditya Birla Sun Life Banking & PSU Debt Fund  - DIRECT - IDCW,Aditya Birla Sun Life Mutual Fund,Open Ended Schemes,Debt Scheme - Banking and PSU Fund,27-08-2019,150.24960
119551,Aditya Birla Sun Life Banking & PSU Debt Fund  - DIRECT - IDCW,Aditya Birla Sun Life Mutual Fund,Open Ended Schemes,Debt Scheme - Banking and PSU Fund,26-08-2019,150.24180
119551,Aditya Birla Sun Life Banking & PSU Debt Fund  - DIRECT - IDCW,Aditya Birla Sun Life Mutual Fund,Open Ended Schemes,Debt Scheme - Banking and PSU Fund,23-08-2019,149.93470
119551,Aditya Birla Sun Life Banking & PSU Debt Fund  - DIRECT - IDCW,Aditya Birla Sun Life Mutual Fund,Open Ended Schemes,Debt Scheme - Banking and PSU Fund,22-08-2019,149.84040
119551,Aditya Birla Sun Life Banking & PSU Debt Fund  - DIRECT - IDCW,Aditya Birla Sun Life Mutual Fund,Open Ended Schemes,Debt Scheme - Banking and PSU Fund,21-08-2019,149.67650
119551,Aditya Birla Sun Life Banking & PSU Debt Fund  - DIRECT - IDCW,Aditya Birla Sun Life Mutual Fund,Open Ended Schemes,Debt Scheme - Banking and PSU Fund,20-08-2019,149.48640
119551,Aditya Birla Sun Life Banking & PSU Debt Fund  - DIRECT - IDCW,Aditya Birla Sun Life Mutual Fund,Open Ended Schemes,Debt Scheme - Banking and PSU Fund,19-08-2019,149.37300
119551,Aditya Birla Sun Life Banking & PSU Debt Fund  - DIRECT - IDCW,Aditya Birla Sun Life Mutual Fund,Open Ended Schemes,Debt Scheme - Banking and PSU Fund,16-08-2019,149.33110
119551,Aditya Birla Sun Life Banking & PSU Debt Fund  - DIRECT - IDCW,Aditya Birla Sun Life Mutual Fund,Open Ended Schemes,Debt Scheme - Banking and PSU Fund,14-08-2019,149.08090
119551,Aditya Birla Sun Life Banking & PSU Debt Fund  - DIRECT - IDCW,Aditya Birla Sun Life Mutual Fund,Open Ended Schemes,Debt Scheme - Banking and PSU Fund,13-08-2019,149.45110
119551,Aditya Birla Sun Life Banking & PSU Debt Fund  - DIRECT - IDCW,Aditya Birla Sun Life Mutual Fund,Open Ended Schemes,Debt Scheme - Banking and PSU Fund,09-08-2019,149.42480
119551,Aditya Birla Sun Life Banking & PSU Debt Fund  - DIRECT - IDCW,Aditya Birla Sun Life Mutual Fund,Open Ended Schemes,Debt Scheme - Banking and PSU Fund,08-08-2019,149.68430
119551,Aditya Birla Sun Life Banking & PSU Debt Fund  - DIRECT - IDCW,Aditya Birla Sun Life Mutual Fund,Open Ended Schemes,Debt Scheme - Banking and PSU Fund,07-08-2019,149.55770
119551,Aditya Birla Sun Life Banking & PSU Debt Fund  - DIRECT - IDCW,Aditya Birla Sun Life Mutual Fund,Open Ended Schemes,Debt Scheme - Banking and PSU Fund,06-08-2019,149.41470
119551,Aditya Birla Sun Life Banking & PSU Debt Fund  - DIRECT - IDCW,Aditya Birla Sun Life Mutual Fund,Open Ended Schemes,Debt Scheme - Banking and PSU Fund,05-08-2019,149.21550
119551,Aditya Birla Sun Life Banking & PSU Debt Fund  - DIRECT - IDCW,Aditya Birla Sun Life Mutual Fund,Open Ended Schemes,Debt Scheme - Banking and PSU Fund,02-08-2019,149.37240
119551,Aditya Birla Sun Life Banking & PSU Debt Fund  - DIRECT - IDCW,Aditya Birla Sun Life Mutual Fund,Open Ended Schemes,Debt Scheme - Banking and PSU Fund,01-08-2019,149.03670
119551,Aditya Birla Sun Life Banking & PSU Debt Fund  - DIRECT - IDCW,Aditya Birla Sun Life Mutual Fund,Open Ended Schemes,Debt Scheme - Banking and PSU Fund,31-07-2019,149.05120
119551,Aditya Birla Sun Life Banking & PSU Debt Fund  - DIRECT - IDCW,Aditya Birla Sun Life Mutual Fund,Open Ended Schemes,Debt Scheme - Banking and PSU Fund,30-07-2019,148.89200
119551,Aditya Birla Sun Life Banking & PSU Debt Fund  - DIRECT - IDCW,Aditya Birla Sun Life Mutual Fund,Open Ended Schemes,Debt Scheme - Banking and PSU Fund,29-07-2019,148.74870
119551,Aditya Birla Sun Life Banking & PSU Debt Fund  - DIRECT - IDCW,Aditya Birla Sun Life Mutual Fund,Open Ended Schemes,Debt Scheme - Banking and PSU Fund,26-07-2019,148.37040
119551,Aditya Birla Sun Life Banking & PSU Debt Fund  - DIRECT - IDCW,Aditya Birla Sun Life Mutual Fund,Open Ended Schemes,Debt Scheme - Banking and PSU Fund,25-07-2019,148.34130
119551,Aditya Birla Sun Life Banking & PSU Debt Fund  - DIRECT - IDCW,Aditya Birla Sun Life Mutual Fund,Open Ended Schemes,Debt Scheme - Banking and PSU Fund,24-07-2019,148.68580
119551,Aditya Birla Sun Life Banking & PSU Debt Fund  - DIRECT - IDCW,Aditya Birla Sun Life Mutual Fund,Open Ended Schemes,Debt Scheme - Banking and PSU Fund,23-07-2019,148.60970
119551,Aditya Birla Sun Life Banking & PSU Debt Fund  - DIRECT - IDCW,Aditya Birla Sun Life Mutual Fund,Open Ended Schemes,Debt Scheme - Banking and PSU Fund,22-07-2019,148.71740
119551,Aditya Birla Sun Life Banking & PSU Debt Fund  - DIRECT - IDCW,Aditya Birla Sun Life Mutual Fund,Open Ended Schemes,Debt Scheme - Banking and PSU Fund,19-07-2019,148.85420
119551,Aditya Birla Sun Life Banking & PSU Debt Fund  - DIRECT - IDCW,Aditya Birla Sun Life Mutual Fund,Open Ended Schemes,Debt Scheme - Banking and PSU Fund,18-07-2019,148.81090
119551,Aditya Birla Sun Life Banking & PSU Debt Fund  - DIRECT - IDCW,Aditya Birla Sun Life Mutual Fund,Open Ended Schemes,Debt Scheme - Banking and PSU Fund,17-07-2019,148.87780
119551,Aditya Birla Sun Life Banking & PSU Debt Fund  - DIRECT - IDCW,Aditya Birla Sun Life Mutual Fund,Open Ended Schemes,Debt Scheme - Banking and PSU Fund,16-07-2019,148.91020
119551,Aditya Birla Sun Life Banking & PSU Debt Fund  - DIRECT - IDCW,Aditya Birla Sun Life Mutual Fund,Open Ended Schemes,Debt Scheme - Banking and PSU Fund,15-07-2019,148.56780
119551,Aditya Birla Sun Life Banking & PSU Debt Fund  - DIRECT - IDCW,Aditya Birla Sun Life Mutual Fund,Open Ended Schemes,Debt Scheme - Banking and PSU Fund,12-07-2019,148.29440
119551,Aditya Birla Sun Life Banking & PSU Debt Fund  - DIRECT - IDCW,Aditya Birla Sun Life Mutual Fund,Open Ended Schemes,Debt Scheme - Banking and PSU Fund,11-07-2019,148.21660
119551,Aditya Birla Sun Life Banking & PSU Debt Fund  - DIRECT - IDCW,Aditya Birla Sun Life Mutual Fund,Open Ended Schemes,Debt Scheme - Banking and PSU Fund,10-07-2019,148.00340
119551,Aditya Birla Sun Life Banking & PSU Debt Fund  - DIRECT - IDCW,Aditya Birla Sun Life Mutual Fund,Open Ended Schemes,Debt Scheme - Banking and PSU Fund,09-07-2019,147.82280
119551,Aditya Birla Sun Life Banking & PSU Debt Fund  - DIRECT - IDCW,Aditya Birla Sun Life Mutual Fund,Open Ended Schemes,Debt Scheme - Banking and PSU Fund,08-07-2019,147.82770
119551,Aditya Birla Sun Life Banking & PSU Debt Fund  - DIRECT - IDCW,Aditya Birla Sun Life Mutual Fund,Open Ended Schemes,Debt Scheme - Banking and PSU Fund,05-07-2019,147.29720
119551,Aditya Birla Sun Life Banking & PSU Debt Fund  - DIRECT - IDCW,Aditya Birla Sun Life Mutual Fund,Open Ended Schemes,Debt Scheme - Banking and PSU Fund,04-07-2019,146.91340
119551,Aditya Birla Sun Life Banking & PSU Debt Fund  - DIRECT - IDCW,Aditya Birla Sun Life Mutual Fund,Open Ended Schemes,Debt Scheme - Banking and PSU Fund,03-07-2019,146.67800
119551,Aditya Birla Sun Life Banking & PSU Debt Fund  - DIRECT - IDCW,Aditya Birla Sun Life Mutual Fund,Open Ended Schemes,Debt Scheme - Banking and PSU Fund,02-07-2019,146.48170
119551,Aditya Birla Sun Life Banking & PSU Debt Fund  - DIRECT - IDCW,Aditya Birla Sun Life Mutual Fund,Open Ended Schemes,Debt Scheme - Banking and PSU Fund,01-07-2019,146.39030
119551,Aditya Birla Sun Life Banking & PSU Debt Fund  - DIRECT - IDCW,Aditya Birla Sun Life Mutual Fund,Open Ended Schemes,Debt Scheme - Banking and PSU Fund,28-06-2019,146.37970
119551,Aditya Birla Sun Life Banking & PSU Debt Fund  - DIRECT - IDCW,Aditya Birla Sun Life Mutual Fund,Open Ended Schemes,Debt Scheme - Banking and PSU Fund,27-06-2019,146.30610
119551,Aditya Birla Sun Life Banking & PSU Debt Fund  - DIRECT - IDCW,Aditya Birla Sun Life Mutual Fund,Open Ended Schemes,Debt Scheme - Banking and PSU Fund,26-06-2019,146.21510
119551,Aditya Birla Sun Life Banking & PSU Debt Fund  - DIRECT - IDCW,Aditya Birla Sun Life Mutual Fund,Open Ended Schemes,Debt Scheme - Banking and PSU Fund,25-06-2019,146.36630
119551,Aditya Birla Sun Life Banking & PSU Debt Fund  - DIRECT - IDCW,Aditya Birla Sun Life Mutual Fund,Open Ended Schemes,Debt Scheme - Banking and PSU Fund,24-06-2019,146.47710
119551,Aditya Birla Sun Life Banking & PSU Debt Fund  - DIRECT - IDCW,Aditya Birla Sun Life Mutual Fund,Open Ended Schemes,Debt Scheme - Banking and PSU Fund,21-06-2019,146.47450
119551,Aditya Birla Sun Life Banking & PSU Debt Fund  - DIRECT - IDCW,Aditya Birla Sun Life Mutual Fund,Open Ended Schemes,Debt Scheme - Banking and PSU Fund,20-06-2019,146.67960
119551,Aditya Birla Sun Life Banking & PSU Debt Fund  - DIRECT - IDCW,Aditya Birla Sun Life Mutual Fund,Open Ended Schemes,Debt Scheme - Banking and PSU Fund,19-06-2019,146.50250
119551,Aditya Birla Sun Life Banking & PSU Debt Fund  - DIRECT - IDCW,Aditya Birla Sun Life Mutual Fund,Open Ended Schemes,Debt Scheme - Banking and PSU Fund,18-06-2019,146.46540
119551,Aditya Birla Sun Life Banking & PSU Debt Fund  - DIRECT - IDCW,Aditya Birla Sun Life Mutual Fund,Open Ended Schemes,Debt Scheme - Banking and PSU Fund,17-06-2019,146.12230
119551,Aditya Birla Sun Life Banking & PSU Debt Fund  - DIRECT - IDCW,Aditya Birla Sun Life Mutual Fund,Open Ended Schemes,Debt Scheme - Banking and PSU Fund,14-06-2019,146.08700
119551,Aditya Birla Sun Life Banking & PSU Debt Fund  - DIRECT - IDCW,Aditya Birla Sun Life Mutual Fund,Open Ended Schemes,Debt Scheme - Banking and PSU Fund,13-06-2019,145.85170
119551,Aditya Birla Sun Life Banking & PSU Debt Fund  - DIRECT - IDCW,Aditya Birla Sun Life Mutual Fund,Open Ended Schemes,Debt Scheme - Banking and PSU Fund,12-06-2019,145.77500
119551,Aditya Birla Sun Life Banking & PSU Debt Fund  - DIRECT - IDCW,Aditya Birla Sun Life Mutual Fund,Open Ended Schemes,Debt Scheme - Banking and PSU Fund,11-06-2019,145.64040
119551,Aditya Birla Sun Life Banking & PSU Debt Fund  - DIRECT - IDCW,Aditya Birla Sun Life Mutual Fund,Open Ended Schemes,Debt Scheme - Banking and PSU Fund,10-06-2019,145.59550
119551,Aditya Birla Sun Life Banking & PSU Debt Fund  - DIRECT - IDCW,Aditya Birla Sun Life Mutual Fund,Open Ended Schemes,Debt Scheme - Banking and PSU Fund,07-06-2019,145.80350
119551,Aditya Birla Sun Life Banking & PSU Debt Fund  - DIRECT - IDCW,Aditya Birla Sun Life Mutual Fund,Open Ended Schemes,Debt Scheme - Banking and PSU Fund,06-06-2019,146.02950
119551,Aditya Birla Sun Life Banking & PSU Debt Fund  - DIRECT - IDCW,Aditya Birla Sun Life Mutual Fund,Open Ended Schemes,Debt Scheme - Banking and PSU Fund,04-06-2019,145.68430
119551,Aditya Birla Sun Life Banking & PSU Debt Fund  - DIRECT - IDCW,Aditya Birla Sun Life Mutual Fund,Open Ended Schemes,Debt Scheme - Banking and PSU Fund,03-06-2019,145.75480
119551,Aditya Birla Sun Life Banking & PSU Debt Fund  - DIRECT - IDCW,Aditya Birla Sun Life Mutual Fund,Open Ended Schemes,Debt Scheme - Banking and PSU Fund,31-05-2019,145.50410
119551,Aditya Birla Sun Life Banking & PSU Debt Fund  - DIRECT - IDCW,Aditya Birla Sun Life Mutual Fund,Open Ended Schemes,Debt Scheme - Banking and PSU Fund,30-05-2019,145.13120
119551,Aditya Birla Sun Life Banking & PSU Debt Fund  - DIRECT - IDCW,Aditya Birla Sun Life Mutual Fund,Open Ended Schemes,Debt Scheme - Banking and PSU Fund,29-05-2019,145.15870
119551,Aditya Birla Sun Life Banking & PSU Debt Fund  - DIRECT - IDCW,Aditya Birla Sun Life Mutual Fund,Open Ended Schemes,Debt Scheme - Banking and PSU Fund,28-05-2019,145.14180
119551,Aditya Birla Sun Life Banking & PSU Debt Fund  - DIRECT - IDCW,Aditya Birla Sun Life Mutual Fund,Open Ended Schemes,Debt Scheme - Banking and PSU Fund,27-05-2019,145.00110
119551,Aditya Birla Sun Life Banking & PSU Debt Fund  - DIRECT - IDCW,Aditya Birla Sun Life Mutual Fund,Open Ended Schemes,Debt Scheme - Banking and PSU Fund,24-05-2019,144.51000
119551,Aditya Birla Sun Life Banking & PSU Debt Fund  - DIRECT - IDCW,Aditya Birla Sun Life Mutual Fund,Open Ended Schemes,Debt Scheme - Banking and PSU Fund,23-05-2019,144.35380
119551,Aditya Birla Sun Life Banking & PSU Debt Fund  - DIRECT - IDCW,Aditya Birla Sun Life Mutual Fund,Open Ended Schemes,Debt Scheme - Banking and PSU Fund,22-05-2019,144.06460
119551,Aditya Birla Sun Life Banking & PSU Debt Fund  - DIRECT - IDCW,Aditya Birla Sun Life Mutual Fund,Open Ended Schemes,Debt Scheme - Banking and PSU Fund,21-05-2019,144.00030
119551,Aditya Birla Sun Life Banking & PSU Debt Fund  - DIRECT - IDCW,Aditya Birla Sun Life Mutual Fund,Open Ended Schemes,Debt Scheme - Banking and PSU Fund,20-05-2019,143.99760
119551,Aditya Birla Sun Life Banking & PSU Debt Fund  - DIRECT - IDCW,Aditya Birla Sun Life Mutual Fund,Open Ended Schemes,Debt Scheme - Banking and PSU Fund,17-05-2019,143.68870
119551,Aditya Birla Sun Life Banking & PSU Debt Fund  - DIRECT - IDCW,Aditya Birla Sun Life Mutual Fund,Open Ended Schemes,Debt Scheme - Banking and PSU Fund,16-05-2019,143.55460
119551,Aditya Birla Sun Life Banking & PSU Debt Fund  - DIRECT - IDCW,Aditya Birla Sun Life Mutual Fund,Open Ended Schemes,Debt Scheme - Banking and PSU Fund,15-05-2019,143.50380
119551,Aditya Birla Sun Life Banking & PSU Debt Fund  - DIRECT - IDCW,Aditya Birla Sun Life Mutual Fund,Open Ended Schemes,Debt Scheme - Banking and PSU Fund,14-05-2019,143.47830
119551,Aditya Birla Sun Life Banking & PSU Debt Fund  - DIRECT - IDCW,Aditya Birla Sun Life Mutual Fund,Open Ended Schemes,Debt Scheme - Banking and PSU Fund,13-05-2019,143.33460
119551,Aditya Birla Sun Life Banking & PSU Debt Fund  - DIRECT - IDCW,Aditya Birla Sun Life Mutual Fund,Open Ended Schemes,Debt Scheme - Banking and PSU Fund,10-05-2019,143.20790
119551,Aditya Birla Sun Life Banking & PSU Debt Fund  - DIRECT - IDCW,Aditya Birla Sun Life Mutual Fund,Open Ended Schemes,Debt Scheme - Banking and PSU Fund,09-05-2019,143.18000
119551,Aditya Birla Sun Life Banking & PSU Debt Fund  - DIRECT - IDCW,Aditya Birla Sun Life Mutual Fund,Open Ended Schemes,Debt Scheme - Banking and PSU Fund,08-05-2019,143.15040
119551,Aditya Birla Sun Life Banking & PSU Debt Fund  - DIRECT - IDCW,Aditya Birla Sun Life Mutual Fund,Open Ended Schemes,Debt Scheme - Banking and PSU Fund,07-05-2019,143.07870
119551,Aditya Birla Sun Life Banking & PSU Debt Fund  - DIRECT - IDCW,Aditya Birla Sun Life Mutual Fund,Open Ended Schemes,Debt Scheme - Banking and PSU Fund,06-05-2019,143.02010
119551,Aditya Birla Sun Life Banking & PSU Debt Fund  - DIRECT - IDCW,Aditya Birla Sun Life Mutual Fund,Open Ended Schemes,Debt Scheme - Banking and PSU Fund,03-05-2019,142.91620
119551,Aditya Birla Sun Life Banking & PSU Debt Fund  - DIRECT - IDCW,Aditya Birla Sun Life Mutual Fund,Open Ended Schemes,Debt Scheme - Banking and PSU Fund,02-05-2019,142.96690
119551,Aditya Birla Sun Life Banking & PSU Debt Fund  - DIRECT - IDCW,Aditya Birla Sun Life Mutual Fund,Open Ended Schemes,Debt Scheme - Banking and PSU Fund,30-04-2019,142.94620
119551,Aditya Birla Sun Life Banking & PSU Debt Fund  - DIRECT - IDCW,Aditya Birla Sun Life Mutual Fund,Open Ended Schemes,Debt Scheme - Banking and PSU Fund,26-04-2019,142.81160
119551,Aditya Birla Sun Life Banking & PSU Debt Fund  - DIRECT - IDCW,Aditya Birla Sun Life Mutual Fund,Open Ended Schemes,Debt Scheme - Banking and PSU Fund,25-04-2019,142.72540
119551,Aditya Birla Sun Life Banking & PSU Debt Fund  - DIRECT - IDCW,Aditya Birla Sun Life Mutual Fund,Open Ended Schemes,Debt Scheme - Banking and PSU Fund,24-04-2019,142.81700
119551,Aditya Birla Sun Life Banking & PSU Debt Fund  - DIRECT - IDCW,Aditya Birla Sun Life Mutual Fund,Open Ended Schemes,Debt Scheme - Banking and PSU Fund,23-04-2019,142.71700
119551,Aditya Birla Sun Life Banking & PSU Debt Fund  - DIRECT - IDCW,Aditya Birla Sun Life Mutual Fund,Open Ended Schemes,Debt Scheme - Banking and PSU Fund,22-04-2019,142.70990
119551,Aditya Birla Sun Life Banking & PSU Debt Fund  - DIRECT - IDCW,Aditya Birla Sun Life Mutual Fund,Open Ended Schemes,Debt Scheme - Banking and PSU Fund,18-04-2019,142.80030
119551,Aditya Birla Sun Life Banking & PSU Debt Fund  - DIRECT - IDCW,Aditya Birla Sun Life Mutual Fund,Open Ended Schemes,Debt Scheme - Banking and PSU Fund,16-04-2019,142.77550
119551,Aditya Birla Sun Life Banking & PSU Debt Fund  - DIRECT - IDCW,Aditya Birla Sun Life Mutual Fund,Open Ended Schemes,Debt Scheme - Banking and PSU Fund,15-04-2019,142.76280
119551,Aditya Birla Sun Life Banking & PSU Debt Fund  - DIRECT - IDCW,Aditya Birla Sun Life Mutual Fund,Open Ended Schemes,Debt Scheme - Banking and PSU Fund,12-04-2019,142.80540
119551,Aditya Birla Sun Life Banking & PSU Debt Fund  - DIRECT - IDCW,Aditya Birla Sun Life Mutual Fund,Open Ended Schemes,Debt Scheme - Banking and PSU Fund,11-04-2019,142.84710
119551,Aditya Birla Sun Life Banking & PSU Debt Fund  - DIRECT - IDCW,Aditya Birla Sun Life Mutual Fund,Open Ended Schemes,Debt Scheme - Banking and PSU Fund,10-04-2019,142.90460
119551,Aditya Birla Sun Life Banking & PSU Debt Fund  - DIRECT - IDCW,Aditya Birla Sun Life Mutual Fund,Open Ended Schemes,Debt Scheme - Banking and PSU Fund,09-04-2019,142.82980
119551,Aditya Birla Sun Life Banking & PSU Debt Fund  - DIRECT - IDCW,Aditya Birla Sun Life Mutual Fund,Open Ended Schemes,Debt Scheme - Banking and PSU Fund,08-04-2019,142.82290
119551,Aditya Birla Sun Life Banking & PSU Debt Fund  - DIRECT - IDCW,Aditya Birla Sun Life Mutual Fund,Open Ended Schemes,Debt Scheme - Banking and PSU Fund,05-04-2019,142.95770
119551,Aditya Birla Sun Life Banking & PSU Debt Fund  - DIRECT - IDCW,Aditya Birla Sun Life Mutual Fund,Open Ended Schemes,Debt Scheme - Banking and PSU Fund,04-04-2019,143.09930
119551,Aditya Birla Sun Life Banking & PSU Debt Fund  - DIRECT - IDCW,Aditya Birla Sun Life Mutual Fund,Open Ended Schemes,Debt Scheme - Banking and PSU Fund,03-04-2019,143.21600
119551,Aditya Birla Sun Life Banking & PSU Debt Fund  - DIRECT - IDCW,Aditya Birla Sun Life Mutual Fund,Open Ended Schemes,Debt Scheme - Banking and PSU Fund,02-04-2019,143.24540
119551,Aditya Birla Sun Life Banking & PSU Debt Fund  - DIRECT - IDCW,Aditya Birla Sun Life Mutual Fund,Open Ended Schemes,Debt Scheme - Banking and PSU Fund,29-03-2019,142.81430
119551,Aditya Birla Sun Life Banking & PSU Debt Fund  - DIRECT - IDCW,Aditya Birla Sun Life Mutual Fund,Open Ended Schemes,Debt Scheme - Banking and PSU Fund,28-03-2019,142.44400
119551,Aditya Birla Sun Life Banking & PSU Debt Fund  - DIRECT - IDCW,Aditya Birla Sun Life Mutual Fund,Open Ended Schemes,Debt Scheme - Banking and PSU Fund,27-03-2019,142.42660
119551,Aditya Birla Sun Life Banking & PSU Debt Fund  - DIRECT - IDCW,Aditya Birla Sun Life Mutual Fund,Open Ended Schemes,Debt Scheme - Banking and PSU Fund,26-03-2019,142.40630
119551,Aditya Birla Sun Life Banking & PSU Debt Fund  - DIRECT - IDCW,Aditya Birla Sun Life Mutual Fund,Open Ended Schemes,Debt Scheme - Banking and PSU Fund,25-03-2019,142.41710
119551,Aditya Birla Sun Life Banking & PSU Debt Fund  - DIRECT - IDCW,Aditya Birla Sun Life Mutual Fund,Open Ended Schemes,Debt Scheme - Banking and PSU Fund,22-03-2019,152.90060
119551,Aditya Birla Sun Life Banking & PSU Debt Fund  - DIRECT - IDCW,Aditya Birla Sun Life Mutual Fund,Open Ended Schemes,Debt Scheme - Banking and PSU Fund,20-03-2019,152.76990
119551,Aditya Birla Sun Life Banking & PSU Debt Fund  - DIRECT - IDCW,Aditya Birla Sun Life Mutual Fund,Open Ended Schemes,Debt Scheme - Banking and PSU Fund,19-03-2019,152.70050
119551,Aditya Birla Sun Life Banking & PSU Debt Fund  - DIRECT - IDCW,Aditya Birla Sun Life Mutual Fund,Open Ended Schemes,Debt Scheme - Banking and PSU Fund,18-03-2019,152.74120
119551,Aditya Birla Sun Life Banking & PSU Debt Fund  - DIRECT - IDCW,Aditya Birla Sun Life Mutual Fund,Open Ended Schemes,Debt Scheme - Banking and PSU Fund,15-03-2019,152.58380
119551,Aditya Birla Sun Life Banking & PSU Debt Fund  - DIRECT - IDCW,Aditya Birla Sun Life Mutual Fund,Open Ended Schemes,Debt Scheme - Banking and PSU Fund,14-03-2019,152.45520
119551,Aditya Birla Sun Life Banking & PSU Debt Fund  - DIRECT - IDCW,Aditya Birla Sun Life Mutual Fund,Open Ended Schemes,Debt Scheme - Banking and PSU Fund,13-03-2019,152.28310
119551,Aditya Birla Sun Life Banking & PSU Debt Fund  - DIRECT - IDCW,Aditya Birla Sun Life Mutual Fund,Open Ended Schemes,Debt Scheme - Banking and PSU Fund,12-03-2019,152.26620
119551,Aditya Birla Sun Life Banking & PSU Debt Fund  - DIRECT - IDCW,Aditya Birla Sun Life Mutual Fund,Open Ended Schemes,Debt Scheme - Banking and PSU Fund,11-03-2019,152.15240
119551,Aditya Birla Sun Life Banking & PSU Debt Fund  - DIRECT - IDCW,Aditya Birla Sun Life Mutual Fund,Open Ended Schemes,Debt Scheme - Banking and PSU Fund,08-03-2019,151.97350
119551,Aditya Birla Sun Life Banking & PSU Debt Fund  - DIRECT - IDCW,Aditya Birla Sun Life Mutual Fund,Open Ended Schemes,Debt Scheme - Banking and PSU Fund,07-03-2019,151.85510
119551,Aditya Birla Sun Life Banking & PSU Debt Fund  - DIRECT - IDCW,Aditya Birla Sun Life Mutual Fund,Open Ended Schemes,Debt Scheme - Banking and PSU Fund,06-03-2019,151.72850
119551,Aditya Birla Sun Life Banking & PSU Debt Fund  - DIRECT - IDCW,Aditya Birla Sun Life Mutual Fund,Open Ended Schemes,Debt Scheme - Banking and PSU Fund,05-03-2019,151.63570
119551,Aditya Birla Sun Life Banking & PSU Debt Fund  - DIRECT - IDCW,Aditya Birla Sun Life Mutual Fund,Open Ended Schemes,Debt Scheme - Banking and PSU Fund,01-03-2019,151.44300
119551,Aditya Birla Sun Life Banking & PSU Debt Fund  - DIRECT - IDCW,Aditya Birla Sun Life Mutual Fund,Open Ended Schemes,Debt Scheme - Banking and PSU Fund,28-02-2019,151.35700
119551,Aditya Birla Sun Life Banking & PSU Debt Fund  - DIRECT - IDCW,Aditya Birla Sun Life Mutual Fund,Open Ended Schemes,Debt Scheme - Banking and PSU Fund,27-02-2019,151.29910
119551,Aditya Birla Sun Life Banking & PSU Debt Fund  - DIRECT - IDCW,Aditya Birla Sun Life Mutual Fund,Open Ended Schemes,Debt Scheme - Banking and PSU Fund,26-02-2019,151.36200
119551,Aditya Birla Sun Life Banking & PSU Debt Fund  - DIRECT - IDCW,Aditya Birla Sun Life Mutual Fund,Open Ended Schemes,Debt Scheme - Banking and PSU Fund,25-02-2019,151.35990
119551,Aditya Birla Sun Life Banking & PSU Debt Fund  - DIRECT - IDCW,Aditya Birla Sun Life Mutual Fund,Open Ended Schemes,Debt Scheme - Banking and PSU Fund,22-02-2019,151.25990
119551,Aditya Birla Sun Life Banking & PSU Debt Fund  - DIRECT - IDCW,Aditya Birla Sun Life Mutual Fund,Open Ended Schemes,Debt Scheme - Banking and PSU Fund,21-02-2019,151.22930
119551,Aditya Birla Sun Life Banking & PSU Debt Fund  - DIRECT - IDCW,Aditya Birla Sun Life Mutual Fund,Open Ended Schemes,Debt Scheme - Banking and PSU Fund,20-02-2019,151.21490
119551,Aditya Birla Sun Life Banking & PSU Debt Fund  - DIRECT - IDCW,Aditya Birla Sun Life Mutual Fund,Open Ended Schemes,Debt Scheme - Banking and PSU Fund,18-02-2019,151.13100
119551,Aditya Birla Sun Life Banking & PSU Debt Fund  - DIRECT - IDCW,Aditya Birla Sun Life Mutual Fund,Open Ended Schemes,Debt Scheme - Banking and PSU Fund,15-02-2019,151.19320
119551,Aditya Birla Sun Life Banking & PSU Debt Fund  - DIRECT - IDCW,Aditya Birla Sun Life Mutual Fund,Open Ended Schemes,Debt Scheme - Banking and PSU Fund,14-02-2019,151.26980
119551,Aditya Birla Sun Life Banking & PSU Debt Fund  - DIRECT - IDCW,Aditya Birla Sun Life Mutual Fund,Open Ended Schemes,Debt Scheme - Banking and PSU Fund,13-02-2019,151.34510
119551,Aditya Birla Sun Life Banking & PSU Debt Fund  - DIRECT - IDCW,Aditya Birla Sun Life Mutual Fund,Open Ended Schemes,Debt Scheme - Banking and PSU Fund,12-02-2019,151.05000
119551,Aditya Birla Sun Life Banking & PSU Debt Fund  - DIRECT - IDCW,Aditya Birla Sun Life Mutual Fund,Open Ended Schemes,Debt Scheme - Banking and PSU Fund,11-02-2019,151.09080
119551,Aditya Birla Sun Life Banking & PSU Debt Fund  - DIRECT - IDCW,Aditya Birla Sun Life Mutual Fund,Open Ended Schemes,Debt Scheme - Banking and PSU Fund,08-02-2019,151.00900
119551,Aditya Birla Sun Life Banking & PSU Debt Fund  - DIRECT - IDCW,Aditya Birla Sun Life Mutual Fund,Open Ended Schemes,Debt Scheme - Banking and PSU Fund,07-02-2019,150.90770
119551,Aditya Birla Sun Life Banking & PSU Debt Fund  - DIRECT - IDCW,Aditya Birla Sun Life Mutual Fund,Open Ended Schemes,Debt Scheme - Banking and PSU Fund,06-02-2019,150.66660
119551,Aditya Birla Sun Life Banking & PSU Debt Fund  - DIRECT - IDCW,Aditya Birla Sun Life Mutual Fund,Open Ended Schemes,Debt Scheme - Banking and PSU Fund,05-02-2019,150.59660
119551,Aditya Birla Sun Life Banking & PSU Debt Fund  - DIRECT - IDCW,Aditya Birla Sun Life Mutual Fund,Open Ended Schemes,Debt Scheme - Banking and PSU Fund,04-02-2019,150.56330
119551,Aditya Birla Sun Life Banking & PSU Debt Fund  - DIRECT - IDCW,Aditya Birla Sun Life Mutual Fund,Open Ended Schemes,Debt Scheme - Banking and PSU Fund,01-02-2019,150.54920
119551,Aditya Birla Sun Life Banking & PSU Debt Fund  - DIRECT - IDCW,Aditya Birla Sun Life Mutual Fund,Open Ended Schemes,Debt Scheme - Banking and PSU Fund,31-01-2019,150.70490
119551,Aditya Birla Sun Life Banking & PSU Debt Fund  - DIRECT - IDCW,Aditya Birla Sun Life Mutual Fund,Open Ended Schemes,Debt Scheme - Banking and PSU Fund,30-01-2019,150.66930
119551,Aditya Birla Sun Life Banking & PSU Debt Fund  - DIRECT - IDCW,Aditya Birla Sun Life Mutual Fund,Open Ended Schemes,Debt Scheme - Banking and PSU Fund,29-01-2019,150.68450
119551,Aditya Birla Sun Life Banking & PSU Debt Fund  - DIRECT - IDCW,Aditya Birla Sun Life Mutual Fund,Open Ended Schemes,Debt Scheme - Banking and PSU Fund,28-01-2019,150.65760
119551,Aditya Birla Sun Life Banking & PSU Debt Fund  - DIRECT - IDCW,Aditya Birla Sun Life Mutual Fund,Open Ended Schemes,Debt Scheme - Banking and PSU Fund,25-01-2019,150.55470
119551,Aditya Birla Sun Life Banking & PSU Debt Fund  - DIRECT - IDCW,Aditya Birla Sun Life Mutual Fund,Open Ended Schemes,Debt Scheme - Banking and PSU Fund,24-01-2019,150.53480
119551,Aditya Birla Sun Life Banking & PSU Debt Fund  - DIRECT - IDCW,Aditya Birla Sun Life Mutual Fund,Open Ended Schemes,Debt Scheme - Banking and PSU Fund,23-01-2019,150.51010
119551,Aditya Birla Sun Life Banking & PSU Debt Fund  - DIRECT - IDCW,Aditya Birla Sun Life Mutual Fund,Open Ended Schemes,Debt Scheme - Banking and PSU Fund,22-01-2019,150.50280
119551,Aditya Birla Sun Life Banking & PSU Debt Fund  - DIRECT - IDCW,Aditya Birla Sun Life Mutual Fund,Open Ended Schemes,Debt Scheme - Banking and PSU Fund,21-01-2019,150.39540
119551,Aditya Birla Sun Life Banking & PSU Debt Fund  - DIRECT - IDCW,Aditya Birla Sun Life Mutual Fund,Open Ended Schemes,Debt Scheme - Banking and PSU Fund,18-01-2019,150.47590
119551,Aditya Birla Sun Life Banking & PSU Debt Fund  - DIRECT - IDCW,Aditya Birla Sun Life Mutual Fund,Open Ended Schemes,Debt Scheme - Banking and PSU Fund,17-01-2019,150.47680
119551,Aditya Birla Sun Life Banking & PSU Debt Fund  - DIRECT - IDCW,Aditya Birla Sun Life Mutual Fund,Open Ended Schemes,Debt Scheme - Banking and PSU Fund,16-01-2019,150.45550
119551,Aditya Birla Sun Life Banking & PSU Debt Fund  - DIRECT - IDCW,Aditya Birla Sun Life Mutual Fund,Open Ended Schemes,Debt Scheme - Banking and PSU Fund,15-01-2019,150.48540
119551,Aditya Birla Sun Life Banking & PSU Debt Fund  - DIRECT - IDCW,Aditya Birla Sun Life Mutual Fund,Open Ended Schemes,Debt Scheme - Banking and PSU Fund,14-01-2019,150.45600
119551,Aditya Birla Sun Life Banking & PSU Debt Fund  - DIRECT - IDCW,Aditya Birla Sun Life Mutual Fund,Open Ended Schemes,Debt Scheme - Banking and PSU Fund,11-01-2019,150.27910
119551,Aditya Birla Sun Life Banking & PSU Debt Fund  - DIRECT - IDCW,Aditya Birla Sun Life Mutual Fund,Open Ended Schemes,Debt Scheme - Banking and PSU Fund,10-01-2019,150.18030
119551,Aditya Birla Sun Life Banking & PSU Debt Fund  - DIRECT - IDCW,Aditya Birla Sun Life Mutual Fund,Open Ended Schemes,Debt Scheme - Banking and PSU Fund,09-01-2019,150.13730
119551,Aditya Birla Sun Life Banking & PSU Debt Fund  - DIRECT - IDCW,Aditya Birla Sun Life Mutual Fund,Open Ended Schemes,Debt Scheme - Banking and PSU Fund,08-01-2019,150.09550
119551,Aditya Birla Sun Life Banking & PSU Debt Fund  - DIRECT - IDCW,Aditya Birla Sun Life Mutual Fund,Open Ended Schemes,Debt Scheme - Banking and PSU Fund,07-01-2019,149.92790
119551,Aditya Birla Sun Life Banking & PSU Debt Fund  - DIRECT - IDCW,Aditya Birla Sun Life Mutual Fund,Open Ended Schemes,Debt Scheme - Banking and PSU Fund,04-01-2019,149.89540
119551,Aditya Birla Sun Life Banking & PSU Debt Fund  - DIRECT - IDCW,Aditya Birla Sun Life Mutual Fund,Open Ended Schemes,Debt Scheme - Banking and PSU Fund,03-01-2019,149.88590
119551,Aditya Birla Sun Life Banking & PSU Debt Fund  - DIRECT - IDCW,Aditya Birla Sun Life Mutual Fund,Open Ended Schemes,Debt Scheme - Banking and PSU Fund,02-01-2019,149.94310
119551,Aditya Birla Sun Life Banking & PSU Debt Fund  - DIRECT - IDCW,Aditya Birla Sun Life Mutual Fund,Open Ended Schemes,Debt Scheme - Banking and PSU Fund,01-01-2019,149.84520
119551,Aditya Birla Sun Life Banking & PSU Debt Fund  - DIRECT - IDCW,Aditya Birla Sun Life Mutual Fund,Open Ended Schemes,Debt Scheme - Banking and PSU Fund,31-12-2018,149.92060
119551,Aditya Birla Sun Life Banking & PSU Debt Fund  - DIRECT - IDCW,Aditya Birla Sun Life Mutual Fund,Open Ended Schemes,Debt Scheme - Banking and PSU Fund,28-12-2018,149.78440
119551,Aditya Birla Sun Life Banking & PSU Debt Fund  - DIRECT - IDCW,Aditya Birla Sun Life Mutual Fund,Open Ended Schemes,Debt Scheme - Banking and PSU Fund,27-12-2018,149.92470
119551,Aditya Birla Sun Life Banking & PSU Debt Fund  - DIRECT - IDCW,Aditya Birla Sun Life Mutual Fund,Open Ended Schemes,Debt Scheme - Banking and PSU Fund,26-12-2018,149.85960
119551,Aditya Birla Sun Life Banking & PSU Debt Fund  - DIRECT - IDCW,Aditya Birla Sun Life Mutual Fund,Open Ended Schemes,Debt Scheme - Banking and PSU Fund,24-12-2018,149.65440
119551,Aditya Birla Sun Life Banking & PSU Debt Fund  - DIRECT - IDCW,Aditya Birla Sun Life Mutual Fund,Open Ended Schemes,Debt Scheme - Banking and PSU Fund,21-12-2018,149.56300
119551,Aditya Birla Sun Life Banking & PSU Debt Fund  - DIRECT - IDCW,Aditya Birla Sun Life Mutual Fund,Open Ended Schemes,Debt Scheme - Banking and PSU Fund,20-12-2018,149.54640
119551,Aditya Birla Sun Life Banking & PSU Debt Fund  - DIRECT - IDCW,Aditya Birla Sun Life Mutual Fund,Open Ended Schemes,Debt Scheme - Banking and PSU Fund,19-12-2018,149.52780
119551,Aditya Birla Sun Life Banking & PSU Debt Fund  - DIRECT - IDCW,Aditya Birla Sun Life Mutual Fund,Open Ended Schemes,Debt Scheme - Banking and PSU Fund,18-12-2018,149.19500
119551,Aditya Birla Sun Life Banking & PSU Debt Fund  - DIRECT - IDCW,Aditya Birla Sun Life Mutual Fund,Open Ended Schemes,Debt Scheme - Banking and PSU Fund,17-12-2018,149.02830
119551,Aditya Birla Sun Life Banking & PSU Debt Fund  - DIRECT - IDCW,Aditya Birla Sun Life Mutual Fund,Open Ended Schemes,Debt Scheme - Banking and PSU Fund,14-12-2018,148.95640
119551,Aditya Birla Sun Life Banking & PSU Debt Fund  - DIRECT - IDCW,Aditya Birla Sun Life Mutual Fund,Open Ended Schemes,Debt Scheme - Banking and PSU Fund,13-12-2018,149.01540
119551,Aditya Birla Sun Life Banking & PSU Debt Fund  - DIRECT - IDCW,Aditya Birla Sun Life Mutual Fund,Open Ended Schemes,Debt Scheme - Banking and PSU Fund,12-12-2018,149.02780
119551,Aditya Birla Sun Life Banking & PSU Debt Fund  - DIRECT - IDCW,Aditya Birla Sun Life Mutual Fund,Open Ended Schemes,Debt Scheme - Banking and PSU Fund,11-12-2018,148.80090
119551,Aditya Birla Sun Life Banking & PSU Debt Fund  - DIRECT - IDCW,Aditya Birla Sun Life Mutual Fund,Open Ended Schemes,Debt Scheme - Banking and PSU Fund,10-12-2018,148.76420
119551,Aditya Birla Sun Life Banking & PSU Debt Fund  - DIRECT - IDCW,Aditya Birla Sun Life Mutual Fund,Open Ended Schemes,Debt Scheme - Banking and PSU Fund,07-12-2018,149.00150
119551,Aditya Birla Sun Life Banking & PSU Debt Fund  - DIRECT - IDCW,Aditya Birla Sun Life Mutual Fund,Open Ended Schemes,Debt Scheme - Banking and PSU Fund,06-12-2018,149.05350
119551,Aditya Birla Sun Life Banking & PSU Debt Fund  - DIRECT - IDCW,Aditya Birla Sun Life Mutual Fund,Open Ended Schemes,Debt Scheme - Banking and PSU Fund,05-12-2018,148.84600
119551,Aditya Birla Sun Life Banking & PSU Debt Fund  - DIRECT - IDCW,Aditya Birla Sun Life Mutual Fund,Open Ended Schemes,Debt Scheme - Banking and PSU Fund,04-12-2018,148.54290
119551,Aditya Birla Sun Life Banking & PSU Debt Fund  - DIRECT - IDCW,Aditya Birla Sun Life Mutual Fund,Open Ended Schemes,Debt Scheme - Banking and PSU Fund,03-12-2018,148.41280
119551,Aditya Birla Sun Life Banking & PSU Debt Fund  - DIRECT - IDCW,Aditya Birla Sun Life Mutual Fund,Open Ended Schemes,Debt Scheme - Banking and PSU Fund,30-11-2018,148.35790
119551,Aditya Birla Sun Life Banking & PSU Debt Fund  - DIRECT - IDCW,Aditya Birla Sun Life Mutual Fund,Open Ended Schemes,Debt Scheme - Banking and PSU Fund,29-11-2018,148.27350
119551,Aditya Birla Sun Life Banking & PSU Debt Fund  - DIRECT - IDCW,Aditya Birla Sun Life Mutual Fund,Open Ended Schemes,Debt Scheme - Banking and PSU Fund,28-11-2018,148.14330
119551,Aditya Birla Sun Life Banking & PSU Debt Fund  - DIRECT - IDCW,Aditya Birla Sun Life Mutual Fund,Open Ended Schemes,Debt Scheme - Banking and PSU Fund,27-11-2018,147.96330
119551,Aditya Birla Sun Life Banking & PSU Debt Fund  - DIRECT - IDCW,Aditya Birla Sun Life Mutual Fund,Open Ended Schemes,Debt Scheme - Banking and PSU Fund,26-11-2018,147.93880
119551,Aditya Birla Sun Life Banking & PSU Debt Fund  - DIRECT - IDCW,Aditya Birla Sun Life Mutual Fund,Open Ended Schemes,Debt Scheme - Banking and PSU Fund,22-11-2018,147.86030
119551,Aditya Birla Sun Life Banking & PSU Debt Fund  - DIRECT - IDCW,Aditya Birla Sun Life Mutual Fund,Open Ended Schemes,Debt Scheme - Banking and PSU Fund,20-11-2018,147.63500
119551,Aditya Birla Sun Life Banking & PSU Debt Fund  - DIRECT - IDCW,Aditya Birla Sun Life Mutual Fund,Open Ended Schemes,Debt Scheme - Banking and PSU Fund,19-11-2018,147.59230
119551,Aditya Birla Sun Life Banking & PSU Debt Fund  - DIRECT - IDCW,Aditya Birla Sun Life Mutual Fund,Open Ended Schemes,Debt Scheme - Banking and PSU Fund,16-11-2018,147.46110
119551,Aditya Birla Sun Life Banking & PSU Debt Fund  - DIRECT - IDCW,Aditya Birla Sun Life Mutual Fund,Open Ended Schemes,Debt Scheme - Banking and PSU Fund,15-11-2018,147.53020
119551,Aditya Birla Sun Life Banking & PSU Debt Fund  - DIRECT - IDCW,Aditya Birla Sun Life Mutual Fund,Open Ended Schemes,Debt Scheme - Banking and PSU Fund,14-11-2018,147.49200
119551,Aditya Birla Sun Life Banking & PSU Debt Fund  - DIRECT - IDCW,Aditya Birla Sun Life Mutual Fund,Open Ended Schemes,Debt Scheme - Banking and PSU Fund,13-11-2018,147.37710
119551,Aditya Birla Sun Life Banking & PSU Debt Fund  - DIRECT - IDCW,Aditya Birla Sun Life Mutual Fund,Open Ended Schemes,Debt Scheme - Banking and PSU Fund,12-11-2018,147.25610
119551,Aditya Birla Sun Life Banking & PSU Debt Fund  - DIRECT - IDCW,Aditya Birla Sun Life Mutual Fund,Open Ended Schemes,Debt Scheme - Banking and PSU Fund,09-11-2018,147.22080
119551,Aditya Birla Sun Life Banking & PSU Debt Fund  - DIRECT - IDCW,Aditya Birla Sun Life Mutual Fund,Open Ended Schemes,Debt Scheme - Banking and PSU Fund,06-11-2018,147.07120
119551,Aditya Birla Sun Life Banking & PSU Debt Fund  - DIRECT - IDCW,Aditya Birla Sun Life Mutual Fund,Open Ended Schemes,Debt Scheme - Banking and PSU Fund,05-11-2018,147.02160
119551,Aditya Birla Sun Life Banking & PSU Debt Fund  - DIRECT - IDCW,Aditya Birla Sun Life Mutual Fund,Open Ended Schemes,Debt Scheme - Banking and PSU Fund,02-11-2018,146.95970
119551,Aditya Birla Sun Life Banking & PSU Debt Fund  - DIRECT - IDCW,Aditya Birla Sun Life Mutual Fund,Open Ended Schemes,Debt Scheme - Banking and PSU Fund,01-11-2018,146.81280
119551,Aditya Birla Sun Life Banking & PSU Debt Fund  - DIRECT - IDCW,Aditya Birla Sun Life Mutual Fund,Open Ended Schemes,Debt Scheme - Banking and PSU Fund,31-10-2018,146.73390
119551,Aditya Birla Sun Life Banking & PSU Debt Fund  - DIRECT - IDCW,Aditya Birla Sun Life Mutual Fund,Open Ended Schemes,Debt Scheme - Banking and PSU Fund,30-10-2018,146.74520
119551,Aditya Birla Sun Life Banking & PSU Debt Fund  - DIRECT - IDCW,Aditya Birla Sun Life Mutual Fund,Open Ended Schemes,Debt Scheme - Banking and PSU Fund,29-10-2018,146.74450
119551,Aditya Birla Sun Life Banking & PSU Debt Fund  - DIRECT - IDCW,Aditya Birla Sun Life Mutual Fund,Open Ended Schemes,Debt Scheme - Banking and PSU Fund,26-10-2018,146.59000
119551,Aditya Birla Sun Life Banking & PSU Debt Fund  - DIRECT - IDCW,Aditya Birla Sun Life Mutual Fund,Open Ended Schemes,Debt Scheme - Banking and PSU Fund,25-10-2018,146.60040
119551,Aditya Birla Sun Life Banking & PSU Debt Fund  - DIRECT - IDCW,Aditya Birla Sun Life Mutual Fund,Open Ended Schemes,Debt Scheme - Banking and PSU Fund,24-10-2018,146.60040
119551,Aditya Birla Sun Life Banking & PSU Debt Fund  - DIRECT - IDCW,Aditya Birla Sun Life Mutual Fund,Open Ended Schemes,Debt Scheme - Banking and PSU Fund,23-10-2018,146.54810
119551,Aditya Birla Sun Life Banking & PSU Debt Fund  - DIRECT - IDCW,Aditya Birla Sun Life Mutual Fund,Open Ended Schemes,Debt Scheme - Banking and PSU Fund,22-10-2018,146.50090
119551,Aditya Birla Sun Life Banking & PSU Debt Fund  - DIRECT - IDCW,Aditya Birla Sun Life Mutual Fund,Open Ended Schemes,Debt Scheme - Banking and PSU Fund,19-10-2018,146.43280
119551,Aditya Birla Sun Life Banking & PSU Debt Fund  - DIRECT - IDCW,Aditya Birla Sun Life Mutual Fund,Open Ended Schemes,Debt Scheme - Banking and PSU Fund,17-10-2018,146.37380
119551,Aditya Birla Sun Life Banking & PSU Debt Fund  - DIRECT - IDCW,Aditya Birla Sun Life Mutual Fund,Open Ended Schemes,Debt Scheme - Banking and PSU Fund,16-10-2018,146.38460
119551,Aditya Birla Sun Life Banking & PSU Debt Fund  - DIRECT - IDCW,Aditya Birla Sun Life Mutual Fund,Open Ended Schemes,Debt Scheme - Banking and PSU Fund,15-10-2018,146.28010
119551,Aditya Birla Sun Life Banking & PSU Debt Fund  - DIRECT - IDCW,Aditya Birla Sun Life Mutual Fund,Open Ended Schemes,Debt Scheme - Banking and PSU Fund,12-10-2018,146.08170
119551,Aditya Birla Sun Life Banking & PSU Debt Fund  - DIRECT - IDCW,Aditya Birla Sun Life Mutual Fund,Open Ended Schemes,Debt Scheme - Banking and PSU Fund,11-10-2018,146.04550
119551,Aditya Birla Sun Life Banking & PSU Debt Fund  - DIRECT - IDCW,Aditya Birla Sun Life Mutual Fund,Open Ended Schemes,Debt Scheme - Banking and PSU Fund,10-10-2018,145.99080
119551,Aditya Birla Sun Life Banking & PSU Debt Fund  - DIRECT - IDCW,Aditya Birla Sun Life Mutual Fund,Open Ended Schemes,Debt Scheme - Banking and PSU Fund,09-10-2018,145.93930
119551,Aditya Birla Sun Life Banking & PSU Debt Fund  - DIRECT - IDCW,Aditya Birla Sun Life Mutual Fund,Open Ended Schemes,Debt Scheme - Banking and PSU Fund,08-10-2018,146.07910
119551,Aditya Birla Sun Life Banking & PSU Debt Fund  - DIRECT - IDCW,Aditya Birla Sun Life Mutual Fund,Open Ended Schemes,Debt Scheme - Banking and PSU Fund,05-10-2018,145.94700
119551,Aditya Birla Sun Life Banking & PSU Debt Fund  - DIRECT - IDCW,Aditya Birla Sun Life Mutual Fund,Open Ended Schemes,Debt Scheme - Banking and PSU Fund,04-10-2018,145.59230
119551,Aditya Birla Sun Life Banking & PSU Debt Fund  - DIRECT - IDCW,Aditya Birla Sun Life Mutual Fund,Open Ended Schemes,Debt Scheme - Banking and PSU Fund,03-10-2018,145.72730
119551,Aditya Birla Sun Life Banking & PSU Debt Fund  - DIRECT - IDCW,Aditya Birla Sun Life Mutual Fund,Open Ended Schemes,Debt Scheme - Banking and PSU Fund,01-10-2018,145.82000
119551,Aditya Birla Sun Life Banking & PSU Debt Fund  - DIRECT - IDCW,Aditya Birla Sun Life Mutual Fund,Open Ended Schemes,Debt Scheme - Banking and PSU Fund,28-09-2018,145.63470
119551,Aditya Birla Sun Life Banking & PSU Debt Fund  - DIRECT - IDCW,Aditya Birla Sun Life Mutual Fund,Open Ended Schemes,Debt Scheme - Banking and PSU Fund,27-09-2018,145.50140
119551,Aditya Birla Sun Life Banking & PSU Debt Fund  - DIRECT - IDCW,Aditya Birla Sun Life Mutual Fund,Open Ended Schemes,Debt Scheme - Banking and PSU Fund,26-09-2018,145.13970
119551,Aditya Birla Sun Life Banking & PSU Debt Fund  - DIRECT - IDCW,Aditya Birla Sun Life Mutual Fund,Open Ended Schemes,Debt Scheme - Banking and PSU Fund,25-09-2018,145.04040
119551,Aditya Birla Sun Life Banking & PSU Debt Fund  - DIRECT - IDCW,Aditya Birla Sun Life Mutual Fund,Open Ended Schemes,Debt Scheme - Banking and PSU Fund,24-09-2018,145.12900
119551,Aditya Birla Sun Life Banking & PSU Debt Fund  - DIRECT - IDCW,Aditya Birla Sun Life Mutual Fund,Open Ended Schemes,Debt Scheme - Banking and PSU Fund,21-09-2018,145.27030
119551,Aditya Birla Sun Life Banking & PSU Debt Fund  - DIRECT - IDCW,Aditya Birla Sun Life Mutual Fund,Open Ended Schemes,Debt Scheme - Banking and PSU Fund,19-09-2018,145.25110
119551,Aditya Birla Sun Life Banking & PSU Debt Fund  - DIRECT - IDCW,Aditya Birla Sun Life Mutual Fund,Open Ended Schemes,Debt Scheme - Banking and PSU Fund,18-09-2018,145.17690
119551,Aditya Birla Sun Life Banking & PSU Debt Fund  - DIRECT - IDCW,Aditya Birla Sun Life Mutual Fund,Open Ended Schemes,Debt Scheme - Banking and PSU Fund,17-09-2018,145.15910
119551,Aditya Birla Sun Life Banking & PSU Debt Fund  - DIRECT - IDCW,Aditya Birla Sun Life Mutual Fund,Open Ended Schemes,Debt Scheme - Banking and PSU Fund,14-09-2018,145.07180
119551,Aditya Birla Sun Life Banking & PSU Debt Fund  - DIRECT - IDCW,Aditya Birla Sun Life Mutual Fund,Open Ended Schemes,Debt Scheme - Banking and PSU Fund,12-09-2018,144.99210
119551,Aditya Birla Sun Life Banking & PSU Debt Fund  - DIRECT - IDCW,Aditya Birla Sun Life Mutual Fund,Open Ended Schemes,Debt Scheme - Banking and PSU Fund,11-09-2018,144.97240
119551,Aditya Birla Sun Life Banking & PSU Debt Fund  - DIRECT - IDCW,Aditya Birla Sun Life Mutual Fund,Open Ended Schemes,Debt Scheme - Banking and PSU Fund,10-09-2018,145.00290
119551,Aditya Birla Sun Life Banking & PSU Debt Fund  - DIRECT - IDCW,Aditya Birla Sun Life Mutual Fund,Open Ended Schemes,Debt Scheme - Banking and PSU Fund,07-09-2018,145.15030
119551,Aditya Birla Sun Life Banking & PSU Debt Fund  - DIRECT - IDCW,Aditya Birla Sun Life Mutual Fund,Open Ended Schemes,Debt Scheme - Banking and PSU Fund,06-09-2018,145.07980
119551,Aditya Birla Sun Life Banking & PSU Debt Fund  - DIRECT - IDCW,Aditya Birla Sun Life Mutual Fund,Open Ended Schemes,Debt Scheme - Banking and PSU Fund,05-09-2018,145.06400
119551,Aditya Birla Sun Life Banking & PSU Debt Fund  - DIRECT - IDCW,Aditya Birla Sun Life Mutual Fund,Open Ended Schemes,Debt Scheme - Banking and PSU Fund,04-09-2018,145.09100
119551,Aditya Birla Sun Life Banking & PSU Debt Fund  - DIRECT - IDCW,Aditya Birla Sun Life Mutual Fund,Open Ended Schemes,Debt Scheme - Banking and PSU Fund,03-09-2018,145.19810
119551,Aditya Birla Sun Life Banking & PSU Debt Fund  - DIRECT - IDCW,Aditya Birla Sun Life Mutual Fund,Open Ended Schemes,Debt Scheme - Banking and PSU Fund,31-08-2018,145.15700
119551,Aditya Birla Sun Life Banking & PSU Debt Fund  - DIRECT - IDCW,Aditya Birla Sun Life Mutual Fund,Open Ended Schemes,Debt Scheme - Banking and PSU Fund,30-08-2018,145.15300
119551,Aditya Birla Sun Life Banking & PSU Debt Fund  - DIRECT - IDCW,Aditya Birla Sun Life Mutual Fund,Open Ended Schemes,Debt Scheme - Banking and PSU Fund,29-08-2018,145.17770
119551,Aditya Birla Sun Life Banking & PSU Debt Fund  - DIRECT - IDCW,Aditya Birla Sun Life Mutual Fund,Open Ended Schemes,Debt Scheme - Banking and PSU Fund,28-08-2018,145.17430
119551,Aditya Birla Sun Life Banking & PSU Debt Fund  - DIRECT - IDCW,Aditya Birla Sun Life Mutual Fund,Open Ended Schemes,Debt Scheme - Banking and PSU Fund,27-08-2018,145.14870
119551,Aditya Birla Sun Life Banking & PSU Debt Fund  - DIRECT - IDCW,Aditya Birla Sun Life Mutual Fund,Open Ended Schemes,Debt Scheme - Banking and PSU Fund,24-08-2018,145.07130
119551,Aditya Birla Sun Life Banking & PSU Debt Fund  - DIRECT - IDCW,Aditya Birla Sun Life Mutual Fund,Open Ended Schemes,Debt Scheme - Banking and PSU Fund,23-08-2018,145.06300
119551,Aditya Birla Sun Life Banking & PSU Debt Fund  - DIRECT - IDCW,Aditya Birla Sun Life Mutual Fund,Open Ended Schemes,Debt Scheme - Banking and PSU Fund,21-08-2018,145.07370
119551,Aditya Birla Sun Life Banking & PSU Debt Fund  - DIRECT - IDCW,Aditya Birla Sun Life Mutual Fund,Open Ended Schemes,Debt Scheme - Banking and PSU Fund,20-08-2018,145.03630
119551,Aditya Birla Sun Life Banking & PSU Debt Fund  - DIRECT - IDCW,Aditya Birla Sun Life Mutual Fund,Open Ended Schemes,Debt Scheme - Banking and PSU Fund,16-08-2018,144.88890
119551,Aditya Birla Sun Life Banking & PSU Debt Fund  - DIRECT - IDCW,Aditya Birla Sun Life Mutual Fund,Open Ended Schemes,Debt Scheme - Banking and PSU Fund,14-08-2018,144.89830
119551,Aditya Birla Sun Life Banking & PSU Debt Fund  - DIRECT - IDCW,Aditya Birla Sun Life Mutual Fund,Open Ended Schemes,Debt Scheme - Banking and PSU Fund,13-08-2018,144.86380
119551,Aditya Birla Sun Life Banking & PSU Debt Fund  - DIRECT - IDCW,Aditya Birla Sun Life Mutual Fund,Open Ended Schemes,Debt Scheme - Banking and PSU Fund,10-08-2018,144.88340
119551,Aditya Birla Sun Life Banking & PSU Debt Fund  - DIRECT - IDCW,Aditya Birla Sun Life Mutual Fund,Open Ended Schemes,Debt Scheme - Banking and PSU Fund,09-08-2018,144.85470
119551,Aditya Birla Sun Life Banking & PSU Debt Fund  - DIRECT - IDCW,Aditya Birla Sun Life Mutual Fund,Open Ended Schemes,Debt Scheme - Banking and PSU Fund,08-08-2018,144.77510
119551,Aditya Birla Sun Life Banking & PSU Debt Fund  - DIRECT - IDCW,Aditya Birla Sun Life Mutual Fund,Open Ended Schemes,Debt Scheme - Banking and PSU Fund,07-08-2018,144.73600
119551,Aditya Birla Sun Life Banking & PSU Debt Fund  - DIRECT - IDCW,Aditya Birla Sun Life Mutual Fund,Open Ended Schemes,Debt Scheme - Banking and PSU Fund,06-08-2018,144.72870
119551,Aditya Birla Sun Life Banking & PSU Debt Fund  - DIRECT - IDCW,Aditya Birla Sun Life Mutual Fund,Open Ended Schemes,Debt Scheme - Banking and PSU Fund,03-08-2018,144.68290
119551,Aditya Birla Sun Life Banking & PSU Debt Fund  - DIRECT - IDCW,Aditya Birla Sun Life Mutual Fund,Open Ended Schemes,Debt Scheme - Banking and PSU Fund,02-08-2018,144.71700
119551,Aditya Birla Sun Life Banking & PSU Debt Fund  - DIRECT - IDCW,Aditya Birla Sun Life Mutual Fund,Open Ended Schemes,Debt Scheme - Banking and PSU Fund,01-08-2018,144.68980
119551,Aditya Birla Sun Life Banking & PSU Debt Fund  - DIRECT - IDCW,Aditya Birla Sun Life Mutual Fund,Open Ended Schemes,Debt Scheme - Banking and PSU Fund,31-07-2018,144.54730
119551,Aditya Birla Sun Life Banking & PSU Debt Fund  - DIRECT - IDCW,Aditya Birla Sun Life Mutual Fund,Open Ended Schemes,Debt Scheme - Banking and PSU Fund,30-07-2018,144.47080
119551,Aditya Birla Sun Life Banking & PSU Debt Fund  - DIRECT - IDCW,Aditya Birla Sun Life Mutual Fund,Open Ended Schemes,Debt Scheme - Banking and PSU Fund,27-07-2018,144.39670
119551,Aditya Birla Sun Life Banking & PSU Debt Fund  - DIRECT - IDCW,Aditya Birla Sun Life Mutual Fund,Open Ended Schemes,Debt Scheme - Banking and PSU Fund,26-07-2018,144.35610
119551,Aditya Birla Sun Life Banking & PSU Debt Fund  - DIRECT - IDCW,Aditya Birla Sun Life Mutual Fund,Open Ended Schemes,Debt Scheme - Banking and PSU Fund,25-07-2018,144.28570
119551,Aditya Birla Sun Life Banking & PSU Debt Fund  - DIRECT - IDCW,Aditya Birla Sun Life Mutual Fund,Open Ended Schemes,Debt Scheme - Banking and PSU Fund,24-07-2018,144.25430
119551,Aditya Birla Sun Life Banking & PSU Debt Fund  - DIRECT - IDCW,Aditya Birla Sun Life Mutual Fund,Open Ended Schemes,Debt Scheme - Banking and PSU Fund,23-07-2018,144.22170
119551,Aditya Birla Sun Life Banking & PSU Debt Fund  - DIRECT - IDCW,Aditya Birla Sun Life Mutual Fund,Open Ended Schemes,Debt Scheme - Banking and PSU Fund,20-07-2018,144.16510
119551,Aditya Birla Sun Life Banking & PSU Debt Fund  - DIRECT - IDCW,Aditya Birla Sun Life Mutual Fund,Open Ended Schemes,Debt Scheme - Banking and PSU Fund,19-07-2018,144.16040
119551,Aditya Birla Sun Life Banking & PSU Debt Fund  - DIRECT - IDCW,Aditya Birla Sun Life Mutual Fund,Open Ended Schemes,Debt Scheme - Banking and PSU Fund,18-07-2018,144.17840
119551,Aditya Birla Sun Life Banking & PSU Debt Fund  - DIRECT - IDCW,Aditya Birla Sun Life Mutual Fund,Open Ended Schemes,Debt Scheme - Banking and PSU Fund,17-07-2018,144.15340
119551,Aditya Birla Sun Life Banking & PSU Debt Fund  - DIRECT - IDCW,Aditya Birla Sun Life Mutual Fund,Open Ended Schemes,Debt Scheme - Banking and PSU Fund,16-07-2018,144.03320
119551,Aditya Birla Sun Life Banking & PSU Debt Fund  - DIRECT - IDCW,Aditya Birla Sun Life Mutual Fund,Open Ended Schemes,Debt Scheme - Banking and PSU Fund,13-07-2018,143.99320
119551,Aditya Birla Sun Life Banking & PSU Debt Fund  - DIRECT - IDCW,Aditya Birla Sun Life Mutual Fund,Open Ended Schemes,Debt Scheme - Banking and PSU Fund,12-07-2018,143.91370
119551,Aditya Birla Sun Life Banking & PSU Debt Fund  - DIRECT - IDCW,Aditya Birla Sun Life Mutual Fund,Open Ended Schemes,Debt Scheme - Banking and PSU Fund,11-07-2018,143.76360
119551,Aditya Birla Sun Life Banking & PSU Debt Fund  - DIRECT - IDCW,Aditya Birla Sun Life Mutual Fund,Open Ended Schemes,Debt Scheme - Banking and PSU Fund,10-07-2018,143.71530
119551,Aditya Birla Sun Life Banking & PSU Debt Fund  - DIRECT - IDCW,Aditya Birla Sun Life Mutual Fund,Open Ended Schemes,Debt Scheme - Banking and PSU Fund,09-07-2018,143.66660
119551,Aditya Birla Sun Life Banking & PSU Debt Fund  - DIRECT - IDCW,Aditya Birla Sun Life Mutual Fund,Open Ended Schemes,Debt Scheme - Banking and PSU Fund,06-07-2018,143.56560
119551,Aditya Birla Sun Life Banking & PSU Debt Fund  - DIRECT - IDCW,Aditya Birla Sun Life Mutual Fund,Open Ended Schemes,Debt Scheme - Banking and PSU Fund,05-07-2018,143.52720
119551,Aditya Birla Sun Life Banking & PSU Debt Fund  - DIRECT - IDCW,Aditya Birla Sun Life Mutual Fund,Open Ended Schemes,Debt Scheme - Banking and PSU Fund,04-07-2018,143.52830
119551,Aditya Birla Sun Life Banking & PSU Debt Fund  - DIRECT - IDCW,Aditya Birla Sun Life Mutual Fund,Open Ended Schemes,Debt Scheme - Banking and PSU Fund,03-07-2018,143.41800
119551,Aditya Birla Sun Life Banking & PSU Debt Fund  - DIRECT - IDCW,Aditya Birla Sun Life Mutual Fund,Open Ended Schemes,Debt Scheme - Banking and PSU Fund,02-07-2018,143.37150
119551,Aditya Birla Sun Life Banking & PSU Debt Fund  - DIRECT - IDCW,Aditya Birla Sun Life Mutual Fund,Open Ended Schemes,Debt Scheme - Banking and PSU Fund,29-06-2018,143.24280
119551,Aditya Birla Sun Life Banking & PSU Debt Fund  - DIRECT - IDCW,Aditya Birla Sun Life Mutual Fund,Open Ended Schemes,Debt Scheme - Banking and PSU Fund,28-06-2018,143.19500
119551,Aditya Birla Sun Life Banking & PSU Debt Fund  - DIRECT - IDCW,Aditya Birla Sun Life Mutual Fund,Open Ended Schemes,Debt Scheme - Banking and PSU Fund,27-06-2018,143.25810
119551,Aditya Birla Sun Life Banking & PSU Debt Fund  - DIRECT - IDCW,Aditya Birla Sun Life Mutual Fund,Open Ended Schemes,Debt Scheme - Banking and PSU Fund,26-06-2018,143.30680
119551,Aditya Birla Sun Life Banking & PSU Debt Fund  - DIRECT - IDCW,Aditya Birla Sun Life Mutual Fund,Open Ended Schemes,Debt Scheme - Banking and PSU Fund,25-06-2018,143.28980
119551,Aditya Birla Sun Life Banking & PSU Debt Fund  - DIRECT - IDCW,Aditya Birla Sun Life Mutual Fund,Open Ended Schemes,Debt Scheme - Banking and PSU Fund,22-06-2018,143.21550
119551,Aditya Birla Sun Life Banking & PSU Debt Fund  - DIRECT - IDCW,Aditya Birla Sun Life Mutual Fund,Open Ended Schemes,Debt Scheme - Banking and PSU Fund,21-06-2018,143.21270
119551,Aditya Birla Sun Life Banking & PSU Debt Fund  - DIRECT - IDCW,Aditya Birla Sun Life Mutual Fund,Open Ended Schemes,Debt Scheme - Banking and PSU Fund,20-06-2018,143.07850
119551,Aditya Birla Sun Life Banking & PSU Debt Fund  - DIRECT - IDCW,Aditya Birla Sun Life Mutual Fund,Open Ended Schemes,Debt Scheme - Banking and PSU Fund,19-06-2018,142.99360
119551,Aditya Birla Sun Life Banking & PSU Debt Fund  - DIRECT - IDCW,Aditya Birla Sun Life Mutual Fund,Open Ended Schemes,Debt Scheme - Banking and PSU Fund,18-06-2018,142.93930
119551,Aditya Birla Sun Life Banking & PSU Debt Fund  - DIRECT - IDCW,Aditya Birla Sun Life Mutual Fund,Open Ended Schemes,Debt Scheme - Banking and PSU Fund,15-06-2018,142.78320
119551,Aditya Birla Sun Life Banking & PSU Debt Fund  - DIRECT - IDCW,Aditya Birla Sun Life Mutual Fund,Open Ended Schemes,Debt Scheme - Banking and PSU Fund,14-06-2018,142.68740
119551,Aditya Birla Sun Life Banking & PSU Debt Fund  - DIRECT - IDCW,Aditya Birla Sun Life Mutual Fund,Open Ended Schemes,Debt Scheme - Banking and PSU Fund,13-06-2018,142.59070
119551,Aditya Birla Sun Life Banking & PSU Debt Fund  - DIRECT - IDCW,Aditya Birla Sun Life Mutual Fund,Open Ended Schemes,Debt Scheme - Banking and PSU Fund,12-06-2018,142.48370
119551,Aditya Birla Sun Life Banking & PSU Debt Fund  - DIRECT - IDCW,Aditya Birla Sun Life Mutual Fund,Open Ended Schemes,Debt Scheme - Banking and PSU Fund,11-06-2018,142.45510
119551,Aditya Birla Sun Life Banking & PSU Debt Fund  - DIRECT - IDCW,Aditya Birla Sun Life Mutual Fund,Open Ended Schemes,Debt Scheme - Banking and PSU Fund,08-06-2018,142.40350
119551,Aditya Birla Sun Life Banking & PSU Debt Fund  - DIRECT - IDCW,Aditya Birla Sun Life Mutual Fund,Open Ended Schemes,Debt Scheme - Banking and PSU Fund,07-06-2018,142.28120
119551,Aditya Birla Sun Life Banking & PSU Debt Fund  - DIRECT - IDCW,Aditya Birla Sun Life Mutual Fund,Open Ended Schemes,Debt Scheme - Banking and PSU Fund,06-06-2018,142.39720
119551,Aditya Birla Sun Life Banking & PSU Debt Fund  - DIRECT - IDCW,Aditya Birla Sun Life Mutual Fund,Open Ended Schemes,Debt Scheme - Banking and PSU Fund,05-06-2018,142.46650
119551,Aditya Birla Sun Life Banking & PSU Debt Fund  - DIRECT - IDCW,Aditya Birla Sun Life Mutual Fund,Open Ended Schemes,Debt Scheme - Banking and PSU Fund,04-06-2018,142.39980
119551,Aditya Birla Sun Life Banking & PSU Debt Fund  - DIRECT - IDCW,Aditya Birla Sun Life Mutual Fund,Open Ended Schemes,Debt Scheme - Banking and PSU Fund,01-06-2018,142.36740
119551,Aditya Birla Sun Life Banking & PSU Debt Fund  - DIRECT - IDCW,Aditya Birla Sun Life Mutual Fund,Open Ended Schemes,Debt Scheme - Banking and PSU Fund,31-05-2018,142.42000
119551,Aditya Birla Sun Life Banking & PSU Debt Fund  - DIRECT - IDCW,Aditya Birla Sun Life Mutual Fund,Open Ended Schemes,Debt Scheme - Banking and PSU Fund,30-05-2018,142.52960
119551,Aditya Birla Sun Life Banking & PSU Debt Fund  - DIRECT - IDCW,Aditya Birla Sun Life Mutual Fund,Open Ended Schemes,Debt Scheme - Banking and PSU Fund,29-05-2018,142.47260
119551,Aditya Birla Sun Life Banking & PSU Debt Fund  - DIRECT - IDCW,Aditya Birla Sun Life Mutual Fund,Open Ended Schemes,Debt Scheme - Banking and PSU Fund,28-05-2018,142.42240
119551,Aditya Birla Sun Life Banking & PSU Debt Fund  - DIRECT - IDCW,Aditya Birla Sun Life Mutual Fund,Open Ended Schemes,Debt Scheme - Banking and PSU Fund,25-05-2018,142.24870
119551,Aditya Birla Sun Life Banking & PSU Debt Fund  - DIRECT - IDCW,Aditya Birla Sun Life Mutual Fund,Open Ended Schemes,Debt Scheme - Banking and PSU Fund,24-05-2018,142.11650
119551,Aditya Birla Sun Life Banking & PSU Debt Fund  - DIRECT - IDCW,Aditya Birla Sun Life Mutual Fund,Open Ended Schemes,Debt Scheme - Banking and PSU Fund,23-05-2018,142.13570
119551,Aditya Birla Sun Life Banking & PSU Debt Fund  - DIRECT - IDCW,Aditya Birla Sun Life Mutual Fund,Open Ended Schemes,Debt Scheme - Banking and PSU Fund,22-05-2018,142.14720
119551,Aditya Birla Sun Life Banking & PSU Debt Fund  - DIRECT - IDCW,Aditya Birla Sun Life Mutual Fund,Open Ended Schemes,Debt Scheme - Banking and PSU Fund,21-05-2018,142.11740
119551,Aditya Birla Sun Life Banking & PSU Debt Fund  - DIRECT - IDCW,Aditya Birla Sun Life Mutual Fund,Open Ended Schemes,Debt Scheme - Banking and PSU Fund,18-05-2018,142.08570
119551,Aditya Birla Sun Life Banking & PSU Debt Fund  - DIRECT - IDCW,Aditya Birla Sun Life Mutual Fund,Open Ended Schemes,Debt Scheme - Banking and PSU Fund,17-05-2018,141.90050
119551,Aditya Birla Sun Life Banking & PSU Debt Fund  - DIRECT - IDCW,Aditya Birla Sun Life Mutual Fund,Open Ended Schemes,Debt Scheme - Banking and PSU Fund,16-05-2018,141.95750
119551,Aditya Birla Sun Life Banking & PSU Debt Fund  - DIRECT - IDCW,Aditya Birla Sun Life Mutual Fund,Open Ended Schemes,Debt Scheme - Banking and PSU Fund,15-05-2018,142.09140
119551,Aditya Birla Sun Life Banking & PSU Debt Fund  - DIRECT - IDCW,Aditya Birla Sun Life Mutual Fund,Open Ended Schemes,Debt Scheme - Banking and PSU Fund,14-05-2018,142.23980
119551,Aditya Birla Sun Life Banking & PSU Debt Fund  - DIRECT - IDCW,Aditya Birla Sun Life Mutual Fund,Open Ended Schemes,Debt Scheme - Banking and PSU Fund,11-05-2018,142.28570
119551,Aditya Birla Sun Life Banking & PSU Debt Fund  - DIRECT - IDCW,Aditya Birla Sun Life Mutual Fund,Open Ended Schemes,Debt Scheme - Banking and PSU Fund,10-05-2018,142.30770
119551,Aditya Birla Sun Life Banking & PSU Debt Fund  - DIRECT - IDCW,Aditya Birla Sun Life Mutual Fund,Open Ended Schemes,Debt Scheme - Banking and PSU Fund,09-05-2018,142.35630
119551,Aditya Birla Sun Life Banking & PSU Debt Fund  - DIRECT - IDCW,Aditya Birla Sun Life Mutual Fund,Open Ended Schemes,Debt Scheme - Banking and PSU Fund,08-05-2018,142.51870
119551,Aditya Birla Sun Life Banking & PSU Debt Fund  - DIRECT - IDCW,Aditya Birla Sun Life Mutual Fund,Open Ended Schemes,Debt Scheme - Banking and PSU Fund,07-05-2018,142.48080
119551,Aditya Birla Sun Life Banking & PSU Debt Fund  - DIRECT - IDCW,Aditya Birla Sun Life Mutual Fund,Open Ended Schemes,Debt Scheme - Banking and PSU Fund,04-05-2018,142.31650
119551,Aditya Birla Sun Life Banking & PSU Debt Fund  - DIRECT - IDCW,Aditya Birla Sun Life Mutual Fund,Open Ended Schemes,Debt Scheme - Banking and PSU Fund,03-05-2018,142.31790
119551,Aditya Birla Sun Life Banking & PSU Debt Fund  - DIRECT - IDCW,Aditya Birla Sun Life Mutual Fund,Open Ended Schemes,Debt Scheme - Banking and PSU Fund,02-05-2018,142.30150
119551,Aditya Birla Sun Life Banking & PSU Debt Fund  - DIRECT - IDCW,Aditya Birla Sun Life Mutual Fund,Open Ended Schemes,Debt Scheme - Banking and PSU Fund,27-04-2018,142.07840
119551,Aditya Birla Sun Life Banking & PSU Debt Fund  - DIRECT - IDCW,Aditya Birla Sun Life Mutual Fund,Open Ended Schemes,Debt Scheme - Banking and PSU Fund,26-04-2018,142.11090
119551,Aditya Birla Sun Life Banking & PSU Debt Fund  - DIRECT - IDCW,Aditya Birla Sun Life Mutual Fund,Open Ended Schemes,Debt Scheme - Banking and PSU Fund,25-04-2018,142.21850
119551,Aditya Birla Sun Life Banking & PSU Debt Fund  - DIRECT - IDCW,Aditya Birla Sun Life Mutual Fund,Open Ended Schemes,Debt Scheme - Banking and PSU Fund,24-04-2018,142.35690
119551,Aditya Birla Sun Life Banking & PSU Debt Fund  - DIRECT - IDCW,Aditya Birla Sun Life Mutual Fund,Open Ended Schemes,Debt Scheme - Banking and PSU Fund,23-04-2018,142.37970
119551,Aditya Birla Sun Life Banking & PSU Debt Fund  - DIRECT - IDCW,Aditya Birla Sun Life Mutual Fund,Open Ended Schemes,Debt Scheme - Banking and PSU Fund,20-04-2018,142.38180
119551,Aditya Birla Sun Life Banking & PSU Debt Fund  - DIRECT - IDCW,Aditya Birla Sun Life Mutual Fund,Open Ended Schemes,Debt Scheme - Banking and PSU Fund,19-04-2018,142.58170
119551,Aditya Birla Sun Life Banking & PSU Debt Fund  - DIRECT - IDCW,Aditya Birla Sun Life Mutual Fund,Open Ended Schemes,Debt Scheme - Banking and PSU Fund,18-04-2018,142.80350
119551,Aditya Birla Sun Life Banking & PSU Debt Fund  - DIRECT - IDCW,Aditya Birla Sun Life Mutual Fund,Open Ended Schemes,Debt Scheme - Banking and PSU Fund,17-04-2018,142.90280
119551,Aditya Birla Sun Life Banking & PSU Debt Fund  - DIRECT - IDCW,Aditya Birla Sun Life Mutual Fund,Open Ended Schemes,Debt Scheme - Banking and PSU Fund,16-04-2018,142.90830
119551,Aditya Birla Sun Life Banking & PSU Debt Fund  - DIRECT - IDCW,Aditya Birla Sun Life Mutual Fund,Open Ended Schemes,Debt Scheme - Banking and PSU Fund,13-04-2018,142.85960
119551,Aditya Birla Sun Life Banking & PSU Debt Fund  - DIRECT - IDCW,Aditya Birla Sun Life Mutual Fund,Open Ended Schemes,Debt Scheme - Banking and PSU Fund,12-04-2018,142.81230
119551,Aditya Birla Sun Life Banking & PSU Debt Fund  - DIRECT - IDCW,Aditya Birla Sun Life Mutual Fund,Open Ended Schemes,Debt Scheme - Banking and PSU Fund,11-04-2018,142.78920
119551,Aditya Birla Sun Life Banking & PSU Debt Fund  - DIRECT - IDCW,Aditya Birla Sun Life Mutual Fund,Open Ended Schemes,Debt Scheme - Banking and PSU Fund,10-04-2018,142.98380
119551,Aditya Birla Sun Life Banking & PSU Debt Fund  - DIRECT - IDCW,Aditya Birla Sun Life Mutual Fund,Open Ended Schemes,Debt Scheme - Banking and PSU Fund,09-04-2018,143.18510
119551,Aditya Birla Sun Life Banking & PSU Debt Fund  - DIRECT - IDCW,Aditya Birla Sun Life Mutual Fund,Open Ended Schemes,Debt Scheme - Banking and PSU Fund,06-04-2018,143.15330
119551,Aditya Birla Sun Life Banking & PSU Debt Fund  - DIRECT - IDCW,Aditya Birla Sun Life Mutual Fund,Open Ended Schemes,Debt Scheme - Banking and PSU Fund,05-04-2018,143.12750
119551,Aditya Birla Sun Life Banking & PSU Debt Fund  - DIRECT - IDCW,Aditya Birla Sun Life Mutual Fund,Open Ended Schemes,Debt Scheme - Banking and PSU Fund,04-04-2018,142.73820
119551,Aditya Birla Sun Life Banking & PSU Debt Fund  - DIRECT - IDCW,Aditya Birla Sun Life Mutual Fund,Open Ended Schemes,Debt Scheme - Banking and PSU Fund,03-04-2018,142.74280
119551,Aditya Birla Sun Life Banking & PSU Debt Fund  - DIRECT - IDCW,Aditya Birla Sun Life Mutual Fund,Open Ended Schemes,Debt Scheme - Banking and PSU Fund,28-03-2018,142.43920
119551,Aditya Birla Sun Life Banking & PSU Debt Fund  - DIRECT - IDCW,Aditya Birla Sun Life Mutual Fund,Open Ended Schemes,Debt Scheme - Banking and PSU Fund,27-03-2018,142.35560
119551,Aditya Birla Sun Life Banking & PSU Debt Fund  - DIRECT - IDCW,Aditya Birla Sun Life Mutual Fund,Open Ended Schemes,Debt Scheme - Banking and PSU Fund,26-03-2018,141.85800
119551,Aditya Birla Sun Life Banking & PSU Debt Fund  - DIRECT - IDCW,Aditya Birla Sun Life Mutual Fund,Open Ended Schemes,Debt Scheme - Banking and PSU Fund,23-03-2018,141.82720
119551,Aditya Birla Sun Life Banking & PSU Debt Fund  - DIRECT - IDCW,Aditya Birla Sun Life Mutual Fund,Open Ended Schemes,Debt Scheme - Banking and PSU Fund,22-03-2018,141.78480
119551,Aditya Birla Sun Life Banking & PSU Debt Fund  - DIRECT - IDCW,Aditya Birla Sun Life Mutual Fund,Open Ended Schemes,Debt Scheme - Banking and PSU Fund,21-03-2018,141.73910
119551,Aditya Birla Sun Life Banking & PSU Debt Fund  - DIRECT - IDCW,Aditya Birla Sun Life Mutual Fund,Open Ended Schemes,Debt Scheme - Banking and PSU Fund,20-03-2018,141.72690
119551,Aditya Birla Sun Life Banking & PSU Debt Fund  - DIRECT - IDCW,Aditya Birla Sun Life Mutual Fund,Open Ended Schemes,Debt Scheme - Banking and PSU Fund,19-03-2018,141.71480
119551,Aditya Birla Sun Life Banking & PSU Debt Fund  - DIRECT - IDCW,Aditya Birla Sun Life Mutual Fund,Open Ended Schemes,Debt Scheme - Banking and PSU Fund,16-03-2018,141.69120
119551,Aditya Birla Sun Life Banking & PSU Debt Fund  - DIRECT - IDCW,Aditya Birla Sun Life Mutual Fund,Open Ended Schemes,Debt Scheme - Banking and PSU Fund,15-03-2018,141.48730
119551,Aditya Birla Sun Life Banking & PSU Debt Fund  - DIRECT - IDCW,Aditya Birla Sun Life Mutual Fund,Open Ended Schemes,Debt Scheme - Banking and PSU Fund,14-03-2018,141.36860
119551,Aditya Birla Sun Life Banking & PSU Debt Fund  - DIRECT - IDCW,Aditya Birla Sun Life Mutual Fund,Open Ended Schemes,Debt Scheme - Banking and PSU Fund,13-03-2018,141.35170
119551,Aditya Birla Sun Life Banking & PSU Debt Fund  - DIRECT - IDCW,Aditya Birla Sun Life Mutual Fund,Open Ended Schemes,Debt Scheme - Banking and PSU Fund,12-03-2018,141.27100
119551,Aditya Birla Sun Life Banking & PSU Debt Fund  - DIRECT - IDCW,Aditya Birla Sun Life Mutual Fund,Open Ended Schemes,Debt Scheme - Banking and PSU Fund,09-03-2018,141.09640
119551,Aditya Birla Sun Life Banking & PSU Debt Fund  - DIRECT - IDCW,Aditya Birla Sun Life Mutual Fund,Open Ended Schemes,Debt Scheme - Banking and PSU Fund,08-03-2018,141.08820
119551,Aditya Birla Sun Life Banking & PSU Debt Fund  - DIRECT - IDCW,Aditya Birla Sun Life Mutual Fund,Open Ended Schemes,Debt Scheme - Banking and PSU Fund,07-03-2018,140.98030
119551,Aditya Birla Sun Life Banking & PSU Debt Fund  - DIRECT - IDCW,Aditya Birla Sun Life Mutual Fund,Open Ended Schemes,Debt Scheme - Banking and PSU Fund,06-03-2018,140.77000
119551,Aditya Birla Sun Life Banking & PSU Debt Fund  - DIRECT - IDCW,Aditya Birla Sun Life Mutual Fund,Open Ended Schemes,Debt Scheme - Banking and PSU Fund,05-03-2018,140.72650
119551,Aditya Birla Sun Life Banking & PSU Debt Fund  - DIRECT - IDCW,Aditya Birla Sun Life Mutual Fund,Open Ended Schemes,Debt Scheme - Banking and PSU Fund,01-03-2018,140.62430
119551,Aditya Birla Sun Life Banking & PSU Debt Fund  - DIRECT - IDCW,Aditya Birla Sun Life Mutual Fund,Open Ended Schemes,Debt Scheme - Banking and PSU Fund,28-02-2018,140.64120
119551,Aditya Birla Sun Life Banking & PSU Debt Fund  - DIRECT - IDCW,Aditya Birla Sun Life Mutual Fund,Open Ended Schemes,Debt Scheme - Banking and PSU Fund,27-02-2018,140.64900
119551,Aditya Birla Sun Life Banking & PSU Debt Fund  - DIRECT - IDCW,Aditya Birla Sun Life Mutual Fund,Open Ended Schemes,Debt Scheme - Banking and PSU Fund,26-02-2018,149.99220
119551,Aditya Birla Sun Life Banking & PSU Debt Fund  - DIRECT - IDCW,Aditya Birla Sun Life Mutual Fund,Open Ended Schemes,Debt Scheme - Banking and PSU Fund,23-02-2018,149.94910
119551,Aditya Birla Sun Life Banking & PSU Debt Fund  - DIRECT - IDCW,Aditya Birla Sun Life Mutual Fund,Open Ended Schemes,Debt Scheme - Banking and PSU Fund,22-02-2018,149.81580
119551,Aditya Birla Sun Life Banking & PSU Debt Fund  - DIRECT - IDCW,Aditya Birla Sun Life Mutual Fund,Open Ended Schemes,Debt Scheme - Banking and PSU Fund,21-02-2018,149.93030
119551,Aditya Birla Sun Life Banking & PSU Debt Fund  - DIRECT - IDCW,Aditya Birla Sun Life Mutual Fund,Open Ended Schemes,Debt Scheme - Banking and PSU Fund,20-02-2018,149.96960
119551,Aditya Birla Sun Life Banking & PSU Debt Fund  - DIRECT - IDCW,Aditya Birla Sun Life Mutual Fund,Open Ended Schemes,Debt Scheme - Banking and PSU Fund,16-02-2018,150.00150
119551,Aditya Birla Sun Life Banking & PSU Debt Fund  - DIRECT - IDCW,Aditya Birla Sun Life Mutual Fund,Open Ended Schemes,Debt Scheme - Banking and PSU Fund,15-02-2018,149.97650
119551,Aditya Birla Sun Life Banking & PSU Debt Fund  - DIRECT - IDCW,Aditya Birla Sun Life Mutual Fund,Open Ended Schemes,Debt Scheme - Banking and PSU Fund,14-02-2018,150.07410
119551,Aditya Birla Sun Life Banking & PSU Debt Fund  - DIRECT - IDCW,Aditya Birla Sun Life Mutual Fund,Open Ended Schemes,Debt Scheme - Banking and PSU Fund,12-02-2018,149.99620
119551,Aditya Birla Sun Life Banking & PSU Debt Fund  - DIRECT - IDCW,Aditya Birla Sun Life Mutual Fund,Open Ended Schemes,Debt Scheme - Banking and PSU Fund,09-02-2018,149.91180
119551,Aditya Birla Sun Life Banking & PSU Debt Fund  - DIRECT - IDCW,Aditya Birla Sun Life Mutual Fund,Open Ended Schemes,Debt Scheme - Banking and PSU Fund,08-02-2018,149.89990
119551,Aditya Birla Sun Life Banking & PSU Debt Fund  - DIRECT - IDCW,Aditya Birla Sun Life Mutual Fund,Open Ended Schemes,Debt Scheme - Banking and PSU Fund,07-02-2018,149.75710
119551,Aditya Birla Sun Life Banking & PSU Debt Fund  - DIRECT - IDCW,Aditya Birla Sun Life Mutual Fund,Open Ended Schemes,Debt Scheme - Banking and PSU Fund,06-02-2018,149.61090
119551,Aditya Birla Sun Life Banking & PSU Debt Fund  - DIRECT - IDCW,Aditya Birla Sun Life Mutual Fund,Open Ended Schemes,Debt Scheme - Banking and PSU Fund,05-02-2018,149.54190
119551,Aditya Birla Sun Life Banking & PSU Debt Fund  - DIRECT - IDCW,Aditya Birla Sun Life Mutual Fund,Open Ended Schemes,Debt Scheme - Banking and PSU Fund,02-02-2018,149.47660
119551,Aditya Birla Sun Life Banking & PSU Debt Fund  - DIRECT - IDCW,Aditya Birla Sun Life Mutual Fund,Open Ended Schemes,Debt Scheme - Banking and PSU Fund,01-02-2018,149.43090
119551,Aditya Birla Sun Life Banking & PSU Debt Fund  - DIRECT - IDCW,Aditya Birla Sun Life Mutual Fund,Open Ended Schemes,Debt Scheme - Banking and PSU Fund,31-01-2018,149.73540
119551,Aditya Birla Sun Life Banking & PSU Debt Fund  - DIRECT - IDCW,Aditya Birla Sun Life Mutual Fund,Open Ended Schemes,Debt Scheme - Banking and PSU Fund,30-01-2018,149.69440
119551,Aditya Birla Sun Life Banking & PSU Debt Fund  - DIRECT - IDCW,Aditya Birla Sun Life Mutual Fund,Open Ended Schemes,Debt Scheme - Banking and PSU Fund,29-01-2018,149.72640
119551,Aditya Birla Sun Life Banking & PSU Debt Fund  - DIRECT - IDCW,Aditya Birla Sun Life Mutual Fund,Open Ended Schemes,Debt Scheme - Banking and PSU Fund,25-01-2018,149.74980
119551,Aditya Birla Sun Life Banking & PSU Debt Fund  - DIRECT - IDCW,Aditya Birla Sun Life Mutual Fund,Open Ended Schemes,Debt Scheme - Banking and PSU Fund,24-01-2018,149.78300
119551,Aditya Birla Sun Life Banking & PSU Debt Fund  - DIRECT - IDCW,Aditya Birla Sun Life Mutual Fund,Open Ended Schemes,Debt Scheme - Banking and PSU Fund,23-01-2018,149.80590
119551,Aditya Birla Sun Life Banking & PSU Debt Fund  - DIRECT - IDCW,Aditya Birla Sun Life Mutual Fund,Open Ended Schemes,Debt Scheme - Banking and PSU Fund,22-01-2018,149.69420
119551,Aditya Birla Sun Life Banking & PSU Debt Fund  - DIRECT - IDCW,Aditya Birla Sun Life Mutual Fund,Open Ended Schemes,Debt Scheme - Banking and PSU Fund,19-01-2018,149.62470
119551,Aditya Birla Sun Life Banking & PSU Debt Fund  - DIRECT - IDCW,Aditya Birla Sun Life Mutual Fund,Open Ended Schemes,Debt Scheme - Banking and PSU Fund,18-01-2018,149.60570
119551,Aditya Birla Sun Life Banking & PSU Debt Fund  - DIRECT - IDCW,Aditya Birla Sun Life Mutual Fund,Open Ended Schemes,Debt Scheme - Banking and PSU Fund,17-01-2018,149.65530
119551,Aditya Birla Sun Life Banking & PSU Debt Fund  - DIRECT - IDCW,Aditya Birla Sun Life Mutual Fund,Open Ended Schemes,Debt Scheme - Banking and PSU Fund,16-01-2018,149.44000
119551,Aditya Birla Sun Life Banking & PSU Debt Fund  - DIRECT - IDCW,Aditya Birla Sun Life Mutual Fund,Open Ended Schemes,Debt Scheme - Banking and PSU Fund,15-01-2018,149.60090
119551,Aditya Birla Sun Life Banking & PSU Debt Fund  - DIRECT - IDCW,Aditya Birla Sun Life Mutual Fund,Open Ended Schemes,Debt Scheme - Banking and PSU Fund,12-01-2018,149.48910
119551,Aditya Birla Sun Life Banking & PSU Debt Fund  - DIRECT - IDCW,Aditya Birla Sun Life Mutual Fund,Open Ended Schemes,Debt Scheme - Banking and PSU Fund,11-01-2018,149.47690
119551,Aditya Birla Sun Life Banking & PSU Debt Fund  - DIRECT - IDCW,Aditya Birla Sun Life Mutual Fund,Open Ended Schemes,Debt Scheme - Banking and PSU Fund,10-01-2018,149.49190
119551,Aditya Birla Sun Life Banking & PSU Debt Fund  - DIRECT - IDCW,Aditya Birla Sun Life Mutual Fund,Open Ended Schemes,Debt Scheme - Banking and PSU Fund,09-01-2018,149.63760
119551,Aditya Birla Sun Life Banking & PSU Debt Fund  - DIRECT - IDCW,Aditya Birla Sun Life Mutual Fund,Open Ended Schemes,Debt Scheme - Banking and PSU Fund,08-01-2018,149.66300
119551,Aditya Birla Sun Life Banking & PSU Debt Fund  - DIRECT - IDCW,Aditya Birla Sun Life Mutual Fund,Open Ended Schemes,Debt Scheme - Banking and PSU Fund,05-01-2018,149.61290
119551,Aditya Birla Sun Life Banking & PSU Debt Fund  - DIRECT - IDCW,Aditya Birla Sun Life Mutual Fund,Open Ended Schemes,Debt Scheme - Banking and PSU Fund,04-01-2018,149.45620
119551,Aditya Birla Sun Life Banking & PSU Debt Fund  - DIRECT - IDCW,Aditya Birla Sun Life Mutual Fund,Open Ended Schemes,Debt Scheme - Banking and PSU Fund,03-01-2018,149.50110
119551,Aditya Birla Sun Life Banking & PSU Debt Fund  - DIRECT - IDCW,Aditya Birla Sun Life Mutual Fund,Open Ended Schemes,Debt Scheme - Banking and PSU Fund,02-01-2018,149.47850
119551,Aditya Birla Sun Life Banking & PSU Debt Fund  - DIRECT - IDCW,Aditya Birla Sun Life Mutual Fund,Open Ended Schemes,Debt Scheme - Banking and PSU Fund,01-01-2018,149.46350
119551,Aditya Birla Sun Life Banking & PSU Debt Fund  - DIRECT - IDCW,Aditya Birla Sun Life Mutual Fund,Open Ended Schemes,Debt Scheme - Banking and PSU Fund,29-12-2017,149.45450
119551,Aditya Birla Sun Life Banking & PSU Debt Fund  - DIRECT - IDCW,Aditya Birla Sun Life Mutual Fund,Open Ended Schemes,Debt Scheme - Banking and PSU Fund,28-12-2017,149.11130
119551,Aditya Birla Sun Life Banking & PSU Debt Fund  - DIRECT - IDCW,Aditya Birla Sun Life Mutual Fund,Open Ended Schemes,Debt Scheme - Banking and PSU Fund,27-12-2017,149.31570
119551,Aditya Birla Sun Life Banking & PSU Debt Fund  - DIRECT - IDCW,Aditya Birla Sun Life Mutual Fund,Open Ended Schemes,Debt Scheme - Banking and PSU Fund,26-12-2017,149.28640
119551,Aditya Birla Sun Life Banking & PSU Debt Fund  - DIRECT - IDCW,Aditya Birla Sun Life Mutual Fund,Open Ended Schemes,Debt Scheme - Banking and PSU Fund,22-12-2017,149.27930
119551,Aditya Birla Sun Life Banking & PSU Debt Fund  - DIRECT - IDCW,Aditya Birla Sun Life Mutual Fund,Open Ended Schemes,Debt Scheme - Banking and PSU Fund,21-12-2017,149.36990
119551,Aditya Birla Sun Life Banking & PSU Debt Fund  - DIRECT - IDCW,Aditya Birla Sun Life Mutual Fund,Open Ended Schemes,Debt Scheme - Banking and PSU Fund,20-12-2017,149.44740
119551,Aditya Birla Sun Life Banking & PSU Debt Fund  - DIRECT - IDCW,Aditya Birla Sun Life Mutual Fund,Open Ended Schemes,Debt Scheme - Banking and PSU Fund,19-12-2017,149.55900
119551,Aditya Birla Sun Life Banking & PSU Debt Fund  - DIRECT - IDCW,Aditya Birla Sun Life Mutual Fund,Open Ended Schemes,Debt Scheme - Banking and PSU Fund,18-12-2017,149.52920
119551,Aditya Birla Sun Life Banking & PSU Debt Fund  - DIRECT - IDCW,Aditya Birla Sun Life Mutual Fund,Open Ended Schemes,Debt Scheme - Banking and PSU Fund,15-12-2017,149.48530
119551,Aditya Birla Sun Life Banking & PSU Debt Fund  - DIRECT - IDCW,Aditya Birla Sun Life Mutual Fund,Open Ended Schemes,Debt Scheme - Banking and PSU Fund,14-12-2017,149.50760
119551,Aditya Birla Sun Life Banking & PSU Debt Fund  - DIRECT - IDCW,Aditya Birla Sun Life Mutual Fund,Open Ended Schemes,Debt Scheme - Banking and PSU Fund,13-12-2017,149.49220
119551,Aditya Birla Sun Life Banking & PSU Debt Fund  - DIRECT - IDCW,Aditya Birla Sun Life Mutual Fund,Open Ended Schemes,Debt Scheme - Banking and PSU Fund,12-12-2017,149.54400
119551,Aditya Birla Sun Life Banking & PSU Debt Fund  - DIRECT - IDCW,Aditya Birla Sun Life Mutual Fund,Open Ended Schemes,Debt Scheme - Banking and PSU Fund,11-12-2017,149.59620
119551,Aditya Birla Sun Life Banking & PSU Debt Fund  - DIRECT - IDCW,Aditya Birla Sun Life Mutual Fund,Open Ended Schemes,Debt Scheme - Banking and PSU Fund,08-12-2017,149.67010
119551,Aditya Birla Sun Life Banking & PSU Debt Fund  - DIRECT - IDCW,Aditya Birla Sun Life Mutual Fund,Open Ended Schemes,Debt Scheme - Banking and PSU Fund,07-12-2017,149.66870
119551,Aditya Birla Sun Life Banking & PSU Debt Fund  - DIRECT - IDCW,Aditya Birla Sun Life Mutual Fund,Open Ended Schemes,Debt Scheme - Banking and PSU Fund,06-12-2017,149.66360
119551,Aditya Birla Sun Life Banking & PSU Debt Fund  - DIRECT - IDCW,Aditya Birla Sun Life Mutual Fund,Open Ended Schemes,Debt Scheme - Banking and PSU Fund,05-12-2017,149.60150
119551,Aditya Birla Sun Life Banking & PSU Debt Fund  - DIRECT - IDCW,Aditya Birla Sun Life Mutual Fund,Open Ended Schemes,Debt Scheme - Banking and PSU Fund,04-12-2017,149.57040
119551,Aditya Birla Sun Life Banking & PSU Debt Fund  - DIRECT - IDCW,Aditya Birla Sun Life Mutual Fund,Open Ended Schemes,Debt Scheme - Banking and PSU Fund,30-11-2017,149.49130
119551,Aditya Birla Sun Life Banking & PSU Debt Fund  - DIRECT - IDCW,Aditya Birla Sun Life Mutual Fund,Open Ended Schemes,Debt Scheme - Banking and PSU Fund,29-11-2017,149.47370
119551,Aditya Birla Sun Life Banking & PSU Debt Fund  - DIRECT - IDCW,Aditya Birla Sun Life Mutual Fund,Open Ended Schemes,Debt Scheme - Banking and PSU Fund,28-11-2017,149.43710
119551,Aditya Birla Sun Life Banking & PSU Debt Fund  - DIRECT - IDCW,Aditya Birla Sun Life Mutual Fund,Open Ended Schemes,Debt Scheme - Banking and PSU Fund,27-11-2017,149.41310
119551,Aditya Birla Sun Life Banking & PSU Debt Fund  - DIRECT - IDCW,Aditya Birla Sun Life Mutual Fund,Open Ended Schemes,Debt Scheme - Banking and PSU Fund,24-11-2017,149.37080
119551,Aditya Birla Sun Life Banking & PSU Debt Fund  - DIRECT - IDCW,Aditya Birla Sun Life Mutual Fund,Open Ended Schemes,Debt Scheme - Banking and PSU Fund,23-11-2017,149.35810
119551,Aditya Birla Sun Life Banking & PSU Debt Fund  - DIRECT - IDCW,Aditya Birla Sun Life Mutual Fund,Open Ended Schemes,Debt Scheme - Banking and PSU Fund,22-11-2017,149.42990
119551,Aditya Birla Sun Life Banking & PSU Debt Fund  - DIRECT - IDCW,Aditya Birla Sun Life Mutual Fund,Open Ended Schemes,Debt Scheme - Banking and PSU Fund,21-11-2017,149.57410
119551,Aditya Birla Sun Life Banking & PSU Debt Fund  - DIRECT - IDCW,Aditya Birla Sun Life Mutual Fund,Open Ended Schemes,Debt Scheme - Banking and PSU Fund,20-11-2017,149.56770
119551,Aditya Birla Sun Life Banking & PSU Debt Fund  - DIRECT - IDCW,Aditya Birla Sun Life Mutual Fund,Open Ended Schemes,Debt Scheme - Banking and PSU Fund,17-11-2017,149.22270
119551,Aditya Birla Sun Life Banking & PSU Debt Fund  - DIRECT - IDCW,Aditya Birla Sun Life Mutual Fund,Open Ended Schemes,Debt Scheme - Banking and PSU Fund,16-11-2017,149.13550
119551,Aditya Birla Sun Life Banking & PSU Debt Fund  - DIRECT - IDCW,Aditya Birla Sun Life Mutual Fund,Open Ended Schemes,Debt Scheme - Banking and PSU Fund,15-11-2017,149.26530
119551,Aditya Birla Sun Life Banking & PSU Debt Fund  - DIRECT - IDCW,Aditya Birla Sun Life Mutual Fund,Open Ended Schemes,Debt Scheme - Banking and PSU Fund,14-11-2017,149.20090
119551,Aditya Birla Sun Life Banking & PSU Debt Fund  - DIRECT - IDCW,Aditya Birla Sun Life Mutual Fund,Open Ended Schemes,Debt Scheme - Banking and PSU Fund,13-11-2017,149.39460
119551,Aditya Birla Sun Life Banking & PSU Debt Fund  - DIRECT - IDCW,Aditya Birla Sun Life Mutual Fund,Open Ended Schemes,Debt Scheme - Banking and PSU Fund,10-11-2017,149.34390
119551,Aditya Birla Sun Life Banking & PSU Debt Fund  - DIRECT - IDCW,Aditya Birla Sun Life Mutual Fund,Open Ended Schemes,Debt Scheme - Banking and PSU Fund,09-11-2017,149.33500
119551,Aditya Birla Sun Life Banking & PSU Debt Fund  - DIRECT - IDCW,Aditya Birla Sun Life Mutual Fund,Open Ended Schemes,Debt Scheme - Banking and PSU Fund,08-11-2017,149.29640
119551,Aditya Birla Sun Life Banking & PSU Debt Fund  - DIRECT - IDCW,Aditya Birla Sun Life Mutual Fund,Open Ended Schemes,Debt Scheme - Banking and PSU Fund,07-11-2017,149.28450
119551,Aditya Birla Sun Life Banking & PSU Debt Fund  - DIRECT - IDCW,Aditya Birla Sun Life Mutual Fund,Open Ended Schemes,Debt Scheme - Banking and PSU Fund,06-11-2017,149.33440
119551,Aditya Birla Sun Life Banking & PSU Debt Fund  - DIRECT - IDCW,Aditya Birla Sun Life Mutual Fund,Open Ended Schemes,Debt Scheme - Banking and PSU Fund,03-11-2017,149.29350
119551,Aditya Birla Sun Life Banking & PSU Debt Fund  - DIRECT - IDCW,Aditya Birla Sun Life Mutual Fund,Open Ended Schemes,Debt Scheme - Banking and PSU Fund,02-11-2017,149.24230
119551,Aditya Birla Sun Life Banking & PSU Debt Fund  - DIRECT - IDCW,Aditya Birla Sun Life Mutual Fund,Open Ended Schemes,Debt Scheme - Banking and PSU Fund,01-11-2017,149.18720
119551,Aditya Birla Sun Life Banking & PSU Debt Fund  - DIRECT - IDCW,Aditya Birla Sun Life Mutual Fund,Open Ended Schemes,Debt Scheme - Banking and PSU Fund,31-10-2017,149.16600
119551,Aditya Birla Sun Life Banking & PSU Debt Fund  - DIRECT - IDCW,Aditya Birla Sun Life Mutual Fund,Open Ended Schemes,Debt Scheme - Banking and PSU Fund,30-10-2017,149.10950
119551,Aditya Birla Sun Life Banking & PSU Debt Fund  - DIRECT - IDCW,Aditya Birla Sun Life Mutual Fund,Open Ended Schemes,Debt Scheme - Banking and PSU Fund,27-10-2017,149.11600
119551,Aditya Birla Sun Life Banking & PSU Debt Fund  - DIRECT - IDCW,Aditya Birla Sun Life Mutual Fund,Open Ended Schemes,Debt Scheme - Banking and PSU Fund,26-10-2017,149.10890
119551,Aditya Birla Sun Life Banking & PSU Debt Fund  - DIRECT - IDCW,Aditya Birla Sun Life Mutual Fund,Open Ended Schemes,Debt Scheme - Banking and PSU Fund,25-10-2017,149.07570
119551,Aditya Birla Sun Life Banking & PSU Debt Fund  - DIRECT - IDCW,Aditya Birla Sun Life Mutual Fund,Open Ended Schemes,Debt Scheme - Banking and PSU Fund,24-10-2017,149.08720
119551,Aditya Birla Sun Life Banking & PSU Debt Fund  - DIRECT - IDCW,Aditya Birla Sun Life Mutual Fund,Open Ended Schemes,Debt Scheme - Banking and PSU Fund,23-10-2017,149.02990
119551,Aditya Birla Sun Life Banking & PSU Debt Fund  - DIRECT - IDCW,Aditya Birla Sun Life Mutual Fund,Open Ended Schemes,Debt Scheme - Banking and PSU Fund,18-10-2017,148.99330
119551,Aditya Birla Sun Life Banking & PSU Debt Fund  - DIRECT - IDCW,Aditya Birla Sun Life Mutual Fund,Open Ended Schemes,Debt Scheme - Banking and PSU Fund,17-10-2017,148.97250
119551,Aditya Birla Sun Life Banking & PSU Debt Fund  - DIRECT - IDCW,Aditya Birla Sun Life Mutual Fund,Open Ended Schemes,Debt Scheme - Banking and PSU Fund,16-10-2017,148.95570
119551,Aditya Birla Sun Life Banking & PSU Debt Fund  - DIRECT - IDCW,Aditya Birla Sun Life Mutual Fund,Open Ended Schemes,Debt Scheme - Banking and PSU Fund,13-10-2017,148.84950
119551,Aditya Birla Sun Life Banking & PSU Debt Fund  - DIRECT - IDCW,Aditya Birla Sun Life Mutual Fund,Open Ended Schemes,Debt Scheme - Banking and PSU Fund,12-10-2017,148.72480
119551,Aditya Birla Sun Life Banking & PSU Debt Fund  - DIRECT - IDCW,Aditya Birla Sun Life Mutual Fund,Open Ended Schemes,Debt Scheme - Banking and PSU Fund,11-10-2017,148.69580
119551,Aditya Birla Sun Life Banking & PSU Debt Fund  - DIRECT - IDCW,Aditya Birla Sun Life Mutual Fund,Open Ended Schemes,Debt Scheme - Banking and PSU Fund,10-10-2017,148.65060
119551,Aditya Birla Sun Life Banking & PSU Debt Fund  - DIRECT - IDCW,Aditya Birla Sun Life Mutual Fund,Open Ended Schemes,Debt Scheme - Banking and PSU Fund,09-10-2017,148.61130
119551,Aditya Birla Sun Life Banking & PSU Debt Fund  - DIRECT - IDCW,Aditya Birla Sun Life Mutual Fund,Open Ended Schemes,Debt Scheme - Banking and PSU Fund,06-10-2017,148.57440
119551,Aditya Birla Sun Life Banking & PSU Debt Fund  - DIRECT - IDCW,Aditya Birla Sun Life Mutual Fund,Open Ended Schemes,Debt Scheme - Banking and PSU Fund,05-10-2017,148.57830
119551,Aditya Birla Sun Life Banking & PSU Debt Fund  - DIRECT - IDCW,Aditya Birla Sun Life Mutual Fund,Open Ended Schemes,Debt Scheme - Banking and PSU Fund,04-10-2017,148.63510
119551,Aditya Birla Sun Life Banking & PSU Debt Fund  - DIRECT - IDCW,Aditya Birla Sun Life Mutual Fund,Open Ended Schemes,Debt Scheme - Banking and PSU Fund,03-10-2017,148.72050
119551,Aditya Birla Sun Life Banking & PSU Debt Fund  - DIRECT - IDCW,Aditya Birla Sun Life Mutual Fund,Open Ended Schemes,Debt Scheme - Banking and PSU Fund,29-09-2017,148.49100
119551,Aditya Birla Sun Life Banking & PSU Debt Fund  - DIRECT - IDCW,Aditya Birla Sun Life Mutual Fund,Open Ended Schemes,Debt Scheme - Banking and PSU Fund,28-09-2017,148.48350
119551,Aditya Birla Sun Life Banking & PSU Debt Fund  - DIRECT - IDCW,Aditya Birla Sun Life Mutual Fund,Open Ended Schemes,Debt Scheme - Banking and PSU Fund,27-09-2017,148.37670
119551,Aditya Birla Sun Life Banking & PSU Debt Fund  - DIRECT - IDCW,Aditya Birla Sun Life Mutual Fund,Open Ended Schemes,Debt Scheme - Banking and PSU Fund,26-09-2017,148.36200
119551,Aditya Birla Sun Life Banking & PSU Debt Fund  - DIRECT - IDCW,Aditya Birla Sun Life Mutual Fund,Open Ended Schemes,Debt Scheme - Banking and PSU Fund,25-09-2017,148.43710
119551,Aditya Birla Sun Life Banking & PSU Debt Fund  - DIRECT - IDCW,Aditya Birla Sun Life Mutual Fund,Open Ended Schemes,Debt Scheme - Banking and PSU Fund,22-09-2017,148.26490
119551,Aditya Birla Sun Life Banking & PSU Debt Fund  - DIRECT - IDCW,Aditya Birla Sun Life Mutual Fund,Open Ended Schemes,Debt Scheme - Banking and PSU Fund,21-09-2017,148.28420
119551,Aditya Birla Sun Life Banking & PSU Debt Fund  - DIRECT - IDCW,Aditya Birla Sun Life Mutual Fund,Open Ended Schemes,Debt Scheme - Banking and PSU Fund,20-09-2017,148.53430
119551,Aditya Birla Sun Life Banking & PSU Debt Fund  - DIRECT - IDCW,Aditya Birla Sun Life Mutual Fund,Open Ended Schemes,Debt Scheme - Banking and PSU Fund,19-09-2017,148.48970
119551,Aditya Birla Sun Life Banking & PSU Debt Fund  - DIRECT - IDCW,Aditya Birla Sun Life Mutual Fund,Open Ended Schemes,Debt Scheme - Banking and PSU Fund,18-09-2017,148.44660
119551,Aditya Birla Sun Life Banking & PSU Debt Fund  - DIRECT - IDCW,Aditya Birla Sun Life Mutual Fund,Open Ended Schemes,Debt Scheme - Banking and PSU Fund,15-09-2017,148.43650
119551,Aditya Birla Sun Life Banking & PSU Debt Fund  - DIRECT - IDCW,Aditya Birla Sun Life Mutual Fund,Open Ended Schemes,Debt Scheme - Banking and PSU Fund,14-09-2017,148.46310
119551,Aditya Birla Sun Life Banking & PSU Debt Fund  - DIRECT - IDCW,Aditya Birla Sun Life Mutual Fund,Open Ended Schemes,Debt Scheme - Banking and PSU Fund,13-09-2017,148.44460
119551,Aditya Birla Sun Life Banking & PSU Debt Fund  - DIRECT - IDCW,Aditya Birla Sun Life Mutual Fund,Open Ended Schemes,Debt Scheme - Banking and PSU Fund,12-09-2017,148.48000
119551,Aditya Birla Sun Life Banking & PSU Debt Fund  - DIRECT - IDCW,Aditya Birla Sun Life Mutual Fund,Open Ended Schemes,Debt Scheme - Banking and PSU Fund,11-09-2017,148.51330
119551,Aditya Birla Sun Life Banking & PSU Debt Fund  - DIRECT - IDCW,Aditya Birla Sun Life Mutual Fund,Open Ended Schemes,Debt Scheme - Banking and PSU Fund,08-09-2017,148.47060
119551,Aditya Birla Sun Life Banking & PSU Debt Fund  - DIRECT - IDCW,Aditya Birla Sun Life Mutual Fund,Open Ended Schemes,Debt Scheme - Banking and PSU Fund,07-09-2017,148.48210
119551,Aditya Birla Sun Life Banking & PSU Debt Fund  - DIRECT - IDCW,Aditya Birla Sun Life Mutual Fund,Open Ended Schemes,Debt Scheme - Banking and PSU Fund,06-09-2017,148.49730
119551,Aditya Birla Sun Life Banking & PSU Debt Fund  - DIRECT - IDCW,Aditya Birla Sun Life Mutual Fund,Open Ended Schemes,Debt Scheme - Banking and PSU Fund,05-09-2017,148.44610
119551,Aditya Birla Sun Life Banking & PSU Debt Fund  - DIRECT - IDCW,Aditya Birla Sun Life Mutual Fund,Open Ended Schemes,Debt Scheme - Banking and PSU Fund,04-09-2017,148.44190
119551,Aditya Birla Sun Life Banking & PSU Debt Fund  - DIRECT - IDCW,Aditya Birla Sun Life Mutual Fund,Open Ended Schemes,Debt Scheme - Banking and PSU Fund,01-09-2017,148.35900
119551,Aditya Birla Sun Life Banking & PSU Debt Fund  - DIRECT - IDCW,Aditya Birla Sun Life Mutual Fund,Open Ended Schemes,Debt Scheme - Banking and PSU Fund,31-08-2017,148.18100
119551,Aditya Birla Sun Life Banking & PSU Debt Fund  - DIRECT - IDCW,Aditya Birla Sun Life Mutual Fund,Open Ended Schemes,Debt Scheme - Banking and PSU Fund,30-08-2017,148.10910
119551,Aditya Birla Sun Life Banking & PSU Debt Fund  - DIRECT - IDCW,Aditya Birla Sun Life Mutual Fund,Open Ended Schemes,Debt Scheme - Banking and PSU Fund,29-08-2017,148.09330
119551,Aditya Birla Sun Life Banking & PSU Debt Fund  - DIRECT - IDCW,Aditya Birla Sun Life Mutual Fund,Open Ended Schemes,Debt Scheme - Banking and PSU Fund,28-08-2017,148.02220
119551,Aditya Birla Sun Life Banking & PSU Debt Fund  - DIRECT - IDCW,Aditya Birla Sun Life Mutual Fund,Open Ended Schemes,Debt Scheme - Banking and PSU Fund,24-08-2017,147.94500
119551,Aditya Birla Sun Life Banking & PSU Debt Fund  - DIRECT - IDCW,Aditya Birla Sun Life Mutual Fund,Open Ended Schemes,Debt Scheme - Banking and PSU Fund,23-08-2017,147.91460
119551,Aditya Birla Sun Life Banking & PSU Debt Fund  - DIRECT - IDCW,Aditya Birla Sun Life Mutual Fund,Open Ended Schemes,Debt Scheme - Banking and PSU Fund,22-08-2017,147.90180
119551,Aditya Birla Sun Life Banking & PSU Debt Fund  - DIRECT - IDCW,Aditya Birla Sun Life Mutual Fund,Open Ended Schemes,Debt Scheme - Banking and PSU Fund,21-08-2017,147.90300
119551,Aditya Birla Sun Life Banking & PSU Debt Fund  - DIRECT - IDCW,Aditya Birla Sun Life Mutual Fund,Open Ended Schemes,Debt Scheme - Banking and PSU Fund,18-08-2017,147.81820
119551,Aditya Birla Sun Life Banking & PSU Debt Fund  - DIRECT - IDCW,Aditya Birla Sun Life Mutual Fund,Open Ended Schemes,Debt Scheme - Banking and PSU Fund,16-08-2017,147.70530
119551,Aditya Birla Sun Life Banking & PSU Debt Fund  - DIRECT - IDCW,Aditya Birla Sun Life Mutual Fund,Open Ended Schemes,Debt Scheme - Banking and PSU Fund,14-08-2017,147.70870
119551,Aditya Birla Sun Life Banking & PSU Debt Fund  - DIRECT - IDCW,Aditya Birla Sun Life Mutual Fund,Open Ended Schemes,Debt Scheme - Banking and PSU Fund,11-08-2017,147.65610
119551,Aditya Birla Sun Life Banking & PSU Debt Fund  - DIRECT - IDCW,Aditya Birla Sun Life Mutual Fund,Open Ended Schemes,Debt Scheme - Banking and PSU Fund,10-08-2017,147.67440
119551,Aditya Birla Sun Life Banking & PSU Debt Fund  - DIRECT - IDCW,Aditya Birla Sun Life Mutual Fund,Open Ended Schemes,Debt Scheme - Banking and PSU Fund,09-08-2017,147.72440
119551,Aditya Birla Sun Life Banking & PSU Debt Fund  - DIRECT - IDCW,Aditya Birla Sun Life Mutual Fund,Open Ended Schemes,Debt Scheme - Banking and PSU Fund,08-08-2017,147.70570
119551,Aditya Birla Sun Life Banking & PSU Debt Fund  - DIRECT - IDCW,Aditya Birla Sun Life Mutual Fund,Open Ended Schemes,Debt Scheme - Banking and PSU Fund,07-08-2017,147.68210
119551,Aditya Birla Sun Life Banking & PSU Debt Fund  - DIRECT - IDCW,Aditya Birla Sun Life Mutual Fund,Open Ended Schemes,Debt Scheme - Banking and PSU Fund,04-08-2017,147.64950
119551,Aditya Birla Sun Life Banking & PSU Debt Fund  - DIRECT - IDCW,Aditya Birla Sun Life Mutual Fund,Open Ended Schemes,Debt Scheme - Banking and PSU Fund,03-08-2017,147.62120
119551,Aditya Birla Sun Life Banking & PSU Debt Fund  - DIRECT - IDCW,Aditya Birla Sun Life Mutual Fund,Open Ended Schemes,Debt Scheme - Banking and PSU Fund,02-08-2017,147.33590
119551,Aditya Birla Sun Life Banking & PSU Debt Fund  - DIRECT - IDCW,Aditya Birla Sun Life Mutual Fund,Open Ended Schemes,Debt Scheme - Banking and PSU Fund,01-08-2017,147.26540
119551,Aditya Birla Sun Life Banking & PSU Debt Fund  - DIRECT - IDCW,Aditya Birla Sun Life Mutual Fund,Open Ended Schemes,Debt Scheme - Banking and PSU Fund,31-07-2017,147.19810
119551,Aditya Birla Sun Life Banking & PSU Debt Fund  - DIRECT - IDCW,Aditya Birla Sun Life Mutual Fund,Open Ended Schemes,Debt Scheme - Banking and PSU Fund,28-07-2017,147.16040
119551,Aditya Birla Sun Life Banking & PSU Debt Fund  - DIRECT - IDCW,Aditya Birla Sun Life Mutual Fund,Open Ended Schemes,Debt Scheme - Banking and PSU Fund,27-07-2017,147.17080
119551,Aditya Birla Sun Life Banking & PSU Debt Fund  - DIRECT - IDCW,Aditya Birla Sun Life Mutual Fund,Open Ended Schemes,Debt Scheme - Banking and PSU Fund,26-07-2017,147.09970
119551,Aditya Birla Sun Life Banking & PSU Debt Fund  - DIRECT - IDCW,Aditya Birla Sun Life Mutual Fund,Open Ended Schemes,Debt Scheme - Banking and PSU Fund,25-07-2017,147.13730
119551,Aditya Birla Sun Life Banking & PSU Debt Fund  - DIRECT - IDCW,Aditya Birla Sun Life Mutual Fund,Open Ended Schemes,Debt Scheme - Banking and PSU Fund,24-07-2017,147.13280
119551,Aditya Birla Sun Life Banking & PSU Debt Fund  - DIRECT - IDCW,Aditya Birla Sun Life Mutual Fund,Open Ended Schemes,Debt Scheme - Banking and PSU Fund,21-07-2017,146.98210
119551,Aditya Birla Sun Life Banking & PSU Debt Fund  - DIRECT - IDCW,Aditya Birla Sun Life Mutual Fund,Open Ended Schemes,Debt Scheme - Banking and PSU Fund,20-07-2017,146.81570
119551,Aditya Birla Sun Life Banking & PSU Debt Fund  - DIRECT - IDCW,Aditya Birla Sun Life Mutual Fund,Open Ended Schemes,Debt Scheme - Banking and PSU Fund,19-07-2017,146.76680
119551,Aditya Birla Sun Life Banking & PSU Debt Fund  - DIRECT - IDCW,Aditya Birla Sun Life Mutual Fund,Open Ended Schemes,Debt Scheme - Banking and PSU Fund,18-07-2017,146.67890
119551,Aditya Birla Sun Life Banking & PSU Debt Fund  - DIRECT - IDCW,Aditya Birla Sun Life Mutual Fund,Open Ended Schemes,Debt Scheme - Banking and PSU Fund,17-07-2017,146.61410
119551,Aditya Birla Sun Life Banking & PSU Debt Fund  - DIRECT - IDCW,Aditya Birla Sun Life Mutual Fund,Open Ended Schemes,Debt Scheme - Banking and PSU Fund,14-07-2017,146.48020
119551,Aditya Birla Sun Life Banking & PSU Debt Fund  - DIRECT - IDCW,Aditya Birla Sun Life Mutual Fund,Open Ended Schemes,Debt Scheme - Banking and PSU Fund,13-07-2017,146.45680
119551,Aditya Birla Sun Life Banking & PSU Debt Fund  - DIRECT - IDCW,Aditya Birla Sun Life Mutual Fund,Open Ended Schemes,Debt Scheme - Banking and PSU Fund,12-07-2017,146.38240
119551,Aditya Birla Sun Life Banking & PSU Debt Fund  - DIRECT - IDCW,Aditya Birla Sun Life Mutual Fund,Open Ended Schemes,Debt Scheme - Banking and PSU Fund,11-07-2017,146.31050
119551,Aditya Birla Sun Life Banking & PSU Debt Fund  - DIRECT - IDCW,Aditya Birla Sun Life Mutual Fund,Open Ended Schemes,Debt Scheme - Banking and PSU Fund,10-07-2017,146.24430
119551,Aditya Birla Sun Life Banking & PSU Debt Fund  - DIRECT - IDCW,Aditya Birla Sun Life Mutual Fund,Open Ended Schemes,Debt Scheme - Banking and PSU Fund,07-07-2017,145.98880
119551,Aditya Birla Sun Life Banking & PSU Debt Fund  - DIRECT - IDCW,Aditya Birla Sun Life Mutual Fund,Open Ended Schemes,Debt Scheme - Banking and PSU Fund,06-07-2017,145.93710
119551,Aditya Birla Sun Life Banking & PSU Debt Fund  - DIRECT - IDCW,Aditya Birla Sun Life Mutual Fund,Open Ended Schemes,Debt Scheme - Banking and PSU Fund,05-07-2017,145.84980
119551,Aditya Birla Sun Life Banking & PSU Debt Fund  - DIRECT - IDCW,Aditya Birla Sun Life Mutual Fund,Open Ended Schemes,Debt Scheme - Banking and PSU Fund,04-07-2017,145.75820
119551,Aditya Birla Sun Life Banking & PSU Debt Fund  - DIRECT - IDCW,Aditya Birla Sun Life Mutual Fund,Open Ended Schemes,Debt Scheme - Banking and PSU Fund,03-07-2017,145.66630
119551,Aditya Birla Sun Life Banking & PSU Debt Fund  - DIRECT - IDCW,Aditya Birla Sun Life Mutual Fund,Open Ended Schemes,Debt Scheme - Banking and PSU Fund,30-06-2017,145.83940
119551,Aditya Birla Sun Life Banking & PSU Debt Fund  - DIRECT - IDCW,Aditya Birla Sun Life Mutual Fund,Open Ended Schemes,Debt Scheme - Banking and PSU Fund,29-06-2017,145.84760
119551,Aditya Birla Sun Life Banking & PSU Debt Fund  - DIRECT - IDCW,Aditya Birla Sun Life Mutual Fund,Open Ended Schemes,Debt Scheme - Banking and PSU Fund,28-06-2017,145.84910
119551,Aditya Birla Sun Life Banking & PSU Debt Fund  - DIRECT - IDCW,Aditya Birla Sun Life Mutual Fund,Open Ended Schemes,Debt Scheme - Banking and PSU Fund,27-06-2017,145.94490
119551,Aditya Birla Sun Life Banking & PSU Debt Fund  - DIRECT - IDCW,Aditya Birla Sun Life Mutual Fund,Open Ended Schemes,Debt Scheme - Banking and PSU Fund,23-06-2017,145.88130
119551,Aditya Birla Sun Life Banking & PSU Debt Fund  - DIRECT - IDCW,Aditya Birla Sun Life Mutual Fund,Open Ended Schemes,Debt Scheme - Banking and PSU Fund,22-06-2017,145.87350
119551,Aditya Birla Sun Life Banking & PSU Debt Fund  - DIRECT - IDCW,Aditya Birla Sun Life Mutual Fund,Open Ended Schemes,Debt Scheme - Banking and PSU Fund,21-06-2017,145.88890
119551,Aditya Birla Sun Life Banking & PSU Debt Fund  - DIRECT - IDCW,Aditya Birla Sun Life Mutual Fund,Open Ended Schemes,Debt Scheme - Banking and PSU Fund,20-06-2017,145.80160
119551,Aditya Birla Sun Life Banking & PSU Debt Fund  - DIRECT - IDCW,Aditya Birla Sun Life Mutual Fund,Open Ended Schemes,Debt Scheme - Banking and PSU Fund,19-06-2017,145.77420
119551,Aditya Birla Sun Life Banking & PSU Debt Fund  - DIRECT - IDCW,Aditya Birla Sun Life Mutual Fund,Open Ended Schemes,Debt Scheme - Banking and PSU Fund,16-06-2017,145.67980
119551,Aditya Birla Sun Life Banking & PSU Debt Fund  - DIRECT - IDCW,Aditya Birla Sun Life Mutual Fund,Open Ended Schemes,Debt Scheme - Banking and PSU Fund,15-06-2017,145.69790
119551,Aditya Birla Sun Life Banking & PSU Debt Fund  - DIRECT - IDCW,Aditya Birla Sun Life Mutual Fund,Open Ended Schemes,Debt Scheme - Banking and PSU Fund,14-06-2017,145.66070
119551,Aditya Birla Sun Life Banking & PSU Debt Fund  - DIRECT - IDCW,Aditya Birla Sun Life Mutual Fund,Open Ended Schemes,Debt Scheme - Banking and PSU Fund,13-06-2017,145.64030
119551,Aditya Birla Sun Life Banking & PSU Debt Fund  - DIRECT - IDCW,Aditya Birla Sun Life Mutual Fund,Open Ended Schemes,Debt Scheme - Banking and PSU Fund,12-06-2017,145.53410
119551,Aditya Birla Sun Life Banking & PSU Debt Fund  - DIRECT - IDCW,Aditya Birla Sun Life Mutual Fund,Open Ended Schemes,Debt Scheme - Banking and PSU Fund,09-06-2017,145.44470
119551,Aditya Birla Sun Life Banking & PSU Debt Fund  - DIRECT - IDCW,Aditya Birla Sun Life Mutual Fund,Open Ended Schemes,Debt Scheme - Banking and PSU Fund,08-06-2017,145.33160
119551,Aditya Birla Sun Life Banking & PSU Debt Fund  - DIRECT - IDCW,Aditya Birla Sun Life Mutual Fund,Open Ended Schemes,Debt Scheme - Banking and PSU Fund,07-06-2017,144.95070
119551,Aditya Birla Sun Life Banking & PSU Debt Fund  - DIRECT - IDCW,Aditya Birla Sun Life Mutual Fund,Open Ended Schemes,Debt Scheme - Banking and PSU Fund,06-06-2017,144.57010
119551,Aditya Birla Sun Life Banking & PSU Debt Fund  - DIRECT - IDCW,Aditya Birla Sun Life Mutual Fund,Open Ended Schemes,Debt Scheme - Banking and PSU Fund,05-06-2017,144.54090
119551,Aditya Birla Sun Life Banking & PSU Debt Fund  - DIRECT - IDCW,Aditya Birla Sun Life Mutual Fund,Open Ended Schemes,Debt Scheme - Banking and PSU Fund,02-06-2017,144.49500
119551,Aditya Birla Sun Life Banking & PSU Debt Fund  - DIRECT - IDCW,Aditya Birla Sun Life Mutual Fund,Open Ended Schemes,Debt Scheme - Banking and PSU Fund,01-06-2017,144.43770
119551,Aditya Birla Sun Life Banking & PSU Debt Fund  - DIRECT - IDCW,Aditya Birla Sun Life Mutual Fund,Open Ended Schemes,Debt Scheme - Banking and PSU Fund,31-05-2017,144.25260
119551,Aditya Birla Sun Life Banking & PSU Debt Fund  - DIRECT - IDCW,Aditya Birla Sun Life Mutual Fund,Open Ended Schemes,Debt Scheme - Banking and PSU Fund,30-05-2017,144.16950
119551,Aditya Birla Sun Life Banking & PSU Debt Fund  - DIRECT - IDCW,Aditya Birla Sun Life Mutual Fund,Open Ended Schemes,Debt Scheme - Banking and PSU Fund,29-05-2017,144.13900
119551,Aditya Birla Sun Life Banking & PSU Debt Fund  - DIRECT - IDCW,Aditya Birla Sun Life Mutual Fund,Open Ended Schemes,Debt Scheme - Banking and PSU Fund,26-05-2017,144.13900
119551,Aditya Birla Sun Life Banking & PSU Debt Fund  - DIRECT - IDCW,Aditya Birla Sun Life Mutual Fund,Open Ended Schemes,Debt Scheme - Banking and PSU Fund,25-05-2017,144.01820
119551,Aditya Birla Sun Life Banking & PSU Debt Fund  - DIRECT - IDCW,Aditya Birla Sun Life Mutual Fund,Open Ended Schemes,Debt Scheme - Banking and PSU Fund,24-05-2017,143.90930
119551,Aditya Birla Sun Life Banking & PSU Debt Fund  - DIRECT - IDCW,Aditya Birla Sun Life Mutual Fund,Open Ended Schemes,Debt Scheme - Banking and PSU Fund,23-05-2017,143.86820
119551,Aditya Birla Sun Life Banking & PSU Debt Fund  - DIRECT - IDCW,Aditya Birla Sun Life Mutual Fund,Open Ended Schemes,Debt Scheme - Banking and PSU Fund,22-05-2017,143.78990
119551,Aditya Birla Sun Life Banking & PSU Debt Fund  - DIRECT - IDCW,Aditya Birla Sun Life Mutual Fund,Open Ended Schemes,Debt Scheme - Banking and PSU Fund,19-05-2017,143.61110
119551,Aditya Birla Sun Life Banking & PSU Debt Fund  - DIRECT - IDCW,Aditya Birla Sun Life Mutual Fund,Open Ended Schemes,Debt Scheme - Banking and PSU Fund,18-05-2017,143.59920
119551,Aditya Birla Sun Life Banking & PSU Debt Fund  - DIRECT - IDCW,Aditya Birla Sun Life Mutual Fund,Open Ended Schemes,Debt Scheme - Banking and PSU Fund,17-05-2017,143.56830
119551,Aditya Birla Sun Life Banking & PSU Debt Fund  - DIRECT - IDCW,Aditya Birla Sun Life Mutual Fund,Open Ended Schemes,Debt Scheme - Banking and PSU Fund,16-05-2017,143.54360
119551,Aditya Birla Sun Life Banking & PSU Debt Fund  - DIRECT - IDCW,Aditya Birla Sun Life Mutual Fund,Open Ended Schemes,Debt Scheme - Banking and PSU Fund,15-05-2017,143.57180
119551,Aditya Birla Sun Life Banking & PSU Debt Fund  - DIRECT - IDCW,Aditya Birla Sun Life Mutual Fund,Open Ended Schemes,Debt Scheme - Banking and PSU Fund,12-05-2017,143.19100
119551,Aditya Birla Sun Life Banking & PSU Debt Fund  - DIRECT - IDCW,Aditya Birla Sun Life Mutual Fund,Open Ended Schemes,Debt Scheme - Banking and PSU Fund,11-05-2017,143.07820
119551,Aditya Birla Sun Life Banking & PSU Debt Fund  - DIRECT - IDCW,Aditya Birla Sun Life Mutual Fund,Open Ended Schemes,Debt Scheme - Banking and PSU Fund,09-05-2017,143.02250
119551,Aditya Birla Sun Life Banking & PSU Debt Fund  - DIRECT - IDCW,Aditya Birla Sun Life Mutual Fund,Open Ended Schemes,Debt Scheme - Banking and PSU Fund,08-05-2017,143.01710
119551,Aditya Birla Sun Life Banking & PSU Debt Fund  - DIRECT - IDCW,Aditya Birla Sun Life Mutual Fund,Open Ended Schemes,Debt Scheme - Banking and PSU Fund,05-05-2017,142.88810
119551,Aditya Birla Sun Life Banking & PSU Debt Fund  - DIRECT - IDCW,Aditya Birla Sun Life Mutual Fund,Open Ended Schemes,Debt Scheme - Banking and PSU Fund,04-05-2017,142.78100
119551,Aditya Birla Sun Life Banking & PSU Debt Fund  - DIRECT - IDCW,Aditya Birla Sun Life Mutual Fund,Open Ended Schemes,Debt Scheme - Banking and PSU Fund,03-05-2017,142.78040
119551,Aditya Birla Sun Life Banking & PSU Debt Fund  - DIRECT - IDCW,Aditya Birla Sun Life Mutual Fund,Open Ended Schemes,Debt Scheme - Banking and PSU Fund,02-05-2017,142.72610
119551,Aditya Birla Sun Life Banking & PSU Debt Fund  - DIRECT - IDCW,Aditya Birla Sun Life Mutual Fund,Open Ended Schemes,Debt Scheme - Banking and PSU Fund,28-04-2017,142.70910
119551,Aditya Birla Sun Life Banking & PSU Debt Fund  - DIRECT - IDCW,Aditya Birla Sun Life Mutual Fund,Open Ended Schemes,Debt Scheme - Banking and PSU Fund,27-04-2017,142.71180
119551,Aditya Birla Sun Life Banking & PSU Debt Fund  - DIRECT - IDCW,Aditya Birla Sun Life Mutual Fund,Open Ended Schemes,Debt Scheme - Banking and PSU Fund,26-04-2017,142.70880
119551,Aditya Birla Sun Life Banking & PSU Debt Fund  - DIRECT - IDCW,Aditya Birla Sun Life Mutual Fund,Open Ended Schemes,Debt Scheme - Banking and PSU Fund,25-04-2017,142.83760
119551,Aditya Birla Sun Life Banking & PSU Debt Fund  - DIRECT - IDCW,Aditya Birla Sun Life Mutual Fund,Open Ended Schemes,Debt Scheme - Banking and PSU Fund,24-04-2017,142.70630
119551,Aditya Birla Sun Life Banking & PSU Debt Fund  - DIRECT - IDCW,Aditya Birla Sun Life Mutual Fund,Open Ended Schemes,Debt Scheme - Banking and PSU Fund,21-04-2017,142.63450
119551,Aditya Birla Sun Life Banking & PSU Debt Fund  - DIRECT - IDCW,Aditya Birla Sun Life Mutual Fund,Open Ended Schemes,Debt Scheme - Banking and PSU Fund,20-04-2017,142.79910
119551,Aditya Birla Sun Life Banking & PSU Debt Fund  - DIRECT - IDCW,Aditya Birla Sun Life Mutual Fund,Open Ended Schemes,Debt Scheme - Banking and PSU Fund,19-04-2017,142.79660
119551,Aditya Birla Sun Life Banking & PSU Debt Fund  - DIRECT - IDCW,Aditya Birla Sun Life Mutual Fund,Open Ended Schemes,Debt Scheme - Banking and PSU Fund,18-04-2017,142.65250
119551,Aditya Birla Sun Life Banking & PSU Debt Fund  - DIRECT - IDCW,Aditya Birla Sun Life Mutual Fund,Open Ended Schemes,Debt Scheme - Banking and PSU Fund,17-04-2017,142.63170
119551,Aditya Birla Sun Life Banking & PSU Debt Fund  - DIRECT - IDCW,Aditya Birla Sun Life Mutual Fund,Open Ended Schemes,Debt Scheme - Banking and PSU Fund,13-04-2017,142.58440
119551,Aditya Birla Sun Life Banking & PSU Debt Fund  - DIRECT - IDCW,Aditya Birla Sun Life Mutual Fund,Open Ended Schemes,Debt Scheme - Banking and PSU Fund,12-04-2017,142.41960
119551,Aditya Birla Sun Life Banking & PSU Debt Fund  - DIRECT - IDCW,Aditya Birla Sun Life Mutual Fund,Open Ended Schemes,Debt Scheme - Banking and PSU Fund,11-04-2017,142.25570
119551,Aditya Birla Sun Life Banking & PSU Debt Fund  - DIRECT - IDCW,Aditya Birla Sun Life Mutual Fund,Open Ended Schemes,Debt Scheme - Banking and PSU Fund,10-04-2017,142.07210
119551,Aditya Birla Sun Life Banking & PSU Debt Fund  - DIRECT - IDCW,Aditya Birla Sun Life Mutual Fund,Open Ended Schemes,Debt Scheme - Banking and PSU Fund,07-04-2017,141.97490
119551,Aditya Birla Sun Life Banking & PSU Debt Fund  - DIRECT - IDCW,Aditya Birla Sun Life Mutual Fund,Open Ended Schemes,Debt Scheme - Banking and PSU Fund,06-04-2017,142.03440
119551,Aditya Birla Sun Life Banking & PSU Debt Fund  - DIRECT - IDCW,Aditya Birla Sun Life Mutual Fund,Open Ended Schemes,Debt Scheme - Banking and PSU Fund,05-04-2017,142.45600
119551,Aditya Birla Sun Life Banking & PSU Debt Fund  - DIRECT - IDCW,Aditya Birla Sun Life Mutual Fund,Open Ended Schemes,Debt Scheme - Banking and PSU Fund,03-04-2017,142.49100
119551,Aditya Birla Sun Life Banking & PSU Debt Fund  - DIRECT - IDCW,Aditya Birla Sun Life Mutual Fund,Open Ended Schemes,Debt Scheme - Banking and PSU Fund,31-03-2017,142.33650
119551,Aditya Birla Sun Life Banking & PSU Debt Fund  - DIRECT - IDCW,Aditya Birla Sun Life Mutual Fund,Open Ended Schemes,Debt Scheme - Banking and PSU Fund,30-03-2017,142.27010
119551,Aditya Birla Sun Life Banking & PSU Debt Fund  - DIRECT - IDCW,Aditya Birla Sun Life Mutual Fund,Open Ended Schemes,Debt Scheme - Banking and PSU Fund,29-03-2017,142.14050
119551,Aditya Birla Sun Life Banking & PSU Debt Fund  - DIRECT - IDCW,Aditya Birla Sun Life Mutual Fund,Open Ended Schemes,Debt Scheme - Banking and PSU Fund,27-03-2017,142.17020
119551,Aditya Birla Sun Life Banking & PSU Debt Fund  - DIRECT - IDCW,Aditya Birla Sun Life Mutual Fund,Open Ended Schemes,Debt Scheme - Banking and PSU Fund,24-03-2017,141.77960
119551,Aditya Birla Sun Life Banking & PSU Debt Fund  - DIRECT - IDCW,Aditya Birla Sun Life Mutual Fund,Open Ended Schemes,Debt Scheme - Banking and PSU Fund,23-03-2017,141.73410
119551,Aditya Birla Sun Life Banking & PSU Debt Fund  - DIRECT - IDCW,Aditya Birla Sun Life Mutual Fund,Open Ended Schemes,Debt Scheme - Banking and PSU Fund,22-03-2017,141.64410
119551,Aditya Birla Sun Life Banking & PSU Debt Fund  - DIRECT - IDCW,Aditya Birla Sun Life Mutual Fund,Open Ended Schemes,Debt Scheme - Banking and PSU Fund,21-03-2017,141.15670
119551,Aditya Birla Sun Life Banking & PSU Debt Fund  - DIRECT - IDCW,Aditya Birla Sun Life Mutual Fund,Open Ended Schemes,Debt Scheme - Banking and PSU Fund,20-03-2017,141.04270
119551,Aditya Birla Sun Life Banking & PSU Debt Fund  - DIRECT - IDCW,Aditya Birla Sun Life Mutual Fund,Open Ended Schemes,Debt Scheme - Banking and PSU Fund,17-03-2017,141.01340
119551,Aditya Birla Sun Life Banking & PSU Debt Fund  - DIRECT - IDCW,Aditya Birla Sun Life Mutual Fund,Open Ended Schemes,Debt Scheme - Banking and PSU Fund,16-03-2017,141.01100
119551,Aditya Birla Sun Life Banking & PSU Debt Fund  - DIRECT - IDCW,Aditya Birla Sun Life Mutual Fund,Open Ended Schemes,Debt Scheme - Banking and PSU Fund,15-03-2017,140.88030
119551,Aditya Birla Sun Life Banking & PSU Debt Fund  - DIRECT - IDCW,Aditya Birla Sun Life Mutual Fund,Open Ended Schemes,Debt Scheme - Banking and PSU Fund,14-03-2017,140.44760
119551,Aditya Birla Sun Life Banking & PSU Debt Fund  - DIRECT - IDCW,Aditya Birla Sun Life Mutual Fund,Open Ended Schemes,Debt Scheme - Banking and PSU Fund,10-03-2017,140.36020
119551,Aditya Birla Sun Life Banking & PSU Debt Fund  - DIRECT - IDCW,Aditya Birla Sun Life Mutual Fund,Open Ended Schemes,Debt Scheme - Banking and PSU Fund,09-03-2017,140.59250
119551,Aditya Birla Sun Life Banking & PSU Debt Fund  - DIRECT - IDCW,Aditya Birla Sun Life Mutual Fund,Open Ended Schemes,Debt Scheme - Banking and PSU Fund,08-03-2017,140.62170
119551,Aditya Birla Sun Life Banking & PSU Debt Fund  - DIRECT - IDCW,Aditya Birla Sun Life Mutual Fund,Open Ended Schemes,Debt Scheme - Banking and PSU Fund,07-03-2017,140.67150
119551,Aditya Birla Sun Life Banking & PSU Debt Fund  - DIRECT - IDCW,Aditya Birla Sun Life Mutual Fund,Open Ended Schemes,Debt Scheme - Banking and PSU Fund,06-03-2017,140.72140
119551,Aditya Birla Sun Life Banking & PSU Debt Fund  - DIRECT - IDCW,Aditya Birla Sun Life Mutual Fund,Open Ended Schemes,Debt Scheme - Banking and PSU Fund,03-03-2017,140.89390
119551,Aditya Birla Sun Life Banking & PSU Debt Fund  - DIRECT - IDCW,Aditya Birla Sun Life Mutual Fund,Open Ended Schemes,Debt Scheme - Banking and PSU Fund,02-03-2017,140.69310
119551,Aditya Birla Sun Life Banking & PSU Debt Fund  - DIRECT - IDCW,Aditya Birla Sun Life Mutual Fund,Open Ended Schemes,Debt Scheme - Banking and PSU Fund,01-03-2017,140.62910
119551,Aditya Birla Sun Life Banking & PSU Debt Fund  - DIRECT - IDCW,Aditya Birla Sun Life Mutual Fund,Open Ended Schemes,Debt Scheme - Banking and PSU Fund,28-02-2017,140.87850
119551,Aditya Birla Sun Life Banking & PSU Debt Fund  - DIRECT - IDCW,Aditya Birla Sun Life Mutual Fund,Open Ended Schemes,Debt Scheme - Banking and PSU Fund,27-02-2017,140.86120
119551,Aditya Birla Sun Life Banking & PSU Debt Fund  - DIRECT - IDCW,Aditya Birla Sun Life Mutual Fund,Open Ended Schemes,Debt Scheme - Banking and PSU Fund,23-02-2017,140.65600
119551,Aditya Birla Sun Life Banking & PSU Debt Fund  - DIRECT - IDCW,Aditya Birla Sun Life Mutual Fund,Open Ended Schemes,Debt Scheme - Banking and PSU Fund,22-02-2017,140.54820
119551,Aditya Birla Sun Life Banking & PSU Debt Fund  - DIRECT - IDCW,Aditya Birla Sun Life Mutual Fund,Open Ended Schemes,Debt Scheme - Banking and PSU Fund,20-02-2017,140.72010
119551,Aditya Birla Sun Life Banking & PSU Debt Fund  - DIRECT - IDCW,Aditya Birla Sun Life Mutual Fund,Open Ended Schemes,Debt Scheme - Banking and PSU Fund,17-02-2017,140.85440
119551,Aditya Birla Sun Life Banking & PSU Debt Fund  - DIRECT - IDCW,Aditya Birla Sun Life Mutual Fund,Open Ended Schemes,Debt Scheme - Banking and PSU Fund,16-02-2017,140.85500
119551,Aditya Birla Sun Life Banking & PSU Debt Fund  - DIRECT - IDCW,Aditya Birla Sun Life Mutual Fund,Open Ended Schemes,Debt Scheme - Banking and PSU Fund,15-02-2017,140.74250
119551,Aditya Birla Sun Life Banking & PSU Debt Fund  - DIRECT - IDCW,Aditya Birla Sun Life Mutual Fund,Open Ended Schemes,Debt Scheme - Banking and PSU Fund,14-02-2017,140.67690
119551,Aditya Birla Sun Life Banking & PSU Debt Fund  - DIRECT - IDCW,Aditya Birla Sun Life Mutual Fund,Open Ended Schemes,Debt Scheme - Banking and PSU Fund,13-02-2017,140.77410
119551,Aditya Birla Sun Life Banking & PSU Debt Fund  - DIRECT - IDCW,Aditya Birla Sun Life Mutual Fund,Open Ended Schemes,Debt Scheme - Banking and PSU Fund,10-02-2017,140.69580
119551,Aditya Birla Sun Life Banking & PSU Debt Fund  - DIRECT - IDCW,Aditya Birla Sun Life Mutual Fund,Open Ended Schemes,Debt Scheme - Banking and PSU Fund,09-02-2017,140.39610
119551,Aditya Birla Sun Life Banking & PSU Debt Fund  - DIRECT - IDCW,Aditya Birla Sun Life Mutual Fund,Open Ended Schemes,Debt Scheme - Banking and PSU Fund,08-02-2017,141.04980
119551,Aditya Birla Sun Life Banking & PSU Debt Fund  - DIRECT - IDCW,Aditya Birla Sun Life Mutual Fund,Open Ended Schemes,Debt Scheme - Banking and PSU Fund,07-02-2017,142.84260
119551,Aditya Birla Sun Life Banking & PSU Debt Fund  - DIRECT - IDCW,Aditya Birla Sun Life Mutual Fund,Open Ended Schemes,Debt Scheme - Banking and PSU Fund,06-02-2017,142.86730
119551,Aditya Birla Sun Life Banking & PSU Debt Fund  - DIRECT - IDCW,Aditya Birla Sun Life Mutual Fund,Open Ended Schemes,Debt Scheme - Banking and PSU Fund,03-02-2017,142.84110
119551,Aditya Birla Sun Life Banking & PSU Debt Fund  - DIRECT - IDCW,Aditya Birla Sun Life Mutual Fund,Open Ended Schemes,Debt Scheme - Banking and PSU Fund,02-02-2017,142.84980
119551,Aditya Birla Sun Life Banking & PSU Debt Fund  - DIRECT - IDCW,Aditya Birla Sun Life Mutual Fund,Open Ended Schemes,Debt Scheme - Banking and PSU Fund,01-02-2017,142.70800
119551,Aditya Birla Sun Life Banking & PSU Debt Fund  - DIRECT - IDCW,Aditya Birla Sun Life Mutual Fund,Open Ended Schemes,Debt Scheme - Banking and PSU Fund,31-01-2017,142.65130
119551,Aditya Birla Sun Life Banking & PSU Debt Fund  - DIRECT - IDCW,Aditya Birla Sun Life Mutual Fund,Open Ended Schemes,Debt Scheme - Banking and PSU Fund,30-01-2017,142.64240
119551,Aditya Birla Sun Life Banking & PSU Debt Fund  - DIRECT - IDCW,Aditya Birla Sun Life Mutual Fund,Open Ended Schemes,Debt Scheme - Banking and PSU Fund,27-01-2017,142.58030
119551,Aditya Birla Sun Life Banking & PSU Debt Fund  - DIRECT - IDCW,Aditya Birla Sun Life Mutual Fund,Open Ended Schemes,Debt Scheme - Banking and PSU Fund,25-01-2017,142.50210
119551,Aditya Birla Sun Life Banking & PSU Debt Fund  - DIRECT - IDCW,Aditya Birla Sun Life Mutual Fund,Open Ended Schemes,Debt Scheme - Banking and PSU Fund,24-01-2017,142.42360
119551,Aditya Birla Sun Life Banking & PSU Debt Fund  - DIRECT - IDCW,Aditya Birla Sun Life Mutual Fund,Open Ended Schemes,Debt Scheme - Banking and PSU Fund,23-01-2017,142.36200
119551,Aditya Birla Sun Life Banking & PSU Debt Fund  - DIRECT - IDCW,Aditya Birla Sun Life Mutual Fund,Open Ended Schemes,Debt Scheme - Banking and PSU Fund,20-01-2017,142.29400
119551,Aditya Birla Sun Life Banking & PSU Debt Fund  - DIRECT - IDCW,Aditya Birla Sun Life Mutual Fund,Open Ended Schemes,Debt Scheme - Banking and PSU Fund,19-01-2017,142.25840
119551,Aditya Birla Sun Life Banking & PSU Debt Fund  - DIRECT - IDCW,Aditya Birla Sun Life Mutual Fund,Open Ended Schemes,Debt Scheme - Banking and PSU Fund,18-01-2017,142.34670
119551,Aditya Birla Sun Life Banking & PSU Debt Fund  - DIRECT - IDCW,Aditya Birla Sun Life Mutual Fund,Open Ended Schemes,Debt Scheme - Banking and PSU Fund,17-01-2017,142.40580
119551,Aditya Birla Sun Life Banking & PSU Debt Fund  - DIRECT - IDCW,Aditya Birla Sun Life Mutual Fund,Open Ended Schemes,Debt Scheme - Banking and PSU Fund,16-01-2017,142.32470
119551,Aditya Birla Sun Life Banking & PSU Debt Fund  - DIRECT - IDCW,Aditya Birla Sun Life Mutual Fund,Open Ended Schemes,Debt Scheme - Banking and PSU Fund,13-01-2017,142.34550
119551,Aditya Birla Sun Life Banking & PSU Debt Fund  - DIRECT - IDCW,Aditya Birla Sun Life Mutual Fund,Open Ended Schemes,Debt Scheme - Banking and PSU Fund,12-01-2017,142.43830
119551,Aditya Birla Sun Life Banking & PSU Debt Fund  - DIRECT - IDCW,Aditya Birla Sun Life Mutual Fund,Open Ended Schemes,Debt Scheme - Banking and PSU Fund,11-01-2017,142.25590
119551,Aditya Birla Sun Life Banking & PSU Debt Fund  - DIRECT - IDCW,Aditya Birla Sun Life Mutual Fund,Open Ended Schemes,Debt Scheme - Banking and PSU Fund,10-01-2017,142.22260
119551,Aditya Birla Sun Life Banking & PSU Debt Fund  - DIRECT - IDCW,Aditya Birla Sun Life Mutual Fund,Open Ended Schemes,Debt Scheme - Banking and PSU Fund,09-01-2017,142.19570
119551,Aditya Birla Sun Life Banking & PSU Debt Fund  - DIRECT - IDCW,Aditya Birla Sun Life Mutual Fund,Open Ended Schemes,Debt Scheme - Banking and PSU Fund,06-01-2017,142.16450
119551,Aditya Birla Sun Life Banking & PSU Debt Fund  - DIRECT - IDCW,Aditya Birla Sun Life Mutual Fund,Open Ended Schemes,Debt Scheme - Banking and PSU Fund,05-01-2017,142.16620
119551,Aditya Birla Sun Life Banking & PSU Debt Fund  - DIRECT - IDCW,Aditya Birla Sun Life Mutual Fund,Open Ended Schemes,Debt Scheme - Banking and PSU Fund,04-01-2017,142.18840
119551,Aditya Birla Sun Life Banking & PSU Debt Fund  - DIRECT - IDCW,Aditya Birla Sun Life Mutual Fund,Open Ended Schemes,Debt Scheme - Banking and PSU Fund,03-01-2017,141.86370
119551,Aditya Birla Sun Life Banking & PSU Debt Fund  - DIRECT - IDCW,Aditya Birla Sun Life Mutual Fund,Open Ended Schemes,Debt Scheme - Banking and PSU Fund,02-01-2017,142.01280
119551,Aditya Birla Sun Life Banking & PSU Debt Fund  - DIRECT - IDCW,Aditya Birla Sun Life Mutual Fund,Open Ended Schemes,Debt Scheme - Banking and PSU Fund,30-12-2016,141.06530
119551,Aditya Birla Sun Life Banking & PSU Debt Fund  - DIRECT - IDCW,Aditya Birla Sun Life Mutual Fund,Open Ended Schemes,Debt Scheme - Banking and PSU Fund,29-12-2016,140.85390
119551,Aditya Birla Sun Life Banking & PSU Debt Fund  - DIRECT - IDCW,Aditya Birla Sun Life Mutual Fund,Open Ended Schemes,Debt Scheme - Banking and PSU Fund,28-12-2016,140.47990
119551,Aditya Birla Sun Life Banking & PSU Debt Fund  - DIRECT - IDCW,Aditya Birla Sun Life Mutual Fund,Open Ended Schemes,Debt Scheme - Banking and PSU Fund,27-12-2016,140.46350
119551,Aditya Birla Sun Life Banking & PSU Debt Fund  - DIRECT - IDCW,Aditya Birla Sun Life Mutual Fund,Open Ended Schemes,Debt Scheme - Banking and PSU Fund,26-12-2016,140.57630
119551,Aditya Birla Sun Life Banking & PSU Debt Fund  - DIRECT - IDCW,Aditya Birla Sun Life Mutual Fund,Open Ended Schemes,Debt Scheme - Banking and PSU Fund,23-12-2016,140.75400
119551,Aditya Birla Sun Life Banking & PSU Debt Fund  - DIRECT - IDCW,Aditya Birla Sun Life Mutual Fund,Open Ended Schemes,Debt Scheme - Banking and PSU Fund,22-12-2016,140.89220
119551,Aditya Birla Sun Life Banking & PSU Debt Fund  - DIRECT - IDCW,Aditya Birla Sun Life Mutual Fund,Open Ended Schemes,Debt Scheme - Banking and PSU Fund,21-12-2016,141.11870
119551,Aditya Birla Sun Life Banking & PSU Debt Fund  - DIRECT - IDCW,Aditya Birla Sun Life Mutual Fund,Open Ended Schemes,Debt Scheme - Banking and PSU Fund,20-12-2016,141.05140
119551,Aditya Birla Sun Life Banking & PSU Debt Fund  - DIRECT - IDCW,Aditya Birla Sun Life Mutual Fund,Open Ended Schemes,Debt Scheme - Banking and PSU Fund,19-12-2016,140.97310
119551,Aditya Birla Sun Life Banking & PSU Debt Fund  - DIRECT - IDCW,Aditya Birla Sun Life Mutual Fund,Open Ended Schemes,Debt Scheme - Banking and PSU Fund,16-12-2016,140.91440
119551,Aditya Birla Sun Life Banking & PSU Debt Fund  - DIRECT - IDCW,Aditya Birla Sun Life Mutual Fund,Open Ended Schemes,Debt Scheme - Banking and PSU Fund,15-12-2016,140.95430
119551,Aditya Birla Sun Life Banking & PSU Debt Fund  - DIRECT - IDCW,Aditya Birla Sun Life Mutual Fund,Open Ended Schemes,Debt Scheme - Banking and PSU Fund,14-12-2016,141.49950
119551,Aditya Birla Sun Life Banking & PSU Debt Fund  - DIRECT - IDCW,Aditya Birla Sun Life Mutual Fund,Open Ended Schemes,Debt Scheme - Banking and PSU Fund,13-12-2016,141.41490
119551,Aditya Birla Sun Life Banking & PSU Debt Fund  - DIRECT - IDCW,Aditya Birla Sun Life Mutual Fund,Open Ended Schemes,Debt Scheme - Banking and PSU Fund,09-12-2016,141.26740
119551,Aditya Birla Sun Life Banking & PSU Debt Fund  - DIRECT - IDCW,Aditya Birla Sun Life Mutual Fund,Open Ended Schemes,Debt Scheme - Banking and PSU Fund,08-12-2016,141.32800
119551,Aditya Birla Sun Life Banking & PSU Debt Fund  - DIRECT - IDCW,Aditya Birla Sun Life Mutual Fund,Open Ended Schemes,Debt Scheme - Banking and PSU Fund,07-12-2016,141.47590
119551,Aditya Birla Sun Life Banking & PSU Debt Fund  - DIRECT - IDCW,Aditya Birla Sun Life Mutual Fund,Open Ended Schemes,Debt Scheme - Banking and PSU Fund,06-12-2016,142.77470
119551,Aditya Birla Sun Life Banking & PSU Debt Fund  - DIRECT - IDCW,Aditya Birla Sun Life Mutual Fund,Open Ended Schemes,Debt Scheme - Banking and PSU Fund,05-12-2016,142.67270
119551,Aditya Birla Sun Life Banking & PSU Debt Fund  - DIRECT - IDCW,Aditya Birla Sun Life Mutual Fund,Open Ended Schemes,Debt Scheme - Banking and PSU Fund,02-12-2016,142.55390
119551,Aditya Birla Sun Life Banking & PSU Debt Fund  - DIRECT - IDCW,Aditya Birla Sun Life Mutual Fund,Open Ended Schemes,Debt Scheme - Banking and PSU Fund,01-12-2016,142.66780
119551,Aditya Birla Sun Life Banking & PSU Debt Fund  - DIRECT - IDCW,Aditya Birla Sun Life Mutual Fund,Open Ended Schemes,Debt Scheme - Banking and PSU Fund,30-11-2016,142.54170
119551,Aditya Birla Sun Life Banking & PSU Debt Fund  - DIRECT - IDCW,Aditya Birla Sun Life Mutual Fund,Open Ended Schemes,Debt Scheme - Banking and PSU Fund,29-11-2016,142.22120
119551,Aditya Birla Sun Life Banking & PSU Debt Fund  - DIRECT - IDCW,Aditya Birla Sun Life Mutual Fund,Open Ended Schemes,Debt Scheme - Banking and PSU Fund,28-11-2016,142.32860
119551,Aditya Birla Sun Life Banking & PSU Debt Fund  - DIRECT - IDCW,Aditya Birla Sun Life Mutual Fund,Open Ended Schemes,Debt Scheme - Banking and PSU Fund,25-11-2016,142.79660
119551,Aditya Birla Sun Life Banking & PSU Debt Fund  - DIRECT - IDCW,Aditya Birla Sun Life Mutual Fund,Open Ended Schemes,Debt Scheme - Banking and PSU Fund,24-11-2016,142.94180
119551,Aditya Birla Sun Life Banking & PSU Debt Fund  - DIRECT - IDCW,Aditya Birla Sun Life Mutual Fund,Open Ended Schemes,Debt Scheme - Banking and PSU Fund,23-11-2016,142.37940
119551,Aditya Birla Sun Life Banking & PSU Debt Fund  - DIRECT - IDCW,Aditya Birla Sun Life Mutual Fund,Open Ended Schemes,Debt Scheme - Banking and PSU Fund,22-11-2016,142.06140
119551,Aditya Birla Sun Life Banking & PSU Debt Fund  - DIRECT - IDCW,Aditya Birla Sun Life Mutual Fund,Open Ended Schemes,Debt Scheme - Banking and PSU Fund,21-11-2016,142.00130
119551,Aditya Birla Sun Life Banking & PSU Debt Fund  - DIRECT - IDCW,Aditya Birla Sun Life Mutual Fund,Open Ended Schemes,Debt Scheme - Banking and PSU Fund,18-11-2016,141.21160
119551,Aditya Birla Sun Life Banking & PSU Debt Fund  - DIRECT - IDCW,Aditya Birla Sun Life Mutual Fund,Open Ended Schemes,Debt Scheme - Banking and PSU Fund,17-11-2016,141.29570
119551,Aditya Birla Sun Life Banking & PSU Debt Fund  - DIRECT - IDCW,Aditya Birla Sun Life Mutual Fund,Open Ended Schemes,Debt Scheme - Banking and PSU Fund,16-11-2016,141.21510
119551,Aditya Birla Sun Life Banking & PSU Debt Fund  - DIRECT - IDCW,Aditya Birla Sun Life Mutual Fund,Open Ended Schemes,Debt Scheme - Banking and PSU Fund,15-11-2016,140.63120
119551,Aditya Birla Sun Life Banking & PSU Debt Fund  - DIRECT - IDCW,Aditya Birla Sun Life Mutual Fund,Open Ended Schemes,Debt Scheme - Banking and PSU Fund,11-11-2016,139.58130
119551,Aditya Birla Sun Life Banking & PSU Debt Fund  - DIRECT - IDCW,Aditya Birla Sun Life Mutual Fund,Open Ended Schemes,Debt Scheme - Banking and PSU Fund,10-11-2016,139.76690
119551,Aditya Birla Sun Life Banking & PSU Debt Fund  - DIRECT - IDCW,Aditya Birla Sun Life Mutual Fund,Open Ended Schemes,Debt Scheme - Banking and PSU Fund,09-11-2016,139.53530
119551,Aditya Birla Sun Life Banking & PSU Debt Fund  - DIRECT - IDCW,Aditya Birla Sun Life Mutual Fund,Open Ended Schemes,Debt Scheme - Banking and PSU Fund,08-11-2016,139.02890
119551,Aditya Birla Sun Life Banking & PSU Debt Fund  - DIRECT - IDCW,Aditya Birla Sun Life Mutual Fund,Open Ended Schemes,Debt Scheme - Banking and PSU Fund,07-11-2016,138.93420
119551,Aditya Birla Sun Life Banking & PSU Debt Fund  - DIRECT - IDCW,Aditya Birla Sun Life Mutual Fund,Open Ended Schemes,Debt Scheme - Banking and PSU Fund,04-11-2016,138.84350
119551,Aditya Birla Sun Life Banking & PSU Debt Fund  - DIRECT - IDCW,Aditya Birla Sun Life Mutual Fund,Open Ended Schemes,Debt Scheme - Banking and PSU Fund,03-11-2016,138.90470
119551,Aditya Birla Sun Life Banking & PSU Debt Fund  - DIRECT - IDCW,Aditya Birla Sun Life Mutual Fund,Open Ended Schemes,Debt Scheme - Banking and PSU Fund,02-11-2016,138.92010
119551,Aditya Birla Sun Life Banking & PSU Debt Fund  - DIRECT - IDCW,Aditya Birla Sun Life Mutual Fund,Open Ended Schemes,Debt Scheme - Banking and PSU Fund,01-11-2016,138.92850
119551,Aditya Birla Sun Life Banking & PSU Debt Fund  - DIRECT - IDCW,Aditya Birla Sun Life Mutual Fund,Open Ended Schemes,Debt Scheme - Banking and PSU Fund,28-10-2016,138.90020
119551,Aditya Birla Sun Life Banking & PSU Debt Fund  - DIRECT - IDCW,Aditya Birla Sun Life Mutual Fund,Open Ended Schemes,Debt Scheme - Banking and PSU Fund,27-10-2016,138.89320
119551,Aditya Birla Sun Life Banking & PSU Debt Fund  - DIRECT - IDCW,Aditya Birla Sun Life Mutual Fund,Open Ended Schemes,Debt Scheme - Banking and PSU Fund,26-10-2016,138.93240
119551,Aditya Birla Sun Life Banking & PSU Debt Fund  - DIRECT - IDCW,Aditya Birla Sun Life Mutual Fund,Open Ended Schemes,Debt Scheme - Banking and PSU Fund,25-10-2016,138.91700
119551,Aditya Birla Sun Life Banking & PSU Debt Fund  - DIRECT - IDCW,Aditya Birla Sun Life Mutual Fund,Open Ended Schemes,Debt Scheme - Banking and PSU Fund,24-10-2016,138.98920
119551,Aditya Birla Sun Life Banking & PSU Debt Fund  - DIRECT - IDCW,Aditya Birla Sun Life Mutual Fund,Open Ended Schemes,Debt Scheme - Banking and PSU Fund,21-10-2016,138.92520
119551,Aditya Birla Sun Life Banking & PSU Debt Fund  - DIRECT - IDCW,Aditya Birla Sun Life Mutual Fund,Open Ended Schemes,Debt Scheme - Banking and PSU Fund,20-10-2016,138.92000
119551,Aditya Birla Sun Life Banking & PSU Debt Fund  - DIRECT - IDCW,Aditya Birla Sun Life Mutual Fund,Open Ended Schemes,Debt Scheme - Banking and PSU Fund,19-10-2016,138.96860
119551,Aditya Birla Sun Life Banking & PSU Debt Fund  - DIRECT - IDCW,Aditya Birla Sun Life Mutual Fund,Open Ended Schemes,Debt Scheme - Banking and PSU Fund,18-10-2016,138.97710
119551,Aditya Birla Sun Life Banking & PSU Debt Fund  - DIRECT - IDCW,Aditya Birla Sun Life Mutual Fund,Open Ended Schemes,Debt Scheme - Banking and PSU Fund,17-10-2016,138.86960
119551,Aditya Birla Sun Life Banking & PSU Debt Fund  - DIRECT - IDCW,Aditya Birla Sun Life Mutual Fund,Open Ended Schemes,Debt Scheme - Banking and PSU Fund,14-10-2016,138.85840
119551,Aditya Birla Sun Life Banking & PSU Debt Fund  - DIRECT - IDCW,Aditya Birla Sun Life Mutual Fund,Open Ended Schemes,Debt Scheme - Banking and PSU Fund,13-10-2016,138.97110
119551,Aditya Birla Sun Life Banking & PSU Debt Fund  - DIRECT - IDCW,Aditya Birla Sun Life Mutual Fund,Open Ended Schemes,Debt Scheme - Banking and PSU Fund,10-10-2016,139.00350
119551,Aditya Birla Sun Life Banking & PSU Debt Fund  - DIRECT - IDCW,Aditya Birla Sun Life Mutual Fund,Open Ended Schemes,Debt Scheme - Banking and PSU Fund,07-10-2016,138.77640
119551,Aditya Birla Sun Life Banking & PSU Debt Fund  - DIRECT - IDCW,Aditya Birla Sun Life Mutual Fund,Open Ended Schemes,Debt Scheme - Banking and PSU Fund,06-10-2016,138.89240
119551,Aditya Birla Sun Life Banking & PSU Debt Fund  - DIRECT - IDCW,Aditya Birla Sun Life Mutual Fund,Open Ended Schemes,Debt Scheme - Banking and PSU Fund,05-10-2016,138.92680
119551,Aditya Birla Sun Life Banking & PSU Debt Fund  - DIRECT - IDCW,Aditya Birla Sun Life Mutual Fund,Open Ended Schemes,Debt Scheme - Banking and PSU Fund,04-10-2016,138.50070
119551,Aditya Birla Sun Life Banking & PSU Debt Fund  - DIRECT - IDCW,Aditya Birla Sun Life Mutual Fund,Open Ended Schemes,Debt Scheme - Banking and PSU Fund,03-10-2016,138.24150
119551,Aditya Birla Sun Life Banking & PSU Debt Fund  - DIRECT - IDCW,Aditya Birla Sun Life Mutual Fund,Open Ended Schemes,Debt Scheme - Banking and PSU Fund,30-09-2016,137.86650
119551,Aditya Birla Sun Life Banking & PSU Debt Fund  - DIRECT - IDCW,Aditya Birla Sun Life Mutual Fund,Open Ended Schemes,Debt Scheme - Banking and PSU Fund,29-09-2016,137.73070
119551,Aditya Birla Sun Life Banking & PSU Debt Fund  - DIRECT - IDCW,Aditya Birla Sun Life Mutual Fund,Open Ended Schemes,Debt Scheme - Banking and PSU Fund,28-09-2016,138.02840
119551,Aditya Birla Sun Life Banking & PSU Debt Fund  - DIRECT - IDCW,Aditya Birla Sun Life Mutual Fund,Open Ended Schemes,Debt Scheme - Banking and PSU Fund,27-09-2016,137.94700
119551,Aditya Birla Sun Life Banking & PSU Debt Fund  - DIRECT - IDCW,Aditya Birla Sun Life Mutual Fund,Open Ended Schemes,Debt Scheme - Banking and PSU Fund,26-09-2016,137.83240
119551,Aditya Birla Sun Life Banking & PSU Debt Fund  - DIRECT - IDCW,Aditya Birla Sun Life Mutual Fund,Open Ended Schemes,Debt Scheme - Banking and PSU Fund,23-09-2016,137.56010
119551,Aditya Birla Sun Life Banking & PSU Debt Fund  - DIRECT - IDCW,Aditya Birla Sun Life Mutual Fund,Open Ended Schemes,Debt Scheme - Banking and PSU Fund,22-09-2016,137.42410
119551,Aditya Birla Sun Life Banking & PSU Debt Fund  - DIRECT - IDCW,Aditya Birla Sun Life Mutual Fund,Open Ended Schemes,Debt Scheme - Banking and PSU Fund,21-09-2016,137.09700
119551,Aditya Birla Sun Life Banking & PSU Debt Fund  - DIRECT - IDCW,Aditya Birla Sun Life Mutual Fund,Open Ended Schemes,Debt Scheme - Banking and PSU Fund,20-09-2016,136.99860
119551,Aditya Birla Sun Life Banking & PSU Debt Fund  - DIRECT - IDCW,Aditya Birla Sun Life Mutual Fund,Open Ended Schemes,Debt Scheme - Banking and PSU Fund,19-09-2016,137.01390
119551,Aditya Birla Sun Life Banking & PSU Debt Fund  - DIRECT - IDCW,Aditya Birla Sun Life Mutual Fund,Open Ended Schemes,Debt Scheme - Banking and PSU Fund,16-09-2016,136.97100
119551,Aditya Birla Sun Life Banking & PSU Debt Fund  - DIRECT - IDCW,Aditya Birla Sun Life Mutual Fund,Open Ended Schemes,Debt Scheme - Banking and PSU Fund,15-09-2016,136.89260
119551,Aditya Birla Sun Life Banking & PSU Debt Fund  - DIRECT - IDCW,Aditya Birla Sun Life Mutual Fund,Open Ended Schemes,Debt Scheme - Banking and PSU Fund,14-09-2016,136.82190
119551,Aditya Birla Sun Life Banking & PSU Debt Fund  - DIRECT - IDCW,Aditya Birla Sun Life Mutual Fund,Open Ended Schemes,Debt Scheme - Banking and PSU Fund,12-09-2016,136.85000
119551,Aditya Birla Sun Life Banking & PSU Debt Fund  - DIRECT - IDCW,Aditya Birla Sun Life Mutual Fund,Open Ended Schemes,Debt Scheme - Banking and PSU Fund,09-09-2016,136.90630
119551,Aditya Birla Sun Life Banking & PSU Debt Fund  - DIRECT - IDCW,Aditya Birla Sun Life Mutual Fund,Open Ended Schemes,Debt Scheme - Banking and PSU Fund,08-09-2016,136.85890
119551,Aditya Birla Sun Life Banking & PSU Debt Fund  - DIRECT - IDCW,Aditya Birla Sun Life Mutual Fund,Open Ended Schemes,Debt Scheme - Banking and PSU Fund,07-09-2016,136.79790
119551,Aditya Birla Sun Life Banking & PSU Debt Fund  - DIRECT - IDCW,Aditya Birla Sun Life Mutual Fund,Open Ended Schemes,Debt Scheme - Banking and PSU Fund,06-09-2016,136.54100
119551,Aditya Birla Sun Life Banking & PSU Debt Fund  - DIRECT - IDCW,Aditya Birla Sun Life Mutual Fund,Open Ended Schemes,Debt Scheme - Banking and PSU Fund,02-09-2016,136.35170
119551,Aditya Birla Sun Life Banking & PSU Debt Fund  - DIRECT - IDCW,Aditya Birla Sun Life Mutual Fund,Open Ended Schemes,Debt Scheme - Banking and PSU Fund,01-09-2016,136.35840
119551,Aditya Birla Sun Life Banking & PSU Debt Fund  - DIRECT - IDCW,Aditya Birla Sun Life Mutual Fund,Open Ended Schemes,Debt Scheme - Banking and PSU Fund,31-08-2016,136.35150
119551,Aditya Birla Sun Life Banking & PSU Debt Fund  - DIRECT - IDCW,Aditya Birla Sun Life Mutual Fund,Open Ended Schemes,Debt Scheme - Banking and PSU Fund,30-08-2016,136.31200
119551,Aditya Birla Sun Life Banking & PSU Debt Fund  - DIRECT - IDCW,Aditya Birla Sun Life Mutual Fund,Open Ended Schemes,Debt Scheme - Banking and PSU Fund,29-08-2016,136.22050
119551,Aditya Birla Sun Life Banking & PSU Debt Fund  - DIRECT - IDCW,Aditya Birla Sun Life Mutual Fund,Open Ended Schemes,Debt Scheme - Banking and PSU Fund,26-08-2016,136.07430
119551,Aditya Birla Sun Life Banking & PSU Debt Fund  - DIRECT - IDCW,Aditya Birla Sun Life Mutual Fund,Open Ended Schemes,Debt Scheme - Banking and PSU Fund,25-08-2016,136.02960
119551,Aditya Birla Sun Life Banking & PSU Debt Fund  - DIRECT - IDCW,Aditya Birla Sun Life Mutual Fund,Open Ended Schemes,Debt Scheme - Banking and PSU Fund,24-08-2016,135.91120
119551,Aditya Birla Sun Life Banking & PSU Debt Fund  - DIRECT - IDCW,Aditya Birla Sun Life Mutual Fund,Open Ended Schemes,Debt Scheme - Banking and PSU Fund,23-08-2016,135.75060
119551,Aditya Birla Sun Life Banking & PSU Debt Fund  - DIRECT - IDCW,Aditya Birla Sun Life Mutual Fund,Open Ended Schemes,Debt Scheme - Banking and PSU Fund,22-08-2016,135.71830
119551,Aditya Birla Sun Life Banking & PSU Debt Fund  - DIRECT - IDCW,Aditya Birla Sun Life Mutual Fund,Open Ended Schemes,Debt Scheme - Banking and PSU Fund,19-08-2016,135.86870
119551,Aditya Birla Sun Life Banking & PSU Debt Fund  - DIRECT - IDCW,Aditya Birla Sun Life Mutual Fund,Open Ended Schemes,Debt Scheme - Banking and PSU Fund,18-08-2016,135.73430
119551,Aditya Birla Sun Life Banking & PSU Debt Fund  - DIRECT - IDCW,Aditya Birla Sun Life Mutual Fund,Open Ended Schemes,Debt Scheme - Banking and PSU Fund,16-08-2016,135.89020
119551,Aditya Birla Sun Life Banking & PSU Debt Fund  - DIRECT - IDCW,Aditya Birla Sun Life Mutual Fund,Open Ended Schemes,Debt Scheme - Banking and PSU Fund,12-08-2016,135.81820
119551,Aditya Birla Sun Life Banking & PSU Debt Fund  - DIRECT - IDCW,Aditya Birla Sun Life Mutual Fund,Open Ended Schemes,Debt Scheme - Banking and PSU Fund,11-08-2016,135.82910
119551,Aditya Birla Sun Life Banking & PSU Debt Fund  - DIRECT - IDCW,Aditya Birla Sun Life Mutual Fund,Open Ended Schemes,Debt Scheme - Banking and PSU Fund,10-08-2016,135.58380
119551,Aditya Birla Sun Life Banking & PSU Debt Fund  - DIRECT - IDCW,Aditya Birla Sun Life Mutual Fund,Open Ended Schemes,Debt Scheme - Banking and PSU Fund,09-08-2016,135.36060
119551,Aditya Birla Sun Life Banking & PSU Debt Fund  - DIRECT - IDCW,Aditya Birla Sun Life Mutual Fund,Open Ended Schemes,Debt Scheme - Banking and PSU Fund,08-08-2016,135.03870
119551,Aditya Birla Sun Life Banking & PSU Debt Fund  - DIRECT - IDCW,Aditya Birla Sun Life Mutual Fund,Open Ended Schemes,Debt Scheme - Banking and PSU Fund,05-08-2016,134.93770
119551,Aditya Birla Sun Life Banking & PSU Debt Fund  - DIRECT - IDCW,Aditya Birla Sun Life Mutual Fund,Open Ended Schemes,Debt Scheme - Banking and PSU Fund,04-08-2016,134.86550
119551,Aditya Birla Sun Life Banking & PSU Debt Fund  - DIRECT - IDCW,Aditya Birla Sun Life Mutual Fund,Open Ended Schemes,Debt Scheme - Banking and PSU Fund,03-08-2016,134.73770
119551,Aditya Birla Sun Life Banking & PSU Debt Fund  - DIRECT - IDCW,Aditya Birla Sun Life Mutual Fund,Open Ended Schemes,Debt Scheme - Banking and PSU Fund,02-08-2016,134.84880
119551,Aditya Birla Sun Life Banking & PSU Debt Fund  - DIRECT - IDCW,Aditya Birla Sun Life Mutual Fund,Open Ended Schemes,Debt Scheme - Banking and PSU Fund,01-08-2016,134.97120
119551,Aditya Birla Sun Life Banking & PSU Debt Fund  - DIRECT - IDCW,Aditya Birla Sun Life Mutual Fund,Open Ended Schemes,Debt Scheme - Banking and PSU Fund,29-07-2016,134.73250
119551,Aditya Birla Sun Life Banking & PSU Debt Fund  - DIRECT - IDCW,Aditya Birla Sun Life Mutual Fund,Open Ended Schemes,Debt Scheme - Banking and PSU Fund,28-07-2016,134.59850
119551,Aditya Birla Sun Life Banking & PSU Debt Fund  - DIRECT - IDCW,Aditya Birla Sun Life Mutual Fund,Open Ended Schemes,Debt Scheme - Banking and PSU Fund,27-07-2016,134.17880
119551,Aditya Birla Sun Life Banking & PSU Debt Fund  - DIRECT - IDCW,Aditya Birla Sun Life Mutual Fund,Open Ended Schemes,Debt Scheme - Banking and PSU Fund,26-07-2016,134.15310
119551,Aditya Birla Sun Life Banking & PSU Debt Fund  - DIRECT - IDCW,Aditya Birla Sun Life Mutual Fund,Open Ended Schemes,Debt Scheme - Banking and PSU Fund,25-07-2016,134.09890
119551,Aditya Birla Sun Life Banking & PSU Debt Fund  - DIRECT - IDCW,Aditya Birla Sun Life Mutual Fund,Open Ended Schemes,Debt Scheme - Banking and PSU Fund,22-07-2016,133.96220
119551,Aditya Birla Sun Life Banking & PSU Debt Fund  - DIRECT - IDCW,Aditya Birla Sun Life Mutual Fund,Open Ended Schemes,Debt Scheme - Banking and PSU Fund,21-07-2016,133.85440
119551,Aditya Birla Sun Life Banking & PSU Debt Fund  - DIRECT - IDCW,Aditya Birla Sun Life Mutual Fund,Open Ended Schemes,Debt Scheme - Banking and PSU Fund,20-07-2016,133.74950
119551,Aditya Birla Sun Life Banking & PSU Debt Fund  - DIRECT - IDCW,Aditya Birla Sun Life Mutual Fund,Open Ended Schemes,Debt Scheme - Banking and PSU Fund,19-07-2016,133.61340
119551,Aditya Birla Sun Life Banking & PSU Debt Fund  - DIRECT - IDCW,Aditya Birla Sun Life Mutual Fund,Open Ended Schemes,Debt Scheme - Banking and PSU Fund,18-07-2016,133.48250
119551,Aditya Birla Sun Life Banking & PSU Debt Fund  - DIRECT - IDCW,Aditya Birla Sun Life Mutual Fund,Open Ended Schemes,Debt Scheme - Banking and PSU Fund,15-07-2016,133.46580
119551,Aditya Birla Sun Life Banking & PSU Debt Fund  - DIRECT - IDCW,Aditya Birla Sun Life Mutual Fund,Open Ended Schemes,Debt Scheme - Banking and PSU Fund,14-07-2016,133.39270
119551,Aditya Birla Sun Life Banking & PSU Debt Fund  - DIRECT - IDCW,Aditya Birla Sun Life Mutual Fund,Open Ended Schemes,Debt Scheme - Banking and PSU Fund,13-07-2016,133.32120
119551,Aditya Birla Sun Life Banking & PSU Debt Fund  - DIRECT - IDCW,Aditya Birla Sun Life Mutual Fund,Open Ended Schemes,Debt Scheme - Banking and PSU Fund,12-07-2016,133.01560
119551,Aditya Birla Sun Life Banking & PSU Debt Fund  - DIRECT - IDCW,Aditya Birla Sun Life Mutual Fund,Open Ended Schemes,Debt Scheme - Banking and PSU Fund,11-07-2016,132.68350
119551,Aditya Birla Sun Life Banking & PSU Debt Fund  - DIRECT - IDCW,Aditya Birla Sun Life Mutual Fund,Open Ended Schemes,Debt Scheme - Banking and PSU Fund,08-07-2016,132.56790
119551,Aditya Birla Sun Life Banking & PSU Debt Fund  - DIRECT - IDCW,Aditya Birla Sun Life Mutual Fund,Open Ended Schemes,Debt Scheme - Banking and PSU Fund,07-07-2016,132.51120
119551,Aditya Birla Sun Life Banking & PSU Debt Fund  - DIRECT - IDCW,Aditya Birla Sun Life Mutual Fund,Open Ended Schemes,Debt Scheme - Banking and PSU Fund,05-07-2016,132.38580
119551,Aditya Birla Sun Life Banking & PSU Debt Fund  - DIRECT - IDCW,Aditya Birla Sun Life Mutual Fund,Open Ended Schemes,Debt Scheme - Banking and PSU Fund,04-07-2016,132.14920
119551,Aditya Birla Sun Life Banking & PSU Debt Fund  - DIRECT - IDCW,Aditya Birla Sun Life Mutual Fund,Open Ended Schemes,Debt Scheme - Banking and PSU Fund,01-07-2016,132.04590
119551,Aditya Birla Sun Life Banking & PSU Debt Fund  - DIRECT - IDCW,Aditya Birla Sun Life Mutual Fund,Open Ended Schemes,Debt Scheme - Banking and PSU Fund,30-06-2016,131.86460
119551,Aditya Birla Sun Life Banking & PSU Debt Fund  - DIRECT - IDCW,Aditya Birla Sun Life Mutual Fund,Open Ended Schemes,Debt Scheme - Banking and PSU Fund,29-06-2016,131.80080
119551,Aditya Birla Sun Life Banking & PSU Debt Fund  - DIRECT - IDCW,Aditya Birla Sun Life Mutual Fund,Open Ended Schemes,Debt Scheme - Banking and PSU Fund,28-06-2016,131.70770
119551,Aditya Birla Sun Life Banking & PSU Debt Fund  - DIRECT - IDCW,Aditya Birla Sun Life Mutual Fund,Open Ended Schemes,Debt Scheme - Banking and PSU Fund,27-06-2016,131.66530
119551,Aditya Birla Sun Life Banking & PSU Debt Fund  - DIRECT - IDCW,Aditya Birla Sun Life Mutual Fund,Open Ended Schemes,Debt Scheme - Banking and PSU Fund,24-06-2016,131.48750
119551,Aditya Birla Sun Life Banking & PSU Debt Fund  - DIRECT - IDCW,Aditya Birla Sun Life Mutual Fund,Open Ended Schemes,Debt Scheme - Banking and PSU Fund,23-06-2016,131.46810
119551,Aditya Birla Sun Life Banking & PSU Debt Fund  - DIRECT - IDCW,Aditya Birla Sun Life Mutual Fund,Open Ended Schemes,Debt Scheme - Banking and PSU Fund,22-06-2016,131.40240
119551,Aditya Birla Sun Life Banking & PSU Debt Fund  - DIRECT - IDCW,Aditya Birla Sun Life Mutual Fund,Open Ended Schemes,Debt Scheme - Banking and PSU Fund,21-06-2016,131.31680
119551,Aditya Birla Sun Life Banking & PSU Debt Fund  - DIRECT - IDCW,Aditya Birla Sun Life Mutual Fund,Open Ended Schemes,Debt Scheme - Banking and PSU Fund,20-06-2016,131.24550
119551,Aditya Birla Sun Life Banking & PSU Debt Fund  - DIRECT - IDCW,Aditya Birla Sun Life Mutual Fund,Open Ended Schemes,Debt Scheme - Banking and PSU Fund,17-06-2016,131.19830
119551,Aditya Birla Sun Life Banking & PSU Debt Fund  - DIRECT - IDCW,Aditya Birla Sun Life Mutual Fund,Open Ended Schemes,Debt Scheme - Banking and PSU Fund,16-06-2016,131.16480
119551,Aditya Birla Sun Life Banking & PSU Debt Fund  - DIRECT - IDCW,Aditya Birla Sun Life Mutual Fund,Open Ended Schemes,Debt Scheme - Banking and PSU Fund,15-06-2016,131.08800
119551,Aditya Birla Sun Life Banking & PSU Debt Fund  - DIRECT - IDCW,Aditya Birla Sun Life Mutual Fund,Open Ended Schemes,Debt Scheme - Banking and PSU Fund,14-06-2016,131.04720
119551,Aditya Birla Sun Life Banking & PSU Debt Fund  - DIRECT - IDCW,Aditya Birla Sun Life Mutual Fund,Open Ended Schemes,Debt Scheme - Banking and PSU Fund,13-06-2016,131.01260
119551,Aditya Birla Sun Life Banking & PSU Debt Fund  - DIRECT - IDCW,Aditya Birla Sun Life Mutual Fund,Open Ended Schemes,Debt Scheme - Banking and PSU Fund,10-06-2016,131.03280
119551,Aditya Birla Sun Life Banking & PSU Debt Fund  - DIRECT - IDCW,Aditya Birla Sun Life Mutual Fund,Open Ended Schemes,Debt Scheme - Banking and PSU Fund,09-06-2016,131.00600
119551,Aditya Birla Sun Life Banking & PSU Debt Fund  - DIRECT - IDCW,Aditya Birla Sun Life Mutual Fund,Open Ended Schemes,Debt Scheme - Banking and PSU Fund,08-06-2016,130.97130
119551,Aditya Birla Sun Life Banking & PSU Debt Fund  - DIRECT - IDCW,Aditya Birla Sun Life Mutual Fund,Open Ended Schemes,Debt Scheme - Banking and PSU Fund,07-06-2016,130.94980
119551,Aditya Birla Sun Life Banking & PSU Debt Fund  - DIRECT - IDCW,Aditya Birla Sun Life Mutual Fund,Open Ended Schemes,Debt Scheme - Banking and PSU Fund,06-06-2016,130.94180
119551,Aditya Birla Sun Life Banking & PSU Debt Fund  - DIRECT - IDCW,Aditya Birla Sun Life Mutual Fund,Open Ended Schemes,Debt Scheme - Banking and PSU Fund,03-06-2016,130.80970
119551,Aditya Birla Sun Life Banking & PSU Debt Fund  - DIRECT - IDCW,Aditya Birla Sun Life Mutual Fund,Open Ended Schemes,Debt Scheme - Banking and PSU Fund,02-06-2016,130.77460
119551,Aditya Birla Sun Life Banking & PSU Debt Fund  - DIRECT - IDCW,Aditya Birla Sun Life Mutual Fund,Open Ended Schemes,Debt Scheme - Banking and PSU Fund,01-06-2016,130.73440
119551,Aditya Birla Sun Life Banking & PSU Debt Fund  - DIRECT - IDCW,Aditya Birla Sun Life Mutual Fund,Open Ended Schemes,Debt Scheme - Banking and PSU Fund,31-05-2016,130.75490
119551,Aditya Birla Sun Life Banking & PSU Debt Fund  - DIRECT - IDCW,Aditya Birla Sun Life Mutual Fund,Open Ended Schemes,Debt Scheme - Banking and PSU Fund,30-05-2016,130.74410
119551,Aditya Birla Sun Life Banking & PSU Debt Fund  - DIRECT - IDCW,Aditya Birla Sun Life Mutual Fund,Open Ended Schemes,Debt Scheme - Banking and PSU Fund,27-05-2016,130.66150
119551,Aditya Birla Sun Life Banking & PSU Debt Fund  - DIRECT - IDCW,Aditya Birla Sun Life Mutual Fund,Open Ended Schemes,Debt Scheme - Banking and PSU Fund,26-05-2016,130.63260
119551,Aditya Birla Sun Life Banking & PSU Debt Fund  - DIRECT - IDCW,Aditya Birla Sun Life Mutual Fund,Open Ended Schemes,Debt Scheme - Banking and PSU Fund,25-05-2016,130.63250
119551,Aditya Birla Sun Life Banking & PSU Debt Fund  - DIRECT - IDCW,Aditya Birla Sun Life Mutual Fund,Open Ended Schemes,Debt Scheme - Banking and PSU Fund,24-05-2016,130.60430
119551,Aditya Birla Sun Life Banking & PSU Debt Fund  - DIRECT - IDCW,Aditya Birla Sun Life Mutual Fund,Open Ended Schemes,Debt Scheme - Banking and PSU Fund,23-05-2016,130.57550
119551,Aditya Birla Sun Life Banking & PSU Debt Fund  - DIRECT - IDCW,Aditya Birla Sun Life Mutual Fund,Open Ended Schemes,Debt Scheme - Banking and PSU Fund,20-05-2016,130.46140
119551,Aditya Birla Sun Life Banking & PSU Debt Fund  - DIRECT - IDCW,Aditya Birla Sun Life Mutual Fund,Open Ended Schemes,Debt Scheme - Banking and PSU Fund,19-05-2016,130.48210
119551,Aditya Birla Sun Life Banking & PSU Debt Fund  - DIRECT - IDCW,Aditya Birla Sun Life Mutual Fund,Open Ended Schemes,Debt Scheme - Banking and PSU Fund,18-05-2016,130.42250
119551,Aditya Birla Sun Life Banking & PSU Debt Fund  - DIRECT - IDCW,Aditya Birla Sun Life Mutual Fund,Open Ended Schemes,Debt Scheme - Banking and PSU Fund,17-05-2016,130.44130
119551,Aditya Birla Sun Life Banking & PSU Debt Fund  - DIRECT - IDCW,Aditya Birla Sun Life Mutual Fund,Open Ended Schemes,Debt Scheme - Banking and PSU Fund,16-05-2016,130.42600
119551,Aditya Birla Sun Life Banking & PSU Debt Fund  - DIRECT - IDCW,Aditya Birla Sun Life Mutual Fund,Open Ended Schemes,Debt Scheme - Banking and PSU Fund,13-05-2016,130.35280
119551,Aditya Birla Sun Life Banking & PSU Debt Fund  - DIRECT - IDCW,Aditya Birla Sun Life Mutual Fund,Open Ended Schemes,Debt Scheme - Banking and PSU Fund,12-05-2016,130.37100
119551,Aditya Birla Sun Life Banking & PSU Debt Fund  - DIRECT - IDCW,Aditya Birla Sun Life Mutual Fund,Open Ended Schemes,Debt Scheme - Banking and PSU Fund,11-05-2016,130.30160
119551,Aditya Birla Sun Life Banking & PSU Debt Fund  - DIRECT - IDCW,Aditya Birla Sun Life Mutual Fund,Open Ended Schemes,Debt Scheme - Banking and PSU Fund,10-05-2016,130.26170
119551,Aditya Birla Sun Life Banking & PSU Debt Fund  - DIRECT - IDCW,Aditya Birla Sun Life Mutual Fund,Open Ended Schemes,Debt Scheme - Banking and PSU Fund,09-05-2016,130.21630
119551,Aditya Birla Sun Life Banking & PSU Debt Fund  - DIRECT - IDCW,Aditya Birla Sun Life Mutual Fund,Open Ended Schemes,Debt Scheme - Banking and PSU Fund,06-05-2016,130.09720
119551,Aditya Birla Sun Life Banking & PSU Debt Fund  - DIRECT - IDCW,Aditya Birla Sun Life Mutual Fund,Open Ended Schemes,Debt Scheme - Banking and PSU Fund,05-05-2016,130.07020
119551,Aditya Birla Sun Life Banking & PSU Debt Fund  - DIRECT - IDCW,Aditya Birla Sun Life Mutual Fund,Open Ended Schemes,Debt Scheme - Banking and PSU Fund,04-05-2016,130.03530
119551,Aditya Birla Sun Life Banking & PSU Debt Fund  - DIRECT - IDCW,Aditya Birla Sun Life Mutual Fund,Open Ended Schemes,Debt Scheme - Banking and PSU Fund,03-05-2016,129.97190
119551,Aditya Birla Sun Life Banking & PSU Debt Fund  - DIRECT - IDCW,Aditya Birla Sun Life Mutual Fund,Open Ended Schemes,Debt Scheme - Banking and PSU Fund,02-05-2016,129.97650
119551,Aditya Birla Sun Life Banking & PSU Debt Fund  - DIRECT - IDCW,Aditya Birla Sun Life Mutual Fund,Open Ended Schemes,Debt Scheme - Banking and PSU Fund,29-04-2016,129.91190
119551,Aditya Birla Sun Life Banking & PSU Debt Fund  - DIRECT - IDCW,Aditya Birla Sun Life Mutual Fund,Open Ended Schemes,Debt Scheme - Banking and PSU Fund,28-04-2016,129.84050
119551,Aditya Birla Sun Life Banking & PSU Debt Fund  - DIRECT - IDCW,Aditya Birla Sun Life Mutual Fund,Open Ended Schemes,Debt Scheme - Banking and PSU Fund,27-04-2016,129.79930
119551,Aditya Birla Sun Life Banking & PSU Debt Fund  - DIRECT - IDCW,Aditya Birla Sun Life Mutual Fund,Open Ended Schemes,Debt Scheme - Banking and PSU Fund,26-04-2016,129.77970
119551,Aditya Birla Sun Life Banking & PSU Debt Fund  - DIRECT - IDCW,Aditya Birla Sun Life Mutual Fund,Open Ended Schemes,Debt Scheme - Banking and PSU Fund,25-04-2016,129.77230
119551,Aditya Birla Sun Life Banking & PSU Debt Fund  - DIRECT - IDCW,Aditya Birla Sun Life Mutual Fund,Open Ended Schemes,Debt Scheme - Banking and PSU Fund,22-04-2016,129.71550
119551,Aditya Birla Sun Life Banking & PSU Debt Fund  - DIRECT - IDCW,Aditya Birla Sun Life Mutual Fund,Open Ended Schemes,Debt Scheme - Banking and PSU Fund,21-04-2016,129.63560
119551,Aditya Birla Sun Life Banking & PSU Debt Fund  - DIRECT - IDCW,Aditya Birla Sun Life Mutual Fund,Open Ended Schemes,Debt Scheme - Banking and PSU Fund,20-04-2016,129.76010
119551,Aditya Birla Sun Life Banking & PSU Debt Fund  - DIRECT - IDCW,Aditya Birla Sun Life Mutual Fund,Open Ended Schemes,Debt Scheme - Banking and PSU Fund,18-04-2016,129.75200
119551,Aditya Birla Sun Life Banking & PSU Debt Fund  - DIRECT - IDCW,Aditya Birla Sun Life Mutual Fund,Open Ended Schemes,Debt Scheme - Banking and PSU Fund,13-04-2016,129.55950
119551,Aditya Birla Sun Life Banking & PSU Debt Fund  - DIRECT - IDCW,Aditya Birla Sun Life Mutual Fund,Open Ended Schemes,Debt Scheme - Banking and PSU Fund,12-04-2016,129.68580
119551,Aditya Birla Sun Life Banking & PSU Debt Fund  - DIRECT - IDCW,Aditya Birla Sun Life Mutual Fund,Open Ended Schemes,Debt Scheme - Banking and PSU Fund,11-04-2016,129.60380
119551,Aditya Birla Sun Life Banking & PSU Debt Fund  - DIRECT - IDCW,Aditya Birla Sun Life Mutual Fund,Open Ended Schemes,Debt Scheme - Banking and PSU Fund,07-04-2016,129.34940
119551,Aditya Birla Sun Life Banking & PSU Debt Fund  - DIRECT - IDCW,Aditya Birla Sun Life Mutual Fund,Open Ended Schemes,Debt Scheme - Banking and PSU Fund,06-04-2016,129.19030
119551,Aditya Birla Sun Life Banking & PSU Debt Fund  - DIRECT - IDCW,Aditya Birla Sun Life Mutual Fund,Open Ended Schemes,Debt Scheme - Banking and PSU Fund,05-04-2016,129.08310
119551,Aditya Birla Sun Life Banking & PSU Debt Fund  - DIRECT - IDCW,Aditya Birla Sun Life Mutual Fund,Open Ended Schemes,Debt Scheme - Banking and PSU Fund,04-04-2016,129.03800
119551,Aditya Birla Sun Life Banking & PSU Debt Fund  - DIRECT - IDCW,Aditya Birla Sun Life Mutual Fund,Open Ended Schemes,Debt Scheme - Banking and PSU Fund,31-03-2016,128.57890
119551,Aditya Birla Sun Life Banking & PSU Debt Fund  - DIRECT - IDCW,Aditya Birla Sun Life Mutual Fund,Open Ended Schemes,Debt Scheme - Banking and PSU Fund,30-03-2016,128.26530
119551,Aditya Birla Sun Life Banking & PSU Debt Fund  - DIRECT - IDCW,Aditya Birla Sun Life Mutual Fund,Open Ended Schemes,Debt Scheme - Banking and PSU Fund,29-03-2016,128.23410
119551,Aditya Birla Sun Life Banking & PSU Debt Fund  - DIRECT - IDCW,Aditya Birla Sun Life Mutual Fund,Open Ended Schemes,Debt Scheme - Banking and PSU Fund,28-03-2016,128.31030
119551,Aditya Birla Sun Life Banking & PSU Debt Fund  - DIRECT - IDCW,Aditya Birla Sun Life Mutual Fund,Open Ended Schemes,Debt Scheme - Banking and PSU Fund,23-03-2016,128.06750
119551,Aditya Birla Sun Life Banking & PSU Debt Fund  - DIRECT - IDCW,Aditya Birla Sun Life Mutual Fund,Open Ended Schemes,Debt Scheme - Banking and PSU Fund,22-03-2016,128.05790
119551,Aditya Birla Sun Life Banking & PSU Debt Fund  - DIRECT - IDCW,Aditya Birla Sun Life Mutual Fund,Open Ended Schemes,Debt Scheme - Banking and PSU Fund,21-03-2016,128.05430
119551,Aditya Birla Sun Life Banking & PSU Debt Fund  - DIRECT - IDCW,Aditya Birla Sun Life Mutual Fund,Open Ended Schemes,Debt Scheme - Banking and PSU Fund,18-03-2016,127.76730
119551,Aditya Birla Sun Life Banking & PSU Debt Fund  - DIRECT - IDCW,Aditya Birla Sun Life Mutual Fund,Open Ended Schemes,Debt Scheme - Banking and PSU Fund,17-03-2016,127.71240
119551,Aditya Birla Sun Life Banking & PSU Debt Fund  - DIRECT - IDCW,Aditya Birla Sun Life Mutual Fund,Open Ended Schemes,Debt Scheme - Banking and PSU Fund,16-03-2016,127.37190
119551,Aditya Birla Sun Life Banking & PSU Debt Fund  - DIRECT - IDCW,Aditya Birla Sun Life Mutual Fund,Open Ended Schemes,Debt Scheme - Banking and PSU Fund,15-03-2016,127.18870
119551,Aditya Birla Sun Life Banking & PSU Debt Fund  - DIRECT - IDCW,Aditya Birla Sun Life Mutual Fund,Open Ended Schemes,Debt Scheme - Banking and PSU Fund,14-03-2016,127.03520
119551,Aditya Birla Sun Life Banking & PSU Debt Fund  - DIRECT - IDCW,Aditya Birla Sun Life Mutual Fund,Open Ended Schemes,Debt Scheme - Banking and PSU Fund,11-03-2016,126.76530
119551,Aditya Birla Sun Life Banking & PSU Debt Fund  - DIRECT - IDCW,Aditya Birla Sun Life Mutual Fund,Open Ended Schemes,Debt Scheme - Banking and PSU Fund,10-03-2016,126.72300
119551,Aditya Birla Sun Life Banking & PSU Debt Fund  - DIRECT - IDCW,Aditya Birla Sun Life Mutual Fund,Open Ended Schemes,Debt Scheme - Banking and PSU Fund,09-03-2016,126.66950
119551,Aditya Birla Sun Life Banking & PSU Debt Fund  - DIRECT - IDCW,Aditya Birla Sun Life Mutual Fund,Open Ended Schemes,Debt Scheme - Banking and PSU Fund,08-03-2016,126.61890
119551,Aditya Birla Sun Life Banking & PSU Debt Fund  - DIRECT - IDCW,Aditya Birla Sun Life Mutual Fund,Open Ended Schemes,Debt Scheme - Banking and PSU Fund,04-03-2016,126.49230
119551,Aditya Birla Sun Life Banking & PSU Debt Fund  - DIRECT - IDCW,Aditya Birla Sun Life Mutual Fund,Open Ended Schemes,Debt Scheme - Banking and PSU Fund,03-03-2016,126.26710
119551,Aditya Birla Sun Life Banking & PSU Debt Fund  - DIRECT - IDCW,Aditya Birla Sun Life Mutual Fund,Open Ended Schemes,Debt Scheme - Banking and PSU Fund,02-03-2016,126.32900
119551,Aditya Birla Sun Life Banking & PSU Debt Fund  - DIRECT - IDCW,Aditya Birla Sun Life Mutual Fund,Open Ended Schemes,Debt Scheme - Banking and PSU Fund,01-03-2016,126.32150
119551,Aditya Birla Sun Life Banking & PSU Debt Fund  - DIRECT - IDCW,Aditya Birla Sun Life Mutual Fund,Open Ended Schemes,Debt Scheme - Banking and PSU Fund,29-02-2016,126.22030
119551,Aditya Birla Sun Life Banking & PSU Debt Fund  - DIRECT - IDCW,Aditya Birla Sun Life Mutual Fund,Open Ended Schemes,Debt Scheme - Banking and PSU Fund,26-02-2016,125.12140
119551,Aditya Birla Sun Life Banking & PSU Debt Fund  - DIRECT - IDCW,Aditya Birla Sun Life Mutual Fund,Open Ended Schemes,Debt Scheme - Banking and PSU Fund,25-02-2016,124.94900
119551,Aditya Birla Sun Life Banking & PSU Debt Fund  - DIRECT - IDCW,Aditya Birla Sun Life Mutual Fund,Open Ended Schemes,Debt Scheme - Banking and PSU Fund,24-02-2016,125.25910
119551,Aditya Birla Sun Life Banking & PSU Debt Fund  - DIRECT - IDCW,Aditya Birla Sun Life Mutual Fund,Open Ended Schemes,Debt Scheme - Banking and PSU Fund,23-02-2016,125.34080
119551,Aditya Birla Sun Life Banking & PSU Debt Fund  - DIRECT - IDCW,Aditya Birla Sun Life Mutual Fund,Open Ended Schemes,Debt Scheme - Banking and PSU Fund,22-02-2016,125.62620
119551,Aditya Birla Sun Life Banking & PSU Debt Fund  - DIRECT - IDCW,Aditya Birla Sun Life Mutual Fund,Open Ended Schemes,Debt Scheme - Banking and PSU Fund,18-02-2016,125.69480
119551,Aditya Birla Sun Life Banking & PSU Debt Fund  - DIRECT - IDCW,Aditya Birla Sun Life Mutual Fund,Open Ended Schemes,Debt Scheme - Banking and PSU Fund,17-02-2016,125.62370
119551,Aditya Birla Sun Life Banking & PSU Debt Fund  - DIRECT - IDCW,Aditya Birla Sun Life Mutual Fund,Open Ended Schemes,Debt Scheme - Banking and PSU Fund,16-02-2016,125.71490
119551,Aditya Birla Sun Life Banking & PSU Debt Fund  - DIRECT - IDCW,Aditya Birla Sun Life Mutual Fund,Open Ended Schemes,Debt Scheme - Banking and PSU Fund,15-02-2016,125.87460
119551,Aditya Birla Sun Life Banking & PSU Debt Fund  - DIRECT - IDCW,Aditya Birla Sun Life Mutual Fund,Open Ended Schemes,Debt Scheme - Banking and PSU Fund,12-02-2016,125.92540
119551,Aditya Birla Sun Life Banking & PSU Debt Fund  - DIRECT - IDCW,Aditya Birla Sun Life Mutual Fund,Open Ended Schemes,Debt Scheme - Banking and PSU Fund,11-02-2016,125.95170
119551,Aditya Birla Sun Life Banking & PSU Debt Fund  - DIRECT - IDCW,Aditya Birla Sun Life Mutual Fund,Open Ended Schemes,Debt Scheme - Banking and PSU Fund,10-02-2016,125.95920
119551,Aditya Birla Sun Life Banking & PSU Debt Fund  - DIRECT - IDCW,Aditya Birla Sun Life Mutual Fund,Open Ended Schemes,Debt Scheme - Banking and PSU Fund,09-02-2016,125.93700
119551,Aditya Birla Sun Life Banking & PSU Debt Fund  - DIRECT - IDCW,Aditya Birla Sun Life Mutual Fund,Open Ended Schemes,Debt Scheme - Banking and PSU Fund,08-02-2016,125.95960
119551,Aditya Birla Sun Life Banking & PSU Debt Fund  - DIRECT - IDCW,Aditya Birla Sun Life Mutual Fund,Open Ended Schemes,Debt Scheme - Banking and PSU Fund,05-02-2016,125.92070
119551,Aditya Birla Sun Life Banking & PSU Debt Fund  - DIRECT - IDCW,Aditya Birla Sun Life Mutual Fund,Open Ended Schemes,Debt Scheme - Banking and PSU Fund,04-02-2016,125.84280
119551,Aditya Birla Sun Life Banking & PSU Debt Fund  - DIRECT - IDCW,Aditya Birla Sun Life Mutual Fund,Open Ended Schemes,Debt Scheme - Banking and PSU Fund,03-02-2016,125.74660
119551,Aditya Birla Sun Life Banking & PSU Debt Fund  - DIRECT - IDCW,Aditya Birla Sun Life Mutual Fund,Open Ended Schemes,Debt Scheme - Banking and PSU Fund,02-02-2016,125.80900
119551,Aditya Birla Sun Life Banking & PSU Debt Fund  - DIRECT - IDCW,Aditya Birla Sun Life Mutual Fund,Open Ended Schemes,Debt Scheme - Banking and PSU Fund,01-02-2016,125.99330
119551,Aditya Birla Sun Life Banking & PSU Debt Fund  - DIRECT - IDCW,Aditya Birla Sun Life Mutual Fund,Open Ended Schemes,Debt Scheme - Banking and PSU Fund,29-01-2016,125.96320
119551,Aditya Birla Sun Life Banking & PSU Debt Fund  - DIRECT - IDCW,Aditya Birla Sun Life Mutual Fund,Open Ended Schemes,Debt Scheme - Banking and PSU Fund,28-01-2016,125.85120
119551,Aditya Birla Sun Life Banking & PSU Debt Fund  - DIRECT - IDCW,Aditya Birla Sun Life Mutual Fund,Open Ended Schemes,Debt Scheme - Banking and PSU Fund,27-01-2016,125.89250
119551,Aditya Birla Sun Life Banking & PSU Debt Fund  - DIRECT - IDCW,Aditya Birla Sun Life Mutual Fund,Open Ended Schemes,Debt Scheme - Banking and PSU Fund,25-01-2016,125.80710
119551,Aditya Birla Sun Life Banking & PSU Debt Fund  - DIRECT - IDCW,Aditya Birla Sun Life Mutual Fund,Open Ended Schemes,Debt Scheme - Banking and PSU Fund,22-01-2016,125.81760
119551,Aditya Birla Sun Life Banking & PSU Debt Fund  - DIRECT - IDCW,Aditya Birla Sun Life Mutual Fund,Open Ended Schemes,Debt Scheme - Banking and PSU Fund,21-01-2016,125.88650
119551,Aditya Birla Sun Life Banking & PSU Debt Fund  - DIRECT - IDCW,Aditya Birla Sun Life Mutual Fund,Open Ended Schemes,Debt Scheme - Banking and PSU Fund,20-01-2016,125.73540
119551,Aditya Birla Sun Life Banking & PSU Debt Fund  - DIRECT - IDCW,Aditya Birla Sun Life Mutual Fund,Open Ended Schemes,Debt Scheme - Banking and PSU Fund,19-01-2016,125.63690
119551,Aditya Birla Sun Life Banking & PSU Debt Fund  - DIRECT - IDCW,Aditya Birla Sun Life Mutual Fund,Open Ended Schemes,Debt Scheme - Banking and PSU Fund,18-01-2016,125.49310
119551,Aditya Birla Sun Life Banking & PSU Debt Fund  - DIRECT - IDCW,Aditya Birla Sun Life Mutual Fund,Open Ended Schemes,Debt Scheme - Banking and PSU Fund,15-01-2016,125.44980
119551,Aditya Birla Sun Life Banking & PSU Debt Fund  - DIRECT - IDCW,Aditya Birla Sun Life Mutual Fund,Open Ended Schemes,Debt Scheme - Banking and PSU Fund,14-01-2016,125.55270
119551,Aditya Birla Sun Life Banking & PSU Debt Fund  - DIRECT - IDCW,Aditya Birla Sun Life Mutual Fund,Open Ended Schemes,Debt Scheme - Banking and PSU Fund,13-01-2016,125.60790
119551,Aditya Birla Sun Life Banking & PSU Debt Fund  - DIRECT - IDCW,Aditya Birla Sun Life Mutual Fund,Open Ended Schemes,Debt Scheme - Banking and PSU Fund,12-01-2016,125.65910
119551,Aditya Birla Sun Life Banking & PSU Debt Fund  - DIRECT - IDCW,Aditya Birla Sun Life Mutual Fund,Open Ended Schemes,Debt Scheme - Banking and PSU Fund,11-01-2016,125.72590
119551,Aditya Birla Sun Life Banking & PSU Debt Fund  - DIRECT - IDCW,Aditya Birla Sun Life Mutual Fund,Open Ended Schemes,Debt Scheme - Banking and PSU Fund,08-01-2016,125.71460
119551,Aditya Birla Sun Life Banking & PSU Debt Fund  - DIRECT - IDCW,Aditya Birla Sun Life Mutual Fund,Open Ended Schemes,Debt Scheme - Banking and PSU Fund,07-01-2016,125.66480
119551,Aditya Birla Sun Life Banking & PSU Debt Fund  - DIRECT - IDCW,Aditya Birla Sun Life Mutual Fund,Open Ended Schemes,Debt Scheme - Banking and PSU Fund,06-01-2016,125.58420
119551,Aditya Birla Sun Life Banking & PSU Debt Fund  - DIRECT - IDCW,Aditya Birla Sun Life Mutual Fund,Open Ended Schemes,Debt Scheme - Banking and PSU Fund,05-01-2016,125.53800
119551,Aditya Birla Sun Life Banking & PSU Debt Fund  - DIRECT - IDCW,Aditya Birla Sun Life Mutual Fund,Open Ended Schemes,Debt Scheme - Banking and PSU Fund,04-01-2016,125.46950
119551,Aditya Birla Sun Life Banking & PSU Debt Fund  - DIRECT - IDCW,Aditya Birla Sun Life Mutual Fund,Open Ended Schemes,Debt Scheme - Banking and PSU Fund,01-01-2016,125.33590
119551,Aditya Birla Sun Life Banking & PSU Debt Fund  - DIRECT - IDCW,Aditya Birla Sun Life Mutual Fund,Open Ended Schemes,Debt Scheme - Banking and PSU Fund,31-12-2015,125.20200
119551,Aditya Birla Sun Life Banking & PSU Debt Fund  - DIRECT - IDCW,Aditya Birla Sun Life Mutual Fund,Open Ended Schemes,Debt Scheme - Banking and PSU Fund,30-12-2015,125.18000
119551,Aditya Birla Sun Life Banking & PSU Debt Fund  - DIRECT - IDCW,Aditya Birla Sun Life Mutual Fund,Open Ended Schemes,Debt Scheme - Banking and PSU Fund,29-12-2015,125.09700
119551,Aditya Birla Sun Life Banking & PSU Debt Fund  - DIRECT - IDCW,Aditya Birla Sun Life Mutual Fund,Open Ended Schemes,Debt Scheme - Banking and PSU Fund,28-12-2015,125.10040
119551,Aditya Birla Sun Life Banking & PSU Debt Fund  - DIRECT - IDCW,Aditya Birla Sun Life Mutual Fund,Open Ended Schemes,Debt Scheme - Banking and PSU Fund,23-12-2015,125.01510
119551,Aditya Birla Sun Life Banking & PSU Debt Fund  - DIRECT - IDCW,Aditya Birla Sun Life Mutual Fund,Open Ended Schemes,Debt Scheme - Banking and PSU Fund,22-12-2015,124.89580
119551,Aditya Birla Sun Life Banking & PSU Debt Fund  - DIRECT - IDCW,Aditya Birla Sun Life Mutual Fund,Open Ended Schemes,Debt Scheme - Banking and PSU Fund,21-12-2015,124.82600
119551,Aditya Birla Sun Life Banking & PSU Debt Fund  - DIRECT - IDCW,Aditya Birla Sun Life Mutual Fund,Open Ended Schemes,Debt Scheme - Banking and PSU Fund,18-12-2015,124.87840
119551,Aditya Birla Sun Life Banking & PSU Debt Fund  - DIRECT - IDCW,Aditya Birla Sun Life Mutual Fund,Open Ended Schemes,Debt Scheme - Banking and PSU Fund,17-12-2015,124.93780
119551,Aditya Birla Sun Life Banking & PSU Debt Fund  - DIRECT - IDCW,Aditya Birla Sun Life Mutual Fund,Open Ended Schemes,Debt Scheme - Banking and PSU Fund,16-12-2015,124.85200
119551,Aditya Birla Sun Life Banking & PSU Debt Fund  - DIRECT - IDCW,Aditya Birla Sun Life Mutual Fund,Open Ended Schemes,Debt Scheme - Banking and PSU Fund,15-12-2015,124.67360
119551,Aditya Birla Sun Life Banking & PSU Debt Fund  - DIRECT - IDCW,Aditya Birla Sun Life Mutual Fund,Open Ended Schemes,Debt Scheme - Banking and PSU Fund,14-12-2015,124.66570
119551,Aditya Birla Sun Life Banking & PSU Debt Fund  - DIRECT - IDCW,Aditya Birla Sun Life Mutual Fund,Open Ended Schemes,Debt Scheme - Banking and PSU Fund,11-12-2015,124.70110
119551,Aditya Birla Sun Life Banking & PSU Debt Fund  - DIRECT - IDCW,Aditya Birla Sun Life Mutual Fund,Open Ended Schemes,Debt Scheme - Banking and PSU Fund,10-12-2015,124.67870
119551,Aditya Birla Sun Life Banking & PSU Debt Fund  - DIRECT - IDCW,Aditya Birla Sun Life Mutual Fund,Open Ended Schemes,Debt Scheme - Banking and PSU Fund,09-12-2015,124.65780
119551,Aditya Birla Sun Life Banking & PSU Debt Fund  - DIRECT - IDCW,Aditya Birla Sun Life Mutual Fund,Open Ended Schemes,Debt Scheme - Banking and PSU Fund,08-12-2015,124.63560
119551,Aditya Birla Sun Life Banking & PSU Debt Fund  - DIRECT - IDCW,Aditya Birla Sun Life Mutual Fund,Open Ended Schemes,Debt Scheme - Banking and PSU Fund,07-12-2015,124.71850
119551,Aditya Birla Sun Life Banking & PSU Debt Fund  - DIRECT - IDCW,Aditya Birla Sun Life Mutual Fund,Open Ended Schemes,Debt Scheme - Banking and PSU Fund,04-12-2015,124.67200
119551,Aditya Birla Sun Life Banking & PSU Debt Fund  - DIRECT - IDCW,Aditya Birla Sun Life Mutual Fund,Open Ended Schemes,Debt Scheme - Banking and PSU Fund,03-12-2015,124.79280
119551,Aditya Birla Sun Life Banking & PSU Debt Fund  - DIRECT - IDCW,Aditya Birla Sun Life Mutual Fund,Open Ended Schemes,Debt Scheme - Banking and PSU Fund,02-12-2015,124.62930
119551,Aditya Birla Sun Life Banking & PSU Debt Fund  - DIRECT - IDCW,Aditya Birla Sun Life Mutual Fund,Open Ended Schemes,Debt Scheme - Banking and PSU Fund,01-12-2015,124.62880
119551,Aditya Birla Sun Life Banking & PSU Debt Fund  - DIRECT - IDCW,Aditya Birla Sun Life Mutual Fund,Open Ended Schemes,Debt Scheme - Banking and PSU Fund,30-11-2015,124.44190
119551,Aditya Birla Sun Life Banking & PSU Debt Fund  - DIRECT - IDCW,Aditya Birla Sun Life Mutual Fund,Open Ended Schemes,Debt Scheme - Banking and PSU Fund,27-11-2015,124.42300
119551,Aditya Birla Sun Life Banking & PSU Debt Fund  - DIRECT - IDCW,Aditya Birla Sun Life Mutual Fund,Open Ended Schemes,Debt Scheme - Banking and PSU Fund,26-11-2015,124.51720
119551,Aditya Birla Sun Life Banking & PSU Debt Fund  - DIRECT - IDCW,Aditya Birla Sun Life Mutual Fund,Open Ended Schemes,Debt Scheme - Banking and PSU Fund,24-11-2015,124.52150
119551,Aditya Birla Sun Life Banking & PSU Debt Fund  - DIRECT - IDCW,Aditya Birla Sun Life Mutual Fund,Open Ended Schemes,Debt Scheme - Banking and PSU Fund,23-11-2015,124.45230
119551,Aditya Birla Sun Life Banking & PSU Debt Fund  - DIRECT - IDCW,Aditya Birla Sun Life Mutual Fund,Open Ended Schemes,Debt Scheme - Banking and PSU Fund,20-11-2015,124.42880
119551,Aditya Birla Sun Life Banking & PSU Debt Fund  - DIRECT - IDCW,Aditya Birla Sun Life Mutual Fund,Open Ended Schemes,Debt Scheme - Banking and PSU Fund,19-11-2015,124.50050
119551,Aditya Birla Sun Life Banking & PSU Debt Fund  - DIRECT - IDCW,Aditya Birla Sun Life Mutual Fund,Open Ended Schemes,Debt Scheme - Banking and PSU Fund,18-11-2015,124.47310
119551,Aditya Birla Sun Life Banking & PSU Debt Fund  - DIRECT - IDCW,Aditya Birla Sun Life Mutual Fund,Open Ended Schemes,Debt Scheme - Banking and PSU Fund,17-11-2015,124.47100
119551,Aditya Birla Sun Life Banking & PSU Debt Fund  - DIRECT - IDCW,Aditya Birla Sun Life Mutual Fund,Open Ended Schemes,Debt Scheme - Banking and PSU Fund,16-11-2015,124.50390
119551,Aditya Birla Sun Life Banking & PSU Debt Fund  - DIRECT - IDCW,Aditya Birla Sun Life Mutual Fund,Open Ended Schemes,Debt Scheme - Banking and PSU Fund,13-11-2015,124.41460
119551,Aditya Birla Sun Life Banking & PSU Debt Fund  - DIRECT - IDCW,Aditya Birla Sun Life Mutual Fund,Open Ended Schemes,Debt Scheme - Banking and PSU Fund,10-11-2015,124.23600
119551,Aditya Birla Sun Life Banking & PSU Debt Fund  - DIRECT - IDCW,Aditya Birla Sun Life Mutual Fund,Open Ended Schemes,Debt Scheme - Banking and PSU Fund,09-11-2015,124.13460
119551,Aditya Birla Sun Life Banking & PSU Debt Fund  - DIRECT - IDCW,Aditya Birla Sun Life Mutual Fund,Open Ended Schemes,Debt Scheme - Banking and PSU Fund,06-11-2015,124.19270
119551,Aditya Birla Sun Life Banking & PSU Debt Fund  - DIRECT - IDCW,Aditya Birla Sun Life Mutual Fund,Open Ended Schemes,Debt Scheme - Banking and PSU Fund,05-11-2015,124.19020
119551,Aditya Birla Sun Life Banking & PSU Debt Fund  - DIRECT - IDCW,Aditya Birla Sun Life Mutual Fund,Open Ended Schemes,Debt Scheme - Banking and PSU Fund,04-11-2015,124.23330
119551,Aditya Birla Sun Life Banking & PSU Debt Fund  - DIRECT - IDCW,Aditya Birla Sun Life Mutual Fund,Open Ended Schemes,Debt Scheme - Banking and PSU Fund,03-11-2015,124.28940
119551,Aditya Birla Sun Life Banking & PSU Debt Fund  - DIRECT - IDCW,Aditya Birla Sun Life Mutual Fund,Open Ended Schemes,Debt Scheme - Banking and PSU Fund,02-11-2015,124.27710
119551,Aditya Birla Sun Life Banking & PSU Debt Fund  - DIRECT - IDCW,Aditya Birla Sun Life Mutual Fund,Open Ended Schemes,Debt Scheme - Banking and PSU Fund,30-10-2015,124.15710
119551,Aditya Birla Sun Life Banking & PSU Debt Fund  - DIRECT - IDCW,Aditya Birla Sun Life Mutual Fund,Open Ended Schemes,Debt Scheme - Banking and PSU Fund,29-10-2015,124.15960
119551,Aditya Birla Sun Life Banking & PSU Debt Fund  - DIRECT - IDCW,Aditya Birla Sun Life Mutual Fund,Open Ended Schemes,Debt Scheme - Banking and PSU Fund,28-10-2015,124.21620
119551,Aditya Birla Sun Life Banking & PSU Debt Fund  - DIRECT - IDCW,Aditya Birla Sun Life Mutual Fund,Open Ended Schemes,Debt Scheme - Banking and PSU Fund,27-10-2015,124.14430
119551,Aditya Birla Sun Life Banking & PSU Debt Fund  - DIRECT - IDCW,Aditya Birla Sun Life Mutual Fund,Open Ended Schemes,Debt Scheme - Banking and PSU Fund,26-10-2015,124.08840
119551,Aditya Birla Sun Life Banking & PSU Debt Fund  - DIRECT - IDCW,Aditya Birla Sun Life Mutual Fund,Open Ended Schemes,Debt Scheme - Banking and PSU Fund,23-10-2015,124.10650
119551,Aditya Birla Sun Life Banking & PSU Debt Fund  - DIRECT - IDCW,Aditya Birla Sun Life Mutual Fund,Open Ended Schemes,Debt Scheme - Banking and PSU Fund,21-10-2015,124.04590
119551,Aditya Birla Sun Life Banking & PSU Debt Fund  - DIRECT - IDCW,Aditya Birla Sun Life Mutual Fund,Open Ended Schemes,Debt Scheme - Banking and PSU Fund,20-10-2015,124.05610
119551,Aditya Birla Sun Life Banking & PSU Debt Fund  - DIRECT - IDCW,Aditya Birla Sun Life Mutual Fund,Open Ended Schemes,Debt Scheme - Banking and PSU Fund,19-10-2015,124.01580
119551,Aditya Birla Sun Life Banking & PSU Debt Fund  - DIRECT - IDCW,Aditya Birla Sun Life Mutual Fund,Open Ended Schemes,Debt Scheme - Banking and PSU Fund,16-10-2015,123.94230
119551,Aditya Birla Sun Life Banking & PSU Debt Fund  - DIRECT - IDCW,Aditya Birla Sun Life Mutual Fund,Open Ended Schemes,Debt Scheme - Banking and PSU Fund,15-10-2015,123.92720
119551,Aditya Birla Sun Life Banking & PSU Debt Fund  - DIRECT - IDCW,Aditya Birla Sun Life Mutual Fund,Open Ended Schemes,Debt Scheme - Banking and PSU Fund,14-10-2015,123.86120
119551,Aditya Birla Sun Life Banking & PSU Debt Fund  - DIRECT - IDCW,Aditya Birla Sun Life Mutual Fund,Open Ended Schemes,Debt Scheme - Banking and PSU Fund,13-10-2015,123.79510
119551,Aditya Birla Sun Life Banking & PSU Debt Fund  - DIRECT - IDCW,Aditya Birla Sun Life Mutual Fund,Open Ended Schemes,Debt Scheme - Banking and PSU Fund,12-10-2015,123.75320
119551,Aditya Birla Sun Life Banking & PSU Debt Fund  - DIRECT - IDCW,Aditya Birla Sun Life Mutual Fund,Open Ended Schemes,Debt Scheme - Banking and PSU Fund,09-10-2015,123.80760
119551,Aditya Birla Sun Life Banking & PSU Debt Fund  - DIRECT - IDCW,Aditya Birla Sun Life Mutual Fund,Open Ended Schemes,Debt Scheme - Banking and PSU Fund,08-10-2015,123.75080
119551,Aditya Birla Sun Life Banking & PSU Debt Fund  - DIRECT - IDCW,Aditya Birla Sun Life Mutual Fund,Open Ended Schemes,Debt Scheme - Banking and PSU Fund,07-10-2015,123.67030
119551,Aditya Birla Sun Life Banking & PSU Debt Fund  - DIRECT - IDCW,Aditya Birla Sun Life Mutual Fund,Open Ended Schemes,Debt Scheme - Banking and PSU Fund,06-10-2015,123.70490
119551,Aditya Birla Sun Life Banking & PSU Debt Fund  - DIRECT - IDCW,Aditya Birla Sun Life Mutual Fund,Open Ended Schemes,Debt Scheme - Banking and PSU Fund,05-10-2015,123.71020
119551,Aditya Birla Sun Life Banking & PSU Debt Fund  - DIRECT - IDCW,Aditya Birla Sun Life Mutual Fund,Open Ended Schemes,Debt Scheme - Banking and PSU Fund,01-10-2015,123.42360
119551,Aditya Birla Sun Life Banking & PSU Debt Fund  - DIRECT - IDCW,Aditya Birla Sun Life Mutual Fund,Open Ended Schemes,Debt Scheme - Banking and PSU Fund,30-09-2015,123.48890
119551,Aditya Birla Sun Life Banking & PSU Debt Fund  - DIRECT - IDCW,Aditya Birla Sun Life Mutual Fund,Open Ended Schemes,Debt Scheme - Banking and PSU Fund,29-09-2015,123.10530
119551,Aditya Birla Sun Life Banking & PSU Debt Fund  - DIRECT - IDCW,Aditya Birla Sun Life Mutual Fund,Open Ended Schemes,Debt Scheme - Banking and PSU Fund,28-09-2015,122.45580
119551,Aditya Birla Sun Life Banking & PSU Debt Fund  - DIRECT - IDCW,Aditya Birla Sun Life Mutual Fund,Open Ended Schemes,Debt Scheme - Banking and PSU Fund,24-09-2015,122.36720
119551,Aditya Birla Sun Life Banking & PSU Debt Fund  - DIRECT - IDCW,Aditya Birla Sun Life Mutual Fund,Open Ended Schemes,Debt Scheme - Banking and PSU Fund,23-09-2015,122.32060
119551,Aditya Birla Sun Life Banking & PSU Debt Fund  - DIRECT - IDCW,Aditya Birla Sun Life Mutual Fund,Open Ended Schemes,Debt Scheme - Banking and PSU Fund,22-09-2015,122.31740
119551,Aditya Birla Sun Life Banking & PSU Debt Fund  - DIRECT - IDCW,Aditya Birla Sun Life Mutual Fund,Open Ended Schemes,Debt Scheme - Banking and PSU Fund,21-09-2015,122.33800
119551,Aditya Birla Sun Life Banking & PSU Debt Fund  - DIRECT - IDCW,Aditya Birla Sun Life Mutual Fund,Open Ended Schemes,Debt Scheme - Banking and PSU Fund,18-09-2015,122.26480
119551,Aditya Birla Sun Life Banking & PSU Debt Fund  - DIRECT - IDCW,Aditya Birla Sun Life Mutual Fund,Open Ended Schemes,Debt Scheme - Banking and PSU Fund,16-09-2015,121.97890
119551,Aditya Birla Sun Life Banking & PSU Debt Fund  - DIRECT - IDCW,Aditya Birla Sun Life Mutual Fund,Open Ended Schemes,Debt Scheme - Banking and PSU Fund,15-09-2015,121.98580
119551,Aditya Birla Sun Life Banking & PSU Debt Fund  - DIRECT - IDCW,Aditya Birla Sun Life Mutual Fund,Open Ended Schemes,Debt Scheme - Banking and PSU Fund,14-09-2015,121.95310
119551,Aditya Birla Sun Life Banking & PSU Debt Fund  - DIRECT - IDCW,Aditya Birla Sun Life Mutual Fund,Open Ended Schemes,Debt Scheme - Banking and PSU Fund,11-09-2015,121.84020
119551,Aditya Birla Sun Life Banking & PSU Debt Fund  - DIRECT - IDCW,Aditya Birla Sun Life Mutual Fund,Open Ended Schemes,Debt Scheme - Banking and PSU Fund,10-09-2015,121.81090
119551,Aditya Birla Sun Life Banking & PSU Debt Fund  - DIRECT - IDCW,Aditya Birla Sun Life Mutual Fund,Open Ended Schemes,Debt Scheme - Banking and PSU Fund,09-09-2015,121.88330
119551,Aditya Birla Sun Life Banking & PSU Debt Fund  - DIRECT - IDCW,Aditya Birla Sun Life Mutual Fund,Open Ended Schemes,Debt Scheme - Banking and PSU Fund,08-09-2015,121.82810
119551,Aditya Birla Sun Life Banking & PSU Debt Fund  - DIRECT - IDCW,Aditya Birla Sun Life Mutual Fund,Open Ended Schemes,Debt Scheme - Banking and PSU Fund,07-09-2015,121.74020
119551,Aditya Birla Sun Life Banking & PSU Debt Fund  - DIRECT - IDCW,Aditya Birla Sun Life Mutual Fund,Open Ended Schemes,Debt Scheme - Banking and PSU Fund,04-09-2015,121.79760
119551,Aditya Birla Sun Life Banking & PSU Debt Fund  - DIRECT - IDCW,Aditya Birla Sun Life Mutual Fund,Open Ended Schemes,Debt Scheme - Banking and PSU Fund,03-09-2015,121.83440
119551,Aditya Birla Sun Life Banking & PSU Debt Fund  - DIRECT - IDCW,Aditya Birla Sun Life Mutual Fund,Open Ended Schemes,Debt Scheme - Banking and PSU Fund,02-09-2015,121.85920
119551,Aditya Birla Sun Life Banking & PSU Debt Fund  - DIRECT - IDCW,Aditya Birla Sun Life Mutual Fund,Open Ended Schemes,Debt Scheme - Banking and PSU Fund,01-09-2015,121.85450
119551,Aditya Birla Sun Life Banking & PSU Debt Fund  - DIRECT - IDCW,Aditya Birla Sun Life Mutual Fund,Open Ended Schemes,Debt Scheme - Banking and PSU Fund,31-08-2015,121.72550
119551,Aditya Birla Sun Life Banking & PSU Debt Fund  - DIRECT - IDCW,Aditya Birla Sun Life Mutual Fund,Open Ended Schemes,Debt Scheme - Banking and PSU Fund,28-08-2015,121.68800
119551,Aditya Birla Sun Life Banking & PSU Debt Fund  - DIRECT - IDCW,Aditya Birla Sun Life Mutual Fund,Open Ended Schemes,Debt Scheme - Banking and PSU Fund,27-08-2015,121.68480
119551,Aditya Birla Sun Life Banking & PSU Debt Fund  - DIRECT - IDCW,Aditya Birla Sun Life Mutual Fund,Open Ended Schemes,Debt Scheme - Banking and PSU Fund,26-08-2015,121.57380
119551,Aditya Birla Sun Life Banking & PSU Debt Fund  - DIRECT - IDCW,Aditya Birla Sun Life Mutual Fund,Open Ended Schemes,Debt Scheme - Banking and PSU Fund,25-08-2015,121.47630
119551,Aditya Birla Sun Life Banking & PSU Debt Fund  - DIRECT - IDCW,Aditya Birla Sun Life Mutual Fund,Open Ended Schemes,Debt Scheme - Banking and PSU Fund,24-08-2015,121.28770
119551,Aditya Birla Sun Life Banking & PSU Debt Fund  - DIRECT - IDCW,Aditya Birla Sun Life Mutual Fund,Open Ended Schemes,Debt Scheme - Banking and PSU Fund,21-08-2015,121.54750
119551,Aditya Birla Sun Life Banking & PSU Debt Fund  - DIRECT - IDCW,Aditya Birla Sun Life Mutual Fund,Open Ended Schemes,Debt Scheme - Banking and PSU Fund,20-08-2015,121.65680
119551,Aditya Birla Sun Life Banking & PSU Debt Fund  - DIRECT - IDCW,Aditya Birla Sun Life Mutual Fund,Open Ended Schemes,Debt Scheme - Banking and PSU Fund,19-08-2015,121.60680
119551,Aditya Birla Sun Life Banking & PSU Debt Fund  - DIRECT - IDCW,Aditya Birla Sun Life Mutual Fund,Open Ended Schemes,Debt Scheme - Banking and PSU Fund,17-08-2015,121.54070
119551,Aditya Birla Sun Life Banking & PSU Debt Fund  - DIRECT - IDCW,Aditya Birla Sun Life Mutual Fund,Open Ended Schemes,Debt Scheme - Banking and PSU Fund,14-08-2015,121.47230
119551,Aditya Birla Sun Life Banking & PSU Debt Fund  - DIRECT - IDCW,Aditya Birla Sun Life Mutual Fund,Open Ended Schemes,Debt Scheme - Banking and PSU Fund,13-08-2015,121.39350
119551,Aditya Birla Sun Life Banking & PSU Debt Fund  - DIRECT - IDCW,Aditya Birla Sun Life Mutual Fund,Open Ended Schemes,Debt Scheme - Banking and PSU Fund,12-08-2015,121.18460
119551,Aditya Birla Sun Life Banking & PSU Debt Fund  - DIRECT - IDCW,Aditya Birla Sun Life Mutual Fund,Open Ended Schemes,Debt Scheme - Banking and PSU Fund,11-08-2015,121.15020
119551,Aditya Birla Sun Life Banking & PSU Debt Fund  - DIRECT - IDCW,Aditya Birla Sun Life Mutual Fund,Open Ended Schemes,Debt Scheme - Banking and PSU Fund,10-08-2015,121.12340
119551,Aditya Birla Sun Life Banking & PSU Debt Fund  - DIRECT - IDCW,Aditya Birla Sun Life Mutual Fund,Open Ended Schemes,Debt Scheme - Banking and PSU Fund,07-08-2015,120.99620
119551,Aditya Birla Sun Life Banking & PSU Debt Fund  - DIRECT - IDCW,Aditya Birla Sun Life Mutual Fund,Open Ended Schemes,Debt Scheme - Banking and PSU Fund,06-08-2015,120.97920
119551,Aditya Birla Sun Life Banking & PSU Debt Fund  - DIRECT - IDCW,Aditya Birla Sun Life Mutual Fund,Open Ended Schemes,Debt Scheme - Banking and PSU Fund,05-08-2015,120.86400
119551,Aditya Birla Sun Life Banking & PSU Debt Fund  - DIRECT - IDCW,Aditya Birla Sun Life Mutual Fund,Open Ended Schemes,Debt Scheme - Banking and PSU Fund,04-08-2015,120.84810
119551,Aditya Birla Sun Life Banking & PSU Debt Fund  - DIRECT - IDCW,Aditya Birla Sun Life Mutual Fund,Open Ended Schemes,Debt Scheme - Banking and PSU Fund,03-08-2015,120.91920
119551,Aditya Birla Sun Life Banking & PSU Debt Fund  - DIRECT - IDCW,Aditya Birla Sun Life Mutual Fund,Open Ended Schemes,Debt Scheme - Banking and PSU Fund,31-07-2015,120.85800
119551,Aditya Birla Sun Life Banking & PSU Debt Fund  - DIRECT - IDCW,Aditya Birla Sun Life Mutual Fund,Open Ended Schemes,Debt Scheme - Banking and PSU Fund,30-07-2015,120.77730
119551,Aditya Birla Sun Life Banking & PSU Debt Fund  - DIRECT - IDCW,Aditya Birla Sun Life Mutual Fund,Open Ended Schemes,Debt Scheme - Banking and PSU Fund,29-07-2015,120.77680
119551,Aditya Birla Sun Life Banking & PSU Debt Fund  - DIRECT - IDCW,Aditya Birla Sun Life Mutual Fund,Open Ended Schemes,Debt Scheme - Banking and PSU Fund,28-07-2015,120.70530
119551,Aditya Birla Sun Life Banking & PSU Debt Fund  - DIRECT - IDCW,Aditya Birla Sun Life Mutual Fund,Open Ended Schemes,Debt Scheme - Banking and PSU Fund,27-07-2015,120.50740
119551,Aditya Birla Sun Life Banking & PSU Debt Fund  - DIRECT - IDCW,Aditya Birla Sun Life Mutual Fund,Open Ended Schemes,Debt Scheme - Banking and PSU Fund,24-07-2015,120.41100
119551,Aditya Birla Sun Life Banking & PSU Debt Fund  - DIRECT - IDCW,Aditya Birla Sun Life Mutual Fund,Open Ended Schemes,Debt Scheme - Banking and PSU Fund,23-07-2015,120.41420
119551,Aditya Birla Sun Life Banking & PSU Debt Fund  - DIRECT - IDCW,Aditya Birla Sun Life Mutual Fund,Open Ended Schemes,Debt Scheme - Banking and PSU Fund,22-07-2015,120.32860
119551,Aditya Birla Sun Life Banking & PSU Debt Fund  - DIRECT - IDCW,Aditya Birla Sun Life Mutual Fund,Open Ended Schemes,Debt Scheme - Banking and PSU Fund,21-07-2015,120.27420
119551,Aditya Birla Sun Life Banking & PSU Debt Fund  - DIRECT - IDCW,Aditya Birla Sun Life Mutual Fund,Open Ended Schemes,Debt Scheme - Banking and PSU Fund,20-07-2015,120.22700
119551,Aditya Birla Sun Life Banking & PSU Debt Fund  - DIRECT - IDCW,Aditya Birla Sun Life Mutual Fund,Open Ended Schemes,Debt Scheme - Banking and PSU Fund,17-07-2015,120.19740
119551,Aditya Birla Sun Life Banking & PSU Debt Fund  - DIRECT - IDCW,Aditya Birla Sun Life Mutual Fund,Open Ended Schemes,Debt Scheme - Banking and PSU Fund,16-07-2015,120.14740
119551,Aditya Birla Sun Life Banking & PSU Debt Fund  - DIRECT - IDCW,Aditya Birla Sun Life Mutual Fund,Open Ended Schemes,Debt Scheme - Banking and PSU Fund,15-07-2015,120.13710
119551,Aditya Birla Sun Life Banking & PSU Debt Fund  - DIRECT - IDCW,Aditya Birla Sun Life Mutual Fund,Open Ended Schemes,Debt Scheme - Banking and PSU Fund,14-07-2015,120.09990
119551,Aditya Birla Sun Life Banking & PSU Debt Fund  - DIRECT - IDCW,Aditya Birla Sun Life Mutual Fund,Open Ended Schemes,Debt Scheme - Banking and PSU Fund,13-07-2015,119.95440
119551,Aditya Birla Sun Life Banking & PSU Debt Fund  - DIRECT - IDCW,Aditya Birla Sun Life Mutual Fund,Open Ended Schemes,Debt Scheme - Banking and PSU Fund,10-07-2015,120.14840
119551,Aditya Birla Sun Life Banking & PSU Debt Fund  - DIRECT - IDCW,Aditya Birla Sun Life Mutual Fund,Open Ended Schemes,Debt Scheme - Banking and PSU Fund,09-07-2015,120.09640
119551,Aditya Birla Sun Life Banking & PSU Debt Fund  - DIRECT - IDCW,Aditya Birla Sun Life Mutual Fund,Open Ended Schemes,Debt Scheme - Banking and PSU Fund,08-07-2015,120.07590
119551,Aditya Birla Sun Life Banking & PSU Debt Fund  - DIRECT - IDCW,Aditya Birla Sun Life Mutual Fund,Open Ended Schemes,Debt Scheme - Banking and PSU Fund,07-07-2015,120.04190
119551,Aditya Birla Sun Life Banking & PSU Debt Fund  - DIRECT - IDCW,Aditya Birla Sun Life Mutual Fund,Open Ended Schemes,Debt Scheme - Banking and PSU Fund,06-07-2015,120.05810
119551,Aditya Birla Sun Life Banking & PSU Debt Fund  - DIRECT - IDCW,Aditya Birla Sun Life Mutual Fund,Open Ended Schemes,Debt Scheme - Banking and PSU Fund,03-07-2015,119.86120
119551,Aditya Birla Sun Life Banking & PSU Debt Fund  - DIRECT - IDCW,Aditya Birla Sun Life Mutual Fund,Open Ended Schemes,Debt Scheme - Banking and PSU Fund,02-07-2015,119.75380
119551,Aditya Birla Sun Life Banking & PSU Debt Fund  - DIRECT - IDCW,Aditya Birla Sun Life Mutual Fund,Open Ended Schemes,Debt Scheme - Banking and PSU Fund,01-07-2015,119.64280
119551,Aditya Birla Sun Life Banking & PSU Debt Fund  - DIRECT - IDCW,Aditya Birla Sun Life Mutual Fund,Open Ended Schemes,Debt Scheme - Banking and PSU Fund,30-06-2015,119.46280
119551,Aditya Birla Sun Life Banking & PSU Debt Fund  - DIRECT - IDCW,Aditya Birla Sun Life Mutual Fund,Open Ended Schemes,Debt Scheme - Banking and PSU Fund,29-06-2015,119.33890
119551,Aditya Birla Sun Life Banking & PSU Debt Fund  - DIRECT - IDCW,Aditya Birla Sun Life Mutual Fund,Open Ended Schemes,Debt Scheme - Banking and PSU Fund,26-06-2015,119.51920
119551,Aditya Birla Sun Life Banking & PSU Debt Fund  - DIRECT - IDCW,Aditya Birla Sun Life Mutual Fund,Open Ended Schemes,Debt Scheme - Banking and PSU Fund,25-06-2015,119.45680
119551,Aditya Birla Sun Life Banking & PSU Debt Fund  - DIRECT - IDCW,Aditya Birla Sun Life Mutual Fund,Open Ended Schemes,Debt Scheme - Banking and PSU Fund,24-06-2015,119.58600
119551,Aditya Birla Sun Life Banking & PSU Debt Fund  - DIRECT - IDCW,Aditya Birla Sun Life Mutual Fund,Open Ended Schemes,Debt Scheme - Banking and PSU Fund,23-06-2015,119.72420
119551,Aditya Birla Sun Life Banking & PSU Debt Fund  - DIRECT - IDCW,Aditya Birla Sun Life Mutual Fund,Open Ended Schemes,Debt Scheme - Banking and PSU Fund,22-06-2015,119.76310
119551,Aditya Birla Sun Life Banking & PSU Debt Fund  - DIRECT - IDCW,Aditya Birla Sun Life Mutual Fund,Open Ended Schemes,Debt Scheme - Banking and PSU Fund,19-06-2015,119.76100
119551,Aditya Birla Sun Life Banking & PSU Debt Fund  - DIRECT - IDCW,Aditya Birla Sun Life Mutual Fund,Open Ended Schemes,Debt Scheme - Banking and PSU Fund,18-06-2015,119.50560
119551,Aditya Birla Sun Life Banking & PSU Debt Fund  - DIRECT - IDCW,Aditya Birla Sun Life Mutual Fund,Open Ended Schemes,Debt Scheme - Banking and PSU Fund,17-06-2015,119.15690
119551,Aditya Birla Sun Life Banking & PSU Debt Fund  - DIRECT - IDCW,Aditya Birla Sun Life Mutual Fund,Open Ended Schemes,Debt Scheme - Banking and PSU Fund,16-06-2015,118.93960
119551,Aditya Birla Sun Life Banking & PSU Debt Fund  - DIRECT - IDCW,Aditya Birla Sun Life Mutual Fund,Open Ended Schemes,Debt Scheme - Banking and PSU Fund,15-06-2015,119.02900
119551,Aditya Birla Sun Life Banking & PSU Debt Fund  - DIRECT - IDCW,Aditya Birla Sun Life Mutual Fund,Open Ended Schemes,Debt Scheme - Banking and PSU Fund,12-06-2015,118.85570
119551,Aditya Birla Sun Life Banking & PSU Debt Fund  - DIRECT - IDCW,Aditya Birla Sun Life Mutual Fund,Open Ended Schemes,Debt Scheme - Banking and PSU Fund,11-06-2015,118.89860
119551,Aditya Birla Sun Life Banking & PSU Debt Fund  - DIRECT - IDCW,Aditya Birla Sun Life Mutual Fund,Open Ended Schemes,Debt Scheme - Banking and PSU Fund,10-06-2015,119.09100
119551,Aditya Birla Sun Life Banking & PSU Debt Fund  - DIRECT - IDCW,Aditya Birla Sun Life Mutual Fund,Open Ended Schemes,Debt Scheme - Banking and PSU Fund,09-06-2015,119.19890
119551,Aditya Birla Sun Life Banking & PSU Debt Fund  - DIRECT - IDCW,Aditya Birla Sun Life Mutual Fund,Open Ended Schemes,Debt Scheme - Banking and PSU Fund,08-06-2015,119.06290
119551,Aditya Birla Sun Life Banking & PSU Debt Fund  - DIRECT - IDCW,Aditya Birla Sun Life Mutual Fund,Open Ended Schemes,Debt Scheme - Banking and PSU Fund,05-06-2015,119.03470
119551,Aditya Birla Sun Life Banking & PSU Debt Fund  - DIRECT - IDCW,Aditya Birla Sun Life Mutual Fund,Open Ended Schemes,Debt Scheme - Banking and PSU Fund,04-06-2015,118.91510
119551,Aditya Birla Sun Life Banking & PSU Debt Fund  - DIRECT - IDCW,Aditya Birla Sun Life Mutual Fund,Open Ended Schemes,Debt Scheme - Banking and PSU Fund,03-06-2015,119.09940
119551,Aditya Birla Sun Life Banking & PSU Debt Fund  - DIRECT - IDCW,Aditya Birla Sun Life Mutual Fund,Open Ended Schemes,Debt Scheme - Banking and PSU Fund,02-06-2015,119.19820
119551,Aditya Birla Sun Life Banking & PSU Debt Fund  - DIRECT - IDCW,Aditya Birla Sun Life Mutual Fund,Open Ended Schemes,Debt Scheme - Banking and PSU Fund,01-06-2015,119.54160
119551,Aditya Birla Sun Life Banking & PSU Debt Fund  - DIRECT - IDCW,Aditya Birla Sun Life Mutual Fund,Open Ended Schemes,Debt Scheme - Banking and PSU Fund,29-05-2015,119.44590
119551,Aditya Birla Sun Life Banking & PSU Debt Fund  - DIRECT - IDCW,Aditya Birla Sun Life Mutual Fund,Open Ended Schemes,Debt Scheme - Banking and PSU Fund,28-05-2015,119.33670
119551,Aditya Birla Sun Life Banking & PSU Debt Fund  - DIRECT - IDCW,Aditya Birla Sun Life Mutual Fund,Open Ended Schemes,Debt Scheme - Banking and PSU Fund,27-05-2015,119.23610
119551,Aditya Birla Sun Life Banking & PSU Debt Fund  - DIRECT - IDCW,Aditya Birla Sun Life Mutual Fund,Open Ended Schemes,Debt Scheme - Banking and PSU Fund,26-05-2015,119.19810
119551,Aditya Birla Sun Life Banking & PSU Debt Fund  - DIRECT - IDCW,Aditya Birla Sun Life Mutual Fund,Open Ended Schemes,Debt Scheme - Banking and PSU Fund,25-05-2015,119.21950
119551,Aditya Birla Sun Life Banking & PSU Debt Fund  - DIRECT - IDCW,Aditya Birla Sun Life Mutual Fund,Open Ended Schemes,Debt Scheme - Banking and PSU Fund,22-05-2015,119.16410
119551,Aditya Birla Sun Life Banking & PSU Debt Fund  - DIRECT - IDCW,Aditya Birla Sun Life Mutual Fund,Open Ended Schemes,Debt Scheme - Banking and PSU Fund,21-05-2015,119.09620
119551,Aditya Birla Sun Life Banking & PSU Debt Fund  - DIRECT - IDCW,Aditya Birla Sun Life Mutual Fund,Open Ended Schemes,Debt Scheme - Banking and PSU Fund,20-05-2015,119.06250
119551,Aditya Birla Sun Life Banking & PSU Debt Fund  - DIRECT - IDCW,Aditya Birla Sun Life Mutual Fund,Open Ended Schemes,Debt Scheme - Banking and PSU Fund,19-05-2015,119.00420
119551,Aditya Birla Sun Life Banking & PSU Debt Fund  - DIRECT - IDCW,Aditya Birla Sun Life Mutual Fund,Open Ended Schemes,Debt Scheme - Banking and PSU Fund,18-05-2015,118.82770
119551,Aditya Birla Sun Life Banking & PSU Debt Fund  - DIRECT - IDCW,Aditya Birla Sun Life Mutual Fund,Open Ended Schemes,Debt Scheme - Banking and PSU Fund,15-05-2015,118.63800
119551,Aditya Birla Sun Life Banking & PSU Debt Fund  - DIRECT - IDCW,Aditya Birla Sun Life Mutual Fund,Open Ended Schemes,Debt Scheme - Banking and PSU Fund,14-05-2015,118.59840
119551,Aditya Birla Sun Life Banking & PSU Debt Fund  - DIRECT - IDCW,Aditya Birla Sun Life Mutual Fund,Open Ended Schemes,Debt Scheme - Banking and PSU Fund,13-05-2015,118.57960
119551,Aditya Birla Sun Life Banking & PSU Debt Fund  - DIRECT - IDCW,Aditya Birla Sun Life Mutual Fund,Open Ended Schemes,Debt Scheme - Banking and PSU Fund,12-05-2015,118.59490
119551,Aditya Birla Sun Life Banking & PSU Debt Fund  - DIRECT - IDCW,Aditya Birla Sun Life Mutual Fund,Open Ended Schemes,Debt Scheme - Banking and PSU Fund,11-05-2015,118.67100
119551,Aditya Birla Sun Life Banking & PSU Debt Fund  - DIRECT - IDCW,Aditya Birla Sun Life Mutual Fund,Open Ended Schemes,Debt Scheme - Banking and PSU Fund,08-05-2015,118.38580
119551,Aditya Birla Sun Life Banking & PSU Debt Fund  - DIRECT - IDCW,Aditya Birla Sun Life Mutual Fund,Open Ended Schemes,Debt Scheme - Banking and PSU Fund,07-05-2015,118.37600
119551,Aditya Birla Sun Life Banking & PSU Debt Fund  - DIRECT - IDCW,Aditya Birla Sun Life Mutual Fund,Open Ended Schemes,Debt Scheme - Banking and PSU Fund,06-05-2015,118.61480
119551,Aditya Birla Sun Life Banking & PSU Debt Fund  - DIRECT - IDCW,Aditya Birla Sun Life Mutual Fund,Open Ended Schemes,Debt Scheme - Banking and PSU Fund,05-05-2015,118.73490
119551,Aditya Birla Sun Life Banking & PSU Debt Fund  - DIRECT - IDCW,Aditya Birla Sun Life Mutual Fund,Open Ended Schemes,Debt Scheme - Banking and PSU Fund,30-04-2015,118.63870
119551,Aditya Birla Sun Life Banking & PSU Debt Fund  - DIRECT - IDCW,Aditya Birla Sun Life Mutual Fund,Open Ended Schemes,Debt Scheme - Banking and PSU Fund,29-04-2015,118.76760
119551,Aditya Birla Sun Life Banking & PSU Debt Fund  - DIRECT - IDCW,Aditya Birla Sun Life Mutual Fund,Open Ended Schemes,Debt Scheme - Banking and PSU Fund,28-04-2015,118.82140
119551,Aditya Birla Sun Life Banking & PSU Debt Fund  - DIRECT - IDCW,Aditya Birla Sun Life Mutual Fund,Open Ended Schemes,Debt Scheme - Banking and PSU Fund,27-04-2015,118.79810
119551,Aditya Birla Sun Life Banking & PSU Debt Fund  - DIRECT - IDCW,Aditya Birla Sun Life Mutual Fund,Open Ended Schemes,Debt Scheme - Banking and PSU Fund,24-04-2015,118.74240
119551,Aditya Birla Sun Life Banking & PSU Debt Fund  - DIRECT - IDCW,Aditya Birla Sun Life Mutual Fund,Open Ended Schemes,Debt Scheme - Banking and PSU Fund,23-04-2015,118.75520
119551,Aditya Birla Sun Life Banking & PSU Debt Fund  - DIRECT - IDCW,Aditya Birla Sun Life Mutual Fund,Open Ended Schemes,Debt Scheme - Banking and PSU Fund,22-04-2015,118.78330
119551,Aditya Birla Sun Life Banking & PSU Debt Fund  - DIRECT - IDCW,Aditya Birla Sun Life Mutual Fund,Open Ended Schemes,Debt Scheme - Banking and PSU Fund,21-04-2015,118.71990
119551,Aditya Birla Sun Life Banking & PSU Debt Fund  - DIRECT - IDCW,Aditya Birla Sun Life Mutual Fund,Open Ended Schemes,Debt Scheme - Banking and PSU Fund,20-04-2015,118.66960
119551,Aditya Birla Sun Life Banking & PSU Debt Fund  - DIRECT - IDCW,Aditya Birla Sun Life Mutual Fund,Open Ended Schemes,Debt Scheme - Banking and PSU Fund,17-04-2015,118.60160
119551,Aditya Birla Sun Life Banking & PSU Debt Fund  - DIRECT - IDCW,Aditya Birla Sun Life Mutual Fund,Open Ended Schemes,Debt Scheme - Banking and PSU Fund,16-04-2015,118.60220
119551,Aditya Birla Sun Life Banking & PSU Debt Fund  - DIRECT - IDCW,Aditya Birla Sun Life Mutual Fund,Open Ended Schemes,Debt Scheme - Banking and PSU Fund,15-04-2015,118.58480
119551,Aditya Birla Sun Life Banking & PSU Debt Fund  - DIRECT - IDCW,Aditya Birla Sun Life Mutual Fund,Open Ended Schemes,Debt Scheme - Banking and PSU Fund,13-04-2015,118.53030
119551,Aditya Birla Sun Life Banking & PSU Debt Fund  - DIRECT - IDCW,Aditya Birla Sun Life Mutual Fund,Open Ended Schemes,Debt Scheme - Banking and PSU Fund,10-04-2015,118.44270
119551,Aditya Birla Sun Life Banking & PSU Debt Fund  - DIRECT - IDCW,Aditya Birla Sun Life Mutual Fund,Open Ended Schemes,Debt Scheme - Banking and PSU Fund,09-04-2015,118.42020
119551,Aditya Birla Sun Life Banking & PSU Debt Fund  - DIRECT - IDCW,Aditya Birla Sun Life Mutual Fund,Open Ended Schemes,Debt Scheme - Banking and PSU Fund,08-04-2015,118.32010
119551,Aditya Birla Sun Life Banking & PSU Debt Fund  - DIRECT - IDCW,Aditya Birla Sun Life Mutual Fund,Open Ended Schemes,Debt Scheme - Banking and PSU Fund,07-04-2015,118.34260
119551,Aditya Birla Sun Life Banking & PSU Debt Fund  - DIRECT - IDCW,Aditya Birla Sun Life Mutual Fund,Open Ended Schemes,Debt Scheme - Banking and PSU Fund,06-04-2015,118.33590
119551,Aditya Birla Sun Life Banking & PSU Debt Fund  - DIRECT - IDCW,Aditya Birla Sun Life Mutual Fund,Open Ended Schemes,Debt Scheme - Banking and PSU Fund,31-03-2015,118.05380
119551,Aditya Birla Sun Life Banking & PSU Debt Fund  - DIRECT - IDCW,Aditya Birla Sun Life Mutual Fund,Open Ended Schemes,Debt Scheme - Banking and PSU Fund,30-03-2015,117.87810
119551,Aditya Birla Sun Life Banking & PSU Debt Fund  - DIRECT - IDCW,Aditya Birla Sun Life Mutual Fund,Open Ended Schemes,Debt Scheme - Banking and PSU Fund,27-03-2015,117.78880
119551,Aditya Birla Sun Life Banking & PSU Debt Fund  - DIRECT - IDCW,Aditya Birla Sun Life Mutual Fund,Open Ended Schemes,Debt Scheme - Banking and PSU Fund,26-03-2015,117.73660
119551,Aditya Birla Sun Life Banking & PSU Debt Fund  - DIRECT - IDCW,Aditya Birla Sun Life Mutual Fund,Open Ended Schemes,Debt Scheme - Banking and PSU Fund,25-03-2015,117.72100
119551,Aditya Birla Sun Life Banking & PSU Debt Fund  - DIRECT - IDCW,Aditya Birla Sun Life Mutual Fund,Open Ended Schemes,Debt Scheme - Banking and PSU Fund,24-03-2015,117.70140
119551,Aditya Birla Sun Life Banking & PSU Debt Fund  - DIRECT - IDCW,Aditya Birla Sun Life Mutual Fund,Open Ended Schemes,Debt Scheme - Banking and PSU Fund,23-03-2015,117.66340
119551,Aditya Birla Sun Life Banking & PSU Debt Fund  - DIRECT - IDCW,Aditya Birla Sun Life Mutual Fund,Open Ended Schemes,Debt Scheme - Banking and PSU Fund,20-03-2015,117.61670
119551,Aditya Birla Sun Life Banking & PSU Debt Fund  - DIRECT - IDCW,Aditya Birla Sun Life Mutual Fund,Open Ended Schemes,Debt Scheme - Banking and PSU Fund,19-03-2015,117.54220
119551,Aditya Birla Sun Life Banking & PSU Debt Fund  - DIRECT - IDCW,Aditya Birla Sun Life Mutual Fund,Open Ended Schemes,Debt Scheme - Banking and PSU Fund,18-03-2015,117.47130
119551,Aditya Birla Sun Life Banking & PSU Debt Fund  - DIRECT - IDCW,Aditya Birla Sun Life Mutual Fund,Open Ended Schemes,Debt Scheme - Banking and PSU Fund,17-03-2015,117.48120
119551,Aditya Birla Sun Life Banking & PSU Debt Fund  - DIRECT - IDCW,Aditya Birla Sun Life Mutual Fund,Open Ended Schemes,Debt Scheme - Banking and PSU Fund,16-03-2015,117.42570
119551,Aditya Birla Sun Life Banking & PSU Debt Fund  - DIRECT - IDCW,Aditya Birla Sun Life Mutual Fund,Open Ended Schemes,Debt Scheme - Banking and PSU Fund,13-03-2015,117.35570
119551,Aditya Birla Sun Life Banking & PSU Debt Fund  - DIRECT - IDCW,Aditya Birla Sun Life Mutual Fund,Open Ended Schemes,Debt Scheme - Banking and PSU Fund,12-03-2015,117.47670
119551,Aditya Birla Sun Life Banking & PSU Debt Fund  - DIRECT - IDCW,Aditya Birla Sun Life Mutual Fund,Open Ended Schemes,Debt Scheme - Banking and PSU Fund,11-03-2015,117.41200
119551,Aditya Birla Sun Life Banking & PSU Debt Fund  - DIRECT - IDCW,Aditya Birla Sun Life Mutual Fund,Open Ended Schemes,Debt Scheme - Banking and PSU Fund,10-03-2015,117.42240
119551,Aditya Birla Sun Life Banking & PSU Debt Fund  - DIRECT - IDCW,Aditya Birla Sun Life Mutual Fund,Open Ended Schemes,Debt Scheme - Banking and PSU Fund,09-03-2015,117.44900
119551,Aditya Birla Sun Life Banking & PSU Debt Fund  - DIRECT - IDCW,Aditya Birla Sun Life Mutual Fund,Open Ended Schemes,Debt Scheme - Banking and PSU Fund,05-03-2015,117.48220
119551,Aditya Birla Sun Life Banking & PSU Debt Fund  - DIRECT - IDCW,Aditya Birla Sun Life Mutual Fund,Open Ended Schemes,Debt Scheme - Banking and PSU Fund,04-03-2015,117.44920
119551,Aditya Birla Sun Life Banking & PSU Debt Fund  - DIRECT - IDCW,Aditya Birla Sun Life Mutual Fund,Open Ended Schemes,Debt Scheme - Banking and PSU Fund,03-03-2015,117.21020
119551,Aditya Birla Sun Life Banking & PSU Debt Fund  - DIRECT - IDCW,Aditya Birla Sun Life Mutual Fund,Open Ended Schemes,Debt Scheme - Banking and PSU Fund,02-03-2015,117.25850
119551,Aditya Birla Sun Life Banking & PSU Debt Fund  - DIRECT - IDCW,Aditya Birla Sun Life Mutual Fund,Open Ended Schemes,Debt Scheme - Banking and PSU Fund,27-02-2015,117.18730
119551,Aditya Birla Sun Life Banking & PSU Debt Fund  - DIRECT - IDCW,Aditya Birla Sun Life Mutual Fund,Open Ended Schemes,Debt Scheme - Banking and PSU Fund,26-02-2015,117.13160
119551,Aditya Birla Sun Life Banking & PSU Debt Fund  - DIRECT - IDCW,Aditya Birla Sun Life Mutual Fund,Open Ended Schemes,Debt Scheme - Banking and PSU Fund,25-02-2015,117.13600
119551,Aditya Birla Sun Life Banking & PSU Debt Fund  - DIRECT - IDCW,Aditya Birla Sun Life Mutual Fund,Open Ended Schemes,Debt Scheme - Banking and PSU Fund,24-02-2015,117.07140
119551,Aditya Birla Sun Life Banking & PSU Debt Fund  - DIRECT - IDCW,Aditya Birla Sun Life Mutual Fund,Open Ended Schemes,Debt Scheme - Banking and PSU Fund,23-02-2015,116.99840
119551,Aditya Birla Sun Life Banking & PSU Debt Fund  - DIRECT - IDCW,Aditya Birla Sun Life Mutual Fund,Open Ended Schemes,Debt Scheme - Banking and PSU Fund,20-02-2015,116.92740
119551,Aditya Birla Sun Life Banking & PSU Debt Fund  - DIRECT - IDCW,Aditya Birla Sun Life Mutual Fund,Open Ended Schemes,Debt Scheme - Banking and PSU Fund,18-02-2015,116.85880
119551,Aditya Birla Sun Life Banking & PSU Debt Fund  - DIRECT - IDCW,Aditya Birla Sun Life Mutual Fund,Open Ended Schemes,Debt Scheme - Banking and PSU Fund,16-02-2015,116.82230
119551,Aditya Birla Sun Life Banking & PSU Debt Fund  - DIRECT - IDCW,Aditya Birla Sun Life Mutual Fund,Open Ended Schemes,Debt Scheme - Banking and PSU Fund,13-02-2015,116.74520
119551,Aditya Birla Sun Life Banking & PSU Debt Fund  - DIRECT - IDCW,Aditya Birla Sun Life Mutual Fund,Open Ended Schemes,Debt Scheme - Banking and PSU Fund,12-02-2015,116.65460
119551,Aditya Birla Sun Life Banking & PSU Debt Fund  - DIRECT - IDCW,Aditya Birla Sun Life Mutual Fund,Open Ended Schemes,Debt Scheme - Banking and PSU Fund,11-02-2015,116.66900
119551,Aditya Birla Sun Life Banking & PSU Debt Fund  - DIRECT - IDCW,Aditya Birla Sun Life Mutual Fund,Open Ended Schemes,Debt Scheme - Banking and PSU Fund,10-02-2015,116.66390
119551,Aditya Birla Sun Life Banking & PSU Debt Fund  - DIRECT - IDCW,Aditya Birla Sun Life Mutual Fund,Open Ended Schemes,Debt Scheme - Banking and PSU Fund,09-02-2015,116.64280
119551,Aditya Birla Sun Life Banking & PSU Debt Fund  - DIRECT - IDCW,Aditya Birla Sun Life Mutual Fund,Open Ended Schemes,Debt Scheme - Banking and PSU Fund,06-02-2015,116.63820
119551,Aditya Birla Sun Life Banking & PSU Debt Fund  - DIRECT - IDCW,Aditya Birla Sun Life Mutual Fund,Open Ended Schemes,Debt Scheme - Banking and PSU Fund,05-02-2015,116.63970
119551,Aditya Birla Sun Life Banking & PSU Debt Fund  - DIRECT - IDCW,Aditya Birla Sun Life Mutual Fund,Open Ended Schemes,Debt Scheme - Banking and PSU Fund,04-02-2015,116.64010
119551,Aditya Birla Sun Life Banking & PSU Debt Fund  - DIRECT - IDCW,Aditya Birla Sun Life Mutual Fund,Open Ended Schemes,Debt Scheme - Banking and PSU Fund,03-02-2015,116.69520
119551,Aditya Birla Sun Life Banking & PSU Debt Fund  - DIRECT - IDCW,Aditya Birla Sun Life Mutual Fund,Open Ended Schemes,Debt Scheme - Banking and PSU Fund,02-02-2015,116.77160
119551,Aditya Birla Sun Life Banking & PSU Debt Fund  - DIRECT - IDCW,Aditya Birla Sun Life Mutual Fund,Open Ended Schemes,Debt Scheme - Banking and PSU Fund,30-01-2015,116.59220
119551,Aditya Birla Sun Life Banking & PSU Debt Fund  - DIRECT - IDCW,Aditya Birla Sun Life Mutual Fund,Open Ended Schemes,Debt Scheme - Banking and PSU Fund,29-01-2015,116.58300
119551,Aditya Birla Sun Life Banking & PSU Debt Fund  - DIRECT - IDCW,Aditya Birla Sun Life Mutual Fund,Open Ended Schemes,Debt Scheme - Banking and PSU Fund,28-01-2015,116.54740
119551,Aditya Birla Sun Life Banking & PSU Debt Fund  - DIRECT - IDCW,Aditya Birla Sun Life Mutual Fund,Open Ended Schemes,Debt Scheme - Banking and PSU Fund,27-01-2015,116.48960
119551,Aditya Birla Sun Life Banking & PSU Debt Fund  - DIRECT - IDCW,Aditya Birla Sun Life Mutual Fund,Open Ended Schemes,Debt Scheme - Banking and PSU Fund,23-01-2015,116.41460
119551,Aditya Birla Sun Life Banking & PSU Debt Fund  - DIRECT - IDCW,Aditya Birla Sun Life Mutual Fund,Open Ended Schemes,Debt Scheme - Banking and PSU Fund,22-01-2015,116.38110
119551,Aditya Birla Sun Life Banking & PSU Debt Fund  - DIRECT - IDCW,Aditya Birla Sun Life Mutual Fund,Open Ended Schemes,Debt Scheme - Banking and PSU Fund,21-01-2015,116.34560
119551,Aditya Birla Sun Life Banking & PSU Debt Fund  - DIRECT - IDCW,Aditya Birla Sun Life Mutual Fund,Open Ended Schemes,Debt Scheme - Banking and PSU Fund,20-01-2015,116.25270
119551,Aditya Birla Sun Life Banking & PSU Debt Fund  - DIRECT - IDCW,Aditya Birla Sun Life Mutual Fund,Open Ended Schemes,Debt Scheme - Banking and PSU Fund,19-01-2015,116.24300
119551,Aditya Birla Sun Life Banking & PSU Debt Fund  - DIRECT - IDCW,Aditya Birla Sun Life Mutual Fund,Open Ended Schemes,Debt Scheme - Banking and PSU Fund,16-01-2015,116.15790
119551,Aditya Birla Sun Life Banking & PSU Debt Fund  - DIRECT - IDCW,Aditya Birla Sun Life Mutual Fund,Open Ended Schemes,Debt Scheme - Banking and PSU Fund,15-01-2015,115.99380
119551,Aditya Birla Sun Life Banking & PSU Debt Fund  - DIRECT - IDCW,Aditya Birla Sun Life Mutual Fund,Open Ended Schemes,Debt Scheme - Banking and PSU Fund,14-01-2015,115.61120
119551,Aditya Birla Sun Life Banking & PSU Debt Fund  - DIRECT - IDCW,Aditya Birla Sun Life Mutual Fund,Open Ended Schemes,Debt Scheme - Banking and PSU Fund,13-01-2015,115.58740
119551,Aditya Birla Sun Life Banking & PSU Debt Fund  - DIRECT - IDCW,Aditya Birla Sun Life Mutual Fund,Open Ended Schemes,Debt Scheme - Banking and PSU Fund,12-01-2015,115.42150
119551,Aditya Birla Sun Life Banking & PSU Debt Fund  - DIRECT - IDCW,Aditya Birla Sun Life Mutual Fund,Open Ended Schemes,Debt Scheme - Banking and PSU Fund,09-01-2015,115.21790
119551,Aditya Birla Sun Life Banking & PSU Debt Fund  - DIRECT - IDCW,Aditya Birla Sun Life Mutual Fund,Open Ended Schemes,Debt Scheme - Banking and PSU Fund,08-01-2015,115.15340
119551,Aditya Birla Sun Life Banking & PSU Debt Fund  - DIRECT - IDCW,Aditya Birla Sun Life Mutual Fund,Open Ended Schemes,Debt Scheme - Banking and PSU Fund,07-01-2015,115.09640
119551,Aditya Birla Sun Life Banking & PSU Debt Fund  - DIRECT - IDCW,Aditya Birla Sun Life Mutual Fund,Open Ended Schemes,Debt Scheme - Banking and PSU Fund,06-01-2015,115.00980
119551,Aditya Birla Sun Life Banking & PSU Debt Fund  - DIRECT - IDCW,Aditya Birla Sun Life Mutual Fund,Open Ended Schemes,Debt Scheme - Banking and PSU Fund,05-01-2015,115.06970
119551,Aditya Birla Sun Life Banking & PSU Debt Fund  - DIRECT - IDCW,Aditya Birla Sun Life Mutual Fund,Open Ended Schemes,Debt Scheme - Banking and PSU Fund,02-01-2015,115.02980
119551,Aditya Birla Sun Life Banking & PSU Debt Fund  - DIRECT - IDCW,Aditya Birla Sun Life Mutual Fund,Open Ended Schemes,Debt Scheme - Banking and PSU Fund,01-01-2015,115.06220
119551,Aditya Birla Sun Life Banking & PSU Debt Fund  - DIRECT - IDCW,Aditya Birla Sun Life Mutual Fund,Open Ended Schemes,Debt Scheme - Banking and PSU Fund,31-12-2014,115.02560
119551,Aditya Birla Sun Life Banking & PSU Debt Fund  - DIRECT - IDCW,Aditya Birla Sun Life Mutual Fund,Open Ended Schemes,Debt Scheme - Banking and PSU Fund,30-12-2014,114.91080
119551,Aditya Birla Sun Life Banking & PSU Debt Fund  - DIRECT - IDCW,Aditya Birla Sun Life Mutual Fund,Open Ended Schemes,Debt Scheme - Banking and PSU Fund,29-12-2014,114.75350
119551,Aditya Birla Sun Life Banking & PSU Debt Fund  - DIRECT - IDCW,Aditya Birla Sun Life Mutual Fund,Open Ended Schemes,Debt Scheme - Banking and PSU Fund,26-12-2014,114.59730
119551,Aditya Birla Sun Life Banking & PSU Debt Fund  - DIRECT - IDCW,Aditya Birla Sun Life Mutual Fund,Open Ended Schemes,Debt Scheme - Banking and PSU Fund,24-12-2014,114.57590
119551,Aditya Birla Sun Life Banking & PSU Debt Fund  - DIRECT - IDCW,Aditya Birla Sun Life Mutual Fund,Open Ended Schemes,Debt Scheme - Banking and PSU Fund,23-12-2014,114.60220
119551,Aditya Birla Sun Life Banking & PSU Debt Fund  - DIRECT - IDCW,Aditya Birla Sun Life Mutual Fund,Open Ended Schemes,Debt Scheme - Banking and PSU Fund,22-12-2014,114.50610
119551,Aditya Birla Sun Life Banking & PSU Debt Fund  - DIRECT - IDCW,Aditya Birla Sun Life Mutual Fund,Open Ended Schemes,Debt Scheme - Banking and PSU Fund,19-12-2014,114.41160
119551,Aditya Birla Sun Life Banking & PSU Debt Fund  - DIRECT - IDCW,Aditya Birla Sun Life Mutual Fund,Open Ended Schemes,Debt Scheme - Banking and PSU Fund,18-12-2014,114.49560
119551,Aditya Birla Sun Life Banking & PSU Debt Fund  - DIRECT - IDCW,Aditya Birla Sun Life Mutual Fund,Open Ended Schemes,Debt Scheme - Banking and PSU Fund,17-12-2014,114.33810
119551,Aditya Birla Sun Life Banking & PSU Debt Fund  - DIRECT - IDCW,Aditya Birla Sun Life Mutual Fund,Open Ended Schemes,Debt Scheme - Banking and PSU Fund,16-12-2014,114.34270
119551,Aditya Birla Sun Life Banking & PSU Debt Fund  - DIRECT - IDCW,Aditya Birla Sun Life Mutual Fund,Open Ended Schemes,Debt Scheme - Banking and PSU Fund,15-12-2014,114.88480
119551,Aditya Birla Sun Life Banking & PSU Debt Fund  - DIRECT - IDCW,Aditya Birla Sun Life Mutual Fund,Open Ended Schemes,Debt Scheme - Banking and PSU Fund,12-12-2014,114.79090
119551,Aditya Birla Sun Life Banking & PSU Debt Fund  - DIRECT - IDCW,Aditya Birla Sun Life Mutual Fund,Open Ended Schemes,Debt Scheme - Banking and PSU Fund,11-12-2014,114.65190
119551,Aditya Birla Sun Life Banking & PSU Debt Fund  - DIRECT - IDCW,Aditya Birla Sun Life Mutual Fund,Open Ended Schemes,Debt Scheme - Banking and PSU Fund,10-12-2014,114.55320
119551,Aditya Birla Sun Life Banking & PSU Debt Fund  - DIRECT - IDCW,Aditya Birla Sun Life Mutual Fund,Open Ended Schemes,Debt Scheme - Banking and PSU Fund,09-12-2014,114.60750
119551,Aditya Birla Sun Life Banking & PSU Debt Fund  - DIRECT - IDCW,Aditya Birla Sun Life Mutual Fund,Open Ended Schemes,Debt Scheme - Banking and PSU Fund,08-12-2014,114.52290
119551,Aditya Birla Sun Life Banking & PSU Debt Fund  - DIRECT - IDCW,Aditya Birla Sun Life Mutual Fund,Open Ended Schemes,Debt Scheme - Banking and PSU Fund,05-12-2014,114.42920
119551,Aditya Birla Sun Life Banking & PSU Debt Fund  - DIRECT - IDCW,Aditya Birla Sun Life Mutual Fund,Open Ended Schemes,Debt Scheme - Banking and PSU Fund,04-12-2014,114.37500
119551,Aditya Birla Sun Life Banking & PSU Debt Fund  - DIRECT - IDCW,Aditya Birla Sun Life Mutual Fund,Open Ended Schemes,Debt Scheme - Banking and PSU Fund,03-12-2014,114.37390
119551,Aditya Birla Sun Life Banking & PSU Debt Fund  - DIRECT - IDCW,Aditya Birla Sun Life Mutual Fund,Open Ended Schemes,Debt Scheme - Banking and PSU Fund,02-12-2014,114.33390
119551,Aditya Birla Sun Life Banking & PSU Debt Fund  - DIRECT - IDCW,Aditya Birla Sun Life Mutual Fund,Open Ended Schemes,Debt Scheme - Banking and PSU Fund,01-12-2014,114.03670
119551,Aditya Birla Sun Life Banking & PSU Debt Fund  - DIRECT - IDCW,Aditya Birla Sun Life Mutual Fund,Open Ended Schemes,Debt Scheme - Banking and PSU Fund,28-11-2014,113.88380
119551,Aditya Birla Sun Life Banking & PSU Debt Fund  - DIRECT - IDCW,Aditya Birla Sun Life Mutual Fund,Open Ended Schemes,Debt Scheme - Banking and PSU Fund,27-11-2014,113.68670
119551,Aditya Birla Sun Life Banking & PSU Debt Fund  - DIRECT - IDCW,Aditya Birla Sun Life Mutual Fund,Open Ended Schemes,Debt Scheme - Banking and PSU Fund,26-11-2014,113.66320
119551,Aditya Birla Sun Life Banking & PSU Debt Fund  - DIRECT - IDCW,Aditya Birla Sun Life Mutual Fund,Open Ended Schemes,Debt Scheme - Banking and PSU Fund,25-11-2014,113.63790
119551,Aditya Birla Sun Life Banking & PSU Debt Fund  - DIRECT - IDCW,Aditya Birla Sun Life Mutual Fund,Open Ended Schemes,Debt Scheme - Banking and PSU Fund,24-11-2014,113.57940
119551,Aditya Birla Sun Life Banking & PSU Debt Fund  - DIRECT - IDCW,Aditya Birla Sun Life Mutual Fund,Open Ended Schemes,Debt Scheme - Banking and PSU Fund,21-11-2014,113.50650
119551,Aditya Birla Sun Life Banking & PSU Debt Fund  - DIRECT - IDCW,Aditya Birla Sun Life Mutual Fund,Open Ended Schemes,Debt Scheme - Banking and PSU Fund,20-11-2014,113.48230
119551,Aditya Birla Sun Life Banking & PSU Debt Fund  - DIRECT - IDCW,Aditya Birla Sun Life Mutual Fund,Open Ended Schemes,Debt Scheme - Banking and PSU Fund,19-11-2014,113.44180
119551,Aditya Birla Sun Life Banking & PSU Debt Fund  - DIRECT - IDCW,Aditya Birla Sun Life Mutual Fund,Open Ended Schemes,Debt Scheme - Banking and PSU Fund,18-11-2014,113.41020
119551,Aditya Birla Sun Life Banking & PSU Debt Fund  - DIRECT - IDCW,Aditya Birla Sun Life Mutual Fund,Open Ended Schemes,Debt Scheme - Banking and PSU Fund,17-11-2014,113.33740
119551,Aditya Birla Sun Life Banking & PSU Debt Fund  - DIRECT - IDCW,Aditya Birla Sun Life Mutual Fund,Open Ended Schemes,Debt Scheme - Banking and PSU Fund,14-11-2014,113.18210
119551,Aditya Birla Sun Life Banking & PSU Debt Fund  - DIRECT - IDCW,Aditya Birla Sun Life Mutual Fund,Open Ended Schemes,Debt Scheme - Banking and PSU Fund,13-11-2014,113.16620
119551,Aditya Birla Sun Life Banking & PSU Debt Fund  - DIRECT - IDCW,Aditya Birla Sun Life Mutual Fund,Open Ended Schemes,Debt Scheme - Banking and PSU Fund,12-11-2014,113.28630
119551,Aditya Birla Sun Life Banking & PSU Debt Fund  - DIRECT - IDCW,Aditya Birla Sun Life Mutual Fund,Open Ended Schemes,Debt Scheme - Banking and PSU Fund,11-11-2014,113.23300
119551,Aditya Birla Sun Life Banking & PSU Debt Fund  - DIRECT - IDCW,Aditya Birla Sun Life Mutual Fund,Open Ended Schemes,Debt Scheme - Banking and PSU Fund,10-11-2014,113.21580
119551,Aditya Birla Sun Life Banking & PSU Debt Fund  - DIRECT - IDCW,Aditya Birla Sun Life Mutual Fund,Open Ended Schemes,Debt Scheme - Banking and PSU Fund,07-11-2014,113.06310
119551,Aditya Birla Sun Life Banking & PSU Debt Fund  - DIRECT - IDCW,Aditya Birla Sun Life Mutual Fund,Open Ended Schemes,Debt Scheme - Banking and PSU Fund,05-11-2014,113.00000
119551,Aditya Birla Sun Life Banking & PSU Debt Fund  - DIRECT - IDCW,Aditya Birla Sun Life Mutual Fund,Open Ended Schemes,Debt Scheme - Banking and PSU Fund,03-11-2014,112.74130
119551,Aditya Birla Sun Life Banking & PSU Debt Fund  - DIRECT - IDCW,Aditya Birla Sun Life Mutual Fund,Open Ended Schemes,Debt Scheme - Banking and PSU Fund,31-10-2014,112.54900
119551,Aditya Birla Sun Life Banking & PSU Debt Fund  - DIRECT - IDCW,Aditya Birla Sun Life Mutual Fund,Open Ended Schemes,Debt Scheme - Banking and PSU Fund,30-10-2014,112.38740
119551,Aditya Birla Sun Life Banking & PSU Debt Fund  - DIRECT - IDCW,Aditya Birla Sun Life Mutual Fund,Open Ended Schemes,Debt Scheme - Banking and PSU Fund,29-10-2014,112.25630
119551,Aditya Birla Sun Life Banking & PSU Debt Fund  - DIRECT - IDCW,Aditya Birla Sun Life Mutual Fund,Open Ended Schemes,Debt Scheme - Banking and PSU Fund,28-10-2014,112.18000
119551,Aditya Birla Sun Life Banking & PSU Debt Fund  - DIRECT - IDCW,Aditya Birla Sun Life Mutual Fund,Open Ended Schemes,Debt Scheme - Banking and PSU Fund,27-10-2014,112.08150
119551,Aditya Birla Sun Life Banking & PSU Debt Fund  - DIRECT - IDCW,Aditya Birla Sun Life Mutual Fund,Open Ended Schemes,Debt Scheme - Banking and PSU Fund,22-10-2014,111.86280
119551,Aditya Birla Sun Life Banking & PSU Debt Fund  - DIRECT - IDCW,Aditya Birla Sun Life Mutual Fund,Open Ended Schemes,Debt Scheme - Banking and PSU Fund,21-10-2014,111.78590
119551,Aditya Birla Sun Life Banking & PSU Debt Fund  - DIRECT - IDCW,Aditya Birla Sun Life Mutual Fund,Open Ended Schemes,Debt Scheme - Banking and PSU Fund,20-10-2014,111.67530
119551,Aditya Birla Sun Life Banking & PSU Debt Fund  - DIRECT - IDCW,Aditya Birla Sun Life Mutual Fund,Open Ended Schemes,Debt Scheme - Banking and PSU Fund,17-10-2014,111.51840
119551,Aditya Birla Sun Life Banking & PSU Debt Fund  - DIRECT - IDCW,Aditya Birla Sun Life Mutual Fund,Open Ended Schemes,Debt Scheme - Banking and PSU Fund,16-10-2014,111.49890
119551,Aditya Birla Sun Life Banking & PSU Debt Fund  - DIRECT - IDCW,Aditya Birla Sun Life Mutual Fund,Open Ended Schemes,Debt Scheme - Banking and PSU Fund,14-10-2014,111.30320
119551,Aditya Birla Sun Life Banking & PSU Debt Fund  - DIRECT - IDCW,Aditya Birla Sun Life Mutual Fund,Open Ended Schemes,Debt Scheme - Banking and PSU Fund,13-10-2014,111.16500
119551,Aditya Birla Sun Life Banking & PSU Debt Fund  - DIRECT - IDCW,Aditya Birla Sun Life Mutual Fund,Open Ended Schemes,Debt Scheme - Banking and PSU Fund,10-10-2014,111.07320
119551,Aditya Birla Sun Life Banking & PSU Debt Fund  - DIRECT - IDCW,Aditya Birla Sun Life Mutual Fund,Open Ended Schemes,Debt Scheme - Banking and PSU Fund,09-10-2014,110.94220
119551,Aditya Birla Sun Life Banking & PSU Debt Fund  - DIRECT - IDCW,Aditya Birla Sun Life Mutual Fund,Open Ended Schemes,Debt Scheme - Banking and PSU Fund,08-10-2014,110.98170
119551,Aditya Birla Sun Life Banking & PSU Debt Fund  - DIRECT - IDCW,Aditya Birla Sun Life Mutual Fund,Open Ended Schemes,Debt Scheme - Banking and PSU Fund,07-10-2014,110.87800
119551,Aditya Birla Sun Life Banking & PSU Debt Fund  - DIRECT - IDCW,Aditya Birla Sun Life Mutual Fund,Open Ended Schemes,Debt Scheme - Banking and PSU Fund,01-10-2014,110.63790
119551,Aditya Birla Sun Life Banking & PSU Debt Fund  - DIRECT - IDCW,Aditya Birla Sun Life Mutual Fund,Open Ended Schemes,Debt Scheme - Banking and PSU Fund,30-09-2014,110.60840
119551,Aditya Birla Sun Life Banking & PSU Debt Fund  - DIRECT - IDCW,Aditya Birla Sun Life Mutual Fund,Open Ended Schemes,Debt Scheme - Banking and PSU Fund,29-09-2014,110.60580
119551,Aditya Birla Sun Life Banking & PSU Debt Fund  - DIRECT - IDCW,Aditya Birla Sun Life Mutual Fund,Open Ended Schemes,Debt Scheme - Banking and PSU Fund,26-09-2014,110.58130
119551,Aditya Birla Sun Life Banking & PSU Debt Fund  - DIRECT - IDCW,Aditya Birla Sun Life Mutual Fund,Open Ended Schemes,Debt Scheme - Banking and PSU Fund,25-09-2014,110.44430
119551,Aditya Birla Sun Life Banking & PSU Debt Fund  - DIRECT - IDCW,Aditya Birla Sun Life Mutual Fund,Open Ended Schemes,Debt Scheme - Banking and PSU Fund,24-09-2014,110.40040
119551,Aditya Birla Sun Life Banking & PSU Debt Fund  - DIRECT - IDCW,Aditya Birla Sun Life Mutual Fund,Open Ended Schemes,Debt Scheme - Banking and PSU Fund,23-09-2014,110.36100
119551,Aditya Birla Sun Life Banking & PSU Debt Fund  - DIRECT - IDCW,Aditya Birla Sun Life Mutual Fund,Open Ended Schemes,Debt Scheme - Banking and PSU Fund,22-09-2014,110.33060
119551,Aditya Birla Sun Life Banking & PSU Debt Fund  - DIRECT - IDCW,Aditya Birla Sun Life Mutual Fund,Open Ended Schemes,Debt Scheme - Banking and PSU Fund,19-09-2014,110.20160
119551,Aditya Birla Sun Life Banking & PSU Debt Fund  - DIRECT - IDCW,Aditya Birla Sun Life Mutual Fund,Open Ended Schemes,Debt Scheme - Banking and PSU Fund,18-09-2014,110.15370
119551,Aditya Birla Sun Life Banking & PSU Debt Fund  - DIRECT - IDCW,Aditya Birla Sun Life Mutual Fund,Open Ended Schemes,Debt Scheme - Banking and PSU Fund,17-09-2014,110.04950
119551,Aditya Birla Sun Life Banking & PSU Debt Fund  - DIRECT - IDCW,Aditya Birla Sun Life Mutual Fund,Open Ended Schemes,Debt Scheme - Banking and PSU Fund,16-09-2014,109.99020
119551,Aditya Birla Sun Life Banking & PSU Debt Fund  - DIRECT - IDCW,Aditya Birla Sun Life Mutual Fund,Open Ended Schemes,Debt Scheme - Banking and PSU Fund,15-09-2014,109.96410
119551,Aditya Birla Sun Life Banking & PSU Debt Fund  - DIRECT - IDCW,Aditya Birla Sun Life Mutual Fund,Open Ended Schemes,Debt Scheme - Banking and PSU Fund,12-09-2014,109.89220
119551,Aditya Birla Sun Life Banking & PSU Debt Fund  - DIRECT - IDCW,Aditya Birla Sun Life Mutual Fund,Open Ended Schemes,Debt Scheme - Banking and PSU Fund,11-09-2014,109.85460
119551,Aditya Birla Sun Life Banking & PSU Debt Fund  - DIRECT - IDCW,Aditya Birla Sun Life Mutual Fund,Open Ended Schemes,Debt Scheme - Banking and PSU Fund,10-09-2014,109.82440
119551,Aditya Birla Sun Life Banking & PSU Debt Fund  - DIRECT - IDCW,Aditya Birla Sun Life Mutual Fund,Open Ended Schemes,Debt Scheme - Banking and PSU Fund,09-09-2014,109.72100
119551,Aditya Birla Sun Life Banking & PSU Debt Fund  - DIRECT - IDCW,Aditya Birla Sun Life Mutual Fund,Open Ended Schemes,Debt Scheme - Banking and PSU Fund,08-09-2014,109.81630
119551,Aditya Birla Sun Life Banking & PSU Debt Fund  - DIRECT - IDCW,Aditya Birla Sun Life Mutual Fund,Open Ended Schemes,Debt Scheme - Banking and PSU Fund,05-09-2014,109.69850
119551,Aditya Birla Sun Life Banking & PSU Debt Fund  - DIRECT - IDCW,Aditya Birla Sun Life Mutual Fund,Open Ended Schemes,Debt Scheme - Banking and PSU Fund,04-09-2014,109.64730
119551,Aditya Birla Sun Life Banking & PSU Debt Fund  - DIRECT - IDCW,Aditya Birla Sun Life Mutual Fund,Open Ended Schemes,Debt Scheme - Banking and PSU Fund,03-09-2014,109.61660
119551,Aditya Birla Sun Life Banking & PSU Debt Fund  - DIRECT - IDCW,Aditya Birla Sun Life Mutual Fund,Open Ended Schemes,Debt Scheme - Banking and PSU Fund,02-09-2014,109.54480
119551,Aditya Birla Sun Life Banking & PSU Debt Fund  - DIRECT - IDCW,Aditya Birla Sun Life Mutual Fund,Open Ended Schemes,Debt Scheme - Banking and PSU Fund,01-09-2014,109.51160
119551,Aditya Birla Sun Life Banking & PSU Debt Fund  - DIRECT - IDCW,Aditya Birla Sun Life Mutual Fund,Open Ended Schemes,Debt Scheme - Banking and PSU Fund,28-08-2014,109.39340
119551,Aditya Birla Sun Life Banking & PSU Debt Fund  - DIRECT - IDCW,Aditya Birla Sun Life Mutual Fund,Open Ended Schemes,Debt Scheme - Banking and PSU Fund,27-08-2014,109.36550
119551,Aditya Birla Sun Life Banking & PSU Debt Fund  - DIRECT - IDCW,Aditya Birla Sun Life Mutual Fund,Open Ended Schemes,Debt Scheme - Banking and PSU Fund,26-08-2014,109.29610
119551,Aditya Birla Sun Life Banking & PSU Debt Fund  - DIRECT - IDCW,Aditya Birla Sun Life Mutual Fund,Open Ended Schemes,Debt Scheme - Banking and PSU Fund,25-08-2014,109.25960
119551,Aditya Birla Sun Life Banking & PSU Debt Fund  - DIRECT - IDCW,Aditya Birla Sun Life Mutual Fund,Open Ended Schemes,Debt Scheme - Banking and PSU Fund,22-08-2014,109.21920
119551,Aditya Birla Sun Life Banking & PSU Debt Fund  - DIRECT - IDCW,Aditya Birla Sun Life Mutual Fund,Open Ended Schemes,Debt Scheme - Banking and PSU Fund,21-08-2014,109.17910
119551,Aditya Birla Sun Life Banking & PSU Debt Fund  - DIRECT - IDCW,Aditya Birla Sun Life Mutual Fund,Open Ended Schemes,Debt Scheme - Banking and PSU Fund,20-08-2014,109.19900
119551,Aditya Birla Sun Life Banking & PSU Debt Fund  - DIRECT - IDCW,Aditya Birla Sun Life Mutual Fund,Open Ended Schemes,Debt Scheme - Banking and PSU Fund,19-08-2014,109.13810
119551,Aditya Birla Sun Life Banking & PSU Debt Fund  - DIRECT - IDCW,Aditya Birla Sun Life Mutual Fund,Open Ended Schemes,Debt Scheme - Banking and PSU Fund,14-08-2014,108.98880
119551,Aditya Birla Sun Life Banking & PSU Debt Fund  - DIRECT - IDCW,Aditya Birla Sun Life Mutual Fund,Open Ended Schemes,Debt Scheme - Banking and PSU Fund,13-08-2014,108.94530
119551,Aditya Birla Sun Life Banking & PSU Debt Fund  - DIRECT - IDCW,Aditya Birla Sun Life Mutual Fund,Open Ended Schemes,Debt Scheme - Banking and PSU Fund,12-08-2014,108.85410
119551,Aditya Birla Sun Life Banking & PSU Debt Fund  - DIRECT - IDCW,Aditya Birla Sun Life Mutual Fund,Open Ended Schemes,Debt Scheme - Banking and PSU Fund,11-08-2014,108.82970
119551,Aditya Birla Sun Life Banking & PSU Debt Fund  - DIRECT - IDCW,Aditya Birla Sun Life Mutual Fund,Open Ended Schemes,Debt Scheme - Banking and PSU Fund,08-08-2014,108.72790
119551,Aditya Birla Sun Life Banking & PSU Debt Fund  - DIRECT - IDCW,Aditya Birla Sun Life Mutual Fund,Open Ended Schemes,Debt Scheme - Banking and PSU Fund,07-08-2014,108.74860
119551,Aditya Birla Sun Life Banking & PSU Debt Fund  - DIRECT - IDCW,Aditya Birla Sun Life Mutual Fund,Open Ended Schemes,Debt Scheme - Banking and PSU Fund,06-08-2014,108.69270
119551,Aditya Birla Sun Life Banking & PSU Debt Fund  - DIRECT - IDCW,Aditya Birla Sun Life Mutual Fund,Open Ended Schemes,Debt Scheme - Banking and PSU Fund,05-08-2014,108.77450
119551,Aditya Birla Sun Life Banking & PSU Debt Fund  - DIRECT - IDCW,Aditya Birla Sun Life Mutual Fund,Open Ended Schemes,Debt Scheme - Banking and PSU Fund,04-08-2014,108.86730
119551,Aditya Birla Sun Life Banking & PSU Debt Fund  - DIRECT - IDCW,Aditya Birla Sun Life Mutual Fund,Open Ended Schemes,Debt Scheme - Banking and PSU Fund,01-08-2014,108.78490
119551,Aditya Birla Sun Life Banking & PSU Debt Fund  - DIRECT - IDCW,Aditya Birla Sun Life Mutual Fund,Open Ended Schemes,Debt Scheme - Banking and PSU Fund,31-07-2014,108.80840
119551,Aditya Birla Sun Life Banking & PSU Debt Fund  - DIRECT - IDCW,Aditya Birla Sun Life Mutual Fund,Open Ended Schemes,Debt Scheme - Banking and PSU Fund,30-07-2014,108.75810
119551,Aditya Birla Sun Life Banking & PSU Debt Fund  - DIRECT - IDCW,Aditya Birla Sun Life Mutual Fund,Open Ended Schemes,Debt Scheme - Banking and PSU Fund,28-07-2014,108.76960
119551,Aditya Birla Sun Life Banking & PSU Debt Fund  - DIRECT - IDCW,Aditya Birla Sun Life Mutual Fund,Open Ended Schemes,Debt Scheme - Banking and PSU Fund,25-07-2014,108.71790
119551,Aditya Birla Sun Life Banking & PSU Debt Fund  - DIRECT - IDCW,Aditya Birla Sun Life Mutual Fund,Open Ended Schemes,Debt Scheme - Banking and PSU Fund,24-07-2014,108.69620
119551,Aditya Birla Sun Life Banking & PSU Debt Fund  - DIRECT - IDCW,Aditya Birla Sun Life Mutual Fund,Open Ended Schemes,Debt Scheme - Banking and PSU Fund,23-07-2014,108.57460
119551,Aditya Birla Sun Life Banking & PSU Debt Fund  - DIRECT - IDCW,Aditya Birla Sun Life Mutual Fund,Open Ended Schemes,Debt Scheme - Banking and PSU Fund,22-07-2014,108.47120
119551,Aditya Birla Sun Life Banking & PSU Debt Fund  - DIRECT - IDCW,Aditya Birla Sun Life Mutual Fund,Open Ended Schemes,Debt Scheme - Banking and PSU Fund,21-07-2014,108.37940
119551,Aditya Birla Sun Life Banking & PSU Debt Fund  - DIRECT - IDCW,Aditya Birla Sun Life Mutual Fund,Open Ended Schemes,Debt Scheme - Banking and PSU Fund,18-07-2014,108.25550
119551,Aditya Birla Sun Life Banking & PSU Debt Fund  - DIRECT - IDCW,Aditya Birla Sun Life Mutual Fund,Open Ended Schemes,Debt Scheme - Banking and PSU Fund,17-07-2014,108.21750
119551,Aditya Birla Sun Life Banking & PSU Debt Fund  - DIRECT - IDCW,Aditya Birla Sun Life Mutual Fund,Open Ended Schemes,Debt Scheme - Banking and PSU Fund,16-07-2014,108.13620
119551,Aditya Birla Sun Life Banking & PSU Debt Fund  - DIRECT - IDCW,Aditya Birla Sun Life Mutual Fund,Open Ended Schemes,Debt Scheme - Banking and PSU Fund,15-07-2014,108.06040
119551,Aditya Birla Sun Life Banking & PSU Debt Fund  - DIRECT - IDCW,Aditya Birla Sun Life Mutual Fund,Open Ended Schemes,Debt Scheme - Banking and PSU Fund,14-07-2014,107.98540
119551,Aditya Birla Sun Life Banking & PSU Debt Fund  - DIRECT - IDCW,Aditya Birla Sun Life Mutual Fund,Open Ended Schemes,Debt Scheme - Banking and PSU Fund,11-07-2014,108.11370
119551,Aditya Birla Sun Life Banking & PSU Debt Fund  - DIRECT - IDCW,Aditya Birla Sun Life Mutual Fund,Open Ended Schemes,Debt Scheme - Banking and PSU Fund,10-07-2014,108.42490
119551,Aditya Birla Sun Life Banking & PSU Debt Fund  - DIRECT - IDCW,Aditya Birla Sun Life Mutual Fund,Open Ended Schemes,Debt Scheme - Banking and PSU Fund,09-07-2014,108.41510
119551,Aditya Birla Sun Life Banking & PSU Debt Fund  - DIRECT - IDCW,Aditya Birla Sun Life Mutual Fund,Open Ended Schemes,Debt Scheme - Banking and PSU Fund,08-07-2014,108.38780
119551,Aditya Birla Sun Life Banking & PSU Debt Fund  - DIRECT - IDCW,Aditya Birla Sun Life Mutual Fund,Open Ended Schemes,Debt Scheme - Banking and PSU Fund,07-07-2014,108.38980
119551,Aditya Birla Sun Life Banking & PSU Debt Fund  - DIRECT - IDCW,Aditya Birla Sun Life Mutual Fund,Open Ended Schemes,Debt Scheme - Banking and PSU Fund,04-07-2014,108.33240
119551,Aditya Birla Sun Life Banking & PSU Debt Fund  - DIRECT - IDCW,Aditya Birla Sun Life Mutual Fund,Open Ended Schemes,Debt Scheme - Banking and PSU Fund,03-07-2014,108.27740
119551,Aditya Birla Sun Life Banking & PSU Debt Fund  - DIRECT - IDCW,Aditya Birla Sun Life Mutual Fund,Open Ended Schemes,Debt Scheme - Banking and PSU Fund,02-07-2014,108.25100
119551,Aditya Birla Sun Life Banking & PSU Debt Fund  - DIRECT - IDCW,Aditya Birla Sun Life Mutual Fund,Open Ended Schemes,Debt Scheme - Banking and PSU Fund,30-06-2014,108.12110
119551,Aditya Birla Sun Life Banking & PSU Debt Fund  - DIRECT - IDCW,Aditya Birla Sun Life Mutual Fund,Open Ended Schemes,Debt Scheme - Banking and PSU Fund,27-06-2014,108.02110
119551,Aditya Birla Sun Life Banking & PSU Debt Fund  - DIRECT - IDCW,Aditya Birla Sun Life Mutual Fund,Open Ended Schemes,Debt Scheme - Banking and PSU Fund,26-06-2014,108.01950
119551,Aditya Birla Sun Life Banking & PSU Debt Fund  - DIRECT - IDCW,Aditya Birla Sun Life Mutual Fund,Open Ended Schemes,Debt Scheme - Banking and PSU Fund,25-06-2014,107.95520
119551,Aditya Birla Sun Life Banking & PSU Debt Fund  - DIRECT - IDCW,Aditya Birla Sun Life Mutual Fund,Open Ended Schemes,Debt Scheme - Banking and PSU Fund,24-06-2014,107.90860
119551,Aditya Birla Sun Life Banking & PSU Debt Fund  - DIRECT - IDCW,Aditya Birla Sun Life Mutual Fund,Open Ended Schemes,Debt Scheme - Banking and PSU Fund,23-06-2014,107.87910
119551,Aditya Birla Sun Life Banking & PSU Debt Fund  - DIRECT - IDCW,Aditya Birla Sun Life Mutual Fund,Open Ended Schemes,Debt Scheme - Banking and PSU Fund,20-06-2014,107.85020
119551,Aditya Birla Sun Life Banking & PSU Debt Fund  - DIRECT - IDCW,Aditya Birla Sun Life Mutual Fund,Open Ended Schemes,Debt Scheme - Banking and PSU Fund,19-06-2014,107.90160
119551,Aditya Birla Sun Life Banking & PSU Debt Fund  - DIRECT - IDCW,Aditya Birla Sun Life Mutual Fund,Open Ended Schemes,Debt Scheme - Banking and PSU Fund,18-06-2014,107.94890
119551,Aditya Birla Sun Life Banking & PSU Debt Fund  - DIRECT - IDCW,Aditya Birla Sun Life Mutual Fund,Open Ended Schemes,Debt Scheme - Banking and PSU Fund,17-06-2014,107.94260
119551,Aditya Birla Sun Life Banking & PSU Debt Fund  - DIRECT - IDCW,Aditya Birla Sun Life Mutual Fund,Open Ended Schemes,Debt Scheme - Banking and PSU Fund,16-06-2014,107.95360
119551,Aditya Birla Sun Life Banking & PSU Debt Fund  - DIRECT - IDCW,Aditya Birla Sun Life Mutual Fund,Open Ended Schemes,Debt Scheme - Banking and PSU Fund,13-06-2014,107.97600
119551,Aditya Birla Sun Life Banking & PSU Debt Fund  - DIRECT - IDCW,Aditya Birla Sun Life Mutual Fund,Open Ended Schemes,Debt Scheme - Banking and PSU Fund,12-06-2014,107.92280
119551,Aditya Birla Sun Life Banking & PSU Debt Fund  - DIRECT - IDCW,Aditya Birla Sun Life Mutual Fund,Open Ended Schemes,Debt Scheme - Banking and PSU Fund,11-06-2014,107.87610
119551,Aditya Birla Sun Life Banking & PSU Debt Fund  - DIRECT - IDCW,Aditya Birla Sun Life Mutual Fund,Open Ended Schemes,Debt Scheme - Banking and PSU Fund,10-06-2014,107.87800
119551,Aditya Birla Sun Life Banking & PSU Debt Fund  - DIRECT - IDCW,Aditya Birla Sun Life Mutual Fund,Open Ended Schemes,Debt Scheme - Banking and PSU Fund,09-06-2014,107.87670
119551,Aditya Birla Sun Life Banking & PSU Debt Fund  - DIRECT - IDCW,Aditya Birla Sun Life Mutual Fund,Open Ended Schemes,Debt Scheme - Banking and PSU Fund,06-06-2014,107.74080
119551,Aditya Birla Sun Life Banking & PSU Debt Fund  - DIRECT - IDCW,Aditya Birla Sun Life Mutual Fund,Open Ended Schemes,Debt Scheme - Banking and PSU Fund,05-06-2014,107.65290
119551,Aditya Birla Sun Life Banking & PSU Debt Fund  - DIRECT - IDCW,Aditya Birla Sun Life Mutual Fund,Open Ended Schemes,Debt Scheme - Banking and PSU Fund,04-06-2014,107.52220
119551,Aditya Birla Sun Life Banking & PSU Debt Fund  - DIRECT - IDCW,Aditya Birla Sun Life Mutual Fund,Open Ended Schemes,Debt Scheme - Banking and PSU Fund,03-06-2014,107.42310
119551,Aditya Birla Sun Life Banking & PSU Debt Fund  - DIRECT - IDCW,Aditya Birla Sun Life Mutual Fund,Open Ended Schemes,Debt Scheme - Banking and PSU Fund,02-06-2014,107.23600
119551,Aditya Birla Sun Life Banking & PSU Debt Fund  - DIRECT - IDCW,Aditya Birla Sun Life Mutual Fund,Open Ended Schemes,Debt Scheme - Banking and PSU Fund,30-05-2014,107.19050
119551,Aditya Birla Sun Life Banking & PSU Debt Fund  - DIRECT - IDCW,Aditya Birla Sun Life Mutual Fund,Open Ended Schemes,Debt Scheme - Banking and PSU Fund,29-05-2014,107.10210
119551,Aditya Birla Sun Life Banking & PSU Debt Fund  - DIRECT - IDCW,Aditya Birla Sun Life Mutual Fund,Open Ended Schemes,Debt Scheme - Banking and PSU Fund,28-05-2014,107.04960
119551,Aditya Birla Sun Life Banking & PSU Debt Fund  - DIRECT - IDCW,Aditya Birla Sun Life Mutual Fund,Open Ended Schemes,Debt Scheme - Banking and PSU Fund,27-05-2014,107.03650
119551,Aditya Birla Sun Life Banking & PSU Debt Fund  - DIRECT - IDCW,Aditya Birla Sun Life Mutual Fund,Open Ended Schemes,Debt Scheme - Banking and PSU Fund,26-05-2014,106.97840
119551,Aditya Birla Sun Life Banking & PSU Debt Fund  - DIRECT - IDCW,Aditya Birla Sun Life Mutual Fund,Open Ended Schemes,Debt Scheme - Banking and PSU Fund,23-05-2014,106.93160
119551,Aditya Birla Sun Life Banking & PSU Debt Fund  - DIRECT - IDCW,Aditya Birla Sun Life Mutual Fund,Open Ended Schemes,Debt Scheme - Banking and PSU Fund,22-05-2014,106.75370
119551,Aditya Birla Sun Life Banking & PSU Debt Fund  - DIRECT - IDCW,Aditya Birla Sun Life Mutual Fund,Open Ended Schemes,Debt Scheme - Banking and PSU Fund,21-05-2014,106.66860
119551,Aditya Birla Sun Life Banking & PSU Debt Fund  - DIRECT - IDCW,Aditya Birla Sun Life Mutual Fund,Open Ended Schemes,Debt Scheme - Banking and PSU Fund,20-05-2014,106.58990
119551,Aditya Birla Sun Life Banking & PSU Debt Fund  - DIRECT - IDCW,Aditya Birla Sun Life Mutual Fund,Open Ended Schemes,Debt Scheme - Banking and PSU Fund,19-05-2014,106.58390
119551,Aditya Birla Sun Life Banking & PSU Debt Fund  - DIRECT - IDCW,Aditya Birla Sun Life Mutual Fund,Open Ended Schemes,Debt Scheme - Banking and PSU Fund,16-05-2014,106.57800
119551,Aditya Birla Sun Life Banking & PSU Debt Fund  - DIRECT - IDCW,Aditya Birla Sun Life Mutual Fund,Open Ended Schemes,Debt Scheme - Banking and PSU Fund,15-05-2014,106.37100
119551,Aditya Birla Sun Life Banking & PSU Debt Fund  - DIRECT - IDCW,Aditya Birla Sun Life Mutual Fund,Open Ended Schemes,Debt Scheme - Banking and PSU Fund,13-05-2014,106.27730
119551,Aditya Birla Sun Life Banking & PSU Debt Fund  - DIRECT - IDCW,Aditya Birla Sun Life Mutual Fund,Open Ended Schemes,Debt Scheme - Banking and PSU Fund,12-05-2014,106.28300
119551,Aditya Birla Sun Life Banking & PSU Debt Fund  - DIRECT - IDCW,Aditya Birla Sun Life Mutual Fund,Open Ended Schemes,Debt Scheme - Banking and PSU Fund,09-05-2014,106.15080
119551,Aditya Birla Sun Life Banking & PSU Debt Fund  - DIRECT - IDCW,Aditya Birla Sun Life Mutual Fund,Open Ended Schemes,Debt Scheme - Banking and PSU Fund,08-05-2014,106.04860
119551,Aditya Birla Sun Life Banking & PSU Debt Fund  - DIRECT - IDCW,Aditya Birla Sun Life Mutual Fund,Open Ended Schemes,Debt Scheme - Banking and PSU Fund,07-05-2014,106.02970
119551,Aditya Birla Sun Life Banking & PSU Debt Fund  - DIRECT - IDCW,Aditya Birla Sun Life Mutual Fund,Open Ended Schemes,Debt Scheme - Banking and PSU Fund,06-05-2014,106.00900
119551,Aditya Birla Sun Life Banking & PSU Debt Fund  - DIRECT - IDCW,Aditya Birla Sun Life Mutual Fund,Open Ended Schemes,Debt Scheme - Banking and PSU Fund,05-05-2014,105.98590
119551,Aditya Birla Sun Life Banking & PSU Debt Fund  - DIRECT - IDCW,Aditya Birla Sun Life Mutual Fund,Open Ended Schemes,Debt Scheme - Banking and PSU Fund,02-05-2014,105.79090
119551,Aditya Birla Sun Life Banking & PSU Debt Fund  - DIRECT - IDCW,Aditya Birla Sun Life Mutual Fund,Open Ended Schemes,Debt Scheme - Banking and PSU Fund,30-04-2014,105.69580
119551,Aditya Birla Sun Life Banking & PSU Debt Fund  - DIRECT - IDCW,Aditya Birla Sun Life Mutual Fund,Open Ended Schemes,Debt Scheme - Banking and PSU Fund,29-04-2014,105.60080
119551,Aditya Birla Sun Life Banking & PSU Debt Fund  - DIRECT - IDCW,Aditya Birla Sun Life Mutual Fund,Open Ended Schemes,Debt Scheme - Banking and PSU Fund,28-04-2014,105.51570
119551,Aditya Birla Sun Life Banking & PSU Debt Fund  - DIRECT - IDCW,Aditya Birla Sun Life Mutual Fund,Open Ended Schemes,Debt Scheme - Banking and PSU Fund,25-04-2014,105.45190
119551,Aditya Birla Sun Life Banking & PSU Debt Fund  - DIRECT - IDCW,Aditya Birla Sun Life Mutual Fund,Open Ended Schemes,Debt Scheme - Banking and PSU Fund,23-04-2014,105.38950
119551,Aditya Birla Sun Life Banking & PSU Debt Fund  - DIRECT - IDCW,Aditya Birla Sun Life Mutual Fund,Open Ended Schemes,Debt Scheme - Banking and PSU Fund,22-04-2014,105.32310
119551,Aditya Birla Sun Life Banking & PSU Debt Fund  - DIRECT - IDCW,Aditya Birla Sun Life Mutual Fund,Open Ended Schemes,Debt Scheme - Banking and PSU Fund,21-04-2014,105.15030
119551,Aditya Birla Sun Life Banking & PSU Debt Fund  - DIRECT - IDCW,Aditya Birla Sun Life Mutual Fund,Open Ended Schemes,Debt Scheme - Banking and PSU Fund,17-04-2014,104.97280
119551,Aditya Birla Sun Life Banking & PSU Debt Fund  - DIRECT - IDCW,Aditya Birla Sun Life Mutual Fund,Open Ended Schemes,Debt Scheme - Banking and PSU Fund,16-04-2014,104.97900
119551,Aditya Birla Sun Life Banking & PSU Debt Fund  - DIRECT - IDCW,Aditya Birla Sun Life Mutual Fund,Open Ended Schemes,Debt Scheme - Banking and PSU Fund,15-04-2014,104.89730
119551,Aditya Birla Sun Life Banking & PSU Debt Fund  - DIRECT - IDCW,Aditya Birla Sun Life Mutual Fund,Open Ended Schemes,Debt Scheme - Banking and PSU Fund,11-04-2014,104.79610
119551,Aditya Birla Sun Life Banking & PSU Debt Fund  - DIRECT - IDCW,Aditya Birla Sun Life Mutual Fund,Open Ended Schemes,Debt Scheme - Banking and PSU Fund,10-04-2014,104.70790
119551,Aditya Birla Sun Life Banking & PSU Debt Fund  - DIRECT - IDCW,Aditya Birla Sun Life Mutual Fund,Open Ended Schemes,Debt Scheme - Banking and PSU Fund,09-04-2014,104.69260
119551,Aditya Birla Sun Life Banking & PSU Debt Fund  - DIRECT - IDCW,Aditya Birla Sun Life Mutual Fund,Open Ended Schemes,Debt Scheme - Banking and PSU Fund,07-04-2014,104.67080
119551,Aditya Birla Sun Life Banking & PSU Debt Fund  - DIRECT - IDCW,Aditya Birla Sun Life Mutual Fund,Open Ended Schemes,Debt Scheme - Banking and PSU Fund,04-04-2014,104.61730
119551,Aditya Birla Sun Life Banking & PSU Debt Fund  - DIRECT - IDCW,Aditya Birla Sun Life Mutual Fund,Open Ended Schemes,Debt Scheme - Banking and PSU Fund,03-04-2014,104.66130
119551,Aditya Birla Sun Life Banking & PSU Debt Fund  - DIRECT - IDCW,Aditya Birla Sun Life Mutual Fund,Open Ended Schemes,Debt Scheme - Banking and PSU Fund,02-04-2014,104.64590
119551,Aditya Birla Sun Life Banking & PSU Debt Fund  - DIRECT - IDCW,Aditya Birla Sun Life Mutual Fund,Open Ended Schemes,Debt Scheme - Banking and PSU Fund,31-03-2014,104.74030
119551,Aditya Birla Sun Life Banking & PSU Debt Fund  - DIRECT - IDCW,Aditya Birla Sun Life Mutual Fund,Open Ended Schemes,Debt Scheme - Banking and PSU Fund,28-03-2014,104.64080
119551,Aditya Birla Sun Life Banking & PSU Debt Fund  - DIRECT - IDCW,Aditya Birla Sun Life Mutual Fund,Open Ended Schemes,Debt Scheme - Banking and PSU Fund,27-03-2014,104.42450
119551,Aditya Birla Sun Life Banking & PSU Debt Fund  - DIRECT - IDCW,Aditya Birla Sun Life Mutual Fund,Open Ended Schemes,Debt Scheme - Banking and PSU Fund,26-03-2014,104.39340
119551,Aditya Birla Sun Life Banking & PSU Debt Fund  - DIRECT - IDCW,Aditya Birla Sun Life Mutual Fund,Open Ended Schemes,Debt Scheme - Banking and PSU Fund,25-03-2014,104.43190
119551,Aditya Birla Sun Life Banking & PSU Debt Fund  - DIRECT - IDCW,Aditya Birla Sun Life Mutual Fund,Open Ended Schemes,Debt Scheme - Banking and PSU Fund,24-03-2014,104.30350
119551,Aditya Birla Sun Life Banking & PSU Debt Fund  - DIRECT - IDCW,Aditya Birla Sun Life Mutual Fund,Open Ended Schemes,Debt Scheme - Banking and PSU Fund,21-03-2014,104.20690
119551,Aditya Birla Sun Life Banking & PSU Debt Fund  - DIRECT - IDCW,Aditya Birla Sun Life Mutual Fund,Open Ended Schemes,Debt Scheme - Banking and PSU Fund,20-03-2014,104.09720
119551,Aditya Birla Sun Life Banking & PSU Debt Fund  - DIRECT - IDCW,Aditya Birla Sun Life Mutual Fund,Open Ended Schemes,Debt Scheme - Banking and PSU Fund,19-03-2014,104.09160
119551,Aditya Birla Sun Life Banking & PSU Debt Fund  - DIRECT - IDCW,Aditya Birla Sun Life Mutual Fund,Open Ended Schemes,Debt Scheme - Banking and PSU Fund,18-03-2014,104.06190
119551,Aditya Birla Sun Life Banking & PSU Debt Fund  - DIRECT - IDCW,Aditya Birla Sun Life Mutual Fund,Open Ended Schemes,Debt Scheme - Banking and PSU Fund,14-03-2014,103.95640
119551,Aditya Birla Sun Life Banking & PSU Debt Fund  - DIRECT - IDCW,Aditya Birla Sun Life Mutual Fund,Open Ended Schemes,Debt Scheme - Banking and PSU Fund,13-03-2014,103.92020
119551,Aditya Birla Sun Life Banking & PSU Debt Fund  - DIRECT - IDCW,Aditya Birla Sun Life Mutual Fund,Open Ended Schemes,Debt Scheme - Banking and PSU Fund,12-03-2014,103.85630
119551,Aditya Birla Sun Life Banking & PSU Debt Fund  - DIRECT - IDCW,Aditya Birla Sun Life Mutual Fund,Open Ended Schemes,Debt Scheme - Banking and PSU Fund,11-03-2014,103.85330
119551,Aditya Birla Sun Life Banking & PSU Debt Fund  - DIRECT - IDCW,Aditya Birla Sun Life Mutual Fund,Open Ended Schemes,Debt Scheme - Banking and PSU Fund,10-03-2014,103.74600
119551,Aditya Birla Sun Life Banking & PSU Debt Fund  - DIRECT - IDCW,Aditya Birla Sun Life Mutual Fund,Open Ended Schemes,Debt Scheme - Banking and PSU Fund,07-03-2014,103.63530
119551,Aditya Birla Sun Life Banking & PSU Debt Fund  - DIRECT - IDCW,Aditya Birla Sun Life Mutual Fund,Open Ended Schemes,Debt Scheme - Banking and PSU Fund,06-03-2014,103.58590
119551,Aditya Birla Sun Life Banking & PSU Debt Fund  - DIRECT - IDCW,Aditya Birla Sun Life Mutual Fund,Open Ended Schemes,Debt Scheme - Banking and PSU Fund,05-03-2014,103.55150
119551,Aditya Birla Sun Life Banking & PSU Debt Fund  - DIRECT - IDCW,Aditya Birla Sun Life Mutual Fund,Open Ended Schemes,Debt Scheme - Banking and PSU Fund,04-03-2014,103.49220
119551,Aditya Birla Sun Life Banking & PSU Debt Fund  - DIRECT - IDCW,Aditya Birla Sun Life Mutual Fund,Open Ended Schemes,Debt Scheme - Banking and PSU Fund,03-03-2014,103.48790
119551,Aditya Birla Sun Life Banking & PSU Debt Fund  - DIRECT - IDCW,Aditya Birla Sun Life Mutual Fund,Open Ended Schemes,Debt Scheme - Banking and PSU Fund,28-02-2014,103.76460
119551,Aditya Birla Sun Life Banking & PSU Debt Fund  - DIRECT - IDCW,Aditya Birla Sun Life Mutual Fund,Open Ended Schemes,Debt Scheme - Banking and PSU Fund,26-02-2014,103.70810
119551,Aditya Birla Sun Life Banking & PSU Debt Fund  - DIRECT - IDCW,Aditya Birla Sun Life Mutual Fund,Open Ended Schemes,Debt Scheme - Banking and PSU Fund,25-02-2014,103.68700
119551,Aditya Birla Sun Life Banking & PSU Debt Fund  - DIRECT - IDCW,Aditya Birla Sun Life Mutual Fund,Open Ended Schemes,Debt Scheme - Banking and PSU Fund,24-02-2014,103.66260
119551,Aditya Birla Sun Life Banking & PSU Debt Fund  - DIRECT - IDCW,Aditya Birla Sun Life Mutual Fund,Open Ended Schemes,Debt Scheme - Banking and PSU Fund,21-02-2014,103.59270
119551,Aditya Birla Sun Life Banking & PSU Debt Fund  - DIRECT - IDCW,Aditya Birla Sun Life Mutual Fund,Open Ended Schemes,Debt Scheme - Banking and PSU Fund,20-02-2014,103.56670
119551,Aditya Birla Sun Life Banking & PSU Debt Fund  - DIRECT - IDCW,Aditya Birla Sun Life Mutual Fund,Open Ended Schemes,Debt Scheme - Banking and PSU Fund,18-02-2014,103.50590
119551,Aditya Birla Sun Life Banking & PSU Debt Fund  - DIRECT - IDCW,Aditya Birla Sun Life Mutual Fund,Open Ended Schemes,Debt Scheme - Banking and PSU Fund,17-02-2014,103.48210
119551,Aditya Birla Sun Life Banking & PSU Debt Fund  - DIRECT - IDCW,Aditya Birla Sun Life Mutual Fund,Open Ended Schemes,Debt Scheme - Banking and PSU Fund,14-02-2014,103.78500
119551,Aditya Birla Sun Life Banking & PSU Debt Fund  - DIRECT - IDCW,Aditya Birla Sun Life Mutual Fund,Open Ended Schemes,Debt Scheme - Banking and PSU Fund,13-02-2014,103.75940
119551,Aditya Birla Sun Life Banking & PSU Debt Fund  - DIRECT - IDCW,Aditya Birla Sun Life Mutual Fund,Open Ended Schemes,Debt Scheme - Banking and PSU Fund,12-02-2014,103.74870
119551,Aditya Birla Sun Life Banking & PSU Debt Fund  - DIRECT - IDCW,Aditya Birla Sun Life Mutual Fund,Open Ended Schemes,Debt Scheme - Banking and PSU Fund,11-02-2014,103.72730
119551,Aditya Birla Sun Life Banking & PSU Debt Fund  - DIRECT - IDCW,Aditya Birla Sun Life Mutual Fund,Open Ended Schemes,Debt Scheme - Banking and PSU Fund,10-02-2014,103.70390
119551,Aditya Birla Sun Life Banking & PSU Debt Fund  - DIRECT - IDCW,Aditya Birla Sun Life Mutual Fund,Open Ended Schemes,Debt Scheme - Banking and PSU Fund,07-02-2014,103.63640
119551,Aditya Birla Sun Life Banking & PSU Debt Fund  - DIRECT - IDCW,Aditya Birla Sun Life Mutual Fund,Open Ended Schemes,Debt Scheme - Banking and PSU Fund,06-02-2014,103.61570
119551,Aditya Birla Sun Life Banking & PSU Debt Fund  - DIRECT - IDCW,Aditya Birla Sun Life Mutual Fund,Open Ended Schemes,Debt Scheme - Banking and PSU Fund,05-02-2014,103.58060
119551,Aditya Birla Sun Life Banking & PSU Debt Fund  - DIRECT - IDCW,Aditya Birla Sun Life Mutual Fund,Open Ended Schemes,Debt Scheme - Banking and PSU Fund,04-02-2014,103.55330
119551,Aditya Birla Sun Life Banking & PSU Debt Fund  - DIRECT - IDCW,Aditya Birla Sun Life Mutual Fund,Open Ended Schemes,Debt Scheme - Banking and PSU Fund,03-02-2014,103.52230
119551,Aditya Birla Sun Life Banking & PSU Debt Fund  - DIRECT - IDCW,Aditya Birla Sun Life Mutual Fund,Open Ended Schemes,Debt Scheme - Banking and PSU Fund,31-01-2014,103.44290
119551,Aditya Birla Sun Life Banking & PSU Debt Fund  - DIRECT - IDCW,Aditya Birla Sun Life Mutual Fund,Open Ended Schemes,Debt Scheme - Banking and PSU Fund,30-01-2014,103.42590
119551,Aditya Birla Sun Life Banking & PSU Debt Fund  - DIRECT - IDCW,Aditya Birla Sun Life Mutual Fund,Open Ended Schemes,Debt Scheme - Banking and PSU Fund,29-01-2014,103.41180
119551,Aditya Birla Sun Life Banking & PSU Debt Fund  - DIRECT - IDCW,Aditya Birla Sun Life Mutual Fund,Open Ended Schemes,Debt Scheme - Banking and PSU Fund,28-01-2014,103.67570
119551,Aditya Birla Sun Life Banking & PSU Debt Fund  - DIRECT - IDCW,Aditya Birla Sun Life Mutual Fund,Open Ended Schemes,Debt Scheme - Banking and PSU Fund,27-01-2014,103.67180
119551,Aditya Birla Sun Life Banking & PSU Debt Fund  - DIRECT - IDCW,Aditya Birla Sun Life Mutual Fund,Open Ended Schemes,Debt Scheme - Banking and PSU Fund,24-01-2014,103.60080
119551,Aditya Birla Sun Life Banking & PSU Debt Fund  - DIRECT - IDCW,Aditya Birla Sun Life Mutual Fund,Open Ended Schemes,Debt Scheme - Banking and PSU Fund,23-01-2014,103.57920
119551,Aditya Birla Sun Life Banking & PSU Debt Fund  - DIRECT - IDCW,Aditya Birla Sun Life Mutual Fund,Open Ended Schemes,Debt Scheme - Banking and PSU Fund,22-01-2014,103.55320
119551,Aditya Birla Sun Life Banking & PSU Debt Fund  - DIRECT - IDCW,Aditya Birla Sun Life Mutual Fund,Open Ended Schemes,Debt Scheme - Banking and PSU Fund,21-01-2014,103.53050
119551,Aditya Birla Sun Life Banking & PSU Debt Fund  - DIRECT - IDCW,Aditya Birla Sun Life Mutual Fund,Open Ended Schemes,Debt Scheme - Banking and PSU Fund,20-01-2014,103.48950
119551,Aditya Birla Sun Life Banking & PSU Debt Fund  - DIRECT - IDCW,Aditya Birla Sun Life Mutual Fund,Open Ended Schemes,Debt Scheme - Banking and PSU Fund,17-01-2014,103.41340
119551,Aditya Birla Sun Life Banking & PSU Debt Fund  - DIRECT - IDCW,Aditya Birla Sun Life Mutual Fund,Open Ended Schemes,Debt Scheme - Banking and PSU Fund,16-01-2014,103.39420
119551,Aditya Birla Sun Life Banking & PSU Debt Fund  - DIRECT - IDCW,Aditya Birla Sun Life Mutual Fund,Open Ended Schemes,Debt Scheme - Banking and PSU Fund,15-01-2014,103.77520
119551,Aditya Birla Sun Life Banking & PSU Debt Fund  - DIRECT - IDCW,Aditya Birla Sun Life Mutual Fund,Open Ended Schemes,Debt Scheme - Banking and PSU Fund,13-01-2014,103.72100
119551,Aditya Birla Sun Life Banking & PSU Debt Fund  - DIRECT - IDCW,Aditya Birla Sun Life Mutual Fund,Open Ended Schemes,Debt Scheme - Banking and PSU Fund,10-01-2014,103.64770
119551,Aditya Birla Sun Life Banking & PSU Debt Fund  - DIRECT - IDCW,Aditya Birla Sun Life Mutual Fund,Open Ended Schemes,Debt Scheme - Banking and PSU Fund,09-01-2014,103.59890
119551,Aditya Birla Sun Life Banking & PSU Debt Fund  - DIRECT - IDCW,Aditya Birla Sun Life Mutual Fund,Open Ended Schemes,Debt Scheme - Banking and PSU Fund,08-01-2014,103.59450
119551,Aditya Birla Sun Life Banking & PSU Debt Fund  - DIRECT - IDCW,Aditya Birla Sun Life Mutual Fund,Open Ended Schemes,Debt Scheme - Banking and PSU Fund,07-01-2014,103.58810
119551,Aditya Birla Sun Life Banking & PSU Debt Fund  - DIRECT - IDCW,Aditya Birla Sun Life Mutual Fund,Open Ended Schemes,Debt Scheme - Banking and PSU Fund,06-01-2014,103.58150
119551,Aditya Birla Sun Life Banking & PSU Debt Fund  - DIRECT - IDCW,Aditya Birla Sun Life Mutual Fund,Open Ended Schemes,Debt Scheme - Banking and PSU Fund,03-01-2014,103.50600
119551,Aditya Birla Sun Life Banking & PSU Debt Fund  - DIRECT - IDCW,Aditya Birla Sun Life Mutual Fund,Open Ended Schemes,Debt Scheme - Banking and PSU Fund,02-01-2014,103.48080
119551,Aditya Birla Sun Life Banking & PSU Debt Fund  - DIRECT - IDCW,Aditya Birla Sun Life Mutual Fund,Open Ended Schemes,Debt Scheme - Banking and PSU Fund,01-01-2014,103.44600
119551,Aditya Birla Sun Life Banking & PSU Debt Fund  - DIRECT - IDCW,Aditya Birla Sun Life Mutual Fund,Open Ended Schemes,Debt Scheme - Banking and PSU Fund,31-12-2013,103.39410
119551,Aditya Birla Sun Life Banking & PSU Debt Fund  - DIRECT - IDCW,Aditya Birla Sun Life Mutual Fund,Open Ended Schemes,Debt Scheme - Banking and PSU Fund,30-12-2013,103.64290
119551,Aditya Birla Sun Life Banking & PSU Debt Fund  - DIRECT - IDCW,Aditya Birla Sun Life Mutual Fund,Open Ended Schemes,Debt Scheme - Banking and PSU Fund,27-12-2013,103.58930
119551,Aditya Birla Sun Life Banking & PSU Debt Fund  - DIRECT - IDCW,Aditya Birla Sun Life Mutual Fund,Open Ended Schemes,Debt Scheme - Banking and PSU Fund,26-12-2013,103.57630
119551,Aditya Birla Sun Life Banking & PSU Debt Fund  - DIRECT - IDCW,Aditya Birla Sun Life Mutual Fund,Open Ended Schemes,Debt Scheme - Banking and PSU Fund,24-12-2013,103.53400
119551,Aditya Birla Sun Life Banking & PSU Debt Fund  - DIRECT - IDCW,Aditya Birla Sun Life Mutual Fund,Open Ended Schemes,Debt Scheme - Banking and PSU Fund,23-12-2013,103.52360
119551,Aditya Birla Sun Life Banking & PSU Debt Fund  - DIRECT - IDCW,Aditya Birla Sun Life Mutual Fund,Open Ended Schemes,Debt Scheme - Banking and PSU Fund,20-12-2013,103.45840
119551,Aditya Birla Sun Life Banking & PSU Debt Fund  - DIRECT - IDCW,Aditya Birla Sun Life Mutual Fund,Open Ended Schemes,Debt Scheme - Banking and PSU Fund,19-12-2013,103.43360
119551,Aditya Birla Sun Life Banking & PSU Debt Fund  - DIRECT - IDCW,Aditya Birla Sun Life Mutual Fund,Open Ended Schemes,Debt Scheme - Banking and PSU Fund,18-12-2013,103.40750
119551,Aditya Birla Sun Life Banking & PSU Debt Fund  - DIRECT - IDCW,Aditya Birla Sun Life Mutual Fund,Open Ended Schemes,Debt Scheme - Banking and PSU Fund,17-12-2013,103.36990
119551,Aditya Birla Sun Life Banking & PSU Debt Fund  - DIRECT - IDCW,Aditya Birla Sun Life Mutual Fund,Open Ended Schemes,Debt Scheme - Banking and PSU Fund,16-12-2013,103.80190
119551,Aditya Birla Sun Life Banking & PSU Debt Fund  - DIRECT - IDCW,Aditya Birla Sun Life Mutual Fund,Open Ended Schemes,Debt Scheme - Banking and PSU Fund,13-12-2013,103.72470
119551,Aditya Birla Sun Life Banking & PSU Debt Fund  - DIRECT - IDCW,Aditya Birla Sun Life Mutual Fund,Open Ended Schemes,Debt Scheme - Banking and PSU Fund,12-12-2013,103.73510
119551,Aditya Birla Sun Life Banking & PSU Debt Fund  - DIRECT - IDCW,Aditya Birla Sun Life Mutual Fund,Open Ended Schemes,Debt Scheme - Banking and PSU Fund,11-12-2013,103.66430
119551,Aditya Birla Sun Life Banking & PSU Debt Fund  - DIRECT - IDCW,Aditya Birla Sun Life Mutual Fund,Open Ended Schemes,Debt Scheme - Banking and PSU Fund,10-12-2013,103.63080
119551,Aditya Birla Sun Life Banking & PSU Debt Fund  - DIRECT - IDCW,Aditya Birla Sun Life Mutual Fund,Open Ended Schemes,Debt Scheme - Banking and PSU Fund,09-12-2013,103.61800
119551,Aditya Birla Sun Life Banking & PSU Debt Fund  - DIRECT - IDCW,Aditya Birla Sun Life Mutual Fund,Open Ended Schemes,Debt Scheme - Banking and PSU Fund,06-12-2013,103.55930
119551,Aditya Birla Sun Life Banking & PSU Debt Fund  - DIRECT - IDCW,Aditya Birla Sun Life Mutual Fund,Open Ended Schemes,Debt Scheme - Banking and PSU Fund,05-12-2013,103.55450
119551,Aditya Birla Sun Life Banking & PSU Debt Fund  - DIRECT - IDCW,Aditya Birla Sun Life Mutual Fund,Open Ended Schemes,Debt Scheme - Banking and PSU Fund,04-12-2013,103.49620
119551,Aditya Birla Sun Life Banking & PSU Debt Fund  - DIRECT - IDCW,Aditya Birla Sun Life Mutual Fund,Open Ended Schemes,Debt Scheme - Banking and PSU Fund,03-12-2013,103.46930
119551,Aditya Birla Sun Life Banking & PSU Debt Fund  - DIRECT - IDCW,Aditya Birla Sun Life Mutual Fund,Open Ended Schemes,Debt Scheme - Banking and PSU Fund,02-12-2013,103.42840
119551,Aditya Birla Sun Life Banking & PSU Debt Fund  - DIRECT - IDCW,Aditya Birla Sun Life Mutual Fund,Open Ended Schemes,Debt Scheme - Banking and PSU Fund,29-11-2013,103.34360
119551,Aditya Birla Sun Life Banking & PSU Debt Fund  - DIRECT - IDCW,Aditya Birla Sun Life Mutual Fund,Open Ended Schemes,Debt Scheme - Banking and PSU Fund,28-11-2013,103.73460
119551,Aditya Birla Sun Life Banking & PSU Debt Fund  - DIRECT - IDCW,Aditya Birla Sun Life Mutual Fund,Open Ended Schemes,Debt Scheme - Banking and PSU Fund,27-11-2013,103.72590
119551,Aditya Birla Sun Life Banking & PSU Debt Fund  - DIRECT - IDCW,Aditya Birla Sun Life Mutual Fund,Open Ended Schemes,Debt Scheme - Banking and PSU Fund,26-11-2013,103.64020
119551,Aditya Birla Sun Life Banking & PSU Debt Fund  - DIRECT - IDCW,Aditya Birla Sun Life Mutual Fund,Open Ended Schemes,Debt Scheme - Banking and PSU Fund,25-11-2013,103.60010
119551,Aditya Birla Sun Life Banking & PSU Debt Fund  - DIRECT - IDCW,Aditya Birla Sun Life Mutual Fund,Open Ended Schemes,Debt Scheme - Banking and PSU Fund,22-11-2013,103.50410
119551,Aditya Birla Sun Life Banking & PSU Debt Fund  - DIRECT - IDCW,Aditya Birla Sun Life Mutual Fund,Open Ended Schemes,Debt Scheme - Banking and PSU Fund,21-11-2013,103.47400
119551,Aditya Birla Sun Life Banking & PSU Debt Fund  - DIRECT - IDCW,Aditya Birla Sun Life Mutual Fund,Open Ended Schemes,Debt Scheme - Banking and PSU Fund,20-11-2013,103.46810
119551,Aditya Birla Sun Life Banking & PSU Debt Fund  - DIRECT - IDCW,Aditya Birla Sun Life Mutual Fund,Open Ended Schemes,Debt Scheme - Banking and PSU Fund,19-11-2013,103.43550
119551,Aditya Birla Sun Life Banking & PSU Debt Fund  - DIRECT - IDCW,Aditya Birla Sun Life Mutual Fund,Open Ended Schemes,Debt Scheme - Banking and PSU Fund,18-11-2013,103.39600
119551,Aditya Birla Sun Life Banking & PSU Debt Fund  - DIRECT - IDCW,Aditya Birla Sun Life Mutual Fund,Open Ended Schemes,Debt Scheme - Banking and PSU Fund,14-11-2013,103.67010
119551,Aditya Birla Sun Life Banking & PSU Debt Fund  - DIRECT - IDCW,Aditya Birla Sun Life Mutual Fund,Open Ended Schemes,Debt Scheme - Banking and PSU Fund,13-11-2013,103.63140
119551,Aditya Birla Sun Life Banking & PSU Debt Fund  - DIRECT - IDCW,Aditya Birla Sun Life Mutual Fund,Open Ended Schemes,Debt Scheme - Banking and PSU Fund,12-11-2013,103.60680
119551,Aditya Birla Sun Life Banking & PSU Debt Fund  - DIRECT - IDCW,Aditya Birla Sun Life Mutual Fund,Open Ended Schemes,Debt Scheme - Banking and PSU Fund,11-11-2013,103.59750
119551,Aditya Birla Sun Life Banking & PSU Debt Fund  - DIRECT - IDCW,Aditya Birla Sun Life Mutual Fund,Open Ended Schemes,Debt Scheme - Banking and PSU Fund,08-11-2013,103.53260
119551,Aditya Birla Sun Life Banking & PSU Debt Fund  - DIRECT - IDCW,Aditya Birla Sun Life Mutual Fund,Open Ended Schemes,Debt Scheme - Banking and PSU Fund,07-11-2013,103.50730
119551,Aditya Birla Sun Life Banking & PSU Debt Fund  - DIRECT - IDCW,Aditya Birla Sun Life Mutual Fund,Open Ended Schemes,Debt Scheme - Banking and PSU Fund,06-11-2013,103.52390
119551,Aditya Birla Sun Life Banking & PSU Debt Fund  - DIRECT - IDCW,Aditya Birla Sun Life Mutual Fund,Open Ended Schemes,Debt Scheme - Banking and PSU Fund,05-11-2013,103.49620
119551,Aditya Birla Sun Life Banking & PSU Debt Fund  - DIRECT - IDCW,Aditya Birla Sun Life Mutual Fund,Open Ended Schemes,Debt Scheme - Banking and PSU Fund,01-11-2013,103.39660
119551,Aditya Birla Sun Life Banking & PSU Debt Fund  - DIRECT - IDCW,Aditya Birla Sun Life Mutual Fund,Open Ended Schemes,Debt Scheme - Banking and PSU Fund,31-10-2013,103.38580
119551,Aditya Birla Sun Life Banking & PSU Debt Fund  - DIRECT - IDCW,Aditya Birla Sun Life Mutual Fund,Open Ended Schemes,Debt Scheme - Banking and PSU Fund,30-10-2013,103.35710
119551,Aditya Birla Sun Life Banking & PSU Debt Fund  - DIRECT - IDCW,Aditya Birla Sun Life Mutual Fund,Open Ended Schemes,Debt Scheme - Banking and PSU Fund,29-10-2013,103.33200
119551,Aditya Birla Sun Life Banking & PSU Debt Fund  - DIRECT - IDCW,Aditya Birla Sun Life Mutual Fund,Open Ended Schemes,Debt Scheme - Banking and PSU Fund,28-10-2013,103.63750
119551,Aditya Birla Sun Life Banking & PSU Debt Fund  - DIRECT - IDCW,Aditya Birla Sun Life Mutual Fund,Open Ended Schemes,Debt Scheme - Banking and PSU Fund,25-10-2013,103.55690
119551,Aditya Birla Sun Life Banking & PSU Debt Fund  - DIRECT - IDCW,Aditya Birla Sun Life Mutual Fund,Open Ended Schemes,Debt Scheme - Banking and PSU Fund,24-10-2013,103.52480
119551,Aditya Birla Sun Life Banking & PSU Debt Fund  - DIRECT - IDCW,Aditya Birla Sun Life Mutual Fund,Open Ended Schemes,Debt Scheme - Banking and PSU Fund,23-10-2013,103.49860
119551,Aditya Birla Sun Life Banking & PSU Debt Fund  - DIRECT - IDCW,Aditya Birla Sun Life Mutual Fund,Open Ended Schemes,Debt Scheme - Banking and PSU Fund,22-10-2013,103.48590
119551,Aditya Birla Sun Life Banking & PSU Debt Fund  - DIRECT - IDCW,Aditya Birla Sun Life Mutual Fund,Open Ended Schemes,Debt Scheme - Banking and PSU Fund,21-10-2013,103.45160
119551,Aditya Birla Sun Life Banking & PSU Debt Fund  - DIRECT - IDCW,Aditya Birla Sun Life Mutual Fund,Open Ended Schemes,Debt Scheme - Banking and PSU Fund,18-10-2013,103.36720
119551,Aditya Birla Sun Life Banking & PSU Debt Fund  - DIRECT - IDCW,Aditya Birla Sun Life Mutual Fund,Open Ended Schemes,Debt Scheme - Banking and PSU Fund,17-10-2013,103.33260
119551,Aditya Birla Sun Life Banking & PSU Debt Fund  - DIRECT - IDCW,Aditya Birla Sun Life Mutual Fund,Open Ended Schemes,Debt Scheme - Banking and PSU Fund,15-10-2013,103.25890
119551,Aditya Birla Sun Life Banking & PSU Debt Fund  - DIRECT - IDCW,Aditya Birla Sun Life Mutual Fund,Open Ended Schemes,Debt Scheme - Banking and PSU Fund,14-10-2013,103.83030
119551,Aditya Birla Sun Life Banking & PSU Debt Fund  - DIRECT - IDCW,Aditya Birla Sun Life Mutual Fund,Open Ended Schemes,Debt Scheme - Banking and PSU Fund,11-10-2013,103.75720
119551,Aditya Birla Sun Life Banking & PSU Debt Fund  - DIRECT - IDCW,Aditya Birla Sun Life Mutual Fund,Open Ended Schemes,Debt Scheme - Banking and PSU Fund,10-10-2013,103.73960
119551,Aditya Birla Sun Life Banking & PSU Debt Fund  - DIRECT - IDCW,Aditya Birla Sun Life Mutual Fund,Open Ended Schemes,Debt Scheme - Banking and PSU Fund,09-10-2013,103.71910
119551,Aditya Birla Sun Life Banking & PSU Debt Fund  - DIRECT - IDCW,Aditya Birla Sun Life Mutual Fund,Open Ended Schemes,Debt Scheme - Banking and PSU Fund,08-10-2013,103.71220
119551,Aditya Birla Sun Life Banking & PSU Debt Fund  - DIRECT - IDCW,Aditya Birla Sun Life Mutual Fund,Open Ended Schemes,Debt Scheme - Banking and PSU Fund,07-10-2013,103.52110
119551,Aditya Birla Sun Life Banking & PSU Debt Fund  - DIRECT - IDCW,Aditya Birla Sun Life Mutual Fund,Open Ended Schemes,Debt Scheme - Banking and PSU Fund,04-10-2013,103.40920
119551,Aditya Birla Sun Life Banking & PSU Debt Fund  - DIRECT - IDCW,Aditya Birla Sun Life Mutual Fund,Open Ended Schemes,Debt Scheme - Banking and PSU Fund,03-10-2013,103.34430
119551,Aditya Birla Sun Life Banking & PSU Debt Fund  - DIRECT - IDCW,Aditya Birla Sun Life Mutual Fund,Open Ended Schemes,Debt Scheme - Banking and PSU Fund,01-10-2013,103.26550
119551,Aditya Birla Sun Life Banking & PSU Debt Fund  - DIRECT - IDCW,Aditya Birla Sun Life Mutual Fund,Open Ended Schemes,Debt Scheme - Banking and PSU Fund,30-09-2013,103.75950
119551,Aditya Birla Sun Life Banking & PSU Debt Fund  - DIRECT - IDCW,Aditya Birla Sun Life Mutual Fund,Open Ended Schemes,Debt Scheme - Banking and PSU Fund,27-09-2013,103.72400
119551,Aditya Birla Sun Life Banking & PSU Debt Fund  - DIRECT - IDCW,Aditya Birla Sun Life Mutual Fund,Open Ended Schemes,Debt Scheme - Banking and PSU Fund,26-09-2013,103.68660
119551,Aditya Birla Sun Life Banking & PSU Debt Fund  - DIRECT - IDCW,Aditya Birla Sun Life Mutual Fund,Open Ended Schemes,Debt Scheme - Banking and PSU Fund,25-09-2013,103.65340
119551,Aditya Birla Sun Life Banking & PSU Debt Fund  - DIRECT - IDCW,Aditya Birla Sun Life Mutual Fund,Open Ended Schemes,Debt Scheme - Banking and PSU Fund,24-09-2013,103.60000
119551,Aditya Birla Sun Life Banking & PSU Debt Fund  - DIRECT - IDCW,Aditya Birla Sun Life Mutual Fund,Open Ended Schemes,Debt Scheme - Banking and PSU Fund,23-09-2013,103.59400
119551,Aditya Birla Sun Life Banking & PSU Debt Fund  - DIRECT - IDCW,Aditya Birla Sun Life Mutual Fund,Open Ended Schemes,Debt Scheme - Banking and PSU Fund,20-09-2013,103.53460
119551,Aditya Birla Sun Life Banking & PSU Debt Fund  - DIRECT - IDCW,Aditya Birla Sun Life Mutual Fund,Open Ended Schemes,Debt Scheme - Banking and PSU Fund,19-09-2013,103.45450
119551,Aditya Birla Sun Life Banking & PSU Debt Fund  - DIRECT - IDCW,Aditya Birla Sun Life Mutual Fund,Open Ended Schemes,Debt Scheme - Banking and PSU Fund,18-09-2013,103.31080
119551,Aditya Birla Sun Life Banking & PSU Debt Fund  - DIRECT - IDCW,Aditya Birla Sun Life Mutual Fund,Open Ended Schemes,Debt Scheme - Banking and PSU Fund,17-09-2013,103.22610
119551,Aditya Birla Sun Life Banking & PSU Debt Fund  - DIRECT - IDCW,Aditya Birla Sun Life Mutual Fund,Open Ended Schemes,Debt Scheme - Banking and PSU Fund,16-09-2013,103.89490
119551,Aditya Birla Sun Life Banking & PSU Debt Fund  - DIRECT - IDCW,Aditya Birla Sun Life Mutual Fund,Open Ended Schemes,Debt Scheme - Banking and PSU Fund,13-09-2013,103.80360
119551,Aditya Birla Sun Life Banking & PSU Debt Fund  - DIRECT - IDCW,Aditya Birla Sun Life Mutual Fund,Open Ended Schemes,Debt Scheme - Banking and PSU Fund,12-09-2013,103.78310
119551,Aditya Birla Sun Life Banking & PSU Debt Fund  - DIRECT - IDCW,Aditya Birla Sun Life Mutual Fund,Open Ended Schemes,Debt Scheme - Banking and PSU Fund,11-09-2013,103.74620
119551,Aditya Birla Sun Life Banking & PSU Debt Fund  - DIRECT - IDCW,Aditya Birla Sun Life Mutual Fund,Open Ended Schemes,Debt Scheme - Banking and PSU Fund,10-09-2013,103.71330
119551,Aditya Birla Sun Life Banking & PSU Debt Fund  - DIRECT - IDCW,Aditya Birla Sun Life Mutual Fund,Open Ended Schemes,Debt Scheme - Banking and PSU Fund,06-09-2013,103.57780
119551,Aditya Birla Sun Life Banking & PSU Debt Fund  - DIRECT - IDCW,Aditya Birla Sun Life Mutual Fund,Open Ended Schemes,Debt Scheme - Banking and PSU Fund,05-09-2013,103.54450
119551,Aditya Birla Sun Life Banking & PSU Debt Fund  - DIRECT - IDCW,Aditya Birla Sun Life Mutual Fund,Open Ended Schemes,Debt Scheme - Banking and PSU Fund,04-09-2013,103.44080
119551,Aditya Birla Sun Life Banking & PSU Debt Fund  - DIRECT - IDCW,Aditya Birla Sun Life Mutual Fund,Open Ended Schemes,Debt Scheme - Banking and PSU Fund,03-09-2013,103.38150
119551,Aditya Birla Sun Life Banking & PSU Debt Fund  - DIRECT - IDCW,Aditya Birla Sun Life Mutual Fund,Open Ended Schemes,Debt Scheme - Banking and PSU Fund,02-09-2013,103.32530
119551,Aditya Birla Sun Life Banking & PSU Debt Fund  - DIRECT - IDCW,Aditya Birla Sun Life Mutual Fund,Open Ended Schemes,Debt Scheme - Banking and PSU Fund,30-08-2013,103.21400
119551,Aditya Birla Sun Life Banking & PSU Debt Fund  - DIRECT - IDCW,Aditya Birla Sun Life Mutual Fund,Open Ended Schemes,Debt Scheme - Banking and PSU Fund,29-08-2013,103.15880
119551,Aditya Birla Sun Life Banking & PSU Debt Fund  - DIRECT - IDCW,Aditya Birla Sun Life Mutual Fund,Open Ended Schemes,Debt Scheme - Banking and PSU Fund,28-08-2013,103.47130
119551,Aditya Birla Sun Life Banking & PSU Debt Fund  - DIRECT - IDCW,Aditya Birla Sun Life Mutual Fund,Open Ended Schemes,Debt Scheme - Banking and PSU Fund,27-08-2013,103.48810
119551,Aditya Birla Sun Life Banking & PSU Debt Fund  - DIRECT - IDCW,Aditya Birla Sun Life Mutual Fund,Open Ended Schemes,Debt Scheme - Banking and PSU Fund,26-08-2013,103.47760
119551,Aditya Birla Sun Life Banking & PSU Debt Fund  - DIRECT - IDCW,Aditya Birla Sun Life Mutual Fund,Open Ended Schemes,Debt Scheme - Banking and PSU Fund,23-08-2013,103.37680
119551,Aditya Birla Sun Life Banking & PSU Debt Fund  - DIRECT - IDCW,Aditya Birla Sun Life Mutual Fund,Open Ended Schemes,Debt Scheme - Banking and PSU Fund,22-08-2013,103.33450
119551,Aditya Birla Sun Life Banking & PSU Debt Fund  - DIRECT - IDCW,Aditya Birla Sun Life Mutual Fund,Open Ended Schemes,Debt Scheme - Banking and PSU Fund,21-08-2013,103.31350
119551,Aditya Birla Sun Life Banking & PSU Debt Fund  - DIRECT - IDCW,Aditya Birla Sun Life Mutual Fund,Open Ended Schemes,Debt Scheme - Banking and PSU Fund,20-08-2013,103.20860
119551,Aditya Birla Sun Life Banking & PSU Debt Fund  - DIRECT - IDCW,Aditya Birla Sun Life Mutual Fund,Open Ended Schemes,Debt Scheme - Banking and PSU Fund,19-08-2013,103.20700
119551,Aditya Birla Sun Life Banking & PSU Debt Fund  - DIRECT - IDCW,Aditya Birla Sun Life Mutual Fund,Open Ended Schemes,Debt Scheme - Banking and PSU Fund,16-08-2013,103.15580
119551,Aditya Birla Sun Life Banking & PSU Debt Fund  - DIRECT - IDCW,Aditya Birla Sun Life Mutual Fund,Open Ended Schemes,Debt Scheme - Banking and PSU Fund,14-08-2013,103.36400
119551,Aditya Birla Sun Life Banking & PSU Debt Fund  - DIRECT - IDCW,Aditya Birla Sun Life Mutual Fund,Open Ended Schemes,Debt Scheme - Banking and PSU Fund,13-08-2013,103.31520
119551,Aditya Birla Sun Life Banking & PSU Debt Fund  - DIRECT - IDCW,Aditya Birla Sun Life Mutual Fund,Open Ended Schemes,Debt Scheme - Banking and PSU Fund,12-08-2013,103.29580
119551,Aditya Birla Sun Life Banking & PSU Debt Fund  - DIRECT - IDCW,Aditya Birla Sun Life Mutual Fund,Open Ended Schemes,Debt Scheme - Banking and PSU Fund,08-08-2013,103.21160
119551,Aditya Birla Sun Life Banking & PSU Debt Fund  - DIRECT - IDCW,Aditya Birla Sun Life Mutual Fund,Open Ended Schemes,Debt Scheme - Banking and PSU Fund,07-08-2013,103.17850
119551,Aditya Birla Sun Life Banking & PSU Debt Fund  - DIRECT - IDCW,Aditya Birla Sun Life Mutual Fund,Open Ended Schemes,Debt Scheme - Banking and PSU Fund,06-08-2013,103.14710
119551,Aditya Birla Sun Life Banking & PSU Debt Fund  - DIRECT - IDCW,Aditya Birla Sun Life Mutual Fund,Open Ended Schemes,Debt Scheme - Banking and PSU Fund,05-08-2013,103.13890
119551,Aditya Birla Sun Life Banking & PSU Debt Fund  - DIRECT - IDCW,Aditya Birla Sun Life Mutual Fund,Open Ended Schemes,Debt Scheme - Banking and PSU Fund,02-08-2013,103.01010
119551,Aditya Birla Sun Life Banking & PSU Debt Fund  - DIRECT - IDCW,Aditya Birla Sun Life Mutual Fund,Open Ended Schemes,Debt Scheme - Banking and PSU Fund,01-08-2013,102.95960
119551,Aditya Birla Sun Life Banking & PSU Debt Fund  - DIRECT - IDCW,Aditya Birla Sun Life Mutual Fund,Open Ended Schemes,Debt Scheme - Banking and PSU Fund,31-07-2013,102.90550
119551,Aditya Birla Sun Life Banking & PSU Debt Fund  - DIRECT - IDCW,Aditya Birla Sun Life Mutual Fund,Open Ended Schemes,Debt Scheme - Banking and PSU Fund,30-07-2013,102.88750
119551,Aditya Birla Sun Life Banking & PSU Debt Fund  - DIRECT - IDCW,Aditya Birla Sun Life Mutual Fund,Open Ended Schemes,Debt Scheme - Banking and PSU Fund,29-07-2013,102.85540
119551,Aditya Birla Sun Life Banking & PSU Debt Fund  - DIRECT - IDCW,Aditya Birla Sun Life Mutual Fund,Open Ended Schemes,Debt Scheme - Banking and PSU Fund,26-07-2013,102.75730
119551,Aditya Birla Sun Life Banking & PSU Debt Fund  - DIRECT - IDCW,Aditya Birla Sun Life Mutual Fund,Open Ended Schemes,Debt Scheme - Banking and PSU Fund,25-07-2013,102.69910
119551,Aditya Birla Sun Life Banking & PSU Debt Fund  - DIRECT - IDCW,Aditya Birla Sun Life Mutual Fund,Open Ended Schemes,Debt Scheme - Banking and PSU Fund,24-07-2013,102.62440
119551,Aditya Birla Sun Life Banking & PSU Debt Fund  - DIRECT - IDCW,Aditya Birla Sun Life Mutual Fund,Open Ended Schemes,Debt Scheme - Banking and PSU Fund,23-07-2013,102.83440
119551,Aditya Birla Sun Life Banking & PSU Debt Fund  - DIRECT - IDCW,Aditya Birla Sun Life Mutual Fund,Open Ended Schemes,Debt Scheme - Banking and PSU Fund,22-07-2013,102.92740
119551,Aditya Birla Sun Life Banking & PSU Debt Fund  - DIRECT - IDCW,Aditya Birla Sun Life Mutual Fund,Open Ended Schemes,Debt Scheme - Banking and PSU Fund,19-07-2013,102.86720
119551,Aditya Birla Sun Life Banking & PSU Debt Fund  - DIRECT - IDCW,Aditya Birla Sun Life Mutual Fund,Open Ended Schemes,Debt Scheme - Banking and PSU Fund,18-07-2013,102.84960
119551,Aditya Birla Sun Life Banking & PSU Debt Fund  - DIRECT - IDCW,Aditya Birla Sun Life Mutual Fund,Open Ended Schemes,Debt Scheme - Banking and PSU Fund,17-07-2013,102.70230
119551,Aditya Birla Sun Life Banking & PSU Debt Fund  - DIRECT - IDCW,Aditya Birla Sun Life Mutual Fund,Open Ended Schemes,Debt Scheme - Banking and PSU Fund,16-07-2013,102.60460
119551,Aditya Birla Sun Life Banking & PSU Debt Fund  - DIRECT - IDCW,Aditya Birla Sun Life Mutual Fund,Open Ended Schemes,Debt Scheme - Banking and PSU Fund,15-07-2013,103.49950
119551,Aditya Birla Sun Life Banking & PSU Debt Fund  - DIRECT - IDCW,Aditya Birla Sun Life Mutual Fund,Open Ended Schemes,Debt Scheme - Banking and PSU Fund,12-07-2013,103.43140
119551,Aditya Birla Sun Life Banking & PSU Debt Fund  - DIRECT - IDCW,Aditya Birla Sun Life Mutual Fund,Open Ended Schemes,Debt Scheme - Banking and PSU Fund,11-07-2013,103.40830
119551,Aditya Birla Sun Life Banking & PSU Debt Fund  - DIRECT - IDCW,Aditya Birla Sun Life Mutual Fund,Open Ended Schemes,Debt Scheme - Banking and PSU Fund,10-07-2013,103.38860
119551,Aditya Birla Sun Life Banking & PSU Debt Fund  - DIRECT - IDCW,Aditya Birla Sun Life Mutual Fund,Open Ended Schemes,Debt Scheme - Banking and PSU Fund,09-07-2013,103.36800
119551,Aditya Birla Sun Life Banking & PSU Debt Fund  - DIRECT - IDCW,Aditya Birla Sun Life Mutual Fund,Open Ended Schemes,Debt Scheme - Banking and PSU Fund,08-07-2013,103.34310
119551,Aditya Birla Sun Life Banking & PSU Debt Fund  - DIRECT - IDCW,Aditya Birla Sun Life Mutual Fund,Open Ended Schemes,Debt Scheme - Banking and PSU Fund,05-07-2013,103.28540
119551,Aditya Birla Sun Life Banking & PSU Debt Fund  - DIRECT - IDCW,Aditya Birla Sun Life Mutual Fund,Open Ended Schemes,Debt Scheme - Banking and PSU Fund,04-07-2013,103.26500
119551,Aditya Birla Sun Life Banking & PSU Debt Fund  - DIRECT - IDCW,Aditya Birla Sun Life Mutual Fund,Open Ended Schemes,Debt Scheme - Banking and PSU Fund,03-07-2013,103.22670
119551,Aditya Birla Sun Life Banking & PSU Debt Fund  - DIRECT - IDCW,Aditya Birla Sun Life Mutual Fund,Open Ended Schemes,Debt Scheme - Banking and PSU Fund,02-07-2013,103.20750
119551,Aditya Birla Sun Life Banking & PSU Debt Fund  - DIRECT - IDCW,Aditya Birla Sun Life Mutual Fund,Open Ended Schemes,Debt Scheme - Banking and PSU Fund,28-06-2013,103.40720
119551,Aditya Birla Sun Life Banking & PSU Debt Fund  - DIRECT - IDCW,Aditya Birla Sun Life Mutual Fund,Open Ended Schemes,Debt Scheme - Banking and PSU Fund,27-06-2013,103.39570
119551,Aditya Birla Sun Life Banking & PSU Debt Fund  - DIRECT - IDCW,Aditya Birla Sun Life Mutual Fund,Open Ended Schemes,Debt Scheme - Banking and PSU Fund,26-06-2013,103.37720
119551,Aditya Birla Sun Life Banking & PSU Debt Fund  - DIRECT - IDCW,Aditya Birla Sun Life Mutual Fund,Open Ended Schemes,Debt Scheme - Banking and PSU Fund,25-06-2013,103.35950
119551,Aditya Birla Sun Life Banking & PSU Debt Fund  - DIRECT - IDCW,Aditya Birla Sun Life Mutual Fund,Open Ended Schemes,Debt Scheme - Banking and PSU Fund,24-06-2013,103.34690
119551,Aditya Birla Sun Life Banking & PSU Debt Fund  - DIRECT - IDCW,Aditya Birla Sun Life Mutual Fund,Open Ended Schemes,Debt Scheme - Banking and PSU Fund,21-06-2013,103.29920
119551,Aditya Birla Sun Life Banking & PSU Debt Fund  - DIRECT - IDCW,Aditya Birla Sun Life Mutual Fund,Open Ended Schemes,Debt Scheme - Banking and PSU Fund,20-06-2013,103.26420
119551,Aditya Birla Sun Life Banking & PSU Debt Fund  - DIRECT - IDCW,Aditya Birla Sun Life Mutual Fund,Open Ended Schemes,Debt Scheme - Banking and PSU Fund,19-06-2013,103.26020
119551,Aditya Birla Sun Life Banking & PSU Debt Fund  - DIRECT - IDCW,Aditya Birla Sun Life Mutual Fund,Open Ended Schemes,Debt Scheme - Banking and PSU Fund,18-06-2013,103.22100
119551,Aditya Birla Sun Life Banking & PSU Debt Fund  - DIRECT - IDCW,Aditya Birla Sun Life Mutual Fund,Open Ended Schemes,Debt Scheme - Banking and PSU Fund,17-06-2013,103.15400
119551,Aditya Birla Sun Life Banking & PSU Debt Fund  - DIRECT - IDCW,Aditya Birla Sun Life Mutual Fund,Open Ended Schemes,Debt Scheme - Banking and PSU Fund,14-06-2013,103.42670
119551,Aditya Birla Sun Life Banking & PSU Debt Fund  - DIRECT - IDCW,Aditya Birla Sun Life Mutual Fund,Open Ended Schemes,Debt Scheme - Banking and PSU Fund,13-06-2013,103.40560
119551,Aditya Birla Sun Life Banking & PSU Debt Fund  - DIRECT - IDCW,Aditya Birla Sun Life Mutual Fund,Open Ended Schemes,Debt Scheme - Banking and PSU Fund,12-06-2013,103.39130
119551,Aditya Birla Sun Life Banking & PSU Debt Fund  - DIRECT - IDCW,Aditya Birla Sun Life Mutual Fund,Open Ended Schemes,Debt Scheme - Banking and PSU Fund,11-06-2013,103.38320
119551,Aditya Birla Sun Life Banking & PSU Debt Fund  - DIRECT - IDCW,Aditya Birla Sun Life Mutual Fund,Open Ended Schemes,Debt Scheme - Banking and PSU Fund,10-06-2013,103.37040
119551,Aditya Birla Sun Life Banking & PSU Debt Fund  - DIRECT - IDCW,Aditya Birla Sun Life Mutual Fund,Open Ended Schemes,Debt Scheme - Banking and PSU Fund,07-06-2013,103.31940
119551,Aditya Birla Sun Life Banking & PSU Debt Fund  - DIRECT - IDCW,Aditya Birla Sun Life Mutual Fund,Open Ended Schemes,Debt Scheme - Banking and PSU Fund,06-06-2013,103.29570
119551,Aditya Birla Sun Life Banking & PSU Debt Fund  - DIRECT - IDCW,Aditya Birla Sun Life Mutual Fund,Open Ended Schemes,Debt Scheme - Banking and PSU Fund,05-06-2013,103.25980
119551,Aditya Birla Sun Life Banking & PSU Debt Fund  - DIRECT - IDCW,Aditya Birla Sun Life Mutual Fund,Open Ended Schemes,Debt Scheme - Banking and PSU Fund,04-06-2013,103.22500
119551,Aditya Birla Sun Life Banking & PSU Debt Fund  - DIRECT - IDCW,Aditya Birla Sun Life Mutual Fund,Open Ended Schemes,Debt Scheme - Banking and PSU Fund,03-06-2013,103.19840
119551,Aditya Birla Sun Life Banking & PSU Debt Fund  - DIRECT - IDCW,Aditya Birla Sun Life Mutual Fund,Open Ended Schemes,Debt Scheme - Banking and PSU Fund,31-05-2013,103.12960
119551,Aditya Birla Sun Life Banking & PSU Debt Fund  - DIRECT - IDCW,Aditya Birla Sun Life Mutual Fund,Open Ended Schemes,Debt Scheme - Banking and PSU Fund,30-05-2013,103.11520
119551,Aditya Birla Sun Life Banking & PSU Debt Fund  - DIRECT - IDCW,Aditya Birla Sun Life Mutual Fund,Open Ended Schemes,Debt Scheme - Banking and PSU Fund,29-05-2013,103.08770
119551,Aditya Birla Sun Life Banking & PSU Debt Fund  - DIRECT - IDCW,Aditya Birla Sun Life Mutual Fund,Open Ended Schemes,Debt Scheme - Banking and PSU Fund,28-05-2013,103.36170
119551,Aditya Birla Sun Life Banking & PSU Debt Fund  - DIRECT - IDCW,Aditya Birla Sun Life Mutual Fund,Open Ended Schemes,Debt Scheme - Banking and PSU Fund,27-05-2013,103.34900
119551,Aditya Birla Sun Life Banking & PSU Debt Fund  - DIRECT - IDCW,Aditya Birla Sun Life Mutual Fund,Open Ended Schemes,Debt Scheme - Banking and PSU Fund,24-05-2013,103.28340
119551,Aditya Birla Sun Life Banking & PSU Debt Fund  - DIRECT - IDCW,Aditya Birla Sun Life Mutual Fund,Open Ended Schemes,Debt Scheme - Banking and PSU Fund,23-05-2013,103.27050
119551,Aditya Birla Sun Life Banking & PSU Debt Fund  - DIRECT - IDCW,Aditya Birla Sun Life Mutual Fund,Open Ended Schemes,Debt Scheme - Banking and PSU Fund,22-05-2013,103.26980
119551,Aditya Birla Sun Life Banking & PSU Debt Fund  - DIRECT - IDCW,Aditya Birla Sun Life Mutual Fund,Open Ended Schemes,Debt Scheme - Banking and PSU Fund,21-05-2013,103.24440
119551,Aditya Birla Sun Life Banking & PSU Debt Fund  - DIRECT - IDCW,Aditya Birla Sun Life Mutual Fund,Open Ended Schemes,Debt Scheme - Banking and PSU Fund,20-05-2013,103.23560
119551,Aditya Birla Sun Life Banking & PSU Debt Fund  - DIRECT - IDCW,Aditya Birla Sun Life Mutual Fund,Open Ended Schemes,Debt Scheme - Banking and PSU Fund,17-05-2013,103.17450
119551,Aditya Birla Sun Life Banking & PSU Debt Fund  - DIRECT - IDCW,Aditya Birla Sun Life Mutual Fund,Open Ended Schemes,Debt Scheme - Banking and PSU Fund,16-05-2013,103.14100
119551,Aditya Birla Sun Life Banking & PSU Debt Fund  - DIRECT - IDCW,Aditya Birla Sun Life Mutual Fund,Open Ended Schemes,Debt Scheme - Banking and PSU Fund,15-05-2013,103.11300
119551,Aditya Birla Sun Life Banking & PSU Debt Fund  - DIRECT - IDCW,Aditya Birla Sun Life Mutual Fund,Open Ended Schemes,Debt Scheme - Banking and PSU Fund,14-05-2013,103.51590
119551,Aditya Birla Sun Life Banking & PSU Debt Fund  - DIRECT - IDCW,Aditya Birla Sun Life Mutual Fund,Open Ended Schemes,Debt Scheme - Banking and PSU Fund,13-05-2013,103.48240
119551,Aditya Birla Sun Life Banking & PSU Debt Fund  - DIRECT - IDCW,Aditya Birla Sun Life Mutual Fund,Open Ended Schemes,Debt Scheme - Banking and PSU Fund,10-05-2013,103.41570
119551,Aditya Birla Sun Life Banking & PSU Debt Fund  - DIRECT - IDCW,Aditya Birla Sun Life Mutual Fund,Open Ended Schemes,Debt Scheme - Banking and PSU Fund,09-05-2013,103.39490
119551,Aditya Birla Sun Life Banking & PSU Debt Fund  - DIRECT - IDCW,Aditya Birla Sun Life Mutual Fund,Open Ended Schemes,Debt Scheme - Banking and PSU Fund,08-05-2013,103.34040
119551,Aditya Birla Sun Life Banking & PSU Debt Fund  - DIRECT - IDCW,Aditya Birla Sun Life Mutual Fund,Open Ended Schemes,Debt Scheme - Banking and PSU Fund,07-05-2013,103.30870
119551,Aditya Birla Sun Life Banking & PSU Debt Fund  - DIRECT - IDCW,Aditya Birla Sun Life Mutual Fund,Open Ended Schemes,Debt Scheme - Banking and PSU Fund,06-05-2013,103.28210
119551,Aditya Birla Sun Life Banking & PSU Debt Fund  - DIRECT - IDCW,Aditya Birla Sun Life Mutual Fund,Open Ended Schemes,Debt Scheme - Banking and PSU Fund,03-05-2013,103.20820
119551,Aditya Birla Sun Life Banking & PSU Debt Fund  - DIRECT - IDCW,Aditya Birla Sun Life Mutual Fund,Open Ended Schemes,Debt Scheme - Banking and PSU Fund,02-05-2013,103.20570
119551,Aditya Birla Sun Life Banking & PSU Debt Fund  - DIRECT - IDCW,Aditya Birla Sun Life Mutual Fund,Open Ended Schemes,Debt Scheme - Banking and PSU Fund,30-04-2013,103.06550
119551,Aditya Birla Sun Life Banking & PSU Debt Fund  - DIRECT - IDCW,Aditya Birla Sun Life Mutual Fund,Open Ended Schemes,Debt Scheme - Banking and PSU Fund,29-04-2013,103.38450
119551,Aditya Birla Sun Life Banking & PSU Debt Fund  - DIRECT - IDCW,Aditya Birla Sun Life Mutual Fund,Open Ended Schemes,Debt Scheme - Banking and PSU Fund,26-04-2013,103.31390
119551,Aditya Birla Sun Life Banking & PSU Debt Fund  - DIRECT - IDCW,Aditya Birla Sun Life Mutual Fund,Open Ended Schemes,Debt Scheme - Banking and PSU Fund,25-04-2013,103.29470
119551,Aditya Birla Sun Life Banking & PSU Debt Fund  - DIRECT - IDCW,Aditya Birla Sun Life Mutual Fund,Open Ended Schemes,Debt Scheme - Banking and PSU Fund,23-04-2013,103.24810
119551,Aditya Birla Sun Life Banking & PSU Debt Fund  - DIRECT - IDCW,Aditya Birla Sun Life Mutual Fund,Open Ended Schemes,Debt Scheme - Banking and PSU Fund,22-04-2013,103.21600
119551,Aditya Birla Sun Life Banking & PSU Debt Fund  - DIRECT - IDCW,Aditya Birla Sun Life Mutual Fund,Open Ended Schemes,Debt Scheme - Banking and PSU Fund,18-04-2013,103.15890
119551,Aditya Birla Sun Life Banking & PSU Debt Fund  - DIRECT - IDCW,Aditya Birla Sun Life Mutual Fund,Open Ended Schemes,Debt Scheme - Banking and PSU Fund,17-04-2013,103.08660
119551,Aditya Birla Sun Life Banking & PSU Debt Fund  - DIRECT - IDCW,Aditya Birla Sun Life Mutual Fund,Open Ended Schemes,Debt Scheme - Banking and PSU Fund,16-04-2013,103.07190
119551,Aditya Birla Sun Life Banking & PSU Debt Fund  - DIRECT - IDCW,Aditya Birla Sun Life Mutual Fund,Open Ended Schemes,Debt Scheme - Banking and PSU Fund,15-04-2013,103.67110
119551,Aditya Birla Sun Life Banking & PSU Debt Fund  - DIRECT - IDCW,Aditya Birla Sun Life Mutual Fund,Open Ended Schemes,Debt Scheme - Banking and PSU Fund,12-04-2013,103.57040
119551,Aditya Birla Sun Life Banking & PSU Debt Fund  - DIRECT - IDCW,Aditya Birla Sun Life Mutual Fund,Open Ended Schemes,Debt Scheme - Banking and PSU Fund,10-04-2013,103.46530
119551,Aditya Birla Sun Life Banking & PSU Debt Fund  - DIRECT - IDCW,Aditya Birla Sun Life Mutual Fund,Open Ended Schemes,Debt Scheme - Banking and PSU Fund,09-04-2013,103.47160
119551,Aditya Birla Sun Life Banking & PSU Debt Fund  - DIRECT - IDCW,Aditya Birla Sun Life Mutual Fund,Open Ended Schemes,Debt Scheme - Banking and PSU Fund,08-04-2013,103.46200
119551,Aditya Birla Sun Life Banking & PSU Debt Fund  - DIRECT - IDCW,Aditya Birla Sun Life Mutual Fund,Open Ended Schemes,Debt Scheme - Banking and PSU Fund,05-04-2013,103.41640
119551,Aditya Birla Sun Life Banking & PSU Debt Fund  - DIRECT - IDCW,Aditya Birla Sun Life Mutual Fund,Open Ended Schemes,Debt Scheme - Banking and PSU Fund,04-04-2013,103.40960
119551,Aditya Birla Sun Life Banking & PSU Debt Fund  - DIRECT - IDCW,Aditya Birla Sun Life Mutual Fund,Open Ended Schemes,Debt Scheme - Banking and PSU Fund,03-04-2013,103.32740
119551,Aditya Birla Sun Life Banking & PSU Debt Fund  - DIRECT - IDCW,Aditya Birla Sun Life Mutual Fund,Open Ended Schemes,Debt Scheme - Banking and PSU Fund,02-04-2013,103.26260
119551,Aditya Birla Sun Life Banking & PSU Debt Fund  - DIRECT - IDCW,Aditya Birla Sun Life Mutual Fund,Open Ended Schemes,Debt Scheme - Banking and PSU Fund,28-03-2013,103.26330
119551,Aditya Birla Sun Life Banking & PSU Debt Fund  - DIRECT - IDCW,Aditya Birla Sun Life Mutual Fund,Open Ended Schemes,Debt Scheme - Banking and PSU Fund,26-03-2013,103.22850
119551,Aditya Birla Sun Life Banking & PSU Debt Fund  - DIRECT - IDCW,Aditya Birla Sun Life Mutual Fund,Open Ended Schemes,Debt Scheme - Banking and PSU Fund,25-03-2013,103.21140
119551,Aditya Birla Sun Life Banking & PSU Debt Fund  - DIRECT - IDCW,Aditya Birla Sun Life Mutual Fund,Open Ended Schemes,Debt Scheme - Banking and PSU Fund,22-03-2013,103.18910
119551,Aditya Birla Sun Life Banking & PSU Debt Fund  - DIRECT - IDCW,Aditya Birla Sun Life Mutual Fund,Open Ended Schemes,Debt Scheme - Banking and PSU Fund,21-03-2013,103.15700
119551,Aditya Birla Sun Life Banking & PSU Debt Fund  - DIRECT - IDCW,Aditya Birla Sun Life Mutual Fund,Open Ended Schemes,Debt Scheme - Banking and PSU Fund,20-03-2013,103.10160
119551,Aditya Birla Sun Life Banking & PSU Debt Fund  - DIRECT - IDCW,Aditya Birla Sun Life Mutual Fund,Open Ended Schemes,Debt Scheme - Banking and PSU Fund,19-03-2013,103.06320
119551,Aditya Birla Sun Life Banking & PSU Debt Fund  - DIRECT - IDCW,Aditya Birla Sun Life Mutual Fund,Open Ended Schemes,Debt Scheme - Banking and PSU Fund,18-03-2013,103.03550
119551,Aditya Birla Sun Life Banking & PSU Debt Fund  - DIRECT - IDCW,Aditya Birla Sun Life Mutual Fund,Open Ended Schemes,Debt Scheme - Banking and PSU Fund,15-03-2013,102.99750
119551,Aditya Birla Sun Life Banking & PSU Debt Fund  - DIRECT - IDCW,Aditya Birla Sun Life Mutual Fund,Open Ended Schemes,Debt Scheme - Banking and PSU Fund,14-03-2013,103.34000
119551,Aditya Birla Sun Life Banking & PSU Debt Fund  - DIRECT - IDCW,Aditya Birla Sun Life Mutual Fund,Open Ended Schemes,Debt Scheme - Banking and PSU Fund,13-03-2013,103.28840
119551,Aditya Birla Sun Life Banking & PSU Debt Fund  - DIRECT - IDCW,Aditya Birla Sun Life Mutual Fund,Open Ended Schemes,Debt Scheme - Banking and PSU Fund,12-03-2013,103.25100
119551,Aditya Birla Sun Life Banking & PSU Debt Fund  - DIRECT - IDCW,Aditya Birla Sun Life Mutual Fund,Open Ended Schemes,Debt Scheme - Banking and PSU Fund,11-03-2013,103.21990
119551,Aditya Birla Sun Life Banking & PSU Debt Fund  - DIRECT - IDCW,Aditya Birla Sun Life Mutual Fund,Open Ended Schemes,Debt Scheme - Banking and PSU Fund,08-03-2013,103.14620
119551,Aditya Birla Sun Life Banking & PSU Debt Fund  - DIRECT - IDCW,Aditya Birla Sun Life Mutual Fund,Open Ended Schemes,Debt Scheme - Banking and PSU Fund,07-03-2013,103.12900
119551,Aditya Birla Sun Life Banking & PSU Debt Fund  - DIRECT - IDCW,Aditya Birla Sun Life Mutual Fund,Open Ended Schemes,Debt Scheme - Banking and PSU Fund,06-03-2013,103.10120
119551,Aditya Birla Sun Life Banking & PSU Debt Fund  - DIRECT - IDCW,Aditya Birla Sun Life Mutual Fund,Open Ended Schemes,Debt Scheme - Banking and PSU Fund,05-03-2013,103.07860
119551,Aditya Birla Sun Life Banking & PSU Debt Fund  - DIRECT - IDCW,Aditya Birla Sun Life Mutual Fund,Open Ended Schemes,Debt Scheme - Banking and PSU Fund,04-03-2013,103.04780
119551,Aditya Birla Sun Life Banking & PSU Debt Fund  - DIRECT - IDCW,Aditya Birla Sun Life Mutual Fund,Open Ended Schemes,Debt Scheme - Banking and PSU Fund,01-03-2013,102.97140
119551,Aditya Birla Sun Life Banking & PSU Debt Fund  - DIRECT - IDCW,Aditya Birla Sun Life Mutual Fund,Open Ended Schemes,Debt Scheme - Banking and PSU Fund,28-02-2013,103.25400
119551,Aditya Birla Sun Life Banking & PSU Debt Fund  - DIRECT - IDCW,Aditya Birla Sun Life Mutual Fund,Open Ended Schemes,Debt Scheme - Banking and PSU Fund,27-02-2013,103.23220
119551,Aditya Birla Sun Life Banking & PSU Debt Fund  - DIRECT - IDCW,Aditya Birla Sun Life Mutual Fund,Open Ended Schemes,Debt Scheme - Banking and PSU Fund,26-02-2013,103.20970
119551,Aditya Birla Sun Life Banking & PSU Debt Fund  - DIRECT - IDCW,Aditya Birla Sun Life Mutual Fund,Open Ended Schemes,Debt Scheme - Banking and PSU Fund,25-02-2013,103.19190
119551,Aditya Birla Sun Life Banking & PSU Debt Fund  - DIRECT - IDCW,Aditya Birla Sun Life Mutual Fund,Open Ended Schemes,Debt Scheme - Banking and PSU Fund,22-02-2013,103.12260
119551,Aditya Birla Sun Life Banking & PSU Debt Fund  - DIRECT - IDCW,Aditya Birla Sun Life Mutual Fund,Open Ended Schemes,Debt Scheme - Banking and PSU Fund,21-02-2013,103.09650
119551,Aditya Birla Sun Life Banking & PSU Debt Fund  - DIRECT - IDCW,Aditya Birla Sun Life Mutual Fund,Open Ended Schemes,Debt Scheme - Banking and PSU Fund,20-02-2013,103.07250
119551,Aditya Birla Sun Life Banking & PSU Debt Fund  - DIRECT - IDCW,Aditya Birla Sun Life Mutual Fund,Open Ended Schemes,Debt Scheme - Banking and PSU Fund,18-02-2013,103.02290
119551,Aditya Birla Sun Life Banking & PSU Debt Fund  - DIRECT - IDCW,Aditya Birla Sun Life Mutual Fund,Open Ended Schemes,Debt Scheme - Banking and PSU Fund,15-02-2013,102.95220
119551,Aditya Birla Sun Life Banking & PSU Debt Fund  - DIRECT - IDCW,Aditya Birla Sun Life Mutual Fund,Open Ended Schemes,Debt Scheme - Banking and PSU Fund,14-02-2013,103.29370
119551,Aditya Birla Sun Life Banking & PSU Debt Fund  - DIRECT - IDCW,Aditya Birla Sun Life Mutual Fund,Open Ended Schemes,Debt Scheme - Banking and PSU Fund,13-02-2013,103.27450
119551,Aditya Birla Sun Life Banking & PSU Debt Fund  - DIRECT - IDCW,Aditya Birla Sun Life Mutual Fund,Open Ended Schemes,Debt Scheme - Banking and PSU Fund,12-02-2013,103.25230
119551,Aditya Birla Sun Life Banking & PSU Debt Fund  - DIRECT - IDCW,Aditya Birla Sun Life Mutual Fund,Open Ended Schemes,Debt Scheme - Banking and PSU Fund,11-02-2013,103.23030
119551,Aditya Birla Sun Life Banking & PSU Debt Fund  - DIRECT - IDCW,Aditya Birla Sun Life Mutual Fund,Open Ended Schemes,Debt Scheme - Banking and PSU Fund,08-02-2013,103.15940
119551,Aditya Birla Sun Life Banking & PSU Debt Fund  - DIRECT - IDCW,Aditya Birla Sun Life Mutual Fund,Open Ended Schemes,Debt Scheme - Banking and PSU Fund,07-02-2013,103.13560
119551,Aditya Birla Sun Life Banking & PSU Debt Fund  - DIRECT - IDCW,Aditya Birla Sun Life Mutual Fund,Open Ended Schemes,Debt Scheme - Banking and PSU Fund,06-02-2013,103.11190
119551,Aditya Birla Sun Life Banking & PSU Debt Fund  - DIRECT - IDCW,Aditya Birla Sun Life Mutual Fund,Open Ended Schemes,Debt Scheme - Banking and PSU Fund,05-02-2013,103.08860
119551,Aditya Birla Sun Life Banking & PSU Debt Fund  - DIRECT - IDCW,Aditya Birla Sun Life Mutual Fund,Open Ended Schemes,Debt Scheme - Banking and PSU Fund,04-02-2013,103.06590
119551,Aditya Birla Sun Life Banking & PSU Debt Fund  - DIRECT - IDCW,Aditya Birla Sun Life Mutual Fund,Open Ended Schemes,Debt Scheme - Banking and PSU Fund,01-02-2013,102.99760
119551,Aditya Birla Sun Life Banking & PSU Debt Fund  - DIRECT - IDCW,Aditya Birla Sun Life Mutual Fund,Open Ended Schemes,Debt Scheme - Banking and PSU Fund,31-01-2013,102.97780
119551,Aditya Birla Sun Life Banking & PSU Debt Fund  - DIRECT - IDCW,Aditya Birla Sun Life Mutual Fund,Open Ended Schemes,Debt Scheme - Banking and PSU Fund,30-01-2013,102.95900
119551,Aditya Birla Sun Life Banking & PSU Debt Fund  - DIRECT - IDCW,Aditya Birla Sun Life Mutual Fund,Open Ended Schemes,Debt Scheme - Banking and PSU Fund,29-01-2013,102.93840
119551,Aditya Birla Sun Life Banking & PSU Debt Fund  - DIRECT - IDCW,Aditya Birla Sun Life Mutual Fund,Open Ended Schemes,Debt Scheme - Banking and PSU Fund,28-01-2013,103.23510
119551,Aditya Birla Sun Life Banking & PSU Debt Fund  - DIRECT - IDCW,Aditya Birla Sun Life Mutual Fund,Open Ended Schemes,Debt Scheme - Banking and PSU Fund,24-01-2013,103.14110
119551,Aditya Birla Sun Life Banking & PSU Debt Fund  - DIRECT - IDCW,Aditya Birla Sun Life Mutual Fund,Open Ended Schemes,Debt Scheme - Banking and PSU Fund,23-01-2013,103.11450
119551,Aditya Birla Sun Life Banking & PSU Debt Fund  - DIRECT - IDCW,Aditya Birla Sun Life Mutual Fund,Open Ended Schemes,Debt Scheme - Banking and PSU Fund,22-01-2013,103.09090
119551,Aditya Birla Sun Life Banking & PSU Debt Fund  - DIRECT - IDCW,Aditya Birla Sun Life Mutual Fund,Open Ended Schemes,Debt Scheme - Banking and PSU Fund,21-01-2013,103.06620
119551,Aditya Birla Sun Life Banking & PSU Debt Fund  - DIRECT - IDCW,Aditya Birla Sun Life Mutual Fund,Open Ended Schemes,Debt Scheme - Banking and PSU Fund,18-01-2013,102.99320
119551,Aditya Birla Sun Life Banking & PSU Debt Fund  - DIRECT - IDCW,Aditya Birla Sun Life Mutual Fund,Open Ended Schemes,Debt Scheme - Banking and PSU Fund,17-01-2013,102.96910
119551,Aditya Birla Sun Life Banking & PSU Debt Fund  - DIRECT - IDCW,Aditya Birla Sun Life Mutual Fund,Open Ended Schemes,Debt Scheme - Banking and PSU Fund,16-01-2013,102.94210
119551,Aditya Birla Sun Life Banking & PSU Debt Fund  - DIRECT - IDCW,Aditya Birla Sun Life Mutual Fund,Open Ended Schemes,Debt Scheme - Banking and PSU Fund,15-01-2013,102.92230
119551,Aditya Birla Sun Life Banking & PSU Debt Fund  - DIRECT - IDCW,Aditya Birla Sun Life Mutual Fund,Open Ended Schemes,Debt Scheme - Banking and PSU Fund,14-01-2013,103.32250
119551,Aditya Birla Sun Life Banking & PSU Debt Fund  - DIRECT - IDCW,Aditya Birla Sun Life Mutual Fund,Open Ended Schemes,Debt Scheme - Banking and PSU Fund,11-01-2013,103.23850
119551,Aditya Birla Sun Life Banking & PSU Debt Fund  - DIRECT - IDCW,Aditya Birla Sun Life Mutual Fund,Open Ended Schemes,Debt Scheme - Banking and PSU Fund,10-01-2013,103.21320
119551,Aditya Birla Sun Life Banking & PSU Debt Fund  - DIRECT - IDCW,Aditya Birla Sun Life Mutual Fund,Open Ended Schemes,Debt Scheme - Banking and PSU Fund,09-01-2013,103.18970
119551,Aditya Birla Sun Life Banking & PSU Debt Fund  - DIRECT - IDCW,Aditya Birla Sun Life Mutual Fund,Open Ended Schemes,Debt Scheme - Banking and PSU Fund,08-01-2013,103.16630
119551,Aditya Birla Sun Life Banking & PSU Debt Fund  - DIRECT - IDCW,Aditya Birla Sun Life Mutual Fund,Open Ended Schemes,Debt Scheme - Banking and PSU Fund,07-01-2013,103.14080
119551,Aditya Birla Sun Life Banking & PSU Debt Fund  - DIRECT - IDCW,Aditya Birla Sun Life Mutual Fund,Open Ended Schemes,Debt Scheme - Banking and PSU Fund,04-01-2013,103.06190
119551,Aditya Birla Sun Life Banking & PSU Debt Fund  - DIRECT - IDCW,Aditya Birla Sun Life Mutual Fund,Open Ended Schemes,Debt Scheme - Banking and PSU Fund,03-01-2013,103.03060
119551,Aditya Birla Sun Life Banking & PSU Debt Fund  - DIRECT - IDCW,Aditya Birla Sun Life Mutual Fund,Open Ended Schemes,Debt Scheme - Banking and PSU Fund,02-01-2013,103.00590
