amfi_code,scheme_name,fund_house,scheme_type,scheme_category,date,nav
120841,quant Mid Cap Fund - Growth Option - Direct Plan,quant Mutual Fund,Open Ended Schemes,Equity Scheme - Mid Cap Fund,01-06-2026,246.98140
120841,quant Mid Cap Fund - Growth Option - Direct Plan,quant Mutual Fund,Open Ended Schemes,Equity Scheme - Mid Cap Fund,29-05-2026,248.66730
120841,quant Mid Cap Fund - Growth Option - Direct Plan,quant Mutual Fund,Open Ended Schemes,Equity Scheme - Mid Cap Fund,27-05-2026,251.22730
120841,quant Mid Cap Fund - Growth Option - Direct Plan,quant Mutual Fund,Open Ended Schemes,Equity Scheme - Mid Cap Fund,26-05-2026,251.27020
120841,quant Mid Cap Fund - Growth Option - Direct Plan,quant Mutual Fund,Open Ended Schemes,Equity Scheme - Mid Cap Fund,25-05-2026,249.22660
120841,quant Mid Cap Fund - Growth Option - Direct Plan,quant Mutual Fund,Open Ended Schemes,Equity Scheme - Mid Cap Fund,22-05-2026,247.80390
120841,quant Mid Cap Fund - Growth Option - Direct Plan,quant Mutual Fund,Open Ended Schemes,Equity Scheme - Mid Cap Fund,21-05-2026,248.88530
120841,quant Mid Cap Fund - Growth Option - Direct Plan,quant Mutual Fund,Open Ended Schemes,Equity Scheme - Mid Cap Fund,20-05-2026,244.71990
120841,quant Mid Cap Fund - Growth Option - Direct Plan,quant Mutual Fund,Open Ended Schemes,Equity Scheme - Mid Cap Fund,19-05-2026,241.67710
120841,quant Mid Cap Fund - Growth Option - Direct Plan,quant Mutual Fund,Open Ended Schemes,Equity Scheme - Mid Cap Fund,18-05-2026,241.26150
120841,quant Mid Cap Fund - Growth Option - Direct Plan,quant Mutual Fund,Open Ended Schemes,Equity Scheme - Mid Cap Fund,15-05-2026,242.09520
120841,quant Mid Cap Fund - Growth Option - Direct Plan,quant Mutual Fund,Open Ended Schemes,Equity Scheme - Mid Cap Fund,14-05-2026,243.53140
120841,quant Mid Cap Fund - Growth Option - Direct Plan,quant Mutual Fund,Open Ended Schemes,Equity Scheme - Mid Cap Fund,13-05-2026,240.07460
120841,quant Mid Cap Fund - Growth Option - Direct Plan,quant Mutual Fund,Open Ended Schemes,Equity Scheme - Mid Cap Fund,12-05-2026,238.15280
120841,quant Mid Cap Fund - Growth Option - Direct Plan,quant Mutual Fund,Open Ended Schemes,Equity Scheme - Mid Cap Fund,11-05-2026,242.72190
120841,quant Mid Cap Fund - Growth Option - Direct Plan,quant Mutual Fund,Open Ended Schemes,Equity Scheme - Mid Cap Fund,08-05-2026,244.62010
120841,quant Mid Cap Fund - Growth Option - Direct Plan,quant Mutual Fund,Open Ended Schemes,Equity Scheme - Mid Cap Fund,07-05-2026,245.60550
120841,quant Mid Cap Fund - Growth Option - Direct Plan,quant Mutual Fund,Open Ended Schemes,Equity Scheme - Mid Cap Fund,06-05-2026,245.38780
120841,quant Mid Cap Fund - Growth Option - Direct Plan,quant Mutual Fund,Open Ended Schemes,Equity Scheme - Mid Cap Fund,05-05-2026,242.95940
120841,quant Mid Cap Fund - Growth Option - Direct Plan,quant Mutual Fund,Open Ended Schemes,Equity Scheme - Mid Cap Fund,04-05-2026,242.76550
120841,quant Mid Cap Fund - Growth Option - Direct Plan,quant Mutual Fund,Open Ended Schemes,Equity Scheme - Mid Cap Fund,30-04-2026,240.53530
120841,quant Mid Cap Fund - Growth Option - Direct Plan,quant Mutual Fund,Open Ended Schemes,Equity Scheme - Mid Cap Fund,29-04-2026,242.34500
120841,quant Mid Cap Fund - Growth Option - Direct Plan,quant Mutual Fund,Open Ended Schemes,Equity Scheme - Mid Cap Fund,28-04-2026,242.62410
120841,quant Mid Cap Fund - Growth Option - Direct Plan,quant Mutual Fund,Open Ended Schemes,Equity Scheme - Mid Cap Fund,27-04-2026,241.25170
120841,quant Mid Cap Fund - Growth Option - Direct Plan,quant Mutual Fund,Open Ended Schemes,Equity Scheme - Mid Cap Fund,24-04-2026,238.14560
120841,quant Mid Cap Fund - Growth Option - Direct Plan,quant Mutual Fund,Open Ended Schemes,Equity Scheme - Mid Cap Fund,23-04-2026,239.75830
120841,quant Mid Cap Fund - Growth Option - Direct Plan,quant Mutual Fund,Open Ended Schemes,Equity Scheme - Mid Cap Fund,22-04-2026,238.57020
120841,quant Mid Cap Fund - Growth Option - Direct Plan,quant Mutual Fund,Open Ended Schemes,Equity Scheme - Mid Cap Fund,21-04-2026,236.45980
120841,quant Mid Cap Fund - Growth Option - Direct Plan,quant Mutual Fund,Open Ended Schemes,Equity Scheme - Mid Cap Fund,20-04-2026,235.19610
120841,quant Mid Cap Fund - Growth Option - Direct Plan,quant Mutual Fund,Open Ended Schemes,Equity Scheme - Mid Cap Fund,17-04-2026,236.21330
120841,quant Mid Cap Fund - Growth Option - Direct Plan,quant Mutual Fund,Open Ended Schemes,Equity Scheme - Mid Cap Fund,16-04-2026,233.31800
120841,quant Mid Cap Fund - Growth Option - Direct Plan,quant Mutual Fund,Open Ended Schemes,Equity Scheme - Mid Cap Fund,15-04-2026,231.54340
120841,quant Mid Cap Fund - Growth Option - Direct Plan,quant Mutual Fund,Open Ended Schemes,Equity Scheme - Mid Cap Fund,13-04-2026,226.98090
120841,quant Mid Cap Fund - Growth Option - Direct Plan,quant Mutual Fund,Open Ended Schemes,Equity Scheme - Mid Cap Fund,10-04-2026,228.69930
120841,quant Mid Cap Fund - Growth Option - Direct Plan,quant Mutual Fund,Open Ended Schemes,Equity Scheme - Mid Cap Fund,09-04-2026,224.62350
120841,quant Mid Cap Fund - Growth Option - Direct Plan,quant Mutual Fund,Open Ended Schemes,Equity Scheme - Mid Cap Fund,08-04-2026,224.59090
120841,quant Mid Cap Fund - Growth Option - Direct Plan,quant Mutual Fund,Open Ended Schemes,Equity Scheme - Mid Cap Fund,07-04-2026,217.96040
120841,quant Mid Cap Fund - Growth Option - Direct Plan,quant Mutual Fund,Open Ended Schemes,Equity Scheme - Mid Cap Fund,06-04-2026,217.64130
120841,quant Mid Cap Fund - Growth Option - Direct Plan,quant Mutual Fund,Open Ended Schemes,Equity Scheme - Mid Cap Fund,02-04-2026,216.27950
120841,quant Mid Cap Fund - Growth Option - Direct Plan,quant Mutual Fund,Open Ended Schemes,Equity Scheme - Mid Cap Fund,01-04-2026,216.76270
120841,quant Mid Cap Fund - Growth Option - Direct Plan,quant Mutual Fund,Open Ended Schemes,Equity Scheme - Mid Cap Fund,31-03-2026,212.35710
120841,quant Mid Cap Fund - Growth Option - Direct Plan,quant Mutual Fund,Open Ended Schemes,Equity Scheme - Mid Cap Fund,30-03-2026,212.35610
120841,quant Mid Cap Fund - Growth Option - Direct Plan,quant Mutual Fund,Open Ended Schemes,Equity Scheme - Mid Cap Fund,27-03-2026,215.97900
120841,quant Mid Cap Fund - Growth Option - Direct Plan,quant Mutual Fund,Open Ended Schemes,Equity Scheme - Mid Cap Fund,25-03-2026,218.68660
120841,quant Mid Cap Fund - Growth Option - Direct Plan,quant Mutual Fund,Open Ended Schemes,Equity Scheme - Mid Cap Fund,24-03-2026,214.91640
120841,quant Mid Cap Fund - Growth Option - Direct Plan,quant Mutual Fund,Open Ended Schemes,Equity Scheme - Mid Cap Fund,23-03-2026,210.11500
120841,quant Mid Cap Fund - Growth Option - Direct Plan,quant Mutual Fund,Open Ended Schemes,Equity Scheme - Mid Cap Fund,20-03-2026,215.88190
120841,quant Mid Cap Fund - Growth Option - Direct Plan,quant Mutual Fund,Open Ended Schemes,Equity Scheme - Mid Cap Fund,19-03-2026,214.08990
120841,quant Mid Cap Fund - Growth Option - Direct Plan,quant Mutual Fund,Open Ended Schemes,Equity Scheme - Mid Cap Fund,18-03-2026,219.40770
120841,quant Mid Cap Fund - Growth Option - Direct Plan,quant Mutual Fund,Open Ended Schemes,Equity Scheme - Mid Cap Fund,17-03-2026,215.87230
120841,quant Mid Cap Fund - Growth Option - Direct Plan,quant Mutual Fund,Open Ended Schemes,Equity Scheme - Mid Cap Fund,16-03-2026,213.40910
120841,quant Mid Cap Fund - Growth Option - Direct Plan,quant Mutual Fund,Open Ended Schemes,Equity Scheme - Mid Cap Fund,13-03-2026,212.78840
120841,quant Mid Cap Fund - Growth Option - Direct Plan,quant Mutual Fund,Open Ended Schemes,Equity Scheme - Mid Cap Fund,12-03-2026,216.83130
120841,quant Mid Cap Fund - Growth Option - Direct Plan,quant Mutual Fund,Open Ended Schemes,Equity Scheme - Mid Cap Fund,11-03-2026,217.26380
120841,quant Mid Cap Fund - Growth Option - Direct Plan,quant Mutual Fund,Open Ended Schemes,Equity Scheme - Mid Cap Fund,10-03-2026,217.21510
120841,quant Mid Cap Fund - Growth Option - Direct Plan,quant Mutual Fund,Open Ended Schemes,Equity Scheme - Mid Cap Fund,09-03-2026,213.72110
120841,quant Mid Cap Fund - Growth Option - Direct Plan,quant Mutual Fund,Open Ended Schemes,Equity Scheme - Mid Cap Fund,06-03-2026,215.12440
120841,quant Mid Cap Fund - Growth Option - Direct Plan,quant Mutual Fund,Open Ended Schemes,Equity Scheme - Mid Cap Fund,05-03-2026,216.04330
120841,quant Mid Cap Fund - Growth Option - Direct Plan,quant Mutual Fund,Open Ended Schemes,Equity Scheme - Mid Cap Fund,04-03-2026,213.86320
120841,quant Mid Cap Fund - Growth Option - Direct Plan,quant Mutual Fund,Open Ended Schemes,Equity Scheme - Mid Cap Fund,02-03-2026,217.44490
120841,quant Mid Cap Fund - Growth Option - Direct Plan,quant Mutual Fund,Open Ended Schemes,Equity Scheme - Mid Cap Fund,27-02-2026,221.21080
120841,quant Mid Cap Fund - Growth Option - Direct Plan,quant Mutual Fund,Open Ended Schemes,Equity Scheme - Mid Cap Fund,26-02-2026,223.82800
120841,quant Mid Cap Fund - Growth Option - Direct Plan,quant Mutual Fund,Open Ended Schemes,Equity Scheme - Mid Cap Fund,25-02-2026,222.64820
120841,quant Mid Cap Fund - Growth Option - Direct Plan,quant Mutual Fund,Open Ended Schemes,Equity Scheme - Mid Cap Fund,24-02-2026,220.56050
120841,quant Mid Cap Fund - Growth Option - Direct Plan,quant Mutual Fund,Open Ended Schemes,Equity Scheme - Mid Cap Fund,23-02-2026,221.70510
120841,quant Mid Cap Fund - Growth Option - Direct Plan,quant Mutual Fund,Open Ended Schemes,Equity Scheme - Mid Cap Fund,20-02-2026,221.34080
120841,quant Mid Cap Fund - Growth Option - Direct Plan,quant Mutual Fund,Open Ended Schemes,Equity Scheme - Mid Cap Fund,19-02-2026,220.41320
120841,quant Mid Cap Fund - Growth Option - Direct Plan,quant Mutual Fund,Open Ended Schemes,Equity Scheme - Mid Cap Fund,18-02-2026,223.26080
120841,quant Mid Cap Fund - Growth Option - Direct Plan,quant Mutual Fund,Open Ended Schemes,Equity Scheme - Mid Cap Fund,17-02-2026,222.97730
120841,quant Mid Cap Fund - Growth Option - Direct Plan,quant Mutual Fund,Open Ended Schemes,Equity Scheme - Mid Cap Fund,16-02-2026,222.49540
120841,quant Mid Cap Fund - Growth Option - Direct Plan,quant Mutual Fund,Open Ended Schemes,Equity Scheme - Mid Cap Fund,13-02-2026,222.57480
120841,quant Mid Cap Fund - Growth Option - Direct Plan,quant Mutual Fund,Open Ended Schemes,Equity Scheme - Mid Cap Fund,12-02-2026,225.42450
120841,quant Mid Cap Fund - Growth Option - Direct Plan,quant Mutual Fund,Open Ended Schemes,Equity Scheme - Mid Cap Fund,11-02-2026,225.69290
120841,quant Mid Cap Fund - Growth Option - Direct Plan,quant Mutual Fund,Open Ended Schemes,Equity Scheme - Mid Cap Fund,10-02-2026,225.19960
120841,quant Mid Cap Fund - Growth Option - Direct Plan,quant Mutual Fund,Open Ended Schemes,Equity Scheme - Mid Cap Fund,09-02-2026,224.51980
120841,quant Mid Cap Fund - Growth Option - Direct Plan,quant Mutual Fund,Open Ended Schemes,Equity Scheme - Mid Cap Fund,06-02-2026,221.73980
120841,quant Mid Cap Fund - Growth Option - Direct Plan,quant Mutual Fund,Open Ended Schemes,Equity Scheme - Mid Cap Fund,05-02-2026,220.82750
120841,quant Mid Cap Fund - Growth Option - Direct Plan,quant Mutual Fund,Open Ended Schemes,Equity Scheme - Mid Cap Fund,04-02-2026,220.85430
120841,quant Mid Cap Fund - Growth Option - Direct Plan,quant Mutual Fund,Open Ended Schemes,Equity Scheme - Mid Cap Fund,03-02-2026,220.15360
120841,quant Mid Cap Fund - Growth Option - Direct Plan,quant Mutual Fund,Open Ended Schemes,Equity Scheme - Mid Cap Fund,02-02-2026,215.36870
120841,quant Mid Cap Fund - Growth Option - Direct Plan,quant Mutual Fund,Open Ended Schemes,Equity Scheme - Mid Cap Fund,30-01-2026,217.36270
120841,quant Mid Cap Fund - Growth Option - Direct Plan,quant Mutual Fund,Open Ended Schemes,Equity Scheme - Mid Cap Fund,29-01-2026,215.82060
120841,quant Mid Cap Fund - Growth Option - Direct Plan,quant Mutual Fund,Open Ended Schemes,Equity Scheme - Mid Cap Fund,28-01-2026,216.54810
120841,quant Mid Cap Fund - Growth Option - Direct Plan,quant Mutual Fund,Open Ended Schemes,Equity Scheme - Mid Cap Fund,27-01-2026,214.53240
120841,quant Mid Cap Fund - Growth Option - Direct Plan,quant Mutual Fund,Open Ended Schemes,Equity Scheme - Mid Cap Fund,23-01-2026,214.91300
120841,quant Mid Cap Fund - Growth Option - Direct Plan,quant Mutual Fund,Open Ended Schemes,Equity Scheme - Mid Cap Fund,22-01-2026,218.23780
120841,quant Mid Cap Fund - Growth Option - Direct Plan,quant Mutual Fund,Open Ended Schemes,Equity Scheme - Mid Cap Fund,21-01-2026,216.46310
120841,quant Mid Cap Fund - Growth Option - Direct Plan,quant Mutual Fund,Open Ended Schemes,Equity Scheme - Mid Cap Fund,20-01-2026,220.30030
120841,quant Mid Cap Fund - Growth Option - Direct Plan,quant Mutual Fund,Open Ended Schemes,Equity Scheme - Mid Cap Fund,19-01-2026,224.66870
120841,quant Mid Cap Fund - Growth Option - Direct Plan,quant Mutual Fund,Open Ended Schemes,Equity Scheme - Mid Cap Fund,16-01-2026,224.95280
120841,quant Mid Cap Fund - Growth Option - Direct Plan,quant Mutual Fund,Open Ended Schemes,Equity Scheme - Mid Cap Fund,14-01-2026,225.39530
120841,quant Mid Cap Fund - Growth Option - Direct Plan,quant Mutual Fund,Open Ended Schemes,Equity Scheme - Mid Cap Fund,13-01-2026,225.48150
120841,quant Mid Cap Fund - Growth Option - Direct Plan,quant Mutual Fund,Open Ended Schemes,Equity Scheme - Mid Cap Fund,12-01-2026,226.25870
120841,quant Mid Cap Fund - Growth Option - Direct Plan,quant Mutual Fund,Open Ended Schemes,Equity Scheme - Mid Cap Fund,09-01-2026,227.02650
120841,quant Mid Cap Fund - Growth Option - Direct Plan,quant Mutual Fund,Open Ended Schemes,Equity Scheme - Mid Cap Fund,08-01-2026,229.22630
120841,quant Mid Cap Fund - Growth Option - Direct Plan,quant Mutual Fund,Open Ended Schemes,Equity Scheme - Mid Cap Fund,07-01-2026,233.31320
120841,quant Mid Cap Fund - Growth Option - Direct Plan,quant Mutual Fund,Open Ended Schemes,Equity Scheme - Mid Cap Fund,06-01-2026,233.04090
120841,quant Mid Cap Fund - Growth Option - Direct Plan,quant Mutual Fund,Open Ended Schemes,Equity Scheme - Mid Cap Fund,05-01-2026,234.50690
120841,quant Mid Cap Fund - Growth Option - Direct Plan,quant Mutual Fund,Open Ended Schemes,Equity Scheme - Mid Cap Fund,02-01-2026,236.41320
120841,quant Mid Cap Fund - Growth Option - Direct Plan,quant Mutual Fund,Open Ended Schemes,Equity Scheme - Mid Cap Fund,01-01-2026,235.25900
120841,quant Mid Cap Fund - Growth Option - Direct Plan,quant Mutual Fund,Open Ended Schemes,Equity Scheme - Mid Cap Fund,31-12-2025,235.50630
120841,quant Mid Cap Fund - Growth Option - Direct Plan,quant Mutual Fund,Open Ended Schemes,Equity Scheme - Mid Cap Fund,30-12-2025,234.37540
120841,quant Mid Cap Fund - Growth Option - Direct Plan,quant Mutual Fund,Open Ended Schemes,Equity Scheme - Mid Cap Fund,29-12-2025,235.98540
120841,quant Mid Cap Fund - Growth Option - Direct Plan,quant Mutual Fund,Open Ended Schemes,Equity Scheme - Mid Cap Fund,26-12-2025,236.98480
120841,quant Mid Cap Fund - Growth Option - Direct Plan,quant Mutual Fund,Open Ended Schemes,Equity Scheme - Mid Cap Fund,24-12-2025,237.65300
120841,quant Mid Cap Fund - Growth Option - Direct Plan,quant Mutual Fund,Open Ended Schemes,Equity Scheme - Mid Cap Fund,23-12-2025,238.76290
120841,quant Mid Cap Fund - Growth Option - Direct Plan,quant Mutual Fund,Open Ended Schemes,Equity Scheme - Mid Cap Fund,22-12-2025,238.04470
120841,quant Mid Cap Fund - Growth Option - Direct Plan,quant Mutual Fund,Open Ended Schemes,Equity Scheme - Mid Cap Fund,19-12-2025,236.96310
120841,quant Mid Cap Fund - Growth Option - Direct Plan,quant Mutual Fund,Open Ended Schemes,Equity Scheme - Mid Cap Fund,18-12-2025,234.70450
120841,quant Mid Cap Fund - Growth Option - Direct Plan,quant Mutual Fund,Open Ended Schemes,Equity Scheme - Mid Cap Fund,17-12-2025,234.31330
120841,quant Mid Cap Fund - Growth Option - Direct Plan,quant Mutual Fund,Open Ended Schemes,Equity Scheme - Mid Cap Fund,16-12-2025,235.70840
120841,quant Mid Cap Fund - Growth Option - Direct Plan,quant Mutual Fund,Open Ended Schemes,Equity Scheme - Mid Cap Fund,15-12-2025,238.37730
120841,quant Mid Cap Fund - Growth Option - Direct Plan,quant Mutual Fund,Open Ended Schemes,Equity Scheme - Mid Cap Fund,12-12-2025,238.11250
120841,quant Mid Cap Fund - Growth Option - Direct Plan,quant Mutual Fund,Open Ended Schemes,Equity Scheme - Mid Cap Fund,11-12-2025,236.16150
120841,quant Mid Cap Fund - Growth Option - Direct Plan,quant Mutual Fund,Open Ended Schemes,Equity Scheme - Mid Cap Fund,10-12-2025,234.27460
120841,quant Mid Cap Fund - Growth Option - Direct Plan,quant Mutual Fund,Open Ended Schemes,Equity Scheme - Mid Cap Fund,09-12-2025,234.72470
120841,quant Mid Cap Fund - Growth Option - Direct Plan,quant Mutual Fund,Open Ended Schemes,Equity Scheme - Mid Cap Fund,08-12-2025,234.30840
120841,quant Mid Cap Fund - Growth Option - Direct Plan,quant Mutual Fund,Open Ended Schemes,Equity Scheme - Mid Cap Fund,05-12-2025,238.01100
120841,quant Mid Cap Fund - Growth Option - Direct Plan,quant Mutual Fund,Open Ended Schemes,Equity Scheme - Mid Cap Fund,04-12-2025,238.01410
120841,quant Mid Cap Fund - Growth Option - Direct Plan,quant Mutual Fund,Open Ended Schemes,Equity Scheme - Mid Cap Fund,03-12-2025,238.60280
120841,quant Mid Cap Fund - Growth Option - Direct Plan,quant Mutual Fund,Open Ended Schemes,Equity Scheme - Mid Cap Fund,02-12-2025,239.28740
120841,quant Mid Cap Fund - Growth Option - Direct Plan,quant Mutual Fund,Open Ended Schemes,Equity Scheme - Mid Cap Fund,01-12-2025,240.11950
120841,quant Mid Cap Fund - Growth Option - Direct Plan,quant Mutual Fund,Open Ended Schemes,Equity Scheme - Mid Cap Fund,28-11-2025,240.04280
120841,quant Mid Cap Fund - Growth Option - Direct Plan,quant Mutual Fund,Open Ended Schemes,Equity Scheme - Mid Cap Fund,27-11-2025,240.95650
120841,quant Mid Cap Fund - Growth Option - Direct Plan,quant Mutual Fund,Open Ended Schemes,Equity Scheme - Mid Cap Fund,26-11-2025,240.60920
120841,quant Mid Cap Fund - Growth Option - Direct Plan,quant Mutual Fund,Open Ended Schemes,Equity Scheme - Mid Cap Fund,25-11-2025,237.44390
120841,quant Mid Cap Fund - Growth Option - Direct Plan,quant Mutual Fund,Open Ended Schemes,Equity Scheme - Mid Cap Fund,24-11-2025,238.08580
120841,quant Mid Cap Fund - Growth Option - Direct Plan,quant Mutual Fund,Open Ended Schemes,Equity Scheme - Mid Cap Fund,21-11-2025,240.21400
120841,quant Mid Cap Fund - Growth Option - Direct Plan,quant Mutual Fund,Open Ended Schemes,Equity Scheme - Mid Cap Fund,20-11-2025,242.10440
120841,quant Mid Cap Fund - Growth Option - Direct Plan,quant Mutual Fund,Open Ended Schemes,Equity Scheme - Mid Cap Fund,19-11-2025,241.85870
120841,quant Mid Cap Fund - Growth Option - Direct Plan,quant Mutual Fund,Open Ended Schemes,Equity Scheme - Mid Cap Fund,18-11-2025,241.34640
120841,quant Mid Cap Fund - Growth Option - Direct Plan,quant Mutual Fund,Open Ended Schemes,Equity Scheme - Mid Cap Fund,17-11-2025,242.36250
120841,quant Mid Cap Fund - Growth Option - Direct Plan,quant Mutual Fund,Open Ended Schemes,Equity Scheme - Mid Cap Fund,14-11-2025,240.14220
120841,quant Mid Cap Fund - Growth Option - Direct Plan,quant Mutual Fund,Open Ended Schemes,Equity Scheme - Mid Cap Fund,13-11-2025,240.68510
120841,quant Mid Cap Fund - Growth Option - Direct Plan,quant Mutual Fund,Open Ended Schemes,Equity Scheme - Mid Cap Fund,12-11-2025,240.83330
120841,quant Mid Cap Fund - Growth Option - Direct Plan,quant Mutual Fund,Open Ended Schemes,Equity Scheme - Mid Cap Fund,11-11-2025,239.26950
120841,quant Mid Cap Fund - Growth Option - Direct Plan,quant Mutual Fund,Open Ended Schemes,Equity Scheme - Mid Cap Fund,10-11-2025,239.01480
120841,quant Mid Cap Fund - Growth Option - Direct Plan,quant Mutual Fund,Open Ended Schemes,Equity Scheme - Mid Cap Fund,07-11-2025,238.53950
120841,quant Mid Cap Fund - Growth Option - Direct Plan,quant Mutual Fund,Open Ended Schemes,Equity Scheme - Mid Cap Fund,06-11-2025,238.33670
120841,quant Mid Cap Fund - Growth Option - Direct Plan,quant Mutual Fund,Open Ended Schemes,Equity Scheme - Mid Cap Fund,04-11-2025,241.39910
120841,quant Mid Cap Fund - Growth Option - Direct Plan,quant Mutual Fund,Open Ended Schemes,Equity Scheme - Mid Cap Fund,03-11-2025,242.43600
120841,quant Mid Cap Fund - Growth Option - Direct Plan,quant Mutual Fund,Open Ended Schemes,Equity Scheme - Mid Cap Fund,31-10-2025,241.24100
120841,quant Mid Cap Fund - Growth Option - Direct Plan,quant Mutual Fund,Open Ended Schemes,Equity Scheme - Mid Cap Fund,30-10-2025,241.59120
120841,quant Mid Cap Fund - Growth Option - Direct Plan,quant Mutual Fund,Open Ended Schemes,Equity Scheme - Mid Cap Fund,29-10-2025,242.12690
120841,quant Mid Cap Fund - Growth Option - Direct Plan,quant Mutual Fund,Open Ended Schemes,Equity Scheme - Mid Cap Fund,28-10-2025,240.59060
120841,quant Mid Cap Fund - Growth Option - Direct Plan,quant Mutual Fund,Open Ended Schemes,Equity Scheme - Mid Cap Fund,27-10-2025,241.11160
120841,quant Mid Cap Fund - Growth Option - Direct Plan,quant Mutual Fund,Open Ended Schemes,Equity Scheme - Mid Cap Fund,24-10-2025,238.55860
120841,quant Mid Cap Fund - Growth Option - Direct Plan,quant Mutual Fund,Open Ended Schemes,Equity Scheme - Mid Cap Fund,23-10-2025,238.17410
120841,quant Mid Cap Fund - Growth Option - Direct Plan,quant Mutual Fund,Open Ended Schemes,Equity Scheme - Mid Cap Fund,20-10-2025,238.56580
120841,quant Mid Cap Fund - Growth Option - Direct Plan,quant Mutual Fund,Open Ended Schemes,Equity Scheme - Mid Cap Fund,17-10-2025,237.95850
120841,quant Mid Cap Fund - Growth Option - Direct Plan,quant Mutual Fund,Open Ended Schemes,Equity Scheme - Mid Cap Fund,16-10-2025,239.73860
120841,quant Mid Cap Fund - Growth Option - Direct Plan,quant Mutual Fund,Open Ended Schemes,Equity Scheme - Mid Cap Fund,15-10-2025,238.45860
120841,quant Mid Cap Fund - Growth Option - Direct Plan,quant Mutual Fund,Open Ended Schemes,Equity Scheme - Mid Cap Fund,14-10-2025,236.66680
120841,quant Mid Cap Fund - Growth Option - Direct Plan,quant Mutual Fund,Open Ended Schemes,Equity Scheme - Mid Cap Fund,13-10-2025,237.22620
120841,quant Mid Cap Fund - Growth Option - Direct Plan,quant Mutual Fund,Open Ended Schemes,Equity Scheme - Mid Cap Fund,10-10-2025,238.75690
120841,quant Mid Cap Fund - Growth Option - Direct Plan,quant Mutual Fund,Open Ended Schemes,Equity Scheme - Mid Cap Fund,09-10-2025,235.93800
120841,quant Mid Cap Fund - Growth Option - Direct Plan,quant Mutual Fund,Open Ended Schemes,Equity Scheme - Mid Cap Fund,08-10-2025,232.78110
120841,quant Mid Cap Fund - Growth Option - Direct Plan,quant Mutual Fund,Open Ended Schemes,Equity Scheme - Mid Cap Fund,07-10-2025,233.95910
120841,quant Mid Cap Fund - Growth Option - Direct Plan,quant Mutual Fund,Open Ended Schemes,Equity Scheme - Mid Cap Fund,06-10-2025,233.81850
120841,quant Mid Cap Fund - Growth Option - Direct Plan,quant Mutual Fund,Open Ended Schemes,Equity Scheme - Mid Cap Fund,03-10-2025,233.37890
120841,quant Mid Cap Fund - Growth Option - Direct Plan,quant Mutual Fund,Open Ended Schemes,Equity Scheme - Mid Cap Fund,01-10-2025,231.36910
120841,quant Mid Cap Fund - Growth Option - Direct Plan,quant Mutual Fund,Open Ended Schemes,Equity Scheme - Mid Cap Fund,30-09-2025,229.52820
120841,quant Mid Cap Fund - Growth Option - Direct Plan,quant Mutual Fund,Open Ended Schemes,Equity Scheme - Mid Cap Fund,26-09-2025,229.74300
120841,quant Mid Cap Fund - Growth Option - Direct Plan,quant Mutual Fund,Open Ended Schemes,Equity Scheme - Mid Cap Fund,25-09-2025,233.87710
120841,quant Mid Cap Fund - Growth Option - Direct Plan,quant Mutual Fund,Open Ended Schemes,Equity Scheme - Mid Cap Fund,24-09-2025,235.11270
120841,quant Mid Cap Fund - Growth Option - Direct Plan,quant Mutual Fund,Open Ended Schemes,Equity Scheme - Mid Cap Fund,23-09-2025,236.44530
120841,quant Mid Cap Fund - Growth Option - Direct Plan,quant Mutual Fund,Open Ended Schemes,Equity Scheme - Mid Cap Fund,22-09-2025,236.63080
120841,quant Mid Cap Fund - Growth Option - Direct Plan,quant Mutual Fund,Open Ended Schemes,Equity Scheme - Mid Cap Fund,19-09-2025,238.75510
120841,quant Mid Cap Fund - Growth Option - Direct Plan,quant Mutual Fund,Open Ended Schemes,Equity Scheme - Mid Cap Fund,18-09-2025,239.20090
120841,quant Mid Cap Fund - Growth Option - Direct Plan,quant Mutual Fund,Open Ended Schemes,Equity Scheme - Mid Cap Fund,17-09-2025,238.48040
120841,quant Mid Cap Fund - Growth Option - Direct Plan,quant Mutual Fund,Open Ended Schemes,Equity Scheme - Mid Cap Fund,16-09-2025,238.55530
120841,quant Mid Cap Fund - Growth Option - Direct Plan,quant Mutual Fund,Open Ended Schemes,Equity Scheme - Mid Cap Fund,15-09-2025,236.80300
120841,quant Mid Cap Fund - Growth Option - Direct Plan,quant Mutual Fund,Open Ended Schemes,Equity Scheme - Mid Cap Fund,12-09-2025,235.50090
120841,quant Mid Cap Fund - Growth Option - Direct Plan,quant Mutual Fund,Open Ended Schemes,Equity Scheme - Mid Cap Fund,11-09-2025,234.58140
120841,quant Mid Cap Fund - Growth Option - Direct Plan,quant Mutual Fund,Open Ended Schemes,Equity Scheme - Mid Cap Fund,10-09-2025,232.91720
120841,quant Mid Cap Fund - Growth Option - Direct Plan,quant Mutual Fund,Open Ended Schemes,Equity Scheme - Mid Cap Fund,09-09-2025,231.76010
120841,quant Mid Cap Fund - Growth Option - Direct Plan,quant Mutual Fund,Open Ended Schemes,Equity Scheme - Mid Cap Fund,08-09-2025,230.33340
120841,quant Mid Cap Fund - Growth Option - Direct Plan,quant Mutual Fund,Open Ended Schemes,Equity Scheme - Mid Cap Fund,05-09-2025,230.02610
120841,quant Mid Cap Fund - Growth Option - Direct Plan,quant Mutual Fund,Open Ended Schemes,Equity Scheme - Mid Cap Fund,04-09-2025,230.31470
120841,quant Mid Cap Fund - Growth Option - Direct Plan,quant Mutual Fund,Open Ended Schemes,Equity Scheme - Mid Cap Fund,03-09-2025,231.83080
120841,quant Mid Cap Fund - Growth Option - Direct Plan,quant Mutual Fund,Open Ended Schemes,Equity Scheme - Mid Cap Fund,02-09-2025,230.25640
120841,quant Mid Cap Fund - Growth Option - Direct Plan,quant Mutual Fund,Open Ended Schemes,Equity Scheme - Mid Cap Fund,01-09-2025,230.56000
120841,quant Mid Cap Fund - Growth Option - Direct Plan,quant Mutual Fund,Open Ended Schemes,Equity Scheme - Mid Cap Fund,29-08-2025,228.18410
120841,quant Mid Cap Fund - Growth Option - Direct Plan,quant Mutual Fund,Open Ended Schemes,Equity Scheme - Mid Cap Fund,28-08-2025,228.61610
120841,quant Mid Cap Fund - Growth Option - Direct Plan,quant Mutual Fund,Open Ended Schemes,Equity Scheme - Mid Cap Fund,26-08-2025,231.52440
120841,quant Mid Cap Fund - Growth Option - Direct Plan,quant Mutual Fund,Open Ended Schemes,Equity Scheme - Mid Cap Fund,25-08-2025,234.82660
120841,quant Mid Cap Fund - Growth Option - Direct Plan,quant Mutual Fund,Open Ended Schemes,Equity Scheme - Mid Cap Fund,22-08-2025,234.64730
120841,quant Mid Cap Fund - Growth Option - Direct Plan,quant Mutual Fund,Open Ended Schemes,Equity Scheme - Mid Cap Fund,21-08-2025,235.99250
120841,quant Mid Cap Fund - Growth Option - Direct Plan,quant Mutual Fund,Open Ended Schemes,Equity Scheme - Mid Cap Fund,20-08-2025,237.68750
120841,quant Mid Cap Fund - Growth Option - Direct Plan,quant Mutual Fund,Open Ended Schemes,Equity Scheme - Mid Cap Fund,19-08-2025,238.16060
120841,quant Mid Cap Fund - Growth Option - Direct Plan,quant Mutual Fund,Open Ended Schemes,Equity Scheme - Mid Cap Fund,18-08-2025,235.89660
120841,quant Mid Cap Fund - Growth Option - Direct Plan,quant Mutual Fund,Open Ended Schemes,Equity Scheme - Mid Cap Fund,14-08-2025,235.41450
120841,quant Mid Cap Fund - Growth Option - Direct Plan,quant Mutual Fund,Open Ended Schemes,Equity Scheme - Mid Cap Fund,13-08-2025,235.05280
120841,quant Mid Cap Fund - Growth Option - Direct Plan,quant Mutual Fund,Open Ended Schemes,Equity Scheme - Mid Cap Fund,12-08-2025,233.81600
120841,quant Mid Cap Fund - Growth Option - Direct Plan,quant Mutual Fund,Open Ended Schemes,Equity Scheme - Mid Cap Fund,11-08-2025,234.27090
120841,quant Mid Cap Fund - Growth Option - Direct Plan,quant Mutual Fund,Open Ended Schemes,Equity Scheme - Mid Cap Fund,08-08-2025,232.48970
120841,quant Mid Cap Fund - Growth Option - Direct Plan,quant Mutual Fund,Open Ended Schemes,Equity Scheme - Mid Cap Fund,07-08-2025,235.67910
120841,quant Mid Cap Fund - Growth Option - Direct Plan,quant Mutual Fund,Open Ended Schemes,Equity Scheme - Mid Cap Fund,06-08-2025,235.13930
120841,quant Mid Cap Fund - Growth Option - Direct Plan,quant Mutual Fund,Open Ended Schemes,Equity Scheme - Mid Cap Fund,05-08-2025,236.25070
120841,quant Mid Cap Fund - Growth Option - Direct Plan,quant Mutual Fund,Open Ended Schemes,Equity Scheme - Mid Cap Fund,04-08-2025,237.98360
120841,quant Mid Cap Fund - Growth Option - Direct Plan,quant Mutual Fund,Open Ended Schemes,Equity Scheme - Mid Cap Fund,01-08-2025,235.53400
120841,quant Mid Cap Fund - Growth Option - Direct Plan,quant Mutual Fund,Open Ended Schemes,Equity Scheme - Mid Cap Fund,31-07-2025,240.15810
120841,quant Mid Cap Fund - Growth Option - Direct Plan,quant Mutual Fund,Open Ended Schemes,Equity Scheme - Mid Cap Fund,30-07-2025,243.45610
120841,quant Mid Cap Fund - Growth Option - Direct Plan,quant Mutual Fund,Open Ended Schemes,Equity Scheme - Mid Cap Fund,29-07-2025,243.06130
120841,quant Mid Cap Fund - Growth Option - Direct Plan,quant Mutual Fund,Open Ended Schemes,Equity Scheme - Mid Cap Fund,28-07-2025,240.37700
120841,quant Mid Cap Fund - Growth Option - Direct Plan,quant Mutual Fund,Open Ended Schemes,Equity Scheme - Mid Cap Fund,25-07-2025,242.22850
120841,quant Mid Cap Fund - Growth Option - Direct Plan,quant Mutual Fund,Open Ended Schemes,Equity Scheme - Mid Cap Fund,24-07-2025,244.72590
120841,quant Mid Cap Fund - Growth Option - Direct Plan,quant Mutual Fund,Open Ended Schemes,Equity Scheme - Mid Cap Fund,23-07-2025,245.91230
120841,quant Mid Cap Fund - Growth Option - Direct Plan,quant Mutual Fund,Open Ended Schemes,Equity Scheme - Mid Cap Fund,22-07-2025,244.27000
120841,quant Mid Cap Fund - Growth Option - Direct Plan,quant Mutual Fund,Open Ended Schemes,Equity Scheme - Mid Cap Fund,21-07-2025,246.48610
120841,quant Mid Cap Fund - Growth Option - Direct Plan,quant Mutual Fund,Open Ended Schemes,Equity Scheme - Mid Cap Fund,18-07-2025,246.05880
120841,quant Mid Cap Fund - Growth Option - Direct Plan,quant Mutual Fund,Open Ended Schemes,Equity Scheme - Mid Cap Fund,17-07-2025,247.61990
120841,quant Mid Cap Fund - Growth Option - Direct Plan,quant Mutual Fund,Open Ended Schemes,Equity Scheme - Mid Cap Fund,16-07-2025,247.86510
120841,quant Mid Cap Fund - Growth Option - Direct Plan,quant Mutual Fund,Open Ended Schemes,Equity Scheme - Mid Cap Fund,15-07-2025,247.64960
120841,quant Mid Cap Fund - Growth Option - Direct Plan,quant Mutual Fund,Open Ended Schemes,Equity Scheme - Mid Cap Fund,14-07-2025,246.36030
120841,quant Mid Cap Fund - Growth Option - Direct Plan,quant Mutual Fund,Open Ended Schemes,Equity Scheme - Mid Cap Fund,11-07-2025,245.42670
120841,quant Mid Cap Fund - Growth Option - Direct Plan,quant Mutual Fund,Open Ended Schemes,Equity Scheme - Mid Cap Fund,10-07-2025,247.92590
120841,quant Mid Cap Fund - Growth Option - Direct Plan,quant Mutual Fund,Open Ended Schemes,Equity Scheme - Mid Cap Fund,09-07-2025,248.25050
120841,quant Mid Cap Fund - Growth Option - Direct Plan,quant Mutual Fund,Open Ended Schemes,Equity Scheme - Mid Cap Fund,08-07-2025,249.01420
120841,quant Mid Cap Fund - Growth Option - Direct Plan,quant Mutual Fund,Open Ended Schemes,Equity Scheme - Mid Cap Fund,07-07-2025,249.68770
120841,quant Mid Cap Fund - Growth Option - Direct Plan,quant Mutual Fund,Open Ended Schemes,Equity Scheme - Mid Cap Fund,04-07-2025,250.23430
120841,quant Mid Cap Fund - Growth Option - Direct Plan,quant Mutual Fund,Open Ended Schemes,Equity Scheme - Mid Cap Fund,03-07-2025,248.61830
120841,quant Mid Cap Fund - Growth Option - Direct Plan,quant Mutual Fund,Open Ended Schemes,Equity Scheme - Mid Cap Fund,02-07-2025,249.10570
120841,quant Mid Cap Fund - Growth Option - Direct Plan,quant Mutual Fund,Open Ended Schemes,Equity Scheme - Mid Cap Fund,01-07-2025,248.28820
120841,quant Mid Cap Fund - Growth Option - Direct Plan,quant Mutual Fund,Open Ended Schemes,Equity Scheme - Mid Cap Fund,30-06-2025,247.82730
120841,quant Mid Cap Fund - Growth Option - Direct Plan,quant Mutual Fund,Open Ended Schemes,Equity Scheme - Mid Cap Fund,27-06-2025,247.14610
120841,quant Mid Cap Fund - Growth Option - Direct Plan,quant Mutual Fund,Open Ended Schemes,Equity Scheme - Mid Cap Fund,26-06-2025,246.32230
120841,quant Mid Cap Fund - Growth Option - Direct Plan,quant Mutual Fund,Open Ended Schemes,Equity Scheme - Mid Cap Fund,25-06-2025,243.87750
120841,quant Mid Cap Fund - Growth Option - Direct Plan,quant Mutual Fund,Open Ended Schemes,Equity Scheme - Mid Cap Fund,24-06-2025,242.58750
120841,quant Mid Cap Fund - Growth Option - Direct Plan,quant Mutual Fund,Open Ended Schemes,Equity Scheme - Mid Cap Fund,23-06-2025,242.26740
120841,quant Mid Cap Fund - Growth Option - Direct Plan,quant Mutual Fund,Open Ended Schemes,Equity Scheme - Mid Cap Fund,20-06-2025,241.43830
120841,quant Mid Cap Fund - Growth Option - Direct Plan,quant Mutual Fund,Open Ended Schemes,Equity Scheme - Mid Cap Fund,19-06-2025,238.56300
120841,quant Mid Cap Fund - Growth Option - Direct Plan,quant Mutual Fund,Open Ended Schemes,Equity Scheme - Mid Cap Fund,18-06-2025,241.99560
120841,quant Mid Cap Fund - Growth Option - Direct Plan,quant Mutual Fund,Open Ended Schemes,Equity Scheme - Mid Cap Fund,17-06-2025,243.23150
120841,quant Mid Cap Fund - Growth Option - Direct Plan,quant Mutual Fund,Open Ended Schemes,Equity Scheme - Mid Cap Fund,16-06-2025,245.61500
120841,quant Mid Cap Fund - Growth Option - Direct Plan,quant Mutual Fund,Open Ended Schemes,Equity Scheme - Mid Cap Fund,13-06-2025,243.69350
120841,quant Mid Cap Fund - Growth Option - Direct Plan,quant Mutual Fund,Open Ended Schemes,Equity Scheme - Mid Cap Fund,12-06-2025,245.07360
120841,quant Mid Cap Fund - Growth Option - Direct Plan,quant Mutual Fund,Open Ended Schemes,Equity Scheme - Mid Cap Fund,11-06-2025,248.66570
120841,quant Mid Cap Fund - Growth Option - Direct Plan,quant Mutual Fund,Open Ended Schemes,Equity Scheme - Mid Cap Fund,10-06-2025,248.96190
120841,quant Mid Cap Fund - Growth Option - Direct Plan,quant Mutual Fund,Open Ended Schemes,Equity Scheme - Mid Cap Fund,09-06-2025,249.38530
120841,quant Mid Cap Fund - Growth Option - Direct Plan,quant Mutual Fund,Open Ended Schemes,Equity Scheme - Mid Cap Fund,06-06-2025,246.85390
120841,quant Mid Cap Fund - Growth Option - Direct Plan,quant Mutual Fund,Open Ended Schemes,Equity Scheme - Mid Cap Fund,05-06-2025,246.35900
120841,quant Mid Cap Fund - Growth Option - Direct Plan,quant Mutual Fund,Open Ended Schemes,Equity Scheme - Mid Cap Fund,04-06-2025,244.55630
120841,quant Mid Cap Fund - Growth Option - Direct Plan,quant Mutual Fund,Open Ended Schemes,Equity Scheme - Mid Cap Fund,03-06-2025,242.91490
120841,quant Mid Cap Fund - Growth Option - Direct Plan,quant Mutual Fund,Open Ended Schemes,Equity Scheme - Mid Cap Fund,02-06-2025,242.98490
120841,quant Mid Cap Fund - Growth Option - Direct Plan,quant Mutual Fund,Open Ended Schemes,Equity Scheme - Mid Cap Fund,30-05-2025,243.28810
120841,quant Mid Cap Fund - Growth Option - Direct Plan,quant Mutual Fund,Open Ended Schemes,Equity Scheme - Mid Cap Fund,29-05-2025,245.59560
120841,quant Mid Cap Fund - Growth Option - Direct Plan,quant Mutual Fund,Open Ended Schemes,Equity Scheme - Mid Cap Fund,28-05-2025,244.18980
120841,quant Mid Cap Fund - Growth Option - Direct Plan,quant Mutual Fund,Open Ended Schemes,Equity Scheme - Mid Cap Fund,27-05-2025,244.84710
120841,quant Mid Cap Fund - Growth Option - Direct Plan,quant Mutual Fund,Open Ended Schemes,Equity Scheme - Mid Cap Fund,26-05-2025,244.66170
120841,quant Mid Cap Fund - Growth Option - Direct Plan,quant Mutual Fund,Open Ended Schemes,Equity Scheme - Mid Cap Fund,23-05-2025,243.17780
120841,quant Mid Cap Fund - Growth Option - Direct Plan,quant Mutual Fund,Open Ended Schemes,Equity Scheme - Mid Cap Fund,22-05-2025,242.51250
120841,quant Mid Cap Fund - Growth Option - Direct Plan,quant Mutual Fund,Open Ended Schemes,Equity Scheme - Mid Cap Fund,21-05-2025,243.74660
120841,quant Mid Cap Fund - Growth Option - Direct Plan,quant Mutual Fund,Open Ended Schemes,Equity Scheme - Mid Cap Fund,20-05-2025,241.44050
120841,quant Mid Cap Fund - Growth Option - Direct Plan,quant Mutual Fund,Open Ended Schemes,Equity Scheme - Mid Cap Fund,19-05-2025,244.83960
120841,quant Mid Cap Fund - Growth Option - Direct Plan,quant Mutual Fund,Open Ended Schemes,Equity Scheme - Mid Cap Fund,16-05-2025,245.97440
120841,quant Mid Cap Fund - Growth Option - Direct Plan,quant Mutual Fund,Open Ended Schemes,Equity Scheme - Mid Cap Fund,15-05-2025,244.82280
120841,quant Mid Cap Fund - Growth Option - Direct Plan,quant Mutual Fund,Open Ended Schemes,Equity Scheme - Mid Cap Fund,14-05-2025,242.83230
120841,quant Mid Cap Fund - Growth Option - Direct Plan,quant Mutual Fund,Open Ended Schemes,Equity Scheme - Mid Cap Fund,13-05-2025,239.39580
120841,quant Mid Cap Fund - Growth Option - Direct Plan,quant Mutual Fund,Open Ended Schemes,Equity Scheme - Mid Cap Fund,12-05-2025,239.46420
120841,quant Mid Cap Fund - Growth Option - Direct Plan,quant Mutual Fund,Open Ended Schemes,Equity Scheme - Mid Cap Fund,09-05-2025,231.15890
120841,quant Mid Cap Fund - Growth Option - Direct Plan,quant Mutual Fund,Open Ended Schemes,Equity Scheme - Mid Cap Fund,08-05-2025,231.23960
120841,quant Mid Cap Fund - Growth Option - Direct Plan,quant Mutual Fund,Open Ended Schemes,Equity Scheme - Mid Cap Fund,07-05-2025,235.41200
120841,quant Mid Cap Fund - Growth Option - Direct Plan,quant Mutual Fund,Open Ended Schemes,Equity Scheme - Mid Cap Fund,06-05-2025,233.28860
120841,quant Mid Cap Fund - Growth Option - Direct Plan,quant Mutual Fund,Open Ended Schemes,Equity Scheme - Mid Cap Fund,05-05-2025,238.12590
120841,quant Mid Cap Fund - Growth Option - Direct Plan,quant Mutual Fund,Open Ended Schemes,Equity Scheme - Mid Cap Fund,02-05-2025,234.77150
120841,quant Mid Cap Fund - Growth Option - Direct Plan,quant Mutual Fund,Open Ended Schemes,Equity Scheme - Mid Cap Fund,30-04-2025,236.41840
120841,quant Mid Cap Fund - Growth Option - Direct Plan,quant Mutual Fund,Open Ended Schemes,Equity Scheme - Mid Cap Fund,29-04-2025,237.56590
120841,quant Mid Cap Fund - Growth Option - Direct Plan,quant Mutual Fund,Open Ended Schemes,Equity Scheme - Mid Cap Fund,28-04-2025,237.84030
120841,quant Mid Cap Fund - Growth Option - Direct Plan,quant Mutual Fund,Open Ended Schemes,Equity Scheme - Mid Cap Fund,25-04-2025,234.11170
120841,quant Mid Cap Fund - Growth Option - Direct Plan,quant Mutual Fund,Open Ended Schemes,Equity Scheme - Mid Cap Fund,24-04-2025,239.26360
120841,quant Mid Cap Fund - Growth Option - Direct Plan,quant Mutual Fund,Open Ended Schemes,Equity Scheme - Mid Cap Fund,23-04-2025,239.17520
120841,quant Mid Cap Fund - Growth Option - Direct Plan,quant Mutual Fund,Open Ended Schemes,Equity Scheme - Mid Cap Fund,22-04-2025,237.21510
120841,quant Mid Cap Fund - Growth Option - Direct Plan,quant Mutual Fund,Open Ended Schemes,Equity Scheme - Mid Cap Fund,21-04-2025,236.18130
120841,quant Mid Cap Fund - Growth Option - Direct Plan,quant Mutual Fund,Open Ended Schemes,Equity Scheme - Mid Cap Fund,17-04-2025,233.07000
120841,quant Mid Cap Fund - Growth Option - Direct Plan,quant Mutual Fund,Open Ended Schemes,Equity Scheme - Mid Cap Fund,16-04-2025,231.07710
120841,quant Mid Cap Fund - Growth Option - Direct Plan,quant Mutual Fund,Open Ended Schemes,Equity Scheme - Mid Cap Fund,15-04-2025,229.19420
120841,quant Mid Cap Fund - Growth Option - Direct Plan,quant Mutual Fund,Open Ended Schemes,Equity Scheme - Mid Cap Fund,11-04-2025,223.76780
120841,quant Mid Cap Fund - Growth Option - Direct Plan,quant Mutual Fund,Open Ended Schemes,Equity Scheme - Mid Cap Fund,09-04-2025,220.37870
120841,quant Mid Cap Fund - Growth Option - Direct Plan,quant Mutual Fund,Open Ended Schemes,Equity Scheme - Mid Cap Fund,08-04-2025,221.45250
120841,quant Mid Cap Fund - Growth Option - Direct Plan,quant Mutual Fund,Open Ended Schemes,Equity Scheme - Mid Cap Fund,07-04-2025,216.23630
120841,quant Mid Cap Fund - Growth Option - Direct Plan,quant Mutual Fund,Open Ended Schemes,Equity Scheme - Mid Cap Fund,04-04-2025,223.14210
120841,quant Mid Cap Fund - Growth Option - Direct Plan,quant Mutual Fund,Open Ended Schemes,Equity Scheme - Mid Cap Fund,03-04-2025,230.67280
120841,quant Mid Cap Fund - Growth Option - Direct Plan,quant Mutual Fund,Open Ended Schemes,Equity Scheme - Mid Cap Fund,02-04-2025,229.46580
120841,quant Mid Cap Fund - Growth Option - Direct Plan,quant Mutual Fund,Open Ended Schemes,Equity Scheme - Mid Cap Fund,01-04-2025,226.65970
120841,quant Mid Cap Fund - Growth Option - Direct Plan,quant Mutual Fund,Open Ended Schemes,Equity Scheme - Mid Cap Fund,31-03-2025,227.72340
120841,quant Mid Cap Fund - Growth Option - Direct Plan,quant Mutual Fund,Open Ended Schemes,Equity Scheme - Mid Cap Fund,28-03-2025,227.71980
120841,quant Mid Cap Fund - Growth Option - Direct Plan,quant Mutual Fund,Open Ended Schemes,Equity Scheme - Mid Cap Fund,27-03-2025,228.43030
120841,quant Mid Cap Fund - Growth Option - Direct Plan,quant Mutual Fund,Open Ended Schemes,Equity Scheme - Mid Cap Fund,26-03-2025,226.77850
120841,quant Mid Cap Fund - Growth Option - Direct Plan,quant Mutual Fund,Open Ended Schemes,Equity Scheme - Mid Cap Fund,25-03-2025,228.56380
120841,quant Mid Cap Fund - Growth Option - Direct Plan,quant Mutual Fund,Open Ended Schemes,Equity Scheme - Mid Cap Fund,24-03-2025,231.56300
120841,quant Mid Cap Fund - Growth Option - Direct Plan,quant Mutual Fund,Open Ended Schemes,Equity Scheme - Mid Cap Fund,21-03-2025,228.95350
120841,quant Mid Cap Fund - Growth Option - Direct Plan,quant Mutual Fund,Open Ended Schemes,Equity Scheme - Mid Cap Fund,20-03-2025,226.42200
120841,quant Mid Cap Fund - Growth Option - Direct Plan,quant Mutual Fund,Open Ended Schemes,Equity Scheme - Mid Cap Fund,19-03-2025,224.17580
120841,quant Mid Cap Fund - Growth Option - Direct Plan,quant Mutual Fund,Open Ended Schemes,Equity Scheme - Mid Cap Fund,18-03-2025,219.81790
120841,quant Mid Cap Fund - Growth Option - Direct Plan,quant Mutual Fund,Open Ended Schemes,Equity Scheme - Mid Cap Fund,17-03-2025,216.04260
120841,quant Mid Cap Fund - Growth Option - Direct Plan,quant Mutual Fund,Open Ended Schemes,Equity Scheme - Mid Cap Fund,13-03-2025,215.28160
120841,quant Mid Cap Fund - Growth Option - Direct Plan,quant Mutual Fund,Open Ended Schemes,Equity Scheme - Mid Cap Fund,12-03-2025,216.59170
120841,quant Mid Cap Fund - Growth Option - Direct Plan,quant Mutual Fund,Open Ended Schemes,Equity Scheme - Mid Cap Fund,11-03-2025,215.84260
120841,quant Mid Cap Fund - Growth Option - Direct Plan,quant Mutual Fund,Open Ended Schemes,Equity Scheme - Mid Cap Fund,10-03-2025,215.32820
120841,quant Mid Cap Fund - Growth Option - Direct Plan,quant Mutual Fund,Open Ended Schemes,Equity Scheme - Mid Cap Fund,07-03-2025,217.73490
120841,quant Mid Cap Fund - Growth Option - Direct Plan,quant Mutual Fund,Open Ended Schemes,Equity Scheme - Mid Cap Fund,06-03-2025,217.36140
120841,quant Mid Cap Fund - Growth Option - Direct Plan,quant Mutual Fund,Open Ended Schemes,Equity Scheme - Mid Cap Fund,05-03-2025,214.35130
120841,quant Mid Cap Fund - Growth Option - Direct Plan,quant Mutual Fund,Open Ended Schemes,Equity Scheme - Mid Cap Fund,04-03-2025,208.14790
120841,quant Mid Cap Fund - Growth Option - Direct Plan,quant Mutual Fund,Open Ended Schemes,Equity Scheme - Mid Cap Fund,03-03-2025,208.67430
120841,quant Mid Cap Fund - Growth Option - Direct Plan,quant Mutual Fund,Open Ended Schemes,Equity Scheme - Mid Cap Fund,28-02-2025,209.93370
120841,quant Mid Cap Fund - Growth Option - Direct Plan,quant Mutual Fund,Open Ended Schemes,Equity Scheme - Mid Cap Fund,27-02-2025,215.25270
120841,quant Mid Cap Fund - Growth Option - Direct Plan,quant Mutual Fund,Open Ended Schemes,Equity Scheme - Mid Cap Fund,25-02-2025,217.69510
120841,quant Mid Cap Fund - Growth Option - Direct Plan,quant Mutual Fund,Open Ended Schemes,Equity Scheme - Mid Cap Fund,24-02-2025,219.50910
120841,quant Mid Cap Fund - Growth Option - Direct Plan,quant Mutual Fund,Open Ended Schemes,Equity Scheme - Mid Cap Fund,21-02-2025,222.19160
120841,quant Mid Cap Fund - Growth Option - Direct Plan,quant Mutual Fund,Open Ended Schemes,Equity Scheme - Mid Cap Fund,20-02-2025,223.48540
120841,quant Mid Cap Fund - Growth Option - Direct Plan,quant Mutual Fund,Open Ended Schemes,Equity Scheme - Mid Cap Fund,19-02-2025,221.76370
120841,quant Mid Cap Fund - Growth Option - Direct Plan,quant Mutual Fund,Open Ended Schemes,Equity Scheme - Mid Cap Fund,18-02-2025,219.78780
120841,quant Mid Cap Fund - Growth Option - Direct Plan,quant Mutual Fund,Open Ended Schemes,Equity Scheme - Mid Cap Fund,17-02-2025,221.54140
120841,quant Mid Cap Fund - Growth Option - Direct Plan,quant Mutual Fund,Open Ended Schemes,Equity Scheme - Mid Cap Fund,14-02-2025,220.16290
120841,quant Mid Cap Fund - Growth Option - Direct Plan,quant Mutual Fund,Open Ended Schemes,Equity Scheme - Mid Cap Fund,13-02-2025,224.75550
120841,quant Mid Cap Fund - Growth Option - Direct Plan,quant Mutual Fund,Open Ended Schemes,Equity Scheme - Mid Cap Fund,12-02-2025,223.74700
120841,quant Mid Cap Fund - Growth Option - Direct Plan,quant Mutual Fund,Open Ended Schemes,Equity Scheme - Mid Cap Fund,11-02-2025,223.66980
120841,quant Mid Cap Fund - Growth Option - Direct Plan,quant Mutual Fund,Open Ended Schemes,Equity Scheme - Mid Cap Fund,10-02-2025,228.54370
120841,quant Mid Cap Fund - Growth Option - Direct Plan,quant Mutual Fund,Open Ended Schemes,Equity Scheme - Mid Cap Fund,07-02-2025,232.79490
120841,quant Mid Cap Fund - Growth Option - Direct Plan,quant Mutual Fund,Open Ended Schemes,Equity Scheme - Mid Cap Fund,06-02-2025,233.51210
120841,quant Mid Cap Fund - Growth Option - Direct Plan,quant Mutual Fund,Open Ended Schemes,Equity Scheme - Mid Cap Fund,05-02-2025,234.77000
120841,quant Mid Cap Fund - Growth Option - Direct Plan,quant Mutual Fund,Open Ended Schemes,Equity Scheme - Mid Cap Fund,04-02-2025,233.85140
120841,quant Mid Cap Fund - Growth Option - Direct Plan,quant Mutual Fund,Open Ended Schemes,Equity Scheme - Mid Cap Fund,03-02-2025,229.58760
120841,quant Mid Cap Fund - Growth Option - Direct Plan,quant Mutual Fund,Open Ended Schemes,Equity Scheme - Mid Cap Fund,31-01-2025,238.74590
120841,quant Mid Cap Fund - Growth Option - Direct Plan,quant Mutual Fund,Open Ended Schemes,Equity Scheme - Mid Cap Fund,30-01-2025,234.02110
120841,quant Mid Cap Fund - Growth Option - Direct Plan,quant Mutual Fund,Open Ended Schemes,Equity Scheme - Mid Cap Fund,29-01-2025,232.21610
120841,quant Mid Cap Fund - Growth Option - Direct Plan,quant Mutual Fund,Open Ended Schemes,Equity Scheme - Mid Cap Fund,28-01-2025,228.97400
120841,quant Mid Cap Fund - Growth Option - Direct Plan,quant Mutual Fund,Open Ended Schemes,Equity Scheme - Mid Cap Fund,27-01-2025,230.12100
120841,quant Mid Cap Fund - Growth Option - Direct Plan,quant Mutual Fund,Open Ended Schemes,Equity Scheme - Mid Cap Fund,24-01-2025,236.84180
120841,quant Mid Cap Fund - Growth Option - Direct Plan,quant Mutual Fund,Open Ended Schemes,Equity Scheme - Mid Cap Fund,23-01-2025,240.14200
120841,quant Mid Cap Fund - Growth Option - Direct Plan,quant Mutual Fund,Open Ended Schemes,Equity Scheme - Mid Cap Fund,22-01-2025,238.06520
120841,quant Mid Cap Fund - Growth Option - Direct Plan,quant Mutual Fund,Open Ended Schemes,Equity Scheme - Mid Cap Fund,21-01-2025,240.17730
120841,quant Mid Cap Fund - Growth Option - Direct Plan,quant Mutual Fund,Open Ended Schemes,Equity Scheme - Mid Cap Fund,20-01-2025,243.38880
120841,quant Mid Cap Fund - Growth Option - Direct Plan,quant Mutual Fund,Open Ended Schemes,Equity Scheme - Mid Cap Fund,17-01-2025,241.85130
120841,quant Mid Cap Fund - Growth Option - Direct Plan,quant Mutual Fund,Open Ended Schemes,Equity Scheme - Mid Cap Fund,16-01-2025,239.08700
120841,quant Mid Cap Fund - Growth Option - Direct Plan,quant Mutual Fund,Open Ended Schemes,Equity Scheme - Mid Cap Fund,15-01-2025,236.81930
120841,quant Mid Cap Fund - Growth Option - Direct Plan,quant Mutual Fund,Open Ended Schemes,Equity Scheme - Mid Cap Fund,14-01-2025,237.23680
120841,quant Mid Cap Fund - Growth Option - Direct Plan,quant Mutual Fund,Open Ended Schemes,Equity Scheme - Mid Cap Fund,13-01-2025,232.23360
120841,quant Mid Cap Fund - Growth Option - Direct Plan,quant Mutual Fund,Open Ended Schemes,Equity Scheme - Mid Cap Fund,10-01-2025,240.37350
120841,quant Mid Cap Fund - Growth Option - Direct Plan,quant Mutual Fund,Open Ended Schemes,Equity Scheme - Mid Cap Fund,09-01-2025,243.70670
120841,quant Mid Cap Fund - Growth Option - Direct Plan,quant Mutual Fund,Open Ended Schemes,Equity Scheme - Mid Cap Fund,08-01-2025,245.65960
120841,quant Mid Cap Fund - Growth Option - Direct Plan,quant Mutual Fund,Open Ended Schemes,Equity Scheme - Mid Cap Fund,07-01-2025,246.12800
120841,quant Mid Cap Fund - Growth Option - Direct Plan,quant Mutual Fund,Open Ended Schemes,Equity Scheme - Mid Cap Fund,06-01-2025,245.10460
120841,quant Mid Cap Fund - Growth Option - Direct Plan,quant Mutual Fund,Open Ended Schemes,Equity Scheme - Mid Cap Fund,03-01-2025,251.75580
120841,quant Mid Cap Fund - Growth Option - Direct Plan,quant Mutual Fund,Open Ended Schemes,Equity Scheme - Mid Cap Fund,02-01-2025,251.29330
120841,quant Mid Cap Fund - Growth Option - Direct Plan,quant Mutual Fund,Open Ended Schemes,Equity Scheme - Mid Cap Fund,01-01-2025,248.19780
120841,quant Mid Cap Fund - Growth Option - Direct Plan,quant Mutual Fund,Open Ended Schemes,Equity Scheme - Mid Cap Fund,31-12-2024,246.49220
120841,quant Mid Cap Fund - Growth Option - Direct Plan,quant Mutual Fund,Open Ended Schemes,Equity Scheme - Mid Cap Fund,30-12-2024,243.47220
120841,quant Mid Cap Fund - Growth Option - Direct Plan,quant Mutual Fund,Open Ended Schemes,Equity Scheme - Mid Cap Fund,27-12-2024,244.06600
120841,quant Mid Cap Fund - Growth Option - Direct Plan,quant Mutual Fund,Open Ended Schemes,Equity Scheme - Mid Cap Fund,26-12-2024,244.00380
120841,quant Mid Cap Fund - Growth Option - Direct Plan,quant Mutual Fund,Open Ended Schemes,Equity Scheme - Mid Cap Fund,24-12-2024,244.33310
120841,quant Mid Cap Fund - Growth Option - Direct Plan,quant Mutual Fund,Open Ended Schemes,Equity Scheme - Mid Cap Fund,23-12-2024,244.11490
120841,quant Mid Cap Fund - Growth Option - Direct Plan,quant Mutual Fund,Open Ended Schemes,Equity Scheme - Mid Cap Fund,20-12-2024,242.15420
120841,quant Mid Cap Fund - Growth Option - Direct Plan,quant Mutual Fund,Open Ended Schemes,Equity Scheme - Mid Cap Fund,19-12-2024,247.01220
120841,quant Mid Cap Fund - Growth Option - Direct Plan,quant Mutual Fund,Open Ended Schemes,Equity Scheme - Mid Cap Fund,18-12-2024,249.15120
120841,quant Mid Cap Fund - Growth Option - Direct Plan,quant Mutual Fund,Open Ended Schemes,Equity Scheme - Mid Cap Fund,17-12-2024,250.29680
120841,quant Mid Cap Fund - Growth Option - Direct Plan,quant Mutual Fund,Open Ended Schemes,Equity Scheme - Mid Cap Fund,16-12-2024,253.21940
120841,quant Mid Cap Fund - Growth Option - Direct Plan,quant Mutual Fund,Open Ended Schemes,Equity Scheme - Mid Cap Fund,13-12-2024,252.22450
120841,quant Mid Cap Fund - Growth Option - Direct Plan,quant Mutual Fund,Open Ended Schemes,Equity Scheme - Mid Cap Fund,12-12-2024,252.26300
120841,quant Mid Cap Fund - Growth Option - Direct Plan,quant Mutual Fund,Open Ended Schemes,Equity Scheme - Mid Cap Fund,11-12-2024,254.50990
120841,quant Mid Cap Fund - Growth Option - Direct Plan,quant Mutual Fund,Open Ended Schemes,Equity Scheme - Mid Cap Fund,10-12-2024,253.23170
120841,quant Mid Cap Fund - Growth Option - Direct Plan,quant Mutual Fund,Open Ended Schemes,Equity Scheme - Mid Cap Fund,09-12-2024,253.74640
120841,quant Mid Cap Fund - Growth Option - Direct Plan,quant Mutual Fund,Open Ended Schemes,Equity Scheme - Mid Cap Fund,06-12-2024,253.40450
120841,quant Mid Cap Fund - Growth Option - Direct Plan,quant Mutual Fund,Open Ended Schemes,Equity Scheme - Mid Cap Fund,05-12-2024,253.00510
120841,quant Mid Cap Fund - Growth Option - Direct Plan,quant Mutual Fund,Open Ended Schemes,Equity Scheme - Mid Cap Fund,04-12-2024,252.61810
120841,quant Mid Cap Fund - Growth Option - Direct Plan,quant Mutual Fund,Open Ended Schemes,Equity Scheme - Mid Cap Fund,03-12-2024,252.25920
120841,quant Mid Cap Fund - Growth Option - Direct Plan,quant Mutual Fund,Open Ended Schemes,Equity Scheme - Mid Cap Fund,02-12-2024,250.65840
120841,quant Mid Cap Fund - Growth Option - Direct Plan,quant Mutual Fund,Open Ended Schemes,Equity Scheme - Mid Cap Fund,29-11-2024,249.15510
120841,quant Mid Cap Fund - Growth Option - Direct Plan,quant Mutual Fund,Open Ended Schemes,Equity Scheme - Mid Cap Fund,28-11-2024,247.07270
120841,quant Mid Cap Fund - Growth Option - Direct Plan,quant Mutual Fund,Open Ended Schemes,Equity Scheme - Mid Cap Fund,27-11-2024,246.60740
120841,quant Mid Cap Fund - Growth Option - Direct Plan,quant Mutual Fund,Open Ended Schemes,Equity Scheme - Mid Cap Fund,26-11-2024,245.17800
120841,quant Mid Cap Fund - Growth Option - Direct Plan,quant Mutual Fund,Open Ended Schemes,Equity Scheme - Mid Cap Fund,25-11-2024,244.55130
120841,quant Mid Cap Fund - Growth Option - Direct Plan,quant Mutual Fund,Open Ended Schemes,Equity Scheme - Mid Cap Fund,22-11-2024,240.63170
120841,quant Mid Cap Fund - Growth Option - Direct Plan,quant Mutual Fund,Open Ended Schemes,Equity Scheme - Mid Cap Fund,21-11-2024,236.69090
120841,quant Mid Cap Fund - Growth Option - Direct Plan,quant Mutual Fund,Open Ended Schemes,Equity Scheme - Mid Cap Fund,19-11-2024,240.00880
120841,quant Mid Cap Fund - Growth Option - Direct Plan,quant Mutual Fund,Open Ended Schemes,Equity Scheme - Mid Cap Fund,18-11-2024,239.48100
120841,quant Mid Cap Fund - Growth Option - Direct Plan,quant Mutual Fund,Open Ended Schemes,Equity Scheme - Mid Cap Fund,14-11-2024,240.39520
120841,quant Mid Cap Fund - Growth Option - Direct Plan,quant Mutual Fund,Open Ended Schemes,Equity Scheme - Mid Cap Fund,13-11-2024,240.37300
120841,quant Mid Cap Fund - Growth Option - Direct Plan,quant Mutual Fund,Open Ended Schemes,Equity Scheme - Mid Cap Fund,12-11-2024,244.90380
120841,quant Mid Cap Fund - Growth Option - Direct Plan,quant Mutual Fund,Open Ended Schemes,Equity Scheme - Mid Cap Fund,11-11-2024,248.00540
120841,quant Mid Cap Fund - Growth Option - Direct Plan,quant Mutual Fund,Open Ended Schemes,Equity Scheme - Mid Cap Fund,08-11-2024,250.13450
120841,quant Mid Cap Fund - Growth Option - Direct Plan,quant Mutual Fund,Open Ended Schemes,Equity Scheme - Mid Cap Fund,07-11-2024,253.74270
120841,quant Mid Cap Fund - Growth Option - Direct Plan,quant Mutual Fund,Open Ended Schemes,Equity Scheme - Mid Cap Fund,06-11-2024,256.91980
120841,quant Mid Cap Fund - Growth Option - Direct Plan,quant Mutual Fund,Open Ended Schemes,Equity Scheme - Mid Cap Fund,05-11-2024,252.31120
120841,quant Mid Cap Fund - Growth Option - Direct Plan,quant Mutual Fund,Open Ended Schemes,Equity Scheme - Mid Cap Fund,04-11-2024,251.69180
120841,quant Mid Cap Fund - Growth Option - Direct Plan,quant Mutual Fund,Open Ended Schemes,Equity Scheme - Mid Cap Fund,31-10-2024,253.53320
120841,quant Mid Cap Fund - Growth Option - Direct Plan,quant Mutual Fund,Open Ended Schemes,Equity Scheme - Mid Cap Fund,30-10-2024,255.05050
120841,quant Mid Cap Fund - Growth Option - Direct Plan,quant Mutual Fund,Open Ended Schemes,Equity Scheme - Mid Cap Fund,29-10-2024,251.70440
120841,quant Mid Cap Fund - Growth Option - Direct Plan,quant Mutual Fund,Open Ended Schemes,Equity Scheme - Mid Cap Fund,28-10-2024,250.39200
120841,quant Mid Cap Fund - Growth Option - Direct Plan,quant Mutual Fund,Open Ended Schemes,Equity Scheme - Mid Cap Fund,25-10-2024,249.74380
120841,quant Mid Cap Fund - Growth Option - Direct Plan,quant Mutual Fund,Open Ended Schemes,Equity Scheme - Mid Cap Fund,24-10-2024,254.33200
120841,quant Mid Cap Fund - Growth Option - Direct Plan,quant Mutual Fund,Open Ended Schemes,Equity Scheme - Mid Cap Fund,23-10-2024,254.76880
120841,quant Mid Cap Fund - Growth Option - Direct Plan,quant Mutual Fund,Open Ended Schemes,Equity Scheme - Mid Cap Fund,22-10-2024,254.99760
120841,quant Mid Cap Fund - Growth Option - Direct Plan,quant Mutual Fund,Open Ended Schemes,Equity Scheme - Mid Cap Fund,21-10-2024,260.13790
120841,quant Mid Cap Fund - Growth Option - Direct Plan,quant Mutual Fund,Open Ended Schemes,Equity Scheme - Mid Cap Fund,18-10-2024,263.28120
120841,quant Mid Cap Fund - Growth Option - Direct Plan,quant Mutual Fund,Open Ended Schemes,Equity Scheme - Mid Cap Fund,17-10-2024,262.79870
120841,quant Mid Cap Fund - Growth Option - Direct Plan,quant Mutual Fund,Open Ended Schemes,Equity Scheme - Mid Cap Fund,16-10-2024,265.53590
120841,quant Mid Cap Fund - Growth Option - Direct Plan,quant Mutual Fund,Open Ended Schemes,Equity Scheme - Mid Cap Fund,15-10-2024,265.96680
120841,quant Mid Cap Fund - Growth Option - Direct Plan,quant Mutual Fund,Open Ended Schemes,Equity Scheme - Mid Cap Fund,14-10-2024,266.95090
120841,quant Mid Cap Fund - Growth Option - Direct Plan,quant Mutual Fund,Open Ended Schemes,Equity Scheme - Mid Cap Fund,11-10-2024,266.99490
120841,quant Mid Cap Fund - Growth Option - Direct Plan,quant Mutual Fund,Open Ended Schemes,Equity Scheme - Mid Cap Fund,10-10-2024,265.50010
120841,quant Mid Cap Fund - Growth Option - Direct Plan,quant Mutual Fund,Open Ended Schemes,Equity Scheme - Mid Cap Fund,09-10-2024,267.52660
120841,quant Mid Cap Fund - Growth Option - Direct Plan,quant Mutual Fund,Open Ended Schemes,Equity Scheme - Mid Cap Fund,08-10-2024,266.62380
120841,quant Mid Cap Fund - Growth Option - Direct Plan,quant Mutual Fund,Open Ended Schemes,Equity Scheme - Mid Cap Fund,07-10-2024,262.03360
120841,quant Mid Cap Fund - Growth Option - Direct Plan,quant Mutual Fund,Open Ended Schemes,Equity Scheme - Mid Cap Fund,04-10-2024,268.02920
120841,quant Mid Cap Fund - Growth Option - Direct Plan,quant Mutual Fund,Open Ended Schemes,Equity Scheme - Mid Cap Fund,03-10-2024,270.32340
120841,quant Mid Cap Fund - Growth Option - Direct Plan,quant Mutual Fund,Open Ended Schemes,Equity Scheme - Mid Cap Fund,01-10-2024,274.71780
120841,quant Mid Cap Fund - Growth Option - Direct Plan,quant Mutual Fund,Open Ended Schemes,Equity Scheme - Mid Cap Fund,30-09-2024,274.59140
120841,quant Mid Cap Fund - Growth Option - Direct Plan,quant Mutual Fund,Open Ended Schemes,Equity Scheme - Mid Cap Fund,27-09-2024,276.85040
120841,quant Mid Cap Fund - Growth Option - Direct Plan,quant Mutual Fund,Open Ended Schemes,Equity Scheme - Mid Cap Fund,26-09-2024,275.17990
120841,quant Mid Cap Fund - Growth Option - Direct Plan,quant Mutual Fund,Open Ended Schemes,Equity Scheme - Mid Cap Fund,25-09-2024,273.80490
120841,quant Mid Cap Fund - Growth Option - Direct Plan,quant Mutual Fund,Open Ended Schemes,Equity Scheme - Mid Cap Fund,24-09-2024,273.07000
120841,quant Mid Cap Fund - Growth Option - Direct Plan,quant Mutual Fund,Open Ended Schemes,Equity Scheme - Mid Cap Fund,23-09-2024,272.04160
120841,quant Mid Cap Fund - Growth Option - Direct Plan,quant Mutual Fund,Open Ended Schemes,Equity Scheme - Mid Cap Fund,20-09-2024,270.51070
120841,quant Mid Cap Fund - Growth Option - Direct Plan,quant Mutual Fund,Open Ended Schemes,Equity Scheme - Mid Cap Fund,19-09-2024,268.56550
120841,quant Mid Cap Fund - Growth Option - Direct Plan,quant Mutual Fund,Open Ended Schemes,Equity Scheme - Mid Cap Fund,18-09-2024,270.86160
120841,quant Mid Cap Fund - Growth Option - Direct Plan,quant Mutual Fund,Open Ended Schemes,Equity Scheme - Mid Cap Fund,17-09-2024,272.85060
120841,quant Mid Cap Fund - Growth Option - Direct Plan,quant Mutual Fund,Open Ended Schemes,Equity Scheme - Mid Cap Fund,16-09-2024,273.44170
120841,quant Mid Cap Fund - Growth Option - Direct Plan,quant Mutual Fund,Open Ended Schemes,Equity Scheme - Mid Cap Fund,13-09-2024,274.17360
120841,quant Mid Cap Fund - Growth Option - Direct Plan,quant Mutual Fund,Open Ended Schemes,Equity Scheme - Mid Cap Fund,12-09-2024,271.53000
120841,quant Mid Cap Fund - Growth Option - Direct Plan,quant Mutual Fund,Open Ended Schemes,Equity Scheme - Mid Cap Fund,11-09-2024,268.70560
120841,quant Mid Cap Fund - Growth Option - Direct Plan,quant Mutual Fund,Open Ended Schemes,Equity Scheme - Mid Cap Fund,10-09-2024,270.53260
120841,quant Mid Cap Fund - Growth Option - Direct Plan,quant Mutual Fund,Open Ended Schemes,Equity Scheme - Mid Cap Fund,09-09-2024,268.76080
120841,quant Mid Cap Fund - Growth Option - Direct Plan,quant Mutual Fund,Open Ended Schemes,Equity Scheme - Mid Cap Fund,06-09-2024,269.51290
120841,quant Mid Cap Fund - Growth Option - Direct Plan,quant Mutual Fund,Open Ended Schemes,Equity Scheme - Mid Cap Fund,05-09-2024,270.83880
120841,quant Mid Cap Fund - Growth Option - Direct Plan,quant Mutual Fund,Open Ended Schemes,Equity Scheme - Mid Cap Fund,04-09-2024,271.38580
120841,quant Mid Cap Fund - Growth Option - Direct Plan,quant Mutual Fund,Open Ended Schemes,Equity Scheme - Mid Cap Fund,03-09-2024,271.96500
120841,quant Mid Cap Fund - Growth Option - Direct Plan,quant Mutual Fund,Open Ended Schemes,Equity Scheme - Mid Cap Fund,02-09-2024,271.65470
120841,quant Mid Cap Fund - Growth Option - Direct Plan,quant Mutual Fund,Open Ended Schemes,Equity Scheme - Mid Cap Fund,30-08-2024,271.87520
120841,quant Mid Cap Fund - Growth Option - Direct Plan,quant Mutual Fund,Open Ended Schemes,Equity Scheme - Mid Cap Fund,29-08-2024,272.54360
120841,quant Mid Cap Fund - Growth Option - Direct Plan,quant Mutual Fund,Open Ended Schemes,Equity Scheme - Mid Cap Fund,28-08-2024,273.52840
120841,quant Mid Cap Fund - Growth Option - Direct Plan,quant Mutual Fund,Open Ended Schemes,Equity Scheme - Mid Cap Fund,27-08-2024,274.51940
120841,quant Mid Cap Fund - Growth Option - Direct Plan,quant Mutual Fund,Open Ended Schemes,Equity Scheme - Mid Cap Fund,26-08-2024,275.74070
120841,quant Mid Cap Fund - Growth Option - Direct Plan,quant Mutual Fund,Open Ended Schemes,Equity Scheme - Mid Cap Fund,23-08-2024,273.04670
120841,quant Mid Cap Fund - Growth Option - Direct Plan,quant Mutual Fund,Open Ended Schemes,Equity Scheme - Mid Cap Fund,22-08-2024,274.19030
120841,quant Mid Cap Fund - Growth Option - Direct Plan,quant Mutual Fund,Open Ended Schemes,Equity Scheme - Mid Cap Fund,21-08-2024,273.48510
120841,quant Mid Cap Fund - Growth Option - Direct Plan,quant Mutual Fund,Open Ended Schemes,Equity Scheme - Mid Cap Fund,20-08-2024,272.17850
120841,quant Mid Cap Fund - Growth Option - Direct Plan,quant Mutual Fund,Open Ended Schemes,Equity Scheme - Mid Cap Fund,19-08-2024,270.75320
120841,quant Mid Cap Fund - Growth Option - Direct Plan,quant Mutual Fund,Open Ended Schemes,Equity Scheme - Mid Cap Fund,16-08-2024,268.11380
120841,quant Mid Cap Fund - Growth Option - Direct Plan,quant Mutual Fund,Open Ended Schemes,Equity Scheme - Mid Cap Fund,14-08-2024,264.91840
120841,quant Mid Cap Fund - Growth Option - Direct Plan,quant Mutual Fund,Open Ended Schemes,Equity Scheme - Mid Cap Fund,13-08-2024,266.64490
120841,quant Mid Cap Fund - Growth Option - Direct Plan,quant Mutual Fund,Open Ended Schemes,Equity Scheme - Mid Cap Fund,12-08-2024,267.89910
120841,quant Mid Cap Fund - Growth Option - Direct Plan,quant Mutual Fund,Open Ended Schemes,Equity Scheme - Mid Cap Fund,09-08-2024,267.93600
120841,quant Mid Cap Fund - Growth Option - Direct Plan,quant Mutual Fund,Open Ended Schemes,Equity Scheme - Mid Cap Fund,08-08-2024,269.63240
120841,quant Mid Cap Fund - Growth Option - Direct Plan,quant Mutual Fund,Open Ended Schemes,Equity Scheme - Mid Cap Fund,07-08-2024,269.16620
120841,quant Mid Cap Fund - Growth Option - Direct Plan,quant Mutual Fund,Open Ended Schemes,Equity Scheme - Mid Cap Fund,06-08-2024,263.32290
120841,quant Mid Cap Fund - Growth Option - Direct Plan,quant Mutual Fund,Open Ended Schemes,Equity Scheme - Mid Cap Fund,05-08-2024,265.49790
120841,quant Mid Cap Fund - Growth Option - Direct Plan,quant Mutual Fund,Open Ended Schemes,Equity Scheme - Mid Cap Fund,02-08-2024,274.63820
120841,quant Mid Cap Fund - Growth Option - Direct Plan,quant Mutual Fund,Open Ended Schemes,Equity Scheme - Mid Cap Fund,01-08-2024,277.22990
120841,quant Mid Cap Fund - Growth Option - Direct Plan,quant Mutual Fund,Open Ended Schemes,Equity Scheme - Mid Cap Fund,31-07-2024,278.06320
120841,quant Mid Cap Fund - Growth Option - Direct Plan,quant Mutual Fund,Open Ended Schemes,Equity Scheme - Mid Cap Fund,30-07-2024,276.39400
120841,quant Mid Cap Fund - Growth Option - Direct Plan,quant Mutual Fund,Open Ended Schemes,Equity Scheme - Mid Cap Fund,29-07-2024,276.58950
120841,quant Mid Cap Fund - Growth Option - Direct Plan,quant Mutual Fund,Open Ended Schemes,Equity Scheme - Mid Cap Fund,26-07-2024,275.76540
120841,quant Mid Cap Fund - Growth Option - Direct Plan,quant Mutual Fund,Open Ended Schemes,Equity Scheme - Mid Cap Fund,25-07-2024,271.94950
120841,quant Mid Cap Fund - Growth Option - Direct Plan,quant Mutual Fund,Open Ended Schemes,Equity Scheme - Mid Cap Fund,24-07-2024,272.83520
120841,quant Mid Cap Fund - Growth Option - Direct Plan,quant Mutual Fund,Open Ended Schemes,Equity Scheme - Mid Cap Fund,23-07-2024,271.82250
120841,quant Mid Cap Fund - Growth Option - Direct Plan,quant Mutual Fund,Open Ended Schemes,Equity Scheme - Mid Cap Fund,22-07-2024,273.18380
120841,quant Mid Cap Fund - Growth Option - Direct Plan,quant Mutual Fund,Open Ended Schemes,Equity Scheme - Mid Cap Fund,19-07-2024,272.55870
120841,quant Mid Cap Fund - Growth Option - Direct Plan,quant Mutual Fund,Open Ended Schemes,Equity Scheme - Mid Cap Fund,18-07-2024,278.15950
120841,quant Mid Cap Fund - Growth Option - Direct Plan,quant Mutual Fund,Open Ended Schemes,Equity Scheme - Mid Cap Fund,16-07-2024,281.05430
120841,quant Mid Cap Fund - Growth Option - Direct Plan,quant Mutual Fund,Open Ended Schemes,Equity Scheme - Mid Cap Fund,15-07-2024,281.10830
120841,quant Mid Cap Fund - Growth Option - Direct Plan,quant Mutual Fund,Open Ended Schemes,Equity Scheme - Mid Cap Fund,12-07-2024,278.28190
120841,quant Mid Cap Fund - Growth Option - Direct Plan,quant Mutual Fund,Open Ended Schemes,Equity Scheme - Mid Cap Fund,11-07-2024,278.24630
120841,quant Mid Cap Fund - Growth Option - Direct Plan,quant Mutual Fund,Open Ended Schemes,Equity Scheme - Mid Cap Fund,10-07-2024,277.75180
120841,quant Mid Cap Fund - Growth Option - Direct Plan,quant Mutual Fund,Open Ended Schemes,Equity Scheme - Mid Cap Fund,09-07-2024,279.57060
120841,quant Mid Cap Fund - Growth Option - Direct Plan,quant Mutual Fund,Open Ended Schemes,Equity Scheme - Mid Cap Fund,08-07-2024,277.69960
120841,quant Mid Cap Fund - Growth Option - Direct Plan,quant Mutual Fund,Open Ended Schemes,Equity Scheme - Mid Cap Fund,05-07-2024,278.47430
120841,quant Mid Cap Fund - Growth Option - Direct Plan,quant Mutual Fund,Open Ended Schemes,Equity Scheme - Mid Cap Fund,04-07-2024,276.76350
120841,quant Mid Cap Fund - Growth Option - Direct Plan,quant Mutual Fund,Open Ended Schemes,Equity Scheme - Mid Cap Fund,03-07-2024,275.95790
120841,quant Mid Cap Fund - Growth Option - Direct Plan,quant Mutual Fund,Open Ended Schemes,Equity Scheme - Mid Cap Fund,02-07-2024,273.44370
120841,quant Mid Cap Fund - Growth Option - Direct Plan,quant Mutual Fund,Open Ended Schemes,Equity Scheme - Mid Cap Fund,01-07-2024,272.88240
120841,quant Mid Cap Fund - Growth Option - Direct Plan,quant Mutual Fund,Open Ended Schemes,Equity Scheme - Mid Cap Fund,28-06-2024,270.85150
120841,quant Mid Cap Fund - Growth Option - Direct Plan,quant Mutual Fund,Open Ended Schemes,Equity Scheme - Mid Cap Fund,27-06-2024,269.78360
120841,quant Mid Cap Fund - Growth Option - Direct Plan,quant Mutual Fund,Open Ended Schemes,Equity Scheme - Mid Cap Fund,26-06-2024,269.63980
120841,quant Mid Cap Fund - Growth Option - Direct Plan,quant Mutual Fund,Open Ended Schemes,Equity Scheme - Mid Cap Fund,25-06-2024,270.07780
120841,quant Mid Cap Fund - Growth Option - Direct Plan,quant Mutual Fund,Open Ended Schemes,Equity Scheme - Mid Cap Fund,24-06-2024,269.84480
120841,quant Mid Cap Fund - Growth Option - Direct Plan,quant Mutual Fund,Open Ended Schemes,Equity Scheme - Mid Cap Fund,21-06-2024,272.38500
120841,quant Mid Cap Fund - Growth Option - Direct Plan,quant Mutual Fund,Open Ended Schemes,Equity Scheme - Mid Cap Fund,20-06-2024,273.06960
120841,quant Mid Cap Fund - Growth Option - Direct Plan,quant Mutual Fund,Open Ended Schemes,Equity Scheme - Mid Cap Fund,19-06-2024,271.08970
120841,quant Mid Cap Fund - Growth Option - Direct Plan,quant Mutual Fund,Open Ended Schemes,Equity Scheme - Mid Cap Fund,18-06-2024,273.35250
120841,quant Mid Cap Fund - Growth Option - Direct Plan,quant Mutual Fund,Open Ended Schemes,Equity Scheme - Mid Cap Fund,14-06-2024,272.79890
120841,quant Mid Cap Fund - Growth Option - Direct Plan,quant Mutual Fund,Open Ended Schemes,Equity Scheme - Mid Cap Fund,13-06-2024,271.12380
120841,quant Mid Cap Fund - Growth Option - Direct Plan,quant Mutual Fund,Open Ended Schemes,Equity Scheme - Mid Cap Fund,12-06-2024,270.13790
120841,quant Mid Cap Fund - Growth Option - Direct Plan,quant Mutual Fund,Open Ended Schemes,Equity Scheme - Mid Cap Fund,11-06-2024,266.91250
120841,quant Mid Cap Fund - Growth Option - Direct Plan,quant Mutual Fund,Open Ended Schemes,Equity Scheme - Mid Cap Fund,10-06-2024,264.35610
120841,quant Mid Cap Fund - Growth Option - Direct Plan,quant Mutual Fund,Open Ended Schemes,Equity Scheme - Mid Cap Fund,07-06-2024,264.48030
120841,quant Mid Cap Fund - Growth Option - Direct Plan,quant Mutual Fund,Open Ended Schemes,Equity Scheme - Mid Cap Fund,06-06-2024,260.59480
120841,quant Mid Cap Fund - Growth Option - Direct Plan,quant Mutual Fund,Open Ended Schemes,Equity Scheme - Mid Cap Fund,05-06-2024,256.10550
120841,quant Mid Cap Fund - Growth Option - Direct Plan,quant Mutual Fund,Open Ended Schemes,Equity Scheme - Mid Cap Fund,04-06-2024,246.10660
120841,quant Mid Cap Fund - Growth Option - Direct Plan,quant Mutual Fund,Open Ended Schemes,Equity Scheme - Mid Cap Fund,03-06-2024,269.80030
120841,quant Mid Cap Fund - Growth Option - Direct Plan,quant Mutual Fund,Open Ended Schemes,Equity Scheme - Mid Cap Fund,31-05-2024,260.13200
120841,quant Mid Cap Fund - Growth Option - Direct Plan,quant Mutual Fund,Open Ended Schemes,Equity Scheme - Mid Cap Fund,30-05-2024,258.61510
120841,quant Mid Cap Fund - Growth Option - Direct Plan,quant Mutual Fund,Open Ended Schemes,Equity Scheme - Mid Cap Fund,29-05-2024,259.09830
120841,quant Mid Cap Fund - Growth Option - Direct Plan,quant Mutual Fund,Open Ended Schemes,Equity Scheme - Mid Cap Fund,28-05-2024,259.19870
120841,quant Mid Cap Fund - Growth Option - Direct Plan,quant Mutual Fund,Open Ended Schemes,Equity Scheme - Mid Cap Fund,27-05-2024,261.47050
120841,quant Mid Cap Fund - Growth Option - Direct Plan,quant Mutual Fund,Open Ended Schemes,Equity Scheme - Mid Cap Fund,24-05-2024,264.42230
120841,quant Mid Cap Fund - Growth Option - Direct Plan,quant Mutual Fund,Open Ended Schemes,Equity Scheme - Mid Cap Fund,23-05-2024,264.28090
120841,quant Mid Cap Fund - Growth Option - Direct Plan,quant Mutual Fund,Open Ended Schemes,Equity Scheme - Mid Cap Fund,22-05-2024,262.35790
120841,quant Mid Cap Fund - Growth Option - Direct Plan,quant Mutual Fund,Open Ended Schemes,Equity Scheme - Mid Cap Fund,21-05-2024,263.74110
120841,quant Mid Cap Fund - Growth Option - Direct Plan,quant Mutual Fund,Open Ended Schemes,Equity Scheme - Mid Cap Fund,17-05-2024,258.85890
120841,quant Mid Cap Fund - Growth Option - Direct Plan,quant Mutual Fund,Open Ended Schemes,Equity Scheme - Mid Cap Fund,16-05-2024,254.83620
120841,quant Mid Cap Fund - Growth Option - Direct Plan,quant Mutual Fund,Open Ended Schemes,Equity Scheme - Mid Cap Fund,15-05-2024,253.39550
120841,quant Mid Cap Fund - Growth Option - Direct Plan,quant Mutual Fund,Open Ended Schemes,Equity Scheme - Mid Cap Fund,14-05-2024,252.37820
120841,quant Mid Cap Fund - Growth Option - Direct Plan,quant Mutual Fund,Open Ended Schemes,Equity Scheme - Mid Cap Fund,13-05-2024,247.77440
120841,quant Mid Cap Fund - Growth Option - Direct Plan,quant Mutual Fund,Open Ended Schemes,Equity Scheme - Mid Cap Fund,10-05-2024,246.54790
120841,quant Mid Cap Fund - Growth Option - Direct Plan,quant Mutual Fund,Open Ended Schemes,Equity Scheme - Mid Cap Fund,09-05-2024,243.93720
120841,quant Mid Cap Fund - Growth Option - Direct Plan,quant Mutual Fund,Open Ended Schemes,Equity Scheme - Mid Cap Fund,08-05-2024,248.62170
120841,quant Mid Cap Fund - Growth Option - Direct Plan,quant Mutual Fund,Open Ended Schemes,Equity Scheme - Mid Cap Fund,07-05-2024,246.49450
120841,quant Mid Cap Fund - Growth Option - Direct Plan,quant Mutual Fund,Open Ended Schemes,Equity Scheme - Mid Cap Fund,06-05-2024,252.00950
120841,quant Mid Cap Fund - Growth Option - Direct Plan,quant Mutual Fund,Open Ended Schemes,Equity Scheme - Mid Cap Fund,03-05-2024,254.94790
120841,quant Mid Cap Fund - Growth Option - Direct Plan,quant Mutual Fund,Open Ended Schemes,Equity Scheme - Mid Cap Fund,02-05-2024,255.20920
120841,quant Mid Cap Fund - Growth Option - Direct Plan,quant Mutual Fund,Open Ended Schemes,Equity Scheme - Mid Cap Fund,30-04-2024,252.92000
120841,quant Mid Cap Fund - Growth Option - Direct Plan,quant Mutual Fund,Open Ended Schemes,Equity Scheme - Mid Cap Fund,29-04-2024,252.89210
120841,quant Mid Cap Fund - Growth Option - Direct Plan,quant Mutual Fund,Open Ended Schemes,Equity Scheme - Mid Cap Fund,26-04-2024,254.03660
120841,quant Mid Cap Fund - Growth Option - Direct Plan,quant Mutual Fund,Open Ended Schemes,Equity Scheme - Mid Cap Fund,25-04-2024,249.70390
120841,quant Mid Cap Fund - Growth Option - Direct Plan,quant Mutual Fund,Open Ended Schemes,Equity Scheme - Mid Cap Fund,24-04-2024,247.17660
120841,quant Mid Cap Fund - Growth Option - Direct Plan,quant Mutual Fund,Open Ended Schemes,Equity Scheme - Mid Cap Fund,23-04-2024,244.58880
120841,quant Mid Cap Fund - Growth Option - Direct Plan,quant Mutual Fund,Open Ended Schemes,Equity Scheme - Mid Cap Fund,22-04-2024,242.42560
120841,quant Mid Cap Fund - Growth Option - Direct Plan,quant Mutual Fund,Open Ended Schemes,Equity Scheme - Mid Cap Fund,19-04-2024,240.65650
120841,quant Mid Cap Fund - Growth Option - Direct Plan,quant Mutual Fund,Open Ended Schemes,Equity Scheme - Mid Cap Fund,18-04-2024,241.63940
120841,quant Mid Cap Fund - Growth Option - Direct Plan,quant Mutual Fund,Open Ended Schemes,Equity Scheme - Mid Cap Fund,16-04-2024,240.65700
120841,quant Mid Cap Fund - Growth Option - Direct Plan,quant Mutual Fund,Open Ended Schemes,Equity Scheme - Mid Cap Fund,15-04-2024,239.86750
120841,quant Mid Cap Fund - Growth Option - Direct Plan,quant Mutual Fund,Open Ended Schemes,Equity Scheme - Mid Cap Fund,12-04-2024,242.79750
120841,quant Mid Cap Fund - Growth Option - Direct Plan,quant Mutual Fund,Open Ended Schemes,Equity Scheme - Mid Cap Fund,10-04-2024,244.73960
120841,quant Mid Cap Fund - Growth Option - Direct Plan,quant Mutual Fund,Open Ended Schemes,Equity Scheme - Mid Cap Fund,09-04-2024,242.32120
120841,quant Mid Cap Fund - Growth Option - Direct Plan,quant Mutual Fund,Open Ended Schemes,Equity Scheme - Mid Cap Fund,08-04-2024,242.68060
120841,quant Mid Cap Fund - Growth Option - Direct Plan,quant Mutual Fund,Open Ended Schemes,Equity Scheme - Mid Cap Fund,05-04-2024,242.78840
120841,quant Mid Cap Fund - Growth Option - Direct Plan,quant Mutual Fund,Open Ended Schemes,Equity Scheme - Mid Cap Fund,04-04-2024,242.47420
120841,quant Mid Cap Fund - Growth Option - Direct Plan,quant Mutual Fund,Open Ended Schemes,Equity Scheme - Mid Cap Fund,03-04-2024,243.22800
120841,quant Mid Cap Fund - Growth Option - Direct Plan,quant Mutual Fund,Open Ended Schemes,Equity Scheme - Mid Cap Fund,02-04-2024,240.26010
120841,quant Mid Cap Fund - Growth Option - Direct Plan,quant Mutual Fund,Open Ended Schemes,Equity Scheme - Mid Cap Fund,01-04-2024,237.44060
120841,quant Mid Cap Fund - Growth Option - Direct Plan,quant Mutual Fund,Open Ended Schemes,Equity Scheme - Mid Cap Fund,31-03-2024,233.21920
120841,quant Mid Cap Fund - Growth Option - Direct Plan,quant Mutual Fund,Open Ended Schemes,Equity Scheme - Mid Cap Fund,28-03-2024,233.22610
120841,quant Mid Cap Fund - Growth Option - Direct Plan,quant Mutual Fund,Open Ended Schemes,Equity Scheme - Mid Cap Fund,27-03-2024,231.29450
120841,quant Mid Cap Fund - Growth Option - Direct Plan,quant Mutual Fund,Open Ended Schemes,Equity Scheme - Mid Cap Fund,26-03-2024,230.49220
120841,quant Mid Cap Fund - Growth Option - Direct Plan,quant Mutual Fund,Open Ended Schemes,Equity Scheme - Mid Cap Fund,22-03-2024,228.67950
120841,quant Mid Cap Fund - Growth Option - Direct Plan,quant Mutual Fund,Open Ended Schemes,Equity Scheme - Mid Cap Fund,21-03-2024,228.50070
120841,quant Mid Cap Fund - Growth Option - Direct Plan,quant Mutual Fund,Open Ended Schemes,Equity Scheme - Mid Cap Fund,20-03-2024,224.08170
120841,quant Mid Cap Fund - Growth Option - Direct Plan,quant Mutual Fund,Open Ended Schemes,Equity Scheme - Mid Cap Fund,19-03-2024,223.28100
120841,quant Mid Cap Fund - Growth Option - Direct Plan,quant Mutual Fund,Open Ended Schemes,Equity Scheme - Mid Cap Fund,18-03-2024,227.50490
120841,quant Mid Cap Fund - Growth Option - Direct Plan,quant Mutual Fund,Open Ended Schemes,Equity Scheme - Mid Cap Fund,15-03-2024,223.94470
120841,quant Mid Cap Fund - Growth Option - Direct Plan,quant Mutual Fund,Open Ended Schemes,Equity Scheme - Mid Cap Fund,14-03-2024,226.11930
120841,quant Mid Cap Fund - Growth Option - Direct Plan,quant Mutual Fund,Open Ended Schemes,Equity Scheme - Mid Cap Fund,13-03-2024,222.22140
120841,quant Mid Cap Fund - Growth Option - Direct Plan,quant Mutual Fund,Open Ended Schemes,Equity Scheme - Mid Cap Fund,12-03-2024,233.84080
120841,quant Mid Cap Fund - Growth Option - Direct Plan,quant Mutual Fund,Open Ended Schemes,Equity Scheme - Mid Cap Fund,11-03-2024,235.01750
120841,quant Mid Cap Fund - Growth Option - Direct Plan,quant Mutual Fund,Open Ended Schemes,Equity Scheme - Mid Cap Fund,07-03-2024,236.22580
120841,quant Mid Cap Fund - Growth Option - Direct Plan,quant Mutual Fund,Open Ended Schemes,Equity Scheme - Mid Cap Fund,06-03-2024,235.96640
120841,quant Mid Cap Fund - Growth Option - Direct Plan,quant Mutual Fund,Open Ended Schemes,Equity Scheme - Mid Cap Fund,05-03-2024,237.78500
120841,quant Mid Cap Fund - Growth Option - Direct Plan,quant Mutual Fund,Open Ended Schemes,Equity Scheme - Mid Cap Fund,04-03-2024,237.42780
120841,quant Mid Cap Fund - Growth Option - Direct Plan,quant Mutual Fund,Open Ended Schemes,Equity Scheme - Mid Cap Fund,01-03-2024,231.81630
120841,quant Mid Cap Fund - Growth Option - Direct Plan,quant Mutual Fund,Open Ended Schemes,Equity Scheme - Mid Cap Fund,29-02-2024,228.31540
120841,quant Mid Cap Fund - Growth Option - Direct Plan,quant Mutual Fund,Open Ended Schemes,Equity Scheme - Mid Cap Fund,28-02-2024,227.15510
120841,quant Mid Cap Fund - Growth Option - Direct Plan,quant Mutual Fund,Open Ended Schemes,Equity Scheme - Mid Cap Fund,27-02-2024,230.42110
120841,quant Mid Cap Fund - Growth Option - Direct Plan,quant Mutual Fund,Open Ended Schemes,Equity Scheme - Mid Cap Fund,26-02-2024,231.87950
120841,quant Mid Cap Fund - Growth Option - Direct Plan,quant Mutual Fund,Open Ended Schemes,Equity Scheme - Mid Cap Fund,23-02-2024,233.06100
120841,quant Mid Cap Fund - Growth Option - Direct Plan,quant Mutual Fund,Open Ended Schemes,Equity Scheme - Mid Cap Fund,22-02-2024,232.50250
120841,quant Mid Cap Fund - Growth Option - Direct Plan,quant Mutual Fund,Open Ended Schemes,Equity Scheme - Mid Cap Fund,21-02-2024,229.83520
120841,quant Mid Cap Fund - Growth Option - Direct Plan,quant Mutual Fund,Open Ended Schemes,Equity Scheme - Mid Cap Fund,20-02-2024,232.85860
120841,quant Mid Cap Fund - Growth Option - Direct Plan,quant Mutual Fund,Open Ended Schemes,Equity Scheme - Mid Cap Fund,19-02-2024,233.20580
120841,quant Mid Cap Fund - Growth Option - Direct Plan,quant Mutual Fund,Open Ended Schemes,Equity Scheme - Mid Cap Fund,16-02-2024,231.42920
120841,quant Mid Cap Fund - Growth Option - Direct Plan,quant Mutual Fund,Open Ended Schemes,Equity Scheme - Mid Cap Fund,15-02-2024,230.83690
120841,quant Mid Cap Fund - Growth Option - Direct Plan,quant Mutual Fund,Open Ended Schemes,Equity Scheme - Mid Cap Fund,14-02-2024,226.86670
120841,quant Mid Cap Fund - Growth Option - Direct Plan,quant Mutual Fund,Open Ended Schemes,Equity Scheme - Mid Cap Fund,13-02-2024,224.63300
120841,quant Mid Cap Fund - Growth Option - Direct Plan,quant Mutual Fund,Open Ended Schemes,Equity Scheme - Mid Cap Fund,12-02-2024,223.66980
120841,quant Mid Cap Fund - Growth Option - Direct Plan,quant Mutual Fund,Open Ended Schemes,Equity Scheme - Mid Cap Fund,09-02-2024,229.71800
120841,quant Mid Cap Fund - Growth Option - Direct Plan,quant Mutual Fund,Open Ended Schemes,Equity Scheme - Mid Cap Fund,08-02-2024,230.75310
120841,quant Mid Cap Fund - Growth Option - Direct Plan,quant Mutual Fund,Open Ended Schemes,Equity Scheme - Mid Cap Fund,07-02-2024,230.50550
120841,quant Mid Cap Fund - Growth Option - Direct Plan,quant Mutual Fund,Open Ended Schemes,Equity Scheme - Mid Cap Fund,06-02-2024,229.70840
120841,quant Mid Cap Fund - Growth Option - Direct Plan,quant Mutual Fund,Open Ended Schemes,Equity Scheme - Mid Cap Fund,05-02-2024,227.47100
120841,quant Mid Cap Fund - Growth Option - Direct Plan,quant Mutual Fund,Open Ended Schemes,Equity Scheme - Mid Cap Fund,02-02-2024,224.80780
120841,quant Mid Cap Fund - Growth Option - Direct Plan,quant Mutual Fund,Open Ended Schemes,Equity Scheme - Mid Cap Fund,01-02-2024,221.54250
120841,quant Mid Cap Fund - Growth Option - Direct Plan,quant Mutual Fund,Open Ended Schemes,Equity Scheme - Mid Cap Fund,31-01-2024,222.49220
120841,quant Mid Cap Fund - Growth Option - Direct Plan,quant Mutual Fund,Open Ended Schemes,Equity Scheme - Mid Cap Fund,30-01-2024,220.03280
120841,quant Mid Cap Fund - Growth Option - Direct Plan,quant Mutual Fund,Open Ended Schemes,Equity Scheme - Mid Cap Fund,29-01-2024,221.22430
120841,quant Mid Cap Fund - Growth Option - Direct Plan,quant Mutual Fund,Open Ended Schemes,Equity Scheme - Mid Cap Fund,25-01-2024,216.49880
120841,quant Mid Cap Fund - Growth Option - Direct Plan,quant Mutual Fund,Open Ended Schemes,Equity Scheme - Mid Cap Fund,24-01-2024,214.26400
120841,quant Mid Cap Fund - Growth Option - Direct Plan,quant Mutual Fund,Open Ended Schemes,Equity Scheme - Mid Cap Fund,23-01-2024,210.75290
120841,quant Mid Cap Fund - Growth Option - Direct Plan,quant Mutual Fund,Open Ended Schemes,Equity Scheme - Mid Cap Fund,19-01-2024,217.17910
120841,quant Mid Cap Fund - Growth Option - Direct Plan,quant Mutual Fund,Open Ended Schemes,Equity Scheme - Mid Cap Fund,18-01-2024,212.89680
120841,quant Mid Cap Fund - Growth Option - Direct Plan,quant Mutual Fund,Open Ended Schemes,Equity Scheme - Mid Cap Fund,17-01-2024,209.52560
120841,quant Mid Cap Fund - Growth Option - Direct Plan,quant Mutual Fund,Open Ended Schemes,Equity Scheme - Mid Cap Fund,16-01-2024,212.26060
120841,quant Mid Cap Fund - Growth Option - Direct Plan,quant Mutual Fund,Open Ended Schemes,Equity Scheme - Mid Cap Fund,15-01-2024,213.85480
120841,quant Mid Cap Fund - Growth Option - Direct Plan,quant Mutual Fund,Open Ended Schemes,Equity Scheme - Mid Cap Fund,12-01-2024,211.13790
120841,quant Mid Cap Fund - Growth Option - Direct Plan,quant Mutual Fund,Open Ended Schemes,Equity Scheme - Mid Cap Fund,11-01-2024,210.03250
120841,quant Mid Cap Fund - Growth Option - Direct Plan,quant Mutual Fund,Open Ended Schemes,Equity Scheme - Mid Cap Fund,10-01-2024,208.83340
120841,quant Mid Cap Fund - Growth Option - Direct Plan,quant Mutual Fund,Open Ended Schemes,Equity Scheme - Mid Cap Fund,09-01-2024,208.27460
120841,quant Mid Cap Fund - Growth Option - Direct Plan,quant Mutual Fund,Open Ended Schemes,Equity Scheme - Mid Cap Fund,08-01-2024,207.54490
120841,quant Mid Cap Fund - Growth Option - Direct Plan,quant Mutual Fund,Open Ended Schemes,Equity Scheme - Mid Cap Fund,05-01-2024,210.16490
120841,quant Mid Cap Fund - Growth Option - Direct Plan,quant Mutual Fund,Open Ended Schemes,Equity Scheme - Mid Cap Fund,04-01-2024,210.04400
120841,quant Mid Cap Fund - Growth Option - Direct Plan,quant Mutual Fund,Open Ended Schemes,Equity Scheme - Mid Cap Fund,03-01-2024,207.24250
120841,quant Mid Cap Fund - Growth Option - Direct Plan,quant Mutual Fund,Open Ended Schemes,Equity Scheme - Mid Cap Fund,02-01-2024,206.99200
120841,quant Mid Cap Fund - Growth Option - Direct Plan,quant Mutual Fund,Open Ended Schemes,Equity Scheme - Mid Cap Fund,01-01-2024,205.90270
120841,quant Mid Cap Fund - Growth Option - Direct Plan,quant Mutual Fund,Open Ended Schemes,Equity Scheme - Mid Cap Fund,29-12-2023,204.95280
120841,quant Mid Cap Fund - Growth Option - Direct Plan,quant Mutual Fund,Open Ended Schemes,Equity Scheme - Mid Cap Fund,28-12-2023,204.99050
120841,quant Mid Cap Fund - Growth Option - Direct Plan,quant Mutual Fund,Open Ended Schemes,Equity Scheme - Mid Cap Fund,27-12-2023,201.62360
120841,quant Mid Cap Fund - Growth Option - Direct Plan,quant Mutual Fund,Open Ended Schemes,Equity Scheme - Mid Cap Fund,26-12-2023,201.27010
120841,quant Mid Cap Fund - Growth Option - Direct Plan,quant Mutual Fund,Open Ended Schemes,Equity Scheme - Mid Cap Fund,22-12-2023,200.71160
120841,quant Mid Cap Fund - Growth Option - Direct Plan,quant Mutual Fund,Open Ended Schemes,Equity Scheme - Mid Cap Fund,21-12-2023,200.36010
120841,quant Mid Cap Fund - Growth Option - Direct Plan,quant Mutual Fund,Open Ended Schemes,Equity Scheme - Mid Cap Fund,20-12-2023,195.59660
120841,quant Mid Cap Fund - Growth Option - Direct Plan,quant Mutual Fund,Open Ended Schemes,Equity Scheme - Mid Cap Fund,19-12-2023,202.10360
120841,quant Mid Cap Fund - Growth Option - Direct Plan,quant Mutual Fund,Open Ended Schemes,Equity Scheme - Mid Cap Fund,18-12-2023,202.51170
120841,quant Mid Cap Fund - Growth Option - Direct Plan,quant Mutual Fund,Open Ended Schemes,Equity Scheme - Mid Cap Fund,15-12-2023,201.55990
120841,quant Mid Cap Fund - Growth Option - Direct Plan,quant Mutual Fund,Open Ended Schemes,Equity Scheme - Mid Cap Fund,14-12-2023,200.32660
120841,quant Mid Cap Fund - Growth Option - Direct Plan,quant Mutual Fund,Open Ended Schemes,Equity Scheme - Mid Cap Fund,13-12-2023,198.10830
120841,quant Mid Cap Fund - Growth Option - Direct Plan,quant Mutual Fund,Open Ended Schemes,Equity Scheme - Mid Cap Fund,12-12-2023,197.35960
120841,quant Mid Cap Fund - Growth Option - Direct Plan,quant Mutual Fund,Open Ended Schemes,Equity Scheme - Mid Cap Fund,11-12-2023,199.03500
120841,quant Mid Cap Fund - Growth Option - Direct Plan,quant Mutual Fund,Open Ended Schemes,Equity Scheme - Mid Cap Fund,08-12-2023,197.99550
120841,quant Mid Cap Fund - Growth Option - Direct Plan,quant Mutual Fund,Open Ended Schemes,Equity Scheme - Mid Cap Fund,07-12-2023,200.40170
120841,quant Mid Cap Fund - Growth Option - Direct Plan,quant Mutual Fund,Open Ended Schemes,Equity Scheme - Mid Cap Fund,06-12-2023,198.88360
120841,quant Mid Cap Fund - Growth Option - Direct Plan,quant Mutual Fund,Open Ended Schemes,Equity Scheme - Mid Cap Fund,05-12-2023,198.57210
120841,quant Mid Cap Fund - Growth Option - Direct Plan,quant Mutual Fund,Open Ended Schemes,Equity Scheme - Mid Cap Fund,04-12-2023,197.15940
120841,quant Mid Cap Fund - Growth Option - Direct Plan,quant Mutual Fund,Open Ended Schemes,Equity Scheme - Mid Cap Fund,01-12-2023,195.43070
120841,quant Mid Cap Fund - Growth Option - Direct Plan,quant Mutual Fund,Open Ended Schemes,Equity Scheme - Mid Cap Fund,30-11-2023,193.11750
120841,quant Mid Cap Fund - Growth Option - Direct Plan,quant Mutual Fund,Open Ended Schemes,Equity Scheme - Mid Cap Fund,29-11-2023,191.43740
120841,quant Mid Cap Fund - Growth Option - Direct Plan,quant Mutual Fund,Open Ended Schemes,Equity Scheme - Mid Cap Fund,28-11-2023,190.12360
120841,quant Mid Cap Fund - Growth Option - Direct Plan,quant Mutual Fund,Open Ended Schemes,Equity Scheme - Mid Cap Fund,24-11-2023,188.39070
120841,quant Mid Cap Fund - Growth Option - Direct Plan,quant Mutual Fund,Open Ended Schemes,Equity Scheme - Mid Cap Fund,23-11-2023,187.29640
120841,quant Mid Cap Fund - Growth Option - Direct Plan,quant Mutual Fund,Open Ended Schemes,Equity Scheme - Mid Cap Fund,22-11-2023,187.70580
120841,quant Mid Cap Fund - Growth Option - Direct Plan,quant Mutual Fund,Open Ended Schemes,Equity Scheme - Mid Cap Fund,21-11-2023,187.93690
120841,quant Mid Cap Fund - Growth Option - Direct Plan,quant Mutual Fund,Open Ended Schemes,Equity Scheme - Mid Cap Fund,20-11-2023,187.46190
120841,quant Mid Cap Fund - Growth Option - Direct Plan,quant Mutual Fund,Open Ended Schemes,Equity Scheme - Mid Cap Fund,17-11-2023,187.89880
120841,quant Mid Cap Fund - Growth Option - Direct Plan,quant Mutual Fund,Open Ended Schemes,Equity Scheme - Mid Cap Fund,16-11-2023,188.05600
120841,quant Mid Cap Fund - Growth Option - Direct Plan,quant Mutual Fund,Open Ended Schemes,Equity Scheme - Mid Cap Fund,15-11-2023,186.28440
120841,quant Mid Cap Fund - Growth Option - Direct Plan,quant Mutual Fund,Open Ended Schemes,Equity Scheme - Mid Cap Fund,13-11-2023,185.98120
120841,quant Mid Cap Fund - Growth Option - Direct Plan,quant Mutual Fund,Open Ended Schemes,Equity Scheme - Mid Cap Fund,10-11-2023,184.57930
120841,quant Mid Cap Fund - Growth Option - Direct Plan,quant Mutual Fund,Open Ended Schemes,Equity Scheme - Mid Cap Fund,09-11-2023,184.04950
120841,quant Mid Cap Fund - Growth Option - Direct Plan,quant Mutual Fund,Open Ended Schemes,Equity Scheme - Mid Cap Fund,08-11-2023,184.49270
120841,quant Mid Cap Fund - Growth Option - Direct Plan,quant Mutual Fund,Open Ended Schemes,Equity Scheme - Mid Cap Fund,07-11-2023,182.92010
120841,quant Mid Cap Fund - Growth Option - Direct Plan,quant Mutual Fund,Open Ended Schemes,Equity Scheme - Mid Cap Fund,06-11-2023,182.06350
120841,quant Mid Cap Fund - Growth Option - Direct Plan,quant Mutual Fund,Open Ended Schemes,Equity Scheme - Mid Cap Fund,03-11-2023,180.47610
120841,quant Mid Cap Fund - Growth Option - Direct Plan,quant Mutual Fund,Open Ended Schemes,Equity Scheme - Mid Cap Fund,02-11-2023,179.98860
120841,quant Mid Cap Fund - Growth Option - Direct Plan,quant Mutual Fund,Open Ended Schemes,Equity Scheme - Mid Cap Fund,01-11-2023,176.66550
120841,quant Mid Cap Fund - Growth Option - Direct Plan,quant Mutual Fund,Open Ended Schemes,Equity Scheme - Mid Cap Fund,31-10-2023,176.47230
120841,quant Mid Cap Fund - Growth Option - Direct Plan,quant Mutual Fund,Open Ended Schemes,Equity Scheme - Mid Cap Fund,30-10-2023,176.37260
120841,quant Mid Cap Fund - Growth Option - Direct Plan,quant Mutual Fund,Open Ended Schemes,Equity Scheme - Mid Cap Fund,27-10-2023,175.78870
120841,quant Mid Cap Fund - Growth Option - Direct Plan,quant Mutual Fund,Open Ended Schemes,Equity Scheme - Mid Cap Fund,26-10-2023,173.63020
120841,quant Mid Cap Fund - Growth Option - Direct Plan,quant Mutual Fund,Open Ended Schemes,Equity Scheme - Mid Cap Fund,25-10-2023,174.65330
120841,quant Mid Cap Fund - Growth Option - Direct Plan,quant Mutual Fund,Open Ended Schemes,Equity Scheme - Mid Cap Fund,23-10-2023,175.63220
120841,quant Mid Cap Fund - Growth Option - Direct Plan,quant Mutual Fund,Open Ended Schemes,Equity Scheme - Mid Cap Fund,20-10-2023,180.27280
120841,quant Mid Cap Fund - Growth Option - Direct Plan,quant Mutual Fund,Open Ended Schemes,Equity Scheme - Mid Cap Fund,19-10-2023,182.87280
120841,quant Mid Cap Fund - Growth Option - Direct Plan,quant Mutual Fund,Open Ended Schemes,Equity Scheme - Mid Cap Fund,18-10-2023,182.61420
120841,quant Mid Cap Fund - Growth Option - Direct Plan,quant Mutual Fund,Open Ended Schemes,Equity Scheme - Mid Cap Fund,17-10-2023,184.71530
120841,quant Mid Cap Fund - Growth Option - Direct Plan,quant Mutual Fund,Open Ended Schemes,Equity Scheme - Mid Cap Fund,16-10-2023,184.13220
120841,quant Mid Cap Fund - Growth Option - Direct Plan,quant Mutual Fund,Open Ended Schemes,Equity Scheme - Mid Cap Fund,13-10-2023,183.72320
120841,quant Mid Cap Fund - Growth Option - Direct Plan,quant Mutual Fund,Open Ended Schemes,Equity Scheme - Mid Cap Fund,12-10-2023,184.69350
120841,quant Mid Cap Fund - Growth Option - Direct Plan,quant Mutual Fund,Open Ended Schemes,Equity Scheme - Mid Cap Fund,11-10-2023,181.70820
120841,quant Mid Cap Fund - Growth Option - Direct Plan,quant Mutual Fund,Open Ended Schemes,Equity Scheme - Mid Cap Fund,10-10-2023,180.44850
120841,quant Mid Cap Fund - Growth Option - Direct Plan,quant Mutual Fund,Open Ended Schemes,Equity Scheme - Mid Cap Fund,09-10-2023,177.67780
120841,quant Mid Cap Fund - Growth Option - Direct Plan,quant Mutual Fund,Open Ended Schemes,Equity Scheme - Mid Cap Fund,06-10-2023,180.12730
120841,quant Mid Cap Fund - Growth Option - Direct Plan,quant Mutual Fund,Open Ended Schemes,Equity Scheme - Mid Cap Fund,05-10-2023,179.35140
120841,quant Mid Cap Fund - Growth Option - Direct Plan,quant Mutual Fund,Open Ended Schemes,Equity Scheme - Mid Cap Fund,04-10-2023,179.60640
120841,quant Mid Cap Fund - Growth Option - Direct Plan,quant Mutual Fund,Open Ended Schemes,Equity Scheme - Mid Cap Fund,03-10-2023,182.32460
120841,quant Mid Cap Fund - Growth Option - Direct Plan,quant Mutual Fund,Open Ended Schemes,Equity Scheme - Mid Cap Fund,29-09-2023,182.32110
120841,quant Mid Cap Fund - Growth Option - Direct Plan,quant Mutual Fund,Open Ended Schemes,Equity Scheme - Mid Cap Fund,27-09-2023,182.19940
120841,quant Mid Cap Fund - Growth Option - Direct Plan,quant Mutual Fund,Open Ended Schemes,Equity Scheme - Mid Cap Fund,26-09-2023,180.70820
120841,quant Mid Cap Fund - Growth Option - Direct Plan,quant Mutual Fund,Open Ended Schemes,Equity Scheme - Mid Cap Fund,25-09-2023,180.21270
120841,quant Mid Cap Fund - Growth Option - Direct Plan,quant Mutual Fund,Open Ended Schemes,Equity Scheme - Mid Cap Fund,22-09-2023,178.42280
120841,quant Mid Cap Fund - Growth Option - Direct Plan,quant Mutual Fund,Open Ended Schemes,Equity Scheme - Mid Cap Fund,21-09-2023,178.71280
120841,quant Mid Cap Fund - Growth Option - Direct Plan,quant Mutual Fund,Open Ended Schemes,Equity Scheme - Mid Cap Fund,20-09-2023,179.80080
120841,quant Mid Cap Fund - Growth Option - Direct Plan,quant Mutual Fund,Open Ended Schemes,Equity Scheme - Mid Cap Fund,18-09-2023,181.39550
120841,quant Mid Cap Fund - Growth Option - Direct Plan,quant Mutual Fund,Open Ended Schemes,Equity Scheme - Mid Cap Fund,15-09-2023,181.82060
120841,quant Mid Cap Fund - Growth Option - Direct Plan,quant Mutual Fund,Open Ended Schemes,Equity Scheme - Mid Cap Fund,14-09-2023,181.77950
120841,quant Mid Cap Fund - Growth Option - Direct Plan,quant Mutual Fund,Open Ended Schemes,Equity Scheme - Mid Cap Fund,13-09-2023,180.75730
120841,quant Mid Cap Fund - Growth Option - Direct Plan,quant Mutual Fund,Open Ended Schemes,Equity Scheme - Mid Cap Fund,12-09-2023,178.53770
120841,quant Mid Cap Fund - Growth Option - Direct Plan,quant Mutual Fund,Open Ended Schemes,Equity Scheme - Mid Cap Fund,11-09-2023,182.70230
120841,quant Mid Cap Fund - Growth Option - Direct Plan,quant Mutual Fund,Open Ended Schemes,Equity Scheme - Mid Cap Fund,08-09-2023,180.53120
120841,quant Mid Cap Fund - Growth Option - Direct Plan,quant Mutual Fund,Open Ended Schemes,Equity Scheme - Mid Cap Fund,07-09-2023,179.06150
120841,quant Mid Cap Fund - Growth Option - Direct Plan,quant Mutual Fund,Open Ended Schemes,Equity Scheme - Mid Cap Fund,06-09-2023,178.45060
120841,quant Mid Cap Fund - Growth Option - Direct Plan,quant Mutual Fund,Open Ended Schemes,Equity Scheme - Mid Cap Fund,05-09-2023,179.15310
120841,quant Mid Cap Fund - Growth Option - Direct Plan,quant Mutual Fund,Open Ended Schemes,Equity Scheme - Mid Cap Fund,04-09-2023,177.59600
120841,quant Mid Cap Fund - Growth Option - Direct Plan,quant Mutual Fund,Open Ended Schemes,Equity Scheme - Mid Cap Fund,01-09-2023,175.35290
120841,quant Mid Cap Fund - Growth Option - Direct Plan,quant Mutual Fund,Open Ended Schemes,Equity Scheme - Mid Cap Fund,31-08-2023,172.72570
120841,quant Mid Cap Fund - Growth Option - Direct Plan,quant Mutual Fund,Open Ended Schemes,Equity Scheme - Mid Cap Fund,30-08-2023,172.87890
120841,quant Mid Cap Fund - Growth Option - Direct Plan,quant Mutual Fund,Open Ended Schemes,Equity Scheme - Mid Cap Fund,29-08-2023,171.74310
120841,quant Mid Cap Fund - Growth Option - Direct Plan,quant Mutual Fund,Open Ended Schemes,Equity Scheme - Mid Cap Fund,28-08-2023,171.58600
120841,quant Mid Cap Fund - Growth Option - Direct Plan,quant Mutual Fund,Open Ended Schemes,Equity Scheme - Mid Cap Fund,25-08-2023,170.41030
120841,quant Mid Cap Fund - Growth Option - Direct Plan,quant Mutual Fund,Open Ended Schemes,Equity Scheme - Mid Cap Fund,24-08-2023,171.31850
120841,quant Mid Cap Fund - Growth Option - Direct Plan,quant Mutual Fund,Open Ended Schemes,Equity Scheme - Mid Cap Fund,23-08-2023,172.38170
120841,quant Mid Cap Fund - Growth Option - Direct Plan,quant Mutual Fund,Open Ended Schemes,Equity Scheme - Mid Cap Fund,22-08-2023,172.45170
120841,quant Mid Cap Fund - Growth Option - Direct Plan,quant Mutual Fund,Open Ended Schemes,Equity Scheme - Mid Cap Fund,21-08-2023,171.14400
120841,quant Mid Cap Fund - Growth Option - Direct Plan,quant Mutual Fund,Open Ended Schemes,Equity Scheme - Mid Cap Fund,18-08-2023,170.25420
120841,quant Mid Cap Fund - Growth Option - Direct Plan,quant Mutual Fund,Open Ended Schemes,Equity Scheme - Mid Cap Fund,17-08-2023,170.28750
120841,quant Mid Cap Fund - Growth Option - Direct Plan,quant Mutual Fund,Open Ended Schemes,Equity Scheme - Mid Cap Fund,16-08-2023,169.97280
120841,quant Mid Cap Fund - Growth Option - Direct Plan,quant Mutual Fund,Open Ended Schemes,Equity Scheme - Mid Cap Fund,14-08-2023,169.37510
120841,quant Mid Cap Fund - Growth Option - Direct Plan,quant Mutual Fund,Open Ended Schemes,Equity Scheme - Mid Cap Fund,11-08-2023,170.06360
120841,quant Mid Cap Fund - Growth Option - Direct Plan,quant Mutual Fund,Open Ended Schemes,Equity Scheme - Mid Cap Fund,10-08-2023,170.75990
120841,quant Mid Cap Fund - Growth Option - Direct Plan,quant Mutual Fund,Open Ended Schemes,Equity Scheme - Mid Cap Fund,09-08-2023,170.32860
120841,quant Mid Cap Fund - Growth Option - Direct Plan,quant Mutual Fund,Open Ended Schemes,Equity Scheme - Mid Cap Fund,08-08-2023,169.60700
120841,quant Mid Cap Fund - Growth Option - Direct Plan,quant Mutual Fund,Open Ended Schemes,Equity Scheme - Mid Cap Fund,07-08-2023,168.90460
120841,quant Mid Cap Fund - Growth Option - Direct Plan,quant Mutual Fund,Open Ended Schemes,Equity Scheme - Mid Cap Fund,04-08-2023,168.02840
120841,quant Mid Cap Fund - Growth Option - Direct Plan,quant Mutual Fund,Open Ended Schemes,Equity Scheme - Mid Cap Fund,03-08-2023,167.61710
120841,quant Mid Cap Fund - Growth Option - Direct Plan,quant Mutual Fund,Open Ended Schemes,Equity Scheme - Mid Cap Fund,02-08-2023,167.22170
120841,quant Mid Cap Fund - Growth Option - Direct Plan,quant Mutual Fund,Open Ended Schemes,Equity Scheme - Mid Cap Fund,01-08-2023,170.48700
120841,quant Mid Cap Fund - Growth Option - Direct Plan,quant Mutual Fund,Open Ended Schemes,Equity Scheme - Mid Cap Fund,31-07-2023,171.12200
120841,quant Mid Cap Fund - Growth Option - Direct Plan,quant Mutual Fund,Open Ended Schemes,Equity Scheme - Mid Cap Fund,28-07-2023,170.60530
120841,quant Mid Cap Fund - Growth Option - Direct Plan,quant Mutual Fund,Open Ended Schemes,Equity Scheme - Mid Cap Fund,27-07-2023,169.30050
120841,quant Mid Cap Fund - Growth Option - Direct Plan,quant Mutual Fund,Open Ended Schemes,Equity Scheme - Mid Cap Fund,26-07-2023,168.31660
120841,quant Mid Cap Fund - Growth Option - Direct Plan,quant Mutual Fund,Open Ended Schemes,Equity Scheme - Mid Cap Fund,25-07-2023,165.26900
120841,quant Mid Cap Fund - Growth Option - Direct Plan,quant Mutual Fund,Open Ended Schemes,Equity Scheme - Mid Cap Fund,24-07-2023,164.44360
120841,quant Mid Cap Fund - Growth Option - Direct Plan,quant Mutual Fund,Open Ended Schemes,Equity Scheme - Mid Cap Fund,21-07-2023,164.27070
120841,quant Mid Cap Fund - Growth Option - Direct Plan,quant Mutual Fund,Open Ended Schemes,Equity Scheme - Mid Cap Fund,20-07-2023,164.83060
120841,quant Mid Cap Fund - Growth Option - Direct Plan,quant Mutual Fund,Open Ended Schemes,Equity Scheme - Mid Cap Fund,19-07-2023,164.09550
120841,quant Mid Cap Fund - Growth Option - Direct Plan,quant Mutual Fund,Open Ended Schemes,Equity Scheme - Mid Cap Fund,18-07-2023,162.77160
120841,quant Mid Cap Fund - Growth Option - Direct Plan,quant Mutual Fund,Open Ended Schemes,Equity Scheme - Mid Cap Fund,17-07-2023,163.20760
120841,quant Mid Cap Fund - Growth Option - Direct Plan,quant Mutual Fund,Open Ended Schemes,Equity Scheme - Mid Cap Fund,14-07-2023,161.93010
120841,quant Mid Cap Fund - Growth Option - Direct Plan,quant Mutual Fund,Open Ended Schemes,Equity Scheme - Mid Cap Fund,13-07-2023,159.80870
120841,quant Mid Cap Fund - Growth Option - Direct Plan,quant Mutual Fund,Open Ended Schemes,Equity Scheme - Mid Cap Fund,12-07-2023,161.54150
120841,quant Mid Cap Fund - Growth Option - Direct Plan,quant Mutual Fund,Open Ended Schemes,Equity Scheme - Mid Cap Fund,11-07-2023,161.05700
120841,quant Mid Cap Fund - Growth Option - Direct Plan,quant Mutual Fund,Open Ended Schemes,Equity Scheme - Mid Cap Fund,10-07-2023,160.03430
120841,quant Mid Cap Fund - Growth Option - Direct Plan,quant Mutual Fund,Open Ended Schemes,Equity Scheme - Mid Cap Fund,07-07-2023,160.18350
120841,quant Mid Cap Fund - Growth Option - Direct Plan,quant Mutual Fund,Open Ended Schemes,Equity Scheme - Mid Cap Fund,06-07-2023,160.49790
120841,quant Mid Cap Fund - Growth Option - Direct Plan,quant Mutual Fund,Open Ended Schemes,Equity Scheme - Mid Cap Fund,05-07-2023,159.31000
120841,quant Mid Cap Fund - Growth Option - Direct Plan,quant Mutual Fund,Open Ended Schemes,Equity Scheme - Mid Cap Fund,04-07-2023,158.42540
120841,quant Mid Cap Fund - Growth Option - Direct Plan,quant Mutual Fund,Open Ended Schemes,Equity Scheme - Mid Cap Fund,03-07-2023,158.39860
120841,quant Mid Cap Fund - Growth Option - Direct Plan,quant Mutual Fund,Open Ended Schemes,Equity Scheme - Mid Cap Fund,30-06-2023,156.87760
120841,quant Mid Cap Fund - Growth Option - Direct Plan,quant Mutual Fund,Open Ended Schemes,Equity Scheme - Mid Cap Fund,28-06-2023,155.69110
120841,quant Mid Cap Fund - Growth Option - Direct Plan,quant Mutual Fund,Open Ended Schemes,Equity Scheme - Mid Cap Fund,27-06-2023,154.69070
120841,quant Mid Cap Fund - Growth Option - Direct Plan,quant Mutual Fund,Open Ended Schemes,Equity Scheme - Mid Cap Fund,26-06-2023,153.89630
120841,quant Mid Cap Fund - Growth Option - Direct Plan,quant Mutual Fund,Open Ended Schemes,Equity Scheme - Mid Cap Fund,23-06-2023,153.18750
120841,quant Mid Cap Fund - Growth Option - Direct Plan,quant Mutual Fund,Open Ended Schemes,Equity Scheme - Mid Cap Fund,22-06-2023,154.55860
120841,quant Mid Cap Fund - Growth Option - Direct Plan,quant Mutual Fund,Open Ended Schemes,Equity Scheme - Mid Cap Fund,21-06-2023,156.35350
120841,quant Mid Cap Fund - Growth Option - Direct Plan,quant Mutual Fund,Open Ended Schemes,Equity Scheme - Mid Cap Fund,20-06-2023,154.95880
120841,quant Mid Cap Fund - Growth Option - Direct Plan,quant Mutual Fund,Open Ended Schemes,Equity Scheme - Mid Cap Fund,19-06-2023,154.57520
120841,quant Mid Cap Fund - Growth Option - Direct Plan,quant Mutual Fund,Open Ended Schemes,Equity Scheme - Mid Cap Fund,16-06-2023,154.80560
120841,quant Mid Cap Fund - Growth Option - Direct Plan,quant Mutual Fund,Open Ended Schemes,Equity Scheme - Mid Cap Fund,15-06-2023,153.69120
120841,quant Mid Cap Fund - Growth Option - Direct Plan,quant Mutual Fund,Open Ended Schemes,Equity Scheme - Mid Cap Fund,14-06-2023,154.35170
120841,quant Mid Cap Fund - Growth Option - Direct Plan,quant Mutual Fund,Open Ended Schemes,Equity Scheme - Mid Cap Fund,13-06-2023,153.76760
120841,quant Mid Cap Fund - Growth Option - Direct Plan,quant Mutual Fund,Open Ended Schemes,Equity Scheme - Mid Cap Fund,12-06-2023,151.32190
120841,quant Mid Cap Fund - Growth Option - Direct Plan,quant Mutual Fund,Open Ended Schemes,Equity Scheme - Mid Cap Fund,09-06-2023,150.49850
120841,quant Mid Cap Fund - Growth Option - Direct Plan,quant Mutual Fund,Open Ended Schemes,Equity Scheme - Mid Cap Fund,08-06-2023,150.47920
120841,quant Mid Cap Fund - Growth Option - Direct Plan,quant Mutual Fund,Open Ended Schemes,Equity Scheme - Mid Cap Fund,07-06-2023,151.55830
120841,quant Mid Cap Fund - Growth Option - Direct Plan,quant Mutual Fund,Open Ended Schemes,Equity Scheme - Mid Cap Fund,06-06-2023,149.95410
120841,quant Mid Cap Fund - Growth Option - Direct Plan,quant Mutual Fund,Open Ended Schemes,Equity Scheme - Mid Cap Fund,05-06-2023,149.87710
120841,quant Mid Cap Fund - Growth Option - Direct Plan,quant Mutual Fund,Open Ended Schemes,Equity Scheme - Mid Cap Fund,02-06-2023,149.27490
120841,quant Mid Cap Fund - Growth Option - Direct Plan,quant Mutual Fund,Open Ended Schemes,Equity Scheme - Mid Cap Fund,01-06-2023,148.82140
120841,quant Mid Cap Fund - Growth Option - Direct Plan,quant Mutual Fund,Open Ended Schemes,Equity Scheme - Mid Cap Fund,31-05-2023,148.25210
120841,quant Mid Cap Fund - Growth Option - Direct Plan,quant Mutual Fund,Open Ended Schemes,Equity Scheme - Mid Cap Fund,30-05-2023,148.25810
120841,quant Mid Cap Fund - Growth Option - Direct Plan,quant Mutual Fund,Open Ended Schemes,Equity Scheme - Mid Cap Fund,29-05-2023,147.21310
120841,quant Mid Cap Fund - Growth Option - Direct Plan,quant Mutual Fund,Open Ended Schemes,Equity Scheme - Mid Cap Fund,26-05-2023,146.99070
120841,quant Mid Cap Fund - Growth Option - Direct Plan,quant Mutual Fund,Open Ended Schemes,Equity Scheme - Mid Cap Fund,25-05-2023,145.57900
120841,quant Mid Cap Fund - Growth Option - Direct Plan,quant Mutual Fund,Open Ended Schemes,Equity Scheme - Mid Cap Fund,24-05-2023,145.20010
120841,quant Mid Cap Fund - Growth Option - Direct Plan,quant Mutual Fund,Open Ended Schemes,Equity Scheme - Mid Cap Fund,23-05-2023,145.29430
120841,quant Mid Cap Fund - Growth Option - Direct Plan,quant Mutual Fund,Open Ended Schemes,Equity Scheme - Mid Cap Fund,22-05-2023,145.29820
120841,quant Mid Cap Fund - Growth Option - Direct Plan,quant Mutual Fund,Open Ended Schemes,Equity Scheme - Mid Cap Fund,19-05-2023,144.58520
120841,quant Mid Cap Fund - Growth Option - Direct Plan,quant Mutual Fund,Open Ended Schemes,Equity Scheme - Mid Cap Fund,18-05-2023,144.55640
120841,quant Mid Cap Fund - Growth Option - Direct Plan,quant Mutual Fund,Open Ended Schemes,Equity Scheme - Mid Cap Fund,17-05-2023,145.54360
120841,quant Mid Cap Fund - Growth Option - Direct Plan,quant Mutual Fund,Open Ended Schemes,Equity Scheme - Mid Cap Fund,16-05-2023,146.00160
120841,quant Mid Cap Fund - Growth Option - Direct Plan,quant Mutual Fund,Open Ended Schemes,Equity Scheme - Mid Cap Fund,15-05-2023,146.18920
120841,quant Mid Cap Fund - Growth Option - Direct Plan,quant Mutual Fund,Open Ended Schemes,Equity Scheme - Mid Cap Fund,12-05-2023,145.36710
120841,quant Mid Cap Fund - Growth Option - Direct Plan,quant Mutual Fund,Open Ended Schemes,Equity Scheme - Mid Cap Fund,11-05-2023,146.08690
120841,quant Mid Cap Fund - Growth Option - Direct Plan,quant Mutual Fund,Open Ended Schemes,Equity Scheme - Mid Cap Fund,10-05-2023,146.40760
120841,quant Mid Cap Fund - Growth Option - Direct Plan,quant Mutual Fund,Open Ended Schemes,Equity Scheme - Mid Cap Fund,09-05-2023,146.96460
120841,quant Mid Cap Fund - Growth Option - Direct Plan,quant Mutual Fund,Open Ended Schemes,Equity Scheme - Mid Cap Fund,08-05-2023,147.32980
120841,quant Mid Cap Fund - Growth Option - Direct Plan,quant Mutual Fund,Open Ended Schemes,Equity Scheme - Mid Cap Fund,05-05-2023,146.23960
120841,quant Mid Cap Fund - Growth Option - Direct Plan,quant Mutual Fund,Open Ended Schemes,Equity Scheme - Mid Cap Fund,04-05-2023,148.17130
120841,quant Mid Cap Fund - Growth Option - Direct Plan,quant Mutual Fund,Open Ended Schemes,Equity Scheme - Mid Cap Fund,03-05-2023,146.93040
120841,quant Mid Cap Fund - Growth Option - Direct Plan,quant Mutual Fund,Open Ended Schemes,Equity Scheme - Mid Cap Fund,02-05-2023,147.47070
120841,quant Mid Cap Fund - Growth Option - Direct Plan,quant Mutual Fund,Open Ended Schemes,Equity Scheme - Mid Cap Fund,28-04-2023,146.36580
120841,quant Mid Cap Fund - Growth Option - Direct Plan,quant Mutual Fund,Open Ended Schemes,Equity Scheme - Mid Cap Fund,27-04-2023,143.96850
120841,quant Mid Cap Fund - Growth Option - Direct Plan,quant Mutual Fund,Open Ended Schemes,Equity Scheme - Mid Cap Fund,26-04-2023,143.88990
120841,quant Mid Cap Fund - Growth Option - Direct Plan,quant Mutual Fund,Open Ended Schemes,Equity Scheme - Mid Cap Fund,25-04-2023,143.26850
120841,quant Mid Cap Fund - Growth Option - Direct Plan,quant Mutual Fund,Open Ended Schemes,Equity Scheme - Mid Cap Fund,24-04-2023,143.06050
120841,quant Mid Cap Fund - Growth Option - Direct Plan,quant Mutual Fund,Open Ended Schemes,Equity Scheme - Mid Cap Fund,21-04-2023,142.11200
120841,quant Mid Cap Fund - Growth Option - Direct Plan,quant Mutual Fund,Open Ended Schemes,Equity Scheme - Mid Cap Fund,20-04-2023,142.86970
120841,quant Mid Cap Fund - Growth Option - Direct Plan,quant Mutual Fund,Open Ended Schemes,Equity Scheme - Mid Cap Fund,19-04-2023,142.77040
120841,quant Mid Cap Fund - Growth Option - Direct Plan,quant Mutual Fund,Open Ended Schemes,Equity Scheme - Mid Cap Fund,18-04-2023,142.84660
120841,quant Mid Cap Fund - Growth Option - Direct Plan,quant Mutual Fund,Open Ended Schemes,Equity Scheme - Mid Cap Fund,17-04-2023,142.83240
120841,quant Mid Cap Fund - Growth Option - Direct Plan,quant Mutual Fund,Open Ended Schemes,Equity Scheme - Mid Cap Fund,13-04-2023,142.50510
120841,quant Mid Cap Fund - Growth Option - Direct Plan,quant Mutual Fund,Open Ended Schemes,Equity Scheme - Mid Cap Fund,12-04-2023,142.10340
120841,quant Mid Cap Fund - Growth Option - Direct Plan,quant Mutual Fund,Open Ended Schemes,Equity Scheme - Mid Cap Fund,11-04-2023,141.93360
120841,quant Mid Cap Fund - Growth Option - Direct Plan,quant Mutual Fund,Open Ended Schemes,Equity Scheme - Mid Cap Fund,10-04-2023,141.25300
120841,quant Mid Cap Fund - Growth Option - Direct Plan,quant Mutual Fund,Open Ended Schemes,Equity Scheme - Mid Cap Fund,06-04-2023,140.89730
120841,quant Mid Cap Fund - Growth Option - Direct Plan,quant Mutual Fund,Open Ended Schemes,Equity Scheme - Mid Cap Fund,05-04-2023,140.18580
120841,quant Mid Cap Fund - Growth Option - Direct Plan,quant Mutual Fund,Open Ended Schemes,Equity Scheme - Mid Cap Fund,03-04-2023,140.08030
120841,quant Mid Cap Fund - Growth Option - Direct Plan,quant Mutual Fund,Open Ended Schemes,Equity Scheme - Mid Cap Fund,31-03-2023,139.19770
120841,quant Mid Cap Fund - Growth Option - Direct Plan,quant Mutual Fund,Open Ended Schemes,Equity Scheme - Mid Cap Fund,29-03-2023,137.20990
120841,quant Mid Cap Fund - Growth Option - Direct Plan,quant Mutual Fund,Open Ended Schemes,Equity Scheme - Mid Cap Fund,28-03-2023,134.80720
120841,quant Mid Cap Fund - Growth Option - Direct Plan,quant Mutual Fund,Open Ended Schemes,Equity Scheme - Mid Cap Fund,27-03-2023,135.01550
120841,quant Mid Cap Fund - Growth Option - Direct Plan,quant Mutual Fund,Open Ended Schemes,Equity Scheme - Mid Cap Fund,24-03-2023,135.39020
120841,quant Mid Cap Fund - Growth Option - Direct Plan,quant Mutual Fund,Open Ended Schemes,Equity Scheme - Mid Cap Fund,23-03-2023,136.76990
120841,quant Mid Cap Fund - Growth Option - Direct Plan,quant Mutual Fund,Open Ended Schemes,Equity Scheme - Mid Cap Fund,22-03-2023,137.80240
120841,quant Mid Cap Fund - Growth Option - Direct Plan,quant Mutual Fund,Open Ended Schemes,Equity Scheme - Mid Cap Fund,21-03-2023,137.42400
120841,quant Mid Cap Fund - Growth Option - Direct Plan,quant Mutual Fund,Open Ended Schemes,Equity Scheme - Mid Cap Fund,20-03-2023,136.29040
120841,quant Mid Cap Fund - Growth Option - Direct Plan,quant Mutual Fund,Open Ended Schemes,Equity Scheme - Mid Cap Fund,17-03-2023,137.97190
120841,quant Mid Cap Fund - Growth Option - Direct Plan,quant Mutual Fund,Open Ended Schemes,Equity Scheme - Mid Cap Fund,16-03-2023,137.71930
120841,quant Mid Cap Fund - Growth Option - Direct Plan,quant Mutual Fund,Open Ended Schemes,Equity Scheme - Mid Cap Fund,15-03-2023,137.86010
120841,quant Mid Cap Fund - Growth Option - Direct Plan,quant Mutual Fund,Open Ended Schemes,Equity Scheme - Mid Cap Fund,14-03-2023,137.98460
120841,quant Mid Cap Fund - Growth Option - Direct Plan,quant Mutual Fund,Open Ended Schemes,Equity Scheme - Mid Cap Fund,13-03-2023,139.65850
120841,quant Mid Cap Fund - Growth Option - Direct Plan,quant Mutual Fund,Open Ended Schemes,Equity Scheme - Mid Cap Fund,10-03-2023,142.52470
120841,quant Mid Cap Fund - Growth Option - Direct Plan,quant Mutual Fund,Open Ended Schemes,Equity Scheme - Mid Cap Fund,09-03-2023,144.00230
120841,quant Mid Cap Fund - Growth Option - Direct Plan,quant Mutual Fund,Open Ended Schemes,Equity Scheme - Mid Cap Fund,08-03-2023,144.83620
120841,quant Mid Cap Fund - Growth Option - Direct Plan,quant Mutual Fund,Open Ended Schemes,Equity Scheme - Mid Cap Fund,06-03-2023,143.97380
120841,quant Mid Cap Fund - Growth Option - Direct Plan,quant Mutual Fund,Open Ended Schemes,Equity Scheme - Mid Cap Fund,03-03-2023,143.23780
120841,quant Mid Cap Fund - Growth Option - Direct Plan,quant Mutual Fund,Open Ended Schemes,Equity Scheme - Mid Cap Fund,02-03-2023,141.21250
120841,quant Mid Cap Fund - Growth Option - Direct Plan,quant Mutual Fund,Open Ended Schemes,Equity Scheme - Mid Cap Fund,01-03-2023,141.09570
120841,quant Mid Cap Fund - Growth Option - Direct Plan,quant Mutual Fund,Open Ended Schemes,Equity Scheme - Mid Cap Fund,28-02-2023,139.42660
120841,quant Mid Cap Fund - Growth Option - Direct Plan,quant Mutual Fund,Open Ended Schemes,Equity Scheme - Mid Cap Fund,27-02-2023,139.11440
120841,quant Mid Cap Fund - Growth Option - Direct Plan,quant Mutual Fund,Open Ended Schemes,Equity Scheme - Mid Cap Fund,24-02-2023,139.79420
120841,quant Mid Cap Fund - Growth Option - Direct Plan,quant Mutual Fund,Open Ended Schemes,Equity Scheme - Mid Cap Fund,23-02-2023,141.24080
120841,quant Mid Cap Fund - Growth Option - Direct Plan,quant Mutual Fund,Open Ended Schemes,Equity Scheme - Mid Cap Fund,22-02-2023,141.17450
120841,quant Mid Cap Fund - Growth Option - Direct Plan,quant Mutual Fund,Open Ended Schemes,Equity Scheme - Mid Cap Fund,21-02-2023,142.64170
120841,quant Mid Cap Fund - Growth Option - Direct Plan,quant Mutual Fund,Open Ended Schemes,Equity Scheme - Mid Cap Fund,20-02-2023,143.17700
120841,quant Mid Cap Fund - Growth Option - Direct Plan,quant Mutual Fund,Open Ended Schemes,Equity Scheme - Mid Cap Fund,17-02-2023,143.21640
120841,quant Mid Cap Fund - Growth Option - Direct Plan,quant Mutual Fund,Open Ended Schemes,Equity Scheme - Mid Cap Fund,16-02-2023,144.31780
120841,quant Mid Cap Fund - Growth Option - Direct Plan,quant Mutual Fund,Open Ended Schemes,Equity Scheme - Mid Cap Fund,15-02-2023,143.16220
120841,quant Mid Cap Fund - Growth Option - Direct Plan,quant Mutual Fund,Open Ended Schemes,Equity Scheme - Mid Cap Fund,14-02-2023,141.95870
120841,quant Mid Cap Fund - Growth Option - Direct Plan,quant Mutual Fund,Open Ended Schemes,Equity Scheme - Mid Cap Fund,13-02-2023,141.61870
120841,quant Mid Cap Fund - Growth Option - Direct Plan,quant Mutual Fund,Open Ended Schemes,Equity Scheme - Mid Cap Fund,10-02-2023,142.88880
120841,quant Mid Cap Fund - Growth Option - Direct Plan,quant Mutual Fund,Open Ended Schemes,Equity Scheme - Mid Cap Fund,09-02-2023,142.12720
120841,quant Mid Cap Fund - Growth Option - Direct Plan,quant Mutual Fund,Open Ended Schemes,Equity Scheme - Mid Cap Fund,08-02-2023,142.21130
120841,quant Mid Cap Fund - Growth Option - Direct Plan,quant Mutual Fund,Open Ended Schemes,Equity Scheme - Mid Cap Fund,07-02-2023,141.39970
120841,quant Mid Cap Fund - Growth Option - Direct Plan,quant Mutual Fund,Open Ended Schemes,Equity Scheme - Mid Cap Fund,06-02-2023,142.13990
120841,quant Mid Cap Fund - Growth Option - Direct Plan,quant Mutual Fund,Open Ended Schemes,Equity Scheme - Mid Cap Fund,03-02-2023,141.83290
120841,quant Mid Cap Fund - Growth Option - Direct Plan,quant Mutual Fund,Open Ended Schemes,Equity Scheme - Mid Cap Fund,02-02-2023,141.43430
120841,quant Mid Cap Fund - Growth Option - Direct Plan,quant Mutual Fund,Open Ended Schemes,Equity Scheme - Mid Cap Fund,01-02-2023,141.18900
120841,quant Mid Cap Fund - Growth Option - Direct Plan,quant Mutual Fund,Open Ended Schemes,Equity Scheme - Mid Cap Fund,31-01-2023,144.65780
120841,quant Mid Cap Fund - Growth Option - Direct Plan,quant Mutual Fund,Open Ended Schemes,Equity Scheme - Mid Cap Fund,30-01-2023,141.18360
120841,quant Mid Cap Fund - Growth Option - Direct Plan,quant Mutual Fund,Open Ended Schemes,Equity Scheme - Mid Cap Fund,27-01-2023,141.37070
120841,quant Mid Cap Fund - Growth Option - Direct Plan,quant Mutual Fund,Open Ended Schemes,Equity Scheme - Mid Cap Fund,25-01-2023,146.00430
120841,quant Mid Cap Fund - Growth Option - Direct Plan,quant Mutual Fund,Open Ended Schemes,Equity Scheme - Mid Cap Fund,24-01-2023,149.14140
120841,quant Mid Cap Fund - Growth Option - Direct Plan,quant Mutual Fund,Open Ended Schemes,Equity Scheme - Mid Cap Fund,23-01-2023,150.25570
120841,quant Mid Cap Fund - Growth Option - Direct Plan,quant Mutual Fund,Open Ended Schemes,Equity Scheme - Mid Cap Fund,20-01-2023,150.05170
120841,quant Mid Cap Fund - Growth Option - Direct Plan,quant Mutual Fund,Open Ended Schemes,Equity Scheme - Mid Cap Fund,19-01-2023,150.80090
120841,quant Mid Cap Fund - Growth Option - Direct Plan,quant Mutual Fund,Open Ended Schemes,Equity Scheme - Mid Cap Fund,18-01-2023,150.74110
120841,quant Mid Cap Fund - Growth Option - Direct Plan,quant Mutual Fund,Open Ended Schemes,Equity Scheme - Mid Cap Fund,17-01-2023,150.91900
120841,quant Mid Cap Fund - Growth Option - Direct Plan,quant Mutual Fund,Open Ended Schemes,Equity Scheme - Mid Cap Fund,16-01-2023,151.41800
120841,quant Mid Cap Fund - Growth Option - Direct Plan,quant Mutual Fund,Open Ended Schemes,Equity Scheme - Mid Cap Fund,13-01-2023,151.25590
120841,quant Mid Cap Fund - Growth Option - Direct Plan,quant Mutual Fund,Open Ended Schemes,Equity Scheme - Mid Cap Fund,12-01-2023,150.53840
120841,quant Mid Cap Fund - Growth Option - Direct Plan,quant Mutual Fund,Open Ended Schemes,Equity Scheme - Mid Cap Fund,11-01-2023,151.35550
120841,quant Mid Cap Fund - Growth Option - Direct Plan,quant Mutual Fund,Open Ended Schemes,Equity Scheme - Mid Cap Fund,10-01-2023,150.98170
120841,quant Mid Cap Fund - Growth Option - Direct Plan,quant Mutual Fund,Open Ended Schemes,Equity Scheme - Mid Cap Fund,09-01-2023,152.28430
120841,quant Mid Cap Fund - Growth Option - Direct Plan,quant Mutual Fund,Open Ended Schemes,Equity Scheme - Mid Cap Fund,06-01-2023,150.56030
120841,quant Mid Cap Fund - Growth Option - Direct Plan,quant Mutual Fund,Open Ended Schemes,Equity Scheme - Mid Cap Fund,05-01-2023,151.82080
120841,quant Mid Cap Fund - Growth Option - Direct Plan,quant Mutual Fund,Open Ended Schemes,Equity Scheme - Mid Cap Fund,04-01-2023,150.96400
120841,quant Mid Cap Fund - Growth Option - Direct Plan,quant Mutual Fund,Open Ended Schemes,Equity Scheme - Mid Cap Fund,03-01-2023,152.95690
120841,quant Mid Cap Fund - Growth Option - Direct Plan,quant Mutual Fund,Open Ended Schemes,Equity Scheme - Mid Cap Fund,02-01-2023,152.10240
120841,quant Mid Cap Fund - Growth Option - Direct Plan,quant Mutual Fund,Open Ended Schemes,Equity Scheme - Mid Cap Fund,30-12-2022,150.25850
120841,quant Mid Cap Fund - Growth Option - Direct Plan,quant Mutual Fund,Open Ended Schemes,Equity Scheme - Mid Cap Fund,29-12-2022,148.65370
120841,quant Mid Cap Fund - Growth Option - Direct Plan,quant Mutual Fund,Open Ended Schemes,Equity Scheme - Mid Cap Fund,28-12-2022,148.20890
120841,quant Mid Cap Fund - Growth Option - Direct Plan,quant Mutual Fund,Open Ended Schemes,Equity Scheme - Mid Cap Fund,27-12-2022,148.03850
120841,quant Mid Cap Fund - Growth Option - Direct Plan,quant Mutual Fund,Open Ended Schemes,Equity Scheme - Mid Cap Fund,26-12-2022,145.82910
120841,quant Mid Cap Fund - Growth Option - Direct Plan,quant Mutual Fund,Open Ended Schemes,Equity Scheme - Mid Cap Fund,23-12-2022,140.38610
120841,quant Mid Cap Fund - Growth Option - Direct Plan,quant Mutual Fund,Open Ended Schemes,Equity Scheme - Mid Cap Fund,22-12-2022,146.83450
120841,quant Mid Cap Fund - Growth Option - Direct Plan,quant Mutual Fund,Open Ended Schemes,Equity Scheme - Mid Cap Fund,21-12-2022,148.56600
120841,quant Mid Cap Fund - Growth Option - Direct Plan,quant Mutual Fund,Open Ended Schemes,Equity Scheme - Mid Cap Fund,20-12-2022,152.07560
120841,quant Mid Cap Fund - Growth Option - Direct Plan,quant Mutual Fund,Open Ended Schemes,Equity Scheme - Mid Cap Fund,19-12-2022,152.52100
120841,quant Mid Cap Fund - Growth Option - Direct Plan,quant Mutual Fund,Open Ended Schemes,Equity Scheme - Mid Cap Fund,16-12-2022,151.18210
120841,quant Mid Cap Fund - Growth Option - Direct Plan,quant Mutual Fund,Open Ended Schemes,Equity Scheme - Mid Cap Fund,15-12-2022,153.85810
120841,quant Mid Cap Fund - Growth Option - Direct Plan,quant Mutual Fund,Open Ended Schemes,Equity Scheme - Mid Cap Fund,14-12-2022,155.62150
120841,quant Mid Cap Fund - Growth Option - Direct Plan,quant Mutual Fund,Open Ended Schemes,Equity Scheme - Mid Cap Fund,13-12-2022,155.14660
120841,quant Mid Cap Fund - Growth Option - Direct Plan,quant Mutual Fund,Open Ended Schemes,Equity Scheme - Mid Cap Fund,12-12-2022,153.60170
120841,quant Mid Cap Fund - Growth Option - Direct Plan,quant Mutual Fund,Open Ended Schemes,Equity Scheme - Mid Cap Fund,09-12-2022,152.63430
120841,quant Mid Cap Fund - Growth Option - Direct Plan,quant Mutual Fund,Open Ended Schemes,Equity Scheme - Mid Cap Fund,08-12-2022,154.73710
120841,quant Mid Cap Fund - Growth Option - Direct Plan,quant Mutual Fund,Open Ended Schemes,Equity Scheme - Mid Cap Fund,07-12-2022,152.66130
120841,quant Mid Cap Fund - Growth Option - Direct Plan,quant Mutual Fund,Open Ended Schemes,Equity Scheme - Mid Cap Fund,06-12-2022,152.91560
120841,quant Mid Cap Fund - Growth Option - Direct Plan,quant Mutual Fund,Open Ended Schemes,Equity Scheme - Mid Cap Fund,05-12-2022,153.07900
120841,quant Mid Cap Fund - Growth Option - Direct Plan,quant Mutual Fund,Open Ended Schemes,Equity Scheme - Mid Cap Fund,02-12-2022,152.38860
120841,quant Mid Cap Fund - Growth Option - Direct Plan,quant Mutual Fund,Open Ended Schemes,Equity Scheme - Mid Cap Fund,01-12-2022,151.31280
120841,quant Mid Cap Fund - Growth Option - Direct Plan,quant Mutual Fund,Open Ended Schemes,Equity Scheme - Mid Cap Fund,30-11-2022,149.66500
120841,quant Mid Cap Fund - Growth Option - Direct Plan,quant Mutual Fund,Open Ended Schemes,Equity Scheme - Mid Cap Fund,29-11-2022,149.71150
120841,quant Mid Cap Fund - Growth Option - Direct Plan,quant Mutual Fund,Open Ended Schemes,Equity Scheme - Mid Cap Fund,28-11-2022,149.99240
120841,quant Mid Cap Fund - Growth Option - Direct Plan,quant Mutual Fund,Open Ended Schemes,Equity Scheme - Mid Cap Fund,25-11-2022,149.23330
120841,quant Mid Cap Fund - Growth Option - Direct Plan,quant Mutual Fund,Open Ended Schemes,Equity Scheme - Mid Cap Fund,24-11-2022,147.59410
120841,quant Mid Cap Fund - Growth Option - Direct Plan,quant Mutual Fund,Open Ended Schemes,Equity Scheme - Mid Cap Fund,23-11-2022,147.02590
120841,quant Mid Cap Fund - Growth Option - Direct Plan,quant Mutual Fund,Open Ended Schemes,Equity Scheme - Mid Cap Fund,22-11-2022,146.29660
120841,quant Mid Cap Fund - Growth Option - Direct Plan,quant Mutual Fund,Open Ended Schemes,Equity Scheme - Mid Cap Fund,21-11-2022,145.14870
120841,quant Mid Cap Fund - Growth Option - Direct Plan,quant Mutual Fund,Open Ended Schemes,Equity Scheme - Mid Cap Fund,18-11-2022,144.31650
120841,quant Mid Cap Fund - Growth Option - Direct Plan,quant Mutual Fund,Open Ended Schemes,Equity Scheme - Mid Cap Fund,17-11-2022,144.08310
120841,quant Mid Cap Fund - Growth Option - Direct Plan,quant Mutual Fund,Open Ended Schemes,Equity Scheme - Mid Cap Fund,16-11-2022,144.36850
120841,quant Mid Cap Fund - Growth Option - Direct Plan,quant Mutual Fund,Open Ended Schemes,Equity Scheme - Mid Cap Fund,15-11-2022,145.80040
120841,quant Mid Cap Fund - Growth Option - Direct Plan,quant Mutual Fund,Open Ended Schemes,Equity Scheme - Mid Cap Fund,14-11-2022,145.96420
120841,quant Mid Cap Fund - Growth Option - Direct Plan,quant Mutual Fund,Open Ended Schemes,Equity Scheme - Mid Cap Fund,11-11-2022,146.30300
120841,quant Mid Cap Fund - Growth Option - Direct Plan,quant Mutual Fund,Open Ended Schemes,Equity Scheme - Mid Cap Fund,10-11-2022,146.80620
120841,quant Mid Cap Fund - Growth Option - Direct Plan,quant Mutual Fund,Open Ended Schemes,Equity Scheme - Mid Cap Fund,09-11-2022,147.57420
120841,quant Mid Cap Fund - Growth Option - Direct Plan,quant Mutual Fund,Open Ended Schemes,Equity Scheme - Mid Cap Fund,07-11-2022,146.10470
120841,quant Mid Cap Fund - Growth Option - Direct Plan,quant Mutual Fund,Open Ended Schemes,Equity Scheme - Mid Cap Fund,04-11-2022,145.65000
120841,quant Mid Cap Fund - Growth Option - Direct Plan,quant Mutual Fund,Open Ended Schemes,Equity Scheme - Mid Cap Fund,03-11-2022,145.43110
120841,quant Mid Cap Fund - Growth Option - Direct Plan,quant Mutual Fund,Open Ended Schemes,Equity Scheme - Mid Cap Fund,02-11-2022,144.35720
120841,quant Mid Cap Fund - Growth Option - Direct Plan,quant Mutual Fund,Open Ended Schemes,Equity Scheme - Mid Cap Fund,01-11-2022,144.45540
120841,quant Mid Cap Fund - Growth Option - Direct Plan,quant Mutual Fund,Open Ended Schemes,Equity Scheme - Mid Cap Fund,31-10-2022,144.50660
120841,quant Mid Cap Fund - Growth Option - Direct Plan,quant Mutual Fund,Open Ended Schemes,Equity Scheme - Mid Cap Fund,28-10-2022,143.30290
120841,quant Mid Cap Fund - Growth Option - Direct Plan,quant Mutual Fund,Open Ended Schemes,Equity Scheme - Mid Cap Fund,27-10-2022,143.61540
120841,quant Mid Cap Fund - Growth Option - Direct Plan,quant Mutual Fund,Open Ended Schemes,Equity Scheme - Mid Cap Fund,25-10-2022,142.47030
120841,quant Mid Cap Fund - Growth Option - Direct Plan,quant Mutual Fund,Open Ended Schemes,Equity Scheme - Mid Cap Fund,21-10-2022,141.34020
120841,quant Mid Cap Fund - Growth Option - Direct Plan,quant Mutual Fund,Open Ended Schemes,Equity Scheme - Mid Cap Fund,20-10-2022,142.42910
120841,quant Mid Cap Fund - Growth Option - Direct Plan,quant Mutual Fund,Open Ended Schemes,Equity Scheme - Mid Cap Fund,19-10-2022,142.14610
120841,quant Mid Cap Fund - Growth Option - Direct Plan,quant Mutual Fund,Open Ended Schemes,Equity Scheme - Mid Cap Fund,18-10-2022,142.09110
120841,quant Mid Cap Fund - Growth Option - Direct Plan,quant Mutual Fund,Open Ended Schemes,Equity Scheme - Mid Cap Fund,17-10-2022,140.11570
120841,quant Mid Cap Fund - Growth Option - Direct Plan,quant Mutual Fund,Open Ended Schemes,Equity Scheme - Mid Cap Fund,14-10-2022,139.01920
120841,quant Mid Cap Fund - Growth Option - Direct Plan,quant Mutual Fund,Open Ended Schemes,Equity Scheme - Mid Cap Fund,13-10-2022,139.15900
120841,quant Mid Cap Fund - Growth Option - Direct Plan,quant Mutual Fund,Open Ended Schemes,Equity Scheme - Mid Cap Fund,12-10-2022,140.58430
120841,quant Mid Cap Fund - Growth Option - Direct Plan,quant Mutual Fund,Open Ended Schemes,Equity Scheme - Mid Cap Fund,11-10-2022,139.29990
120841,quant Mid Cap Fund - Growth Option - Direct Plan,quant Mutual Fund,Open Ended Schemes,Equity Scheme - Mid Cap Fund,10-10-2022,142.09860
120841,quant Mid Cap Fund - Growth Option - Direct Plan,quant Mutual Fund,Open Ended Schemes,Equity Scheme - Mid Cap Fund,07-10-2022,142.96060
120841,quant Mid Cap Fund - Growth Option - Direct Plan,quant Mutual Fund,Open Ended Schemes,Equity Scheme - Mid Cap Fund,06-10-2022,142.87240
120841,quant Mid Cap Fund - Growth Option - Direct Plan,quant Mutual Fund,Open Ended Schemes,Equity Scheme - Mid Cap Fund,04-10-2022,141.58150
120841,quant Mid Cap Fund - Growth Option - Direct Plan,quant Mutual Fund,Open Ended Schemes,Equity Scheme - Mid Cap Fund,03-10-2022,137.91700
120841,quant Mid Cap Fund - Growth Option - Direct Plan,quant Mutual Fund,Open Ended Schemes,Equity Scheme - Mid Cap Fund,30-09-2022,140.71020
120841,quant Mid Cap Fund - Growth Option - Direct Plan,quant Mutual Fund,Open Ended Schemes,Equity Scheme - Mid Cap Fund,29-09-2022,138.42880
120841,quant Mid Cap Fund - Growth Option - Direct Plan,quant Mutual Fund,Open Ended Schemes,Equity Scheme - Mid Cap Fund,28-09-2022,137.52520
120841,quant Mid Cap Fund - Growth Option - Direct Plan,quant Mutual Fund,Open Ended Schemes,Equity Scheme - Mid Cap Fund,27-09-2022,139.23900
120841,quant Mid Cap Fund - Growth Option - Direct Plan,quant Mutual Fund,Open Ended Schemes,Equity Scheme - Mid Cap Fund,26-09-2022,138.90110
120841,quant Mid Cap Fund - Growth Option - Direct Plan,quant Mutual Fund,Open Ended Schemes,Equity Scheme - Mid Cap Fund,23-09-2022,143.75640
120841,quant Mid Cap Fund - Growth Option - Direct Plan,quant Mutual Fund,Open Ended Schemes,Equity Scheme - Mid Cap Fund,22-09-2022,147.02750
120841,quant Mid Cap Fund - Growth Option - Direct Plan,quant Mutual Fund,Open Ended Schemes,Equity Scheme - Mid Cap Fund,21-09-2022,147.08900
120841,quant Mid Cap Fund - Growth Option - Direct Plan,quant Mutual Fund,Open Ended Schemes,Equity Scheme - Mid Cap Fund,20-09-2022,148.09990
120841,quant Mid Cap Fund - Growth Option - Direct Plan,quant Mutual Fund,Open Ended Schemes,Equity Scheme - Mid Cap Fund,19-09-2022,146.44190
120841,quant Mid Cap Fund - Growth Option - Direct Plan,quant Mutual Fund,Open Ended Schemes,Equity Scheme - Mid Cap Fund,16-09-2022,144.62790
120841,quant Mid Cap Fund - Growth Option - Direct Plan,quant Mutual Fund,Open Ended Schemes,Equity Scheme - Mid Cap Fund,15-09-2022,148.08740
120841,quant Mid Cap Fund - Growth Option - Direct Plan,quant Mutual Fund,Open Ended Schemes,Equity Scheme - Mid Cap Fund,14-09-2022,147.72330
120841,quant Mid Cap Fund - Growth Option - Direct Plan,quant Mutual Fund,Open Ended Schemes,Equity Scheme - Mid Cap Fund,13-09-2022,147.02810
120841,quant Mid Cap Fund - Growth Option - Direct Plan,quant Mutual Fund,Open Ended Schemes,Equity Scheme - Mid Cap Fund,12-09-2022,146.65050
120841,quant Mid Cap Fund - Growth Option - Direct Plan,quant Mutual Fund,Open Ended Schemes,Equity Scheme - Mid Cap Fund,09-09-2022,145.29520
120841,quant Mid Cap Fund - Growth Option - Direct Plan,quant Mutual Fund,Open Ended Schemes,Equity Scheme - Mid Cap Fund,08-09-2022,144.58180
120841,quant Mid Cap Fund - Growth Option - Direct Plan,quant Mutual Fund,Open Ended Schemes,Equity Scheme - Mid Cap Fund,07-09-2022,143.29480
120841,quant Mid Cap Fund - Growth Option - Direct Plan,quant Mutual Fund,Open Ended Schemes,Equity Scheme - Mid Cap Fund,06-09-2022,142.60980
120841,quant Mid Cap Fund - Growth Option - Direct Plan,quant Mutual Fund,Open Ended Schemes,Equity Scheme - Mid Cap Fund,05-09-2022,142.54140
120841,quant Mid Cap Fund - Growth Option - Direct Plan,quant Mutual Fund,Open Ended Schemes,Equity Scheme - Mid Cap Fund,02-09-2022,141.54790
120841,quant Mid Cap Fund - Growth Option - Direct Plan,quant Mutual Fund,Open Ended Schemes,Equity Scheme - Mid Cap Fund,01-09-2022,140.34870
120841,quant Mid Cap Fund - Growth Option - Direct Plan,quant Mutual Fund,Open Ended Schemes,Equity Scheme - Mid Cap Fund,30-08-2022,139.80720
120841,quant Mid Cap Fund - Growth Option - Direct Plan,quant Mutual Fund,Open Ended Schemes,Equity Scheme - Mid Cap Fund,29-08-2022,137.42540
120841,quant Mid Cap Fund - Growth Option - Direct Plan,quant Mutual Fund,Open Ended Schemes,Equity Scheme - Mid Cap Fund,26-08-2022,138.05880
120841,quant Mid Cap Fund - Growth Option - Direct Plan,quant Mutual Fund,Open Ended Schemes,Equity Scheme - Mid Cap Fund,25-08-2022,136.55250
120841,quant Mid Cap Fund - Growth Option - Direct Plan,quant Mutual Fund,Open Ended Schemes,Equity Scheme - Mid Cap Fund,24-08-2022,137.23370
120841,quant Mid Cap Fund - Growth Option - Direct Plan,quant Mutual Fund,Open Ended Schemes,Equity Scheme - Mid Cap Fund,23-08-2022,135.72560
120841,quant Mid Cap Fund - Growth Option - Direct Plan,quant Mutual Fund,Open Ended Schemes,Equity Scheme - Mid Cap Fund,22-08-2022,134.41950
120841,quant Mid Cap Fund - Growth Option - Direct Plan,quant Mutual Fund,Open Ended Schemes,Equity Scheme - Mid Cap Fund,19-08-2022,135.94000
120841,quant Mid Cap Fund - Growth Option - Direct Plan,quant Mutual Fund,Open Ended Schemes,Equity Scheme - Mid Cap Fund,18-08-2022,136.24580
120841,quant Mid Cap Fund - Growth Option - Direct Plan,quant Mutual Fund,Open Ended Schemes,Equity Scheme - Mid Cap Fund,17-08-2022,136.07950
120841,quant Mid Cap Fund - Growth Option - Direct Plan,quant Mutual Fund,Open Ended Schemes,Equity Scheme - Mid Cap Fund,16-08-2022,136.15430
120841,quant Mid Cap Fund - Growth Option - Direct Plan,quant Mutual Fund,Open Ended Schemes,Equity Scheme - Mid Cap Fund,12-08-2022,134.44210
120841,quant Mid Cap Fund - Growth Option - Direct Plan,quant Mutual Fund,Open Ended Schemes,Equity Scheme - Mid Cap Fund,11-08-2022,134.67310
120841,quant Mid Cap Fund - Growth Option - Direct Plan,quant Mutual Fund,Open Ended Schemes,Equity Scheme - Mid Cap Fund,10-08-2022,133.68400
120841,quant Mid Cap Fund - Growth Option - Direct Plan,quant Mutual Fund,Open Ended Schemes,Equity Scheme - Mid Cap Fund,08-08-2022,134.00480
120841,quant Mid Cap Fund - Growth Option - Direct Plan,quant Mutual Fund,Open Ended Schemes,Equity Scheme - Mid Cap Fund,05-08-2022,133.30980
120841,quant Mid Cap Fund - Growth Option - Direct Plan,quant Mutual Fund,Open Ended Schemes,Equity Scheme - Mid Cap Fund,04-08-2022,132.77870
120841,quant Mid Cap Fund - Growth Option - Direct Plan,quant Mutual Fund,Open Ended Schemes,Equity Scheme - Mid Cap Fund,03-08-2022,133.96740
120841,quant Mid Cap Fund - Growth Option - Direct Plan,quant Mutual Fund,Open Ended Schemes,Equity Scheme - Mid Cap Fund,02-08-2022,134.51690
120841,quant Mid Cap Fund - Growth Option - Direct Plan,quant Mutual Fund,Open Ended Schemes,Equity Scheme - Mid Cap Fund,01-08-2022,134.38730
120841,quant Mid Cap Fund - Growth Option - Direct Plan,quant Mutual Fund,Open Ended Schemes,Equity Scheme - Mid Cap Fund,29-07-2022,132.63750
120841,quant Mid Cap Fund - Growth Option - Direct Plan,quant Mutual Fund,Open Ended Schemes,Equity Scheme - Mid Cap Fund,28-07-2022,131.07390
120841,quant Mid Cap Fund - Growth Option - Direct Plan,quant Mutual Fund,Open Ended Schemes,Equity Scheme - Mid Cap Fund,27-07-2022,130.91630
120841,quant Mid Cap Fund - Growth Option - Direct Plan,quant Mutual Fund,Open Ended Schemes,Equity Scheme - Mid Cap Fund,26-07-2022,129.80950
120841,quant Mid Cap Fund - Growth Option - Direct Plan,quant Mutual Fund,Open Ended Schemes,Equity Scheme - Mid Cap Fund,25-07-2022,130.50510
120841,quant Mid Cap Fund - Growth Option - Direct Plan,quant Mutual Fund,Open Ended Schemes,Equity Scheme - Mid Cap Fund,22-07-2022,130.48690
120841,quant Mid Cap Fund - Growth Option - Direct Plan,quant Mutual Fund,Open Ended Schemes,Equity Scheme - Mid Cap Fund,21-07-2022,130.31750
120841,quant Mid Cap Fund - Growth Option - Direct Plan,quant Mutual Fund,Open Ended Schemes,Equity Scheme - Mid Cap Fund,20-07-2022,128.34940
120841,quant Mid Cap Fund - Growth Option - Direct Plan,quant Mutual Fund,Open Ended Schemes,Equity Scheme - Mid Cap Fund,19-07-2022,128.54860
120841,quant Mid Cap Fund - Growth Option - Direct Plan,quant Mutual Fund,Open Ended Schemes,Equity Scheme - Mid Cap Fund,18-07-2022,127.64180
120841,quant Mid Cap Fund - Growth Option - Direct Plan,quant Mutual Fund,Open Ended Schemes,Equity Scheme - Mid Cap Fund,15-07-2022,125.92860
120841,quant Mid Cap Fund - Growth Option - Direct Plan,quant Mutual Fund,Open Ended Schemes,Equity Scheme - Mid Cap Fund,14-07-2022,125.15830
120841,quant Mid Cap Fund - Growth Option - Direct Plan,quant Mutual Fund,Open Ended Schemes,Equity Scheme - Mid Cap Fund,13-07-2022,125.92550
120841,quant Mid Cap Fund - Growth Option - Direct Plan,quant Mutual Fund,Open Ended Schemes,Equity Scheme - Mid Cap Fund,12-07-2022,126.17130
120841,quant Mid Cap Fund - Growth Option - Direct Plan,quant Mutual Fund,Open Ended Schemes,Equity Scheme - Mid Cap Fund,11-07-2022,126.51950
120841,quant Mid Cap Fund - Growth Option - Direct Plan,quant Mutual Fund,Open Ended Schemes,Equity Scheme - Mid Cap Fund,08-07-2022,125.37230
120841,quant Mid Cap Fund - Growth Option - Direct Plan,quant Mutual Fund,Open Ended Schemes,Equity Scheme - Mid Cap Fund,07-07-2022,125.03870
120841,quant Mid Cap Fund - Growth Option - Direct Plan,quant Mutual Fund,Open Ended Schemes,Equity Scheme - Mid Cap Fund,06-07-2022,123.15030
120841,quant Mid Cap Fund - Growth Option - Direct Plan,quant Mutual Fund,Open Ended Schemes,Equity Scheme - Mid Cap Fund,05-07-2022,121.54460
120841,quant Mid Cap Fund - Growth Option - Direct Plan,quant Mutual Fund,Open Ended Schemes,Equity Scheme - Mid Cap Fund,04-07-2022,121.60480
120841,quant Mid Cap Fund - Growth Option - Direct Plan,quant Mutual Fund,Open Ended Schemes,Equity Scheme - Mid Cap Fund,01-07-2022,120.35860
120841,quant Mid Cap Fund - Growth Option - Direct Plan,quant Mutual Fund,Open Ended Schemes,Equity Scheme - Mid Cap Fund,30-06-2022,119.98350
120841,quant Mid Cap Fund - Growth Option - Direct Plan,quant Mutual Fund,Open Ended Schemes,Equity Scheme - Mid Cap Fund,29-06-2022,121.30450
120841,quant Mid Cap Fund - Growth Option - Direct Plan,quant Mutual Fund,Open Ended Schemes,Equity Scheme - Mid Cap Fund,28-06-2022,121.39010
120841,quant Mid Cap Fund - Growth Option - Direct Plan,quant Mutual Fund,Open Ended Schemes,Equity Scheme - Mid Cap Fund,27-06-2022,120.93240
120841,quant Mid Cap Fund - Growth Option - Direct Plan,quant Mutual Fund,Open Ended Schemes,Equity Scheme - Mid Cap Fund,24-06-2022,119.92590
120841,quant Mid Cap Fund - Growth Option - Direct Plan,quant Mutual Fund,Open Ended Schemes,Equity Scheme - Mid Cap Fund,23-06-2022,118.06990
120841,quant Mid Cap Fund - Growth Option - Direct Plan,quant Mutual Fund,Open Ended Schemes,Equity Scheme - Mid Cap Fund,22-06-2022,116.65600
120841,quant Mid Cap Fund - Growth Option - Direct Plan,quant Mutual Fund,Open Ended Schemes,Equity Scheme - Mid Cap Fund,21-06-2022,119.12330
120841,quant Mid Cap Fund - Growth Option - Direct Plan,quant Mutual Fund,Open Ended Schemes,Equity Scheme - Mid Cap Fund,20-06-2022,115.45940
120841,quant Mid Cap Fund - Growth Option - Direct Plan,quant Mutual Fund,Open Ended Schemes,Equity Scheme - Mid Cap Fund,17-06-2022,117.28600
120841,quant Mid Cap Fund - Growth Option - Direct Plan,quant Mutual Fund,Open Ended Schemes,Equity Scheme - Mid Cap Fund,16-06-2022,117.86470
120841,quant Mid Cap Fund - Growth Option - Direct Plan,quant Mutual Fund,Open Ended Schemes,Equity Scheme - Mid Cap Fund,15-06-2022,120.98350
120841,quant Mid Cap Fund - Growth Option - Direct Plan,quant Mutual Fund,Open Ended Schemes,Equity Scheme - Mid Cap Fund,14-06-2022,121.49340
120841,quant Mid Cap Fund - Growth Option - Direct Plan,quant Mutual Fund,Open Ended Schemes,Equity Scheme - Mid Cap Fund,13-06-2022,121.50620
120841,quant Mid Cap Fund - Growth Option - Direct Plan,quant Mutual Fund,Open Ended Schemes,Equity Scheme - Mid Cap Fund,10-06-2022,125.70570
120841,quant Mid Cap Fund - Growth Option - Direct Plan,quant Mutual Fund,Open Ended Schemes,Equity Scheme - Mid Cap Fund,09-06-2022,126.41980
120841,quant Mid Cap Fund - Growth Option - Direct Plan,quant Mutual Fund,Open Ended Schemes,Equity Scheme - Mid Cap Fund,08-06-2022,125.60390
120841,quant Mid Cap Fund - Growth Option - Direct Plan,quant Mutual Fund,Open Ended Schemes,Equity Scheme - Mid Cap Fund,07-06-2022,126.17560
120841,quant Mid Cap Fund - Growth Option - Direct Plan,quant Mutual Fund,Open Ended Schemes,Equity Scheme - Mid Cap Fund,06-06-2022,126.80110
120841,quant Mid Cap Fund - Growth Option - Direct Plan,quant Mutual Fund,Open Ended Schemes,Equity Scheme - Mid Cap Fund,03-06-2022,127.14360
120841,quant Mid Cap Fund - Growth Option - Direct Plan,quant Mutual Fund,Open Ended Schemes,Equity Scheme - Mid Cap Fund,02-06-2022,128.93050
120841,quant Mid Cap Fund - Growth Option - Direct Plan,quant Mutual Fund,Open Ended Schemes,Equity Scheme - Mid Cap Fund,01-06-2022,127.75550
120841,quant Mid Cap Fund - Growth Option - Direct Plan,quant Mutual Fund,Open Ended Schemes,Equity Scheme - Mid Cap Fund,31-05-2022,127.66610
120841,quant Mid Cap Fund - Growth Option - Direct Plan,quant Mutual Fund,Open Ended Schemes,Equity Scheme - Mid Cap Fund,30-05-2022,128.30990
120841,quant Mid Cap Fund - Growth Option - Direct Plan,quant Mutual Fund,Open Ended Schemes,Equity Scheme - Mid Cap Fund,27-05-2022,125.36690
120841,quant Mid Cap Fund - Growth Option - Direct Plan,quant Mutual Fund,Open Ended Schemes,Equity Scheme - Mid Cap Fund,26-05-2022,123.73390
120841,quant Mid Cap Fund - Growth Option - Direct Plan,quant Mutual Fund,Open Ended Schemes,Equity Scheme - Mid Cap Fund,25-05-2022,122.49120
120841,quant Mid Cap Fund - Growth Option - Direct Plan,quant Mutual Fund,Open Ended Schemes,Equity Scheme - Mid Cap Fund,24-05-2022,125.06770
120841,quant Mid Cap Fund - Growth Option - Direct Plan,quant Mutual Fund,Open Ended Schemes,Equity Scheme - Mid Cap Fund,23-05-2022,126.55240
120841,quant Mid Cap Fund - Growth Option - Direct Plan,quant Mutual Fund,Open Ended Schemes,Equity Scheme - Mid Cap Fund,20-05-2022,127.51410
120841,quant Mid Cap Fund - Growth Option - Direct Plan,quant Mutual Fund,Open Ended Schemes,Equity Scheme - Mid Cap Fund,19-05-2022,123.90270
120841,quant Mid Cap Fund - Growth Option - Direct Plan,quant Mutual Fund,Open Ended Schemes,Equity Scheme - Mid Cap Fund,18-05-2022,127.11440
120841,quant Mid Cap Fund - Growth Option - Direct Plan,quant Mutual Fund,Open Ended Schemes,Equity Scheme - Mid Cap Fund,17-05-2022,126.96140
120841,quant Mid Cap Fund - Growth Option - Direct Plan,quant Mutual Fund,Open Ended Schemes,Equity Scheme - Mid Cap Fund,16-05-2022,123.26960
120841,quant Mid Cap Fund - Growth Option - Direct Plan,quant Mutual Fund,Open Ended Schemes,Equity Scheme - Mid Cap Fund,13-05-2022,120.74550
120841,quant Mid Cap Fund - Growth Option - Direct Plan,quant Mutual Fund,Open Ended Schemes,Equity Scheme - Mid Cap Fund,12-05-2022,120.11960
120841,quant Mid Cap Fund - Growth Option - Direct Plan,quant Mutual Fund,Open Ended Schemes,Equity Scheme - Mid Cap Fund,11-05-2022,122.66520
120841,quant Mid Cap Fund - Growth Option - Direct Plan,quant Mutual Fund,Open Ended Schemes,Equity Scheme - Mid Cap Fund,10-05-2022,124.59860
120841,quant Mid Cap Fund - Growth Option - Direct Plan,quant Mutual Fund,Open Ended Schemes,Equity Scheme - Mid Cap Fund,09-05-2022,127.11310
120841,quant Mid Cap Fund - Growth Option - Direct Plan,quant Mutual Fund,Open Ended Schemes,Equity Scheme - Mid Cap Fund,06-05-2022,129.57220
120841,quant Mid Cap Fund - Growth Option - Direct Plan,quant Mutual Fund,Open Ended Schemes,Equity Scheme - Mid Cap Fund,05-05-2022,130.96870
120841,quant Mid Cap Fund - Growth Option - Direct Plan,quant Mutual Fund,Open Ended Schemes,Equity Scheme - Mid Cap Fund,04-05-2022,130.57760
120841,quant Mid Cap Fund - Growth Option - Direct Plan,quant Mutual Fund,Open Ended Schemes,Equity Scheme - Mid Cap Fund,02-05-2022,135.12520
120841,quant Mid Cap Fund - Growth Option - Direct Plan,quant Mutual Fund,Open Ended Schemes,Equity Scheme - Mid Cap Fund,29-04-2022,135.42380
120841,quant Mid Cap Fund - Growth Option - Direct Plan,quant Mutual Fund,Open Ended Schemes,Equity Scheme - Mid Cap Fund,28-04-2022,136.14670
120841,quant Mid Cap Fund - Growth Option - Direct Plan,quant Mutual Fund,Open Ended Schemes,Equity Scheme - Mid Cap Fund,27-04-2022,135.48550
120841,quant Mid Cap Fund - Growth Option - Direct Plan,quant Mutual Fund,Open Ended Schemes,Equity Scheme - Mid Cap Fund,26-04-2022,135.92780
120841,quant Mid Cap Fund - Growth Option - Direct Plan,quant Mutual Fund,Open Ended Schemes,Equity Scheme - Mid Cap Fund,25-04-2022,133.37530
120841,quant Mid Cap Fund - Growth Option - Direct Plan,quant Mutual Fund,Open Ended Schemes,Equity Scheme - Mid Cap Fund,22-04-2022,136.70780
120841,quant Mid Cap Fund - Growth Option - Direct Plan,quant Mutual Fund,Open Ended Schemes,Equity Scheme - Mid Cap Fund,21-04-2022,138.08410
120841,quant Mid Cap Fund - Growth Option - Direct Plan,quant Mutual Fund,Open Ended Schemes,Equity Scheme - Mid Cap Fund,20-04-2022,136.04070
120841,quant Mid Cap Fund - Growth Option - Direct Plan,quant Mutual Fund,Open Ended Schemes,Equity Scheme - Mid Cap Fund,19-04-2022,136.21500
120841,quant Mid Cap Fund - Growth Option - Direct Plan,quant Mutual Fund,Open Ended Schemes,Equity Scheme - Mid Cap Fund,18-04-2022,138.41530
120841,quant Mid Cap Fund - Growth Option - Direct Plan,quant Mutual Fund,Open Ended Schemes,Equity Scheme - Mid Cap Fund,13-04-2022,139.54620
120841,quant Mid Cap Fund - Growth Option - Direct Plan,quant Mutual Fund,Open Ended Schemes,Equity Scheme - Mid Cap Fund,12-04-2022,140.06600
120841,quant Mid Cap Fund - Growth Option - Direct Plan,quant Mutual Fund,Open Ended Schemes,Equity Scheme - Mid Cap Fund,11-04-2022,141.74200
120841,quant Mid Cap Fund - Growth Option - Direct Plan,quant Mutual Fund,Open Ended Schemes,Equity Scheme - Mid Cap Fund,08-04-2022,141.30350
120841,quant Mid Cap Fund - Growth Option - Direct Plan,quant Mutual Fund,Open Ended Schemes,Equity Scheme - Mid Cap Fund,07-04-2022,138.73430
120841,quant Mid Cap Fund - Growth Option - Direct Plan,quant Mutual Fund,Open Ended Schemes,Equity Scheme - Mid Cap Fund,06-04-2022,139.28680
120841,quant Mid Cap Fund - Growth Option - Direct Plan,quant Mutual Fund,Open Ended Schemes,Equity Scheme - Mid Cap Fund,05-04-2022,138.39600
120841,quant Mid Cap Fund - Growth Option - Direct Plan,quant Mutual Fund,Open Ended Schemes,Equity Scheme - Mid Cap Fund,04-04-2022,138.17570
120841,quant Mid Cap Fund - Growth Option - Direct Plan,quant Mutual Fund,Open Ended Schemes,Equity Scheme - Mid Cap Fund,01-04-2022,137.16960
120841,quant Mid Cap Fund - Growth Option - Direct Plan,quant Mutual Fund,Open Ended Schemes,Equity Scheme - Mid Cap Fund,31-03-2022,135.68360
120841,quant Mid Cap Fund - Growth Option - Direct Plan,quant Mutual Fund,Open Ended Schemes,Equity Scheme - Mid Cap Fund,30-03-2022,134.32130
120841,quant Mid Cap Fund - Growth Option - Direct Plan,quant Mutual Fund,Open Ended Schemes,Equity Scheme - Mid Cap Fund,29-03-2022,132.71460
120841,quant Mid Cap Fund - Growth Option - Direct Plan,quant Mutual Fund,Open Ended Schemes,Equity Scheme - Mid Cap Fund,28-03-2022,130.14680
120841,quant Mid Cap Fund - Growth Option - Direct Plan,quant Mutual Fund,Open Ended Schemes,Equity Scheme - Mid Cap Fund,25-03-2022,130.65460
120841,quant Mid Cap Fund - Growth Option - Direct Plan,quant Mutual Fund,Open Ended Schemes,Equity Scheme - Mid Cap Fund,24-03-2022,130.07870
120841,quant Mid Cap Fund - Growth Option - Direct Plan,quant Mutual Fund,Open Ended Schemes,Equity Scheme - Mid Cap Fund,23-03-2022,127.25150
120841,quant Mid Cap Fund - Growth Option - Direct Plan,quant Mutual Fund,Open Ended Schemes,Equity Scheme - Mid Cap Fund,22-03-2022,126.36800
120841,quant Mid Cap Fund - Growth Option - Direct Plan,quant Mutual Fund,Open Ended Schemes,Equity Scheme - Mid Cap Fund,21-03-2022,126.32590
120841,quant Mid Cap Fund - Growth Option - Direct Plan,quant Mutual Fund,Open Ended Schemes,Equity Scheme - Mid Cap Fund,17-03-2022,125.80220
120841,quant Mid Cap Fund - Growth Option - Direct Plan,quant Mutual Fund,Open Ended Schemes,Equity Scheme - Mid Cap Fund,16-03-2022,124.55930
120841,quant Mid Cap Fund - Growth Option - Direct Plan,quant Mutual Fund,Open Ended Schemes,Equity Scheme - Mid Cap Fund,15-03-2022,122.43050
120841,quant Mid Cap Fund - Growth Option - Direct Plan,quant Mutual Fund,Open Ended Schemes,Equity Scheme - Mid Cap Fund,14-03-2022,122.83030
120841,quant Mid Cap Fund - Growth Option - Direct Plan,quant Mutual Fund,Open Ended Schemes,Equity Scheme - Mid Cap Fund,11-03-2022,122.62140
120841,quant Mid Cap Fund - Growth Option - Direct Plan,quant Mutual Fund,Open Ended Schemes,Equity Scheme - Mid Cap Fund,10-03-2022,122.11450
120841,quant Mid Cap Fund - Growth Option - Direct Plan,quant Mutual Fund,Open Ended Schemes,Equity Scheme - Mid Cap Fund,09-03-2022,121.82610
120841,quant Mid Cap Fund - Growth Option - Direct Plan,quant Mutual Fund,Open Ended Schemes,Equity Scheme - Mid Cap Fund,08-03-2022,118.31430
120841,quant Mid Cap Fund - Growth Option - Direct Plan,quant Mutual Fund,Open Ended Schemes,Equity Scheme - Mid Cap Fund,07-03-2022,116.58480
120841,quant Mid Cap Fund - Growth Option - Direct Plan,quant Mutual Fund,Open Ended Schemes,Equity Scheme - Mid Cap Fund,04-03-2022,118.58410
120841,quant Mid Cap Fund - Growth Option - Direct Plan,quant Mutual Fund,Open Ended Schemes,Equity Scheme - Mid Cap Fund,03-03-2022,121.30600
120841,quant Mid Cap Fund - Growth Option - Direct Plan,quant Mutual Fund,Open Ended Schemes,Equity Scheme - Mid Cap Fund,02-03-2022,120.94980
120841,quant Mid Cap Fund - Growth Option - Direct Plan,quant Mutual Fund,Open Ended Schemes,Equity Scheme - Mid Cap Fund,28-02-2022,121.33140
120841,quant Mid Cap Fund - Growth Option - Direct Plan,quant Mutual Fund,Open Ended Schemes,Equity Scheme - Mid Cap Fund,25-02-2022,120.14300
120841,quant Mid Cap Fund - Growth Option - Direct Plan,quant Mutual Fund,Open Ended Schemes,Equity Scheme - Mid Cap Fund,24-02-2022,115.35400
120841,quant Mid Cap Fund - Growth Option - Direct Plan,quant Mutual Fund,Open Ended Schemes,Equity Scheme - Mid Cap Fund,23-02-2022,122.48410
120841,quant Mid Cap Fund - Growth Option - Direct Plan,quant Mutual Fund,Open Ended Schemes,Equity Scheme - Mid Cap Fund,22-02-2022,122.14000
120841,quant Mid Cap Fund - Growth Option - Direct Plan,quant Mutual Fund,Open Ended Schemes,Equity Scheme - Mid Cap Fund,21-02-2022,124.02260
120841,quant Mid Cap Fund - Growth Option - Direct Plan,quant Mutual Fund,Open Ended Schemes,Equity Scheme - Mid Cap Fund,18-02-2022,125.04810
120841,quant Mid Cap Fund - Growth Option - Direct Plan,quant Mutual Fund,Open Ended Schemes,Equity Scheme - Mid Cap Fund,17-02-2022,126.12270
120841,quant Mid Cap Fund - Growth Option - Direct Plan,quant Mutual Fund,Open Ended Schemes,Equity Scheme - Mid Cap Fund,16-02-2022,126.58860
120841,quant Mid Cap Fund - Growth Option - Direct Plan,quant Mutual Fund,Open Ended Schemes,Equity Scheme - Mid Cap Fund,15-02-2022,126.53170
120841,quant Mid Cap Fund - Growth Option - Direct Plan,quant Mutual Fund,Open Ended Schemes,Equity Scheme - Mid Cap Fund,14-02-2022,123.33250
120841,quant Mid Cap Fund - Growth Option - Direct Plan,quant Mutual Fund,Open Ended Schemes,Equity Scheme - Mid Cap Fund,11-02-2022,128.11040
120841,quant Mid Cap Fund - Growth Option - Direct Plan,quant Mutual Fund,Open Ended Schemes,Equity Scheme - Mid Cap Fund,10-02-2022,130.32100
120841,quant Mid Cap Fund - Growth Option - Direct Plan,quant Mutual Fund,Open Ended Schemes,Equity Scheme - Mid Cap Fund,09-02-2022,129.71800
120841,quant Mid Cap Fund - Growth Option - Direct Plan,quant Mutual Fund,Open Ended Schemes,Equity Scheme - Mid Cap Fund,08-02-2022,128.25570
120841,quant Mid Cap Fund - Growth Option - Direct Plan,quant Mutual Fund,Open Ended Schemes,Equity Scheme - Mid Cap Fund,07-02-2022,129.39860
120841,quant Mid Cap Fund - Growth Option - Direct Plan,quant Mutual Fund,Open Ended Schemes,Equity Scheme - Mid Cap Fund,04-02-2022,130.64920
120841,quant Mid Cap Fund - Growth Option - Direct Plan,quant Mutual Fund,Open Ended Schemes,Equity Scheme - Mid Cap Fund,03-02-2022,131.64620
120841,quant Mid Cap Fund - Growth Option - Direct Plan,quant Mutual Fund,Open Ended Schemes,Equity Scheme - Mid Cap Fund,02-02-2022,132.05230
120841,quant Mid Cap Fund - Growth Option - Direct Plan,quant Mutual Fund,Open Ended Schemes,Equity Scheme - Mid Cap Fund,01-02-2022,129.73130
120841,quant Mid Cap Fund - Growth Option - Direct Plan,quant Mutual Fund,Open Ended Schemes,Equity Scheme - Mid Cap Fund,31-01-2022,128.12080
120841,quant Mid Cap Fund - Growth Option - Direct Plan,quant Mutual Fund,Open Ended Schemes,Equity Scheme - Mid Cap Fund,28-01-2022,126.21270
120841,quant Mid Cap Fund - Growth Option - Direct Plan,quant Mutual Fund,Open Ended Schemes,Equity Scheme - Mid Cap Fund,27-01-2022,124.56140
120841,quant Mid Cap Fund - Growth Option - Direct Plan,quant Mutual Fund,Open Ended Schemes,Equity Scheme - Mid Cap Fund,25-01-2022,124.17980
120841,quant Mid Cap Fund - Growth Option - Direct Plan,quant Mutual Fund,Open Ended Schemes,Equity Scheme - Mid Cap Fund,24-01-2022,122.39920
120841,quant Mid Cap Fund - Growth Option - Direct Plan,quant Mutual Fund,Open Ended Schemes,Equity Scheme - Mid Cap Fund,21-01-2022,126.96730
120841,quant Mid Cap Fund - Growth Option - Direct Plan,quant Mutual Fund,Open Ended Schemes,Equity Scheme - Mid Cap Fund,20-01-2022,129.12060
120841,quant Mid Cap Fund - Growth Option - Direct Plan,quant Mutual Fund,Open Ended Schemes,Equity Scheme - Mid Cap Fund,19-01-2022,129.41170
120841,quant Mid Cap Fund - Growth Option - Direct Plan,quant Mutual Fund,Open Ended Schemes,Equity Scheme - Mid Cap Fund,18-01-2022,129.72850
120841,quant Mid Cap Fund - Growth Option - Direct Plan,quant Mutual Fund,Open Ended Schemes,Equity Scheme - Mid Cap Fund,17-01-2022,131.66760
120841,quant Mid Cap Fund - Growth Option - Direct Plan,quant Mutual Fund,Open Ended Schemes,Equity Scheme - Mid Cap Fund,14-01-2022,131.32470
120841,quant Mid Cap Fund - Growth Option - Direct Plan,quant Mutual Fund,Open Ended Schemes,Equity Scheme - Mid Cap Fund,13-01-2022,130.95520
120841,quant Mid Cap Fund - Growth Option - Direct Plan,quant Mutual Fund,Open Ended Schemes,Equity Scheme - Mid Cap Fund,12-01-2022,130.41420
120841,quant Mid Cap Fund - Growth Option - Direct Plan,quant Mutual Fund,Open Ended Schemes,Equity Scheme - Mid Cap Fund,11-01-2022,128.93760
120841,quant Mid Cap Fund - Growth Option - Direct Plan,quant Mutual Fund,Open Ended Schemes,Equity Scheme - Mid Cap Fund,10-01-2022,128.68340
120841,quant Mid Cap Fund - Growth Option - Direct Plan,quant Mutual Fund,Open Ended Schemes,Equity Scheme - Mid Cap Fund,07-01-2022,126.99770
120841,quant Mid Cap Fund - Growth Option - Direct Plan,quant Mutual Fund,Open Ended Schemes,Equity Scheme - Mid Cap Fund,06-01-2022,127.20910
120841,quant Mid Cap Fund - Growth Option - Direct Plan,quant Mutual Fund,Open Ended Schemes,Equity Scheme - Mid Cap Fund,05-01-2022,127.23680
120841,quant Mid Cap Fund - Growth Option - Direct Plan,quant Mutual Fund,Open Ended Schemes,Equity Scheme - Mid Cap Fund,04-01-2022,126.49060
120841,quant Mid Cap Fund - Growth Option - Direct Plan,quant Mutual Fund,Open Ended Schemes,Equity Scheme - Mid Cap Fund,03-01-2022,126.50680
120841,quant Mid Cap Fund - Growth Option - Direct Plan,quant Mutual Fund,Open Ended Schemes,Equity Scheme - Mid Cap Fund,31-12-2021,125.28070
120841,quant Mid Cap Fund - Growth Option - Direct Plan,quant Mutual Fund,Open Ended Schemes,Equity Scheme - Mid Cap Fund,30-12-2021,123.80130
120841,quant Mid Cap Fund - Growth Option - Direct Plan,quant Mutual Fund,Open Ended Schemes,Equity Scheme - Mid Cap Fund,29-12-2021,124.47170
120841,quant Mid Cap Fund - Growth Option - Direct Plan,quant Mutual Fund,Open Ended Schemes,Equity Scheme - Mid Cap Fund,28-12-2021,124.57600
120841,quant Mid Cap Fund - Growth Option - Direct Plan,quant Mutual Fund,Open Ended Schemes,Equity Scheme - Mid Cap Fund,27-12-2021,123.31880
120841,quant Mid Cap Fund - Growth Option - Direct Plan,quant Mutual Fund,Open Ended Schemes,Equity Scheme - Mid Cap Fund,24-12-2021,122.87400
120841,quant Mid Cap Fund - Growth Option - Direct Plan,quant Mutual Fund,Open Ended Schemes,Equity Scheme - Mid Cap Fund,23-12-2021,124.19310
120841,quant Mid Cap Fund - Growth Option - Direct Plan,quant Mutual Fund,Open Ended Schemes,Equity Scheme - Mid Cap Fund,22-12-2021,123.26280
120841,quant Mid Cap Fund - Growth Option - Direct Plan,quant Mutual Fund,Open Ended Schemes,Equity Scheme - Mid Cap Fund,21-12-2021,121.79500
120841,quant Mid Cap Fund - Growth Option - Direct Plan,quant Mutual Fund,Open Ended Schemes,Equity Scheme - Mid Cap Fund,20-12-2021,119.71000
120841,quant Mid Cap Fund - Growth Option - Direct Plan,quant Mutual Fund,Open Ended Schemes,Equity Scheme - Mid Cap Fund,17-12-2021,123.67490
120841,quant Mid Cap Fund - Growth Option - Direct Plan,quant Mutual Fund,Open Ended Schemes,Equity Scheme - Mid Cap Fund,16-12-2021,127.20770
120841,quant Mid Cap Fund - Growth Option - Direct Plan,quant Mutual Fund,Open Ended Schemes,Equity Scheme - Mid Cap Fund,15-12-2021,128.03050
120841,quant Mid Cap Fund - Growth Option - Direct Plan,quant Mutual Fund,Open Ended Schemes,Equity Scheme - Mid Cap Fund,14-12-2021,129.40640
120841,quant Mid Cap Fund - Growth Option - Direct Plan,quant Mutual Fund,Open Ended Schemes,Equity Scheme - Mid Cap Fund,13-12-2021,130.51650
120841,quant Mid Cap Fund - Growth Option - Direct Plan,quant Mutual Fund,Open Ended Schemes,Equity Scheme - Mid Cap Fund,10-12-2021,130.51460
120841,quant Mid Cap Fund - Growth Option - Direct Plan,quant Mutual Fund,Open Ended Schemes,Equity Scheme - Mid Cap Fund,09-12-2021,128.93600
120841,quant Mid Cap Fund - Growth Option - Direct Plan,quant Mutual Fund,Open Ended Schemes,Equity Scheme - Mid Cap Fund,08-12-2021,127.87770
120841,quant Mid Cap Fund - Growth Option - Direct Plan,quant Mutual Fund,Open Ended Schemes,Equity Scheme - Mid Cap Fund,07-12-2021,125.90460
120841,quant Mid Cap Fund - Growth Option - Direct Plan,quant Mutual Fund,Open Ended Schemes,Equity Scheme - Mid Cap Fund,06-12-2021,123.56840
120841,quant Mid Cap Fund - Growth Option - Direct Plan,quant Mutual Fund,Open Ended Schemes,Equity Scheme - Mid Cap Fund,03-12-2021,125.67910
120841,quant Mid Cap Fund - Growth Option - Direct Plan,quant Mutual Fund,Open Ended Schemes,Equity Scheme - Mid Cap Fund,02-12-2021,126.11150
120841,quant Mid Cap Fund - Growth Option - Direct Plan,quant Mutual Fund,Open Ended Schemes,Equity Scheme - Mid Cap Fund,01-12-2021,125.26890
120841,quant Mid Cap Fund - Growth Option - Direct Plan,quant Mutual Fund,Open Ended Schemes,Equity Scheme - Mid Cap Fund,30-11-2021,123.28820
120841,quant Mid Cap Fund - Growth Option - Direct Plan,quant Mutual Fund,Open Ended Schemes,Equity Scheme - Mid Cap Fund,29-11-2021,123.49470
120841,quant Mid Cap Fund - Growth Option - Direct Plan,quant Mutual Fund,Open Ended Schemes,Equity Scheme - Mid Cap Fund,26-11-2021,124.51820
120841,quant Mid Cap Fund - Growth Option - Direct Plan,quant Mutual Fund,Open Ended Schemes,Equity Scheme - Mid Cap Fund,25-11-2021,127.30850
120841,quant Mid Cap Fund - Growth Option - Direct Plan,quant Mutual Fund,Open Ended Schemes,Equity Scheme - Mid Cap Fund,24-11-2021,126.76010
120841,quant Mid Cap Fund - Growth Option - Direct Plan,quant Mutual Fund,Open Ended Schemes,Equity Scheme - Mid Cap Fund,23-11-2021,126.69710
120841,quant Mid Cap Fund - Growth Option - Direct Plan,quant Mutual Fund,Open Ended Schemes,Equity Scheme - Mid Cap Fund,22-11-2021,124.84280
120841,quant Mid Cap Fund - Growth Option - Direct Plan,quant Mutual Fund,Open Ended Schemes,Equity Scheme - Mid Cap Fund,18-11-2021,127.77370
120841,quant Mid Cap Fund - Growth Option - Direct Plan,quant Mutual Fund,Open Ended Schemes,Equity Scheme - Mid Cap Fund,17-11-2021,127.61500
120841,quant Mid Cap Fund - Growth Option - Direct Plan,quant Mutual Fund,Open Ended Schemes,Equity Scheme - Mid Cap Fund,16-11-2021,128.23580
120841,quant Mid Cap Fund - Growth Option - Direct Plan,quant Mutual Fund,Open Ended Schemes,Equity Scheme - Mid Cap Fund,15-11-2021,127.94410
120841,quant Mid Cap Fund - Growth Option - Direct Plan,quant Mutual Fund,Open Ended Schemes,Equity Scheme - Mid Cap Fund,12-11-2021,127.81620
120841,quant Mid Cap Fund - Growth Option - Direct Plan,quant Mutual Fund,Open Ended Schemes,Equity Scheme - Mid Cap Fund,11-11-2021,126.70110
120841,quant Mid Cap Fund - Growth Option - Direct Plan,quant Mutual Fund,Open Ended Schemes,Equity Scheme - Mid Cap Fund,10-11-2021,128.52920
120841,quant Mid Cap Fund - Growth Option - Direct Plan,quant Mutual Fund,Open Ended Schemes,Equity Scheme - Mid Cap Fund,09-11-2021,129.46270
120841,quant Mid Cap Fund - Growth Option - Direct Plan,quant Mutual Fund,Open Ended Schemes,Equity Scheme - Mid Cap Fund,08-11-2021,126.55530
120841,quant Mid Cap Fund - Growth Option - Direct Plan,quant Mutual Fund,Open Ended Schemes,Equity Scheme - Mid Cap Fund,03-11-2021,123.96710
120841,quant Mid Cap Fund - Growth Option - Direct Plan,quant Mutual Fund,Open Ended Schemes,Equity Scheme - Mid Cap Fund,02-11-2021,124.35280
120841,quant Mid Cap Fund - Growth Option - Direct Plan,quant Mutual Fund,Open Ended Schemes,Equity Scheme - Mid Cap Fund,01-11-2021,122.37310
120841,quant Mid Cap Fund - Growth Option - Direct Plan,quant Mutual Fund,Open Ended Schemes,Equity Scheme - Mid Cap Fund,29-10-2021,121.12500
120841,quant Mid Cap Fund - Growth Option - Direct Plan,quant Mutual Fund,Open Ended Schemes,Equity Scheme - Mid Cap Fund,28-10-2021,120.58650
120841,quant Mid Cap Fund - Growth Option - Direct Plan,quant Mutual Fund,Open Ended Schemes,Equity Scheme - Mid Cap Fund,27-10-2021,125.17660
120841,quant Mid Cap Fund - Growth Option - Direct Plan,quant Mutual Fund,Open Ended Schemes,Equity Scheme - Mid Cap Fund,26-10-2021,124.23590
120841,quant Mid Cap Fund - Growth Option - Direct Plan,quant Mutual Fund,Open Ended Schemes,Equity Scheme - Mid Cap Fund,25-10-2021,122.38860
120841,quant Mid Cap Fund - Growth Option - Direct Plan,quant Mutual Fund,Open Ended Schemes,Equity Scheme - Mid Cap Fund,22-10-2021,123.57950
120841,quant Mid Cap Fund - Growth Option - Direct Plan,quant Mutual Fund,Open Ended Schemes,Equity Scheme - Mid Cap Fund,21-10-2021,124.05660
120841,quant Mid Cap Fund - Growth Option - Direct Plan,quant Mutual Fund,Open Ended Schemes,Equity Scheme - Mid Cap Fund,20-10-2021,123.81360
120841,quant Mid Cap Fund - Growth Option - Direct Plan,quant Mutual Fund,Open Ended Schemes,Equity Scheme - Mid Cap Fund,19-10-2021,125.35300
120841,quant Mid Cap Fund - Growth Option - Direct Plan,quant Mutual Fund,Open Ended Schemes,Equity Scheme - Mid Cap Fund,18-10-2021,128.13340
120841,quant Mid Cap Fund - Growth Option - Direct Plan,quant Mutual Fund,Open Ended Schemes,Equity Scheme - Mid Cap Fund,14-10-2021,128.10770
120841,quant Mid Cap Fund - Growth Option - Direct Plan,quant Mutual Fund,Open Ended Schemes,Equity Scheme - Mid Cap Fund,13-10-2021,126.73290
120841,quant Mid Cap Fund - Growth Option - Direct Plan,quant Mutual Fund,Open Ended Schemes,Equity Scheme - Mid Cap Fund,12-10-2021,125.38650
120841,quant Mid Cap Fund - Growth Option - Direct Plan,quant Mutual Fund,Open Ended Schemes,Equity Scheme - Mid Cap Fund,11-10-2021,125.08330
120841,quant Mid Cap Fund - Growth Option - Direct Plan,quant Mutual Fund,Open Ended Schemes,Equity Scheme - Mid Cap Fund,08-10-2021,124.41680
120841,quant Mid Cap Fund - Growth Option - Direct Plan,quant Mutual Fund,Open Ended Schemes,Equity Scheme - Mid Cap Fund,07-10-2021,123.90850
120841,quant Mid Cap Fund - Growth Option - Direct Plan,quant Mutual Fund,Open Ended Schemes,Equity Scheme - Mid Cap Fund,06-10-2021,121.00310
120841,quant Mid Cap Fund - Growth Option - Direct Plan,quant Mutual Fund,Open Ended Schemes,Equity Scheme - Mid Cap Fund,05-10-2021,122.80850
120841,quant Mid Cap Fund - Growth Option - Direct Plan,quant Mutual Fund,Open Ended Schemes,Equity Scheme - Mid Cap Fund,04-10-2021,121.36770
120841,quant Mid Cap Fund - Growth Option - Direct Plan,quant Mutual Fund,Open Ended Schemes,Equity Scheme - Mid Cap Fund,01-10-2021,119.60670
120841,quant Mid Cap Fund - Growth Option - Direct Plan,quant Mutual Fund,Open Ended Schemes,Equity Scheme - Mid Cap Fund,30-09-2021,119.63750
120841,quant Mid Cap Fund - Growth Option - Direct Plan,quant Mutual Fund,Open Ended Schemes,Equity Scheme - Mid Cap Fund,29-09-2021,119.51440
120841,quant Mid Cap Fund - Growth Option - Direct Plan,quant Mutual Fund,Open Ended Schemes,Equity Scheme - Mid Cap Fund,28-09-2021,118.95510
120841,quant Mid Cap Fund - Growth Option - Direct Plan,quant Mutual Fund,Open Ended Schemes,Equity Scheme - Mid Cap Fund,27-09-2021,120.52590
120841,quant Mid Cap Fund - Growth Option - Direct Plan,quant Mutual Fund,Open Ended Schemes,Equity Scheme - Mid Cap Fund,24-09-2021,120.40510
120841,quant Mid Cap Fund - Growth Option - Direct Plan,quant Mutual Fund,Open Ended Schemes,Equity Scheme - Mid Cap Fund,23-09-2021,121.35430
120841,quant Mid Cap Fund - Growth Option - Direct Plan,quant Mutual Fund,Open Ended Schemes,Equity Scheme - Mid Cap Fund,22-09-2021,119.05670
120841,quant Mid Cap Fund - Growth Option - Direct Plan,quant Mutual Fund,Open Ended Schemes,Equity Scheme - Mid Cap Fund,21-09-2021,116.82530
120841,quant Mid Cap Fund - Growth Option - Direct Plan,quant Mutual Fund,Open Ended Schemes,Equity Scheme - Mid Cap Fund,20-09-2021,116.27390
120841,quant Mid Cap Fund - Growth Option - Direct Plan,quant Mutual Fund,Open Ended Schemes,Equity Scheme - Mid Cap Fund,17-09-2021,118.29590
120841,quant Mid Cap Fund - Growth Option - Direct Plan,quant Mutual Fund,Open Ended Schemes,Equity Scheme - Mid Cap Fund,16-09-2021,120.08890
120841,quant Mid Cap Fund - Growth Option - Direct Plan,quant Mutual Fund,Open Ended Schemes,Equity Scheme - Mid Cap Fund,15-09-2021,120.18090
120841,quant Mid Cap Fund - Growth Option - Direct Plan,quant Mutual Fund,Open Ended Schemes,Equity Scheme - Mid Cap Fund,14-09-2021,119.68250
120841,quant Mid Cap Fund - Growth Option - Direct Plan,quant Mutual Fund,Open Ended Schemes,Equity Scheme - Mid Cap Fund,13-09-2021,118.00070
120841,quant Mid Cap Fund - Growth Option - Direct Plan,quant Mutual Fund,Open Ended Schemes,Equity Scheme - Mid Cap Fund,09-09-2021,117.59040
120841,quant Mid Cap Fund - Growth Option - Direct Plan,quant Mutual Fund,Open Ended Schemes,Equity Scheme - Mid Cap Fund,08-09-2021,117.25610
120841,quant Mid Cap Fund - Growth Option - Direct Plan,quant Mutual Fund,Open Ended Schemes,Equity Scheme - Mid Cap Fund,07-09-2021,117.17230
120841,quant Mid Cap Fund - Growth Option - Direct Plan,quant Mutual Fund,Open Ended Schemes,Equity Scheme - Mid Cap Fund,06-09-2021,118.41290
120841,quant Mid Cap Fund - Growth Option - Direct Plan,quant Mutual Fund,Open Ended Schemes,Equity Scheme - Mid Cap Fund,03-09-2021,118.32320
120841,quant Mid Cap Fund - Growth Option - Direct Plan,quant Mutual Fund,Open Ended Schemes,Equity Scheme - Mid Cap Fund,02-09-2021,116.83840
120841,quant Mid Cap Fund - Growth Option - Direct Plan,quant Mutual Fund,Open Ended Schemes,Equity Scheme - Mid Cap Fund,01-09-2021,115.81900
120841,quant Mid Cap Fund - Growth Option - Direct Plan,quant Mutual Fund,Open Ended Schemes,Equity Scheme - Mid Cap Fund,31-08-2021,115.08030
120841,quant Mid Cap Fund - Growth Option - Direct Plan,quant Mutual Fund,Open Ended Schemes,Equity Scheme - Mid Cap Fund,30-08-2021,114.56170
120841,quant Mid Cap Fund - Growth Option - Direct Plan,quant Mutual Fund,Open Ended Schemes,Equity Scheme - Mid Cap Fund,27-08-2021,112.85230
120841,quant Mid Cap Fund - Growth Option - Direct Plan,quant Mutual Fund,Open Ended Schemes,Equity Scheme - Mid Cap Fund,26-08-2021,111.32240
120841,quant Mid Cap Fund - Growth Option - Direct Plan,quant Mutual Fund,Open Ended Schemes,Equity Scheme - Mid Cap Fund,25-08-2021,111.25870
120841,quant Mid Cap Fund - Growth Option - Direct Plan,quant Mutual Fund,Open Ended Schemes,Equity Scheme - Mid Cap Fund,24-08-2021,110.74650
120841,quant Mid Cap Fund - Growth Option - Direct Plan,quant Mutual Fund,Open Ended Schemes,Equity Scheme - Mid Cap Fund,23-08-2021,108.56360
120841,quant Mid Cap Fund - Growth Option - Direct Plan,quant Mutual Fund,Open Ended Schemes,Equity Scheme - Mid Cap Fund,20-08-2021,110.10440
120841,quant Mid Cap Fund - Growth Option - Direct Plan,quant Mutual Fund,Open Ended Schemes,Equity Scheme - Mid Cap Fund,18-08-2021,112.25950
120841,quant Mid Cap Fund - Growth Option - Direct Plan,quant Mutual Fund,Open Ended Schemes,Equity Scheme - Mid Cap Fund,17-08-2021,112.45960
120841,quant Mid Cap Fund - Growth Option - Direct Plan,quant Mutual Fund,Open Ended Schemes,Equity Scheme - Mid Cap Fund,16-08-2021,112.94770
120841,quant Mid Cap Fund - Growth Option - Direct Plan,quant Mutual Fund,Open Ended Schemes,Equity Scheme - Mid Cap Fund,13-08-2021,113.20910
120841,quant Mid Cap Fund - Growth Option - Direct Plan,quant Mutual Fund,Open Ended Schemes,Equity Scheme - Mid Cap Fund,12-08-2021,113.48080
120841,quant Mid Cap Fund - Growth Option - Direct Plan,quant Mutual Fund,Open Ended Schemes,Equity Scheme - Mid Cap Fund,11-08-2021,111.62550
120841,quant Mid Cap Fund - Growth Option - Direct Plan,quant Mutual Fund,Open Ended Schemes,Equity Scheme - Mid Cap Fund,10-08-2021,111.33680
120841,quant Mid Cap Fund - Growth Option - Direct Plan,quant Mutual Fund,Open Ended Schemes,Equity Scheme - Mid Cap Fund,09-08-2021,113.76660
120841,quant Mid Cap Fund - Growth Option - Direct Plan,quant Mutual Fund,Open Ended Schemes,Equity Scheme - Mid Cap Fund,06-08-2021,115.07730
120841,quant Mid Cap Fund - Growth Option - Direct Plan,quant Mutual Fund,Open Ended Schemes,Equity Scheme - Mid Cap Fund,05-08-2021,114.89140
120841,quant Mid Cap Fund - Growth Option - Direct Plan,quant Mutual Fund,Open Ended Schemes,Equity Scheme - Mid Cap Fund,04-08-2021,116.38950
120841,quant Mid Cap Fund - Growth Option - Direct Plan,quant Mutual Fund,Open Ended Schemes,Equity Scheme - Mid Cap Fund,03-08-2021,118.24700
120841,quant Mid Cap Fund - Growth Option - Direct Plan,quant Mutual Fund,Open Ended Schemes,Equity Scheme - Mid Cap Fund,02-08-2021,117.60430
120841,quant Mid Cap Fund - Growth Option - Direct Plan,quant Mutual Fund,Open Ended Schemes,Equity Scheme - Mid Cap Fund,30-07-2021,116.20140
120841,quant Mid Cap Fund - Growth Option - Direct Plan,quant Mutual Fund,Open Ended Schemes,Equity Scheme - Mid Cap Fund,29-07-2021,115.36920
120841,quant Mid Cap Fund - Growth Option - Direct Plan,quant Mutual Fund,Open Ended Schemes,Equity Scheme - Mid Cap Fund,28-07-2021,114.80530
120841,quant Mid Cap Fund - Growth Option - Direct Plan,quant Mutual Fund,Open Ended Schemes,Equity Scheme - Mid Cap Fund,27-07-2021,114.73060
120841,quant Mid Cap Fund - Growth Option - Direct Plan,quant Mutual Fund,Open Ended Schemes,Equity Scheme - Mid Cap Fund,26-07-2021,114.63990
120841,quant Mid Cap Fund - Growth Option - Direct Plan,quant Mutual Fund,Open Ended Schemes,Equity Scheme - Mid Cap Fund,23-07-2021,113.84970
120841,quant Mid Cap Fund - Growth Option - Direct Plan,quant Mutual Fund,Open Ended Schemes,Equity Scheme - Mid Cap Fund,22-07-2021,114.42460
120841,quant Mid Cap Fund - Growth Option - Direct Plan,quant Mutual Fund,Open Ended Schemes,Equity Scheme - Mid Cap Fund,20-07-2021,112.63940
120841,quant Mid Cap Fund - Growth Option - Direct Plan,quant Mutual Fund,Open Ended Schemes,Equity Scheme - Mid Cap Fund,19-07-2021,114.58250
120841,quant Mid Cap Fund - Growth Option - Direct Plan,quant Mutual Fund,Open Ended Schemes,Equity Scheme - Mid Cap Fund,16-07-2021,114.87080
120841,quant Mid Cap Fund - Growth Option - Direct Plan,quant Mutual Fund,Open Ended Schemes,Equity Scheme - Mid Cap Fund,15-07-2021,113.98960
120841,quant Mid Cap Fund - Growth Option - Direct Plan,quant Mutual Fund,Open Ended Schemes,Equity Scheme - Mid Cap Fund,14-07-2021,113.99170
120841,quant Mid Cap Fund - Growth Option - Direct Plan,quant Mutual Fund,Open Ended Schemes,Equity Scheme - Mid Cap Fund,13-07-2021,113.16380
120841,quant Mid Cap Fund - Growth Option - Direct Plan,quant Mutual Fund,Open Ended Schemes,Equity Scheme - Mid Cap Fund,12-07-2021,112.51960
120841,quant Mid Cap Fund - Growth Option - Direct Plan,quant Mutual Fund,Open Ended Schemes,Equity Scheme - Mid Cap Fund,09-07-2021,112.67120
120841,quant Mid Cap Fund - Growth Option - Direct Plan,quant Mutual Fund,Open Ended Schemes,Equity Scheme - Mid Cap Fund,08-07-2021,112.44260
120841,quant Mid Cap Fund - Growth Option - Direct Plan,quant Mutual Fund,Open Ended Schemes,Equity Scheme - Mid Cap Fund,07-07-2021,113.53510
120841,quant Mid Cap Fund - Growth Option - Direct Plan,quant Mutual Fund,Open Ended Schemes,Equity Scheme - Mid Cap Fund,06-07-2021,112.88440
120841,quant Mid Cap Fund - Growth Option - Direct Plan,quant Mutual Fund,Open Ended Schemes,Equity Scheme - Mid Cap Fund,05-07-2021,112.52490
120841,quant Mid Cap Fund - Growth Option - Direct Plan,quant Mutual Fund,Open Ended Schemes,Equity Scheme - Mid Cap Fund,02-07-2021,111.42490
120841,quant Mid Cap Fund - Growth Option - Direct Plan,quant Mutual Fund,Open Ended Schemes,Equity Scheme - Mid Cap Fund,01-07-2021,110.34940
120841,quant Mid Cap Fund - Growth Option - Direct Plan,quant Mutual Fund,Open Ended Schemes,Equity Scheme - Mid Cap Fund,30-06-2021,110.03100
120841,quant Mid Cap Fund - Growth Option - Direct Plan,quant Mutual Fund,Open Ended Schemes,Equity Scheme - Mid Cap Fund,29-06-2021,109.76620
120841,quant Mid Cap Fund - Growth Option - Direct Plan,quant Mutual Fund,Open Ended Schemes,Equity Scheme - Mid Cap Fund,28-06-2021,110.44740
120841,quant Mid Cap Fund - Growth Option - Direct Plan,quant Mutual Fund,Open Ended Schemes,Equity Scheme - Mid Cap Fund,25-06-2021,110.59510
120841,quant Mid Cap Fund - Growth Option - Direct Plan,quant Mutual Fund,Open Ended Schemes,Equity Scheme - Mid Cap Fund,24-06-2021,109.15050
120841,quant Mid Cap Fund - Growth Option - Direct Plan,quant Mutual Fund,Open Ended Schemes,Equity Scheme - Mid Cap Fund,23-06-2021,109.38200
120841,quant Mid Cap Fund - Growth Option - Direct Plan,quant Mutual Fund,Open Ended Schemes,Equity Scheme - Mid Cap Fund,22-06-2021,109.06710
120841,quant Mid Cap Fund - Growth Option - Direct Plan,quant Mutual Fund,Open Ended Schemes,Equity Scheme - Mid Cap Fund,21-06-2021,108.33000
120841,quant Mid Cap Fund - Growth Option - Direct Plan,quant Mutual Fund,Open Ended Schemes,Equity Scheme - Mid Cap Fund,18-06-2021,107.79610
120841,quant Mid Cap Fund - Growth Option - Direct Plan,quant Mutual Fund,Open Ended Schemes,Equity Scheme - Mid Cap Fund,17-06-2021,107.78130
120841,quant Mid Cap Fund - Growth Option - Direct Plan,quant Mutual Fund,Open Ended Schemes,Equity Scheme - Mid Cap Fund,16-06-2021,108.93610
120841,quant Mid Cap Fund - Growth Option - Direct Plan,quant Mutual Fund,Open Ended Schemes,Equity Scheme - Mid Cap Fund,15-06-2021,109.46850
120841,quant Mid Cap Fund - Growth Option - Direct Plan,quant Mutual Fund,Open Ended Schemes,Equity Scheme - Mid Cap Fund,14-06-2021,109.39740
120841,quant Mid Cap Fund - Growth Option - Direct Plan,quant Mutual Fund,Open Ended Schemes,Equity Scheme - Mid Cap Fund,11-06-2021,108.28120
120841,quant Mid Cap Fund - Growth Option - Direct Plan,quant Mutual Fund,Open Ended Schemes,Equity Scheme - Mid Cap Fund,10-06-2021,107.82070
120841,quant Mid Cap Fund - Growth Option - Direct Plan,quant Mutual Fund,Open Ended Schemes,Equity Scheme - Mid Cap Fund,09-06-2021,106.60640
120841,quant Mid Cap Fund - Growth Option - Direct Plan,quant Mutual Fund,Open Ended Schemes,Equity Scheme - Mid Cap Fund,08-06-2021,107.84850
120841,quant Mid Cap Fund - Growth Option - Direct Plan,quant Mutual Fund,Open Ended Schemes,Equity Scheme - Mid Cap Fund,07-06-2021,107.82340
120841,quant Mid Cap Fund - Growth Option - Direct Plan,quant Mutual Fund,Open Ended Schemes,Equity Scheme - Mid Cap Fund,04-06-2021,106.66580
120841,quant Mid Cap Fund - Growth Option - Direct Plan,quant Mutual Fund,Open Ended Schemes,Equity Scheme - Mid Cap Fund,03-06-2021,106.13940
120841,quant Mid Cap Fund - Growth Option - Direct Plan,quant Mutual Fund,Open Ended Schemes,Equity Scheme - Mid Cap Fund,02-06-2021,105.69990
120841,quant Mid Cap Fund - Growth Option - Direct Plan,quant Mutual Fund,Open Ended Schemes,Equity Scheme - Mid Cap Fund,01-06-2021,104.90830
120841,quant Mid Cap Fund - Growth Option - Direct Plan,quant Mutual Fund,Open Ended Schemes,Equity Scheme - Mid Cap Fund,31-05-2021,105.83560
120841,quant Mid Cap Fund - Growth Option - Direct Plan,quant Mutual Fund,Open Ended Schemes,Equity Scheme - Mid Cap Fund,28-05-2021,105.36390
120841,quant Mid Cap Fund - Growth Option - Direct Plan,quant Mutual Fund,Open Ended Schemes,Equity Scheme - Mid Cap Fund,27-05-2021,104.88580
120841,quant Mid Cap Fund - Growth Option - Direct Plan,quant Mutual Fund,Open Ended Schemes,Equity Scheme - Mid Cap Fund,26-05-2021,104.57780
120841,quant Mid Cap Fund - Growth Option - Direct Plan,quant Mutual Fund,Open Ended Schemes,Equity Scheme - Mid Cap Fund,25-05-2021,104.71530
120841,quant Mid Cap Fund - Growth Option - Direct Plan,quant Mutual Fund,Open Ended Schemes,Equity Scheme - Mid Cap Fund,24-05-2021,105.23870
120841,quant Mid Cap Fund - Growth Option - Direct Plan,quant Mutual Fund,Open Ended Schemes,Equity Scheme - Mid Cap Fund,21-05-2021,104.46340
120841,quant Mid Cap Fund - Growth Option - Direct Plan,quant Mutual Fund,Open Ended Schemes,Equity Scheme - Mid Cap Fund,20-05-2021,103.87300
120841,quant Mid Cap Fund - Growth Option - Direct Plan,quant Mutual Fund,Open Ended Schemes,Equity Scheme - Mid Cap Fund,19-05-2021,103.99130
120841,quant Mid Cap Fund - Growth Option - Direct Plan,quant Mutual Fund,Open Ended Schemes,Equity Scheme - Mid Cap Fund,18-05-2021,103.95440
120841,quant Mid Cap Fund - Growth Option - Direct Plan,quant Mutual Fund,Open Ended Schemes,Equity Scheme - Mid Cap Fund,17-05-2021,103.05220
120841,quant Mid Cap Fund - Growth Option - Direct Plan,quant Mutual Fund,Open Ended Schemes,Equity Scheme - Mid Cap Fund,14-05-2021,101.90950
120841,quant Mid Cap Fund - Growth Option - Direct Plan,quant Mutual Fund,Open Ended Schemes,Equity Scheme - Mid Cap Fund,12-05-2021,104.07490
120841,quant Mid Cap Fund - Growth Option - Direct Plan,quant Mutual Fund,Open Ended Schemes,Equity Scheme - Mid Cap Fund,11-05-2021,103.97380
120841,quant Mid Cap Fund - Growth Option - Direct Plan,quant Mutual Fund,Open Ended Schemes,Equity Scheme - Mid Cap Fund,10-05-2021,101.76220
120841,quant Mid Cap Fund - Growth Option - Direct Plan,quant Mutual Fund,Open Ended Schemes,Equity Scheme - Mid Cap Fund,07-05-2021,99.82280
120841,quant Mid Cap Fund - Growth Option - Direct Plan,quant Mutual Fund,Open Ended Schemes,Equity Scheme - Mid Cap Fund,06-05-2021,98.81420
120841,quant Mid Cap Fund - Growth Option - Direct Plan,quant Mutual Fund,Open Ended Schemes,Equity Scheme - Mid Cap Fund,05-05-2021,98.06320
120841,quant Mid Cap Fund - Growth Option - Direct Plan,quant Mutual Fund,Open Ended Schemes,Equity Scheme - Mid Cap Fund,04-05-2021,96.31190
120841,quant Mid Cap Fund - Growth Option - Direct Plan,quant Mutual Fund,Open Ended Schemes,Equity Scheme - Mid Cap Fund,03-05-2021,96.32130
120841,quant Mid Cap Fund - Growth Option - Direct Plan,quant Mutual Fund,Open Ended Schemes,Equity Scheme - Mid Cap Fund,30-04-2021,94.71520
120841,quant Mid Cap Fund - Growth Option - Direct Plan,quant Mutual Fund,Open Ended Schemes,Equity Scheme - Mid Cap Fund,29-04-2021,94.94220
120841,quant Mid Cap Fund - Growth Option - Direct Plan,quant Mutual Fund,Open Ended Schemes,Equity Scheme - Mid Cap Fund,28-04-2021,95.73040
120841,quant Mid Cap Fund - Growth Option - Direct Plan,quant Mutual Fund,Open Ended Schemes,Equity Scheme - Mid Cap Fund,27-04-2021,95.28420
120841,quant Mid Cap Fund - Growth Option - Direct Plan,quant Mutual Fund,Open Ended Schemes,Equity Scheme - Mid Cap Fund,26-04-2021,93.81190
120841,quant Mid Cap Fund - Growth Option - Direct Plan,quant Mutual Fund,Open Ended Schemes,Equity Scheme - Mid Cap Fund,23-04-2021,93.29590
120841,quant Mid Cap Fund - Growth Option - Direct Plan,quant Mutual Fund,Open Ended Schemes,Equity Scheme - Mid Cap Fund,22-04-2021,92.96170
120841,quant Mid Cap Fund - Growth Option - Direct Plan,quant Mutual Fund,Open Ended Schemes,Equity Scheme - Mid Cap Fund,20-04-2021,91.93980
120841,quant Mid Cap Fund - Growth Option - Direct Plan,quant Mutual Fund,Open Ended Schemes,Equity Scheme - Mid Cap Fund,19-04-2021,91.15520
120841,quant Mid Cap Fund - Growth Option - Direct Plan,quant Mutual Fund,Open Ended Schemes,Equity Scheme - Mid Cap Fund,16-04-2021,92.20920
120841,quant Mid Cap Fund - Growth Option - Direct Plan,quant Mutual Fund,Open Ended Schemes,Equity Scheme - Mid Cap Fund,15-04-2021,91.31540
120841,quant Mid Cap Fund - Growth Option - Direct Plan,quant Mutual Fund,Open Ended Schemes,Equity Scheme - Mid Cap Fund,13-04-2021,91.69680
120841,quant Mid Cap Fund - Growth Option - Direct Plan,quant Mutual Fund,Open Ended Schemes,Equity Scheme - Mid Cap Fund,12-04-2021,91.00160
120841,quant Mid Cap Fund - Growth Option - Direct Plan,quant Mutual Fund,Open Ended Schemes,Equity Scheme - Mid Cap Fund,09-04-2021,95.19500
120841,quant Mid Cap Fund - Growth Option - Direct Plan,quant Mutual Fund,Open Ended Schemes,Equity Scheme - Mid Cap Fund,08-04-2021,93.61190
120841,quant Mid Cap Fund - Growth Option - Direct Plan,quant Mutual Fund,Open Ended Schemes,Equity Scheme - Mid Cap Fund,07-04-2021,92.42120
120841,quant Mid Cap Fund - Growth Option - Direct Plan,quant Mutual Fund,Open Ended Schemes,Equity Scheme - Mid Cap Fund,06-04-2021,91.81450
120841,quant Mid Cap Fund - Growth Option - Direct Plan,quant Mutual Fund,Open Ended Schemes,Equity Scheme - Mid Cap Fund,05-04-2021,90.88650
120841,quant Mid Cap Fund - Growth Option - Direct Plan,quant Mutual Fund,Open Ended Schemes,Equity Scheme - Mid Cap Fund,01-04-2021,90.46440
120841,quant Mid Cap Fund - Growth Option - Direct Plan,quant Mutual Fund,Open Ended Schemes,Equity Scheme - Mid Cap Fund,31-03-2021,89.04260
120841,quant Mid Cap Fund - Growth Option - Direct Plan,quant Mutual Fund,Open Ended Schemes,Equity Scheme - Mid Cap Fund,30-03-2021,89.55020
120841,quant Mid Cap Fund - Growth Option - Direct Plan,quant Mutual Fund,Open Ended Schemes,Equity Scheme - Mid Cap Fund,26-03-2021,87.47330
120841,quant Mid Cap Fund - Growth Option - Direct Plan,quant Mutual Fund,Open Ended Schemes,Equity Scheme - Mid Cap Fund,25-03-2021,86.53140
120841,quant Mid Cap Fund - Growth Option - Direct Plan,quant Mutual Fund,Open Ended Schemes,Equity Scheme - Mid Cap Fund,24-03-2021,88.03790
120841,quant Mid Cap Fund - Growth Option - Direct Plan,quant Mutual Fund,Open Ended Schemes,Equity Scheme - Mid Cap Fund,23-03-2021,89.62350
120841,quant Mid Cap Fund - Growth Option - Direct Plan,quant Mutual Fund,Open Ended Schemes,Equity Scheme - Mid Cap Fund,22-03-2021,89.31460
120841,quant Mid Cap Fund - Growth Option - Direct Plan,quant Mutual Fund,Open Ended Schemes,Equity Scheme - Mid Cap Fund,19-03-2021,88.30190
120841,quant Mid Cap Fund - Growth Option - Direct Plan,quant Mutual Fund,Open Ended Schemes,Equity Scheme - Mid Cap Fund,18-03-2021,85.38370
120841,quant Mid Cap Fund - Growth Option - Direct Plan,quant Mutual Fund,Open Ended Schemes,Equity Scheme - Mid Cap Fund,17-03-2021,85.77450
120841,quant Mid Cap Fund - Growth Option - Direct Plan,quant Mutual Fund,Open Ended Schemes,Equity Scheme - Mid Cap Fund,16-03-2021,87.81890
120841,quant Mid Cap Fund - Growth Option - Direct Plan,quant Mutual Fund,Open Ended Schemes,Equity Scheme - Mid Cap Fund,15-03-2021,87.27410
120841,quant Mid Cap Fund - Growth Option - Direct Plan,quant Mutual Fund,Open Ended Schemes,Equity Scheme - Mid Cap Fund,12-03-2021,87.28980
120841,quant Mid Cap Fund - Growth Option - Direct Plan,quant Mutual Fund,Open Ended Schemes,Equity Scheme - Mid Cap Fund,10-03-2021,87.47130
120841,quant Mid Cap Fund - Growth Option - Direct Plan,quant Mutual Fund,Open Ended Schemes,Equity Scheme - Mid Cap Fund,09-03-2021,87.54840
120841,quant Mid Cap Fund - Growth Option - Direct Plan,quant Mutual Fund,Open Ended Schemes,Equity Scheme - Mid Cap Fund,08-03-2021,87.54960
120841,quant Mid Cap Fund - Growth Option - Direct Plan,quant Mutual Fund,Open Ended Schemes,Equity Scheme - Mid Cap Fund,05-03-2021,86.74310
120841,quant Mid Cap Fund - Growth Option - Direct Plan,quant Mutual Fund,Open Ended Schemes,Equity Scheme - Mid Cap Fund,04-03-2021,88.27360
120841,quant Mid Cap Fund - Growth Option - Direct Plan,quant Mutual Fund,Open Ended Schemes,Equity Scheme - Mid Cap Fund,03-03-2021,87.36250
120841,quant Mid Cap Fund - Growth Option - Direct Plan,quant Mutual Fund,Open Ended Schemes,Equity Scheme - Mid Cap Fund,02-03-2021,86.98810
120841,quant Mid Cap Fund - Growth Option - Direct Plan,quant Mutual Fund,Open Ended Schemes,Equity Scheme - Mid Cap Fund,01-03-2021,85.24980
120841,quant Mid Cap Fund - Growth Option - Direct Plan,quant Mutual Fund,Open Ended Schemes,Equity Scheme - Mid Cap Fund,26-02-2021,83.50020
120841,quant Mid Cap Fund - Growth Option - Direct Plan,quant Mutual Fund,Open Ended Schemes,Equity Scheme - Mid Cap Fund,25-02-2021,83.73880
120841,quant Mid Cap Fund - Growth Option - Direct Plan,quant Mutual Fund,Open Ended Schemes,Equity Scheme - Mid Cap Fund,24-02-2021,82.09460
120841,quant Mid Cap Fund - Growth Option - Direct Plan,quant Mutual Fund,Open Ended Schemes,Equity Scheme - Mid Cap Fund,23-02-2021,81.80100
120841,quant Mid Cap Fund - Growth Option - Direct Plan,quant Mutual Fund,Open Ended Schemes,Equity Scheme - Mid Cap Fund,22-02-2021,81.56410
120841,quant Mid Cap Fund - Growth Option - Direct Plan,quant Mutual Fund,Open Ended Schemes,Equity Scheme - Mid Cap Fund,19-02-2021,82.24550
120841,quant Mid Cap Fund - Growth Option - Direct Plan,quant Mutual Fund,Open Ended Schemes,Equity Scheme - Mid Cap Fund,18-02-2021,83.07970
120841,quant Mid Cap Fund - Growth Option - Direct Plan,quant Mutual Fund,Open Ended Schemes,Equity Scheme - Mid Cap Fund,17-02-2021,83.07350
120841,quant Mid Cap Fund - Growth Option - Direct Plan,quant Mutual Fund,Open Ended Schemes,Equity Scheme - Mid Cap Fund,16-02-2021,83.01160
120841,quant Mid Cap Fund - Growth Option - Direct Plan,quant Mutual Fund,Open Ended Schemes,Equity Scheme - Mid Cap Fund,15-02-2021,83.20450
120841,quant Mid Cap Fund - Growth Option - Direct Plan,quant Mutual Fund,Open Ended Schemes,Equity Scheme - Mid Cap Fund,12-02-2021,83.25030
120841,quant Mid Cap Fund - Growth Option - Direct Plan,quant Mutual Fund,Open Ended Schemes,Equity Scheme - Mid Cap Fund,11-02-2021,83.36200
120841,quant Mid Cap Fund - Growth Option - Direct Plan,quant Mutual Fund,Open Ended Schemes,Equity Scheme - Mid Cap Fund,10-02-2021,83.43870
120841,quant Mid Cap Fund - Growth Option - Direct Plan,quant Mutual Fund,Open Ended Schemes,Equity Scheme - Mid Cap Fund,09-02-2021,83.41240
120841,quant Mid Cap Fund - Growth Option - Direct Plan,quant Mutual Fund,Open Ended Schemes,Equity Scheme - Mid Cap Fund,08-02-2021,83.07650
120841,quant Mid Cap Fund - Growth Option - Direct Plan,quant Mutual Fund,Open Ended Schemes,Equity Scheme - Mid Cap Fund,05-02-2021,82.07740
120841,quant Mid Cap Fund - Growth Option - Direct Plan,quant Mutual Fund,Open Ended Schemes,Equity Scheme - Mid Cap Fund,04-02-2021,82.35490
120841,quant Mid Cap Fund - Growth Option - Direct Plan,quant Mutual Fund,Open Ended Schemes,Equity Scheme - Mid Cap Fund,03-02-2021,82.00920
120841,quant Mid Cap Fund - Growth Option - Direct Plan,quant Mutual Fund,Open Ended Schemes,Equity Scheme - Mid Cap Fund,02-02-2021,80.70350
120841,quant Mid Cap Fund - Growth Option - Direct Plan,quant Mutual Fund,Open Ended Schemes,Equity Scheme - Mid Cap Fund,01-02-2021,80.24700
120841,quant Mid Cap Fund - Growth Option - Direct Plan,quant Mutual Fund,Open Ended Schemes,Equity Scheme - Mid Cap Fund,29-01-2021,79.12660
120841,quant Mid Cap Fund - Growth Option - Direct Plan,quant Mutual Fund,Open Ended Schemes,Equity Scheme - Mid Cap Fund,28-01-2021,79.51970
120841,quant Mid Cap Fund - Growth Option - Direct Plan,quant Mutual Fund,Open Ended Schemes,Equity Scheme - Mid Cap Fund,27-01-2021,79.56430
120841,quant Mid Cap Fund - Growth Option - Direct Plan,quant Mutual Fund,Open Ended Schemes,Equity Scheme - Mid Cap Fund,25-01-2021,81.19780
120841,quant Mid Cap Fund - Growth Option - Direct Plan,quant Mutual Fund,Open Ended Schemes,Equity Scheme - Mid Cap Fund,22-01-2021,82.29570
120841,quant Mid Cap Fund - Growth Option - Direct Plan,quant Mutual Fund,Open Ended Schemes,Equity Scheme - Mid Cap Fund,21-01-2021,83.40440
120841,quant Mid Cap Fund - Growth Option - Direct Plan,quant Mutual Fund,Open Ended Schemes,Equity Scheme - Mid Cap Fund,20-01-2021,84.44450
120841,quant Mid Cap Fund - Growth Option - Direct Plan,quant Mutual Fund,Open Ended Schemes,Equity Scheme - Mid Cap Fund,19-01-2021,84.81740
120841,quant Mid Cap Fund - Growth Option - Direct Plan,quant Mutual Fund,Open Ended Schemes,Equity Scheme - Mid Cap Fund,18-01-2021,83.46490
120841,quant Mid Cap Fund - Growth Option - Direct Plan,quant Mutual Fund,Open Ended Schemes,Equity Scheme - Mid Cap Fund,15-01-2021,84.96910
120841,quant Mid Cap Fund - Growth Option - Direct Plan,quant Mutual Fund,Open Ended Schemes,Equity Scheme - Mid Cap Fund,14-01-2021,85.93770
120841,quant Mid Cap Fund - Growth Option - Direct Plan,quant Mutual Fund,Open Ended Schemes,Equity Scheme - Mid Cap Fund,13-01-2021,85.51000
120841,quant Mid Cap Fund - Growth Option - Direct Plan,quant Mutual Fund,Open Ended Schemes,Equity Scheme - Mid Cap Fund,12-01-2021,85.50990
120841,quant Mid Cap Fund - Growth Option - Direct Plan,quant Mutual Fund,Open Ended Schemes,Equity Scheme - Mid Cap Fund,11-01-2021,85.82520
120841,quant Mid Cap Fund - Growth Option - Direct Plan,quant Mutual Fund,Open Ended Schemes,Equity Scheme - Mid Cap Fund,08-01-2021,85.62880
120841,quant Mid Cap Fund - Growth Option - Direct Plan,quant Mutual Fund,Open Ended Schemes,Equity Scheme - Mid Cap Fund,07-01-2021,83.86890
120841,quant Mid Cap Fund - Growth Option - Direct Plan,quant Mutual Fund,Open Ended Schemes,Equity Scheme - Mid Cap Fund,06-01-2021,84.30430
120841,quant Mid Cap Fund - Growth Option - Direct Plan,quant Mutual Fund,Open Ended Schemes,Equity Scheme - Mid Cap Fund,05-01-2021,84.25460
120841,quant Mid Cap Fund - Growth Option - Direct Plan,quant Mutual Fund,Open Ended Schemes,Equity Scheme - Mid Cap Fund,04-01-2021,83.32300
120841,quant Mid Cap Fund - Growth Option - Direct Plan,quant Mutual Fund,Open Ended Schemes,Equity Scheme - Mid Cap Fund,01-01-2021,82.39320
120841,quant Mid Cap Fund - Growth Option - Direct Plan,quant Mutual Fund,Open Ended Schemes,Equity Scheme - Mid Cap Fund,31-12-2020,81.43260
120841,quant Mid Cap Fund - Growth Option - Direct Plan,quant Mutual Fund,Open Ended Schemes,Equity Scheme - Mid Cap Fund,30-12-2020,81.29290
120841,quant Mid Cap Fund - Growth Option - Direct Plan,quant Mutual Fund,Open Ended Schemes,Equity Scheme - Mid Cap Fund,29-12-2020,81.40130
120841,quant Mid Cap Fund - Growth Option - Direct Plan,quant Mutual Fund,Open Ended Schemes,Equity Scheme - Mid Cap Fund,28-12-2020,81.12670
120841,quant Mid Cap Fund - Growth Option - Direct Plan,quant Mutual Fund,Open Ended Schemes,Equity Scheme - Mid Cap Fund,24-12-2020,80.26020
120841,quant Mid Cap Fund - Growth Option - Direct Plan,quant Mutual Fund,Open Ended Schemes,Equity Scheme - Mid Cap Fund,23-12-2020,79.68550
120841,quant Mid Cap Fund - Growth Option - Direct Plan,quant Mutual Fund,Open Ended Schemes,Equity Scheme - Mid Cap Fund,22-12-2020,78.41770
120841,quant Mid Cap Fund - Growth Option - Direct Plan,quant Mutual Fund,Open Ended Schemes,Equity Scheme - Mid Cap Fund,21-12-2020,77.02380
120841,quant Mid Cap Fund - Growth Option - Direct Plan,quant Mutual Fund,Open Ended Schemes,Equity Scheme - Mid Cap Fund,18-12-2020,80.13870
120841,quant Mid Cap Fund - Growth Option - Direct Plan,quant Mutual Fund,Open Ended Schemes,Equity Scheme - Mid Cap Fund,17-12-2020,79.18710
120841,quant Mid Cap Fund - Growth Option - Direct Plan,quant Mutual Fund,Open Ended Schemes,Equity Scheme - Mid Cap Fund,16-12-2020,78.62630
120841,quant Mid Cap Fund - Growth Option - Direct Plan,quant Mutual Fund,Open Ended Schemes,Equity Scheme - Mid Cap Fund,15-12-2020,78.35650
120841,quant Mid Cap Fund - Growth Option - Direct Plan,quant Mutual Fund,Open Ended Schemes,Equity Scheme - Mid Cap Fund,14-12-2020,78.01390
120841,quant Mid Cap Fund - Growth Option - Direct Plan,quant Mutual Fund,Open Ended Schemes,Equity Scheme - Mid Cap Fund,11-12-2020,77.58910
120841,quant Mid Cap Fund - Growth Option - Direct Plan,quant Mutual Fund,Open Ended Schemes,Equity Scheme - Mid Cap Fund,10-12-2020,77.42700
120841,quant Mid Cap Fund - Growth Option - Direct Plan,quant Mutual Fund,Open Ended Schemes,Equity Scheme - Mid Cap Fund,09-12-2020,77.57290
120841,quant Mid Cap Fund - Growth Option - Direct Plan,quant Mutual Fund,Open Ended Schemes,Equity Scheme - Mid Cap Fund,08-12-2020,77.28360
120841,quant Mid Cap Fund - Growth Option - Direct Plan,quant Mutual Fund,Open Ended Schemes,Equity Scheme - Mid Cap Fund,07-12-2020,77.80690
120841,quant Mid Cap Fund - Growth Option - Direct Plan,quant Mutual Fund,Open Ended Schemes,Equity Scheme - Mid Cap Fund,04-12-2020,76.56680
120841,quant Mid Cap Fund - Growth Option - Direct Plan,quant Mutual Fund,Open Ended Schemes,Equity Scheme - Mid Cap Fund,03-12-2020,75.76480
120841,quant Mid Cap Fund - Growth Option - Direct Plan,quant Mutual Fund,Open Ended Schemes,Equity Scheme - Mid Cap Fund,02-12-2020,75.25480
120841,quant Mid Cap Fund - Growth Option - Direct Plan,quant Mutual Fund,Open Ended Schemes,Equity Scheme - Mid Cap Fund,01-12-2020,74.42410
120841,quant Mid Cap Fund - Growth Option - Direct Plan,quant Mutual Fund,Open Ended Schemes,Equity Scheme - Mid Cap Fund,27-11-2020,72.62310
120841,quant Mid Cap Fund - Growth Option - Direct Plan,quant Mutual Fund,Open Ended Schemes,Equity Scheme - Mid Cap Fund,26-11-2020,71.78210
120841,quant Mid Cap Fund - Growth Option - Direct Plan,quant Mutual Fund,Open Ended Schemes,Equity Scheme - Mid Cap Fund,25-11-2020,71.14470
120841,quant Mid Cap Fund - Growth Option - Direct Plan,quant Mutual Fund,Open Ended Schemes,Equity Scheme - Mid Cap Fund,24-11-2020,71.93090
120841,quant Mid Cap Fund - Growth Option - Direct Plan,quant Mutual Fund,Open Ended Schemes,Equity Scheme - Mid Cap Fund,23-11-2020,71.00880
120841,quant Mid Cap Fund - Growth Option - Direct Plan,quant Mutual Fund,Open Ended Schemes,Equity Scheme - Mid Cap Fund,20-11-2020,70.19590
120841,quant Mid Cap Fund - Growth Option - Direct Plan,quant Mutual Fund,Open Ended Schemes,Equity Scheme - Mid Cap Fund,19-11-2020,70.05250
120841,quant Mid Cap Fund - Growth Option - Direct Plan,quant Mutual Fund,Open Ended Schemes,Equity Scheme - Mid Cap Fund,18-11-2020,70.31770
120841,quant Mid Cap Fund - Growth Option - Direct Plan,quant Mutual Fund,Open Ended Schemes,Equity Scheme - Mid Cap Fund,17-11-2020,69.98250
120841,quant Mid Cap Fund - Growth Option - Direct Plan,quant Mutual Fund,Open Ended Schemes,Equity Scheme - Mid Cap Fund,13-11-2020,68.97020
120841,quant Mid Cap Fund - Growth Option - Direct Plan,quant Mutual Fund,Open Ended Schemes,Equity Scheme - Mid Cap Fund,12-11-2020,68.68130
120841,quant Mid Cap Fund - Growth Option - Direct Plan,quant Mutual Fund,Open Ended Schemes,Equity Scheme - Mid Cap Fund,11-11-2020,68.19970
120841,quant Mid Cap Fund - Growth Option - Direct Plan,quant Mutual Fund,Open Ended Schemes,Equity Scheme - Mid Cap Fund,10-11-2020,68.19610
120841,quant Mid Cap Fund - Growth Option - Direct Plan,quant Mutual Fund,Open Ended Schemes,Equity Scheme - Mid Cap Fund,09-11-2020,68.78610
120841,quant Mid Cap Fund - Growth Option - Direct Plan,quant Mutual Fund,Open Ended Schemes,Equity Scheme - Mid Cap Fund,06-11-2020,68.60930
120841,quant Mid Cap Fund - Growth Option - Direct Plan,quant Mutual Fund,Open Ended Schemes,Equity Scheme - Mid Cap Fund,05-11-2020,68.48090
120841,quant Mid Cap Fund - Growth Option - Direct Plan,quant Mutual Fund,Open Ended Schemes,Equity Scheme - Mid Cap Fund,04-11-2020,66.98650
120841,quant Mid Cap Fund - Growth Option - Direct Plan,quant Mutual Fund,Open Ended Schemes,Equity Scheme - Mid Cap Fund,03-11-2020,66.35150
120841,quant Mid Cap Fund - Growth Option - Direct Plan,quant Mutual Fund,Open Ended Schemes,Equity Scheme - Mid Cap Fund,02-11-2020,66.01870
120841,quant Mid Cap Fund - Growth Option - Direct Plan,quant Mutual Fund,Open Ended Schemes,Equity Scheme - Mid Cap Fund,30-10-2020,65.90000
120841,quant Mid Cap Fund - Growth Option - Direct Plan,quant Mutual Fund,Open Ended Schemes,Equity Scheme - Mid Cap Fund,29-10-2020,65.47690
120841,quant Mid Cap Fund - Growth Option - Direct Plan,quant Mutual Fund,Open Ended Schemes,Equity Scheme - Mid Cap Fund,28-10-2020,65.18780
120841,quant Mid Cap Fund - Growth Option - Direct Plan,quant Mutual Fund,Open Ended Schemes,Equity Scheme - Mid Cap Fund,27-10-2020,65.20390
120841,quant Mid Cap Fund - Growth Option - Direct Plan,quant Mutual Fund,Open Ended Schemes,Equity Scheme - Mid Cap Fund,26-10-2020,65.00520
120841,quant Mid Cap Fund - Growth Option - Direct Plan,quant Mutual Fund,Open Ended Schemes,Equity Scheme - Mid Cap Fund,23-10-2020,65.84420
120841,quant Mid Cap Fund - Growth Option - Direct Plan,quant Mutual Fund,Open Ended Schemes,Equity Scheme - Mid Cap Fund,22-10-2020,65.46070
120841,quant Mid Cap Fund - Growth Option - Direct Plan,quant Mutual Fund,Open Ended Schemes,Equity Scheme - Mid Cap Fund,21-10-2020,65.16980
120841,quant Mid Cap Fund - Growth Option - Direct Plan,quant Mutual Fund,Open Ended Schemes,Equity Scheme - Mid Cap Fund,20-10-2020,65.29170
120841,quant Mid Cap Fund - Growth Option - Direct Plan,quant Mutual Fund,Open Ended Schemes,Equity Scheme - Mid Cap Fund,19-10-2020,65.12750
120841,quant Mid Cap Fund - Growth Option - Direct Plan,quant Mutual Fund,Open Ended Schemes,Equity Scheme - Mid Cap Fund,16-10-2020,65.14790
120841,quant Mid Cap Fund - Growth Option - Direct Plan,quant Mutual Fund,Open Ended Schemes,Equity Scheme - Mid Cap Fund,15-10-2020,64.53170
120841,quant Mid Cap Fund - Growth Option - Direct Plan,quant Mutual Fund,Open Ended Schemes,Equity Scheme - Mid Cap Fund,14-10-2020,65.79570
120841,quant Mid Cap Fund - Growth Option - Direct Plan,quant Mutual Fund,Open Ended Schemes,Equity Scheme - Mid Cap Fund,13-10-2020,65.80730
120841,quant Mid Cap Fund - Growth Option - Direct Plan,quant Mutual Fund,Open Ended Schemes,Equity Scheme - Mid Cap Fund,12-10-2020,65.99210
120841,quant Mid Cap Fund - Growth Option - Direct Plan,quant Mutual Fund,Open Ended Schemes,Equity Scheme - Mid Cap Fund,09-10-2020,66.21000
120841,quant Mid Cap Fund - Growth Option - Direct Plan,quant Mutual Fund,Open Ended Schemes,Equity Scheme - Mid Cap Fund,08-10-2020,66.80600
120841,quant Mid Cap Fund - Growth Option - Direct Plan,quant Mutual Fund,Open Ended Schemes,Equity Scheme - Mid Cap Fund,07-10-2020,66.64210
120841,quant Mid Cap Fund - Growth Option - Direct Plan,quant Mutual Fund,Open Ended Schemes,Equity Scheme - Mid Cap Fund,06-10-2020,66.90870
120841,quant Mid Cap Fund - Growth Option - Direct Plan,quant Mutual Fund,Open Ended Schemes,Equity Scheme - Mid Cap Fund,05-10-2020,66.41880
120841,quant Mid Cap Fund - Growth Option - Direct Plan,quant Mutual Fund,Open Ended Schemes,Equity Scheme - Mid Cap Fund,01-10-2020,65.74410
120841,quant Mid Cap Fund - Growth Option - Direct Plan,quant Mutual Fund,Open Ended Schemes,Equity Scheme - Mid Cap Fund,30-09-2020,65.69530
120841,quant Mid Cap Fund - Growth Option - Direct Plan,quant Mutual Fund,Open Ended Schemes,Equity Scheme - Mid Cap Fund,29-09-2020,65.66230
120841,quant Mid Cap Fund - Growth Option - Direct Plan,quant Mutual Fund,Open Ended Schemes,Equity Scheme - Mid Cap Fund,28-09-2020,65.65290
120841,quant Mid Cap Fund - Growth Option - Direct Plan,quant Mutual Fund,Open Ended Schemes,Equity Scheme - Mid Cap Fund,25-09-2020,64.48830
120841,quant Mid Cap Fund - Growth Option - Direct Plan,quant Mutual Fund,Open Ended Schemes,Equity Scheme - Mid Cap Fund,24-09-2020,63.28430
120841,quant Mid Cap Fund - Growth Option - Direct Plan,quant Mutual Fund,Open Ended Schemes,Equity Scheme - Mid Cap Fund,23-09-2020,64.48890
120841,quant Mid Cap Fund - Growth Option - Direct Plan,quant Mutual Fund,Open Ended Schemes,Equity Scheme - Mid Cap Fund,22-09-2020,63.75330
120841,quant Mid Cap Fund - Growth Option - Direct Plan,quant Mutual Fund,Open Ended Schemes,Equity Scheme - Mid Cap Fund,21-09-2020,64.37060
120841,quant Mid Cap Fund - Growth Option - Direct Plan,quant Mutual Fund,Open Ended Schemes,Equity Scheme - Mid Cap Fund,18-09-2020,66.31890
120841,quant Mid Cap Fund - Growth Option - Direct Plan,quant Mutual Fund,Open Ended Schemes,Equity Scheme - Mid Cap Fund,17-09-2020,65.84000
120841,quant Mid Cap Fund - Growth Option - Direct Plan,quant Mutual Fund,Open Ended Schemes,Equity Scheme - Mid Cap Fund,16-09-2020,66.06780
120841,quant Mid Cap Fund - Growth Option - Direct Plan,quant Mutual Fund,Open Ended Schemes,Equity Scheme - Mid Cap Fund,15-09-2020,65.12820
120841,quant Mid Cap Fund - Growth Option - Direct Plan,quant Mutual Fund,Open Ended Schemes,Equity Scheme - Mid Cap Fund,14-09-2020,64.28410
120841,quant Mid Cap Fund - Growth Option - Direct Plan,quant Mutual Fund,Open Ended Schemes,Equity Scheme - Mid Cap Fund,11-09-2020,63.77020
120841,quant Mid Cap Fund - Growth Option - Direct Plan,quant Mutual Fund,Open Ended Schemes,Equity Scheme - Mid Cap Fund,10-09-2020,63.43660
120841,quant Mid Cap Fund - Growth Option - Direct Plan,quant Mutual Fund,Open Ended Schemes,Equity Scheme - Mid Cap Fund,09-09-2020,62.29260
120841,quant Mid Cap Fund - Growth Option - Direct Plan,quant Mutual Fund,Open Ended Schemes,Equity Scheme - Mid Cap Fund,08-09-2020,62.50350
120841,quant Mid Cap Fund - Growth Option - Direct Plan,quant Mutual Fund,Open Ended Schemes,Equity Scheme - Mid Cap Fund,07-09-2020,63.16890
120841,quant Mid Cap Fund - Growth Option - Direct Plan,quant Mutual Fund,Open Ended Schemes,Equity Scheme - Mid Cap Fund,04-09-2020,63.09200
120841,quant Mid Cap Fund - Growth Option - Direct Plan,quant Mutual Fund,Open Ended Schemes,Equity Scheme - Mid Cap Fund,03-09-2020,64.24490
120841,quant Mid Cap Fund - Growth Option - Direct Plan,quant Mutual Fund,Open Ended Schemes,Equity Scheme - Mid Cap Fund,02-09-2020,64.09110
120841,quant Mid Cap Fund - Growth Option - Direct Plan,quant Mutual Fund,Open Ended Schemes,Equity Scheme - Mid Cap Fund,01-09-2020,63.12210
120841,quant Mid Cap Fund - Growth Option - Direct Plan,quant Mutual Fund,Open Ended Schemes,Equity Scheme - Mid Cap Fund,31-08-2020,62.47560
120841,quant Mid Cap Fund - Growth Option - Direct Plan,quant Mutual Fund,Open Ended Schemes,Equity Scheme - Mid Cap Fund,28-08-2020,65.14760
120841,quant Mid Cap Fund - Growth Option - Direct Plan,quant Mutual Fund,Open Ended Schemes,Equity Scheme - Mid Cap Fund,27-08-2020,65.29440
120841,quant Mid Cap Fund - Growth Option - Direct Plan,quant Mutual Fund,Open Ended Schemes,Equity Scheme - Mid Cap Fund,26-08-2020,65.71810
120841,quant Mid Cap Fund - Growth Option - Direct Plan,quant Mutual Fund,Open Ended Schemes,Equity Scheme - Mid Cap Fund,25-08-2020,65.56940
120841,quant Mid Cap Fund - Growth Option - Direct Plan,quant Mutual Fund,Open Ended Schemes,Equity Scheme - Mid Cap Fund,24-08-2020,65.69340
120841,quant Mid Cap Fund - Growth Option - Direct Plan,quant Mutual Fund,Open Ended Schemes,Equity Scheme - Mid Cap Fund,21-08-2020,65.11650
120841,quant Mid Cap Fund - Growth Option - Direct Plan,quant Mutual Fund,Open Ended Schemes,Equity Scheme - Mid Cap Fund,20-08-2020,64.56370
120841,quant Mid Cap Fund - Growth Option - Direct Plan,quant Mutual Fund,Open Ended Schemes,Equity Scheme - Mid Cap Fund,19-08-2020,63.93550
120841,quant Mid Cap Fund - Growth Option - Direct Plan,quant Mutual Fund,Open Ended Schemes,Equity Scheme - Mid Cap Fund,18-08-2020,63.28250
120841,quant Mid Cap Fund - Growth Option - Direct Plan,quant Mutual Fund,Open Ended Schemes,Equity Scheme - Mid Cap Fund,17-08-2020,62.73960
120841,quant Mid Cap Fund - Growth Option - Direct Plan,quant Mutual Fund,Open Ended Schemes,Equity Scheme - Mid Cap Fund,14-08-2020,62.64530
120841,quant Mid Cap Fund - Growth Option - Direct Plan,quant Mutual Fund,Open Ended Schemes,Equity Scheme - Mid Cap Fund,13-08-2020,62.73830
120841,quant Mid Cap Fund - Growth Option - Direct Plan,quant Mutual Fund,Open Ended Schemes,Equity Scheme - Mid Cap Fund,12-08-2020,62.75560
120841,quant Mid Cap Fund - Growth Option - Direct Plan,quant Mutual Fund,Open Ended Schemes,Equity Scheme - Mid Cap Fund,11-08-2020,62.99860
120841,quant Mid Cap Fund - Growth Option - Direct Plan,quant Mutual Fund,Open Ended Schemes,Equity Scheme - Mid Cap Fund,10-08-2020,63.62040
120841,quant Mid Cap Fund - Growth Option - Direct Plan,quant Mutual Fund,Open Ended Schemes,Equity Scheme - Mid Cap Fund,07-08-2020,62.61110
120841,quant Mid Cap Fund - Growth Option - Direct Plan,quant Mutual Fund,Open Ended Schemes,Equity Scheme - Mid Cap Fund,06-08-2020,62.13610
120841,quant Mid Cap Fund - Growth Option - Direct Plan,quant Mutual Fund,Open Ended Schemes,Equity Scheme - Mid Cap Fund,05-08-2020,61.33840
120841,quant Mid Cap Fund - Growth Option - Direct Plan,quant Mutual Fund,Open Ended Schemes,Equity Scheme - Mid Cap Fund,04-08-2020,61.29550
120841,quant Mid Cap Fund - Growth Option - Direct Plan,quant Mutual Fund,Open Ended Schemes,Equity Scheme - Mid Cap Fund,03-08-2020,61.03980
120841,quant Mid Cap Fund - Growth Option - Direct Plan,quant Mutual Fund,Open Ended Schemes,Equity Scheme - Mid Cap Fund,31-07-2020,60.40400
120841,quant Mid Cap Fund - Growth Option - Direct Plan,quant Mutual Fund,Open Ended Schemes,Equity Scheme - Mid Cap Fund,30-07-2020,59.59410
120841,quant Mid Cap Fund - Growth Option - Direct Plan,quant Mutual Fund,Open Ended Schemes,Equity Scheme - Mid Cap Fund,29-07-2020,60.13100
120841,quant Mid Cap Fund - Growth Option - Direct Plan,quant Mutual Fund,Open Ended Schemes,Equity Scheme - Mid Cap Fund,28-07-2020,59.33230
120841,quant Mid Cap Fund - Growth Option - Direct Plan,quant Mutual Fund,Open Ended Schemes,Equity Scheme - Mid Cap Fund,27-07-2020,59.05590
120841,quant Mid Cap Fund - Growth Option - Direct Plan,quant Mutual Fund,Open Ended Schemes,Equity Scheme - Mid Cap Fund,24-07-2020,59.33580
120841,quant Mid Cap Fund - Growth Option - Direct Plan,quant Mutual Fund,Open Ended Schemes,Equity Scheme - Mid Cap Fund,23-07-2020,59.64380
120841,quant Mid Cap Fund - Growth Option - Direct Plan,quant Mutual Fund,Open Ended Schemes,Equity Scheme - Mid Cap Fund,22-07-2020,58.87620
120841,quant Mid Cap Fund - Growth Option - Direct Plan,quant Mutual Fund,Open Ended Schemes,Equity Scheme - Mid Cap Fund,21-07-2020,58.77060
120841,quant Mid Cap Fund - Growth Option - Direct Plan,quant Mutual Fund,Open Ended Schemes,Equity Scheme - Mid Cap Fund,20-07-2020,59.05900
120841,quant Mid Cap Fund - Growth Option - Direct Plan,quant Mutual Fund,Open Ended Schemes,Equity Scheme - Mid Cap Fund,17-07-2020,58.54000
120841,quant Mid Cap Fund - Growth Option - Direct Plan,quant Mutual Fund,Open Ended Schemes,Equity Scheme - Mid Cap Fund,16-07-2020,57.98060
120841,quant Mid Cap Fund - Growth Option - Direct Plan,quant Mutual Fund,Open Ended Schemes,Equity Scheme - Mid Cap Fund,15-07-2020,57.91930
120841,quant Mid Cap Fund - Growth Option - Direct Plan,quant Mutual Fund,Open Ended Schemes,Equity Scheme - Mid Cap Fund,14-07-2020,57.99190
120841,quant Mid Cap Fund - Growth Option - Direct Plan,quant Mutual Fund,Open Ended Schemes,Equity Scheme - Mid Cap Fund,13-07-2020,58.64370
120841,quant Mid Cap Fund - Growth Option - Direct Plan,quant Mutual Fund,Open Ended Schemes,Equity Scheme - Mid Cap Fund,10-07-2020,58.29810
120841,quant Mid Cap Fund - Growth Option - Direct Plan,quant Mutual Fund,Open Ended Schemes,Equity Scheme - Mid Cap Fund,09-07-2020,58.29800
120841,quant Mid Cap Fund - Growth Option - Direct Plan,quant Mutual Fund,Open Ended Schemes,Equity Scheme - Mid Cap Fund,08-07-2020,58.06630
120841,quant Mid Cap Fund - Growth Option - Direct Plan,quant Mutual Fund,Open Ended Schemes,Equity Scheme - Mid Cap Fund,07-07-2020,57.93500
120841,quant Mid Cap Fund - Growth Option - Direct Plan,quant Mutual Fund,Open Ended Schemes,Equity Scheme - Mid Cap Fund,06-07-2020,58.11300
120841,quant Mid Cap Fund - Growth Option - Direct Plan,quant Mutual Fund,Open Ended Schemes,Equity Scheme - Mid Cap Fund,03-07-2020,57.16960
120841,quant Mid Cap Fund - Growth Option - Direct Plan,quant Mutual Fund,Open Ended Schemes,Equity Scheme - Mid Cap Fund,02-07-2020,56.52850
120841,quant Mid Cap Fund - Growth Option - Direct Plan,quant Mutual Fund,Open Ended Schemes,Equity Scheme - Mid Cap Fund,01-07-2020,56.30510
120841,quant Mid Cap Fund - Growth Option - Direct Plan,quant Mutual Fund,Open Ended Schemes,Equity Scheme - Mid Cap Fund,30-06-2020,56.37960
120841,quant Mid Cap Fund - Growth Option - Direct Plan,quant Mutual Fund,Open Ended Schemes,Equity Scheme - Mid Cap Fund,29-06-2020,56.98510
120841,quant Mid Cap Fund - Growth Option - Direct Plan,quant Mutual Fund,Open Ended Schemes,Equity Scheme - Mid Cap Fund,26-06-2020,57.54250
120841,quant Mid Cap Fund - Growth Option - Direct Plan,quant Mutual Fund,Open Ended Schemes,Equity Scheme - Mid Cap Fund,25-06-2020,57.85400
120841,quant Mid Cap Fund - Growth Option - Direct Plan,quant Mutual Fund,Open Ended Schemes,Equity Scheme - Mid Cap Fund,24-06-2020,57.13580
120841,quant Mid Cap Fund - Growth Option - Direct Plan,quant Mutual Fund,Open Ended Schemes,Equity Scheme - Mid Cap Fund,23-06-2020,58.25610
120841,quant Mid Cap Fund - Growth Option - Direct Plan,quant Mutual Fund,Open Ended Schemes,Equity Scheme - Mid Cap Fund,22-06-2020,57.45470
120841,quant Mid Cap Fund - Growth Option - Direct Plan,quant Mutual Fund,Open Ended Schemes,Equity Scheme - Mid Cap Fund,19-06-2020,55.76880
120841,quant Mid Cap Fund - Growth Option - Direct Plan,quant Mutual Fund,Open Ended Schemes,Equity Scheme - Mid Cap Fund,18-06-2020,55.55560
120841,quant Mid Cap Fund - Growth Option - Direct Plan,quant Mutual Fund,Open Ended Schemes,Equity Scheme - Mid Cap Fund,17-06-2020,55.39300
120841,quant Mid Cap Fund - Growth Option - Direct Plan,quant Mutual Fund,Open Ended Schemes,Equity Scheme - Mid Cap Fund,16-06-2020,54.82120
120841,quant Mid Cap Fund - Growth Option - Direct Plan,quant Mutual Fund,Open Ended Schemes,Equity Scheme - Mid Cap Fund,15-06-2020,54.24320
120841,quant Mid Cap Fund - Growth Option - Direct Plan,quant Mutual Fund,Open Ended Schemes,Equity Scheme - Mid Cap Fund,12-06-2020,54.65590
120841,quant Mid Cap Fund - Growth Option - Direct Plan,quant Mutual Fund,Open Ended Schemes,Equity Scheme - Mid Cap Fund,11-06-2020,54.41550
120841,quant Mid Cap Fund - Growth Option - Direct Plan,quant Mutual Fund,Open Ended Schemes,Equity Scheme - Mid Cap Fund,10-06-2020,54.84850
120841,quant Mid Cap Fund - Growth Option - Direct Plan,quant Mutual Fund,Open Ended Schemes,Equity Scheme - Mid Cap Fund,09-06-2020,54.60840
120841,quant Mid Cap Fund - Growth Option - Direct Plan,quant Mutual Fund,Open Ended Schemes,Equity Scheme - Mid Cap Fund,08-06-2020,55.10660
120841,quant Mid Cap Fund - Growth Option - Direct Plan,quant Mutual Fund,Open Ended Schemes,Equity Scheme - Mid Cap Fund,05-06-2020,55.08390
120841,quant Mid Cap Fund - Growth Option - Direct Plan,quant Mutual Fund,Open Ended Schemes,Equity Scheme - Mid Cap Fund,04-06-2020,54.12890
120841,quant Mid Cap Fund - Growth Option - Direct Plan,quant Mutual Fund,Open Ended Schemes,Equity Scheme - Mid Cap Fund,03-06-2020,54.14720
120841,quant Mid Cap Fund - Growth Option - Direct Plan,quant Mutual Fund,Open Ended Schemes,Equity Scheme - Mid Cap Fund,02-06-2020,54.09960
120841,quant Mid Cap Fund - Growth Option - Direct Plan,quant Mutual Fund,Open Ended Schemes,Equity Scheme - Mid Cap Fund,01-06-2020,53.84110
120841,quant Mid Cap Fund - Growth Option - Direct Plan,quant Mutual Fund,Open Ended Schemes,Equity Scheme - Mid Cap Fund,29-05-2020,53.21970
120841,quant Mid Cap Fund - Growth Option - Direct Plan,quant Mutual Fund,Open Ended Schemes,Equity Scheme - Mid Cap Fund,28-05-2020,52.90980
120841,quant Mid Cap Fund - Growth Option - Direct Plan,quant Mutual Fund,Open Ended Schemes,Equity Scheme - Mid Cap Fund,27-05-2020,52.63680
120841,quant Mid Cap Fund - Growth Option - Direct Plan,quant Mutual Fund,Open Ended Schemes,Equity Scheme - Mid Cap Fund,26-05-2020,52.27570
120841,quant Mid Cap Fund - Growth Option - Direct Plan,quant Mutual Fund,Open Ended Schemes,Equity Scheme - Mid Cap Fund,22-05-2020,52.31400
120841,quant Mid Cap Fund - Growth Option - Direct Plan,quant Mutual Fund,Open Ended Schemes,Equity Scheme - Mid Cap Fund,21-05-2020,52.20250
120841,quant Mid Cap Fund - Growth Option - Direct Plan,quant Mutual Fund,Open Ended Schemes,Equity Scheme - Mid Cap Fund,20-05-2020,51.62040
120841,quant Mid Cap Fund - Growth Option - Direct Plan,quant Mutual Fund,Open Ended Schemes,Equity Scheme - Mid Cap Fund,19-05-2020,51.24380
120841,quant Mid Cap Fund - Growth Option - Direct Plan,quant Mutual Fund,Open Ended Schemes,Equity Scheme - Mid Cap Fund,18-05-2020,50.89050
120841,quant Mid Cap Fund - Growth Option - Direct Plan,quant Mutual Fund,Open Ended Schemes,Equity Scheme - Mid Cap Fund,15-05-2020,52.02530
120841,quant Mid Cap Fund - Growth Option - Direct Plan,quant Mutual Fund,Open Ended Schemes,Equity Scheme - Mid Cap Fund,14-05-2020,51.85940
120841,quant Mid Cap Fund - Growth Option - Direct Plan,quant Mutual Fund,Open Ended Schemes,Equity Scheme - Mid Cap Fund,13-05-2020,51.61340
120841,quant Mid Cap Fund - Growth Option - Direct Plan,quant Mutual Fund,Open Ended Schemes,Equity Scheme - Mid Cap Fund,12-05-2020,51.55990
120841,quant Mid Cap Fund - Growth Option - Direct Plan,quant Mutual Fund,Open Ended Schemes,Equity Scheme - Mid Cap Fund,11-05-2020,51.84460
120841,quant Mid Cap Fund - Growth Option - Direct Plan,quant Mutual Fund,Open Ended Schemes,Equity Scheme - Mid Cap Fund,08-05-2020,51.88290
120841,quant Mid Cap Fund - Growth Option - Direct Plan,quant Mutual Fund,Open Ended Schemes,Equity Scheme - Mid Cap Fund,07-05-2020,52.08840
120841,quant Mid Cap Fund - Growth Option - Direct Plan,quant Mutual Fund,Open Ended Schemes,Equity Scheme - Mid Cap Fund,06-05-2020,52.10500
120841,quant Mid Cap Fund - Growth Option - Direct Plan,quant Mutual Fund,Open Ended Schemes,Equity Scheme - Mid Cap Fund,05-05-2020,51.73310
120841,quant Mid Cap Fund - Growth Option - Direct Plan,quant Mutual Fund,Open Ended Schemes,Equity Scheme - Mid Cap Fund,04-05-2020,51.78640
120841,quant Mid Cap Fund - Growth Option - Direct Plan,quant Mutual Fund,Open Ended Schemes,Equity Scheme - Mid Cap Fund,30-04-2020,51.91380
120841,quant Mid Cap Fund - Growth Option - Direct Plan,quant Mutual Fund,Open Ended Schemes,Equity Scheme - Mid Cap Fund,29-04-2020,51.82120
120841,quant Mid Cap Fund - Growth Option - Direct Plan,quant Mutual Fund,Open Ended Schemes,Equity Scheme - Mid Cap Fund,28-04-2020,51.76870
120841,quant Mid Cap Fund - Growth Option - Direct Plan,quant Mutual Fund,Open Ended Schemes,Equity Scheme - Mid Cap Fund,27-04-2020,51.66010
120841,quant Mid Cap Fund - Growth Option - Direct Plan,quant Mutual Fund,Open Ended Schemes,Equity Scheme - Mid Cap Fund,24-04-2020,50.39920
120841,quant Mid Cap Fund - Growth Option - Direct Plan,quant Mutual Fund,Open Ended Schemes,Equity Scheme - Mid Cap Fund,23-04-2020,50.62320
120841,quant Mid Cap Fund - Growth Option - Direct Plan,quant Mutual Fund,Open Ended Schemes,Equity Scheme - Mid Cap Fund,22-04-2020,49.94460
120841,quant Mid Cap Fund - Growth Option - Direct Plan,quant Mutual Fund,Open Ended Schemes,Equity Scheme - Mid Cap Fund,21-04-2020,49.94280
120841,quant Mid Cap Fund - Growth Option - Direct Plan,quant Mutual Fund,Open Ended Schemes,Equity Scheme - Mid Cap Fund,20-04-2020,50.53950
120841,quant Mid Cap Fund - Growth Option - Direct Plan,quant Mutual Fund,Open Ended Schemes,Equity Scheme - Mid Cap Fund,17-04-2020,50.83690
120841,quant Mid Cap Fund - Growth Option - Direct Plan,quant Mutual Fund,Open Ended Schemes,Equity Scheme - Mid Cap Fund,16-04-2020,50.68580
120841,quant Mid Cap Fund - Growth Option - Direct Plan,quant Mutual Fund,Open Ended Schemes,Equity Scheme - Mid Cap Fund,15-04-2020,49.93750
120841,quant Mid Cap Fund - Growth Option - Direct Plan,quant Mutual Fund,Open Ended Schemes,Equity Scheme - Mid Cap Fund,13-04-2020,49.79870
120841,quant Mid Cap Fund - Growth Option - Direct Plan,quant Mutual Fund,Open Ended Schemes,Equity Scheme - Mid Cap Fund,09-04-2020,49.73110
120841,quant Mid Cap Fund - Growth Option - Direct Plan,quant Mutual Fund,Open Ended Schemes,Equity Scheme - Mid Cap Fund,08-04-2020,48.53260
120841,quant Mid Cap Fund - Growth Option - Direct Plan,quant Mutual Fund,Open Ended Schemes,Equity Scheme - Mid Cap Fund,07-04-2020,46.71500
120841,quant Mid Cap Fund - Growth Option - Direct Plan,quant Mutual Fund,Open Ended Schemes,Equity Scheme - Mid Cap Fund,03-04-2020,43.64070
120841,quant Mid Cap Fund - Growth Option - Direct Plan,quant Mutual Fund,Open Ended Schemes,Equity Scheme - Mid Cap Fund,01-04-2020,43.71470
120841,quant Mid Cap Fund - Growth Option - Direct Plan,quant Mutual Fund,Open Ended Schemes,Equity Scheme - Mid Cap Fund,31-03-2020,44.41000
120841,quant Mid Cap Fund - Growth Option - Direct Plan,quant Mutual Fund,Open Ended Schemes,Equity Scheme - Mid Cap Fund,30-03-2020,42.99230
120841,quant Mid Cap Fund - Growth Option - Direct Plan,quant Mutual Fund,Open Ended Schemes,Equity Scheme - Mid Cap Fund,27-03-2020,43.33320
120841,quant Mid Cap Fund - Growth Option - Direct Plan,quant Mutual Fund,Open Ended Schemes,Equity Scheme - Mid Cap Fund,26-03-2020,43.37820
120841,quant Mid Cap Fund - Growth Option - Direct Plan,quant Mutual Fund,Open Ended Schemes,Equity Scheme - Mid Cap Fund,25-03-2020,41.75400
120841,quant Mid Cap Fund - Growth Option - Direct Plan,quant Mutual Fund,Open Ended Schemes,Equity Scheme - Mid Cap Fund,24-03-2020,40.74550
120841,quant Mid Cap Fund - Growth Option - Direct Plan,quant Mutual Fund,Open Ended Schemes,Equity Scheme - Mid Cap Fund,23-03-2020,40.49960
120841,quant Mid Cap Fund - Growth Option - Direct Plan,quant Mutual Fund,Open Ended Schemes,Equity Scheme - Mid Cap Fund,20-03-2020,45.00550
120841,quant Mid Cap Fund - Growth Option - Direct Plan,quant Mutual Fund,Open Ended Schemes,Equity Scheme - Mid Cap Fund,19-03-2020,42.09940
120841,quant Mid Cap Fund - Growth Option - Direct Plan,quant Mutual Fund,Open Ended Schemes,Equity Scheme - Mid Cap Fund,18-03-2020,43.31210
120841,quant Mid Cap Fund - Growth Option - Direct Plan,quant Mutual Fund,Open Ended Schemes,Equity Scheme - Mid Cap Fund,17-03-2020,46.20540
120841,quant Mid Cap Fund - Growth Option - Direct Plan,quant Mutual Fund,Open Ended Schemes,Equity Scheme - Mid Cap Fund,16-03-2020,47.31600
120841,quant Mid Cap Fund - Growth Option - Direct Plan,quant Mutual Fund,Open Ended Schemes,Equity Scheme - Mid Cap Fund,13-03-2020,50.20950
120841,quant Mid Cap Fund - Growth Option - Direct Plan,quant Mutual Fund,Open Ended Schemes,Equity Scheme - Mid Cap Fund,12-03-2020,49.23530
120841,quant Mid Cap Fund - Growth Option - Direct Plan,quant Mutual Fund,Open Ended Schemes,Equity Scheme - Mid Cap Fund,11-03-2020,53.34430
120841,quant Mid Cap Fund - Growth Option - Direct Plan,quant Mutual Fund,Open Ended Schemes,Equity Scheme - Mid Cap Fund,09-03-2020,53.62950
120841,quant Mid Cap Fund - Growth Option - Direct Plan,quant Mutual Fund,Open Ended Schemes,Equity Scheme - Mid Cap Fund,06-03-2020,56.16370
120841,quant Mid Cap Fund - Growth Option - Direct Plan,quant Mutual Fund,Open Ended Schemes,Equity Scheme - Mid Cap Fund,05-03-2020,57.16140
120841,quant Mid Cap Fund - Growth Option - Direct Plan,quant Mutual Fund,Open Ended Schemes,Equity Scheme - Mid Cap Fund,04-03-2020,56.51700
120841,quant Mid Cap Fund - Growth Option - Direct Plan,quant Mutual Fund,Open Ended Schemes,Equity Scheme - Mid Cap Fund,03-03-2020,57.01810
120841,quant Mid Cap Fund - Growth Option - Direct Plan,quant Mutual Fund,Open Ended Schemes,Equity Scheme - Mid Cap Fund,02-03-2020,55.92810
120841,quant Mid Cap Fund - Growth Option - Direct Plan,quant Mutual Fund,Open Ended Schemes,Equity Scheme - Mid Cap Fund,28-02-2020,55.80330
120841,quant Mid Cap Fund - Growth Option - Direct Plan,quant Mutual Fund,Open Ended Schemes,Equity Scheme - Mid Cap Fund,27-02-2020,57.93470
120841,quant Mid Cap Fund - Growth Option - Direct Plan,quant Mutual Fund,Open Ended Schemes,Equity Scheme - Mid Cap Fund,26-02-2020,58.76610
120841,quant Mid Cap Fund - Growth Option - Direct Plan,quant Mutual Fund,Open Ended Schemes,Equity Scheme - Mid Cap Fund,25-02-2020,59.64280
120841,quant Mid Cap Fund - Growth Option - Direct Plan,quant Mutual Fund,Open Ended Schemes,Equity Scheme - Mid Cap Fund,24-02-2020,59.71330
120841,quant Mid Cap Fund - Growth Option - Direct Plan,quant Mutual Fund,Open Ended Schemes,Equity Scheme - Mid Cap Fund,20-02-2020,60.71930
120841,quant Mid Cap Fund - Growth Option - Direct Plan,quant Mutual Fund,Open Ended Schemes,Equity Scheme - Mid Cap Fund,19-02-2020,60.41770
120841,quant Mid Cap Fund - Growth Option - Direct Plan,quant Mutual Fund,Open Ended Schemes,Equity Scheme - Mid Cap Fund,18-02-2020,59.01370
120841,quant Mid Cap Fund - Growth Option - Direct Plan,quant Mutual Fund,Open Ended Schemes,Equity Scheme - Mid Cap Fund,17-02-2020,58.47970
120841,quant Mid Cap Fund - Growth Option - Direct Plan,quant Mutual Fund,Open Ended Schemes,Equity Scheme - Mid Cap Fund,14-02-2020,58.99990
120841,quant Mid Cap Fund - Growth Option - Direct Plan,quant Mutual Fund,Open Ended Schemes,Equity Scheme - Mid Cap Fund,13-02-2020,59.89240
120841,quant Mid Cap Fund - Growth Option - Direct Plan,quant Mutual Fund,Open Ended Schemes,Equity Scheme - Mid Cap Fund,12-02-2020,60.12190
120841,quant Mid Cap Fund - Growth Option - Direct Plan,quant Mutual Fund,Open Ended Schemes,Equity Scheme - Mid Cap Fund,11-02-2020,60.05880
120841,quant Mid Cap Fund - Growth Option - Direct Plan,quant Mutual Fund,Open Ended Schemes,Equity Scheme - Mid Cap Fund,10-02-2020,59.57730
120841,quant Mid Cap Fund - Growth Option - Direct Plan,quant Mutual Fund,Open Ended Schemes,Equity Scheme - Mid Cap Fund,07-02-2020,59.65840
120841,quant Mid Cap Fund - Growth Option - Direct Plan,quant Mutual Fund,Open Ended Schemes,Equity Scheme - Mid Cap Fund,06-02-2020,59.09510
120841,quant Mid Cap Fund - Growth Option - Direct Plan,quant Mutual Fund,Open Ended Schemes,Equity Scheme - Mid Cap Fund,05-02-2020,59.19070
120841,quant Mid Cap Fund - Growth Option - Direct Plan,quant Mutual Fund,Open Ended Schemes,Equity Scheme - Mid Cap Fund,04-02-2020,58.57630
120841,quant Mid Cap Fund - Growth Option - Direct Plan,quant Mutual Fund,Open Ended Schemes,Equity Scheme - Mid Cap Fund,03-02-2020,58.04250
120841,quant Mid Cap Fund - Growth Option - Direct Plan,quant Mutual Fund,Open Ended Schemes,Equity Scheme - Mid Cap Fund,31-01-2020,59.71570
120841,quant Mid Cap Fund - Growth Option - Direct Plan,quant Mutual Fund,Open Ended Schemes,Equity Scheme - Mid Cap Fund,30-01-2020,60.10500
120841,quant Mid Cap Fund - Growth Option - Direct Plan,quant Mutual Fund,Open Ended Schemes,Equity Scheme - Mid Cap Fund,29-01-2020,60.83750
120841,quant Mid Cap Fund - Growth Option - Direct Plan,quant Mutual Fund,Open Ended Schemes,Equity Scheme - Mid Cap Fund,28-01-2020,60.57520
120841,quant Mid Cap Fund - Growth Option - Direct Plan,quant Mutual Fund,Open Ended Schemes,Equity Scheme - Mid Cap Fund,27-01-2020,60.65310
120841,quant Mid Cap Fund - Growth Option - Direct Plan,quant Mutual Fund,Open Ended Schemes,Equity Scheme - Mid Cap Fund,24-01-2020,60.40240
120841,quant Mid Cap Fund - Growth Option - Direct Plan,quant Mutual Fund,Open Ended Schemes,Equity Scheme - Mid Cap Fund,23-01-2020,59.70820
120841,quant Mid Cap Fund - Growth Option - Direct Plan,quant Mutual Fund,Open Ended Schemes,Equity Scheme - Mid Cap Fund,22-01-2020,58.89530
120841,quant Mid Cap Fund - Growth Option - Direct Plan,quant Mutual Fund,Open Ended Schemes,Equity Scheme - Mid Cap Fund,21-01-2020,58.71610
120841,quant Mid Cap Fund - Growth Option - Direct Plan,quant Mutual Fund,Open Ended Schemes,Equity Scheme - Mid Cap Fund,20-01-2020,58.57220
120841,quant Mid Cap Fund - Growth Option - Direct Plan,quant Mutual Fund,Open Ended Schemes,Equity Scheme - Mid Cap Fund,17-01-2020,58.70120
120841,quant Mid Cap Fund - Growth Option - Direct Plan,quant Mutual Fund,Open Ended Schemes,Equity Scheme - Mid Cap Fund,16-01-2020,58.59490
120841,quant Mid Cap Fund - Growth Option - Direct Plan,quant Mutual Fund,Open Ended Schemes,Equity Scheme - Mid Cap Fund,15-01-2020,58.45060
120841,quant Mid Cap Fund - Growth Option - Direct Plan,quant Mutual Fund,Open Ended Schemes,Equity Scheme - Mid Cap Fund,14-01-2020,58.21170
120841,quant Mid Cap Fund - Growth Option - Direct Plan,quant Mutual Fund,Open Ended Schemes,Equity Scheme - Mid Cap Fund,13-01-2020,57.42740
120841,quant Mid Cap Fund - Growth Option - Direct Plan,quant Mutual Fund,Open Ended Schemes,Equity Scheme - Mid Cap Fund,10-01-2020,57.01360
120841,quant Mid Cap Fund - Growth Option - Direct Plan,quant Mutual Fund,Open Ended Schemes,Equity Scheme - Mid Cap Fund,09-01-2020,57.06190
120841,quant Mid Cap Fund - Growth Option - Direct Plan,quant Mutual Fund,Open Ended Schemes,Equity Scheme - Mid Cap Fund,08-01-2020,56.12550
120841,quant Mid Cap Fund - Growth Option - Direct Plan,quant Mutual Fund,Open Ended Schemes,Equity Scheme - Mid Cap Fund,07-01-2020,56.21730
120841,quant Mid Cap Fund - Growth Option - Direct Plan,quant Mutual Fund,Open Ended Schemes,Equity Scheme - Mid Cap Fund,06-01-2020,55.69760
120841,quant Mid Cap Fund - Growth Option - Direct Plan,quant Mutual Fund,Open Ended Schemes,Equity Scheme - Mid Cap Fund,03-01-2020,56.77800
120841,quant Mid Cap Fund - Growth Option - Direct Plan,quant Mutual Fund,Open Ended Schemes,Equity Scheme - Mid Cap Fund,02-01-2020,56.96880
120841,quant Mid Cap Fund - Growth Option - Direct Plan,quant Mutual Fund,Open Ended Schemes,Equity Scheme - Mid Cap Fund,01-01-2020,56.41890
120841,quant Mid Cap Fund - Growth Option - Direct Plan,quant Mutual Fund,Open Ended Schemes,Equity Scheme - Mid Cap Fund,31-12-2019,56.42800
120841,quant Mid Cap Fund - Growth Option - Direct Plan,quant Mutual Fund,Open Ended Schemes,Equity Scheme - Mid Cap Fund,30-12-2019,56.53260
120841,quant Mid Cap Fund - Growth Option - Direct Plan,quant Mutual Fund,Open Ended Schemes,Equity Scheme - Mid Cap Fund,27-12-2019,56.39960
120841,quant Mid Cap Fund - Growth Option - Direct Plan,quant Mutual Fund,Open Ended Schemes,Equity Scheme - Mid Cap Fund,26-12-2019,55.95280
120841,quant Mid Cap Fund - Growth Option - Direct Plan,quant Mutual Fund,Open Ended Schemes,Equity Scheme - Mid Cap Fund,24-12-2019,55.77720
120841,quant Mid Cap Fund - Growth Option - Direct Plan,quant Mutual Fund,Open Ended Schemes,Equity Scheme - Mid Cap Fund,23-12-2019,55.93660
120841,quant Mid Cap Fund - Growth Option - Direct Plan,quant Mutual Fund,Open Ended Schemes,Equity Scheme - Mid Cap Fund,20-12-2019,56.06460
120841,quant Mid Cap Fund - Growth Option - Direct Plan,quant Mutual Fund,Open Ended Schemes,Equity Scheme - Mid Cap Fund,19-12-2019,56.07730
120841,quant Mid Cap Fund - Growth Option - Direct Plan,quant Mutual Fund,Open Ended Schemes,Equity Scheme - Mid Cap Fund,18-12-2019,55.80290
120841,quant Mid Cap Fund - Growth Option - Direct Plan,quant Mutual Fund,Open Ended Schemes,Equity Scheme - Mid Cap Fund,17-12-2019,56.09880
120841,quant Mid Cap Fund - Growth Option - Direct Plan,quant Mutual Fund,Open Ended Schemes,Equity Scheme - Mid Cap Fund,16-12-2019,55.90570
120841,quant Mid Cap Fund - Growth Option - Direct Plan,quant Mutual Fund,Open Ended Schemes,Equity Scheme - Mid Cap Fund,13-12-2019,56.41800
120841,quant Mid Cap Fund - Growth Option - Direct Plan,quant Mutual Fund,Open Ended Schemes,Equity Scheme - Mid Cap Fund,12-12-2019,56.07620
120841,quant Mid Cap Fund - Growth Option - Direct Plan,quant Mutual Fund,Open Ended Schemes,Equity Scheme - Mid Cap Fund,11-12-2019,55.61480
120841,quant Mid Cap Fund - Growth Option - Direct Plan,quant Mutual Fund,Open Ended Schemes,Equity Scheme - Mid Cap Fund,10-12-2019,55.33570
120841,quant Mid Cap Fund - Growth Option - Direct Plan,quant Mutual Fund,Open Ended Schemes,Equity Scheme - Mid Cap Fund,09-12-2019,56.17100
120841,quant Mid Cap Fund - Growth Option - Direct Plan,quant Mutual Fund,Open Ended Schemes,Equity Scheme - Mid Cap Fund,06-12-2019,56.29170
120841,quant Mid Cap Fund - Growth Option - Direct Plan,quant Mutual Fund,Open Ended Schemes,Equity Scheme - Mid Cap Fund,05-12-2019,56.78380
120841,quant Mid Cap Fund - Growth Option - Direct Plan,quant Mutual Fund,Open Ended Schemes,Equity Scheme - Mid Cap Fund,04-12-2019,57.07550
120841,quant Mid Cap Fund - Growth Option - Direct Plan,quant Mutual Fund,Open Ended Schemes,Equity Scheme - Mid Cap Fund,03-12-2019,56.96500
120841,quant Mid Cap Fund - Growth Option - Direct Plan,quant Mutual Fund,Open Ended Schemes,Equity Scheme - Mid Cap Fund,02-12-2019,57.36290
120841,quant Mid Cap Fund - Growth Option - Direct Plan,quant Mutual Fund,Open Ended Schemes,Equity Scheme - Mid Cap Fund,29-11-2019,57.59180
120841,quant Mid Cap Fund - Growth Option - Direct Plan,quant Mutual Fund,Open Ended Schemes,Equity Scheme - Mid Cap Fund,28-11-2019,57.84830
120841,quant Mid Cap Fund - Growth Option - Direct Plan,quant Mutual Fund,Open Ended Schemes,Equity Scheme - Mid Cap Fund,27-11-2019,57.34080
120841,quant Mid Cap Fund - Growth Option - Direct Plan,quant Mutual Fund,Open Ended Schemes,Equity Scheme - Mid Cap Fund,26-11-2019,56.72510
120841,quant Mid Cap Fund - Growth Option - Direct Plan,quant Mutual Fund,Open Ended Schemes,Equity Scheme - Mid Cap Fund,25-11-2019,57.22650
120841,quant Mid Cap Fund - Growth Option - Direct Plan,quant Mutual Fund,Open Ended Schemes,Equity Scheme - Mid Cap Fund,22-11-2019,56.90150
120841,quant Mid Cap Fund - Growth Option - Direct Plan,quant Mutual Fund,Open Ended Schemes,Equity Scheme - Mid Cap Fund,21-11-2019,57.35100
120841,quant Mid Cap Fund - Growth Option - Direct Plan,quant Mutual Fund,Open Ended Schemes,Equity Scheme - Mid Cap Fund,20-11-2019,57.43790
120841,quant Mid Cap Fund - Growth Option - Direct Plan,quant Mutual Fund,Open Ended Schemes,Equity Scheme - Mid Cap Fund,19-11-2019,57.33070
120841,quant Mid Cap Fund - Growth Option - Direct Plan,quant Mutual Fund,Open Ended Schemes,Equity Scheme - Mid Cap Fund,18-11-2019,57.05680
120841,quant Mid Cap Fund - Growth Option - Direct Plan,quant Mutual Fund,Open Ended Schemes,Equity Scheme - Mid Cap Fund,15-11-2019,56.68100
120841,quant Mid Cap Fund - Growth Option - Direct Plan,quant Mutual Fund,Open Ended Schemes,Equity Scheme - Mid Cap Fund,14-11-2019,56.81780
120841,quant Mid Cap Fund - Growth Option - Direct Plan,quant Mutual Fund,Open Ended Schemes,Equity Scheme - Mid Cap Fund,13-11-2019,56.71020
120841,quant Mid Cap Fund - Growth Option - Direct Plan,quant Mutual Fund,Open Ended Schemes,Equity Scheme - Mid Cap Fund,11-11-2019,56.18370
120841,quant Mid Cap Fund - Growth Option - Direct Plan,quant Mutual Fund,Open Ended Schemes,Equity Scheme - Mid Cap Fund,08-11-2019,55.74640
120841,quant Mid Cap Fund - Growth Option - Direct Plan,quant Mutual Fund,Open Ended Schemes,Equity Scheme - Mid Cap Fund,07-11-2019,56.06010
120841,quant Mid Cap Fund - Growth Option - Direct Plan,quant Mutual Fund,Open Ended Schemes,Equity Scheme - Mid Cap Fund,06-11-2019,56.28540
120841,quant Mid Cap Fund - Growth Option - Direct Plan,quant Mutual Fund,Open Ended Schemes,Equity Scheme - Mid Cap Fund,05-11-2019,56.20480
120841,quant Mid Cap Fund - Growth Option - Direct Plan,quant Mutual Fund,Open Ended Schemes,Equity Scheme - Mid Cap Fund,04-11-2019,57.08100
120841,quant Mid Cap Fund - Growth Option - Direct Plan,quant Mutual Fund,Open Ended Schemes,Equity Scheme - Mid Cap Fund,01-11-2019,57.08200
120841,quant Mid Cap Fund - Growth Option - Direct Plan,quant Mutual Fund,Open Ended Schemes,Equity Scheme - Mid Cap Fund,31-10-2019,57.51530
120841,quant Mid Cap Fund - Growth Option - Direct Plan,quant Mutual Fund,Open Ended Schemes,Equity Scheme - Mid Cap Fund,30-10-2019,57.10140
120841,quant Mid Cap Fund - Growth Option - Direct Plan,quant Mutual Fund,Open Ended Schemes,Equity Scheme - Mid Cap Fund,29-10-2019,56.39990
120841,quant Mid Cap Fund - Growth Option - Direct Plan,quant Mutual Fund,Open Ended Schemes,Equity Scheme - Mid Cap Fund,25-10-2019,55.39990
120841,quant Mid Cap Fund - Growth Option - Direct Plan,quant Mutual Fund,Open Ended Schemes,Equity Scheme - Mid Cap Fund,24-10-2019,55.35040
120841,quant Mid Cap Fund - Growth Option - Direct Plan,quant Mutual Fund,Open Ended Schemes,Equity Scheme - Mid Cap Fund,23-10-2019,55.77650
120841,quant Mid Cap Fund - Growth Option - Direct Plan,quant Mutual Fund,Open Ended Schemes,Equity Scheme - Mid Cap Fund,22-10-2019,54.98540
120841,quant Mid Cap Fund - Growth Option - Direct Plan,quant Mutual Fund,Open Ended Schemes,Equity Scheme - Mid Cap Fund,18-10-2019,54.32530
120841,quant Mid Cap Fund - Growth Option - Direct Plan,quant Mutual Fund,Open Ended Schemes,Equity Scheme - Mid Cap Fund,17-10-2019,53.41890
120841,quant Mid Cap Fund - Growth Option - Direct Plan,quant Mutual Fund,Open Ended Schemes,Equity Scheme - Mid Cap Fund,16-10-2019,52.29960
120841,quant Mid Cap Fund - Growth Option - Direct Plan,quant Mutual Fund,Open Ended Schemes,Equity Scheme - Mid Cap Fund,15-10-2019,52.14960
120841,quant Mid Cap Fund - Growth Option - Direct Plan,quant Mutual Fund,Open Ended Schemes,Equity Scheme - Mid Cap Fund,14-10-2019,52.00630
120841,quant Mid Cap Fund - Growth Option - Direct Plan,quant Mutual Fund,Open Ended Schemes,Equity Scheme - Mid Cap Fund,11-10-2019,51.71570
120841,quant Mid Cap Fund - Growth Option - Direct Plan,quant Mutual Fund,Open Ended Schemes,Equity Scheme - Mid Cap Fund,10-10-2019,51.35200
120841,quant Mid Cap Fund - Growth Option - Direct Plan,quant Mutual Fund,Open Ended Schemes,Equity Scheme - Mid Cap Fund,09-10-2019,52.12010
120841,quant Mid Cap Fund - Growth Option - Direct Plan,quant Mutual Fund,Open Ended Schemes,Equity Scheme - Mid Cap Fund,07-10-2019,51.58740
120841,quant Mid Cap Fund - Growth Option - Direct Plan,quant Mutual Fund,Open Ended Schemes,Equity Scheme - Mid Cap Fund,04-10-2019,51.51980
120841,quant Mid Cap Fund - Growth Option - Direct Plan,quant Mutual Fund,Open Ended Schemes,Equity Scheme - Mid Cap Fund,03-10-2019,52.40470
120841,quant Mid Cap Fund - Growth Option - Direct Plan,quant Mutual Fund,Open Ended Schemes,Equity Scheme - Mid Cap Fund,01-10-2019,52.32660
120841,quant Mid Cap Fund - Growth Option - Direct Plan,quant Mutual Fund,Open Ended Schemes,Equity Scheme - Mid Cap Fund,30-09-2019,53.01180
120841,quant Mid Cap Fund - Growth Option - Direct Plan,quant Mutual Fund,Open Ended Schemes,Equity Scheme - Mid Cap Fund,27-09-2019,53.90870
120841,quant Mid Cap Fund - Growth Option - Direct Plan,quant Mutual Fund,Open Ended Schemes,Equity Scheme - Mid Cap Fund,26-09-2019,53.91010
120841,quant Mid Cap Fund - Growth Option - Direct Plan,quant Mutual Fund,Open Ended Schemes,Equity Scheme - Mid Cap Fund,25-09-2019,53.46710
120841,quant Mid Cap Fund - Growth Option - Direct Plan,quant Mutual Fund,Open Ended Schemes,Equity Scheme - Mid Cap Fund,24-09-2019,53.80590
120841,quant Mid Cap Fund - Growth Option - Direct Plan,quant Mutual Fund,Open Ended Schemes,Equity Scheme - Mid Cap Fund,23-09-2019,54.13980
120841,quant Mid Cap Fund - Growth Option - Direct Plan,quant Mutual Fund,Open Ended Schemes,Equity Scheme - Mid Cap Fund,20-09-2019,52.92280
120841,quant Mid Cap Fund - Growth Option - Direct Plan,quant Mutual Fund,Open Ended Schemes,Equity Scheme - Mid Cap Fund,19-09-2019,49.83590
120841,quant Mid Cap Fund - Growth Option - Direct Plan,quant Mutual Fund,Open Ended Schemes,Equity Scheme - Mid Cap Fund,18-09-2019,50.46350
120841,quant Mid Cap Fund - Growth Option - Direct Plan,quant Mutual Fund,Open Ended Schemes,Equity Scheme - Mid Cap Fund,17-09-2019,50.15860
120841,quant Mid Cap Fund - Growth Option - Direct Plan,quant Mutual Fund,Open Ended Schemes,Equity Scheme - Mid Cap Fund,16-09-2019,51.18960
120841,quant Mid Cap Fund - Growth Option - Direct Plan,quant Mutual Fund,Open Ended Schemes,Equity Scheme - Mid Cap Fund,13-09-2019,51.92640
120841,quant Mid Cap Fund - Growth Option - Direct Plan,quant Mutual Fund,Open Ended Schemes,Equity Scheme - Mid Cap Fund,12-09-2019,51.61760
120841,quant Mid Cap Fund - Growth Option - Direct Plan,quant Mutual Fund,Open Ended Schemes,Equity Scheme - Mid Cap Fund,11-09-2019,52.13340
120841,quant Mid Cap Fund - Growth Option - Direct Plan,quant Mutual Fund,Open Ended Schemes,Equity Scheme - Mid Cap Fund,09-09-2019,52.27420
120841,quant Mid Cap Fund - Growth Option - Direct Plan,quant Mutual Fund,Open Ended Schemes,Equity Scheme - Mid Cap Fund,06-09-2019,51.69880
120841,quant Mid Cap Fund - Growth Option - Direct Plan,quant Mutual Fund,Open Ended Schemes,Equity Scheme - Mid Cap Fund,05-09-2019,51.03700
120841,quant Mid Cap Fund - Growth Option - Direct Plan,quant Mutual Fund,Open Ended Schemes,Equity Scheme - Mid Cap Fund,04-09-2019,51.20900
120841,quant Mid Cap Fund - Growth Option - Direct Plan,quant Mutual Fund,Open Ended Schemes,Equity Scheme - Mid Cap Fund,03-09-2019,51.19420
120841,quant Mid Cap Fund - Growth Option - Direct Plan,quant Mutual Fund,Open Ended Schemes,Equity Scheme - Mid Cap Fund,30-08-2019,51.48040
120841,quant Mid Cap Fund - Growth Option - Direct Plan,quant Mutual Fund,Open Ended Schemes,Equity Scheme - Mid Cap Fund,29-08-2019,50.95880
120841,quant Mid Cap Fund - Growth Option - Direct Plan,quant Mutual Fund,Open Ended Schemes,Equity Scheme - Mid Cap Fund,28-08-2019,51.40260
120841,quant Mid Cap Fund - Growth Option - Direct Plan,quant Mutual Fund,Open Ended Schemes,Equity Scheme - Mid Cap Fund,27-08-2019,51.17770
120841,quant Mid Cap Fund - Growth Option - Direct Plan,quant Mutual Fund,Open Ended Schemes,Equity Scheme - Mid Cap Fund,26-08-2019,50.25160
120841,quant Mid Cap Fund - Growth Option - Direct Plan,quant Mutual Fund,Open Ended Schemes,Equity Scheme - Mid Cap Fund,23-08-2019,49.29950
120841,quant Mid Cap Fund - Growth Option - Direct Plan,quant Mutual Fund,Open Ended Schemes,Equity Scheme - Mid Cap Fund,22-08-2019,48.90950
120841,quant Mid Cap Fund - Growth Option - Direct Plan,quant Mutual Fund,Open Ended Schemes,Equity Scheme - Mid Cap Fund,21-08-2019,49.59600
120841,quant Mid Cap Fund - Growth Option - Direct Plan,quant Mutual Fund,Open Ended Schemes,Equity Scheme - Mid Cap Fund,20-08-2019,50.57130
120841,quant Mid Cap Fund - Growth Option - Direct Plan,quant Mutual Fund,Open Ended Schemes,Equity Scheme - Mid Cap Fund,19-08-2019,51.03070
120841,quant Mid Cap Fund - Growth Option - Direct Plan,quant Mutual Fund,Open Ended Schemes,Equity Scheme - Mid Cap Fund,16-08-2019,51.10220
120841,quant Mid Cap Fund - Growth Option - Direct Plan,quant Mutual Fund,Open Ended Schemes,Equity Scheme - Mid Cap Fund,14-08-2019,50.85350
120841,quant Mid Cap Fund - Growth Option - Direct Plan,quant Mutual Fund,Open Ended Schemes,Equity Scheme - Mid Cap Fund,13-08-2019,50.16150
120841,quant Mid Cap Fund - Growth Option - Direct Plan,quant Mutual Fund,Open Ended Schemes,Equity Scheme - Mid Cap Fund,09-08-2019,51.37380
120841,quant Mid Cap Fund - Growth Option - Direct Plan,quant Mutual Fund,Open Ended Schemes,Equity Scheme - Mid Cap Fund,08-08-2019,50.85150
120841,quant Mid Cap Fund - Growth Option - Direct Plan,quant Mutual Fund,Open Ended Schemes,Equity Scheme - Mid Cap Fund,07-08-2019,50.51970
120841,quant Mid Cap Fund - Growth Option - Direct Plan,quant Mutual Fund,Open Ended Schemes,Equity Scheme - Mid Cap Fund,06-08-2019,50.88860
120841,quant Mid Cap Fund - Growth Option - Direct Plan,quant Mutual Fund,Open Ended Schemes,Equity Scheme - Mid Cap Fund,05-08-2019,50.16180
120841,quant Mid Cap Fund - Growth Option - Direct Plan,quant Mutual Fund,Open Ended Schemes,Equity Scheme - Mid Cap Fund,02-08-2019,50.70780
120841,quant Mid Cap Fund - Growth Option - Direct Plan,quant Mutual Fund,Open Ended Schemes,Equity Scheme - Mid Cap Fund,01-08-2019,50.82500
120841,quant Mid Cap Fund - Growth Option - Direct Plan,quant Mutual Fund,Open Ended Schemes,Equity Scheme - Mid Cap Fund,31-07-2019,51.56010
120841,quant Mid Cap Fund - Growth Option - Direct Plan,quant Mutual Fund,Open Ended Schemes,Equity Scheme - Mid Cap Fund,30-07-2019,51.11310
120841,quant Mid Cap Fund - Growth Option - Direct Plan,quant Mutual Fund,Open Ended Schemes,Equity Scheme - Mid Cap Fund,29-07-2019,51.73900
120841,quant Mid Cap Fund - Growth Option - Direct Plan,quant Mutual Fund,Open Ended Schemes,Equity Scheme - Mid Cap Fund,26-07-2019,52.21390
120841,quant Mid Cap Fund - Growth Option - Direct Plan,quant Mutual Fund,Open Ended Schemes,Equity Scheme - Mid Cap Fund,25-07-2019,52.00650
120841,quant Mid Cap Fund - Growth Option - Direct Plan,quant Mutual Fund,Open Ended Schemes,Equity Scheme - Mid Cap Fund,24-07-2019,51.81810
120841,quant Mid Cap Fund - Growth Option - Direct Plan,quant Mutual Fund,Open Ended Schemes,Equity Scheme - Mid Cap Fund,23-07-2019,52.88340
120841,quant Mid Cap Fund - Growth Option - Direct Plan,quant Mutual Fund,Open Ended Schemes,Equity Scheme - Mid Cap Fund,22-07-2019,53.13470
120841,quant Mid Cap Fund - Growth Option - Direct Plan,quant Mutual Fund,Open Ended Schemes,Equity Scheme - Mid Cap Fund,19-07-2019,53.30290
120841,quant Mid Cap Fund - Growth Option - Direct Plan,quant Mutual Fund,Open Ended Schemes,Equity Scheme - Mid Cap Fund,18-07-2019,53.83070
120841,quant Mid Cap Fund - Growth Option - Direct Plan,quant Mutual Fund,Open Ended Schemes,Equity Scheme - Mid Cap Fund,17-07-2019,54.37600
120841,quant Mid Cap Fund - Growth Option - Direct Plan,quant Mutual Fund,Open Ended Schemes,Equity Scheme - Mid Cap Fund,16-07-2019,54.61430
120841,quant Mid Cap Fund - Growth Option - Direct Plan,quant Mutual Fund,Open Ended Schemes,Equity Scheme - Mid Cap Fund,15-07-2019,54.29860
120841,quant Mid Cap Fund - Growth Option - Direct Plan,quant Mutual Fund,Open Ended Schemes,Equity Scheme - Mid Cap Fund,12-07-2019,54.34780
120841,quant Mid Cap Fund - Growth Option - Direct Plan,quant Mutual Fund,Open Ended Schemes,Equity Scheme - Mid Cap Fund,11-07-2019,53.93270
120841,quant Mid Cap Fund - Growth Option - Direct Plan,quant Mutual Fund,Open Ended Schemes,Equity Scheme - Mid Cap Fund,10-07-2019,53.59340
120841,quant Mid Cap Fund - Growth Option - Direct Plan,quant Mutual Fund,Open Ended Schemes,Equity Scheme - Mid Cap Fund,09-07-2019,54.15230
120841,quant Mid Cap Fund - Growth Option - Direct Plan,quant Mutual Fund,Open Ended Schemes,Equity Scheme - Mid Cap Fund,08-07-2019,53.63740
120841,quant Mid Cap Fund - Growth Option - Direct Plan,quant Mutual Fund,Open Ended Schemes,Equity Scheme - Mid Cap Fund,05-07-2019,54.93230
120841,quant Mid Cap Fund - Growth Option - Direct Plan,quant Mutual Fund,Open Ended Schemes,Equity Scheme - Mid Cap Fund,04-07-2019,55.66380
120841,quant Mid Cap Fund - Growth Option - Direct Plan,quant Mutual Fund,Open Ended Schemes,Equity Scheme - Mid Cap Fund,03-07-2019,55.54080
120841,quant Mid Cap Fund - Growth Option - Direct Plan,quant Mutual Fund,Open Ended Schemes,Equity Scheme - Mid Cap Fund,02-07-2019,55.55940
120841,quant Mid Cap Fund - Growth Option - Direct Plan,quant Mutual Fund,Open Ended Schemes,Equity Scheme - Mid Cap Fund,01-07-2019,55.46500
120841,quant Mid Cap Fund - Growth Option - Direct Plan,quant Mutual Fund,Open Ended Schemes,Equity Scheme - Mid Cap Fund,28-06-2019,55.46080
120841,quant Mid Cap Fund - Growth Option - Direct Plan,quant Mutual Fund,Open Ended Schemes,Equity Scheme - Mid Cap Fund,27-06-2019,55.51330
120841,quant Mid Cap Fund - Growth Option - Direct Plan,quant Mutual Fund,Open Ended Schemes,Equity Scheme - Mid Cap Fund,26-06-2019,55.50500
120841,quant Mid Cap Fund - Growth Option - Direct Plan,quant Mutual Fund,Open Ended Schemes,Equity Scheme - Mid Cap Fund,25-06-2019,55.19630
120841,quant Mid Cap Fund - Growth Option - Direct Plan,quant Mutual Fund,Open Ended Schemes,Equity Scheme - Mid Cap Fund,24-06-2019,54.97550
120841,quant Mid Cap Fund - Growth Option - Direct Plan,quant Mutual Fund,Open Ended Schemes,Equity Scheme - Mid Cap Fund,21-06-2019,55.02840
120841,quant Mid Cap Fund - Growth Option - Direct Plan,quant Mutual Fund,Open Ended Schemes,Equity Scheme - Mid Cap Fund,20-06-2019,55.06080
120841,quant Mid Cap Fund - Growth Option - Direct Plan,quant Mutual Fund,Open Ended Schemes,Equity Scheme - Mid Cap Fund,19-06-2019,54.27410
120841,quant Mid Cap Fund - Growth Option - Direct Plan,quant Mutual Fund,Open Ended Schemes,Equity Scheme - Mid Cap Fund,18-06-2019,54.81240
120841,quant Mid Cap Fund - Growth Option - Direct Plan,quant Mutual Fund,Open Ended Schemes,Equity Scheme - Mid Cap Fund,17-06-2019,54.72350
120841,quant Mid Cap Fund - Growth Option - Direct Plan,quant Mutual Fund,Open Ended Schemes,Equity Scheme - Mid Cap Fund,14-06-2019,55.41990
120841,quant Mid Cap Fund - Growth Option - Direct Plan,quant Mutual Fund,Open Ended Schemes,Equity Scheme - Mid Cap Fund,13-06-2019,55.84550
120841,quant Mid Cap Fund - Growth Option - Direct Plan,quant Mutual Fund,Open Ended Schemes,Equity Scheme - Mid Cap Fund,12-06-2019,55.97070
120841,quant Mid Cap Fund - Growth Option - Direct Plan,quant Mutual Fund,Open Ended Schemes,Equity Scheme - Mid Cap Fund,11-06-2019,56.31850
120841,quant Mid Cap Fund - Growth Option - Direct Plan,quant Mutual Fund,Open Ended Schemes,Equity Scheme - Mid Cap Fund,10-06-2019,56.13140
120841,quant Mid Cap Fund - Growth Option - Direct Plan,quant Mutual Fund,Open Ended Schemes,Equity Scheme - Mid Cap Fund,07-06-2019,55.79480
120841,quant Mid Cap Fund - Growth Option - Direct Plan,quant Mutual Fund,Open Ended Schemes,Equity Scheme - Mid Cap Fund,06-06-2019,55.89310
120841,quant Mid Cap Fund - Growth Option - Direct Plan,quant Mutual Fund,Open Ended Schemes,Equity Scheme - Mid Cap Fund,04-06-2019,56.86670
120841,quant Mid Cap Fund - Growth Option - Direct Plan,quant Mutual Fund,Open Ended Schemes,Equity Scheme - Mid Cap Fund,03-06-2019,57.12270
120841,quant Mid Cap Fund - Growth Option - Direct Plan,quant Mutual Fund,Open Ended Schemes,Equity Scheme - Mid Cap Fund,31-05-2019,56.63810
120841,quant Mid Cap Fund - Growth Option - Direct Plan,quant Mutual Fund,Open Ended Schemes,Equity Scheme - Mid Cap Fund,30-05-2019,56.76490
120841,quant Mid Cap Fund - Growth Option - Direct Plan,quant Mutual Fund,Open Ended Schemes,Equity Scheme - Mid Cap Fund,29-05-2019,56.62540
120841,quant Mid Cap Fund - Growth Option - Direct Plan,quant Mutual Fund,Open Ended Schemes,Equity Scheme - Mid Cap Fund,28-05-2019,57.42630
120841,quant Mid Cap Fund - Growth Option - Direct Plan,quant Mutual Fund,Open Ended Schemes,Equity Scheme - Mid Cap Fund,27-05-2019,57.52080
120841,quant Mid Cap Fund - Growth Option - Direct Plan,quant Mutual Fund,Open Ended Schemes,Equity Scheme - Mid Cap Fund,24-05-2019,56.02860
120841,quant Mid Cap Fund - Growth Option - Direct Plan,quant Mutual Fund,Open Ended Schemes,Equity Scheme - Mid Cap Fund,23-05-2019,54.24210
120841,quant Mid Cap Fund - Growth Option - Direct Plan,quant Mutual Fund,Open Ended Schemes,Equity Scheme - Mid Cap Fund,22-05-2019,54.13460
120841,quant Mid Cap Fund - Growth Option - Direct Plan,quant Mutual Fund,Open Ended Schemes,Equity Scheme - Mid Cap Fund,21-05-2019,54.01630
120841,quant Mid Cap Fund - Growth Option - Direct Plan,quant Mutual Fund,Open Ended Schemes,Equity Scheme - Mid Cap Fund,20-05-2019,54.71790
120841,quant Mid Cap Fund - Growth Option - Direct Plan,quant Mutual Fund,Open Ended Schemes,Equity Scheme - Mid Cap Fund,17-05-2019,52.77480
120841,quant Mid Cap Fund - Growth Option - Direct Plan,quant Mutual Fund,Open Ended Schemes,Equity Scheme - Mid Cap Fund,16-05-2019,52.48590
120841,quant Mid Cap Fund - Growth Option - Direct Plan,quant Mutual Fund,Open Ended Schemes,Equity Scheme - Mid Cap Fund,15-05-2019,52.27740
120841,quant Mid Cap Fund - Growth Option - Direct Plan,quant Mutual Fund,Open Ended Schemes,Equity Scheme - Mid Cap Fund,14-05-2019,52.75530
120841,quant Mid Cap Fund - Growth Option - Direct Plan,quant Mutual Fund,Open Ended Schemes,Equity Scheme - Mid Cap Fund,13-05-2019,52.58870
120841,quant Mid Cap Fund - Growth Option - Direct Plan,quant Mutual Fund,Open Ended Schemes,Equity Scheme - Mid Cap Fund,10-05-2019,53.77710
120841,quant Mid Cap Fund - Growth Option - Direct Plan,quant Mutual Fund,Open Ended Schemes,Equity Scheme - Mid Cap Fund,09-05-2019,53.77410
120841,quant Mid Cap Fund - Growth Option - Direct Plan,quant Mutual Fund,Open Ended Schemes,Equity Scheme - Mid Cap Fund,08-05-2019,54.07870
120841,quant Mid Cap Fund - Growth Option - Direct Plan,quant Mutual Fund,Open Ended Schemes,Equity Scheme - Mid Cap Fund,07-05-2019,54.83530
120841,quant Mid Cap Fund - Growth Option - Direct Plan,quant Mutual Fund,Open Ended Schemes,Equity Scheme - Mid Cap Fund,06-05-2019,55.43160
120841,quant Mid Cap Fund - Growth Option - Direct Plan,quant Mutual Fund,Open Ended Schemes,Equity Scheme - Mid Cap Fund,03-05-2019,56.02840
120841,quant Mid Cap Fund - Growth Option - Direct Plan,quant Mutual Fund,Open Ended Schemes,Equity Scheme - Mid Cap Fund,02-05-2019,55.93520
120841,quant Mid Cap Fund - Growth Option - Direct Plan,quant Mutual Fund,Open Ended Schemes,Equity Scheme - Mid Cap Fund,30-04-2019,56.39430
120841,quant Mid Cap Fund - Growth Option - Direct Plan,quant Mutual Fund,Open Ended Schemes,Equity Scheme - Mid Cap Fund,26-04-2019,57.12590
120841,quant Mid Cap Fund - Growth Option - Direct Plan,quant Mutual Fund,Open Ended Schemes,Equity Scheme - Mid Cap Fund,25-04-2019,56.76430
120841,quant Mid Cap Fund - Growth Option - Direct Plan,quant Mutual Fund,Open Ended Schemes,Equity Scheme - Mid Cap Fund,24-04-2019,57.07100
120841,quant Mid Cap Fund - Growth Option - Direct Plan,quant Mutual Fund,Open Ended Schemes,Equity Scheme - Mid Cap Fund,23-04-2019,57.34510
120841,quant Mid Cap Fund - Growth Option - Direct Plan,quant Mutual Fund,Open Ended Schemes,Equity Scheme - Mid Cap Fund,22-04-2019,57.14360
120841,quant Mid Cap Fund - Growth Option - Direct Plan,quant Mutual Fund,Open Ended Schemes,Equity Scheme - Mid Cap Fund,18-04-2019,58.41150
120841,quant Mid Cap Fund - Growth Option - Direct Plan,quant Mutual Fund,Open Ended Schemes,Equity Scheme - Mid Cap Fund,16-04-2019,58.89780
120841,quant Mid Cap Fund - Growth Option - Direct Plan,quant Mutual Fund,Open Ended Schemes,Equity Scheme - Mid Cap Fund,15-04-2019,58.85630
120841,quant Mid Cap Fund - Growth Option - Direct Plan,quant Mutual Fund,Open Ended Schemes,Equity Scheme - Mid Cap Fund,12-04-2019,58.42210
120841,quant Mid Cap Fund - Growth Option - Direct Plan,quant Mutual Fund,Open Ended Schemes,Equity Scheme - Mid Cap Fund,11-04-2019,58.02740
120841,quant Mid Cap Fund - Growth Option - Direct Plan,quant Mutual Fund,Open Ended Schemes,Equity Scheme - Mid Cap Fund,10-04-2019,57.99610
120841,quant Mid Cap Fund - Growth Option - Direct Plan,quant Mutual Fund,Open Ended Schemes,Equity Scheme - Mid Cap Fund,09-04-2019,58.23340
120841,quant Mid Cap Fund - Growth Option - Direct Plan,quant Mutual Fund,Open Ended Schemes,Equity Scheme - Mid Cap Fund,08-04-2019,58.23620
120841,quant Mid Cap Fund - Growth Option - Direct Plan,quant Mutual Fund,Open Ended Schemes,Equity Scheme - Mid Cap Fund,05-04-2019,58.42310
120841,quant Mid Cap Fund - Growth Option - Direct Plan,quant Mutual Fund,Open Ended Schemes,Equity Scheme - Mid Cap Fund,04-04-2019,58.11160
120841,quant Mid Cap Fund - Growth Option - Direct Plan,quant Mutual Fund,Open Ended Schemes,Equity Scheme - Mid Cap Fund,03-04-2019,58.38330
120841,quant Mid Cap Fund - Growth Option - Direct Plan,quant Mutual Fund,Open Ended Schemes,Equity Scheme - Mid Cap Fund,02-04-2019,58.93180
120841,quant Mid Cap Fund - Growth Option - Direct Plan,quant Mutual Fund,Open Ended Schemes,Equity Scheme - Mid Cap Fund,01-04-2019,59.15500
120841,quant Mid Cap Fund - Growth Option - Direct Plan,quant Mutual Fund,Open Ended Schemes,Equity Scheme - Mid Cap Fund,29-03-2019,58.91690
120841,quant Mid Cap Fund - Growth Option - Direct Plan,quant Mutual Fund,Open Ended Schemes,Equity Scheme - Mid Cap Fund,28-03-2019,58.32510
120841,quant Mid Cap Fund - Growth Option - Direct Plan,quant Mutual Fund,Open Ended Schemes,Equity Scheme - Mid Cap Fund,27-03-2019,57.88500
120841,quant Mid Cap Fund - Growth Option - Direct Plan,quant Mutual Fund,Open Ended Schemes,Equity Scheme - Mid Cap Fund,26-03-2019,57.59310
120841,quant Mid Cap Fund - Growth Option - Direct Plan,quant Mutual Fund,Open Ended Schemes,Equity Scheme - Mid Cap Fund,25-03-2019,56.91770
120841,quant Mid Cap Fund - Growth Option - Direct Plan,quant Mutual Fund,Open Ended Schemes,Equity Scheme - Mid Cap Fund,22-03-2019,57.46230
120841,quant Mid Cap Fund - Growth Option - Direct Plan,quant Mutual Fund,Open Ended Schemes,Equity Scheme - Mid Cap Fund,20-03-2019,57.51330
120841,quant Mid Cap Fund - Growth Option - Direct Plan,quant Mutual Fund,Open Ended Schemes,Equity Scheme - Mid Cap Fund,19-03-2019,57.48910
120841,quant Mid Cap Fund - Growth Option - Direct Plan,quant Mutual Fund,Open Ended Schemes,Equity Scheme - Mid Cap Fund,18-03-2019,56.86900
120841,quant Mid Cap Fund - Growth Option - Direct Plan,quant Mutual Fund,Open Ended Schemes,Equity Scheme - Mid Cap Fund,15-03-2019,56.95370
120841,quant Mid Cap Fund - Growth Option - Direct Plan,quant Mutual Fund,Open Ended Schemes,Equity Scheme - Mid Cap Fund,14-03-2019,56.76690
120841,quant Mid Cap Fund - Growth Option - Direct Plan,quant Mutual Fund,Open Ended Schemes,Equity Scheme - Mid Cap Fund,13-03-2019,56.78120
120841,quant Mid Cap Fund - Growth Option - Direct Plan,quant Mutual Fund,Open Ended Schemes,Equity Scheme - Mid Cap Fund,12-03-2019,57.14180
120841,quant Mid Cap Fund - Growth Option - Direct Plan,quant Mutual Fund,Open Ended Schemes,Equity Scheme - Mid Cap Fund,11-03-2019,56.86260
120841,quant Mid Cap Fund - Growth Option - Direct Plan,quant Mutual Fund,Open Ended Schemes,Equity Scheme - Mid Cap Fund,08-03-2019,55.83810
120841,quant Mid Cap Fund - Growth Option - Direct Plan,quant Mutual Fund,Open Ended Schemes,Equity Scheme - Mid Cap Fund,07-03-2019,56.23620
120841,quant Mid Cap Fund - Growth Option - Direct Plan,quant Mutual Fund,Open Ended Schemes,Equity Scheme - Mid Cap Fund,06-03-2019,55.96490
120841,quant Mid Cap Fund - Growth Option - Direct Plan,quant Mutual Fund,Open Ended Schemes,Equity Scheme - Mid Cap Fund,05-03-2019,55.73950
120841,quant Mid Cap Fund - Growth Option - Direct Plan,quant Mutual Fund,Open Ended Schemes,Equity Scheme - Mid Cap Fund,01-03-2019,54.15440
120841,quant Mid Cap Fund - Growth Option - Direct Plan,quant Mutual Fund,Open Ended Schemes,Equity Scheme - Mid Cap Fund,28-02-2019,53.79380
120841,quant Mid Cap Fund - Growth Option - Direct Plan,quant Mutual Fund,Open Ended Schemes,Equity Scheme - Mid Cap Fund,27-02-2019,53.51900
120841,quant Mid Cap Fund - Growth Option - Direct Plan,quant Mutual Fund,Open Ended Schemes,Equity Scheme - Mid Cap Fund,26-02-2019,53.32900
120841,quant Mid Cap Fund - Growth Option - Direct Plan,quant Mutual Fund,Open Ended Schemes,Equity Scheme - Mid Cap Fund,25-02-2019,53.68580
120841,quant Mid Cap Fund - Growth Option - Direct Plan,quant Mutual Fund,Open Ended Schemes,Equity Scheme - Mid Cap Fund,22-02-2019,53.30400
120841,quant Mid Cap Fund - Growth Option - Direct Plan,quant Mutual Fund,Open Ended Schemes,Equity Scheme - Mid Cap Fund,21-02-2019,53.18620
120841,quant Mid Cap Fund - Growth Option - Direct Plan,quant Mutual Fund,Open Ended Schemes,Equity Scheme - Mid Cap Fund,20-02-2019,52.44950
120841,quant Mid Cap Fund - Growth Option - Direct Plan,quant Mutual Fund,Open Ended Schemes,Equity Scheme - Mid Cap Fund,19-02-2019,52.10160
120841,quant Mid Cap Fund - Growth Option - Direct Plan,quant Mutual Fund,Open Ended Schemes,Equity Scheme - Mid Cap Fund,18-02-2019,51.90010
120841,quant Mid Cap Fund - Growth Option - Direct Plan,quant Mutual Fund,Open Ended Schemes,Equity Scheme - Mid Cap Fund,15-02-2019,52.23240
120841,quant Mid Cap Fund - Growth Option - Direct Plan,quant Mutual Fund,Open Ended Schemes,Equity Scheme - Mid Cap Fund,14-02-2019,52.90700
120841,quant Mid Cap Fund - Growth Option - Direct Plan,quant Mutual Fund,Open Ended Schemes,Equity Scheme - Mid Cap Fund,13-02-2019,52.73160
120841,quant Mid Cap Fund - Growth Option - Direct Plan,quant Mutual Fund,Open Ended Schemes,Equity Scheme - Mid Cap Fund,12-02-2019,53.09630
120841,quant Mid Cap Fund - Growth Option - Direct Plan,quant Mutual Fund,Open Ended Schemes,Equity Scheme - Mid Cap Fund,11-02-2019,53.40230
120841,quant Mid Cap Fund - Growth Option - Direct Plan,quant Mutual Fund,Open Ended Schemes,Equity Scheme - Mid Cap Fund,08-02-2019,54.49520
120841,quant Mid Cap Fund - Growth Option - Direct Plan,quant Mutual Fund,Open Ended Schemes,Equity Scheme - Mid Cap Fund,07-02-2019,55.56050
120841,quant Mid Cap Fund - Growth Option - Direct Plan,quant Mutual Fund,Open Ended Schemes,Equity Scheme - Mid Cap Fund,06-02-2019,55.02840
120841,quant Mid Cap Fund - Growth Option - Direct Plan,quant Mutual Fund,Open Ended Schemes,Equity Scheme - Mid Cap Fund,05-02-2019,54.71390
120841,quant Mid Cap Fund - Growth Option - Direct Plan,quant Mutual Fund,Open Ended Schemes,Equity Scheme - Mid Cap Fund,04-02-2019,54.94980
120841,quant Mid Cap Fund - Growth Option - Direct Plan,quant Mutual Fund,Open Ended Schemes,Equity Scheme - Mid Cap Fund,01-02-2019,54.99920
120841,quant Mid Cap Fund - Growth Option - Direct Plan,quant Mutual Fund,Open Ended Schemes,Equity Scheme - Mid Cap Fund,31-01-2019,55.40750
120841,quant Mid Cap Fund - Growth Option - Direct Plan,quant Mutual Fund,Open Ended Schemes,Equity Scheme - Mid Cap Fund,30-01-2019,55.49690
120841,quant Mid Cap Fund - Growth Option - Direct Plan,quant Mutual Fund,Open Ended Schemes,Equity Scheme - Mid Cap Fund,29-01-2019,54.95970
120841,quant Mid Cap Fund - Growth Option - Direct Plan,quant Mutual Fund,Open Ended Schemes,Equity Scheme - Mid Cap Fund,28-01-2019,54.69510
120841,quant Mid Cap Fund - Growth Option - Direct Plan,quant Mutual Fund,Open Ended Schemes,Equity Scheme - Mid Cap Fund,25-01-2019,55.57670
120841,quant Mid Cap Fund - Growth Option - Direct Plan,quant Mutual Fund,Open Ended Schemes,Equity Scheme - Mid Cap Fund,24-01-2019,56.28500
120841,quant Mid Cap Fund - Growth Option - Direct Plan,quant Mutual Fund,Open Ended Schemes,Equity Scheme - Mid Cap Fund,23-01-2019,56.18670
120841,quant Mid Cap Fund - Growth Option - Direct Plan,quant Mutual Fund,Open Ended Schemes,Equity Scheme - Mid Cap Fund,22-01-2019,56.48790
120841,quant Mid Cap Fund - Growth Option - Direct Plan,quant Mutual Fund,Open Ended Schemes,Equity Scheme - Mid Cap Fund,21-01-2019,56.46260
120841,quant Mid Cap Fund - Growth Option - Direct Plan,quant Mutual Fund,Open Ended Schemes,Equity Scheme - Mid Cap Fund,18-01-2019,56.95960
120841,quant Mid Cap Fund - Growth Option - Direct Plan,quant Mutual Fund,Open Ended Schemes,Equity Scheme - Mid Cap Fund,17-01-2019,57.23100
120841,quant Mid Cap Fund - Growth Option - Direct Plan,quant Mutual Fund,Open Ended Schemes,Equity Scheme - Mid Cap Fund,16-01-2019,57.51660
120841,quant Mid Cap Fund - Growth Option - Direct Plan,quant Mutual Fund,Open Ended Schemes,Equity Scheme - Mid Cap Fund,15-01-2019,57.52850
120841,quant Mid Cap Fund - Growth Option - Direct Plan,quant Mutual Fund,Open Ended Schemes,Equity Scheme - Mid Cap Fund,14-01-2019,57.38140
120841,quant Mid Cap Fund - Growth Option - Direct Plan,quant Mutual Fund,Open Ended Schemes,Equity Scheme - Mid Cap Fund,11-01-2019,57.55180
120841,quant Mid Cap Fund - Growth Option - Direct Plan,quant Mutual Fund,Open Ended Schemes,Equity Scheme - Mid Cap Fund,10-01-2019,57.72910
120841,quant Mid Cap Fund - Growth Option - Direct Plan,quant Mutual Fund,Open Ended Schemes,Equity Scheme - Mid Cap Fund,09-01-2019,57.49300
120841,quant Mid Cap Fund - Growth Option - Direct Plan,quant Mutual Fund,Open Ended Schemes,Equity Scheme - Mid Cap Fund,08-01-2019,57.51870
120841,quant Mid Cap Fund - Growth Option - Direct Plan,quant Mutual Fund,Open Ended Schemes,Equity Scheme - Mid Cap Fund,07-01-2019,57.16200
120841,quant Mid Cap Fund - Growth Option - Direct Plan,quant Mutual Fund,Open Ended Schemes,Equity Scheme - Mid Cap Fund,04-01-2019,57.17730
120841,quant Mid Cap Fund - Growth Option - Direct Plan,quant Mutual Fund,Open Ended Schemes,Equity Scheme - Mid Cap Fund,03-01-2019,56.49650
120841,quant Mid Cap Fund - Growth Option - Direct Plan,quant Mutual Fund,Open Ended Schemes,Equity Scheme - Mid Cap Fund,02-01-2019,56.93980
120841,quant Mid Cap Fund - Growth Option - Direct Plan,quant Mutual Fund,Open Ended Schemes,Equity Scheme - Mid Cap Fund,01-01-2019,57.48330
120841,quant Mid Cap Fund - Growth Option - Direct Plan,quant Mutual Fund,Open Ended Schemes,Equity Scheme - Mid Cap Fund,31-12-2018,57.26910
120841,quant Mid Cap Fund - Growth Option - Direct Plan,quant Mutual Fund,Open Ended Schemes,Equity Scheme - Mid Cap Fund,28-12-2018,57.18600
120841,quant Mid Cap Fund - Growth Option - Direct Plan,quant Mutual Fund,Open Ended Schemes,Equity Scheme - Mid Cap Fund,27-12-2018,56.71480
120841,quant Mid Cap Fund - Growth Option - Direct Plan,quant Mutual Fund,Open Ended Schemes,Equity Scheme - Mid Cap Fund,26-12-2018,56.87440
120841,quant Mid Cap Fund - Growth Option - Direct Plan,quant Mutual Fund,Open Ended Schemes,Equity Scheme - Mid Cap Fund,24-12-2018,56.76210
120841,quant Mid Cap Fund - Growth Option - Direct Plan,quant Mutual Fund,Open Ended Schemes,Equity Scheme - Mid Cap Fund,21-12-2018,57.19870
120841,quant Mid Cap Fund - Growth Option - Direct Plan,quant Mutual Fund,Open Ended Schemes,Equity Scheme - Mid Cap Fund,20-12-2018,58.00180
120841,quant Mid Cap Fund - Growth Option - Direct Plan,quant Mutual Fund,Open Ended Schemes,Equity Scheme - Mid Cap Fund,19-12-2018,58.10220
120841,quant Mid Cap Fund - Growth Option - Direct Plan,quant Mutual Fund,Open Ended Schemes,Equity Scheme - Mid Cap Fund,18-12-2018,57.24130
120841,quant Mid Cap Fund - Growth Option - Direct Plan,quant Mutual Fund,Open Ended Schemes,Equity Scheme - Mid Cap Fund,17-12-2018,56.87860
120841,quant Mid Cap Fund - Growth Option - Direct Plan,quant Mutual Fund,Open Ended Schemes,Equity Scheme - Mid Cap Fund,14-12-2018,56.76110
120841,quant Mid Cap Fund - Growth Option - Direct Plan,quant Mutual Fund,Open Ended Schemes,Equity Scheme - Mid Cap Fund,13-12-2018,56.64670
120841,quant Mid Cap Fund - Growth Option - Direct Plan,quant Mutual Fund,Open Ended Schemes,Equity Scheme - Mid Cap Fund,12-12-2018,56.31050
120841,quant Mid Cap Fund - Growth Option - Direct Plan,quant Mutual Fund,Open Ended Schemes,Equity Scheme - Mid Cap Fund,11-12-2018,55.00140
120841,quant Mid Cap Fund - Growth Option - Direct Plan,quant Mutual Fund,Open Ended Schemes,Equity Scheme - Mid Cap Fund,10-12-2018,53.90160
120841,quant Mid Cap Fund - Growth Option - Direct Plan,quant Mutual Fund,Open Ended Schemes,Equity Scheme - Mid Cap Fund,07-12-2018,55.02680
120841,quant Mid Cap Fund - Growth Option - Direct Plan,quant Mutual Fund,Open Ended Schemes,Equity Scheme - Mid Cap Fund,06-12-2018,54.76880
120841,quant Mid Cap Fund - Growth Option - Direct Plan,quant Mutual Fund,Open Ended Schemes,Equity Scheme - Mid Cap Fund,05-12-2018,55.78340
120841,quant Mid Cap Fund - Growth Option - Direct Plan,quant Mutual Fund,Open Ended Schemes,Equity Scheme - Mid Cap Fund,04-12-2018,56.63210
120841,quant Mid Cap Fund - Growth Option - Direct Plan,quant Mutual Fund,Open Ended Schemes,Equity Scheme - Mid Cap Fund,03-12-2018,57.05560
120841,quant Mid Cap Fund - Growth Option - Direct Plan,quant Mutual Fund,Open Ended Schemes,Equity Scheme - Mid Cap Fund,30-11-2018,57.18980
120841,quant Mid Cap Fund - Growth Option - Direct Plan,quant Mutual Fund,Open Ended Schemes,Equity Scheme - Mid Cap Fund,29-11-2018,56.68110
120841,quant Mid Cap Fund - Growth Option - Direct Plan,quant Mutual Fund,Open Ended Schemes,Equity Scheme - Mid Cap Fund,28-11-2018,56.37660
120841,quant Mid Cap Fund - Growth Option - Direct Plan,quant Mutual Fund,Open Ended Schemes,Equity Scheme - Mid Cap Fund,27-11-2018,56.67660
120841,quant Mid Cap Fund - Growth Option - Direct Plan,quant Mutual Fund,Open Ended Schemes,Equity Scheme - Mid Cap Fund,26-11-2018,56.29980
120841,quant Mid Cap Fund - Growth Option - Direct Plan,quant Mutual Fund,Open Ended Schemes,Equity Scheme - Mid Cap Fund,22-11-2018,56.04090
120841,quant Mid Cap Fund - Growth Option - Direct Plan,quant Mutual Fund,Open Ended Schemes,Equity Scheme - Mid Cap Fund,21-11-2018,56.56870
120841,quant Mid Cap Fund - Growth Option - Direct Plan,quant Mutual Fund,Open Ended Schemes,Equity Scheme - Mid Cap Fund,20-11-2018,56.06440
120841,quant Mid Cap Fund - Growth Option - Direct Plan,quant Mutual Fund,Open Ended Schemes,Equity Scheme - Mid Cap Fund,19-11-2018,56.92100
120841,quant Mid Cap Fund - Growth Option - Direct Plan,quant Mutual Fund,Open Ended Schemes,Equity Scheme - Mid Cap Fund,16-11-2018,56.93800
120841,quant Mid Cap Fund - Growth Option - Direct Plan,quant Mutual Fund,Open Ended Schemes,Equity Scheme - Mid Cap Fund,15-11-2018,56.91650
120841,quant Mid Cap Fund - Growth Option - Direct Plan,quant Mutual Fund,Open Ended Schemes,Equity Scheme - Mid Cap Fund,14-11-2018,56.16000
120841,quant Mid Cap Fund - Growth Option - Direct Plan,quant Mutual Fund,Open Ended Schemes,Equity Scheme - Mid Cap Fund,13-11-2018,56.06280
120841,quant Mid Cap Fund - Growth Option - Direct Plan,quant Mutual Fund,Open Ended Schemes,Equity Scheme - Mid Cap Fund,12-11-2018,55.91040
120841,quant Mid Cap Fund - Growth Option - Direct Plan,quant Mutual Fund,Open Ended Schemes,Equity Scheme - Mid Cap Fund,09-11-2018,56.35600
120841,quant Mid Cap Fund - Growth Option - Direct Plan,quant Mutual Fund,Open Ended Schemes,Equity Scheme - Mid Cap Fund,06-11-2018,55.83550
120841,quant Mid Cap Fund - Growth Option - Direct Plan,quant Mutual Fund,Open Ended Schemes,Equity Scheme - Mid Cap Fund,05-11-2018,55.60860
120841,quant Mid Cap Fund - Growth Option - Direct Plan,quant Mutual Fund,Open Ended Schemes,Equity Scheme - Mid Cap Fund,02-11-2018,56.18320
120841,quant Mid Cap Fund - Growth Option - Direct Plan,quant Mutual Fund,Open Ended Schemes,Equity Scheme - Mid Cap Fund,01-11-2018,56.27480
120841,quant Mid Cap Fund - Growth Option - Direct Plan,quant Mutual Fund,Open Ended Schemes,Equity Scheme - Mid Cap Fund,31-10-2018,55.55400
120841,quant Mid Cap Fund - Growth Option - Direct Plan,quant Mutual Fund,Open Ended Schemes,Equity Scheme - Mid Cap Fund,30-10-2018,54.83270
120841,quant Mid Cap Fund - Growth Option - Direct Plan,quant Mutual Fund,Open Ended Schemes,Equity Scheme - Mid Cap Fund,29-10-2018,54.64690
120841,quant Mid Cap Fund - Growth Option - Direct Plan,quant Mutual Fund,Open Ended Schemes,Equity Scheme - Mid Cap Fund,26-10-2018,53.16440
120841,quant Mid Cap Fund - Growth Option - Direct Plan,quant Mutual Fund,Open Ended Schemes,Equity Scheme - Mid Cap Fund,25-10-2018,53.30530
120841,quant Mid Cap Fund - Growth Option - Direct Plan,quant Mutual Fund,Open Ended Schemes,Equity Scheme - Mid Cap Fund,24-10-2018,53.59100
120841,quant Mid Cap Fund - Growth Option - Direct Plan,quant Mutual Fund,Open Ended Schemes,Equity Scheme - Mid Cap Fund,23-10-2018,53.66920
120841,quant Mid Cap Fund - Growth Option - Direct Plan,quant Mutual Fund,Open Ended Schemes,Equity Scheme - Mid Cap Fund,22-10-2018,53.98970
120841,quant Mid Cap Fund - Growth Option - Direct Plan,quant Mutual Fund,Open Ended Schemes,Equity Scheme - Mid Cap Fund,19-10-2018,53.95270
120841,quant Mid Cap Fund - Growth Option - Direct Plan,quant Mutual Fund,Open Ended Schemes,Equity Scheme - Mid Cap Fund,17-10-2018,54.46360
120841,quant Mid Cap Fund - Growth Option - Direct Plan,quant Mutual Fund,Open Ended Schemes,Equity Scheme - Mid Cap Fund,16-10-2018,54.91430
120841,quant Mid Cap Fund - Growth Option - Direct Plan,quant Mutual Fund,Open Ended Schemes,Equity Scheme - Mid Cap Fund,15-10-2018,54.62680
120841,quant Mid Cap Fund - Growth Option - Direct Plan,quant Mutual Fund,Open Ended Schemes,Equity Scheme - Mid Cap Fund,12-10-2018,54.27660
120841,quant Mid Cap Fund - Growth Option - Direct Plan,quant Mutual Fund,Open Ended Schemes,Equity Scheme - Mid Cap Fund,11-10-2018,53.61890
120841,quant Mid Cap Fund - Growth Option - Direct Plan,quant Mutual Fund,Open Ended Schemes,Equity Scheme - Mid Cap Fund,10-10-2018,54.81050
120841,quant Mid Cap Fund - Growth Option - Direct Plan,quant Mutual Fund,Open Ended Schemes,Equity Scheme - Mid Cap Fund,09-10-2018,53.89190
120841,quant Mid Cap Fund - Growth Option - Direct Plan,quant Mutual Fund,Open Ended Schemes,Equity Scheme - Mid Cap Fund,08-10-2018,53.90970
120841,quant Mid Cap Fund - Growth Option - Direct Plan,quant Mutual Fund,Open Ended Schemes,Equity Scheme - Mid Cap Fund,05-10-2018,54.58730
120841,quant Mid Cap Fund - Growth Option - Direct Plan,quant Mutual Fund,Open Ended Schemes,Equity Scheme - Mid Cap Fund,04-10-2018,55.77460
120841,quant Mid Cap Fund - Growth Option - Direct Plan,quant Mutual Fund,Open Ended Schemes,Equity Scheme - Mid Cap Fund,03-10-2018,56.76770
120841,quant Mid Cap Fund - Growth Option - Direct Plan,quant Mutual Fund,Open Ended Schemes,Equity Scheme - Mid Cap Fund,01-10-2018,57.10710
120841,quant Mid Cap Fund - Growth Option - Direct Plan,quant Mutual Fund,Open Ended Schemes,Equity Scheme - Mid Cap Fund,28-09-2018,56.70320
120841,quant Mid Cap Fund - Growth Option - Direct Plan,quant Mutual Fund,Open Ended Schemes,Equity Scheme - Mid Cap Fund,27-09-2018,57.28370
120841,quant Mid Cap Fund - Growth Option - Direct Plan,quant Mutual Fund,Open Ended Schemes,Equity Scheme - Mid Cap Fund,26-09-2018,57.77390
120841,quant Mid Cap Fund - Growth Option - Direct Plan,quant Mutual Fund,Open Ended Schemes,Equity Scheme - Mid Cap Fund,25-09-2018,57.54020
120841,quant Mid Cap Fund - Growth Option - Direct Plan,quant Mutual Fund,Open Ended Schemes,Equity Scheme - Mid Cap Fund,24-09-2018,56.93560
120841,quant Mid Cap Fund - Growth Option - Direct Plan,quant Mutual Fund,Open Ended Schemes,Equity Scheme - Mid Cap Fund,21-09-2018,58.05380
120841,quant Mid Cap Fund - Growth Option - Direct Plan,quant Mutual Fund,Open Ended Schemes,Equity Scheme - Mid Cap Fund,19-09-2018,58.75450
120841,quant Mid Cap Fund - Growth Option - Direct Plan,quant Mutual Fund,Open Ended Schemes,Equity Scheme - Mid Cap Fund,18-09-2018,58.98160
120841,quant Mid Cap Fund - Growth Option - Direct Plan,quant Mutual Fund,Open Ended Schemes,Equity Scheme - Mid Cap Fund,17-09-2018,59.55650
120841,quant Mid Cap Fund - Growth Option - Direct Plan,quant Mutual Fund,Open Ended Schemes,Equity Scheme - Mid Cap Fund,14-09-2018,60.11010
120841,quant Mid Cap Fund - Growth Option - Direct Plan,quant Mutual Fund,Open Ended Schemes,Equity Scheme - Mid Cap Fund,12-09-2018,59.41100
120841,quant Mid Cap Fund - Growth Option - Direct Plan,quant Mutual Fund,Open Ended Schemes,Equity Scheme - Mid Cap Fund,11-09-2018,58.96330
120841,quant Mid Cap Fund - Growth Option - Direct Plan,quant Mutual Fund,Open Ended Schemes,Equity Scheme - Mid Cap Fund,10-09-2018,59.80020
120841,quant Mid Cap Fund - Growth Option - Direct Plan,quant Mutual Fund,Open Ended Schemes,Equity Scheme - Mid Cap Fund,07-09-2018,60.63670
120841,quant Mid Cap Fund - Growth Option - Direct Plan,quant Mutual Fund,Open Ended Schemes,Equity Scheme - Mid Cap Fund,06-09-2018,60.25920
120841,quant Mid Cap Fund - Growth Option - Direct Plan,quant Mutual Fund,Open Ended Schemes,Equity Scheme - Mid Cap Fund,05-09-2018,59.53980
120841,quant Mid Cap Fund - Growth Option - Direct Plan,quant Mutual Fund,Open Ended Schemes,Equity Scheme - Mid Cap Fund,04-09-2018,59.70350
120841,quant Mid Cap Fund - Growth Option - Direct Plan,quant Mutual Fund,Open Ended Schemes,Equity Scheme - Mid Cap Fund,03-09-2018,60.36490
120841,quant Mid Cap Fund - Growth Option - Direct Plan,quant Mutual Fund,Open Ended Schemes,Equity Scheme - Mid Cap Fund,31-08-2018,60.75970
120841,quant Mid Cap Fund - Growth Option - Direct Plan,quant Mutual Fund,Open Ended Schemes,Equity Scheme - Mid Cap Fund,30-08-2018,60.51870
120841,quant Mid Cap Fund - Growth Option - Direct Plan,quant Mutual Fund,Open Ended Schemes,Equity Scheme - Mid Cap Fund,29-08-2018,60.52340
120841,quant Mid Cap Fund - Growth Option - Direct Plan,quant Mutual Fund,Open Ended Schemes,Equity Scheme - Mid Cap Fund,28-08-2018,60.66190
120841,quant Mid Cap Fund - Growth Option - Direct Plan,quant Mutual Fund,Open Ended Schemes,Equity Scheme - Mid Cap Fund,27-08-2018,60.42110
120841,quant Mid Cap Fund - Growth Option - Direct Plan,quant Mutual Fund,Open Ended Schemes,Equity Scheme - Mid Cap Fund,24-08-2018,60.11120
120841,quant Mid Cap Fund - Growth Option - Direct Plan,quant Mutual Fund,Open Ended Schemes,Equity Scheme - Mid Cap Fund,23-08-2018,60.07560
120841,quant Mid Cap Fund - Growth Option - Direct Plan,quant Mutual Fund,Open Ended Schemes,Equity Scheme - Mid Cap Fund,21-08-2018,59.84490
120841,quant Mid Cap Fund - Growth Option - Direct Plan,quant Mutual Fund,Open Ended Schemes,Equity Scheme - Mid Cap Fund,20-08-2018,59.75220
120841,quant Mid Cap Fund - Growth Option - Direct Plan,quant Mutual Fund,Open Ended Schemes,Equity Scheme - Mid Cap Fund,17-08-2018,59.27940
120841,quant Mid Cap Fund - Growth Option - Direct Plan,quant Mutual Fund,Open Ended Schemes,Equity Scheme - Mid Cap Fund,16-08-2018,58.70010
120841,quant Mid Cap Fund - Growth Option - Direct Plan,quant Mutual Fund,Open Ended Schemes,Equity Scheme - Mid Cap Fund,14-08-2018,58.94800
120841,quant Mid Cap Fund - Growth Option - Direct Plan,quant Mutual Fund,Open Ended Schemes,Equity Scheme - Mid Cap Fund,13-08-2018,58.62160
120841,quant Mid Cap Fund - Growth Option - Direct Plan,quant Mutual Fund,Open Ended Schemes,Equity Scheme - Mid Cap Fund,10-08-2018,58.82250
120841,quant Mid Cap Fund - Growth Option - Direct Plan,quant Mutual Fund,Open Ended Schemes,Equity Scheme - Mid Cap Fund,09-08-2018,58.87570
120841,quant Mid Cap Fund - Growth Option - Direct Plan,quant Mutual Fund,Open Ended Schemes,Equity Scheme - Mid Cap Fund,08-08-2018,58.92470
120841,quant Mid Cap Fund - Growth Option - Direct Plan,quant Mutual Fund,Open Ended Schemes,Equity Scheme - Mid Cap Fund,07-08-2018,58.78230
120841,quant Mid Cap Fund - Growth Option - Direct Plan,quant Mutual Fund,Open Ended Schemes,Equity Scheme - Mid Cap Fund,06-08-2018,58.84500
120841,quant Mid Cap Fund - Growth Option - Direct Plan,quant Mutual Fund,Open Ended Schemes,Equity Scheme - Mid Cap Fund,03-08-2018,58.82460
120841,quant Mid Cap Fund - Growth Option - Direct Plan,quant Mutual Fund,Open Ended Schemes,Equity Scheme - Mid Cap Fund,02-08-2018,58.55080
120841,quant Mid Cap Fund - Growth Option - Direct Plan,quant Mutual Fund,Open Ended Schemes,Equity Scheme - Mid Cap Fund,01-08-2018,58.86780
120841,quant Mid Cap Fund - Growth Option - Direct Plan,quant Mutual Fund,Open Ended Schemes,Equity Scheme - Mid Cap Fund,31-07-2018,58.72780
120841,quant Mid Cap Fund - Growth Option - Direct Plan,quant Mutual Fund,Open Ended Schemes,Equity Scheme - Mid Cap Fund,30-07-2018,58.56540
120841,quant Mid Cap Fund - Growth Option - Direct Plan,quant Mutual Fund,Open Ended Schemes,Equity Scheme - Mid Cap Fund,27-07-2018,58.51390
120841,quant Mid Cap Fund - Growth Option - Direct Plan,quant Mutual Fund,Open Ended Schemes,Equity Scheme - Mid Cap Fund,26-07-2018,58.14630
120841,quant Mid Cap Fund - Growth Option - Direct Plan,quant Mutual Fund,Open Ended Schemes,Equity Scheme - Mid Cap Fund,25-07-2018,58.05880
120841,quant Mid Cap Fund - Growth Option - Direct Plan,quant Mutual Fund,Open Ended Schemes,Equity Scheme - Mid Cap Fund,24-07-2018,58.06020
120841,quant Mid Cap Fund - Growth Option - Direct Plan,quant Mutual Fund,Open Ended Schemes,Equity Scheme - Mid Cap Fund,23-07-2018,57.64330
120841,quant Mid Cap Fund - Growth Option - Direct Plan,quant Mutual Fund,Open Ended Schemes,Equity Scheme - Mid Cap Fund,20-07-2018,57.29050
120841,quant Mid Cap Fund - Growth Option - Direct Plan,quant Mutual Fund,Open Ended Schemes,Equity Scheme - Mid Cap Fund,19-07-2018,57.01740
120841,quant Mid Cap Fund - Growth Option - Direct Plan,quant Mutual Fund,Open Ended Schemes,Equity Scheme - Mid Cap Fund,18-07-2018,57.17590
120841,quant Mid Cap Fund - Growth Option - Direct Plan,quant Mutual Fund,Open Ended Schemes,Equity Scheme - Mid Cap Fund,17-07-2018,57.37170
120841,quant Mid Cap Fund - Growth Option - Direct Plan,quant Mutual Fund,Open Ended Schemes,Equity Scheme - Mid Cap Fund,16-07-2018,56.99230
120841,quant Mid Cap Fund - Growth Option - Direct Plan,quant Mutual Fund,Open Ended Schemes,Equity Scheme - Mid Cap Fund,13-07-2018,57.45310
120841,quant Mid Cap Fund - Growth Option - Direct Plan,quant Mutual Fund,Open Ended Schemes,Equity Scheme - Mid Cap Fund,12-07-2018,57.58620
120841,quant Mid Cap Fund - Growth Option - Direct Plan,quant Mutual Fund,Open Ended Schemes,Equity Scheme - Mid Cap Fund,11-07-2018,57.31630
120841,quant Mid Cap Fund - Growth Option - Direct Plan,quant Mutual Fund,Open Ended Schemes,Equity Scheme - Mid Cap Fund,10-07-2018,57.64910
120841,quant Mid Cap Fund - Growth Option - Direct Plan,quant Mutual Fund,Open Ended Schemes,Equity Scheme - Mid Cap Fund,09-07-2018,57.33340
120841,quant Mid Cap Fund - Growth Option - Direct Plan,quant Mutual Fund,Open Ended Schemes,Equity Scheme - Mid Cap Fund,06-07-2018,56.96480
120841,quant Mid Cap Fund - Growth Option - Direct Plan,quant Mutual Fund,Open Ended Schemes,Equity Scheme - Mid Cap Fund,05-07-2018,56.86310
120841,quant Mid Cap Fund - Growth Option - Direct Plan,quant Mutual Fund,Open Ended Schemes,Equity Scheme - Mid Cap Fund,04-07-2018,56.82420
120841,quant Mid Cap Fund - Growth Option - Direct Plan,quant Mutual Fund,Open Ended Schemes,Equity Scheme - Mid Cap Fund,03-07-2018,56.61310
120841,quant Mid Cap Fund - Growth Option - Direct Plan,quant Mutual Fund,Open Ended Schemes,Equity Scheme - Mid Cap Fund,02-07-2018,56.32850
120841,quant Mid Cap Fund - Growth Option - Direct Plan,quant Mutual Fund,Open Ended Schemes,Equity Scheme - Mid Cap Fund,29-06-2018,56.48480
120841,quant Mid Cap Fund - Growth Option - Direct Plan,quant Mutual Fund,Open Ended Schemes,Equity Scheme - Mid Cap Fund,28-06-2018,56.12230
120841,quant Mid Cap Fund - Growth Option - Direct Plan,quant Mutual Fund,Open Ended Schemes,Equity Scheme - Mid Cap Fund,27-06-2018,56.49900
120841,quant Mid Cap Fund - Growth Option - Direct Plan,quant Mutual Fund,Open Ended Schemes,Equity Scheme - Mid Cap Fund,26-06-2018,56.81860
120841,quant Mid Cap Fund - Growth Option - Direct Plan,quant Mutual Fund,Open Ended Schemes,Equity Scheme - Mid Cap Fund,25-06-2018,56.80200
120841,quant Mid Cap Fund - Growth Option - Direct Plan,quant Mutual Fund,Open Ended Schemes,Equity Scheme - Mid Cap Fund,22-06-2018,57.16080
120841,quant Mid Cap Fund - Growth Option - Direct Plan,quant Mutual Fund,Open Ended Schemes,Equity Scheme - Mid Cap Fund,21-06-2018,57.01010
120841,quant Mid Cap Fund - Growth Option - Direct Plan,quant Mutual Fund,Open Ended Schemes,Equity Scheme - Mid Cap Fund,20-06-2018,57.13970
120841,quant Mid Cap Fund - Growth Option - Direct Plan,quant Mutual Fund,Open Ended Schemes,Equity Scheme - Mid Cap Fund,19-06-2018,57.00150
120841,quant Mid Cap Fund - Growth Option - Direct Plan,quant Mutual Fund,Open Ended Schemes,Equity Scheme - Mid Cap Fund,18-06-2018,57.25220
120841,quant Mid Cap Fund - Growth Option - Direct Plan,quant Mutual Fund,Open Ended Schemes,Equity Scheme - Mid Cap Fund,15-06-2018,57.17580
120841,quant Mid Cap Fund - Growth Option - Direct Plan,quant Mutual Fund,Open Ended Schemes,Equity Scheme - Mid Cap Fund,14-06-2018,57.32120
120841,quant Mid Cap Fund - Growth Option - Direct Plan,quant Mutual Fund,Open Ended Schemes,Equity Scheme - Mid Cap Fund,13-06-2018,57.34880
120841,quant Mid Cap Fund - Growth Option - Direct Plan,quant Mutual Fund,Open Ended Schemes,Equity Scheme - Mid Cap Fund,12-06-2018,57.49560
120841,quant Mid Cap Fund - Growth Option - Direct Plan,quant Mutual Fund,Open Ended Schemes,Equity Scheme - Mid Cap Fund,11-06-2018,57.16460
120841,quant Mid Cap Fund - Growth Option - Direct Plan,quant Mutual Fund,Open Ended Schemes,Equity Scheme - Mid Cap Fund,08-06-2018,56.98290
120841,quant Mid Cap Fund - Growth Option - Direct Plan,quant Mutual Fund,Open Ended Schemes,Equity Scheme - Mid Cap Fund,07-06-2018,56.91920
120841,quant Mid Cap Fund - Growth Option - Direct Plan,quant Mutual Fund,Open Ended Schemes,Equity Scheme - Mid Cap Fund,06-06-2018,56.53790
120841,quant Mid Cap Fund - Growth Option - Direct Plan,quant Mutual Fund,Open Ended Schemes,Equity Scheme - Mid Cap Fund,05-06-2018,56.04840
120841,quant Mid Cap Fund - Growth Option - Direct Plan,quant Mutual Fund,Open Ended Schemes,Equity Scheme - Mid Cap Fund,04-06-2018,56.29030
120841,quant Mid Cap Fund - Growth Option - Direct Plan,quant Mutual Fund,Open Ended Schemes,Equity Scheme - Mid Cap Fund,01-06-2018,56.74630
120841,quant Mid Cap Fund - Growth Option - Direct Plan,quant Mutual Fund,Open Ended Schemes,Equity Scheme - Mid Cap Fund,31-05-2018,57.18830
120841,quant Mid Cap Fund - Growth Option - Direct Plan,quant Mutual Fund,Open Ended Schemes,Equity Scheme - Mid Cap Fund,30-05-2018,56.99740
120841,quant Mid Cap Fund - Growth Option - Direct Plan,quant Mutual Fund,Open Ended Schemes,Equity Scheme - Mid Cap Fund,29-05-2018,57.08880
120841,quant Mid Cap Fund - Growth Option - Direct Plan,quant Mutual Fund,Open Ended Schemes,Equity Scheme - Mid Cap Fund,28-05-2018,57.34060
120841,quant Mid Cap Fund - Growth Option - Direct Plan,quant Mutual Fund,Open Ended Schemes,Equity Scheme - Mid Cap Fund,25-05-2018,56.94770
120841,quant Mid Cap Fund - Growth Option - Direct Plan,quant Mutual Fund,Open Ended Schemes,Equity Scheme - Mid Cap Fund,24-05-2018,56.36520
120841,quant Mid Cap Fund - Growth Option - Direct Plan,quant Mutual Fund,Open Ended Schemes,Equity Scheme - Mid Cap Fund,23-05-2018,56.41040
120841,quant Mid Cap Fund - Growth Option - Direct Plan,quant Mutual Fund,Open Ended Schemes,Equity Scheme - Mid Cap Fund,22-05-2018,56.88820
120841,quant Mid Cap Fund - Growth Option - Direct Plan,quant Mutual Fund,Open Ended Schemes,Equity Scheme - Mid Cap Fund,21-05-2018,56.70510
120841,quant Mid Cap Fund - Growth Option - Direct Plan,quant Mutual Fund,Open Ended Schemes,Equity Scheme - Mid Cap Fund,18-05-2018,57.04790
120841,quant Mid Cap Fund - Growth Option - Direct Plan,quant Mutual Fund,Open Ended Schemes,Equity Scheme - Mid Cap Fund,17-05-2018,57.46750
120841,quant Mid Cap Fund - Growth Option - Direct Plan,quant Mutual Fund,Open Ended Schemes,Equity Scheme - Mid Cap Fund,16-05-2018,57.47980
120841,quant Mid Cap Fund - Growth Option - Direct Plan,quant Mutual Fund,Open Ended Schemes,Equity Scheme - Mid Cap Fund,15-05-2018,57.63490
120841,quant Mid Cap Fund - Growth Option - Direct Plan,quant Mutual Fund,Open Ended Schemes,Equity Scheme - Mid Cap Fund,14-05-2018,57.97160
120841,quant Mid Cap Fund - Growth Option - Direct Plan,quant Mutual Fund,Open Ended Schemes,Equity Scheme - Mid Cap Fund,11-05-2018,58.14850
120841,quant Mid Cap Fund - Growth Option - Direct Plan,quant Mutual Fund,Open Ended Schemes,Equity Scheme - Mid Cap Fund,10-05-2018,57.77640
120841,quant Mid Cap Fund - Growth Option - Direct Plan,quant Mutual Fund,Open Ended Schemes,Equity Scheme - Mid Cap Fund,09-05-2018,57.99790
120841,quant Mid Cap Fund - Growth Option - Direct Plan,quant Mutual Fund,Open Ended Schemes,Equity Scheme - Mid Cap Fund,08-05-2018,58.01890
120841,quant Mid Cap Fund - Growth Option - Direct Plan,quant Mutual Fund,Open Ended Schemes,Equity Scheme - Mid Cap Fund,07-05-2018,58.06710
120841,quant Mid Cap Fund - Growth Option - Direct Plan,quant Mutual Fund,Open Ended Schemes,Equity Scheme - Mid Cap Fund,04-05-2018,57.82270
120841,quant Mid Cap Fund - Growth Option - Direct Plan,quant Mutual Fund,Open Ended Schemes,Equity Scheme - Mid Cap Fund,03-05-2018,58.00480
120841,quant Mid Cap Fund - Growth Option - Direct Plan,quant Mutual Fund,Open Ended Schemes,Equity Scheme - Mid Cap Fund,02-05-2018,58.41710
120841,quant Mid Cap Fund - Growth Option - Direct Plan,quant Mutual Fund,Open Ended Schemes,Equity Scheme - Mid Cap Fund,30-04-2018,58.83620
120841,quant Mid Cap Fund - Growth Option - Direct Plan,quant Mutual Fund,Open Ended Schemes,Equity Scheme - Mid Cap Fund,27-04-2018,58.52140
120841,quant Mid Cap Fund - Growth Option - Direct Plan,quant Mutual Fund,Open Ended Schemes,Equity Scheme - Mid Cap Fund,26-04-2018,58.22360
120841,quant Mid Cap Fund - Growth Option - Direct Plan,quant Mutual Fund,Open Ended Schemes,Equity Scheme - Mid Cap Fund,25-04-2018,58.00150
120841,quant Mid Cap Fund - Growth Option - Direct Plan,quant Mutual Fund,Open Ended Schemes,Equity Scheme - Mid Cap Fund,24-04-2018,57.97740
120841,quant Mid Cap Fund - Growth Option - Direct Plan,quant Mutual Fund,Open Ended Schemes,Equity Scheme - Mid Cap Fund,23-04-2018,57.87670
120841,quant Mid Cap Fund - Growth Option - Direct Plan,quant Mutual Fund,Open Ended Schemes,Equity Scheme - Mid Cap Fund,20-04-2018,57.77970
120841,quant Mid Cap Fund - Growth Option - Direct Plan,quant Mutual Fund,Open Ended Schemes,Equity Scheme - Mid Cap Fund,19-04-2018,58.01170
120841,quant Mid Cap Fund - Growth Option - Direct Plan,quant Mutual Fund,Open Ended Schemes,Equity Scheme - Mid Cap Fund,18-04-2018,57.83330
120841,quant Mid Cap Fund - Growth Option - Direct Plan,quant Mutual Fund,Open Ended Schemes,Equity Scheme - Mid Cap Fund,17-04-2018,57.87810
120841,quant Mid Cap Fund - Growth Option - Direct Plan,quant Mutual Fund,Open Ended Schemes,Equity Scheme - Mid Cap Fund,16-04-2018,57.77510
120841,quant Mid Cap Fund - Growth Option - Direct Plan,quant Mutual Fund,Open Ended Schemes,Equity Scheme - Mid Cap Fund,13-04-2018,57.53740
120841,quant Mid Cap Fund - Growth Option - Direct Plan,quant Mutual Fund,Open Ended Schemes,Equity Scheme - Mid Cap Fund,12-04-2018,57.41370
120841,quant Mid Cap Fund - Growth Option - Direct Plan,quant Mutual Fund,Open Ended Schemes,Equity Scheme - Mid Cap Fund,11-04-2018,57.56320
120841,quant Mid Cap Fund - Growth Option - Direct Plan,quant Mutual Fund,Open Ended Schemes,Equity Scheme - Mid Cap Fund,10-04-2018,57.57430
120841,quant Mid Cap Fund - Growth Option - Direct Plan,quant Mutual Fund,Open Ended Schemes,Equity Scheme - Mid Cap Fund,09-04-2018,57.53010
120841,quant Mid Cap Fund - Growth Option - Direct Plan,quant Mutual Fund,Open Ended Schemes,Equity Scheme - Mid Cap Fund,06-04-2018,57.42630
120841,quant Mid Cap Fund - Growth Option - Direct Plan,quant Mutual Fund,Open Ended Schemes,Equity Scheme - Mid Cap Fund,05-04-2018,57.10570
120841,quant Mid Cap Fund - Growth Option - Direct Plan,quant Mutual Fund,Open Ended Schemes,Equity Scheme - Mid Cap Fund,04-04-2018,56.55920
120841,quant Mid Cap Fund - Growth Option - Direct Plan,quant Mutual Fund,Open Ended Schemes,Equity Scheme - Mid Cap Fund,03-04-2018,57.01410
120841,quant Mid Cap Fund - Growth Option - Direct Plan,quant Mutual Fund,Open Ended Schemes,Equity Scheme - Mid Cap Fund,02-04-2018,56.81950
120841,quant Mid Cap Fund - Growth Option - Direct Plan,quant Mutual Fund,Open Ended Schemes,Equity Scheme - Mid Cap Fund,31-03-2018,55.99280
120841,quant Mid Cap Fund - Growth Option - Direct Plan,quant Mutual Fund,Open Ended Schemes,Equity Scheme - Mid Cap Fund,28-03-2018,55.99240
120841,quant Mid Cap Fund - Growth Option - Direct Plan,quant Mutual Fund,Open Ended Schemes,Equity Scheme - Mid Cap Fund,27-03-2018,56.14370
120841,quant Mid Cap Fund - Growth Option - Direct Plan,quant Mutual Fund,Open Ended Schemes,Equity Scheme - Mid Cap Fund,26-03-2018,55.79660
120841,quant Mid Cap Fund - Growth Option - Direct Plan,quant Mutual Fund,Open Ended Schemes,Equity Scheme - Mid Cap Fund,23-03-2018,55.17850
120841,quant Mid Cap Fund - Growth Option - Direct Plan,quant Mutual Fund,Open Ended Schemes,Equity Scheme - Mid Cap Fund,22-03-2018,55.48180
120841,quant Mid Cap Fund - Growth Option - Direct Plan,quant Mutual Fund,Open Ended Schemes,Equity Scheme - Mid Cap Fund,21-03-2018,55.57570
120841,quant Mid Cap Fund - Growth Option - Direct Plan,quant Mutual Fund,Open Ended Schemes,Equity Scheme - Mid Cap Fund,20-03-2018,55.46010
120841,quant Mid Cap Fund - Growth Option - Direct Plan,quant Mutual Fund,Open Ended Schemes,Equity Scheme - Mid Cap Fund,19-03-2018,55.23400
120841,quant Mid Cap Fund - Growth Option - Direct Plan,quant Mutual Fund,Open Ended Schemes,Equity Scheme - Mid Cap Fund,16-03-2018,55.66190
120841,quant Mid Cap Fund - Growth Option - Direct Plan,quant Mutual Fund,Open Ended Schemes,Equity Scheme - Mid Cap Fund,15-03-2018,56.15150
120841,quant Mid Cap Fund - Growth Option - Direct Plan,quant Mutual Fund,Open Ended Schemes,Equity Scheme - Mid Cap Fund,14-03-2018,56.14940
120841,quant Mid Cap Fund - Growth Option - Direct Plan,quant Mutual Fund,Open Ended Schemes,Equity Scheme - Mid Cap Fund,13-03-2018,56.19630
120841,quant Mid Cap Fund - Growth Option - Direct Plan,quant Mutual Fund,Open Ended Schemes,Equity Scheme - Mid Cap Fund,12-03-2018,56.04970
120841,quant Mid Cap Fund - Growth Option - Direct Plan,quant Mutual Fund,Open Ended Schemes,Equity Scheme - Mid Cap Fund,09-03-2018,55.48930
120841,quant Mid Cap Fund - Growth Option - Direct Plan,quant Mutual Fund,Open Ended Schemes,Equity Scheme - Mid Cap Fund,08-03-2018,55.58610
120841,quant Mid Cap Fund - Growth Option - Direct Plan,quant Mutual Fund,Open Ended Schemes,Equity Scheme - Mid Cap Fund,07-03-2018,55.33470
120841,quant Mid Cap Fund - Growth Option - Direct Plan,quant Mutual Fund,Open Ended Schemes,Equity Scheme - Mid Cap Fund,06-03-2018,55.88120
120841,quant Mid Cap Fund - Growth Option - Direct Plan,quant Mutual Fund,Open Ended Schemes,Equity Scheme - Mid Cap Fund,05-03-2018,56.27300
120841,quant Mid Cap Fund - Growth Option - Direct Plan,quant Mutual Fund,Open Ended Schemes,Equity Scheme - Mid Cap Fund,01-03-2018,56.78420
120841,quant Mid Cap Fund - Growth Option - Direct Plan,quant Mutual Fund,Open Ended Schemes,Equity Scheme - Mid Cap Fund,28-02-2018,56.99690
120841,quant Mid Cap Fund - Growth Option - Direct Plan,quant Mutual Fund,Open Ended Schemes,Equity Scheme - Mid Cap Fund,27-02-2018,57.06930
120841,quant Mid Cap Fund - Growth Option - Direct Plan,quant Mutual Fund,Open Ended Schemes,Equity Scheme - Mid Cap Fund,26-02-2018,57.15680
120841,quant Mid Cap Fund - Growth Option - Direct Plan,quant Mutual Fund,Open Ended Schemes,Equity Scheme - Mid Cap Fund,23-02-2018,56.68590
120841,quant Mid Cap Fund - Growth Option - Direct Plan,quant Mutual Fund,Open Ended Schemes,Equity Scheme - Mid Cap Fund,22-02-2018,56.06970
120841,quant Mid Cap Fund - Growth Option - Direct Plan,quant Mutual Fund,Open Ended Schemes,Equity Scheme - Mid Cap Fund,21-02-2018,56.18440
120841,quant Mid Cap Fund - Growth Option - Direct Plan,quant Mutual Fund,Open Ended Schemes,Equity Scheme - Mid Cap Fund,20-02-2018,56.18130
120841,quant Mid Cap Fund - Growth Option - Direct Plan,quant Mutual Fund,Open Ended Schemes,Equity Scheme - Mid Cap Fund,19-02-2018,56.29880
120841,quant Mid Cap Fund - Growth Option - Direct Plan,quant Mutual Fund,Open Ended Schemes,Equity Scheme - Mid Cap Fund,16-02-2018,56.59240
120841,quant Mid Cap Fund - Growth Option - Direct Plan,quant Mutual Fund,Open Ended Schemes,Equity Scheme - Mid Cap Fund,15-02-2018,56.98740
120841,quant Mid Cap Fund - Growth Option - Direct Plan,quant Mutual Fund,Open Ended Schemes,Equity Scheme - Mid Cap Fund,14-02-2018,57.18920
120841,quant Mid Cap Fund - Growth Option - Direct Plan,quant Mutual Fund,Open Ended Schemes,Equity Scheme - Mid Cap Fund,12-02-2018,57.07390
120841,quant Mid Cap Fund - Growth Option - Direct Plan,quant Mutual Fund,Open Ended Schemes,Equity Scheme - Mid Cap Fund,09-02-2018,56.44800
120841,quant Mid Cap Fund - Growth Option - Direct Plan,quant Mutual Fund,Open Ended Schemes,Equity Scheme - Mid Cap Fund,08-02-2018,56.72010
120841,quant Mid Cap Fund - Growth Option - Direct Plan,quant Mutual Fund,Open Ended Schemes,Equity Scheme - Mid Cap Fund,07-02-2018,56.26310
120841,quant Mid Cap Fund - Growth Option - Direct Plan,quant Mutual Fund,Open Ended Schemes,Equity Scheme - Mid Cap Fund,06-02-2018,55.84480
120841,quant Mid Cap Fund - Growth Option - Direct Plan,quant Mutual Fund,Open Ended Schemes,Equity Scheme - Mid Cap Fund,05-02-2018,56.36220
120841,quant Mid Cap Fund - Growth Option - Direct Plan,quant Mutual Fund,Open Ended Schemes,Equity Scheme - Mid Cap Fund,02-02-2018,56.64890
120841,quant Mid Cap Fund - Growth Option - Direct Plan,quant Mutual Fund,Open Ended Schemes,Equity Scheme - Mid Cap Fund,01-02-2018,57.99650
120841,quant Mid Cap Fund - Growth Option - Direct Plan,quant Mutual Fund,Open Ended Schemes,Equity Scheme - Mid Cap Fund,31-01-2018,57.82540
120841,quant Mid Cap Fund - Growth Option - Direct Plan,quant Mutual Fund,Open Ended Schemes,Equity Scheme - Mid Cap Fund,30-01-2018,57.89250
120841,quant Mid Cap Fund - Growth Option - Direct Plan,quant Mutual Fund,Open Ended Schemes,Equity Scheme - Mid Cap Fund,29-01-2018,58.22840
120841,quant Mid Cap Fund - Growth Option - Direct Plan,quant Mutual Fund,Open Ended Schemes,Equity Scheme - Mid Cap Fund,25-01-2018,58.08730
120841,quant Mid Cap Fund - Growth Option - Direct Plan,quant Mutual Fund,Open Ended Schemes,Equity Scheme - Mid Cap Fund,24-01-2018,58.40060
120841,quant Mid Cap Fund - Growth Option - Direct Plan,quant Mutual Fund,Open Ended Schemes,Equity Scheme - Mid Cap Fund,23-01-2018,58.62210
120841,quant Mid Cap Fund - Growth Option - Direct Plan,quant Mutual Fund,Open Ended Schemes,Equity Scheme - Mid Cap Fund,22-01-2018,58.54720
120841,quant Mid Cap Fund - Growth Option - Direct Plan,quant Mutual Fund,Open Ended Schemes,Equity Scheme - Mid Cap Fund,19-01-2018,58.33720
120841,quant Mid Cap Fund - Growth Option - Direct Plan,quant Mutual Fund,Open Ended Schemes,Equity Scheme - Mid Cap Fund,18-01-2018,58.05000
120841,quant Mid Cap Fund - Growth Option - Direct Plan,quant Mutual Fund,Open Ended Schemes,Equity Scheme - Mid Cap Fund,17-01-2018,58.57820
120841,quant Mid Cap Fund - Growth Option - Direct Plan,quant Mutual Fund,Open Ended Schemes,Equity Scheme - Mid Cap Fund,16-01-2018,58.25430
120841,quant Mid Cap Fund - Growth Option - Direct Plan,quant Mutual Fund,Open Ended Schemes,Equity Scheme - Mid Cap Fund,15-01-2018,58.86350
120841,quant Mid Cap Fund - Growth Option - Direct Plan,quant Mutual Fund,Open Ended Schemes,Equity Scheme - Mid Cap Fund,12-01-2018,58.77090
120841,quant Mid Cap Fund - Growth Option - Direct Plan,quant Mutual Fund,Open Ended Schemes,Equity Scheme - Mid Cap Fund,11-01-2018,58.77660
120841,quant Mid Cap Fund - Growth Option - Direct Plan,quant Mutual Fund,Open Ended Schemes,Equity Scheme - Mid Cap Fund,10-01-2018,58.55130
120841,quant Mid Cap Fund - Growth Option - Direct Plan,quant Mutual Fund,Open Ended Schemes,Equity Scheme - Mid Cap Fund,09-01-2018,58.73380
120841,quant Mid Cap Fund - Growth Option - Direct Plan,quant Mutual Fund,Open Ended Schemes,Equity Scheme - Mid Cap Fund,08-01-2018,58.68100
120841,quant Mid Cap Fund - Growth Option - Direct Plan,quant Mutual Fund,Open Ended Schemes,Equity Scheme - Mid Cap Fund,05-01-2018,58.27550
120841,quant Mid Cap Fund - Growth Option - Direct Plan,quant Mutual Fund,Open Ended Schemes,Equity Scheme - Mid Cap Fund,04-01-2018,57.94000
120841,quant Mid Cap Fund - Growth Option - Direct Plan,quant Mutual Fund,Open Ended Schemes,Equity Scheme - Mid Cap Fund,03-01-2018,57.69140
120841,quant Mid Cap Fund - Growth Option - Direct Plan,quant Mutual Fund,Open Ended Schemes,Equity Scheme - Mid Cap Fund,02-01-2018,57.44450
120841,quant Mid Cap Fund - Growth Option - Direct Plan,quant Mutual Fund,Open Ended Schemes,Equity Scheme - Mid Cap Fund,01-01-2018,57.75660
120841,quant Mid Cap Fund - Growth Option - Direct Plan,quant Mutual Fund,Open Ended Schemes,Equity Scheme - Mid Cap Fund,29-12-2017,57.93190
120841,quant Mid Cap Fund - Growth Option - Direct Plan,quant Mutual Fund,Open Ended Schemes,Equity Scheme - Mid Cap Fund,28-12-2017,57.60140
120841,quant Mid Cap Fund - Growth Option - Direct Plan,quant Mutual Fund,Open Ended Schemes,Equity Scheme - Mid Cap Fund,27-12-2017,57.76820
120841,quant Mid Cap Fund - Growth Option - Direct Plan,quant Mutual Fund,Open Ended Schemes,Equity Scheme - Mid Cap Fund,26-12-2017,57.84880
120841,quant Mid Cap Fund - Growth Option - Direct Plan,quant Mutual Fund,Open Ended Schemes,Equity Scheme - Mid Cap Fund,22-12-2017,57.00130
120841,quant Mid Cap Fund - Growth Option - Direct Plan,quant Mutual Fund,Open Ended Schemes,Equity Scheme - Mid Cap Fund,21-12-2017,56.80260
120841,quant Mid Cap Fund - Growth Option - Direct Plan,quant Mutual Fund,Open Ended Schemes,Equity Scheme - Mid Cap Fund,20-12-2017,56.70390
120841,quant Mid Cap Fund - Growth Option - Direct Plan,quant Mutual Fund,Open Ended Schemes,Equity Scheme - Mid Cap Fund,19-12-2017,56.74980
120841,quant Mid Cap Fund - Growth Option - Direct Plan,quant Mutual Fund,Open Ended Schemes,Equity Scheme - Mid Cap Fund,18-12-2017,56.12350
120841,quant Mid Cap Fund - Growth Option - Direct Plan,quant Mutual Fund,Open Ended Schemes,Equity Scheme - Mid Cap Fund,15-12-2017,55.97590
120841,quant Mid Cap Fund - Growth Option - Direct Plan,quant Mutual Fund,Open Ended Schemes,Equity Scheme - Mid Cap Fund,14-12-2017,55.58110
120841,quant Mid Cap Fund - Growth Option - Direct Plan,quant Mutual Fund,Open Ended Schemes,Equity Scheme - Mid Cap Fund,13-12-2017,55.57460
120841,quant Mid Cap Fund - Growth Option - Direct Plan,quant Mutual Fund,Open Ended Schemes,Equity Scheme - Mid Cap Fund,12-12-2017,55.94910
120841,quant Mid Cap Fund - Growth Option - Direct Plan,quant Mutual Fund,Open Ended Schemes,Equity Scheme - Mid Cap Fund,11-12-2017,56.43580
120841,quant Mid Cap Fund - Growth Option - Direct Plan,quant Mutual Fund,Open Ended Schemes,Equity Scheme - Mid Cap Fund,08-12-2017,56.33630
120841,quant Mid Cap Fund - Growth Option - Direct Plan,quant Mutual Fund,Open Ended Schemes,Equity Scheme - Mid Cap Fund,07-12-2017,55.73910
120841,quant Mid Cap Fund - Growth Option - Direct Plan,quant Mutual Fund,Open Ended Schemes,Equity Scheme - Mid Cap Fund,06-12-2017,55.32050
120841,quant Mid Cap Fund - Growth Option - Direct Plan,quant Mutual Fund,Open Ended Schemes,Equity Scheme - Mid Cap Fund,05-12-2017,55.72190
120841,quant Mid Cap Fund - Growth Option - Direct Plan,quant Mutual Fund,Open Ended Schemes,Equity Scheme - Mid Cap Fund,04-12-2017,55.73990
120841,quant Mid Cap Fund - Growth Option - Direct Plan,quant Mutual Fund,Open Ended Schemes,Equity Scheme - Mid Cap Fund,01-12-2017,55.59390
120841,quant Mid Cap Fund - Growth Option - Direct Plan,quant Mutual Fund,Open Ended Schemes,Equity Scheme - Mid Cap Fund,30-11-2017,55.81230
120841,quant Mid Cap Fund - Growth Option - Direct Plan,quant Mutual Fund,Open Ended Schemes,Equity Scheme - Mid Cap Fund,29-11-2017,56.09990
120841,quant Mid Cap Fund - Growth Option - Direct Plan,quant Mutual Fund,Open Ended Schemes,Equity Scheme - Mid Cap Fund,28-11-2017,56.27720
120841,quant Mid Cap Fund - Growth Option - Direct Plan,quant Mutual Fund,Open Ended Schemes,Equity Scheme - Mid Cap Fund,27-11-2017,56.35920
120841,quant Mid Cap Fund - Growth Option - Direct Plan,quant Mutual Fund,Open Ended Schemes,Equity Scheme - Mid Cap Fund,24-11-2017,56.33100
120841,quant Mid Cap Fund - Growth Option - Direct Plan,quant Mutual Fund,Open Ended Schemes,Equity Scheme - Mid Cap Fund,23-11-2017,56.03660
120841,quant Mid Cap Fund - Growth Option - Direct Plan,quant Mutual Fund,Open Ended Schemes,Equity Scheme - Mid Cap Fund,22-11-2017,55.77420
120841,quant Mid Cap Fund - Growth Option - Direct Plan,quant Mutual Fund,Open Ended Schemes,Equity Scheme - Mid Cap Fund,21-11-2017,55.30080
120841,quant Mid Cap Fund - Growth Option - Direct Plan,quant Mutual Fund,Open Ended Schemes,Equity Scheme - Mid Cap Fund,20-11-2017,55.06080
120841,quant Mid Cap Fund - Growth Option - Direct Plan,quant Mutual Fund,Open Ended Schemes,Equity Scheme - Mid Cap Fund,17-11-2017,54.84160
120841,quant Mid Cap Fund - Growth Option - Direct Plan,quant Mutual Fund,Open Ended Schemes,Equity Scheme - Mid Cap Fund,16-11-2017,54.57610
120841,quant Mid Cap Fund - Growth Option - Direct Plan,quant Mutual Fund,Open Ended Schemes,Equity Scheme - Mid Cap Fund,15-11-2017,54.45040
120841,quant Mid Cap Fund - Growth Option - Direct Plan,quant Mutual Fund,Open Ended Schemes,Equity Scheme - Mid Cap Fund,14-11-2017,54.98000
120841,quant Mid Cap Fund - Growth Option - Direct Plan,quant Mutual Fund,Open Ended Schemes,Equity Scheme - Mid Cap Fund,13-11-2017,54.91310
120841,quant Mid Cap Fund - Growth Option - Direct Plan,quant Mutual Fund,Open Ended Schemes,Equity Scheme - Mid Cap Fund,10-11-2017,55.29600
120841,quant Mid Cap Fund - Growth Option - Direct Plan,quant Mutual Fund,Open Ended Schemes,Equity Scheme - Mid Cap Fund,09-11-2017,55.53550
120841,quant Mid Cap Fund - Growth Option - Direct Plan,quant Mutual Fund,Open Ended Schemes,Equity Scheme - Mid Cap Fund,08-11-2017,55.39570
120841,quant Mid Cap Fund - Growth Option - Direct Plan,quant Mutual Fund,Open Ended Schemes,Equity Scheme - Mid Cap Fund,07-11-2017,55.88340
120841,quant Mid Cap Fund - Growth Option - Direct Plan,quant Mutual Fund,Open Ended Schemes,Equity Scheme - Mid Cap Fund,06-11-2017,56.47590
120841,quant Mid Cap Fund - Growth Option - Direct Plan,quant Mutual Fund,Open Ended Schemes,Equity Scheme - Mid Cap Fund,03-11-2017,56.01560
120841,quant Mid Cap Fund - Growth Option - Direct Plan,quant Mutual Fund,Open Ended Schemes,Equity Scheme - Mid Cap Fund,02-11-2017,55.66190
120841,quant Mid Cap Fund - Growth Option - Direct Plan,quant Mutual Fund,Open Ended Schemes,Equity Scheme - Mid Cap Fund,01-11-2017,55.58440
120841,quant Mid Cap Fund - Growth Option - Direct Plan,quant Mutual Fund,Open Ended Schemes,Equity Scheme - Mid Cap Fund,31-10-2017,55.17520
120841,quant Mid Cap Fund - Growth Option - Direct Plan,quant Mutual Fund,Open Ended Schemes,Equity Scheme - Mid Cap Fund,30-10-2017,54.88780
120841,quant Mid Cap Fund - Growth Option - Direct Plan,quant Mutual Fund,Open Ended Schemes,Equity Scheme - Mid Cap Fund,27-10-2017,54.55080
120841,quant Mid Cap Fund - Growth Option - Direct Plan,quant Mutual Fund,Open Ended Schemes,Equity Scheme - Mid Cap Fund,26-10-2017,54.32160
120841,quant Mid Cap Fund - Growth Option - Direct Plan,quant Mutual Fund,Open Ended Schemes,Equity Scheme - Mid Cap Fund,25-10-2017,54.15780
120841,quant Mid Cap Fund - Growth Option - Direct Plan,quant Mutual Fund,Open Ended Schemes,Equity Scheme - Mid Cap Fund,24-10-2017,54.11480
120841,quant Mid Cap Fund - Growth Option - Direct Plan,quant Mutual Fund,Open Ended Schemes,Equity Scheme - Mid Cap Fund,23-10-2017,53.84590
120841,quant Mid Cap Fund - Growth Option - Direct Plan,quant Mutual Fund,Open Ended Schemes,Equity Scheme - Mid Cap Fund,18-10-2017,53.96670
120841,quant Mid Cap Fund - Growth Option - Direct Plan,quant Mutual Fund,Open Ended Schemes,Equity Scheme - Mid Cap Fund,17-10-2017,54.07400
120841,quant Mid Cap Fund - Growth Option - Direct Plan,quant Mutual Fund,Open Ended Schemes,Equity Scheme - Mid Cap Fund,16-10-2017,53.85670
120841,quant Mid Cap Fund - Growth Option - Direct Plan,quant Mutual Fund,Open Ended Schemes,Equity Scheme - Mid Cap Fund,13-10-2017,53.70150
120841,quant Mid Cap Fund - Growth Option - Direct Plan,quant Mutual Fund,Open Ended Schemes,Equity Scheme - Mid Cap Fund,12-10-2017,53.67730
120841,quant Mid Cap Fund - Growth Option - Direct Plan,quant Mutual Fund,Open Ended Schemes,Equity Scheme - Mid Cap Fund,11-10-2017,53.42350
120841,quant Mid Cap Fund - Growth Option - Direct Plan,quant Mutual Fund,Open Ended Schemes,Equity Scheme - Mid Cap Fund,10-10-2017,53.80800
120841,quant Mid Cap Fund - Growth Option - Direct Plan,quant Mutual Fund,Open Ended Schemes,Equity Scheme - Mid Cap Fund,09-10-2017,53.77490
120841,quant Mid Cap Fund - Growth Option - Direct Plan,quant Mutual Fund,Open Ended Schemes,Equity Scheme - Mid Cap Fund,06-10-2017,53.61760
120841,quant Mid Cap Fund - Growth Option - Direct Plan,quant Mutual Fund,Open Ended Schemes,Equity Scheme - Mid Cap Fund,05-10-2017,53.11790
120841,quant Mid Cap Fund - Growth Option - Direct Plan,quant Mutual Fund,Open Ended Schemes,Equity Scheme - Mid Cap Fund,04-10-2017,52.96940
120841,quant Mid Cap Fund - Growth Option - Direct Plan,quant Mutual Fund,Open Ended Schemes,Equity Scheme - Mid Cap Fund,03-10-2017,52.78020
120841,quant Mid Cap Fund - Growth Option - Direct Plan,quant Mutual Fund,Open Ended Schemes,Equity Scheme - Mid Cap Fund,29-09-2017,52.32240
120841,quant Mid Cap Fund - Growth Option - Direct Plan,quant Mutual Fund,Open Ended Schemes,Equity Scheme - Mid Cap Fund,28-09-2017,52.11370
120841,quant Mid Cap Fund - Growth Option - Direct Plan,quant Mutual Fund,Open Ended Schemes,Equity Scheme - Mid Cap Fund,27-09-2017,51.81330
120841,quant Mid Cap Fund - Growth Option - Direct Plan,quant Mutual Fund,Open Ended Schemes,Equity Scheme - Mid Cap Fund,26-09-2017,52.27020
120841,quant Mid Cap Fund - Growth Option - Direct Plan,quant Mutual Fund,Open Ended Schemes,Equity Scheme - Mid Cap Fund,25-09-2017,52.01660
120841,quant Mid Cap Fund - Growth Option - Direct Plan,quant Mutual Fund,Open Ended Schemes,Equity Scheme - Mid Cap Fund,22-09-2017,52.36970
120841,quant Mid Cap Fund - Growth Option - Direct Plan,quant Mutual Fund,Open Ended Schemes,Equity Scheme - Mid Cap Fund,21-09-2017,53.55120
120841,quant Mid Cap Fund - Growth Option - Direct Plan,quant Mutual Fund,Open Ended Schemes,Equity Scheme - Mid Cap Fund,20-09-2017,53.76440
120841,quant Mid Cap Fund - Growth Option - Direct Plan,quant Mutual Fund,Open Ended Schemes,Equity Scheme - Mid Cap Fund,19-09-2017,53.90210
120841,quant Mid Cap Fund - Growth Option - Direct Plan,quant Mutual Fund,Open Ended Schemes,Equity Scheme - Mid Cap Fund,18-09-2017,53.63690
120841,quant Mid Cap Fund - Growth Option - Direct Plan,quant Mutual Fund,Open Ended Schemes,Equity Scheme - Mid Cap Fund,15-09-2017,53.41290
120841,quant Mid Cap Fund - Growth Option - Direct Plan,quant Mutual Fund,Open Ended Schemes,Equity Scheme - Mid Cap Fund,14-09-2017,53.34510
120841,quant Mid Cap Fund - Growth Option - Direct Plan,quant Mutual Fund,Open Ended Schemes,Equity Scheme - Mid Cap Fund,13-09-2017,53.25160
120841,quant Mid Cap Fund - Growth Option - Direct Plan,quant Mutual Fund,Open Ended Schemes,Equity Scheme - Mid Cap Fund,12-09-2017,53.64000
120841,quant Mid Cap Fund - Growth Option - Direct Plan,quant Mutual Fund,Open Ended Schemes,Equity Scheme - Mid Cap Fund,11-09-2017,53.26750
120841,quant Mid Cap Fund - Growth Option - Direct Plan,quant Mutual Fund,Open Ended Schemes,Equity Scheme - Mid Cap Fund,08-09-2017,53.13530
120841,quant Mid Cap Fund - Growth Option - Direct Plan,quant Mutual Fund,Open Ended Schemes,Equity Scheme - Mid Cap Fund,07-09-2017,52.85140
120841,quant Mid Cap Fund - Growth Option - Direct Plan,quant Mutual Fund,Open Ended Schemes,Equity Scheme - Mid Cap Fund,06-09-2017,52.67380
120841,quant Mid Cap Fund - Growth Option - Direct Plan,quant Mutual Fund,Open Ended Schemes,Equity Scheme - Mid Cap Fund,05-09-2017,52.74520
120841,quant Mid Cap Fund - Growth Option - Direct Plan,quant Mutual Fund,Open Ended Schemes,Equity Scheme - Mid Cap Fund,04-09-2017,52.31240
120841,quant Mid Cap Fund - Growth Option - Direct Plan,quant Mutual Fund,Open Ended Schemes,Equity Scheme - Mid Cap Fund,01-09-2017,52.39860
120841,quant Mid Cap Fund - Growth Option - Direct Plan,quant Mutual Fund,Open Ended Schemes,Equity Scheme - Mid Cap Fund,31-08-2017,52.00160
120841,quant Mid Cap Fund - Growth Option - Direct Plan,quant Mutual Fund,Open Ended Schemes,Equity Scheme - Mid Cap Fund,30-08-2017,51.48540
120841,quant Mid Cap Fund - Growth Option - Direct Plan,quant Mutual Fund,Open Ended Schemes,Equity Scheme - Mid Cap Fund,29-08-2017,51.08480
120841,quant Mid Cap Fund - Growth Option - Direct Plan,quant Mutual Fund,Open Ended Schemes,Equity Scheme - Mid Cap Fund,28-08-2017,51.43590
120841,quant Mid Cap Fund - Growth Option - Direct Plan,quant Mutual Fund,Open Ended Schemes,Equity Scheme - Mid Cap Fund,24-08-2017,51.13570
120841,quant Mid Cap Fund - Growth Option - Direct Plan,quant Mutual Fund,Open Ended Schemes,Equity Scheme - Mid Cap Fund,23-08-2017,51.30410
120841,quant Mid Cap Fund - Growth Option - Direct Plan,quant Mutual Fund,Open Ended Schemes,Equity Scheme - Mid Cap Fund,22-08-2017,51.06670
120841,quant Mid Cap Fund - Growth Option - Direct Plan,quant Mutual Fund,Open Ended Schemes,Equity Scheme - Mid Cap Fund,21-08-2017,51.15160
120841,quant Mid Cap Fund - Growth Option - Direct Plan,quant Mutual Fund,Open Ended Schemes,Equity Scheme - Mid Cap Fund,18-08-2017,51.39250
120841,quant Mid Cap Fund - Growth Option - Direct Plan,quant Mutual Fund,Open Ended Schemes,Equity Scheme - Mid Cap Fund,17-08-2017,51.44680
120841,quant Mid Cap Fund - Growth Option - Direct Plan,quant Mutual Fund,Open Ended Schemes,Equity Scheme - Mid Cap Fund,16-08-2017,51.44690
120841,quant Mid Cap Fund - Growth Option - Direct Plan,quant Mutual Fund,Open Ended Schemes,Equity Scheme - Mid Cap Fund,14-08-2017,51.01240
120841,quant Mid Cap Fund - Growth Option - Direct Plan,quant Mutual Fund,Open Ended Schemes,Equity Scheme - Mid Cap Fund,11-08-2017,50.71610
120841,quant Mid Cap Fund - Growth Option - Direct Plan,quant Mutual Fund,Open Ended Schemes,Equity Scheme - Mid Cap Fund,10-08-2017,50.83840
120841,quant Mid Cap Fund - Growth Option - Direct Plan,quant Mutual Fund,Open Ended Schemes,Equity Scheme - Mid Cap Fund,09-08-2017,51.55660
120841,quant Mid Cap Fund - Growth Option - Direct Plan,quant Mutual Fund,Open Ended Schemes,Equity Scheme - Mid Cap Fund,08-08-2017,51.86750
120841,quant Mid Cap Fund - Growth Option - Direct Plan,quant Mutual Fund,Open Ended Schemes,Equity Scheme - Mid Cap Fund,07-08-2017,51.99900
120841,quant Mid Cap Fund - Growth Option - Direct Plan,quant Mutual Fund,Open Ended Schemes,Equity Scheme - Mid Cap Fund,04-08-2017,51.80160
120841,quant Mid Cap Fund - Growth Option - Direct Plan,quant Mutual Fund,Open Ended Schemes,Equity Scheme - Mid Cap Fund,03-08-2017,51.54640
120841,quant Mid Cap Fund - Growth Option - Direct Plan,quant Mutual Fund,Open Ended Schemes,Equity Scheme - Mid Cap Fund,02-08-2017,51.62280
120841,quant Mid Cap Fund - Growth Option - Direct Plan,quant Mutual Fund,Open Ended Schemes,Equity Scheme - Mid Cap Fund,01-08-2017,51.59240
120841,quant Mid Cap Fund - Growth Option - Direct Plan,quant Mutual Fund,Open Ended Schemes,Equity Scheme - Mid Cap Fund,31-07-2017,51.59400
120841,quant Mid Cap Fund - Growth Option - Direct Plan,quant Mutual Fund,Open Ended Schemes,Equity Scheme - Mid Cap Fund,28-07-2017,51.66880
120841,quant Mid Cap Fund - Growth Option - Direct Plan,quant Mutual Fund,Open Ended Schemes,Equity Scheme - Mid Cap Fund,27-07-2017,51.63260
120841,quant Mid Cap Fund - Growth Option - Direct Plan,quant Mutual Fund,Open Ended Schemes,Equity Scheme - Mid Cap Fund,26-07-2017,51.70390
120841,quant Mid Cap Fund - Growth Option - Direct Plan,quant Mutual Fund,Open Ended Schemes,Equity Scheme - Mid Cap Fund,25-07-2017,51.66990
120841,quant Mid Cap Fund - Growth Option - Direct Plan,quant Mutual Fund,Open Ended Schemes,Equity Scheme - Mid Cap Fund,24-07-2017,51.52580
120841,quant Mid Cap Fund - Growth Option - Direct Plan,quant Mutual Fund,Open Ended Schemes,Equity Scheme - Mid Cap Fund,21-07-2017,51.67790
120841,quant Mid Cap Fund - Growth Option - Direct Plan,quant Mutual Fund,Open Ended Schemes,Equity Scheme - Mid Cap Fund,20-07-2017,51.62410
120841,quant Mid Cap Fund - Growth Option - Direct Plan,quant Mutual Fund,Open Ended Schemes,Equity Scheme - Mid Cap Fund,19-07-2017,51.76770
120841,quant Mid Cap Fund - Growth Option - Direct Plan,quant Mutual Fund,Open Ended Schemes,Equity Scheme - Mid Cap Fund,18-07-2017,51.59880
120841,quant Mid Cap Fund - Growth Option - Direct Plan,quant Mutual Fund,Open Ended Schemes,Equity Scheme - Mid Cap Fund,17-07-2017,52.13580
120841,quant Mid Cap Fund - Growth Option - Direct Plan,quant Mutual Fund,Open Ended Schemes,Equity Scheme - Mid Cap Fund,14-07-2017,51.98990
120841,quant Mid Cap Fund - Growth Option - Direct Plan,quant Mutual Fund,Open Ended Schemes,Equity Scheme - Mid Cap Fund,13-07-2017,52.19890
120841,quant Mid Cap Fund - Growth Option - Direct Plan,quant Mutual Fund,Open Ended Schemes,Equity Scheme - Mid Cap Fund,12-07-2017,51.78940
120841,quant Mid Cap Fund - Growth Option - Direct Plan,quant Mutual Fund,Open Ended Schemes,Equity Scheme - Mid Cap Fund,11-07-2017,51.64440
120841,quant Mid Cap Fund - Growth Option - Direct Plan,quant Mutual Fund,Open Ended Schemes,Equity Scheme - Mid Cap Fund,10-07-2017,51.75950
120841,quant Mid Cap Fund - Growth Option - Direct Plan,quant Mutual Fund,Open Ended Schemes,Equity Scheme - Mid Cap Fund,07-07-2017,51.62440
120841,quant Mid Cap Fund - Growth Option - Direct Plan,quant Mutual Fund,Open Ended Schemes,Equity Scheme - Mid Cap Fund,06-07-2017,51.78000
120841,quant Mid Cap Fund - Growth Option - Direct Plan,quant Mutual Fund,Open Ended Schemes,Equity Scheme - Mid Cap Fund,05-07-2017,51.69770
120841,quant Mid Cap Fund - Growth Option - Direct Plan,quant Mutual Fund,Open Ended Schemes,Equity Scheme - Mid Cap Fund,04-07-2017,51.41550
120841,quant Mid Cap Fund - Growth Option - Direct Plan,quant Mutual Fund,Open Ended Schemes,Equity Scheme - Mid Cap Fund,03-07-2017,51.49570
120841,quant Mid Cap Fund - Growth Option - Direct Plan,quant Mutual Fund,Open Ended Schemes,Equity Scheme - Mid Cap Fund,30-06-2017,51.04280
120841,quant Mid Cap Fund - Growth Option - Direct Plan,quant Mutual Fund,Open Ended Schemes,Equity Scheme - Mid Cap Fund,29-06-2017,50.60240
120841,quant Mid Cap Fund - Growth Option - Direct Plan,quant Mutual Fund,Open Ended Schemes,Equity Scheme - Mid Cap Fund,28-06-2017,50.26210
120841,quant Mid Cap Fund - Growth Option - Direct Plan,quant Mutual Fund,Open Ended Schemes,Equity Scheme - Mid Cap Fund,27-06-2017,50.16620
120841,quant Mid Cap Fund - Growth Option - Direct Plan,quant Mutual Fund,Open Ended Schemes,Equity Scheme - Mid Cap Fund,23-06-2017,50.63400
120841,quant Mid Cap Fund - Growth Option - Direct Plan,quant Mutual Fund,Open Ended Schemes,Equity Scheme - Mid Cap Fund,22-06-2017,51.01050
120841,quant Mid Cap Fund - Growth Option - Direct Plan,quant Mutual Fund,Open Ended Schemes,Equity Scheme - Mid Cap Fund,21-06-2017,51.16270
120841,quant Mid Cap Fund - Growth Option - Direct Plan,quant Mutual Fund,Open Ended Schemes,Equity Scheme - Mid Cap Fund,20-06-2017,51.33250
120841,quant Mid Cap Fund - Growth Option - Direct Plan,quant Mutual Fund,Open Ended Schemes,Equity Scheme - Mid Cap Fund,19-06-2017,51.03770
120841,quant Mid Cap Fund - Growth Option - Direct Plan,quant Mutual Fund,Open Ended Schemes,Equity Scheme - Mid Cap Fund,16-06-2017,50.85270
120841,quant Mid Cap Fund - Growth Option - Direct Plan,quant Mutual Fund,Open Ended Schemes,Equity Scheme - Mid Cap Fund,15-06-2017,50.79150
120841,quant Mid Cap Fund - Growth Option - Direct Plan,quant Mutual Fund,Open Ended Schemes,Equity Scheme - Mid Cap Fund,14-06-2017,50.66850
120841,quant Mid Cap Fund - Growth Option - Direct Plan,quant Mutual Fund,Open Ended Schemes,Equity Scheme - Mid Cap Fund,13-06-2017,50.73510
120841,quant Mid Cap Fund - Growth Option - Direct Plan,quant Mutual Fund,Open Ended Schemes,Equity Scheme - Mid Cap Fund,12-06-2017,50.85260
120841,quant Mid Cap Fund - Growth Option - Direct Plan,quant Mutual Fund,Open Ended Schemes,Equity Scheme - Mid Cap Fund,09-06-2017,50.96330
120841,quant Mid Cap Fund - Growth Option - Direct Plan,quant Mutual Fund,Open Ended Schemes,Equity Scheme - Mid Cap Fund,08-06-2017,50.90980
120841,quant Mid Cap Fund - Growth Option - Direct Plan,quant Mutual Fund,Open Ended Schemes,Equity Scheme - Mid Cap Fund,07-06-2017,50.92780
120841,quant Mid Cap Fund - Growth Option - Direct Plan,quant Mutual Fund,Open Ended Schemes,Equity Scheme - Mid Cap Fund,06-06-2017,50.91860
120841,quant Mid Cap Fund - Growth Option - Direct Plan,quant Mutual Fund,Open Ended Schemes,Equity Scheme - Mid Cap Fund,05-06-2017,51.13890
120841,quant Mid Cap Fund - Growth Option - Direct Plan,quant Mutual Fund,Open Ended Schemes,Equity Scheme - Mid Cap Fund,02-06-2017,50.81370
120841,quant Mid Cap Fund - Growth Option - Direct Plan,quant Mutual Fund,Open Ended Schemes,Equity Scheme - Mid Cap Fund,01-06-2017,50.56910
120841,quant Mid Cap Fund - Growth Option - Direct Plan,quant Mutual Fund,Open Ended Schemes,Equity Scheme - Mid Cap Fund,31-05-2017,50.08600
120841,quant Mid Cap Fund - Growth Option - Direct Plan,quant Mutual Fund,Open Ended Schemes,Equity Scheme - Mid Cap Fund,30-05-2017,49.90860
120841,quant Mid Cap Fund - Growth Option - Direct Plan,quant Mutual Fund,Open Ended Schemes,Equity Scheme - Mid Cap Fund,29-05-2017,49.96940
120841,quant Mid Cap Fund - Growth Option - Direct Plan,quant Mutual Fund,Open Ended Schemes,Equity Scheme - Mid Cap Fund,26-05-2017,50.15250
120841,quant Mid Cap Fund - Growth Option - Direct Plan,quant Mutual Fund,Open Ended Schemes,Equity Scheme - Mid Cap Fund,25-05-2017,49.80050
120841,quant Mid Cap Fund - Growth Option - Direct Plan,quant Mutual Fund,Open Ended Schemes,Equity Scheme - Mid Cap Fund,24-05-2017,49.16090
120841,quant Mid Cap Fund - Growth Option - Direct Plan,quant Mutual Fund,Open Ended Schemes,Equity Scheme - Mid Cap Fund,23-05-2017,49.39190
120841,quant Mid Cap Fund - Growth Option - Direct Plan,quant Mutual Fund,Open Ended Schemes,Equity Scheme - Mid Cap Fund,22-05-2017,49.99040
120841,quant Mid Cap Fund - Growth Option - Direct Plan,quant Mutual Fund,Open Ended Schemes,Equity Scheme - Mid Cap Fund,19-05-2017,50.09840
120841,quant Mid Cap Fund - Growth Option - Direct Plan,quant Mutual Fund,Open Ended Schemes,Equity Scheme - Mid Cap Fund,18-05-2017,50.27090
120841,quant Mid Cap Fund - Growth Option - Direct Plan,quant Mutual Fund,Open Ended Schemes,Equity Scheme - Mid Cap Fund,17-05-2017,50.75130
120841,quant Mid Cap Fund - Growth Option - Direct Plan,quant Mutual Fund,Open Ended Schemes,Equity Scheme - Mid Cap Fund,16-05-2017,50.85460
120841,quant Mid Cap Fund - Growth Option - Direct Plan,quant Mutual Fund,Open Ended Schemes,Equity Scheme - Mid Cap Fund,15-05-2017,50.65430
120841,quant Mid Cap Fund - Growth Option - Direct Plan,quant Mutual Fund,Open Ended Schemes,Equity Scheme - Mid Cap Fund,12-05-2017,50.21950
120841,quant Mid Cap Fund - Growth Option - Direct Plan,quant Mutual Fund,Open Ended Schemes,Equity Scheme - Mid Cap Fund,11-05-2017,50.37090
120841,quant Mid Cap Fund - Growth Option - Direct Plan,quant Mutual Fund,Open Ended Schemes,Equity Scheme - Mid Cap Fund,10-05-2017,50.34880
120841,quant Mid Cap Fund - Growth Option - Direct Plan,quant Mutual Fund,Open Ended Schemes,Equity Scheme - Mid Cap Fund,09-05-2017,50.18500
120841,quant Mid Cap Fund - Growth Option - Direct Plan,quant Mutual Fund,Open Ended Schemes,Equity Scheme - Mid Cap Fund,08-05-2017,49.90320
120841,quant Mid Cap Fund - Growth Option - Direct Plan,quant Mutual Fund,Open Ended Schemes,Equity Scheme - Mid Cap Fund,05-05-2017,49.50220
120841,quant Mid Cap Fund - Growth Option - Direct Plan,quant Mutual Fund,Open Ended Schemes,Equity Scheme - Mid Cap Fund,04-05-2017,49.56930
120841,quant Mid Cap Fund - Growth Option - Direct Plan,quant Mutual Fund,Open Ended Schemes,Equity Scheme - Mid Cap Fund,03-05-2017,49.20800
120841,quant Mid Cap Fund - Growth Option - Direct Plan,quant Mutual Fund,Open Ended Schemes,Equity Scheme - Mid Cap Fund,02-05-2017,49.27480
120841,quant Mid Cap Fund - Growth Option - Direct Plan,quant Mutual Fund,Open Ended Schemes,Equity Scheme - Mid Cap Fund,28-04-2017,49.21220
120841,quant Mid Cap Fund - Growth Option - Direct Plan,quant Mutual Fund,Open Ended Schemes,Equity Scheme - Mid Cap Fund,27-04-2017,49.34470
120841,quant Mid Cap Fund - Growth Option - Direct Plan,quant Mutual Fund,Open Ended Schemes,Equity Scheme - Mid Cap Fund,26-04-2017,49.31740
120841,quant Mid Cap Fund - Growth Option - Direct Plan,quant Mutual Fund,Open Ended Schemes,Equity Scheme - Mid Cap Fund,25-04-2017,49.44990
120841,quant Mid Cap Fund - Growth Option - Direct Plan,quant Mutual Fund,Open Ended Schemes,Equity Scheme - Mid Cap Fund,24-04-2017,49.08190
120841,quant Mid Cap Fund - Growth Option - Direct Plan,quant Mutual Fund,Open Ended Schemes,Equity Scheme - Mid Cap Fund,21-04-2017,48.72050
120841,quant Mid Cap Fund - Growth Option - Direct Plan,quant Mutual Fund,Open Ended Schemes,Equity Scheme - Mid Cap Fund,20-04-2017,48.87440
120841,quant Mid Cap Fund - Growth Option - Direct Plan,quant Mutual Fund,Open Ended Schemes,Equity Scheme - Mid Cap Fund,19-04-2017,48.77050
120841,quant Mid Cap Fund - Growth Option - Direct Plan,quant Mutual Fund,Open Ended Schemes,Equity Scheme - Mid Cap Fund,18-04-2017,48.53940
120841,quant Mid Cap Fund - Growth Option - Direct Plan,quant Mutual Fund,Open Ended Schemes,Equity Scheme - Mid Cap Fund,17-04-2017,48.80760
120841,quant Mid Cap Fund - Growth Option - Direct Plan,quant Mutual Fund,Open Ended Schemes,Equity Scheme - Mid Cap Fund,13-04-2017,48.74270
120841,quant Mid Cap Fund - Growth Option - Direct Plan,quant Mutual Fund,Open Ended Schemes,Equity Scheme - Mid Cap Fund,12-04-2017,48.80760
120841,quant Mid Cap Fund - Growth Option - Direct Plan,quant Mutual Fund,Open Ended Schemes,Equity Scheme - Mid Cap Fund,11-04-2017,48.97930
120841,quant Mid Cap Fund - Growth Option - Direct Plan,quant Mutual Fund,Open Ended Schemes,Equity Scheme - Mid Cap Fund,10-04-2017,48.78580
120841,quant Mid Cap Fund - Growth Option - Direct Plan,quant Mutual Fund,Open Ended Schemes,Equity Scheme - Mid Cap Fund,07-04-2017,48.67460
120841,quant Mid Cap Fund - Growth Option - Direct Plan,quant Mutual Fund,Open Ended Schemes,Equity Scheme - Mid Cap Fund,06-04-2017,48.84630
120841,quant Mid Cap Fund - Growth Option - Direct Plan,quant Mutual Fund,Open Ended Schemes,Equity Scheme - Mid Cap Fund,05-04-2017,48.84660
120841,quant Mid Cap Fund - Growth Option - Direct Plan,quant Mutual Fund,Open Ended Schemes,Equity Scheme - Mid Cap Fund,03-04-2017,48.64390
120841,quant Mid Cap Fund - Growth Option - Direct Plan,quant Mutual Fund,Open Ended Schemes,Equity Scheme - Mid Cap Fund,31-03-2017,48.47380
120841,quant Mid Cap Fund - Growth Option - Direct Plan,quant Mutual Fund,Open Ended Schemes,Equity Scheme - Mid Cap Fund,30-03-2017,48.49460
120841,quant Mid Cap Fund - Growth Option - Direct Plan,quant Mutual Fund,Open Ended Schemes,Equity Scheme - Mid Cap Fund,29-03-2017,48.14920
120841,quant Mid Cap Fund - Growth Option - Direct Plan,quant Mutual Fund,Open Ended Schemes,Equity Scheme - Mid Cap Fund,28-03-2017,48.23530
120841,quant Mid Cap Fund - Growth Option - Direct Plan,quant Mutual Fund,Open Ended Schemes,Equity Scheme - Mid Cap Fund,27-03-2017,48.01760
120841,quant Mid Cap Fund - Growth Option - Direct Plan,quant Mutual Fund,Open Ended Schemes,Equity Scheme - Mid Cap Fund,24-03-2017,47.97400
120841,quant Mid Cap Fund - Growth Option - Direct Plan,quant Mutual Fund,Open Ended Schemes,Equity Scheme - Mid Cap Fund,23-03-2017,47.96620
120841,quant Mid Cap Fund - Growth Option - Direct Plan,quant Mutual Fund,Open Ended Schemes,Equity Scheme - Mid Cap Fund,22-03-2017,47.73870
120841,quant Mid Cap Fund - Growth Option - Direct Plan,quant Mutual Fund,Open Ended Schemes,Equity Scheme - Mid Cap Fund,21-03-2017,48.04430
120841,quant Mid Cap Fund - Growth Option - Direct Plan,quant Mutual Fund,Open Ended Schemes,Equity Scheme - Mid Cap Fund,20-03-2017,48.14780
120841,quant Mid Cap Fund - Growth Option - Direct Plan,quant Mutual Fund,Open Ended Schemes,Equity Scheme - Mid Cap Fund,17-03-2017,47.95690
120841,quant Mid Cap Fund - Growth Option - Direct Plan,quant Mutual Fund,Open Ended Schemes,Equity Scheme - Mid Cap Fund,16-03-2017,47.87850
120841,quant Mid Cap Fund - Growth Option - Direct Plan,quant Mutual Fund,Open Ended Schemes,Equity Scheme - Mid Cap Fund,15-03-2017,47.61480
120841,quant Mid Cap Fund - Growth Option - Direct Plan,quant Mutual Fund,Open Ended Schemes,Equity Scheme - Mid Cap Fund,14-03-2017,47.58880
120841,quant Mid Cap Fund - Growth Option - Direct Plan,quant Mutual Fund,Open Ended Schemes,Equity Scheme - Mid Cap Fund,10-03-2017,47.25950
120841,quant Mid Cap Fund - Growth Option - Direct Plan,quant Mutual Fund,Open Ended Schemes,Equity Scheme - Mid Cap Fund,09-03-2017,47.37590
120841,quant Mid Cap Fund - Growth Option - Direct Plan,quant Mutual Fund,Open Ended Schemes,Equity Scheme - Mid Cap Fund,08-03-2017,47.45530
120841,quant Mid Cap Fund - Growth Option - Direct Plan,quant Mutual Fund,Open Ended Schemes,Equity Scheme - Mid Cap Fund,07-03-2017,47.50580
120841,quant Mid Cap Fund - Growth Option - Direct Plan,quant Mutual Fund,Open Ended Schemes,Equity Scheme - Mid Cap Fund,06-03-2017,47.34990
120841,quant Mid Cap Fund - Growth Option - Direct Plan,quant Mutual Fund,Open Ended Schemes,Equity Scheme - Mid Cap Fund,03-03-2017,47.20310
120841,quant Mid Cap Fund - Growth Option - Direct Plan,quant Mutual Fund,Open Ended Schemes,Equity Scheme - Mid Cap Fund,02-03-2017,46.72500
120841,quant Mid Cap Fund - Growth Option - Direct Plan,quant Mutual Fund,Open Ended Schemes,Equity Scheme - Mid Cap Fund,01-03-2017,47.01510
120841,quant Mid Cap Fund - Growth Option - Direct Plan,quant Mutual Fund,Open Ended Schemes,Equity Scheme - Mid Cap Fund,28-02-2017,46.67980
120841,quant Mid Cap Fund - Growth Option - Direct Plan,quant Mutual Fund,Open Ended Schemes,Equity Scheme - Mid Cap Fund,27-02-2017,46.81160
120841,quant Mid Cap Fund - Growth Option - Direct Plan,quant Mutual Fund,Open Ended Schemes,Equity Scheme - Mid Cap Fund,23-02-2017,46.84510
120841,quant Mid Cap Fund - Growth Option - Direct Plan,quant Mutual Fund,Open Ended Schemes,Equity Scheme - Mid Cap Fund,22-02-2017,46.77940
120841,quant Mid Cap Fund - Growth Option - Direct Plan,quant Mutual Fund,Open Ended Schemes,Equity Scheme - Mid Cap Fund,21-02-2017,46.87240
120841,quant Mid Cap Fund - Growth Option - Direct Plan,quant Mutual Fund,Open Ended Schemes,Equity Scheme - Mid Cap Fund,20-02-2017,46.70000
120841,quant Mid Cap Fund - Growth Option - Direct Plan,quant Mutual Fund,Open Ended Schemes,Equity Scheme - Mid Cap Fund,17-02-2017,46.53610
120841,quant Mid Cap Fund - Growth Option - Direct Plan,quant Mutual Fund,Open Ended Schemes,Equity Scheme - Mid Cap Fund,16-02-2017,46.35360
120841,quant Mid Cap Fund - Growth Option - Direct Plan,quant Mutual Fund,Open Ended Schemes,Equity Scheme - Mid Cap Fund,15-02-2017,45.90690
120841,quant Mid Cap Fund - Growth Option - Direct Plan,quant Mutual Fund,Open Ended Schemes,Equity Scheme - Mid Cap Fund,14-02-2017,46.19230
120841,quant Mid Cap Fund - Growth Option - Direct Plan,quant Mutual Fund,Open Ended Schemes,Equity Scheme - Mid Cap Fund,13-02-2017,46.20840
120841,quant Mid Cap Fund - Growth Option - Direct Plan,quant Mutual Fund,Open Ended Schemes,Equity Scheme - Mid Cap Fund,10-02-2017,46.10210
120841,quant Mid Cap Fund - Growth Option - Direct Plan,quant Mutual Fund,Open Ended Schemes,Equity Scheme - Mid Cap Fund,09-02-2017,46.11130
120841,quant Mid Cap Fund - Growth Option - Direct Plan,quant Mutual Fund,Open Ended Schemes,Equity Scheme - Mid Cap Fund,08-02-2017,46.10450
120841,quant Mid Cap Fund - Growth Option - Direct Plan,quant Mutual Fund,Open Ended Schemes,Equity Scheme - Mid Cap Fund,07-02-2017,46.16150
120841,quant Mid Cap Fund - Growth Option - Direct Plan,quant Mutual Fund,Open Ended Schemes,Equity Scheme - Mid Cap Fund,06-02-2017,46.43070
120841,quant Mid Cap Fund - Growth Option - Direct Plan,quant Mutual Fund,Open Ended Schemes,Equity Scheme - Mid Cap Fund,03-02-2017,46.02940
120841,quant Mid Cap Fund - Growth Option - Direct Plan,quant Mutual Fund,Open Ended Schemes,Equity Scheme - Mid Cap Fund,02-02-2017,46.13500
120841,quant Mid Cap Fund - Growth Option - Direct Plan,quant Mutual Fund,Open Ended Schemes,Equity Scheme - Mid Cap Fund,01-02-2017,45.63440
120841,quant Mid Cap Fund - Growth Option - Direct Plan,quant Mutual Fund,Open Ended Schemes,Equity Scheme - Mid Cap Fund,31-01-2017,45.34010
120841,quant Mid Cap Fund - Growth Option - Direct Plan,quant Mutual Fund,Open Ended Schemes,Equity Scheme - Mid Cap Fund,30-01-2017,45.66340
120841,quant Mid Cap Fund - Growth Option - Direct Plan,quant Mutual Fund,Open Ended Schemes,Equity Scheme - Mid Cap Fund,27-01-2017,45.38390
120841,quant Mid Cap Fund - Growth Option - Direct Plan,quant Mutual Fund,Open Ended Schemes,Equity Scheme - Mid Cap Fund,25-01-2017,44.95290
120841,quant Mid Cap Fund - Growth Option - Direct Plan,quant Mutual Fund,Open Ended Schemes,Equity Scheme - Mid Cap Fund,24-01-2017,44.75280
120841,quant Mid Cap Fund - Growth Option - Direct Plan,quant Mutual Fund,Open Ended Schemes,Equity Scheme - Mid Cap Fund,23-01-2017,44.51360
120841,quant Mid Cap Fund - Growth Option - Direct Plan,quant Mutual Fund,Open Ended Schemes,Equity Scheme - Mid Cap Fund,20-01-2017,44.48050
120841,quant Mid Cap Fund - Growth Option - Direct Plan,quant Mutual Fund,Open Ended Schemes,Equity Scheme - Mid Cap Fund,19-01-2017,44.88120
120841,quant Mid Cap Fund - Growth Option - Direct Plan,quant Mutual Fund,Open Ended Schemes,Equity Scheme - Mid Cap Fund,18-01-2017,44.87190
120841,quant Mid Cap Fund - Growth Option - Direct Plan,quant Mutual Fund,Open Ended Schemes,Equity Scheme - Mid Cap Fund,17-01-2017,44.86120
120841,quant Mid Cap Fund - Growth Option - Direct Plan,quant Mutual Fund,Open Ended Schemes,Equity Scheme - Mid Cap Fund,16-01-2017,44.84030
120841,quant Mid Cap Fund - Growth Option - Direct Plan,quant Mutual Fund,Open Ended Schemes,Equity Scheme - Mid Cap Fund,13-01-2017,44.90410
120841,quant Mid Cap Fund - Growth Option - Direct Plan,quant Mutual Fund,Open Ended Schemes,Equity Scheme - Mid Cap Fund,12-01-2017,44.75390
120841,quant Mid Cap Fund - Growth Option - Direct Plan,quant Mutual Fund,Open Ended Schemes,Equity Scheme - Mid Cap Fund,11-01-2017,44.76560
120841,quant Mid Cap Fund - Growth Option - Direct Plan,quant Mutual Fund,Open Ended Schemes,Equity Scheme - Mid Cap Fund,10-01-2017,44.60400
120841,quant Mid Cap Fund - Growth Option - Direct Plan,quant Mutual Fund,Open Ended Schemes,Equity Scheme - Mid Cap Fund,09-01-2017,44.64360
120841,quant Mid Cap Fund - Growth Option - Direct Plan,quant Mutual Fund,Open Ended Schemes,Equity Scheme - Mid Cap Fund,06-01-2017,44.65180
120841,quant Mid Cap Fund - Growth Option - Direct Plan,quant Mutual Fund,Open Ended Schemes,Equity Scheme - Mid Cap Fund,05-01-2017,44.89300
120841,quant Mid Cap Fund - Growth Option - Direct Plan,quant Mutual Fund,Open Ended Schemes,Equity Scheme - Mid Cap Fund,04-01-2017,44.50420
120841,quant Mid Cap Fund - Growth Option - Direct Plan,quant Mutual Fund,Open Ended Schemes,Equity Scheme - Mid Cap Fund,03-01-2017,44.49730
120841,quant Mid Cap Fund - Growth Option - Direct Plan,quant Mutual Fund,Open Ended Schemes,Equity Scheme - Mid Cap Fund,02-01-2017,44.29470
120841,quant Mid Cap Fund - Growth Option - Direct Plan,quant Mutual Fund,Open Ended Schemes,Equity Scheme - Mid Cap Fund,30-12-2016,44.27160
120841,quant Mid Cap Fund - Growth Option - Direct Plan,quant Mutual Fund,Open Ended Schemes,Equity Scheme - Mid Cap Fund,29-12-2016,43.89660
120841,quant Mid Cap Fund - Growth Option - Direct Plan,quant Mutual Fund,Open Ended Schemes,Equity Scheme - Mid Cap Fund,28-12-2016,43.67250
120841,quant Mid Cap Fund - Growth Option - Direct Plan,quant Mutual Fund,Open Ended Schemes,Equity Scheme - Mid Cap Fund,27-12-2016,43.55950
120841,quant Mid Cap Fund - Growth Option - Direct Plan,quant Mutual Fund,Open Ended Schemes,Equity Scheme - Mid Cap Fund,26-12-2016,43.31630
120841,quant Mid Cap Fund - Growth Option - Direct Plan,quant Mutual Fund,Open Ended Schemes,Equity Scheme - Mid Cap Fund,23-12-2016,43.66480
120841,quant Mid Cap Fund - Growth Option - Direct Plan,quant Mutual Fund,Open Ended Schemes,Equity Scheme - Mid Cap Fund,22-12-2016,43.71650
120841,quant Mid Cap Fund - Growth Option - Direct Plan,quant Mutual Fund,Open Ended Schemes,Equity Scheme - Mid Cap Fund,21-12-2016,44.04130
120841,quant Mid Cap Fund - Growth Option - Direct Plan,quant Mutual Fund,Open Ended Schemes,Equity Scheme - Mid Cap Fund,20-12-2016,44.21620
120841,quant Mid Cap Fund - Growth Option - Direct Plan,quant Mutual Fund,Open Ended Schemes,Equity Scheme - Mid Cap Fund,19-12-2016,44.52710
120841,quant Mid Cap Fund - Growth Option - Direct Plan,quant Mutual Fund,Open Ended Schemes,Equity Scheme - Mid Cap Fund,16-12-2016,44.74260
120841,quant Mid Cap Fund - Growth Option - Direct Plan,quant Mutual Fund,Open Ended Schemes,Equity Scheme - Mid Cap Fund,15-12-2016,44.67010
120841,quant Mid Cap Fund - Growth Option - Direct Plan,quant Mutual Fund,Open Ended Schemes,Equity Scheme - Mid Cap Fund,14-12-2016,44.71970
120841,quant Mid Cap Fund - Growth Option - Direct Plan,quant Mutual Fund,Open Ended Schemes,Equity Scheme - Mid Cap Fund,13-12-2016,44.92780
120841,quant Mid Cap Fund - Growth Option - Direct Plan,quant Mutual Fund,Open Ended Schemes,Equity Scheme - Mid Cap Fund,12-12-2016,44.75890
120841,quant Mid Cap Fund - Growth Option - Direct Plan,quant Mutual Fund,Open Ended Schemes,Equity Scheme - Mid Cap Fund,09-12-2016,44.93090
120841,quant Mid Cap Fund - Growth Option - Direct Plan,quant Mutual Fund,Open Ended Schemes,Equity Scheme - Mid Cap Fund,08-12-2016,44.77770
120841,quant Mid Cap Fund - Growth Option - Direct Plan,quant Mutual Fund,Open Ended Schemes,Equity Scheme - Mid Cap Fund,07-12-2016,44.20180
120841,quant Mid Cap Fund - Growth Option - Direct Plan,quant Mutual Fund,Open Ended Schemes,Equity Scheme - Mid Cap Fund,06-12-2016,44.44920
120841,quant Mid Cap Fund - Growth Option - Direct Plan,quant Mutual Fund,Open Ended Schemes,Equity Scheme - Mid Cap Fund,05-12-2016,44.42930
120841,quant Mid Cap Fund - Growth Option - Direct Plan,quant Mutual Fund,Open Ended Schemes,Equity Scheme - Mid Cap Fund,02-12-2016,44.36740
120841,quant Mid Cap Fund - Growth Option - Direct Plan,quant Mutual Fund,Open Ended Schemes,Equity Scheme - Mid Cap Fund,01-12-2016,44.67740
120841,quant Mid Cap Fund - Growth Option - Direct Plan,quant Mutual Fund,Open Ended Schemes,Equity Scheme - Mid Cap Fund,30-11-2016,44.71680
120841,quant Mid Cap Fund - Growth Option - Direct Plan,quant Mutual Fund,Open Ended Schemes,Equity Scheme - Mid Cap Fund,29-11-2016,44.62020
120841,quant Mid Cap Fund - Growth Option - Direct Plan,quant Mutual Fund,Open Ended Schemes,Equity Scheme - Mid Cap Fund,28-11-2016,44.72250
120841,quant Mid Cap Fund - Growth Option - Direct Plan,quant Mutual Fund,Open Ended Schemes,Equity Scheme - Mid Cap Fund,25-11-2016,44.77400
120841,quant Mid Cap Fund - Growth Option - Direct Plan,quant Mutual Fund,Open Ended Schemes,Equity Scheme - Mid Cap Fund,24-11-2016,44.32280
120841,quant Mid Cap Fund - Growth Option - Direct Plan,quant Mutual Fund,Open Ended Schemes,Equity Scheme - Mid Cap Fund,23-11-2016,44.31800
120841,quant Mid Cap Fund - Growth Option - Direct Plan,quant Mutual Fund,Open Ended Schemes,Equity Scheme - Mid Cap Fund,22-11-2016,44.01720
120841,quant Mid Cap Fund - Growth Option - Direct Plan,quant Mutual Fund,Open Ended Schemes,Equity Scheme - Mid Cap Fund,21-11-2016,43.85710
120841,quant Mid Cap Fund - Growth Option - Direct Plan,quant Mutual Fund,Open Ended Schemes,Equity Scheme - Mid Cap Fund,18-11-2016,44.42240
120841,quant Mid Cap Fund - Growth Option - Direct Plan,quant Mutual Fund,Open Ended Schemes,Equity Scheme - Mid Cap Fund,17-11-2016,44.29190
120841,quant Mid Cap Fund - Growth Option - Direct Plan,quant Mutual Fund,Open Ended Schemes,Equity Scheme - Mid Cap Fund,16-11-2016,44.20870
120841,quant Mid Cap Fund - Growth Option - Direct Plan,quant Mutual Fund,Open Ended Schemes,Equity Scheme - Mid Cap Fund,15-11-2016,44.20380
120841,quant Mid Cap Fund - Growth Option - Direct Plan,quant Mutual Fund,Open Ended Schemes,Equity Scheme - Mid Cap Fund,11-11-2016,45.28010
120841,quant Mid Cap Fund - Growth Option - Direct Plan,quant Mutual Fund,Open Ended Schemes,Equity Scheme - Mid Cap Fund,10-11-2016,45.84320
120841,quant Mid Cap Fund - Growth Option - Direct Plan,quant Mutual Fund,Open Ended Schemes,Equity Scheme - Mid Cap Fund,09-11-2016,45.46690
120841,quant Mid Cap Fund - Growth Option - Direct Plan,quant Mutual Fund,Open Ended Schemes,Equity Scheme - Mid Cap Fund,08-11-2016,45.87860
120841,quant Mid Cap Fund - Growth Option - Direct Plan,quant Mutual Fund,Open Ended Schemes,Equity Scheme - Mid Cap Fund,07-11-2016,45.99820
120841,quant Mid Cap Fund - Growth Option - Direct Plan,quant Mutual Fund,Open Ended Schemes,Equity Scheme - Mid Cap Fund,04-11-2016,45.58300
120841,quant Mid Cap Fund - Growth Option - Direct Plan,quant Mutual Fund,Open Ended Schemes,Equity Scheme - Mid Cap Fund,03-11-2016,46.15530
120841,quant Mid Cap Fund - Growth Option - Direct Plan,quant Mutual Fund,Open Ended Schemes,Equity Scheme - Mid Cap Fund,02-11-2016,46.43070
120841,quant Mid Cap Fund - Growth Option - Direct Plan,quant Mutual Fund,Open Ended Schemes,Equity Scheme - Mid Cap Fund,01-11-2016,46.71400
120841,quant Mid Cap Fund - Growth Option - Direct Plan,quant Mutual Fund,Open Ended Schemes,Equity Scheme - Mid Cap Fund,28-10-2016,46.63860
120841,quant Mid Cap Fund - Growth Option - Direct Plan,quant Mutual Fund,Open Ended Schemes,Equity Scheme - Mid Cap Fund,27-10-2016,46.58100
120841,quant Mid Cap Fund - Growth Option - Direct Plan,quant Mutual Fund,Open Ended Schemes,Equity Scheme - Mid Cap Fund,26-10-2016,46.63570
120841,quant Mid Cap Fund - Growth Option - Direct Plan,quant Mutual Fund,Open Ended Schemes,Equity Scheme - Mid Cap Fund,25-10-2016,47.11100
120841,quant Mid Cap Fund - Growth Option - Direct Plan,quant Mutual Fund,Open Ended Schemes,Equity Scheme - Mid Cap Fund,24-10-2016,46.99670
120841,quant Mid Cap Fund - Growth Option - Direct Plan,quant Mutual Fund,Open Ended Schemes,Equity Scheme - Mid Cap Fund,21-10-2016,46.88260
120841,quant Mid Cap Fund - Growth Option - Direct Plan,quant Mutual Fund,Open Ended Schemes,Equity Scheme - Mid Cap Fund,20-10-2016,47.18750
120841,quant Mid Cap Fund - Growth Option - Direct Plan,quant Mutual Fund,Open Ended Schemes,Equity Scheme - Mid Cap Fund,19-10-2016,47.06490
120841,quant Mid Cap Fund - Growth Option - Direct Plan,quant Mutual Fund,Open Ended Schemes,Equity Scheme - Mid Cap Fund,18-10-2016,46.94360
120841,quant Mid Cap Fund - Growth Option - Direct Plan,quant Mutual Fund,Open Ended Schemes,Equity Scheme - Mid Cap Fund,17-10-2016,46.44840
120841,quant Mid Cap Fund - Growth Option - Direct Plan,quant Mutual Fund,Open Ended Schemes,Equity Scheme - Mid Cap Fund,14-10-2016,46.19830
120841,quant Mid Cap Fund - Growth Option - Direct Plan,quant Mutual Fund,Open Ended Schemes,Equity Scheme - Mid Cap Fund,13-10-2016,45.98960
120841,quant Mid Cap Fund - Growth Option - Direct Plan,quant Mutual Fund,Open Ended Schemes,Equity Scheme - Mid Cap Fund,10-10-2016,46.69290
120841,quant Mid Cap Fund - Growth Option - Direct Plan,quant Mutual Fund,Open Ended Schemes,Equity Scheme - Mid Cap Fund,07-10-2016,46.43830
120841,quant Mid Cap Fund - Growth Option - Direct Plan,quant Mutual Fund,Open Ended Schemes,Equity Scheme - Mid Cap Fund,06-10-2016,46.42910
120841,quant Mid Cap Fund - Growth Option - Direct Plan,quant Mutual Fund,Open Ended Schemes,Equity Scheme - Mid Cap Fund,05-10-2016,46.58960
120841,quant Mid Cap Fund - Growth Option - Direct Plan,quant Mutual Fund,Open Ended Schemes,Equity Scheme - Mid Cap Fund,04-10-2016,46.51930
120841,quant Mid Cap Fund - Growth Option - Direct Plan,quant Mutual Fund,Open Ended Schemes,Equity Scheme - Mid Cap Fund,03-10-2016,46.55610
120841,quant Mid Cap Fund - Growth Option - Direct Plan,quant Mutual Fund,Open Ended Schemes,Equity Scheme - Mid Cap Fund,30-09-2016,46.05150
120841,quant Mid Cap Fund - Growth Option - Direct Plan,quant Mutual Fund,Open Ended Schemes,Equity Scheme - Mid Cap Fund,29-09-2016,45.77980
120841,quant Mid Cap Fund - Growth Option - Direct Plan,quant Mutual Fund,Open Ended Schemes,Equity Scheme - Mid Cap Fund,28-09-2016,46.49620
120841,quant Mid Cap Fund - Growth Option - Direct Plan,quant Mutual Fund,Open Ended Schemes,Equity Scheme - Mid Cap Fund,27-09-2016,46.30600
120841,quant Mid Cap Fund - Growth Option - Direct Plan,quant Mutual Fund,Open Ended Schemes,Equity Scheme - Mid Cap Fund,26-09-2016,46.38040
120841,quant Mid Cap Fund - Growth Option - Direct Plan,quant Mutual Fund,Open Ended Schemes,Equity Scheme - Mid Cap Fund,23-09-2016,46.67840
120841,quant Mid Cap Fund - Growth Option - Direct Plan,quant Mutual Fund,Open Ended Schemes,Equity Scheme - Mid Cap Fund,22-09-2016,46.72700
120841,quant Mid Cap Fund - Growth Option - Direct Plan,quant Mutual Fund,Open Ended Schemes,Equity Scheme - Mid Cap Fund,21-09-2016,46.49440
120841,quant Mid Cap Fund - Growth Option - Direct Plan,quant Mutual Fund,Open Ended Schemes,Equity Scheme - Mid Cap Fund,20-09-2016,46.49570
120841,quant Mid Cap Fund - Growth Option - Direct Plan,quant Mutual Fund,Open Ended Schemes,Equity Scheme - Mid Cap Fund,19-09-2016,46.58870
120841,quant Mid Cap Fund - Growth Option - Direct Plan,quant Mutual Fund,Open Ended Schemes,Equity Scheme - Mid Cap Fund,16-09-2016,46.49910
120841,quant Mid Cap Fund - Growth Option - Direct Plan,quant Mutual Fund,Open Ended Schemes,Equity Scheme - Mid Cap Fund,15-09-2016,46.32120
120841,quant Mid Cap Fund - Growth Option - Direct Plan,quant Mutual Fund,Open Ended Schemes,Equity Scheme - Mid Cap Fund,14-09-2016,46.35930
120841,quant Mid Cap Fund - Growth Option - Direct Plan,quant Mutual Fund,Open Ended Schemes,Equity Scheme - Mid Cap Fund,12-09-2016,46.18300
120841,quant Mid Cap Fund - Growth Option - Direct Plan,quant Mutual Fund,Open Ended Schemes,Equity Scheme - Mid Cap Fund,09-09-2016,46.78090
120841,quant Mid Cap Fund - Growth Option - Direct Plan,quant Mutual Fund,Open Ended Schemes,Equity Scheme - Mid Cap Fund,08-09-2016,46.97930
120841,quant Mid Cap Fund - Growth Option - Direct Plan,quant Mutual Fund,Open Ended Schemes,Equity Scheme - Mid Cap Fund,07-09-2016,46.89860
120841,quant Mid Cap Fund - Growth Option - Direct Plan,quant Mutual Fund,Open Ended Schemes,Equity Scheme - Mid Cap Fund,06-09-2016,46.82870
120841,quant Mid Cap Fund - Growth Option - Direct Plan,quant Mutual Fund,Open Ended Schemes,Equity Scheme - Mid Cap Fund,02-09-2016,46.62520
120841,quant Mid Cap Fund - Growth Option - Direct Plan,quant Mutual Fund,Open Ended Schemes,Equity Scheme - Mid Cap Fund,01-09-2016,46.47490
120841,quant Mid Cap Fund - Growth Option - Direct Plan,quant Mutual Fund,Open Ended Schemes,Equity Scheme - Mid Cap Fund,31-08-2016,46.75730
120841,quant Mid Cap Fund - Growth Option - Direct Plan,quant Mutual Fund,Open Ended Schemes,Equity Scheme - Mid Cap Fund,30-08-2016,46.82650
120841,quant Mid Cap Fund - Growth Option - Direct Plan,quant Mutual Fund,Open Ended Schemes,Equity Scheme - Mid Cap Fund,29-08-2016,46.58970
120841,quant Mid Cap Fund - Growth Option - Direct Plan,quant Mutual Fund,Open Ended Schemes,Equity Scheme - Mid Cap Fund,26-08-2016,46.59090
120841,quant Mid Cap Fund - Growth Option - Direct Plan,quant Mutual Fund,Open Ended Schemes,Equity Scheme - Mid Cap Fund,25-08-2016,46.77280
120841,quant Mid Cap Fund - Growth Option - Direct Plan,quant Mutual Fund,Open Ended Schemes,Equity Scheme - Mid Cap Fund,24-08-2016,46.90270
120841,quant Mid Cap Fund - Growth Option - Direct Plan,quant Mutual Fund,Open Ended Schemes,Equity Scheme - Mid Cap Fund,23-08-2016,46.55010
120841,quant Mid Cap Fund - Growth Option - Direct Plan,quant Mutual Fund,Open Ended Schemes,Equity Scheme - Mid Cap Fund,22-08-2016,46.65480
120841,quant Mid Cap Fund - Growth Option - Direct Plan,quant Mutual Fund,Open Ended Schemes,Equity Scheme - Mid Cap Fund,19-08-2016,46.89970
120841,quant Mid Cap Fund - Growth Option - Direct Plan,quant Mutual Fund,Open Ended Schemes,Equity Scheme - Mid Cap Fund,18-08-2016,46.76150
120841,quant Mid Cap Fund - Growth Option - Direct Plan,quant Mutual Fund,Open Ended Schemes,Equity Scheme - Mid Cap Fund,17-08-2016,46.73130
120841,quant Mid Cap Fund - Growth Option - Direct Plan,quant Mutual Fund,Open Ended Schemes,Equity Scheme - Mid Cap Fund,16-08-2016,46.11330
120841,quant Mid Cap Fund - Growth Option - Direct Plan,quant Mutual Fund,Open Ended Schemes,Equity Scheme - Mid Cap Fund,12-08-2016,46.23550
120841,quant Mid Cap Fund - Growth Option - Direct Plan,quant Mutual Fund,Open Ended Schemes,Equity Scheme - Mid Cap Fund,11-08-2016,46.25810
120841,quant Mid Cap Fund - Growth Option - Direct Plan,quant Mutual Fund,Open Ended Schemes,Equity Scheme - Mid Cap Fund,10-08-2016,46.25060
120841,quant Mid Cap Fund - Growth Option - Direct Plan,quant Mutual Fund,Open Ended Schemes,Equity Scheme - Mid Cap Fund,09-08-2016,46.72950
120841,quant Mid Cap Fund - Growth Option - Direct Plan,quant Mutual Fund,Open Ended Schemes,Equity Scheme - Mid Cap Fund,08-08-2016,47.02990
120841,quant Mid Cap Fund - Growth Option - Direct Plan,quant Mutual Fund,Open Ended Schemes,Equity Scheme - Mid Cap Fund,05-08-2016,46.64480
120841,quant Mid Cap Fund - Growth Option - Direct Plan,quant Mutual Fund,Open Ended Schemes,Equity Scheme - Mid Cap Fund,04-08-2016,45.65770
120841,quant Mid Cap Fund - Growth Option - Direct Plan,quant Mutual Fund,Open Ended Schemes,Equity Scheme - Mid Cap Fund,03-08-2016,45.64670
120841,quant Mid Cap Fund - Growth Option - Direct Plan,quant Mutual Fund,Open Ended Schemes,Equity Scheme - Mid Cap Fund,02-08-2016,45.81120
120841,quant Mid Cap Fund - Growth Option - Direct Plan,quant Mutual Fund,Open Ended Schemes,Equity Scheme - Mid Cap Fund,01-08-2016,46.15630
120841,quant Mid Cap Fund - Growth Option - Direct Plan,quant Mutual Fund,Open Ended Schemes,Equity Scheme - Mid Cap Fund,29-07-2016,46.08380
120841,quant Mid Cap Fund - Growth Option - Direct Plan,quant Mutual Fund,Open Ended Schemes,Equity Scheme - Mid Cap Fund,28-07-2016,46.20870
120841,quant Mid Cap Fund - Growth Option - Direct Plan,quant Mutual Fund,Open Ended Schemes,Equity Scheme - Mid Cap Fund,27-07-2016,46.20590
120841,quant Mid Cap Fund - Growth Option - Direct Plan,quant Mutual Fund,Open Ended Schemes,Equity Scheme - Mid Cap Fund,26-07-2016,46.14950
120841,quant Mid Cap Fund - Growth Option - Direct Plan,quant Mutual Fund,Open Ended Schemes,Equity Scheme - Mid Cap Fund,25-07-2016,46.28000
120841,quant Mid Cap Fund - Growth Option - Direct Plan,quant Mutual Fund,Open Ended Schemes,Equity Scheme - Mid Cap Fund,22-07-2016,46.02210
120841,quant Mid Cap Fund - Growth Option - Direct Plan,quant Mutual Fund,Open Ended Schemes,Equity Scheme - Mid Cap Fund,21-07-2016,45.90550
120841,quant Mid Cap Fund - Growth Option - Direct Plan,quant Mutual Fund,Open Ended Schemes,Equity Scheme - Mid Cap Fund,20-07-2016,46.06710
120841,quant Mid Cap Fund - Growth Option - Direct Plan,quant Mutual Fund,Open Ended Schemes,Equity Scheme - Mid Cap Fund,19-07-2016,46.06770
120841,quant Mid Cap Fund - Growth Option - Direct Plan,quant Mutual Fund,Open Ended Schemes,Equity Scheme - Mid Cap Fund,18-07-2016,46.09240
120841,quant Mid Cap Fund - Growth Option - Direct Plan,quant Mutual Fund,Open Ended Schemes,Equity Scheme - Mid Cap Fund,15-07-2016,46.27230
120841,quant Mid Cap Fund - Growth Option - Direct Plan,quant Mutual Fund,Open Ended Schemes,Equity Scheme - Mid Cap Fund,14-07-2016,46.54610
120841,quant Mid Cap Fund - Growth Option - Direct Plan,quant Mutual Fund,Open Ended Schemes,Equity Scheme - Mid Cap Fund,13-07-2016,46.45460
120841,quant Mid Cap Fund - Growth Option - Direct Plan,quant Mutual Fund,Open Ended Schemes,Equity Scheme - Mid Cap Fund,12-07-2016,46.72070
120841,quant Mid Cap Fund - Growth Option - Direct Plan,quant Mutual Fund,Open Ended Schemes,Equity Scheme - Mid Cap Fund,11-07-2016,47.08220
120841,quant Mid Cap Fund - Growth Option - Direct Plan,quant Mutual Fund,Open Ended Schemes,Equity Scheme - Mid Cap Fund,08-07-2016,46.81580
120841,quant Mid Cap Fund - Growth Option - Direct Plan,quant Mutual Fund,Open Ended Schemes,Equity Scheme - Mid Cap Fund,07-07-2016,46.88950
120841,quant Mid Cap Fund - Growth Option - Direct Plan,quant Mutual Fund,Open Ended Schemes,Equity Scheme - Mid Cap Fund,05-07-2016,46.85590
120841,quant Mid Cap Fund - Growth Option - Direct Plan,quant Mutual Fund,Open Ended Schemes,Equity Scheme - Mid Cap Fund,04-07-2016,46.68000
120841,quant Mid Cap Fund - Growth Option - Direct Plan,quant Mutual Fund,Open Ended Schemes,Equity Scheme - Mid Cap Fund,01-07-2016,46.64410
120841,quant Mid Cap Fund - Growth Option - Direct Plan,quant Mutual Fund,Open Ended Schemes,Equity Scheme - Mid Cap Fund,30-06-2016,46.61780
120841,quant Mid Cap Fund - Growth Option - Direct Plan,quant Mutual Fund,Open Ended Schemes,Equity Scheme - Mid Cap Fund,29-06-2016,46.36770
120841,quant Mid Cap Fund - Growth Option - Direct Plan,quant Mutual Fund,Open Ended Schemes,Equity Scheme - Mid Cap Fund,28-06-2016,46.27400
120841,quant Mid Cap Fund - Growth Option - Direct Plan,quant Mutual Fund,Open Ended Schemes,Equity Scheme - Mid Cap Fund,27-06-2016,46.66670
120841,quant Mid Cap Fund - Growth Option - Direct Plan,quant Mutual Fund,Open Ended Schemes,Equity Scheme - Mid Cap Fund,24-06-2016,46.35180
120841,quant Mid Cap Fund - Growth Option - Direct Plan,quant Mutual Fund,Open Ended Schemes,Equity Scheme - Mid Cap Fund,23-06-2016,46.75060
120841,quant Mid Cap Fund - Growth Option - Direct Plan,quant Mutual Fund,Open Ended Schemes,Equity Scheme - Mid Cap Fund,22-06-2016,46.32910
120841,quant Mid Cap Fund - Growth Option - Direct Plan,quant Mutual Fund,Open Ended Schemes,Equity Scheme - Mid Cap Fund,21-06-2016,46.04430
120841,quant Mid Cap Fund - Growth Option - Direct Plan,quant Mutual Fund,Open Ended Schemes,Equity Scheme - Mid Cap Fund,20-06-2016,45.93610
120841,quant Mid Cap Fund - Growth Option - Direct Plan,quant Mutual Fund,Open Ended Schemes,Equity Scheme - Mid Cap Fund,17-06-2016,46.08590
120841,quant Mid Cap Fund - Growth Option - Direct Plan,quant Mutual Fund,Open Ended Schemes,Equity Scheme - Mid Cap Fund,16-06-2016,46.07600
120841,quant Mid Cap Fund - Growth Option - Direct Plan,quant Mutual Fund,Open Ended Schemes,Equity Scheme - Mid Cap Fund,15-06-2016,46.27840
120841,quant Mid Cap Fund - Growth Option - Direct Plan,quant Mutual Fund,Open Ended Schemes,Equity Scheme - Mid Cap Fund,14-06-2016,46.05340
120841,quant Mid Cap Fund - Growth Option - Direct Plan,quant Mutual Fund,Open Ended Schemes,Equity Scheme - Mid Cap Fund,13-06-2016,45.97790
120841,quant Mid Cap Fund - Growth Option - Direct Plan,quant Mutual Fund,Open Ended Schemes,Equity Scheme - Mid Cap Fund,10-06-2016,46.08460
120841,quant Mid Cap Fund - Growth Option - Direct Plan,quant Mutual Fund,Open Ended Schemes,Equity Scheme - Mid Cap Fund,09-06-2016,46.16650
120841,quant Mid Cap Fund - Growth Option - Direct Plan,quant Mutual Fund,Open Ended Schemes,Equity Scheme - Mid Cap Fund,08-06-2016,46.13630
120841,quant Mid Cap Fund - Growth Option - Direct Plan,quant Mutual Fund,Open Ended Schemes,Equity Scheme - Mid Cap Fund,07-06-2016,45.94440
120841,quant Mid Cap Fund - Growth Option - Direct Plan,quant Mutual Fund,Open Ended Schemes,Equity Scheme - Mid Cap Fund,06-06-2016,45.95070
120841,quant Mid Cap Fund - Growth Option - Direct Plan,quant Mutual Fund,Open Ended Schemes,Equity Scheme - Mid Cap Fund,03-06-2016,46.02040
120841,quant Mid Cap Fund - Growth Option - Direct Plan,quant Mutual Fund,Open Ended Schemes,Equity Scheme - Mid Cap Fund,02-06-2016,45.88560
120841,quant Mid Cap Fund - Growth Option - Direct Plan,quant Mutual Fund,Open Ended Schemes,Equity Scheme - Mid Cap Fund,01-06-2016,45.91320
120841,quant Mid Cap Fund - Growth Option - Direct Plan,quant Mutual Fund,Open Ended Schemes,Equity Scheme - Mid Cap Fund,31-05-2016,45.79050
120841,quant Mid Cap Fund - Growth Option - Direct Plan,quant Mutual Fund,Open Ended Schemes,Equity Scheme - Mid Cap Fund,30-05-2016,45.99320
120841,quant Mid Cap Fund - Growth Option - Direct Plan,quant Mutual Fund,Open Ended Schemes,Equity Scheme - Mid Cap Fund,27-05-2016,46.12690
120841,quant Mid Cap Fund - Growth Option - Direct Plan,quant Mutual Fund,Open Ended Schemes,Equity Scheme - Mid Cap Fund,26-05-2016,45.76580
120841,quant Mid Cap Fund - Growth Option - Direct Plan,quant Mutual Fund,Open Ended Schemes,Equity Scheme - Mid Cap Fund,25-05-2016,45.68520
120841,quant Mid Cap Fund - Growth Option - Direct Plan,quant Mutual Fund,Open Ended Schemes,Equity Scheme - Mid Cap Fund,24-05-2016,45.24220
120841,quant Mid Cap Fund - Growth Option - Direct Plan,quant Mutual Fund,Open Ended Schemes,Equity Scheme - Mid Cap Fund,23-05-2016,45.28630
120841,quant Mid Cap Fund - Growth Option - Direct Plan,quant Mutual Fund,Open Ended Schemes,Equity Scheme - Mid Cap Fund,20-05-2016,45.45600
120841,quant Mid Cap Fund - Growth Option - Direct Plan,quant Mutual Fund,Open Ended Schemes,Equity Scheme - Mid Cap Fund,19-05-2016,45.95760
120841,quant Mid Cap Fund - Growth Option - Direct Plan,quant Mutual Fund,Open Ended Schemes,Equity Scheme - Mid Cap Fund,18-05-2016,46.25030
120841,quant Mid Cap Fund - Growth Option - Direct Plan,quant Mutual Fund,Open Ended Schemes,Equity Scheme - Mid Cap Fund,17-05-2016,45.99100
120841,quant Mid Cap Fund - Growth Option - Direct Plan,quant Mutual Fund,Open Ended Schemes,Equity Scheme - Mid Cap Fund,16-05-2016,45.95580
120841,quant Mid Cap Fund - Growth Option - Direct Plan,quant Mutual Fund,Open Ended Schemes,Equity Scheme - Mid Cap Fund,13-05-2016,46.19650
120841,quant Mid Cap Fund - Growth Option - Direct Plan,quant Mutual Fund,Open Ended Schemes,Equity Scheme - Mid Cap Fund,12-05-2016,46.36100
120841,quant Mid Cap Fund - Growth Option - Direct Plan,quant Mutual Fund,Open Ended Schemes,Equity Scheme - Mid Cap Fund,11-05-2016,46.10300
120841,quant Mid Cap Fund - Growth Option - Direct Plan,quant Mutual Fund,Open Ended Schemes,Equity Scheme - Mid Cap Fund,10-05-2016,45.89580
120841,quant Mid Cap Fund - Growth Option - Direct Plan,quant Mutual Fund,Open Ended Schemes,Equity Scheme - Mid Cap Fund,09-05-2016,45.82450
120841,quant Mid Cap Fund - Growth Option - Direct Plan,quant Mutual Fund,Open Ended Schemes,Equity Scheme - Mid Cap Fund,06-05-2016,45.21830
120841,quant Mid Cap Fund - Growth Option - Direct Plan,quant Mutual Fund,Open Ended Schemes,Equity Scheme - Mid Cap Fund,05-05-2016,44.73280
120841,quant Mid Cap Fund - Growth Option - Direct Plan,quant Mutual Fund,Open Ended Schemes,Equity Scheme - Mid Cap Fund,04-05-2016,45.00890
120841,quant Mid Cap Fund - Growth Option - Direct Plan,quant Mutual Fund,Open Ended Schemes,Equity Scheme - Mid Cap Fund,03-05-2016,45.25410
120841,quant Mid Cap Fund - Growth Option - Direct Plan,quant Mutual Fund,Open Ended Schemes,Equity Scheme - Mid Cap Fund,02-05-2016,45.48560
120841,quant Mid Cap Fund - Growth Option - Direct Plan,quant Mutual Fund,Open Ended Schemes,Equity Scheme - Mid Cap Fund,29-04-2016,45.29440
120841,quant Mid Cap Fund - Growth Option - Direct Plan,quant Mutual Fund,Open Ended Schemes,Equity Scheme - Mid Cap Fund,28-04-2016,45.13100
120841,quant Mid Cap Fund - Growth Option - Direct Plan,quant Mutual Fund,Open Ended Schemes,Equity Scheme - Mid Cap Fund,27-04-2016,45.41870
120841,quant Mid Cap Fund - Growth Option - Direct Plan,quant Mutual Fund,Open Ended Schemes,Equity Scheme - Mid Cap Fund,26-04-2016,45.49300
120841,quant Mid Cap Fund - Growth Option - Direct Plan,quant Mutual Fund,Open Ended Schemes,Equity Scheme - Mid Cap Fund,25-04-2016,45.33640
120841,quant Mid Cap Fund - Growth Option - Direct Plan,quant Mutual Fund,Open Ended Schemes,Equity Scheme - Mid Cap Fund,22-04-2016,45.44680
120841,quant Mid Cap Fund - Growth Option - Direct Plan,quant Mutual Fund,Open Ended Schemes,Equity Scheme - Mid Cap Fund,21-04-2016,45.46750
120841,quant Mid Cap Fund - Growth Option - Direct Plan,quant Mutual Fund,Open Ended Schemes,Equity Scheme - Mid Cap Fund,20-04-2016,45.53240
120841,quant Mid Cap Fund - Growth Option - Direct Plan,quant Mutual Fund,Open Ended Schemes,Equity Scheme - Mid Cap Fund,18-04-2016,45.56040
120841,quant Mid Cap Fund - Growth Option - Direct Plan,quant Mutual Fund,Open Ended Schemes,Equity Scheme - Mid Cap Fund,13-04-2016,45.25900
120841,quant Mid Cap Fund - Growth Option - Direct Plan,quant Mutual Fund,Open Ended Schemes,Equity Scheme - Mid Cap Fund,12-04-2016,44.86560
120841,quant Mid Cap Fund - Growth Option - Direct Plan,quant Mutual Fund,Open Ended Schemes,Equity Scheme - Mid Cap Fund,11-04-2016,44.77690
120841,quant Mid Cap Fund - Growth Option - Direct Plan,quant Mutual Fund,Open Ended Schemes,Equity Scheme - Mid Cap Fund,08-04-2016,44.62200
120841,quant Mid Cap Fund - Growth Option - Direct Plan,quant Mutual Fund,Open Ended Schemes,Equity Scheme - Mid Cap Fund,07-04-2016,44.56330
120841,quant Mid Cap Fund - Growth Option - Direct Plan,quant Mutual Fund,Open Ended Schemes,Equity Scheme - Mid Cap Fund,06-04-2016,44.70460
120841,quant Mid Cap Fund - Growth Option - Direct Plan,quant Mutual Fund,Open Ended Schemes,Equity Scheme - Mid Cap Fund,05-04-2016,44.56750
120841,quant Mid Cap Fund - Growth Option - Direct Plan,quant Mutual Fund,Open Ended Schemes,Equity Scheme - Mid Cap Fund,04-04-2016,44.83670
120841,quant Mid Cap Fund - Growth Option - Direct Plan,quant Mutual Fund,Open Ended Schemes,Equity Scheme - Mid Cap Fund,01-04-2016,44.90900
120841,quant Mid Cap Fund - Growth Option - Direct Plan,quant Mutual Fund,Open Ended Schemes,Equity Scheme - Mid Cap Fund,31-03-2016,44.95620
120841,quant Mid Cap Fund - Growth Option - Direct Plan,quant Mutual Fund,Open Ended Schemes,Equity Scheme - Mid Cap Fund,30-03-2016,44.73030
120841,quant Mid Cap Fund - Growth Option - Direct Plan,quant Mutual Fund,Open Ended Schemes,Equity Scheme - Mid Cap Fund,29-03-2016,44.35820
120841,quant Mid Cap Fund - Growth Option - Direct Plan,quant Mutual Fund,Open Ended Schemes,Equity Scheme - Mid Cap Fund,28-03-2016,44.42020
120841,quant Mid Cap Fund - Growth Option - Direct Plan,quant Mutual Fund,Open Ended Schemes,Equity Scheme - Mid Cap Fund,23-03-2016,45.15160
120841,quant Mid Cap Fund - Growth Option - Direct Plan,quant Mutual Fund,Open Ended Schemes,Equity Scheme - Mid Cap Fund,22-03-2016,45.00160
120841,quant Mid Cap Fund - Growth Option - Direct Plan,quant Mutual Fund,Open Ended Schemes,Equity Scheme - Mid Cap Fund,21-03-2016,44.73100
120841,quant Mid Cap Fund - Growth Option - Direct Plan,quant Mutual Fund,Open Ended Schemes,Equity Scheme - Mid Cap Fund,18-03-2016,44.43730
120841,quant Mid Cap Fund - Growth Option - Direct Plan,quant Mutual Fund,Open Ended Schemes,Equity Scheme - Mid Cap Fund,17-03-2016,44.37000
120841,quant Mid Cap Fund - Growth Option - Direct Plan,quant Mutual Fund,Open Ended Schemes,Equity Scheme - Mid Cap Fund,16-03-2016,44.20360
120841,quant Mid Cap Fund - Growth Option - Direct Plan,quant Mutual Fund,Open Ended Schemes,Equity Scheme - Mid Cap Fund,15-03-2016,43.89220
120841,quant Mid Cap Fund - Growth Option - Direct Plan,quant Mutual Fund,Open Ended Schemes,Equity Scheme - Mid Cap Fund,14-03-2016,44.25560
120841,quant Mid Cap Fund - Growth Option - Direct Plan,quant Mutual Fund,Open Ended Schemes,Equity Scheme - Mid Cap Fund,11-03-2016,44.21620
120841,quant Mid Cap Fund - Growth Option - Direct Plan,quant Mutual Fund,Open Ended Schemes,Equity Scheme - Mid Cap Fund,10-03-2016,44.33170
120841,quant Mid Cap Fund - Growth Option - Direct Plan,quant Mutual Fund,Open Ended Schemes,Equity Scheme - Mid Cap Fund,09-03-2016,44.44530
120841,quant Mid Cap Fund - Growth Option - Direct Plan,quant Mutual Fund,Open Ended Schemes,Equity Scheme - Mid Cap Fund,08-03-2016,44.38150
120841,quant Mid Cap Fund - Growth Option - Direct Plan,quant Mutual Fund,Open Ended Schemes,Equity Scheme - Mid Cap Fund,04-03-2016,44.36950
120841,quant Mid Cap Fund - Growth Option - Direct Plan,quant Mutual Fund,Open Ended Schemes,Equity Scheme - Mid Cap Fund,03-03-2016,44.22200
120841,quant Mid Cap Fund - Growth Option - Direct Plan,quant Mutual Fund,Open Ended Schemes,Equity Scheme - Mid Cap Fund,02-03-2016,43.68780
120841,quant Mid Cap Fund - Growth Option - Direct Plan,quant Mutual Fund,Open Ended Schemes,Equity Scheme - Mid Cap Fund,01-03-2016,43.37890
120841,quant Mid Cap Fund - Growth Option - Direct Plan,quant Mutual Fund,Open Ended Schemes,Equity Scheme - Mid Cap Fund,29-02-2016,42.62590
120841,quant Mid Cap Fund - Growth Option - Direct Plan,quant Mutual Fund,Open Ended Schemes,Equity Scheme - Mid Cap Fund,26-02-2016,42.79210
120841,quant Mid Cap Fund - Growth Option - Direct Plan,quant Mutual Fund,Open Ended Schemes,Equity Scheme - Mid Cap Fund,25-02-2016,42.79450
120841,quant Mid Cap Fund - Growth Option - Direct Plan,quant Mutual Fund,Open Ended Schemes,Equity Scheme - Mid Cap Fund,24-02-2016,42.87920
120841,quant Mid Cap Fund - Growth Option - Direct Plan,quant Mutual Fund,Open Ended Schemes,Equity Scheme - Mid Cap Fund,23-02-2016,43.25000
120841,quant Mid Cap Fund - Growth Option - Direct Plan,quant Mutual Fund,Open Ended Schemes,Equity Scheme - Mid Cap Fund,22-02-2016,43.55530
120841,quant Mid Cap Fund - Growth Option - Direct Plan,quant Mutual Fund,Open Ended Schemes,Equity Scheme - Mid Cap Fund,19-02-2016,43.22080
120841,quant Mid Cap Fund - Growth Option - Direct Plan,quant Mutual Fund,Open Ended Schemes,Equity Scheme - Mid Cap Fund,18-02-2016,43.31550
120841,quant Mid Cap Fund - Growth Option - Direct Plan,quant Mutual Fund,Open Ended Schemes,Equity Scheme - Mid Cap Fund,17-02-2016,43.21990
120841,quant Mid Cap Fund - Growth Option - Direct Plan,quant Mutual Fund,Open Ended Schemes,Equity Scheme - Mid Cap Fund,16-02-2016,43.07770
120841,quant Mid Cap Fund - Growth Option - Direct Plan,quant Mutual Fund,Open Ended Schemes,Equity Scheme - Mid Cap Fund,15-02-2016,43.55870
120841,quant Mid Cap Fund - Growth Option - Direct Plan,quant Mutual Fund,Open Ended Schemes,Equity Scheme - Mid Cap Fund,12-02-2016,42.89150
120841,quant Mid Cap Fund - Growth Option - Direct Plan,quant Mutual Fund,Open Ended Schemes,Equity Scheme - Mid Cap Fund,11-02-2016,42.92940
120841,quant Mid Cap Fund - Growth Option - Direct Plan,quant Mutual Fund,Open Ended Schemes,Equity Scheme - Mid Cap Fund,10-02-2016,43.77300
120841,quant Mid Cap Fund - Growth Option - Direct Plan,quant Mutual Fund,Open Ended Schemes,Equity Scheme - Mid Cap Fund,09-02-2016,43.82150
120841,quant Mid Cap Fund - Growth Option - Direct Plan,quant Mutual Fund,Open Ended Schemes,Equity Scheme - Mid Cap Fund,08-02-2016,44.04820
120841,quant Mid Cap Fund - Growth Option - Direct Plan,quant Mutual Fund,Open Ended Schemes,Equity Scheme - Mid Cap Fund,05-02-2016,44.02390
120841,quant Mid Cap Fund - Growth Option - Direct Plan,quant Mutual Fund,Open Ended Schemes,Equity Scheme - Mid Cap Fund,04-02-2016,43.55670
120841,quant Mid Cap Fund - Growth Option - Direct Plan,quant Mutual Fund,Open Ended Schemes,Equity Scheme - Mid Cap Fund,03-02-2016,43.62380
120841,quant Mid Cap Fund - Growth Option - Direct Plan,quant Mutual Fund,Open Ended Schemes,Equity Scheme - Mid Cap Fund,02-02-2016,44.08820
120841,quant Mid Cap Fund - Growth Option - Direct Plan,quant Mutual Fund,Open Ended Schemes,Equity Scheme - Mid Cap Fund,01-02-2016,44.44630
120841,quant Mid Cap Fund - Growth Option - Direct Plan,quant Mutual Fund,Open Ended Schemes,Equity Scheme - Mid Cap Fund,29-01-2016,44.52400
120841,quant Mid Cap Fund - Growth Option - Direct Plan,quant Mutual Fund,Open Ended Schemes,Equity Scheme - Mid Cap Fund,28-01-2016,44.06160
120841,quant Mid Cap Fund - Growth Option - Direct Plan,quant Mutual Fund,Open Ended Schemes,Equity Scheme - Mid Cap Fund,27-01-2016,44.20960
120841,quant Mid Cap Fund - Growth Option - Direct Plan,quant Mutual Fund,Open Ended Schemes,Equity Scheme - Mid Cap Fund,25-01-2016,44.12170
120841,quant Mid Cap Fund - Growth Option - Direct Plan,quant Mutual Fund,Open Ended Schemes,Equity Scheme - Mid Cap Fund,22-01-2016,43.79160
120841,quant Mid Cap Fund - Growth Option - Direct Plan,quant Mutual Fund,Open Ended Schemes,Equity Scheme - Mid Cap Fund,21-01-2016,43.39580
120841,quant Mid Cap Fund - Growth Option - Direct Plan,quant Mutual Fund,Open Ended Schemes,Equity Scheme - Mid Cap Fund,20-01-2016,43.35230
120841,quant Mid Cap Fund - Growth Option - Direct Plan,quant Mutual Fund,Open Ended Schemes,Equity Scheme - Mid Cap Fund,19-01-2016,43.96950
120841,quant Mid Cap Fund - Growth Option - Direct Plan,quant Mutual Fund,Open Ended Schemes,Equity Scheme - Mid Cap Fund,18-01-2016,43.49430
120841,quant Mid Cap Fund - Growth Option - Direct Plan,quant Mutual Fund,Open Ended Schemes,Equity Scheme - Mid Cap Fund,15-01-2016,43.82170
120841,quant Mid Cap Fund - Growth Option - Direct Plan,quant Mutual Fund,Open Ended Schemes,Equity Scheme - Mid Cap Fund,14-01-2016,44.42030
120841,quant Mid Cap Fund - Growth Option - Direct Plan,quant Mutual Fund,Open Ended Schemes,Equity Scheme - Mid Cap Fund,13-01-2016,44.69230
120841,quant Mid Cap Fund - Growth Option - Direct Plan,quant Mutual Fund,Open Ended Schemes,Equity Scheme - Mid Cap Fund,12-01-2016,45.03790
120841,quant Mid Cap Fund - Growth Option - Direct Plan,quant Mutual Fund,Open Ended Schemes,Equity Scheme - Mid Cap Fund,11-01-2016,45.49490
120841,quant Mid Cap Fund - Growth Option - Direct Plan,quant Mutual Fund,Open Ended Schemes,Equity Scheme - Mid Cap Fund,08-01-2016,45.94230
120841,quant Mid Cap Fund - Growth Option - Direct Plan,quant Mutual Fund,Open Ended Schemes,Equity Scheme - Mid Cap Fund,07-01-2016,45.62820
120841,quant Mid Cap Fund - Growth Option - Direct Plan,quant Mutual Fund,Open Ended Schemes,Equity Scheme - Mid Cap Fund,06-01-2016,45.56990
120841,quant Mid Cap Fund - Growth Option - Direct Plan,quant Mutual Fund,Open Ended Schemes,Equity Scheme - Mid Cap Fund,05-01-2016,45.52680
120841,quant Mid Cap Fund - Growth Option - Direct Plan,quant Mutual Fund,Open Ended Schemes,Equity Scheme - Mid Cap Fund,04-01-2016,45.25160
120841,quant Mid Cap Fund - Growth Option - Direct Plan,quant Mutual Fund,Open Ended Schemes,Equity Scheme - Mid Cap Fund,01-01-2016,45.57370
120841,quant Mid Cap Fund - Growth Option - Direct Plan,quant Mutual Fund,Open Ended Schemes,Equity Scheme - Mid Cap Fund,31-12-2015,45.44270
120841,quant Mid Cap Fund - Growth Option - Direct Plan,quant Mutual Fund,Open Ended Schemes,Equity Scheme - Mid Cap Fund,30-12-2015,45.11470
120841,quant Mid Cap Fund - Growth Option - Direct Plan,quant Mutual Fund,Open Ended Schemes,Equity Scheme - Mid Cap Fund,29-12-2015,45.19860
120841,quant Mid Cap Fund - Growth Option - Direct Plan,quant Mutual Fund,Open Ended Schemes,Equity Scheme - Mid Cap Fund,28-12-2015,45.19780
120841,quant Mid Cap Fund - Growth Option - Direct Plan,quant Mutual Fund,Open Ended Schemes,Equity Scheme - Mid Cap Fund,24-12-2015,45.06680
120841,quant Mid Cap Fund - Growth Option - Direct Plan,quant Mutual Fund,Open Ended Schemes,Equity Scheme - Mid Cap Fund,23-12-2015,45.08170
120841,quant Mid Cap Fund - Growth Option - Direct Plan,quant Mutual Fund,Open Ended Schemes,Equity Scheme - Mid Cap Fund,22-12-2015,44.93450
120841,quant Mid Cap Fund - Growth Option - Direct Plan,quant Mutual Fund,Open Ended Schemes,Equity Scheme - Mid Cap Fund,21-12-2015,44.85110
120841,quant Mid Cap Fund - Growth Option - Direct Plan,quant Mutual Fund,Open Ended Schemes,Equity Scheme - Mid Cap Fund,18-12-2015,44.73040
120841,quant Mid Cap Fund - Growth Option - Direct Plan,quant Mutual Fund,Open Ended Schemes,Equity Scheme - Mid Cap Fund,17-12-2015,44.92410
120841,quant Mid Cap Fund - Growth Option - Direct Plan,quant Mutual Fund,Open Ended Schemes,Equity Scheme - Mid Cap Fund,16-12-2015,44.70860
120841,quant Mid Cap Fund - Growth Option - Direct Plan,quant Mutual Fund,Open Ended Schemes,Equity Scheme - Mid Cap Fund,15-12-2015,44.13560
120841,quant Mid Cap Fund - Growth Option - Direct Plan,quant Mutual Fund,Open Ended Schemes,Equity Scheme - Mid Cap Fund,14-12-2015,44.01770
120841,quant Mid Cap Fund - Growth Option - Direct Plan,quant Mutual Fund,Open Ended Schemes,Equity Scheme - Mid Cap Fund,11-12-2015,44.08870
120841,quant Mid Cap Fund - Growth Option - Direct Plan,quant Mutual Fund,Open Ended Schemes,Equity Scheme - Mid Cap Fund,10-12-2015,44.34880
120841,quant Mid Cap Fund - Growth Option - Direct Plan,quant Mutual Fund,Open Ended Schemes,Equity Scheme - Mid Cap Fund,09-12-2015,43.90160
120841,quant Mid Cap Fund - Growth Option - Direct Plan,quant Mutual Fund,Open Ended Schemes,Equity Scheme - Mid Cap Fund,08-12-2015,44.60290
120841,quant Mid Cap Fund - Growth Option - Direct Plan,quant Mutual Fund,Open Ended Schemes,Equity Scheme - Mid Cap Fund,07-12-2015,44.87500
120841,quant Mid Cap Fund - Growth Option - Direct Plan,quant Mutual Fund,Open Ended Schemes,Equity Scheme - Mid Cap Fund,04-12-2015,44.89930
120841,quant Mid Cap Fund - Growth Option - Direct Plan,quant Mutual Fund,Open Ended Schemes,Equity Scheme - Mid Cap Fund,03-12-2015,44.86630
120841,quant Mid Cap Fund - Growth Option - Direct Plan,quant Mutual Fund,Open Ended Schemes,Equity Scheme - Mid Cap Fund,02-12-2015,44.88140
120841,quant Mid Cap Fund - Growth Option - Direct Plan,quant Mutual Fund,Open Ended Schemes,Equity Scheme - Mid Cap Fund,01-12-2015,44.89630
120841,quant Mid Cap Fund - Growth Option - Direct Plan,quant Mutual Fund,Open Ended Schemes,Equity Scheme - Mid Cap Fund,30-11-2015,44.88510
120841,quant Mid Cap Fund - Growth Option - Direct Plan,quant Mutual Fund,Open Ended Schemes,Equity Scheme - Mid Cap Fund,27-11-2015,44.75180
120841,quant Mid Cap Fund - Growth Option - Direct Plan,quant Mutual Fund,Open Ended Schemes,Equity Scheme - Mid Cap Fund,26-11-2015,44.70560
120841,quant Mid Cap Fund - Growth Option - Direct Plan,quant Mutual Fund,Open Ended Schemes,Equity Scheme - Mid Cap Fund,24-11-2015,44.60790
120841,quant Mid Cap Fund - Growth Option - Direct Plan,quant Mutual Fund,Open Ended Schemes,Equity Scheme - Mid Cap Fund,23-11-2015,44.57190
120841,quant Mid Cap Fund - Growth Option - Direct Plan,quant Mutual Fund,Open Ended Schemes,Equity Scheme - Mid Cap Fund,20-11-2015,44.60060
120841,quant Mid Cap Fund - Growth Option - Direct Plan,quant Mutual Fund,Open Ended Schemes,Equity Scheme - Mid Cap Fund,19-11-2015,44.56860
120841,quant Mid Cap Fund - Growth Option - Direct Plan,quant Mutual Fund,Open Ended Schemes,Equity Scheme - Mid Cap Fund,18-11-2015,44.33690
120841,quant Mid Cap Fund - Growth Option - Direct Plan,quant Mutual Fund,Open Ended Schemes,Equity Scheme - Mid Cap Fund,17-11-2015,44.39760
120841,quant Mid Cap Fund - Growth Option - Direct Plan,quant Mutual Fund,Open Ended Schemes,Equity Scheme - Mid Cap Fund,16-11-2015,44.30860
120841,quant Mid Cap Fund - Growth Option - Direct Plan,quant Mutual Fund,Open Ended Schemes,Equity Scheme - Mid Cap Fund,13-11-2015,44.49470
120841,quant Mid Cap Fund - Growth Option - Direct Plan,quant Mutual Fund,Open Ended Schemes,Equity Scheme - Mid Cap Fund,10-11-2015,44.28440
120841,quant Mid Cap Fund - Growth Option - Direct Plan,quant Mutual Fund,Open Ended Schemes,Equity Scheme - Mid Cap Fund,09-11-2015,44.54040
120841,quant Mid Cap Fund - Growth Option - Direct Plan,quant Mutual Fund,Open Ended Schemes,Equity Scheme - Mid Cap Fund,06-11-2015,44.51550
120841,quant Mid Cap Fund - Growth Option - Direct Plan,quant Mutual Fund,Open Ended Schemes,Equity Scheme - Mid Cap Fund,05-11-2015,44.45220
120841,quant Mid Cap Fund - Growth Option - Direct Plan,quant Mutual Fund,Open Ended Schemes,Equity Scheme - Mid Cap Fund,04-11-2015,44.43680
120841,quant Mid Cap Fund - Growth Option - Direct Plan,quant Mutual Fund,Open Ended Schemes,Equity Scheme - Mid Cap Fund,03-11-2015,44.45020
120841,quant Mid Cap Fund - Growth Option - Direct Plan,quant Mutual Fund,Open Ended Schemes,Equity Scheme - Mid Cap Fund,02-11-2015,44.39650
120841,quant Mid Cap Fund - Growth Option - Direct Plan,quant Mutual Fund,Open Ended Schemes,Equity Scheme - Mid Cap Fund,30-10-2015,44.53020
120841,quant Mid Cap Fund - Growth Option - Direct Plan,quant Mutual Fund,Open Ended Schemes,Equity Scheme - Mid Cap Fund,28-10-2015,44.81360
120841,quant Mid Cap Fund - Growth Option - Direct Plan,quant Mutual Fund,Open Ended Schemes,Equity Scheme - Mid Cap Fund,27-10-2015,45.02710
120841,quant Mid Cap Fund - Growth Option - Direct Plan,quant Mutual Fund,Open Ended Schemes,Equity Scheme - Mid Cap Fund,26-10-2015,44.98070
120841,quant Mid Cap Fund - Growth Option - Direct Plan,quant Mutual Fund,Open Ended Schemes,Equity Scheme - Mid Cap Fund,23-10-2015,45.06610
120841,quant Mid Cap Fund - Growth Option - Direct Plan,quant Mutual Fund,Open Ended Schemes,Equity Scheme - Mid Cap Fund,21-10-2015,45.03240
120841,quant Mid Cap Fund - Growth Option - Direct Plan,quant Mutual Fund,Open Ended Schemes,Equity Scheme - Mid Cap Fund,20-10-2015,45.10770
120841,quant Mid Cap Fund - Growth Option - Direct Plan,quant Mutual Fund,Open Ended Schemes,Equity Scheme - Mid Cap Fund,19-10-2015,44.92200
120841,quant Mid Cap Fund - Growth Option - Direct Plan,quant Mutual Fund,Open Ended Schemes,Equity Scheme - Mid Cap Fund,16-10-2015,44.83800
120841,quant Mid Cap Fund - Growth Option - Direct Plan,quant Mutual Fund,Open Ended Schemes,Equity Scheme - Mid Cap Fund,15-10-2015,44.66700
120841,quant Mid Cap Fund - Growth Option - Direct Plan,quant Mutual Fund,Open Ended Schemes,Equity Scheme - Mid Cap Fund,14-10-2015,44.59640
120841,quant Mid Cap Fund - Growth Option - Direct Plan,quant Mutual Fund,Open Ended Schemes,Equity Scheme - Mid Cap Fund,13-10-2015,44.80450
120841,quant Mid Cap Fund - Growth Option - Direct Plan,quant Mutual Fund,Open Ended Schemes,Equity Scheme - Mid Cap Fund,12-10-2015,44.82500
120841,quant Mid Cap Fund - Growth Option - Direct Plan,quant Mutual Fund,Open Ended Schemes,Equity Scheme - Mid Cap Fund,09-10-2015,44.91040
120841,quant Mid Cap Fund - Growth Option - Direct Plan,quant Mutual Fund,Open Ended Schemes,Equity Scheme - Mid Cap Fund,08-10-2015,44.81450
120841,quant Mid Cap Fund - Growth Option - Direct Plan,quant Mutual Fund,Open Ended Schemes,Equity Scheme - Mid Cap Fund,07-10-2015,44.98190
120841,quant Mid Cap Fund - Growth Option - Direct Plan,quant Mutual Fund,Open Ended Schemes,Equity Scheme - Mid Cap Fund,06-10-2015,45.11320
120841,quant Mid Cap Fund - Growth Option - Direct Plan,quant Mutual Fund,Open Ended Schemes,Equity Scheme - Mid Cap Fund,05-10-2015,45.02930
120841,quant Mid Cap Fund - Growth Option - Direct Plan,quant Mutual Fund,Open Ended Schemes,Equity Scheme - Mid Cap Fund,01-10-2015,44.62410
120841,quant Mid Cap Fund - Growth Option - Direct Plan,quant Mutual Fund,Open Ended Schemes,Equity Scheme - Mid Cap Fund,30-09-2015,44.36650
120841,quant Mid Cap Fund - Growth Option - Direct Plan,quant Mutual Fund,Open Ended Schemes,Equity Scheme - Mid Cap Fund,29-09-2015,44.19610
120841,quant Mid Cap Fund - Growth Option - Direct Plan,quant Mutual Fund,Open Ended Schemes,Equity Scheme - Mid Cap Fund,28-09-2015,44.32260
120841,quant Mid Cap Fund - Growth Option - Direct Plan,quant Mutual Fund,Open Ended Schemes,Equity Scheme - Mid Cap Fund,24-09-2015,44.39230
120841,quant Mid Cap Fund - Growth Option - Direct Plan,quant Mutual Fund,Open Ended Schemes,Equity Scheme - Mid Cap Fund,23-09-2015,44.49090
120841,quant Mid Cap Fund - Growth Option - Direct Plan,quant Mutual Fund,Open Ended Schemes,Equity Scheme - Mid Cap Fund,22-09-2015,44.44940
120841,quant Mid Cap Fund - Growth Option - Direct Plan,quant Mutual Fund,Open Ended Schemes,Equity Scheme - Mid Cap Fund,21-09-2015,44.61350
120841,quant Mid Cap Fund - Growth Option - Direct Plan,quant Mutual Fund,Open Ended Schemes,Equity Scheme - Mid Cap Fund,18-09-2015,44.54790
120841,quant Mid Cap Fund - Growth Option - Direct Plan,quant Mutual Fund,Open Ended Schemes,Equity Scheme - Mid Cap Fund,16-09-2015,44.23700
120841,quant Mid Cap Fund - Growth Option - Direct Plan,quant Mutual Fund,Open Ended Schemes,Equity Scheme - Mid Cap Fund,15-09-2015,44.37740
120841,quant Mid Cap Fund - Growth Option - Direct Plan,quant Mutual Fund,Open Ended Schemes,Equity Scheme - Mid Cap Fund,14-09-2015,44.71410
120841,quant Mid Cap Fund - Growth Option - Direct Plan,quant Mutual Fund,Open Ended Schemes,Equity Scheme - Mid Cap Fund,11-09-2015,44.28940
120841,quant Mid Cap Fund - Growth Option - Direct Plan,quant Mutual Fund,Open Ended Schemes,Equity Scheme - Mid Cap Fund,10-09-2015,44.17920
120841,quant Mid Cap Fund - Growth Option - Direct Plan,quant Mutual Fund,Open Ended Schemes,Equity Scheme - Mid Cap Fund,09-09-2015,44.24220
120841,quant Mid Cap Fund - Growth Option - Direct Plan,quant Mutual Fund,Open Ended Schemes,Equity Scheme - Mid Cap Fund,08-09-2015,43.83190
120841,quant Mid Cap Fund - Growth Option - Direct Plan,quant Mutual Fund,Open Ended Schemes,Equity Scheme - Mid Cap Fund,07-09-2015,43.54620
120841,quant Mid Cap Fund - Growth Option - Direct Plan,quant Mutual Fund,Open Ended Schemes,Equity Scheme - Mid Cap Fund,04-09-2015,44.29010
120841,quant Mid Cap Fund - Growth Option - Direct Plan,quant Mutual Fund,Open Ended Schemes,Equity Scheme - Mid Cap Fund,03-09-2015,44.83160
120841,quant Mid Cap Fund - Growth Option - Direct Plan,quant Mutual Fund,Open Ended Schemes,Equity Scheme - Mid Cap Fund,02-09-2015,44.63530
120841,quant Mid Cap Fund - Growth Option - Direct Plan,quant Mutual Fund,Open Ended Schemes,Equity Scheme - Mid Cap Fund,01-09-2015,44.82990
120841,quant Mid Cap Fund - Growth Option - Direct Plan,quant Mutual Fund,Open Ended Schemes,Equity Scheme - Mid Cap Fund,31-08-2015,45.53760
120841,quant Mid Cap Fund - Growth Option - Direct Plan,quant Mutual Fund,Open Ended Schemes,Equity Scheme - Mid Cap Fund,28-08-2015,45.69510
120841,quant Mid Cap Fund - Growth Option - Direct Plan,quant Mutual Fund,Open Ended Schemes,Equity Scheme - Mid Cap Fund,27-08-2015,45.23910
120841,quant Mid Cap Fund - Growth Option - Direct Plan,quant Mutual Fund,Open Ended Schemes,Equity Scheme - Mid Cap Fund,26-08-2015,44.70200
120841,quant Mid Cap Fund - Growth Option - Direct Plan,quant Mutual Fund,Open Ended Schemes,Equity Scheme - Mid Cap Fund,25-08-2015,44.67260
120841,quant Mid Cap Fund - Growth Option - Direct Plan,quant Mutual Fund,Open Ended Schemes,Equity Scheme - Mid Cap Fund,24-08-2015,44.52330
120841,quant Mid Cap Fund - Growth Option - Direct Plan,quant Mutual Fund,Open Ended Schemes,Equity Scheme - Mid Cap Fund,21-08-2015,46.81120
120841,quant Mid Cap Fund - Growth Option - Direct Plan,quant Mutual Fund,Open Ended Schemes,Equity Scheme - Mid Cap Fund,20-08-2015,46.92030
120841,quant Mid Cap Fund - Growth Option - Direct Plan,quant Mutual Fund,Open Ended Schemes,Equity Scheme - Mid Cap Fund,19-08-2015,47.19370
120841,quant Mid Cap Fund - Growth Option - Direct Plan,quant Mutual Fund,Open Ended Schemes,Equity Scheme - Mid Cap Fund,18-08-2015,47.10360
120841,quant Mid Cap Fund - Growth Option - Direct Plan,quant Mutual Fund,Open Ended Schemes,Equity Scheme - Mid Cap Fund,17-08-2015,47.13590
120841,quant Mid Cap Fund - Growth Option - Direct Plan,quant Mutual Fund,Open Ended Schemes,Equity Scheme - Mid Cap Fund,14-08-2015,47.03220
120841,quant Mid Cap Fund - Growth Option - Direct Plan,quant Mutual Fund,Open Ended Schemes,Equity Scheme - Mid Cap Fund,13-08-2015,46.88140
120841,quant Mid Cap Fund - Growth Option - Direct Plan,quant Mutual Fund,Open Ended Schemes,Equity Scheme - Mid Cap Fund,12-08-2015,46.83260
120841,quant Mid Cap Fund - Growth Option - Direct Plan,quant Mutual Fund,Open Ended Schemes,Equity Scheme - Mid Cap Fund,11-08-2015,47.17280
120841,quant Mid Cap Fund - Growth Option - Direct Plan,quant Mutual Fund,Open Ended Schemes,Equity Scheme - Mid Cap Fund,10-08-2015,47.23410
120841,quant Mid Cap Fund - Growth Option - Direct Plan,quant Mutual Fund,Open Ended Schemes,Equity Scheme - Mid Cap Fund,07-08-2015,47.28990
120841,quant Mid Cap Fund - Growth Option - Direct Plan,quant Mutual Fund,Open Ended Schemes,Equity Scheme - Mid Cap Fund,06-08-2015,47.27300
120841,quant Mid Cap Fund - Growth Option - Direct Plan,quant Mutual Fund,Open Ended Schemes,Equity Scheme - Mid Cap Fund,05-08-2015,47.41260
120841,quant Mid Cap Fund - Growth Option - Direct Plan,quant Mutual Fund,Open Ended Schemes,Equity Scheme - Mid Cap Fund,04-08-2015,47.45790
120841,quant Mid Cap Fund - Growth Option - Direct Plan,quant Mutual Fund,Open Ended Schemes,Equity Scheme - Mid Cap Fund,03-08-2015,47.29230
120841,quant Mid Cap Fund - Growth Option - Direct Plan,quant Mutual Fund,Open Ended Schemes,Equity Scheme - Mid Cap Fund,31-07-2015,47.26480
120841,quant Mid Cap Fund - Growth Option - Direct Plan,quant Mutual Fund,Open Ended Schemes,Equity Scheme - Mid Cap Fund,30-07-2015,46.97490
120841,quant Mid Cap Fund - Growth Option - Direct Plan,quant Mutual Fund,Open Ended Schemes,Equity Scheme - Mid Cap Fund,29-07-2015,46.95880
120841,quant Mid Cap Fund - Growth Option - Direct Plan,quant Mutual Fund,Open Ended Schemes,Equity Scheme - Mid Cap Fund,28-07-2015,46.74180
120841,quant Mid Cap Fund - Growth Option - Direct Plan,quant Mutual Fund,Open Ended Schemes,Equity Scheme - Mid Cap Fund,27-07-2015,46.66490
120841,quant Mid Cap Fund - Growth Option - Direct Plan,quant Mutual Fund,Open Ended Schemes,Equity Scheme - Mid Cap Fund,24-07-2015,46.87830
120841,quant Mid Cap Fund - Growth Option - Direct Plan,quant Mutual Fund,Open Ended Schemes,Equity Scheme - Mid Cap Fund,23-07-2015,46.96920
120841,quant Mid Cap Fund - Growth Option - Direct Plan,quant Mutual Fund,Open Ended Schemes,Equity Scheme - Mid Cap Fund,22-07-2015,46.95560
120841,quant Mid Cap Fund - Growth Option - Direct Plan,quant Mutual Fund,Open Ended Schemes,Equity Scheme - Mid Cap Fund,21-07-2015,46.70450
120841,quant Mid Cap Fund - Growth Option - Direct Plan,quant Mutual Fund,Open Ended Schemes,Equity Scheme - Mid Cap Fund,20-07-2015,47.32330
120841,quant Mid Cap Fund - Growth Option - Direct Plan,quant Mutual Fund,Open Ended Schemes,Equity Scheme - Mid Cap Fund,17-07-2015,47.45650
120841,quant Mid Cap Fund - Growth Option - Direct Plan,quant Mutual Fund,Open Ended Schemes,Equity Scheme - Mid Cap Fund,16-07-2015,47.50140
120841,quant Mid Cap Fund - Growth Option - Direct Plan,quant Mutual Fund,Open Ended Schemes,Equity Scheme - Mid Cap Fund,15-07-2015,47.11690
120841,quant Mid Cap Fund - Growth Option - Direct Plan,quant Mutual Fund,Open Ended Schemes,Equity Scheme - Mid Cap Fund,14-07-2015,47.07650
120841,quant Mid Cap Fund - Growth Option - Direct Plan,quant Mutual Fund,Open Ended Schemes,Equity Scheme - Mid Cap Fund,13-07-2015,47.01810
120841,quant Mid Cap Fund - Growth Option - Direct Plan,quant Mutual Fund,Open Ended Schemes,Equity Scheme - Mid Cap Fund,10-07-2015,46.71610
120841,quant Mid Cap Fund - Growth Option - Direct Plan,quant Mutual Fund,Open Ended Schemes,Equity Scheme - Mid Cap Fund,09-07-2015,46.56480
120841,quant Mid Cap Fund - Growth Option - Direct Plan,quant Mutual Fund,Open Ended Schemes,Equity Scheme - Mid Cap Fund,08-07-2015,46.50910
120841,quant Mid Cap Fund - Growth Option - Direct Plan,quant Mutual Fund,Open Ended Schemes,Equity Scheme - Mid Cap Fund,07-07-2015,47.00030
120841,quant Mid Cap Fund - Growth Option - Direct Plan,quant Mutual Fund,Open Ended Schemes,Equity Scheme - Mid Cap Fund,06-07-2015,46.97710
120841,quant Mid Cap Fund - Growth Option - Direct Plan,quant Mutual Fund,Open Ended Schemes,Equity Scheme - Mid Cap Fund,03-07-2015,46.92810
120841,quant Mid Cap Fund - Growth Option - Direct Plan,quant Mutual Fund,Open Ended Schemes,Equity Scheme - Mid Cap Fund,02-07-2015,46.75000
120841,quant Mid Cap Fund - Growth Option - Direct Plan,quant Mutual Fund,Open Ended Schemes,Equity Scheme - Mid Cap Fund,01-07-2015,46.75980
120841,quant Mid Cap Fund - Growth Option - Direct Plan,quant Mutual Fund,Open Ended Schemes,Equity Scheme - Mid Cap Fund,30-06-2015,46.49440
120841,quant Mid Cap Fund - Growth Option - Direct Plan,quant Mutual Fund,Open Ended Schemes,Equity Scheme - Mid Cap Fund,29-06-2015,46.38770
120841,quant Mid Cap Fund - Growth Option - Direct Plan,quant Mutual Fund,Open Ended Schemes,Equity Scheme - Mid Cap Fund,26-06-2015,46.62470
120841,quant Mid Cap Fund - Growth Option - Direct Plan,quant Mutual Fund,Open Ended Schemes,Equity Scheme - Mid Cap Fund,25-06-2015,46.63030
120841,quant Mid Cap Fund - Growth Option - Direct Plan,quant Mutual Fund,Open Ended Schemes,Equity Scheme - Mid Cap Fund,24-06-2015,46.69830
120841,quant Mid Cap Fund - Growth Option - Direct Plan,quant Mutual Fund,Open Ended Schemes,Equity Scheme - Mid Cap Fund,23-06-2015,46.72310
120841,quant Mid Cap Fund - Growth Option - Direct Plan,quant Mutual Fund,Open Ended Schemes,Equity Scheme - Mid Cap Fund,22-06-2015,46.71380
120841,quant Mid Cap Fund - Growth Option - Direct Plan,quant Mutual Fund,Open Ended Schemes,Equity Scheme - Mid Cap Fund,19-06-2015,46.35190
120841,quant Mid Cap Fund - Growth Option - Direct Plan,quant Mutual Fund,Open Ended Schemes,Equity Scheme - Mid Cap Fund,18-06-2015,46.28800
120841,quant Mid Cap Fund - Growth Option - Direct Plan,quant Mutual Fund,Open Ended Schemes,Equity Scheme - Mid Cap Fund,17-06-2015,46.14660
120841,quant Mid Cap Fund - Growth Option - Direct Plan,quant Mutual Fund,Open Ended Schemes,Equity Scheme - Mid Cap Fund,16-06-2015,46.02750
120841,quant Mid Cap Fund - Growth Option - Direct Plan,quant Mutual Fund,Open Ended Schemes,Equity Scheme - Mid Cap Fund,15-06-2015,45.97680
120841,quant Mid Cap Fund - Growth Option - Direct Plan,quant Mutual Fund,Open Ended Schemes,Equity Scheme - Mid Cap Fund,12-06-2015,46.04200
120841,quant Mid Cap Fund - Growth Option - Direct Plan,quant Mutual Fund,Open Ended Schemes,Equity Scheme - Mid Cap Fund,11-06-2015,45.83970
120841,quant Mid Cap Fund - Growth Option - Direct Plan,quant Mutual Fund,Open Ended Schemes,Equity Scheme - Mid Cap Fund,10-06-2015,46.41160
120841,quant Mid Cap Fund - Growth Option - Direct Plan,quant Mutual Fund,Open Ended Schemes,Equity Scheme - Mid Cap Fund,09-06-2015,45.84400
120841,quant Mid Cap Fund - Growth Option - Direct Plan,quant Mutual Fund,Open Ended Schemes,Equity Scheme - Mid Cap Fund,08-06-2015,46.29130
120841,quant Mid Cap Fund - Growth Option - Direct Plan,quant Mutual Fund,Open Ended Schemes,Equity Scheme - Mid Cap Fund,05-06-2015,46.53370
120841,quant Mid Cap Fund - Growth Option - Direct Plan,quant Mutual Fund,Open Ended Schemes,Equity Scheme - Mid Cap Fund,04-06-2015,46.43760
120841,quant Mid Cap Fund - Growth Option - Direct Plan,quant Mutual Fund,Open Ended Schemes,Equity Scheme - Mid Cap Fund,03-06-2015,46.30600
120841,quant Mid Cap Fund - Growth Option - Direct Plan,quant Mutual Fund,Open Ended Schemes,Equity Scheme - Mid Cap Fund,02-06-2015,46.71610
120841,quant Mid Cap Fund - Growth Option - Direct Plan,quant Mutual Fund,Open Ended Schemes,Equity Scheme - Mid Cap Fund,01-06-2015,47.21250
120841,quant Mid Cap Fund - Growth Option - Direct Plan,quant Mutual Fund,Open Ended Schemes,Equity Scheme - Mid Cap Fund,29-05-2015,47.28120
120841,quant Mid Cap Fund - Growth Option - Direct Plan,quant Mutual Fund,Open Ended Schemes,Equity Scheme - Mid Cap Fund,28-05-2015,47.00610
120841,quant Mid Cap Fund - Growth Option - Direct Plan,quant Mutual Fund,Open Ended Schemes,Equity Scheme - Mid Cap Fund,27-05-2015,46.87350
120841,quant Mid Cap Fund - Growth Option - Direct Plan,quant Mutual Fund,Open Ended Schemes,Equity Scheme - Mid Cap Fund,26-05-2015,46.76880
120841,quant Mid Cap Fund - Growth Option - Direct Plan,quant Mutual Fund,Open Ended Schemes,Equity Scheme - Mid Cap Fund,25-05-2015,46.72320
120841,quant Mid Cap Fund - Growth Option - Direct Plan,quant Mutual Fund,Open Ended Schemes,Equity Scheme - Mid Cap Fund,22-05-2015,46.86310
120841,quant Mid Cap Fund - Growth Option - Direct Plan,quant Mutual Fund,Open Ended Schemes,Equity Scheme - Mid Cap Fund,21-05-2015,46.81160
120841,quant Mid Cap Fund - Growth Option - Direct Plan,quant Mutual Fund,Open Ended Schemes,Equity Scheme - Mid Cap Fund,20-05-2015,46.75600
120841,quant Mid Cap Fund - Growth Option - Direct Plan,quant Mutual Fund,Open Ended Schemes,Equity Scheme - Mid Cap Fund,19-05-2015,46.64030
120841,quant Mid Cap Fund - Growth Option - Direct Plan,quant Mutual Fund,Open Ended Schemes,Equity Scheme - Mid Cap Fund,18-05-2015,46.56110
120841,quant Mid Cap Fund - Growth Option - Direct Plan,quant Mutual Fund,Open Ended Schemes,Equity Scheme - Mid Cap Fund,15-05-2015,46.43300
120841,quant Mid Cap Fund - Growth Option - Direct Plan,quant Mutual Fund,Open Ended Schemes,Equity Scheme - Mid Cap Fund,14-05-2015,46.10930
120841,quant Mid Cap Fund - Growth Option - Direct Plan,quant Mutual Fund,Open Ended Schemes,Equity Scheme - Mid Cap Fund,13-05-2015,46.19000
120841,quant Mid Cap Fund - Growth Option - Direct Plan,quant Mutual Fund,Open Ended Schemes,Equity Scheme - Mid Cap Fund,12-05-2015,45.86050
120841,quant Mid Cap Fund - Growth Option - Direct Plan,quant Mutual Fund,Open Ended Schemes,Equity Scheme - Mid Cap Fund,11-05-2015,46.21140
120841,quant Mid Cap Fund - Growth Option - Direct Plan,quant Mutual Fund,Open Ended Schemes,Equity Scheme - Mid Cap Fund,08-05-2015,45.77210
120841,quant Mid Cap Fund - Growth Option - Direct Plan,quant Mutual Fund,Open Ended Schemes,Equity Scheme - Mid Cap Fund,07-05-2015,45.52370
120841,quant Mid Cap Fund - Growth Option - Direct Plan,quant Mutual Fund,Open Ended Schemes,Equity Scheme - Mid Cap Fund,06-05-2015,45.88190
120841,quant Mid Cap Fund - Growth Option - Direct Plan,quant Mutual Fund,Open Ended Schemes,Equity Scheme - Mid Cap Fund,05-05-2015,46.54020
120841,quant Mid Cap Fund - Growth Option - Direct Plan,quant Mutual Fund,Open Ended Schemes,Equity Scheme - Mid Cap Fund,04-05-2015,46.39840
120841,quant Mid Cap Fund - Growth Option - Direct Plan,quant Mutual Fund,Open Ended Schemes,Equity Scheme - Mid Cap Fund,30-04-2015,46.16470
120841,quant Mid Cap Fund - Growth Option - Direct Plan,quant Mutual Fund,Open Ended Schemes,Equity Scheme - Mid Cap Fund,29-04-2015,46.43260
120841,quant Mid Cap Fund - Growth Option - Direct Plan,quant Mutual Fund,Open Ended Schemes,Equity Scheme - Mid Cap Fund,28-04-2015,45.98960
120841,quant Mid Cap Fund - Growth Option - Direct Plan,quant Mutual Fund,Open Ended Schemes,Equity Scheme - Mid Cap Fund,27-04-2015,45.42460
120841,quant Mid Cap Fund - Growth Option - Direct Plan,quant Mutual Fund,Open Ended Schemes,Equity Scheme - Mid Cap Fund,24-04-2015,46.14500
120841,quant Mid Cap Fund - Growth Option - Direct Plan,quant Mutual Fund,Open Ended Schemes,Equity Scheme - Mid Cap Fund,23-04-2015,46.71610
120841,quant Mid Cap Fund - Growth Option - Direct Plan,quant Mutual Fund,Open Ended Schemes,Equity Scheme - Mid Cap Fund,22-04-2015,46.76390
120841,quant Mid Cap Fund - Growth Option - Direct Plan,quant Mutual Fund,Open Ended Schemes,Equity Scheme - Mid Cap Fund,21-04-2015,46.64950
120841,quant Mid Cap Fund - Growth Option - Direct Plan,quant Mutual Fund,Open Ended Schemes,Equity Scheme - Mid Cap Fund,20-04-2015,46.80140
120841,quant Mid Cap Fund - Growth Option - Direct Plan,quant Mutual Fund,Open Ended Schemes,Equity Scheme - Mid Cap Fund,17-04-2015,46.90380
120841,quant Mid Cap Fund - Growth Option - Direct Plan,quant Mutual Fund,Open Ended Schemes,Equity Scheme - Mid Cap Fund,16-04-2015,47.30800
120841,quant Mid Cap Fund - Growth Option - Direct Plan,quant Mutual Fund,Open Ended Schemes,Equity Scheme - Mid Cap Fund,15-04-2015,47.35030
120841,quant Mid Cap Fund - Growth Option - Direct Plan,quant Mutual Fund,Open Ended Schemes,Equity Scheme - Mid Cap Fund,13-04-2015,47.10960
120841,quant Mid Cap Fund - Growth Option - Direct Plan,quant Mutual Fund,Open Ended Schemes,Equity Scheme - Mid Cap Fund,10-04-2015,46.74350
120841,quant Mid Cap Fund - Growth Option - Direct Plan,quant Mutual Fund,Open Ended Schemes,Equity Scheme - Mid Cap Fund,09-04-2015,46.64220
120841,quant Mid Cap Fund - Growth Option - Direct Plan,quant Mutual Fund,Open Ended Schemes,Equity Scheme - Mid Cap Fund,08-04-2015,46.51890
120841,quant Mid Cap Fund - Growth Option - Direct Plan,quant Mutual Fund,Open Ended Schemes,Equity Scheme - Mid Cap Fund,07-04-2015,46.63990
120841,quant Mid Cap Fund - Growth Option - Direct Plan,quant Mutual Fund,Open Ended Schemes,Equity Scheme - Mid Cap Fund,06-04-2015,46.61180
120841,quant Mid Cap Fund - Growth Option - Direct Plan,quant Mutual Fund,Open Ended Schemes,Equity Scheme - Mid Cap Fund,31-03-2015,45.84320
120841,quant Mid Cap Fund - Growth Option - Direct Plan,quant Mutual Fund,Open Ended Schemes,Equity Scheme - Mid Cap Fund,30-03-2015,45.77780
120841,quant Mid Cap Fund - Growth Option - Direct Plan,quant Mutual Fund,Open Ended Schemes,Equity Scheme - Mid Cap Fund,27-03-2015,45.45890
120841,quant Mid Cap Fund - Growth Option - Direct Plan,quant Mutual Fund,Open Ended Schemes,Equity Scheme - Mid Cap Fund,26-03-2015,45.44370
120841,quant Mid Cap Fund - Growth Option - Direct Plan,quant Mutual Fund,Open Ended Schemes,Equity Scheme - Mid Cap Fund,25-03-2015,45.88060
120841,quant Mid Cap Fund - Growth Option - Direct Plan,quant Mutual Fund,Open Ended Schemes,Equity Scheme - Mid Cap Fund,24-03-2015,45.61270
120841,quant Mid Cap Fund - Growth Option - Direct Plan,quant Mutual Fund,Open Ended Schemes,Equity Scheme - Mid Cap Fund,23-03-2015,45.21080
120841,quant Mid Cap Fund - Growth Option - Direct Plan,quant Mutual Fund,Open Ended Schemes,Equity Scheme - Mid Cap Fund,20-03-2015,45.34970
120841,quant Mid Cap Fund - Growth Option - Direct Plan,quant Mutual Fund,Open Ended Schemes,Equity Scheme - Mid Cap Fund,19-03-2015,45.50740
120841,quant Mid Cap Fund - Growth Option - Direct Plan,quant Mutual Fund,Open Ended Schemes,Equity Scheme - Mid Cap Fund,18-03-2015,45.21290
120841,quant Mid Cap Fund - Growth Option - Direct Plan,quant Mutual Fund,Open Ended Schemes,Equity Scheme - Mid Cap Fund,17-03-2015,44.86750
120841,quant Mid Cap Fund - Growth Option - Direct Plan,quant Mutual Fund,Open Ended Schemes,Equity Scheme - Mid Cap Fund,16-03-2015,44.70280
120841,quant Mid Cap Fund - Growth Option - Direct Plan,quant Mutual Fund,Open Ended Schemes,Equity Scheme - Mid Cap Fund,13-03-2015,44.79630
120841,quant Mid Cap Fund - Growth Option - Direct Plan,quant Mutual Fund,Open Ended Schemes,Equity Scheme - Mid Cap Fund,12-03-2015,45.15610
120841,quant Mid Cap Fund - Growth Option - Direct Plan,quant Mutual Fund,Open Ended Schemes,Equity Scheme - Mid Cap Fund,11-03-2015,44.93240
120841,quant Mid Cap Fund - Growth Option - Direct Plan,quant Mutual Fund,Open Ended Schemes,Equity Scheme - Mid Cap Fund,10-03-2015,44.88720
120841,quant Mid Cap Fund - Growth Option - Direct Plan,quant Mutual Fund,Open Ended Schemes,Equity Scheme - Mid Cap Fund,09-03-2015,44.82870
120841,quant Mid Cap Fund - Growth Option - Direct Plan,quant Mutual Fund,Open Ended Schemes,Equity Scheme - Mid Cap Fund,05-03-2015,44.97910
120841,quant Mid Cap Fund - Growth Option - Direct Plan,quant Mutual Fund,Open Ended Schemes,Equity Scheme - Mid Cap Fund,04-03-2015,44.70620
120841,quant Mid Cap Fund - Growth Option - Direct Plan,quant Mutual Fund,Open Ended Schemes,Equity Scheme - Mid Cap Fund,03-03-2015,44.83500
120841,quant Mid Cap Fund - Growth Option - Direct Plan,quant Mutual Fund,Open Ended Schemes,Equity Scheme - Mid Cap Fund,02-03-2015,44.84130
120841,quant Mid Cap Fund - Growth Option - Direct Plan,quant Mutual Fund,Open Ended Schemes,Equity Scheme - Mid Cap Fund,27-02-2015,44.58520
120841,quant Mid Cap Fund - Growth Option - Direct Plan,quant Mutual Fund,Open Ended Schemes,Equity Scheme - Mid Cap Fund,26-02-2015,44.21410
120841,quant Mid Cap Fund - Growth Option - Direct Plan,quant Mutual Fund,Open Ended Schemes,Equity Scheme - Mid Cap Fund,25-02-2015,44.51690
120841,quant Mid Cap Fund - Growth Option - Direct Plan,quant Mutual Fund,Open Ended Schemes,Equity Scheme - Mid Cap Fund,24-02-2015,44.36550
120841,quant Mid Cap Fund - Growth Option - Direct Plan,quant Mutual Fund,Open Ended Schemes,Equity Scheme - Mid Cap Fund,23-02-2015,44.21190
120841,quant Mid Cap Fund - Growth Option - Direct Plan,quant Mutual Fund,Open Ended Schemes,Equity Scheme - Mid Cap Fund,20-02-2015,44.19670
120841,quant Mid Cap Fund - Growth Option - Direct Plan,quant Mutual Fund,Open Ended Schemes,Equity Scheme - Mid Cap Fund,19-02-2015,43.95400
120841,quant Mid Cap Fund - Growth Option - Direct Plan,quant Mutual Fund,Open Ended Schemes,Equity Scheme - Mid Cap Fund,18-02-2015,43.85360
120841,quant Mid Cap Fund - Growth Option - Direct Plan,quant Mutual Fund,Open Ended Schemes,Equity Scheme - Mid Cap Fund,16-02-2015,43.66740
120841,quant Mid Cap Fund - Growth Option - Direct Plan,quant Mutual Fund,Open Ended Schemes,Equity Scheme - Mid Cap Fund,13-02-2015,43.58090
120841,quant Mid Cap Fund - Growth Option - Direct Plan,quant Mutual Fund,Open Ended Schemes,Equity Scheme - Mid Cap Fund,12-02-2015,43.35580
120841,quant Mid Cap Fund - Growth Option - Direct Plan,quant Mutual Fund,Open Ended Schemes,Equity Scheme - Mid Cap Fund,11-02-2015,43.07510
120841,quant Mid Cap Fund - Growth Option - Direct Plan,quant Mutual Fund,Open Ended Schemes,Equity Scheme - Mid Cap Fund,10-02-2015,42.77440
120841,quant Mid Cap Fund - Growth Option - Direct Plan,quant Mutual Fund,Open Ended Schemes,Equity Scheme - Mid Cap Fund,09-02-2015,42.65510
120841,quant Mid Cap Fund - Growth Option - Direct Plan,quant Mutual Fund,Open Ended Schemes,Equity Scheme - Mid Cap Fund,06-02-2015,42.90240
120841,quant Mid Cap Fund - Growth Option - Direct Plan,quant Mutual Fund,Open Ended Schemes,Equity Scheme - Mid Cap Fund,05-02-2015,43.16180
120841,quant Mid Cap Fund - Growth Option - Direct Plan,quant Mutual Fund,Open Ended Schemes,Equity Scheme - Mid Cap Fund,04-02-2015,43.38040
120841,quant Mid Cap Fund - Growth Option - Direct Plan,quant Mutual Fund,Open Ended Schemes,Equity Scheme - Mid Cap Fund,03-02-2015,43.64080
120841,quant Mid Cap Fund - Growth Option - Direct Plan,quant Mutual Fund,Open Ended Schemes,Equity Scheme - Mid Cap Fund,02-02-2015,43.83340
120841,quant Mid Cap Fund - Growth Option - Direct Plan,quant Mutual Fund,Open Ended Schemes,Equity Scheme - Mid Cap Fund,30-01-2015,43.38380
120841,quant Mid Cap Fund - Growth Option - Direct Plan,quant Mutual Fund,Open Ended Schemes,Equity Scheme - Mid Cap Fund,29-01-2015,43.63120
120841,quant Mid Cap Fund - Growth Option - Direct Plan,quant Mutual Fund,Open Ended Schemes,Equity Scheme - Mid Cap Fund,28-01-2015,43.32330
120841,quant Mid Cap Fund - Growth Option - Direct Plan,quant Mutual Fund,Open Ended Schemes,Equity Scheme - Mid Cap Fund,27-01-2015,43.52990
120841,quant Mid Cap Fund - Growth Option - Direct Plan,quant Mutual Fund,Open Ended Schemes,Equity Scheme - Mid Cap Fund,23-01-2015,43.31950
120841,quant Mid Cap Fund - Growth Option - Direct Plan,quant Mutual Fund,Open Ended Schemes,Equity Scheme - Mid Cap Fund,22-01-2015,43.33600
120841,quant Mid Cap Fund - Growth Option - Direct Plan,quant Mutual Fund,Open Ended Schemes,Equity Scheme - Mid Cap Fund,21-01-2015,43.52970
120841,quant Mid Cap Fund - Growth Option - Direct Plan,quant Mutual Fund,Open Ended Schemes,Equity Scheme - Mid Cap Fund,20-01-2015,43.29580
120841,quant Mid Cap Fund - Growth Option - Direct Plan,quant Mutual Fund,Open Ended Schemes,Equity Scheme - Mid Cap Fund,19-01-2015,43.39960
120841,quant Mid Cap Fund - Growth Option - Direct Plan,quant Mutual Fund,Open Ended Schemes,Equity Scheme - Mid Cap Fund,16-01-2015,43.39620
120841,quant Mid Cap Fund - Growth Option - Direct Plan,quant Mutual Fund,Open Ended Schemes,Equity Scheme - Mid Cap Fund,15-01-2015,43.32440
120841,quant Mid Cap Fund - Growth Option - Direct Plan,quant Mutual Fund,Open Ended Schemes,Equity Scheme - Mid Cap Fund,14-01-2015,43.05180
120841,quant Mid Cap Fund - Growth Option - Direct Plan,quant Mutual Fund,Open Ended Schemes,Equity Scheme - Mid Cap Fund,13-01-2015,43.07220
120841,quant Mid Cap Fund - Growth Option - Direct Plan,quant Mutual Fund,Open Ended Schemes,Equity Scheme - Mid Cap Fund,12-01-2015,42.74680
120841,quant Mid Cap Fund - Growth Option - Direct Plan,quant Mutual Fund,Open Ended Schemes,Equity Scheme - Mid Cap Fund,09-01-2015,42.30170
120841,quant Mid Cap Fund - Growth Option - Direct Plan,quant Mutual Fund,Open Ended Schemes,Equity Scheme - Mid Cap Fund,08-01-2015,42.19540
120841,quant Mid Cap Fund - Growth Option - Direct Plan,quant Mutual Fund,Open Ended Schemes,Equity Scheme - Mid Cap Fund,07-01-2015,41.87460
120841,quant Mid Cap Fund - Growth Option - Direct Plan,quant Mutual Fund,Open Ended Schemes,Equity Scheme - Mid Cap Fund,06-01-2015,41.95320
120841,quant Mid Cap Fund - Growth Option - Direct Plan,quant Mutual Fund,Open Ended Schemes,Equity Scheme - Mid Cap Fund,05-01-2015,42.54670
120841,quant Mid Cap Fund - Growth Option - Direct Plan,quant Mutual Fund,Open Ended Schemes,Equity Scheme - Mid Cap Fund,02-01-2015,42.53250
120841,quant Mid Cap Fund - Growth Option - Direct Plan,quant Mutual Fund,Open Ended Schemes,Equity Scheme - Mid Cap Fund,01-01-2015,42.49850
120841,quant Mid Cap Fund - Growth Option - Direct Plan,quant Mutual Fund,Open Ended Schemes,Equity Scheme - Mid Cap Fund,31-12-2014,42.28770
120841,quant Mid Cap Fund - Growth Option - Direct Plan,quant Mutual Fund,Open Ended Schemes,Equity Scheme - Mid Cap Fund,30-12-2014,42.14080
120841,quant Mid Cap Fund - Growth Option - Direct Plan,quant Mutual Fund,Open Ended Schemes,Equity Scheme - Mid Cap Fund,29-12-2014,42.10200
120841,quant Mid Cap Fund - Growth Option - Direct Plan,quant Mutual Fund,Open Ended Schemes,Equity Scheme - Mid Cap Fund,26-12-2014,42.01910
120841,quant Mid Cap Fund - Growth Option - Direct Plan,quant Mutual Fund,Open Ended Schemes,Equity Scheme - Mid Cap Fund,24-12-2014,42.00980
120841,quant Mid Cap Fund - Growth Option - Direct Plan,quant Mutual Fund,Open Ended Schemes,Equity Scheme - Mid Cap Fund,23-12-2014,42.03800
120841,quant Mid Cap Fund - Growth Option - Direct Plan,quant Mutual Fund,Open Ended Schemes,Equity Scheme - Mid Cap Fund,22-12-2014,42.29960
120841,quant Mid Cap Fund - Growth Option - Direct Plan,quant Mutual Fund,Open Ended Schemes,Equity Scheme - Mid Cap Fund,19-12-2014,42.05150
120841,quant Mid Cap Fund - Growth Option - Direct Plan,quant Mutual Fund,Open Ended Schemes,Equity Scheme - Mid Cap Fund,18-12-2014,41.96080
120841,quant Mid Cap Fund - Growth Option - Direct Plan,quant Mutual Fund,Open Ended Schemes,Equity Scheme - Mid Cap Fund,17-12-2014,41.53180
120841,quant Mid Cap Fund - Growth Option - Direct Plan,quant Mutual Fund,Open Ended Schemes,Equity Scheme - Mid Cap Fund,16-12-2014,41.78760
120841,quant Mid Cap Fund - Growth Option - Direct Plan,quant Mutual Fund,Open Ended Schemes,Equity Scheme - Mid Cap Fund,15-12-2014,42.16950
120841,quant Mid Cap Fund - Growth Option - Direct Plan,quant Mutual Fund,Open Ended Schemes,Equity Scheme - Mid Cap Fund,12-12-2014,42.31910
120841,quant Mid Cap Fund - Growth Option - Direct Plan,quant Mutual Fund,Open Ended Schemes,Equity Scheme - Mid Cap Fund,11-12-2014,42.55640
120841,quant Mid Cap Fund - Growth Option - Direct Plan,quant Mutual Fund,Open Ended Schemes,Equity Scheme - Mid Cap Fund,10-12-2014,42.75920
120841,quant Mid Cap Fund - Growth Option - Direct Plan,quant Mutual Fund,Open Ended Schemes,Equity Scheme - Mid Cap Fund,09-12-2014,42.83660
120841,quant Mid Cap Fund - Growth Option - Direct Plan,quant Mutual Fund,Open Ended Schemes,Equity Scheme - Mid Cap Fund,08-12-2014,43.15800
120841,quant Mid Cap Fund - Growth Option - Direct Plan,quant Mutual Fund,Open Ended Schemes,Equity Scheme - Mid Cap Fund,05-12-2014,43.10950
120841,quant Mid Cap Fund - Growth Option - Direct Plan,quant Mutual Fund,Open Ended Schemes,Equity Scheme - Mid Cap Fund,04-12-2014,42.83630
120841,quant Mid Cap Fund - Growth Option - Direct Plan,quant Mutual Fund,Open Ended Schemes,Equity Scheme - Mid Cap Fund,03-12-2014,42.19380
120841,quant Mid Cap Fund - Growth Option - Direct Plan,quant Mutual Fund,Open Ended Schemes,Equity Scheme - Mid Cap Fund,02-12-2014,42.01640
120841,quant Mid Cap Fund - Growth Option - Direct Plan,quant Mutual Fund,Open Ended Schemes,Equity Scheme - Mid Cap Fund,01-12-2014,41.63010
120841,quant Mid Cap Fund - Growth Option - Direct Plan,quant Mutual Fund,Open Ended Schemes,Equity Scheme - Mid Cap Fund,28-11-2014,41.59490
120841,quant Mid Cap Fund - Growth Option - Direct Plan,quant Mutual Fund,Open Ended Schemes,Equity Scheme - Mid Cap Fund,27-11-2014,41.45800
120841,quant Mid Cap Fund - Growth Option - Direct Plan,quant Mutual Fund,Open Ended Schemes,Equity Scheme - Mid Cap Fund,26-11-2014,41.41710
120841,quant Mid Cap Fund - Growth Option - Direct Plan,quant Mutual Fund,Open Ended Schemes,Equity Scheme - Mid Cap Fund,25-11-2014,41.41220
120841,quant Mid Cap Fund - Growth Option - Direct Plan,quant Mutual Fund,Open Ended Schemes,Equity Scheme - Mid Cap Fund,24-11-2014,41.71150
120841,quant Mid Cap Fund - Growth Option - Direct Plan,quant Mutual Fund,Open Ended Schemes,Equity Scheme - Mid Cap Fund,21-11-2014,41.68070
120841,quant Mid Cap Fund - Growth Option - Direct Plan,quant Mutual Fund,Open Ended Schemes,Equity Scheme - Mid Cap Fund,20-11-2014,41.69640
120841,quant Mid Cap Fund - Growth Option - Direct Plan,quant Mutual Fund,Open Ended Schemes,Equity Scheme - Mid Cap Fund,19-11-2014,41.57460
120841,quant Mid Cap Fund - Growth Option - Direct Plan,quant Mutual Fund,Open Ended Schemes,Equity Scheme - Mid Cap Fund,18-11-2014,41.69850
120841,quant Mid Cap Fund - Growth Option - Direct Plan,quant Mutual Fund,Open Ended Schemes,Equity Scheme - Mid Cap Fund,17-11-2014,41.58820
120841,quant Mid Cap Fund - Growth Option - Direct Plan,quant Mutual Fund,Open Ended Schemes,Equity Scheme - Mid Cap Fund,14-11-2014,41.49280
120841,quant Mid Cap Fund - Growth Option - Direct Plan,quant Mutual Fund,Open Ended Schemes,Equity Scheme - Mid Cap Fund,13-11-2014,41.44280
120841,quant Mid Cap Fund - Growth Option - Direct Plan,quant Mutual Fund,Open Ended Schemes,Equity Scheme - Mid Cap Fund,12-11-2014,41.56890
120841,quant Mid Cap Fund - Growth Option - Direct Plan,quant Mutual Fund,Open Ended Schemes,Equity Scheme - Mid Cap Fund,11-11-2014,41.28730
120841,quant Mid Cap Fund - Growth Option - Direct Plan,quant Mutual Fund,Open Ended Schemes,Equity Scheme - Mid Cap Fund,10-11-2014,41.18900
120841,quant Mid Cap Fund - Growth Option - Direct Plan,quant Mutual Fund,Open Ended Schemes,Equity Scheme - Mid Cap Fund,07-11-2014,41.21180
120841,quant Mid Cap Fund - Growth Option - Direct Plan,quant Mutual Fund,Open Ended Schemes,Equity Scheme - Mid Cap Fund,05-11-2014,41.15980
120841,quant Mid Cap Fund - Growth Option - Direct Plan,quant Mutual Fund,Open Ended Schemes,Equity Scheme - Mid Cap Fund,03-11-2014,40.80470
120841,quant Mid Cap Fund - Growth Option - Direct Plan,quant Mutual Fund,Open Ended Schemes,Equity Scheme - Mid Cap Fund,31-10-2014,40.86080
120841,quant Mid Cap Fund - Growth Option - Direct Plan,quant Mutual Fund,Open Ended Schemes,Equity Scheme - Mid Cap Fund,30-10-2014,40.65770
120841,quant Mid Cap Fund - Growth Option - Direct Plan,quant Mutual Fund,Open Ended Schemes,Equity Scheme - Mid Cap Fund,29-10-2014,40.72190
120841,quant Mid Cap Fund - Growth Option - Direct Plan,quant Mutual Fund,Open Ended Schemes,Equity Scheme - Mid Cap Fund,28-10-2014,40.57530
120841,quant Mid Cap Fund - Growth Option - Direct Plan,quant Mutual Fund,Open Ended Schemes,Equity Scheme - Mid Cap Fund,27-10-2014,40.35690
120841,quant Mid Cap Fund - Growth Option - Direct Plan,quant Mutual Fund,Open Ended Schemes,Equity Scheme - Mid Cap Fund,22-10-2014,40.24300
120841,quant Mid Cap Fund - Growth Option - Direct Plan,quant Mutual Fund,Open Ended Schemes,Equity Scheme - Mid Cap Fund,21-10-2014,40.21620
120841,quant Mid Cap Fund - Growth Option - Direct Plan,quant Mutual Fund,Open Ended Schemes,Equity Scheme - Mid Cap Fund,20-10-2014,40.05950
120841,quant Mid Cap Fund - Growth Option - Direct Plan,quant Mutual Fund,Open Ended Schemes,Equity Scheme - Mid Cap Fund,17-10-2014,39.82000
120841,quant Mid Cap Fund - Growth Option - Direct Plan,quant Mutual Fund,Open Ended Schemes,Equity Scheme - Mid Cap Fund,16-10-2014,39.85990
120841,quant Mid Cap Fund - Growth Option - Direct Plan,quant Mutual Fund,Open Ended Schemes,Equity Scheme - Mid Cap Fund,14-10-2014,40.01850
120841,quant Mid Cap Fund - Growth Option - Direct Plan,quant Mutual Fund,Open Ended Schemes,Equity Scheme - Mid Cap Fund,13-10-2014,39.86580
120841,quant Mid Cap Fund - Growth Option - Direct Plan,quant Mutual Fund,Open Ended Schemes,Equity Scheme - Mid Cap Fund,10-10-2014,39.80340
120841,quant Mid Cap Fund - Growth Option - Direct Plan,quant Mutual Fund,Open Ended Schemes,Equity Scheme - Mid Cap Fund,09-10-2014,40.05050
120841,quant Mid Cap Fund - Growth Option - Direct Plan,quant Mutual Fund,Open Ended Schemes,Equity Scheme - Mid Cap Fund,08-10-2014,39.89840
120841,quant Mid Cap Fund - Growth Option - Direct Plan,quant Mutual Fund,Open Ended Schemes,Equity Scheme - Mid Cap Fund,07-10-2014,39.99300
120841,quant Mid Cap Fund - Growth Option - Direct Plan,quant Mutual Fund,Open Ended Schemes,Equity Scheme - Mid Cap Fund,01-10-2014,40.00080
120841,quant Mid Cap Fund - Growth Option - Direct Plan,quant Mutual Fund,Open Ended Schemes,Equity Scheme - Mid Cap Fund,30-09-2014,39.86830
120841,quant Mid Cap Fund - Growth Option - Direct Plan,quant Mutual Fund,Open Ended Schemes,Equity Scheme - Mid Cap Fund,29-09-2014,39.80130
120841,quant Mid Cap Fund - Growth Option - Direct Plan,quant Mutual Fund,Open Ended Schemes,Equity Scheme - Mid Cap Fund,26-09-2014,39.66200
120841,quant Mid Cap Fund - Growth Option - Direct Plan,quant Mutual Fund,Open Ended Schemes,Equity Scheme - Mid Cap Fund,25-09-2014,39.74240
120841,quant Mid Cap Fund - Growth Option - Direct Plan,quant Mutual Fund,Open Ended Schemes,Equity Scheme - Mid Cap Fund,24-09-2014,39.93350
120841,quant Mid Cap Fund - Growth Option - Direct Plan,quant Mutual Fund,Open Ended Schemes,Equity Scheme - Mid Cap Fund,23-09-2014,39.84770
120841,quant Mid Cap Fund - Growth Option - Direct Plan,quant Mutual Fund,Open Ended Schemes,Equity Scheme - Mid Cap Fund,22-09-2014,40.22950
120841,quant Mid Cap Fund - Growth Option - Direct Plan,quant Mutual Fund,Open Ended Schemes,Equity Scheme - Mid Cap Fund,19-09-2014,40.19080
120841,quant Mid Cap Fund - Growth Option - Direct Plan,quant Mutual Fund,Open Ended Schemes,Equity Scheme - Mid Cap Fund,18-09-2014,40.05500
120841,quant Mid Cap Fund - Growth Option - Direct Plan,quant Mutual Fund,Open Ended Schemes,Equity Scheme - Mid Cap Fund,17-09-2014,39.61670
120841,quant Mid Cap Fund - Growth Option - Direct Plan,quant Mutual Fund,Open Ended Schemes,Equity Scheme - Mid Cap Fund,16-09-2014,39.67920
120841,quant Mid Cap Fund - Growth Option - Direct Plan,quant Mutual Fund,Open Ended Schemes,Equity Scheme - Mid Cap Fund,15-09-2014,40.17840
120841,quant Mid Cap Fund - Growth Option - Direct Plan,quant Mutual Fund,Open Ended Schemes,Equity Scheme - Mid Cap Fund,12-09-2014,39.91540
120841,quant Mid Cap Fund - Growth Option - Direct Plan,quant Mutual Fund,Open Ended Schemes,Equity Scheme - Mid Cap Fund,11-09-2014,40.05040
120841,quant Mid Cap Fund - Growth Option - Direct Plan,quant Mutual Fund,Open Ended Schemes,Equity Scheme - Mid Cap Fund,10-09-2014,40.07900
120841,quant Mid Cap Fund - Growth Option - Direct Plan,quant Mutual Fund,Open Ended Schemes,Equity Scheme - Mid Cap Fund,09-09-2014,39.94040
120841,quant Mid Cap Fund - Growth Option - Direct Plan,quant Mutual Fund,Open Ended Schemes,Equity Scheme - Mid Cap Fund,08-09-2014,39.88760
120841,quant Mid Cap Fund - Growth Option - Direct Plan,quant Mutual Fund,Open Ended Schemes,Equity Scheme - Mid Cap Fund,05-09-2014,39.44470
120841,quant Mid Cap Fund - Growth Option - Direct Plan,quant Mutual Fund,Open Ended Schemes,Equity Scheme - Mid Cap Fund,04-09-2014,39.39290
120841,quant Mid Cap Fund - Growth Option - Direct Plan,quant Mutual Fund,Open Ended Schemes,Equity Scheme - Mid Cap Fund,03-09-2014,39.19310
120841,quant Mid Cap Fund - Growth Option - Direct Plan,quant Mutual Fund,Open Ended Schemes,Equity Scheme - Mid Cap Fund,02-09-2014,38.87580
120841,quant Mid Cap Fund - Growth Option - Direct Plan,quant Mutual Fund,Open Ended Schemes,Equity Scheme - Mid Cap Fund,01-09-2014,38.82200
120841,quant Mid Cap Fund - Growth Option - Direct Plan,quant Mutual Fund,Open Ended Schemes,Equity Scheme - Mid Cap Fund,28-08-2014,38.67590
120841,quant Mid Cap Fund - Growth Option - Direct Plan,quant Mutual Fund,Open Ended Schemes,Equity Scheme - Mid Cap Fund,27-08-2014,38.74380
120841,quant Mid Cap Fund - Growth Option - Direct Plan,quant Mutual Fund,Open Ended Schemes,Equity Scheme - Mid Cap Fund,26-08-2014,38.55660
120841,quant Mid Cap Fund - Growth Option - Direct Plan,quant Mutual Fund,Open Ended Schemes,Equity Scheme - Mid Cap Fund,25-08-2014,38.50890
120841,quant Mid Cap Fund - Growth Option - Direct Plan,quant Mutual Fund,Open Ended Schemes,Equity Scheme - Mid Cap Fund,22-08-2014,38.22900
120841,quant Mid Cap Fund - Growth Option - Direct Plan,quant Mutual Fund,Open Ended Schemes,Equity Scheme - Mid Cap Fund,21-08-2014,37.91010
120841,quant Mid Cap Fund - Growth Option - Direct Plan,quant Mutual Fund,Open Ended Schemes,Equity Scheme - Mid Cap Fund,20-08-2014,37.92210
120841,quant Mid Cap Fund - Growth Option - Direct Plan,quant Mutual Fund,Open Ended Schemes,Equity Scheme - Mid Cap Fund,19-08-2014,37.83220
120841,quant Mid Cap Fund - Growth Option - Direct Plan,quant Mutual Fund,Open Ended Schemes,Equity Scheme - Mid Cap Fund,18-08-2014,37.79870
120841,quant Mid Cap Fund - Growth Option - Direct Plan,quant Mutual Fund,Open Ended Schemes,Equity Scheme - Mid Cap Fund,14-08-2014,37.49880
120841,quant Mid Cap Fund - Growth Option - Direct Plan,quant Mutual Fund,Open Ended Schemes,Equity Scheme - Mid Cap Fund,13-08-2014,37.24290
120841,quant Mid Cap Fund - Growth Option - Direct Plan,quant Mutual Fund,Open Ended Schemes,Equity Scheme - Mid Cap Fund,12-08-2014,37.36730
120841,quant Mid Cap Fund - Growth Option - Direct Plan,quant Mutual Fund,Open Ended Schemes,Equity Scheme - Mid Cap Fund,11-08-2014,37.26690
120841,quant Mid Cap Fund - Growth Option - Direct Plan,quant Mutual Fund,Open Ended Schemes,Equity Scheme - Mid Cap Fund,08-08-2014,37.27280
120841,quant Mid Cap Fund - Growth Option - Direct Plan,quant Mutual Fund,Open Ended Schemes,Equity Scheme - Mid Cap Fund,07-08-2014,37.32690
120841,quant Mid Cap Fund - Growth Option - Direct Plan,quant Mutual Fund,Open Ended Schemes,Equity Scheme - Mid Cap Fund,06-08-2014,37.37930
120841,quant Mid Cap Fund - Growth Option - Direct Plan,quant Mutual Fund,Open Ended Schemes,Equity Scheme - Mid Cap Fund,05-08-2014,37.49060
120841,quant Mid Cap Fund - Growth Option - Direct Plan,quant Mutual Fund,Open Ended Schemes,Equity Scheme - Mid Cap Fund,04-08-2014,37.47210
120841,quant Mid Cap Fund - Growth Option - Direct Plan,quant Mutual Fund,Open Ended Schemes,Equity Scheme - Mid Cap Fund,01-08-2014,37.30110
120841,quant Mid Cap Fund - Growth Option - Direct Plan,quant Mutual Fund,Open Ended Schemes,Equity Scheme - Mid Cap Fund,31-07-2014,37.29120
120841,quant Mid Cap Fund - Growth Option - Direct Plan,quant Mutual Fund,Open Ended Schemes,Equity Scheme - Mid Cap Fund,30-07-2014,37.41910
120841,quant Mid Cap Fund - Growth Option - Direct Plan,quant Mutual Fund,Open Ended Schemes,Equity Scheme - Mid Cap Fund,28-07-2014,37.28080
120841,quant Mid Cap Fund - Growth Option - Direct Plan,quant Mutual Fund,Open Ended Schemes,Equity Scheme - Mid Cap Fund,25-07-2014,37.32830
120841,quant Mid Cap Fund - Growth Option - Direct Plan,quant Mutual Fund,Open Ended Schemes,Equity Scheme - Mid Cap Fund,24-07-2014,37.39380
120841,quant Mid Cap Fund - Growth Option - Direct Plan,quant Mutual Fund,Open Ended Schemes,Equity Scheme - Mid Cap Fund,23-07-2014,37.57760
120841,quant Mid Cap Fund - Growth Option - Direct Plan,quant Mutual Fund,Open Ended Schemes,Equity Scheme - Mid Cap Fund,22-07-2014,37.67250
120841,quant Mid Cap Fund - Growth Option - Direct Plan,quant Mutual Fund,Open Ended Schemes,Equity Scheme - Mid Cap Fund,21-07-2014,37.68950
120841,quant Mid Cap Fund - Growth Option - Direct Plan,quant Mutual Fund,Open Ended Schemes,Equity Scheme - Mid Cap Fund,18-07-2014,37.62110
120841,quant Mid Cap Fund - Growth Option - Direct Plan,quant Mutual Fund,Open Ended Schemes,Equity Scheme - Mid Cap Fund,17-07-2014,37.65550
120841,quant Mid Cap Fund - Growth Option - Direct Plan,quant Mutual Fund,Open Ended Schemes,Equity Scheme - Mid Cap Fund,16-07-2014,37.54560
120841,quant Mid Cap Fund - Growth Option - Direct Plan,quant Mutual Fund,Open Ended Schemes,Equity Scheme - Mid Cap Fund,15-07-2014,37.04490
120841,quant Mid Cap Fund - Growth Option - Direct Plan,quant Mutual Fund,Open Ended Schemes,Equity Scheme - Mid Cap Fund,14-07-2014,36.72630
120841,quant Mid Cap Fund - Growth Option - Direct Plan,quant Mutual Fund,Open Ended Schemes,Equity Scheme - Mid Cap Fund,11-07-2014,36.72410
120841,quant Mid Cap Fund - Growth Option - Direct Plan,quant Mutual Fund,Open Ended Schemes,Equity Scheme - Mid Cap Fund,10-07-2014,37.07710
120841,quant Mid Cap Fund - Growth Option - Direct Plan,quant Mutual Fund,Open Ended Schemes,Equity Scheme - Mid Cap Fund,09-07-2014,36.95640
120841,quant Mid Cap Fund - Growth Option - Direct Plan,quant Mutual Fund,Open Ended Schemes,Equity Scheme - Mid Cap Fund,08-07-2014,37.13130
120841,quant Mid Cap Fund - Growth Option - Direct Plan,quant Mutual Fund,Open Ended Schemes,Equity Scheme - Mid Cap Fund,07-07-2014,37.50560
120841,quant Mid Cap Fund - Growth Option - Direct Plan,quant Mutual Fund,Open Ended Schemes,Equity Scheme - Mid Cap Fund,04-07-2014,37.49600
120841,quant Mid Cap Fund - Growth Option - Direct Plan,quant Mutual Fund,Open Ended Schemes,Equity Scheme - Mid Cap Fund,03-07-2014,37.39620
120841,quant Mid Cap Fund - Growth Option - Direct Plan,quant Mutual Fund,Open Ended Schemes,Equity Scheme - Mid Cap Fund,02-07-2014,37.45140
120841,quant Mid Cap Fund - Growth Option - Direct Plan,quant Mutual Fund,Open Ended Schemes,Equity Scheme - Mid Cap Fund,01-07-2014,36.97620
120841,quant Mid Cap Fund - Growth Option - Direct Plan,quant Mutual Fund,Open Ended Schemes,Equity Scheme - Mid Cap Fund,30-06-2014,36.94140
120841,quant Mid Cap Fund - Growth Option - Direct Plan,quant Mutual Fund,Open Ended Schemes,Equity Scheme - Mid Cap Fund,27-06-2014,36.71230
120841,quant Mid Cap Fund - Growth Option - Direct Plan,quant Mutual Fund,Open Ended Schemes,Equity Scheme - Mid Cap Fund,26-06-2014,36.63320
120841,quant Mid Cap Fund - Growth Option - Direct Plan,quant Mutual Fund,Open Ended Schemes,Equity Scheme - Mid Cap Fund,25-06-2014,36.68850
120841,quant Mid Cap Fund - Growth Option - Direct Plan,quant Mutual Fund,Open Ended Schemes,Equity Scheme - Mid Cap Fund,24-06-2014,36.56130
120841,quant Mid Cap Fund - Growth Option - Direct Plan,quant Mutual Fund,Open Ended Schemes,Equity Scheme - Mid Cap Fund,23-06-2014,36.41750
120841,quant Mid Cap Fund - Growth Option - Direct Plan,quant Mutual Fund,Open Ended Schemes,Equity Scheme - Mid Cap Fund,20-06-2014,36.55700
120841,quant Mid Cap Fund - Growth Option - Direct Plan,quant Mutual Fund,Open Ended Schemes,Equity Scheme - Mid Cap Fund,19-06-2014,36.52630
120841,quant Mid Cap Fund - Growth Option - Direct Plan,quant Mutual Fund,Open Ended Schemes,Equity Scheme - Mid Cap Fund,18-06-2014,36.65000
120841,quant Mid Cap Fund - Growth Option - Direct Plan,quant Mutual Fund,Open Ended Schemes,Equity Scheme - Mid Cap Fund,17-06-2014,36.62100
120841,quant Mid Cap Fund - Growth Option - Direct Plan,quant Mutual Fund,Open Ended Schemes,Equity Scheme - Mid Cap Fund,16-06-2014,36.52170
120841,quant Mid Cap Fund - Growth Option - Direct Plan,quant Mutual Fund,Open Ended Schemes,Equity Scheme - Mid Cap Fund,13-06-2014,36.49240
120841,quant Mid Cap Fund - Growth Option - Direct Plan,quant Mutual Fund,Open Ended Schemes,Equity Scheme - Mid Cap Fund,12-06-2014,36.76010
120841,quant Mid Cap Fund - Growth Option - Direct Plan,quant Mutual Fund,Open Ended Schemes,Equity Scheme - Mid Cap Fund,11-06-2014,36.82340
120841,quant Mid Cap Fund - Growth Option - Direct Plan,quant Mutual Fund,Open Ended Schemes,Equity Scheme - Mid Cap Fund,10-06-2014,36.94680
120841,quant Mid Cap Fund - Growth Option - Direct Plan,quant Mutual Fund,Open Ended Schemes,Equity Scheme - Mid Cap Fund,09-06-2014,36.85180
120841,quant Mid Cap Fund - Growth Option - Direct Plan,quant Mutual Fund,Open Ended Schemes,Equity Scheme - Mid Cap Fund,06-06-2014,36.59040
120841,quant Mid Cap Fund - Growth Option - Direct Plan,quant Mutual Fund,Open Ended Schemes,Equity Scheme - Mid Cap Fund,05-06-2014,36.39900
120841,quant Mid Cap Fund - Growth Option - Direct Plan,quant Mutual Fund,Open Ended Schemes,Equity Scheme - Mid Cap Fund,04-06-2014,36.25790
120841,quant Mid Cap Fund - Growth Option - Direct Plan,quant Mutual Fund,Open Ended Schemes,Equity Scheme - Mid Cap Fund,03-06-2014,36.13020
120841,quant Mid Cap Fund - Growth Option - Direct Plan,quant Mutual Fund,Open Ended Schemes,Equity Scheme - Mid Cap Fund,02-06-2014,36.04030
120841,quant Mid Cap Fund - Growth Option - Direct Plan,quant Mutual Fund,Open Ended Schemes,Equity Scheme - Mid Cap Fund,30-05-2014,35.80800
120841,quant Mid Cap Fund - Growth Option - Direct Plan,quant Mutual Fund,Open Ended Schemes,Equity Scheme - Mid Cap Fund,29-05-2014,35.78320
120841,quant Mid Cap Fund - Growth Option - Direct Plan,quant Mutual Fund,Open Ended Schemes,Equity Scheme - Mid Cap Fund,28-05-2014,35.82320
120841,quant Mid Cap Fund - Growth Option - Direct Plan,quant Mutual Fund,Open Ended Schemes,Equity Scheme - Mid Cap Fund,27-05-2014,35.69210
120841,quant Mid Cap Fund - Growth Option - Direct Plan,quant Mutual Fund,Open Ended Schemes,Equity Scheme - Mid Cap Fund,26-05-2014,35.75830
120841,quant Mid Cap Fund - Growth Option - Direct Plan,quant Mutual Fund,Open Ended Schemes,Equity Scheme - Mid Cap Fund,23-05-2014,35.96200
120841,quant Mid Cap Fund - Growth Option - Direct Plan,quant Mutual Fund,Open Ended Schemes,Equity Scheme - Mid Cap Fund,22-05-2014,35.91310
120841,quant Mid Cap Fund - Growth Option - Direct Plan,quant Mutual Fund,Open Ended Schemes,Equity Scheme - Mid Cap Fund,21-05-2014,35.73310
120841,quant Mid Cap Fund - Growth Option - Direct Plan,quant Mutual Fund,Open Ended Schemes,Equity Scheme - Mid Cap Fund,20-05-2014,35.58160
120841,quant Mid Cap Fund - Growth Option - Direct Plan,quant Mutual Fund,Open Ended Schemes,Equity Scheme - Mid Cap Fund,19-05-2014,35.36260
120841,quant Mid Cap Fund - Growth Option - Direct Plan,quant Mutual Fund,Open Ended Schemes,Equity Scheme - Mid Cap Fund,16-05-2014,35.22640
120841,quant Mid Cap Fund - Growth Option - Direct Plan,quant Mutual Fund,Open Ended Schemes,Equity Scheme - Mid Cap Fund,15-05-2014,35.10110
120841,quant Mid Cap Fund - Growth Option - Direct Plan,quant Mutual Fund,Open Ended Schemes,Equity Scheme - Mid Cap Fund,13-05-2014,35.18250
120841,quant Mid Cap Fund - Growth Option - Direct Plan,quant Mutual Fund,Open Ended Schemes,Equity Scheme - Mid Cap Fund,12-05-2014,35.06630
120841,quant Mid Cap Fund - Growth Option - Direct Plan,quant Mutual Fund,Open Ended Schemes,Equity Scheme - Mid Cap Fund,09-05-2014,35.11430
120841,quant Mid Cap Fund - Growth Option - Direct Plan,quant Mutual Fund,Open Ended Schemes,Equity Scheme - Mid Cap Fund,08-05-2014,34.95680
120841,quant Mid Cap Fund - Growth Option - Direct Plan,quant Mutual Fund,Open Ended Schemes,Equity Scheme - Mid Cap Fund,07-05-2014,34.98080
120841,quant Mid Cap Fund - Growth Option - Direct Plan,quant Mutual Fund,Open Ended Schemes,Equity Scheme - Mid Cap Fund,06-05-2014,35.02920
120841,quant Mid Cap Fund - Growth Option - Direct Plan,quant Mutual Fund,Open Ended Schemes,Equity Scheme - Mid Cap Fund,05-05-2014,35.08380
120841,quant Mid Cap Fund - Growth Option - Direct Plan,quant Mutual Fund,Open Ended Schemes,Equity Scheme - Mid Cap Fund,02-05-2014,35.08650
120841,quant Mid Cap Fund - Growth Option - Direct Plan,quant Mutual Fund,Open Ended Schemes,Equity Scheme - Mid Cap Fund,30-04-2014,35.14570
120841,quant Mid Cap Fund - Growth Option - Direct Plan,quant Mutual Fund,Open Ended Schemes,Equity Scheme - Mid Cap Fund,29-04-2014,35.30960
120841,quant Mid Cap Fund - Growth Option - Direct Plan,quant Mutual Fund,Open Ended Schemes,Equity Scheme - Mid Cap Fund,28-04-2014,35.42120
120841,quant Mid Cap Fund - Growth Option - Direct Plan,quant Mutual Fund,Open Ended Schemes,Equity Scheme - Mid Cap Fund,25-04-2014,35.31580
120841,quant Mid Cap Fund - Growth Option - Direct Plan,quant Mutual Fund,Open Ended Schemes,Equity Scheme - Mid Cap Fund,23-04-2014,35.27700
120841,quant Mid Cap Fund - Growth Option - Direct Plan,quant Mutual Fund,Open Ended Schemes,Equity Scheme - Mid Cap Fund,22-04-2014,35.22490
120841,quant Mid Cap Fund - Growth Option - Direct Plan,quant Mutual Fund,Open Ended Schemes,Equity Scheme - Mid Cap Fund,21-04-2014,35.22010
120841,quant Mid Cap Fund - Growth Option - Direct Plan,quant Mutual Fund,Open Ended Schemes,Equity Scheme - Mid Cap Fund,17-04-2014,35.02020
120841,quant Mid Cap Fund - Growth Option - Direct Plan,quant Mutual Fund,Open Ended Schemes,Equity Scheme - Mid Cap Fund,16-04-2014,34.80880
120841,quant Mid Cap Fund - Growth Option - Direct Plan,quant Mutual Fund,Open Ended Schemes,Equity Scheme - Mid Cap Fund,15-04-2014,34.84150
120841,quant Mid Cap Fund - Growth Option - Direct Plan,quant Mutual Fund,Open Ended Schemes,Equity Scheme - Mid Cap Fund,11-04-2014,34.82630
120841,quant Mid Cap Fund - Growth Option - Direct Plan,quant Mutual Fund,Open Ended Schemes,Equity Scheme - Mid Cap Fund,10-04-2014,34.69550
120841,quant Mid Cap Fund - Growth Option - Direct Plan,quant Mutual Fund,Open Ended Schemes,Equity Scheme - Mid Cap Fund,09-04-2014,34.62940
120841,quant Mid Cap Fund - Growth Option - Direct Plan,quant Mutual Fund,Open Ended Schemes,Equity Scheme - Mid Cap Fund,07-04-2014,34.50810
120841,quant Mid Cap Fund - Growth Option - Direct Plan,quant Mutual Fund,Open Ended Schemes,Equity Scheme - Mid Cap Fund,04-04-2014,34.52080
120841,quant Mid Cap Fund - Growth Option - Direct Plan,quant Mutual Fund,Open Ended Schemes,Equity Scheme - Mid Cap Fund,03-04-2014,34.45870
120841,quant Mid Cap Fund - Growth Option - Direct Plan,quant Mutual Fund,Open Ended Schemes,Equity Scheme - Mid Cap Fund,02-04-2014,34.46630
120841,quant Mid Cap Fund - Growth Option - Direct Plan,quant Mutual Fund,Open Ended Schemes,Equity Scheme - Mid Cap Fund,01-04-2014,34.43860
120841,quant Mid Cap Fund - Growth Option - Direct Plan,quant Mutual Fund,Open Ended Schemes,Equity Scheme - Mid Cap Fund,31-03-2014,34.37160
120841,quant Mid Cap Fund - Growth Option - Direct Plan,quant Mutual Fund,Open Ended Schemes,Equity Scheme - Mid Cap Fund,28-03-2014,34.25240
120841,quant Mid Cap Fund - Growth Option - Direct Plan,quant Mutual Fund,Open Ended Schemes,Equity Scheme - Mid Cap Fund,27-03-2014,34.11150
120841,quant Mid Cap Fund - Growth Option - Direct Plan,quant Mutual Fund,Open Ended Schemes,Equity Scheme - Mid Cap Fund,26-03-2014,33.99800
120841,quant Mid Cap Fund - Growth Option - Direct Plan,quant Mutual Fund,Open Ended Schemes,Equity Scheme - Mid Cap Fund,25-03-2014,33.99370
120841,quant Mid Cap Fund - Growth Option - Direct Plan,quant Mutual Fund,Open Ended Schemes,Equity Scheme - Mid Cap Fund,24-03-2014,34.00390
120841,quant Mid Cap Fund - Growth Option - Direct Plan,quant Mutual Fund,Open Ended Schemes,Equity Scheme - Mid Cap Fund,21-03-2014,33.94090
120841,quant Mid Cap Fund - Growth Option - Direct Plan,quant Mutual Fund,Open Ended Schemes,Equity Scheme - Mid Cap Fund,20-03-2014,33.90270
120841,quant Mid Cap Fund - Growth Option - Direct Plan,quant Mutual Fund,Open Ended Schemes,Equity Scheme - Mid Cap Fund,19-03-2014,33.90800
120841,quant Mid Cap Fund - Growth Option - Direct Plan,quant Mutual Fund,Open Ended Schemes,Equity Scheme - Mid Cap Fund,18-03-2014,33.86370
120841,quant Mid Cap Fund - Growth Option - Direct Plan,quant Mutual Fund,Open Ended Schemes,Equity Scheme - Mid Cap Fund,14-03-2014,33.81910
120841,quant Mid Cap Fund - Growth Option - Direct Plan,quant Mutual Fund,Open Ended Schemes,Equity Scheme - Mid Cap Fund,13-03-2014,33.87080
120841,quant Mid Cap Fund - Growth Option - Direct Plan,quant Mutual Fund,Open Ended Schemes,Equity Scheme - Mid Cap Fund,12-03-2014,33.91800
120841,quant Mid Cap Fund - Growth Option - Direct Plan,quant Mutual Fund,Open Ended Schemes,Equity Scheme - Mid Cap Fund,11-03-2014,33.94430
120841,quant Mid Cap Fund - Growth Option - Direct Plan,quant Mutual Fund,Open Ended Schemes,Equity Scheme - Mid Cap Fund,10-03-2014,33.84790
120841,quant Mid Cap Fund - Growth Option - Direct Plan,quant Mutual Fund,Open Ended Schemes,Equity Scheme - Mid Cap Fund,07-03-2014,33.87330
120841,quant Mid Cap Fund - Growth Option - Direct Plan,quant Mutual Fund,Open Ended Schemes,Equity Scheme - Mid Cap Fund,06-03-2014,33.82200
120841,quant Mid Cap Fund - Growth Option - Direct Plan,quant Mutual Fund,Open Ended Schemes,Equity Scheme - Mid Cap Fund,05-03-2014,33.72000
120841,quant Mid Cap Fund - Growth Option - Direct Plan,quant Mutual Fund,Open Ended Schemes,Equity Scheme - Mid Cap Fund,04-03-2014,33.65180
120841,quant Mid Cap Fund - Growth Option - Direct Plan,quant Mutual Fund,Open Ended Schemes,Equity Scheme - Mid Cap Fund,03-03-2014,33.48220
120841,quant Mid Cap Fund - Growth Option - Direct Plan,quant Mutual Fund,Open Ended Schemes,Equity Scheme - Mid Cap Fund,28-02-2014,33.49580
120841,quant Mid Cap Fund - Growth Option - Direct Plan,quant Mutual Fund,Open Ended Schemes,Equity Scheme - Mid Cap Fund,26-02-2014,33.53750
120841,quant Mid Cap Fund - Growth Option - Direct Plan,quant Mutual Fund,Open Ended Schemes,Equity Scheme - Mid Cap Fund,25-02-2014,33.44300
120841,quant Mid Cap Fund - Growth Option - Direct Plan,quant Mutual Fund,Open Ended Schemes,Equity Scheme - Mid Cap Fund,24-02-2014,33.40270
120841,quant Mid Cap Fund - Growth Option - Direct Plan,quant Mutual Fund,Open Ended Schemes,Equity Scheme - Mid Cap Fund,21-02-2014,33.29610
120841,quant Mid Cap Fund - Growth Option - Direct Plan,quant Mutual Fund,Open Ended Schemes,Equity Scheme - Mid Cap Fund,20-02-2014,33.20420
120841,quant Mid Cap Fund - Growth Option - Direct Plan,quant Mutual Fund,Open Ended Schemes,Equity Scheme - Mid Cap Fund,19-02-2014,33.20910
120841,quant Mid Cap Fund - Growth Option - Direct Plan,quant Mutual Fund,Open Ended Schemes,Equity Scheme - Mid Cap Fund,18-02-2014,33.26980
120841,quant Mid Cap Fund - Growth Option - Direct Plan,quant Mutual Fund,Open Ended Schemes,Equity Scheme - Mid Cap Fund,17-02-2014,33.14270
120841,quant Mid Cap Fund - Growth Option - Direct Plan,quant Mutual Fund,Open Ended Schemes,Equity Scheme - Mid Cap Fund,14-02-2014,33.04580
120841,quant Mid Cap Fund - Growth Option - Direct Plan,quant Mutual Fund,Open Ended Schemes,Equity Scheme - Mid Cap Fund,13-02-2014,33.03860
120841,quant Mid Cap Fund - Growth Option - Direct Plan,quant Mutual Fund,Open Ended Schemes,Equity Scheme - Mid Cap Fund,12-02-2014,33.08920
120841,quant Mid Cap Fund - Growth Option - Direct Plan,quant Mutual Fund,Open Ended Schemes,Equity Scheme - Mid Cap Fund,11-02-2014,33.08220
120841,quant Mid Cap Fund - Growth Option - Direct Plan,quant Mutual Fund,Open Ended Schemes,Equity Scheme - Mid Cap Fund,10-02-2014,33.10960
120841,quant Mid Cap Fund - Growth Option - Direct Plan,quant Mutual Fund,Open Ended Schemes,Equity Scheme - Mid Cap Fund,07-02-2014,33.09790
120841,quant Mid Cap Fund - Growth Option - Direct Plan,quant Mutual Fund,Open Ended Schemes,Equity Scheme - Mid Cap Fund,06-02-2014,33.03510
120841,quant Mid Cap Fund - Growth Option - Direct Plan,quant Mutual Fund,Open Ended Schemes,Equity Scheme - Mid Cap Fund,05-02-2014,33.02710
120841,quant Mid Cap Fund - Growth Option - Direct Plan,quant Mutual Fund,Open Ended Schemes,Equity Scheme - Mid Cap Fund,04-02-2014,32.99650
120841,quant Mid Cap Fund - Growth Option - Direct Plan,quant Mutual Fund,Open Ended Schemes,Equity Scheme - Mid Cap Fund,03-02-2014,33.01180
120841,quant Mid Cap Fund - Growth Option - Direct Plan,quant Mutual Fund,Open Ended Schemes,Equity Scheme - Mid Cap Fund,31-01-2014,33.01760
120841,quant Mid Cap Fund - Growth Option - Direct Plan,quant Mutual Fund,Open Ended Schemes,Equity Scheme - Mid Cap Fund,30-01-2014,32.94810
120841,quant Mid Cap Fund - Growth Option - Direct Plan,quant Mutual Fund,Open Ended Schemes,Equity Scheme - Mid Cap Fund,29-01-2014,33.05900
120841,quant Mid Cap Fund - Growth Option - Direct Plan,quant Mutual Fund,Open Ended Schemes,Equity Scheme - Mid Cap Fund,28-01-2014,33.06270
120841,quant Mid Cap Fund - Growth Option - Direct Plan,quant Mutual Fund,Open Ended Schemes,Equity Scheme - Mid Cap Fund,27-01-2014,33.13570
120841,quant Mid Cap Fund - Growth Option - Direct Plan,quant Mutual Fund,Open Ended Schemes,Equity Scheme - Mid Cap Fund,24-01-2014,33.23230
120841,quant Mid Cap Fund - Growth Option - Direct Plan,quant Mutual Fund,Open Ended Schemes,Equity Scheme - Mid Cap Fund,23-01-2014,33.28250
120841,quant Mid Cap Fund - Growth Option - Direct Plan,quant Mutual Fund,Open Ended Schemes,Equity Scheme - Mid Cap Fund,22-01-2014,33.27100
120841,quant Mid Cap Fund - Growth Option - Direct Plan,quant Mutual Fund,Open Ended Schemes,Equity Scheme - Mid Cap Fund,21-01-2014,33.27310
120841,quant Mid Cap Fund - Growth Option - Direct Plan,quant Mutual Fund,Open Ended Schemes,Equity Scheme - Mid Cap Fund,20-01-2014,33.26060
120841,quant Mid Cap Fund - Growth Option - Direct Plan,quant Mutual Fund,Open Ended Schemes,Equity Scheme - Mid Cap Fund,17-01-2014,33.19380
120841,quant Mid Cap Fund - Growth Option - Direct Plan,quant Mutual Fund,Open Ended Schemes,Equity Scheme - Mid Cap Fund,16-01-2014,33.25350
120841,quant Mid Cap Fund - Growth Option - Direct Plan,quant Mutual Fund,Open Ended Schemes,Equity Scheme - Mid Cap Fund,15-01-2014,33.23410
120841,quant Mid Cap Fund - Growth Option - Direct Plan,quant Mutual Fund,Open Ended Schemes,Equity Scheme - Mid Cap Fund,14-01-2014,33.18500
120841,quant Mid Cap Fund - Growth Option - Direct Plan,quant Mutual Fund,Open Ended Schemes,Equity Scheme - Mid Cap Fund,13-01-2014,33.18910
120841,quant Mid Cap Fund - Growth Option - Direct Plan,quant Mutual Fund,Open Ended Schemes,Equity Scheme - Mid Cap Fund,10-01-2014,33.11330
120841,quant Mid Cap Fund - Growth Option - Direct Plan,quant Mutual Fund,Open Ended Schemes,Equity Scheme - Mid Cap Fund,09-01-2014,33.11350
120841,quant Mid Cap Fund - Growth Option - Direct Plan,quant Mutual Fund,Open Ended Schemes,Equity Scheme - Mid Cap Fund,08-01-2014,33.10480
120841,quant Mid Cap Fund - Growth Option - Direct Plan,quant Mutual Fund,Open Ended Schemes,Equity Scheme - Mid Cap Fund,07-01-2014,33.11790
120841,quant Mid Cap Fund - Growth Option - Direct Plan,quant Mutual Fund,Open Ended Schemes,Equity Scheme - Mid Cap Fund,06-01-2014,33.11830
120841,quant Mid Cap Fund - Growth Option - Direct Plan,quant Mutual Fund,Open Ended Schemes,Equity Scheme - Mid Cap Fund,03-01-2014,33.25960
120841,quant Mid Cap Fund - Growth Option - Direct Plan,quant Mutual Fund,Open Ended Schemes,Equity Scheme - Mid Cap Fund,02-01-2014,33.22150
120841,quant Mid Cap Fund - Growth Option - Direct Plan,quant Mutual Fund,Open Ended Schemes,Equity Scheme - Mid Cap Fund,01-01-2014,33.25780
120841,quant Mid Cap Fund - Growth Option - Direct Plan,quant Mutual Fund,Open Ended Schemes,Equity Scheme - Mid Cap Fund,31-12-2013,33.26700
120841,quant Mid Cap Fund - Growth Option - Direct Plan,quant Mutual Fund,Open Ended Schemes,Equity Scheme - Mid Cap Fund,30-12-2013,33.24260
120841,quant Mid Cap Fund - Growth Option - Direct Plan,quant Mutual Fund,Open Ended Schemes,Equity Scheme - Mid Cap Fund,27-12-2013,33.22160
120841,quant Mid Cap Fund - Growth Option - Direct Plan,quant Mutual Fund,Open Ended Schemes,Equity Scheme - Mid Cap Fund,26-12-2013,33.18440
120841,quant Mid Cap Fund - Growth Option - Direct Plan,quant Mutual Fund,Open Ended Schemes,Equity Scheme - Mid Cap Fund,24-12-2013,33.14960
120841,quant Mid Cap Fund - Growth Option - Direct Plan,quant Mutual Fund,Open Ended Schemes,Equity Scheme - Mid Cap Fund,23-12-2013,33.15480
120841,quant Mid Cap Fund - Growth Option - Direct Plan,quant Mutual Fund,Open Ended Schemes,Equity Scheme - Mid Cap Fund,21-12-2013,33.09000
120841,quant Mid Cap Fund - Growth Option - Direct Plan,quant Mutual Fund,Open Ended Schemes,Equity Scheme - Mid Cap Fund,20-12-2013,33.08430
120841,quant Mid Cap Fund - Growth Option - Direct Plan,quant Mutual Fund,Open Ended Schemes,Equity Scheme - Mid Cap Fund,19-12-2013,33.00310
120841,quant Mid Cap Fund - Growth Option - Direct Plan,quant Mutual Fund,Open Ended Schemes,Equity Scheme - Mid Cap Fund,18-12-2013,32.98130
120841,quant Mid Cap Fund - Growth Option - Direct Plan,quant Mutual Fund,Open Ended Schemes,Equity Scheme - Mid Cap Fund,17-12-2013,32.83400
120841,quant Mid Cap Fund - Growth Option - Direct Plan,quant Mutual Fund,Open Ended Schemes,Equity Scheme - Mid Cap Fund,16-12-2013,32.85740
120841,quant Mid Cap Fund - Growth Option - Direct Plan,quant Mutual Fund,Open Ended Schemes,Equity Scheme - Mid Cap Fund,13-12-2013,32.80700
120841,quant Mid Cap Fund - Growth Option - Direct Plan,quant Mutual Fund,Open Ended Schemes,Equity Scheme - Mid Cap Fund,12-12-2013,32.84310
120841,quant Mid Cap Fund - Growth Option - Direct Plan,quant Mutual Fund,Open Ended Schemes,Equity Scheme - Mid Cap Fund,11-12-2013,32.83390
120841,quant Mid Cap Fund - Growth Option - Direct Plan,quant Mutual Fund,Open Ended Schemes,Equity Scheme - Mid Cap Fund,10-12-2013,32.85610
120841,quant Mid Cap Fund - Growth Option - Direct Plan,quant Mutual Fund,Open Ended Schemes,Equity Scheme - Mid Cap Fund,09-12-2013,32.85980
120841,quant Mid Cap Fund - Growth Option - Direct Plan,quant Mutual Fund,Open Ended Schemes,Equity Scheme - Mid Cap Fund,06-12-2013,32.80260
120841,quant Mid Cap Fund - Growth Option - Direct Plan,quant Mutual Fund,Open Ended Schemes,Equity Scheme - Mid Cap Fund,05-12-2013,32.81030
120841,quant Mid Cap Fund - Growth Option - Direct Plan,quant Mutual Fund,Open Ended Schemes,Equity Scheme - Mid Cap Fund,04-12-2013,32.76060
120841,quant Mid Cap Fund - Growth Option - Direct Plan,quant Mutual Fund,Open Ended Schemes,Equity Scheme - Mid Cap Fund,03-12-2013,32.79240
120841,quant Mid Cap Fund - Growth Option - Direct Plan,quant Mutual Fund,Open Ended Schemes,Equity Scheme - Mid Cap Fund,02-12-2013,32.79320
120841,quant Mid Cap Fund - Growth Option - Direct Plan,quant Mutual Fund,Open Ended Schemes,Equity Scheme - Mid Cap Fund,29-11-2013,32.75370
120841,quant Mid Cap Fund - Growth Option - Direct Plan,quant Mutual Fund,Open Ended Schemes,Equity Scheme - Mid Cap Fund,28-11-2013,32.70850
120841,quant Mid Cap Fund - Growth Option - Direct Plan,quant Mutual Fund,Open Ended Schemes,Equity Scheme - Mid Cap Fund,27-11-2013,32.66430
120841,quant Mid Cap Fund - Growth Option - Direct Plan,quant Mutual Fund,Open Ended Schemes,Equity Scheme - Mid Cap Fund,26-11-2013,32.57960
120841,quant Mid Cap Fund - Growth Option - Direct Plan,quant Mutual Fund,Open Ended Schemes,Equity Scheme - Mid Cap Fund,25-11-2013,32.55830
120841,quant Mid Cap Fund - Growth Option - Direct Plan,quant Mutual Fund,Open Ended Schemes,Equity Scheme - Mid Cap Fund,22-11-2013,32.50960
120841,quant Mid Cap Fund - Growth Option - Direct Plan,quant Mutual Fund,Open Ended Schemes,Equity Scheme - Mid Cap Fund,21-11-2013,32.48800
120841,quant Mid Cap Fund - Growth Option - Direct Plan,quant Mutual Fund,Open Ended Schemes,Equity Scheme - Mid Cap Fund,20-11-2013,32.53910
120841,quant Mid Cap Fund - Growth Option - Direct Plan,quant Mutual Fund,Open Ended Schemes,Equity Scheme - Mid Cap Fund,19-11-2013,32.50170
120841,quant Mid Cap Fund - Growth Option - Direct Plan,quant Mutual Fund,Open Ended Schemes,Equity Scheme - Mid Cap Fund,18-11-2013,32.47510
120841,quant Mid Cap Fund - Growth Option - Direct Plan,quant Mutual Fund,Open Ended Schemes,Equity Scheme - Mid Cap Fund,15-11-2013,32.44740
120841,quant Mid Cap Fund - Growth Option - Direct Plan,quant Mutual Fund,Open Ended Schemes,Equity Scheme - Mid Cap Fund,14-11-2013,32.44180
120841,quant Mid Cap Fund - Growth Option - Direct Plan,quant Mutual Fund,Open Ended Schemes,Equity Scheme - Mid Cap Fund,13-11-2013,32.43220
120841,quant Mid Cap Fund - Growth Option - Direct Plan,quant Mutual Fund,Open Ended Schemes,Equity Scheme - Mid Cap Fund,12-11-2013,32.39470
120841,quant Mid Cap Fund - Growth Option - Direct Plan,quant Mutual Fund,Open Ended Schemes,Equity Scheme - Mid Cap Fund,11-11-2013,32.49550
120841,quant Mid Cap Fund - Growth Option - Direct Plan,quant Mutual Fund,Open Ended Schemes,Equity Scheme - Mid Cap Fund,08-11-2013,32.53160
120841,quant Mid Cap Fund - Growth Option - Direct Plan,quant Mutual Fund,Open Ended Schemes,Equity Scheme - Mid Cap Fund,07-11-2013,32.59830
120841,quant Mid Cap Fund - Growth Option - Direct Plan,quant Mutual Fund,Open Ended Schemes,Equity Scheme - Mid Cap Fund,06-11-2013,32.62650
120841,quant Mid Cap Fund - Growth Option - Direct Plan,quant Mutual Fund,Open Ended Schemes,Equity Scheme - Mid Cap Fund,05-11-2013,32.71740
120841,quant Mid Cap Fund - Growth Option - Direct Plan,quant Mutual Fund,Open Ended Schemes,Equity Scheme - Mid Cap Fund,04-11-2013,32.66180
120841,quant Mid Cap Fund - Growth Option - Direct Plan,quant Mutual Fund,Open Ended Schemes,Equity Scheme - Mid Cap Fund,01-11-2013,32.64540
120841,quant Mid Cap Fund - Growth Option - Direct Plan,quant Mutual Fund,Open Ended Schemes,Equity Scheme - Mid Cap Fund,31-10-2013,32.65180
120841,quant Mid Cap Fund - Growth Option - Direct Plan,quant Mutual Fund,Open Ended Schemes,Equity Scheme - Mid Cap Fund,30-10-2013,32.61250
120841,quant Mid Cap Fund - Growth Option - Direct Plan,quant Mutual Fund,Open Ended Schemes,Equity Scheme - Mid Cap Fund,29-10-2013,32.65150
120841,quant Mid Cap Fund - Growth Option - Direct Plan,quant Mutual Fund,Open Ended Schemes,Equity Scheme - Mid Cap Fund,28-10-2013,32.54840
120841,quant Mid Cap Fund - Growth Option - Direct Plan,quant Mutual Fund,Open Ended Schemes,Equity Scheme - Mid Cap Fund,25-10-2013,32.51730
120841,quant Mid Cap Fund - Growth Option - Direct Plan,quant Mutual Fund,Open Ended Schemes,Equity Scheme - Mid Cap Fund,24-10-2013,32.53460
120841,quant Mid Cap Fund - Growth Option - Direct Plan,quant Mutual Fund,Open Ended Schemes,Equity Scheme - Mid Cap Fund,23-10-2013,32.52330
120841,quant Mid Cap Fund - Growth Option - Direct Plan,quant Mutual Fund,Open Ended Schemes,Equity Scheme - Mid Cap Fund,22-10-2013,32.48720
120841,quant Mid Cap Fund - Growth Option - Direct Plan,quant Mutual Fund,Open Ended Schemes,Equity Scheme - Mid Cap Fund,21-10-2013,32.47750
120841,quant Mid Cap Fund - Growth Option - Direct Plan,quant Mutual Fund,Open Ended Schemes,Equity Scheme - Mid Cap Fund,18-10-2013,32.42680
120841,quant Mid Cap Fund - Growth Option - Direct Plan,quant Mutual Fund,Open Ended Schemes,Equity Scheme - Mid Cap Fund,17-10-2013,32.31890
120841,quant Mid Cap Fund - Growth Option - Direct Plan,quant Mutual Fund,Open Ended Schemes,Equity Scheme - Mid Cap Fund,16-10-2013,32.29380
120841,quant Mid Cap Fund - Growth Option - Direct Plan,quant Mutual Fund,Open Ended Schemes,Equity Scheme - Mid Cap Fund,15-10-2013,32.28830
120841,quant Mid Cap Fund - Growth Option - Direct Plan,quant Mutual Fund,Open Ended Schemes,Equity Scheme - Mid Cap Fund,14-10-2013,32.30930
120841,quant Mid Cap Fund - Growth Option - Direct Plan,quant Mutual Fund,Open Ended Schemes,Equity Scheme - Mid Cap Fund,11-10-2013,32.33170
120841,quant Mid Cap Fund - Growth Option - Direct Plan,quant Mutual Fund,Open Ended Schemes,Equity Scheme - Mid Cap Fund,10-10-2013,32.30100
120841,quant Mid Cap Fund - Growth Option - Direct Plan,quant Mutual Fund,Open Ended Schemes,Equity Scheme - Mid Cap Fund,09-10-2013,32.32130
120841,quant Mid Cap Fund - Growth Option - Direct Plan,quant Mutual Fund,Open Ended Schemes,Equity Scheme - Mid Cap Fund,08-10-2013,32.25130
120841,quant Mid Cap Fund - Growth Option - Direct Plan,quant Mutual Fund,Open Ended Schemes,Equity Scheme - Mid Cap Fund,07-10-2013,32.12850
120841,quant Mid Cap Fund - Growth Option - Direct Plan,quant Mutual Fund,Open Ended Schemes,Equity Scheme - Mid Cap Fund,04-10-2013,32.09890
120841,quant Mid Cap Fund - Growth Option - Direct Plan,quant Mutual Fund,Open Ended Schemes,Equity Scheme - Mid Cap Fund,03-10-2013,32.06730
120841,quant Mid Cap Fund - Growth Option - Direct Plan,quant Mutual Fund,Open Ended Schemes,Equity Scheme - Mid Cap Fund,02-10-2013,31.97400
120841,quant Mid Cap Fund - Growth Option - Direct Plan,quant Mutual Fund,Open Ended Schemes,Equity Scheme - Mid Cap Fund,01-10-2013,31.96860
120841,quant Mid Cap Fund - Growth Option - Direct Plan,quant Mutual Fund,Open Ended Schemes,Equity Scheme - Mid Cap Fund,30-09-2013,31.93010
120841,quant Mid Cap Fund - Growth Option - Direct Plan,quant Mutual Fund,Open Ended Schemes,Equity Scheme - Mid Cap Fund,27-09-2013,31.95320
120841,quant Mid Cap Fund - Growth Option - Direct Plan,quant Mutual Fund,Open Ended Schemes,Equity Scheme - Mid Cap Fund,26-09-2013,31.91600
120841,quant Mid Cap Fund - Growth Option - Direct Plan,quant Mutual Fund,Open Ended Schemes,Equity Scheme - Mid Cap Fund,25-09-2013,31.88510
120841,quant Mid Cap Fund - Growth Option - Direct Plan,quant Mutual Fund,Open Ended Schemes,Equity Scheme - Mid Cap Fund,24-09-2013,31.84260
120841,quant Mid Cap Fund - Growth Option - Direct Plan,quant Mutual Fund,Open Ended Schemes,Equity Scheme - Mid Cap Fund,23-09-2013,31.85850
120841,quant Mid Cap Fund - Growth Option - Direct Plan,quant Mutual Fund,Open Ended Schemes,Equity Scheme - Mid Cap Fund,20-09-2013,31.93400
120841,quant Mid Cap Fund - Growth Option - Direct Plan,quant Mutual Fund,Open Ended Schemes,Equity Scheme - Mid Cap Fund,19-09-2013,32.00750
120841,quant Mid Cap Fund - Growth Option - Direct Plan,quant Mutual Fund,Open Ended Schemes,Equity Scheme - Mid Cap Fund,18-09-2013,31.88990
120841,quant Mid Cap Fund - Growth Option - Direct Plan,quant Mutual Fund,Open Ended Schemes,Equity Scheme - Mid Cap Fund,17-09-2013,31.83510
120841,quant Mid Cap Fund - Growth Option - Direct Plan,quant Mutual Fund,Open Ended Schemes,Equity Scheme - Mid Cap Fund,16-09-2013,31.86920
120841,quant Mid Cap Fund - Growth Option - Direct Plan,quant Mutual Fund,Open Ended Schemes,Equity Scheme - Mid Cap Fund,13-09-2013,31.80040
120841,quant Mid Cap Fund - Growth Option - Direct Plan,quant Mutual Fund,Open Ended Schemes,Equity Scheme - Mid Cap Fund,12-09-2013,31.77830
120841,quant Mid Cap Fund - Growth Option - Direct Plan,quant Mutual Fund,Open Ended Schemes,Equity Scheme - Mid Cap Fund,11-09-2013,31.76620
120841,quant Mid Cap Fund - Growth Option - Direct Plan,quant Mutual Fund,Open Ended Schemes,Equity Scheme - Mid Cap Fund,10-09-2013,31.73300
120841,quant Mid Cap Fund - Growth Option - Direct Plan,quant Mutual Fund,Open Ended Schemes,Equity Scheme - Mid Cap Fund,06-09-2013,31.65050
120841,quant Mid Cap Fund - Growth Option - Direct Plan,quant Mutual Fund,Open Ended Schemes,Equity Scheme - Mid Cap Fund,05-09-2013,31.65930
120841,quant Mid Cap Fund - Growth Option - Direct Plan,quant Mutual Fund,Open Ended Schemes,Equity Scheme - Mid Cap Fund,04-09-2013,31.51820
120841,quant Mid Cap Fund - Growth Option - Direct Plan,quant Mutual Fund,Open Ended Schemes,Equity Scheme - Mid Cap Fund,03-09-2013,31.45030
120841,quant Mid Cap Fund - Growth Option - Direct Plan,quant Mutual Fund,Open Ended Schemes,Equity Scheme - Mid Cap Fund,02-09-2013,31.51220
120841,quant Mid Cap Fund - Growth Option - Direct Plan,quant Mutual Fund,Open Ended Schemes,Equity Scheme - Mid Cap Fund,30-08-2013,31.40070
120841,quant Mid Cap Fund - Growth Option - Direct Plan,quant Mutual Fund,Open Ended Schemes,Equity Scheme - Mid Cap Fund,29-08-2013,31.34120
120841,quant Mid Cap Fund - Growth Option - Direct Plan,quant Mutual Fund,Open Ended Schemes,Equity Scheme - Mid Cap Fund,28-08-2013,31.30560
120841,quant Mid Cap Fund - Growth Option - Direct Plan,quant Mutual Fund,Open Ended Schemes,Equity Scheme - Mid Cap Fund,27-08-2013,31.40300
120841,quant Mid Cap Fund - Growth Option - Direct Plan,quant Mutual Fund,Open Ended Schemes,Equity Scheme - Mid Cap Fund,26-08-2013,31.57110
120841,quant Mid Cap Fund - Growth Option - Direct Plan,quant Mutual Fund,Open Ended Schemes,Equity Scheme - Mid Cap Fund,23-08-2013,31.58530
120841,quant Mid Cap Fund - Growth Option - Direct Plan,quant Mutual Fund,Open Ended Schemes,Equity Scheme - Mid Cap Fund,22-08-2013,31.47700
120841,quant Mid Cap Fund - Growth Option - Direct Plan,quant Mutual Fund,Open Ended Schemes,Equity Scheme - Mid Cap Fund,21-08-2013,31.47780
120841,quant Mid Cap Fund - Growth Option - Direct Plan,quant Mutual Fund,Open Ended Schemes,Equity Scheme - Mid Cap Fund,20-08-2013,31.29160
120841,quant Mid Cap Fund - Growth Option - Direct Plan,quant Mutual Fund,Open Ended Schemes,Equity Scheme - Mid Cap Fund,19-08-2013,31.27450
120841,quant Mid Cap Fund - Growth Option - Direct Plan,quant Mutual Fund,Open Ended Schemes,Equity Scheme - Mid Cap Fund,16-08-2013,31.45610
120841,quant Mid Cap Fund - Growth Option - Direct Plan,quant Mutual Fund,Open Ended Schemes,Equity Scheme - Mid Cap Fund,14-08-2013,31.57210
120841,quant Mid Cap Fund - Growth Option - Direct Plan,quant Mutual Fund,Open Ended Schemes,Equity Scheme - Mid Cap Fund,13-08-2013,31.61790
120841,quant Mid Cap Fund - Growth Option - Direct Plan,quant Mutual Fund,Open Ended Schemes,Equity Scheme - Mid Cap Fund,12-08-2013,31.61040
120841,quant Mid Cap Fund - Growth Option - Direct Plan,quant Mutual Fund,Open Ended Schemes,Equity Scheme - Mid Cap Fund,08-08-2013,31.62690
120841,quant Mid Cap Fund - Growth Option - Direct Plan,quant Mutual Fund,Open Ended Schemes,Equity Scheme - Mid Cap Fund,07-08-2013,31.56340
120841,quant Mid Cap Fund - Growth Option - Direct Plan,quant Mutual Fund,Open Ended Schemes,Equity Scheme - Mid Cap Fund,06-08-2013,31.53440
120841,quant Mid Cap Fund - Growth Option - Direct Plan,quant Mutual Fund,Open Ended Schemes,Equity Scheme - Mid Cap Fund,05-08-2013,31.54830
120841,quant Mid Cap Fund - Growth Option - Direct Plan,quant Mutual Fund,Open Ended Schemes,Equity Scheme - Mid Cap Fund,02-08-2013,31.53680
120841,quant Mid Cap Fund - Growth Option - Direct Plan,quant Mutual Fund,Open Ended Schemes,Equity Scheme - Mid Cap Fund,01-08-2013,31.55150
120841,quant Mid Cap Fund - Growth Option - Direct Plan,quant Mutual Fund,Open Ended Schemes,Equity Scheme - Mid Cap Fund,31-07-2013,31.46300
120841,quant Mid Cap Fund - Growth Option - Direct Plan,quant Mutual Fund,Open Ended Schemes,Equity Scheme - Mid Cap Fund,30-07-2013,31.52870
120841,quant Mid Cap Fund - Growth Option - Direct Plan,quant Mutual Fund,Open Ended Schemes,Equity Scheme - Mid Cap Fund,29-07-2013,31.55840
120841,quant Mid Cap Fund - Growth Option - Direct Plan,quant Mutual Fund,Open Ended Schemes,Equity Scheme - Mid Cap Fund,26-07-2013,31.59100
120841,quant Mid Cap Fund - Growth Option - Direct Plan,quant Mutual Fund,Open Ended Schemes,Equity Scheme - Mid Cap Fund,25-07-2013,31.59390
120841,quant Mid Cap Fund - Growth Option - Direct Plan,quant Mutual Fund,Open Ended Schemes,Equity Scheme - Mid Cap Fund,24-07-2013,31.37120
120841,quant Mid Cap Fund - Growth Option - Direct Plan,quant Mutual Fund,Open Ended Schemes,Equity Scheme - Mid Cap Fund,23-07-2013,31.55790
120841,quant Mid Cap Fund - Growth Option - Direct Plan,quant Mutual Fund,Open Ended Schemes,Equity Scheme - Mid Cap Fund,22-07-2013,31.59240
120841,quant Mid Cap Fund - Growth Option - Direct Plan,quant Mutual Fund,Open Ended Schemes,Equity Scheme - Mid Cap Fund,19-07-2013,31.61590
120841,quant Mid Cap Fund - Growth Option - Direct Plan,quant Mutual Fund,Open Ended Schemes,Equity Scheme - Mid Cap Fund,18-07-2013,31.61920
120841,quant Mid Cap Fund - Growth Option - Direct Plan,quant Mutual Fund,Open Ended Schemes,Equity Scheme - Mid Cap Fund,17-07-2013,31.53460
120841,quant Mid Cap Fund - Growth Option - Direct Plan,quant Mutual Fund,Open Ended Schemes,Equity Scheme - Mid Cap Fund,16-07-2013,31.55490
120841,quant Mid Cap Fund - Growth Option - Direct Plan,quant Mutual Fund,Open Ended Schemes,Equity Scheme - Mid Cap Fund,15-07-2013,31.81930
120841,quant Mid Cap Fund - Growth Option - Direct Plan,quant Mutual Fund,Open Ended Schemes,Equity Scheme - Mid Cap Fund,12-07-2013,31.80510
120841,quant Mid Cap Fund - Growth Option - Direct Plan,quant Mutual Fund,Open Ended Schemes,Equity Scheme - Mid Cap Fund,11-07-2013,31.75700
120841,quant Mid Cap Fund - Growth Option - Direct Plan,quant Mutual Fund,Open Ended Schemes,Equity Scheme - Mid Cap Fund,10-07-2013,31.71280
120841,quant Mid Cap Fund - Growth Option - Direct Plan,quant Mutual Fund,Open Ended Schemes,Equity Scheme - Mid Cap Fund,09-07-2013,31.71380
120841,quant Mid Cap Fund - Growth Option - Direct Plan,quant Mutual Fund,Open Ended Schemes,Equity Scheme - Mid Cap Fund,08-07-2013,31.69580
120841,quant Mid Cap Fund - Growth Option - Direct Plan,quant Mutual Fund,Open Ended Schemes,Equity Scheme - Mid Cap Fund,05-07-2013,31.73080
120841,quant Mid Cap Fund - Growth Option - Direct Plan,quant Mutual Fund,Open Ended Schemes,Equity Scheme - Mid Cap Fund,04-07-2013,31.70050
120841,quant Mid Cap Fund - Growth Option - Direct Plan,quant Mutual Fund,Open Ended Schemes,Equity Scheme - Mid Cap Fund,03-07-2013,31.61490
120841,quant Mid Cap Fund - Growth Option - Direct Plan,quant Mutual Fund,Open Ended Schemes,Equity Scheme - Mid Cap Fund,02-07-2013,31.64470
120841,quant Mid Cap Fund - Growth Option - Direct Plan,quant Mutual Fund,Open Ended Schemes,Equity Scheme - Mid Cap Fund,01-07-2013,31.63540
120841,quant Mid Cap Fund - Growth Option - Direct Plan,quant Mutual Fund,Open Ended Schemes,Equity Scheme - Mid Cap Fund,28-06-2013,31.60610
120841,quant Mid Cap Fund - Growth Option - Direct Plan,quant Mutual Fund,Open Ended Schemes,Equity Scheme - Mid Cap Fund,27-06-2013,31.55100
120841,quant Mid Cap Fund - Growth Option - Direct Plan,quant Mutual Fund,Open Ended Schemes,Equity Scheme - Mid Cap Fund,26-06-2013,31.56820
120841,quant Mid Cap Fund - Growth Option - Direct Plan,quant Mutual Fund,Open Ended Schemes,Equity Scheme - Mid Cap Fund,25-06-2013,31.59830
120841,quant Mid Cap Fund - Growth Option - Direct Plan,quant Mutual Fund,Open Ended Schemes,Equity Scheme - Mid Cap Fund,24-06-2013,31.59350
120841,quant Mid Cap Fund - Growth Option - Direct Plan,quant Mutual Fund,Open Ended Schemes,Equity Scheme - Mid Cap Fund,21-06-2013,31.56040
120841,quant Mid Cap Fund - Growth Option - Direct Plan,quant Mutual Fund,Open Ended Schemes,Equity Scheme - Mid Cap Fund,20-06-2013,30.98190
120841,quant Mid Cap Fund - Growth Option - Direct Plan,quant Mutual Fund,Open Ended Schemes,Equity Scheme - Mid Cap Fund,19-06-2013,31.61670
120841,quant Mid Cap Fund - Growth Option - Direct Plan,quant Mutual Fund,Open Ended Schemes,Equity Scheme - Mid Cap Fund,18-06-2013,31.61990
120841,quant Mid Cap Fund - Growth Option - Direct Plan,quant Mutual Fund,Open Ended Schemes,Equity Scheme - Mid Cap Fund,17-06-2013,31.60260
120841,quant Mid Cap Fund - Growth Option - Direct Plan,quant Mutual Fund,Open Ended Schemes,Equity Scheme - Mid Cap Fund,14-06-2013,31.58230
120841,quant Mid Cap Fund - Growth Option - Direct Plan,quant Mutual Fund,Open Ended Schemes,Equity Scheme - Mid Cap Fund,13-06-2013,31.57260
120841,quant Mid Cap Fund - Growth Option - Direct Plan,quant Mutual Fund,Open Ended Schemes,Equity Scheme - Mid Cap Fund,12-06-2013,31.56930
120841,quant Mid Cap Fund - Growth Option - Direct Plan,quant Mutual Fund,Open Ended Schemes,Equity Scheme - Mid Cap Fund,11-06-2013,31.58280
120841,quant Mid Cap Fund - Growth Option - Direct Plan,quant Mutual Fund,Open Ended Schemes,Equity Scheme - Mid Cap Fund,10-06-2013,31.63260
120841,quant Mid Cap Fund - Growth Option - Direct Plan,quant Mutual Fund,Open Ended Schemes,Equity Scheme - Mid Cap Fund,07-06-2013,31.64970
120841,quant Mid Cap Fund - Growth Option - Direct Plan,quant Mutual Fund,Open Ended Schemes,Equity Scheme - Mid Cap Fund,06-06-2013,31.65680
120841,quant Mid Cap Fund - Growth Option - Direct Plan,quant Mutual Fund,Open Ended Schemes,Equity Scheme - Mid Cap Fund,05-06-2013,31.62950
120841,quant Mid Cap Fund - Growth Option - Direct Plan,quant Mutual Fund,Open Ended Schemes,Equity Scheme - Mid Cap Fund,04-06-2013,31.63640
120841,quant Mid Cap Fund - Growth Option - Direct Plan,quant Mutual Fund,Open Ended Schemes,Equity Scheme - Mid Cap Fund,03-06-2013,31.59980
120841,quant Mid Cap Fund - Growth Option - Direct Plan,quant Mutual Fund,Open Ended Schemes,Equity Scheme - Mid Cap Fund,31-05-2013,31.60460
120841,quant Mid Cap Fund - Growth Option - Direct Plan,quant Mutual Fund,Open Ended Schemes,Equity Scheme - Mid Cap Fund,30-05-2013,31.63820
120841,quant Mid Cap Fund - Growth Option - Direct Plan,quant Mutual Fund,Open Ended Schemes,Equity Scheme - Mid Cap Fund,29-05-2013,31.61660
120841,quant Mid Cap Fund - Growth Option - Direct Plan,quant Mutual Fund,Open Ended Schemes,Equity Scheme - Mid Cap Fund,28-05-2013,31.61840
120841,quant Mid Cap Fund - Growth Option - Direct Plan,quant Mutual Fund,Open Ended Schemes,Equity Scheme - Mid Cap Fund,27-05-2013,31.63360
120841,quant Mid Cap Fund - Growth Option - Direct Plan,quant Mutual Fund,Open Ended Schemes,Equity Scheme - Mid Cap Fund,24-05-2013,31.61350
120841,quant Mid Cap Fund - Growth Option - Direct Plan,quant Mutual Fund,Open Ended Schemes,Equity Scheme - Mid Cap Fund,23-05-2013,31.61130
120841,quant Mid Cap Fund - Growth Option - Direct Plan,quant Mutual Fund,Open Ended Schemes,Equity Scheme - Mid Cap Fund,22-05-2013,31.59810
120841,quant Mid Cap Fund - Growth Option - Direct Plan,quant Mutual Fund,Open Ended Schemes,Equity Scheme - Mid Cap Fund,21-05-2013,31.58810
120841,quant Mid Cap Fund - Growth Option - Direct Plan,quant Mutual Fund,Open Ended Schemes,Equity Scheme - Mid Cap Fund,20-05-2013,31.59890
120841,quant Mid Cap Fund - Growth Option - Direct Plan,quant Mutual Fund,Open Ended Schemes,Equity Scheme - Mid Cap Fund,17-05-2013,31.58510
120841,quant Mid Cap Fund - Growth Option - Direct Plan,quant Mutual Fund,Open Ended Schemes,Equity Scheme - Mid Cap Fund,16-05-2013,31.58270
120841,quant Mid Cap Fund - Growth Option - Direct Plan,quant Mutual Fund,Open Ended Schemes,Equity Scheme - Mid Cap Fund,15-05-2013,31.58990
120841,quant Mid Cap Fund - Growth Option - Direct Plan,quant Mutual Fund,Open Ended Schemes,Equity Scheme - Mid Cap Fund,14-05-2013,31.57050
120841,quant Mid Cap Fund - Growth Option - Direct Plan,quant Mutual Fund,Open Ended Schemes,Equity Scheme - Mid Cap Fund,13-05-2013,31.48790
120841,quant Mid Cap Fund - Growth Option - Direct Plan,quant Mutual Fund,Open Ended Schemes,Equity Scheme - Mid Cap Fund,10-05-2013,31.49820
120841,quant Mid Cap Fund - Growth Option - Direct Plan,quant Mutual Fund,Open Ended Schemes,Equity Scheme - Mid Cap Fund,09-05-2013,31.49680
120841,quant Mid Cap Fund - Growth Option - Direct Plan,quant Mutual Fund,Open Ended Schemes,Equity Scheme - Mid Cap Fund,08-05-2013,31.47510
120841,quant Mid Cap Fund - Growth Option - Direct Plan,quant Mutual Fund,Open Ended Schemes,Equity Scheme - Mid Cap Fund,07-05-2013,31.43190
120841,quant Mid Cap Fund - Growth Option - Direct Plan,quant Mutual Fund,Open Ended Schemes,Equity Scheme - Mid Cap Fund,06-05-2013,31.39950
120841,quant Mid Cap Fund - Growth Option - Direct Plan,quant Mutual Fund,Open Ended Schemes,Equity Scheme - Mid Cap Fund,03-05-2013,31.36560
120841,quant Mid Cap Fund - Growth Option - Direct Plan,quant Mutual Fund,Open Ended Schemes,Equity Scheme - Mid Cap Fund,02-05-2013,31.38340
120841,quant Mid Cap Fund - Growth Option - Direct Plan,quant Mutual Fund,Open Ended Schemes,Equity Scheme - Mid Cap Fund,30-04-2013,31.35030
120841,quant Mid Cap Fund - Growth Option - Direct Plan,quant Mutual Fund,Open Ended Schemes,Equity Scheme - Mid Cap Fund,29-04-2013,31.33980
120841,quant Mid Cap Fund - Growth Option - Direct Plan,quant Mutual Fund,Open Ended Schemes,Equity Scheme - Mid Cap Fund,26-04-2013,31.32780
120841,quant Mid Cap Fund - Growth Option - Direct Plan,quant Mutual Fund,Open Ended Schemes,Equity Scheme - Mid Cap Fund,25-04-2013,31.30330
120841,quant Mid Cap Fund - Growth Option - Direct Plan,quant Mutual Fund,Open Ended Schemes,Equity Scheme - Mid Cap Fund,24-04-2013,31.26570
120841,quant Mid Cap Fund - Growth Option - Direct Plan,quant Mutual Fund,Open Ended Schemes,Equity Scheme - Mid Cap Fund,23-04-2013,31.26090
120841,quant Mid Cap Fund - Growth Option - Direct Plan,quant Mutual Fund,Open Ended Schemes,Equity Scheme - Mid Cap Fund,22-04-2013,31.27180
120841,quant Mid Cap Fund - Growth Option - Direct Plan,quant Mutual Fund,Open Ended Schemes,Equity Scheme - Mid Cap Fund,19-04-2013,31.24580
120841,quant Mid Cap Fund - Growth Option - Direct Plan,quant Mutual Fund,Open Ended Schemes,Equity Scheme - Mid Cap Fund,18-04-2013,31.24080
120841,quant Mid Cap Fund - Growth Option - Direct Plan,quant Mutual Fund,Open Ended Schemes,Equity Scheme - Mid Cap Fund,17-04-2013,31.19580
120841,quant Mid Cap Fund - Growth Option - Direct Plan,quant Mutual Fund,Open Ended Schemes,Equity Scheme - Mid Cap Fund,16-04-2013,31.17870
120841,quant Mid Cap Fund - Growth Option - Direct Plan,quant Mutual Fund,Open Ended Schemes,Equity Scheme - Mid Cap Fund,15-04-2013,31.16850
120841,quant Mid Cap Fund - Growth Option - Direct Plan,quant Mutual Fund,Open Ended Schemes,Equity Scheme - Mid Cap Fund,12-04-2013,31.14640
120841,quant Mid Cap Fund - Growth Option - Direct Plan,quant Mutual Fund,Open Ended Schemes,Equity Scheme - Mid Cap Fund,11-04-2013,31.13740
120841,quant Mid Cap Fund - Growth Option - Direct Plan,quant Mutual Fund,Open Ended Schemes,Equity Scheme - Mid Cap Fund,10-04-2013,31.12250
120841,quant Mid Cap Fund - Growth Option - Direct Plan,quant Mutual Fund,Open Ended Schemes,Equity Scheme - Mid Cap Fund,09-04-2013,31.13890
120841,quant Mid Cap Fund - Growth Option - Direct Plan,quant Mutual Fund,Open Ended Schemes,Equity Scheme - Mid Cap Fund,08-04-2013,31.11870
120841,quant Mid Cap Fund - Growth Option - Direct Plan,quant Mutual Fund,Open Ended Schemes,Equity Scheme - Mid Cap Fund,05-04-2013,31.09490
120841,quant Mid Cap Fund - Growth Option - Direct Plan,quant Mutual Fund,Open Ended Schemes,Equity Scheme - Mid Cap Fund,04-04-2013,31.09960
120841,quant Mid Cap Fund - Growth Option - Direct Plan,quant Mutual Fund,Open Ended Schemes,Equity Scheme - Mid Cap Fund,03-04-2013,31.09190
120841,quant Mid Cap Fund - Growth Option - Direct Plan,quant Mutual Fund,Open Ended Schemes,Equity Scheme - Mid Cap Fund,02-04-2013,31.07750
120841,quant Mid Cap Fund - Growth Option - Direct Plan,quant Mutual Fund,Open Ended Schemes,Equity Scheme - Mid Cap Fund,01-04-2013,31.05500
120841,quant Mid Cap Fund - Growth Option - Direct Plan,quant Mutual Fund,Open Ended Schemes,Equity Scheme - Mid Cap Fund,29-03-2013,31.01850
120841,quant Mid Cap Fund - Growth Option - Direct Plan,quant Mutual Fund,Open Ended Schemes,Equity Scheme - Mid Cap Fund,28-03-2013,31.01360
120841,quant Mid Cap Fund - Growth Option - Direct Plan,quant Mutual Fund,Open Ended Schemes,Equity Scheme - Mid Cap Fund,26-03-2013,30.99020
120841,quant Mid Cap Fund - Growth Option - Direct Plan,quant Mutual Fund,Open Ended Schemes,Equity Scheme - Mid Cap Fund,25-03-2013,30.99810
120841,quant Mid Cap Fund - Growth Option - Direct Plan,quant Mutual Fund,Open Ended Schemes,Equity Scheme - Mid Cap Fund,22-03-2013,30.98120
120841,quant Mid Cap Fund - Growth Option - Direct Plan,quant Mutual Fund,Open Ended Schemes,Equity Scheme - Mid Cap Fund,21-03-2013,30.98690
120841,quant Mid Cap Fund - Growth Option - Direct Plan,quant Mutual Fund,Open Ended Schemes,Equity Scheme - Mid Cap Fund,20-03-2013,30.98190
120841,quant Mid Cap Fund - Growth Option - Direct Plan,quant Mutual Fund,Open Ended Schemes,Equity Scheme - Mid Cap Fund,19-03-2013,30.98340
120841,quant Mid Cap Fund - Growth Option - Direct Plan,quant Mutual Fund,Open Ended Schemes,Equity Scheme - Mid Cap Fund,18-03-2013,30.98840
120841,quant Mid Cap Fund - Growth Option - Direct Plan,quant Mutual Fund,Open Ended Schemes,Equity Scheme - Mid Cap Fund,15-03-2013,30.99110
120841,quant Mid Cap Fund - Growth Option - Direct Plan,quant Mutual Fund,Open Ended Schemes,Equity Scheme - Mid Cap Fund,14-03-2013,30.95910
120841,quant Mid Cap Fund - Growth Option - Direct Plan,quant Mutual Fund,Open Ended Schemes,Equity Scheme - Mid Cap Fund,13-03-2013,30.94390
120841,quant Mid Cap Fund - Growth Option - Direct Plan,quant Mutual Fund,Open Ended Schemes,Equity Scheme - Mid Cap Fund,12-03-2013,30.94940
120841,quant Mid Cap Fund - Growth Option - Direct Plan,quant Mutual Fund,Open Ended Schemes,Equity Scheme - Mid Cap Fund,11-03-2013,30.95350
120841,quant Mid Cap Fund - Growth Option - Direct Plan,quant Mutual Fund,Open Ended Schemes,Equity Scheme - Mid Cap Fund,08-03-2013,30.94550
120841,quant Mid Cap Fund - Growth Option - Direct Plan,quant Mutual Fund,Open Ended Schemes,Equity Scheme - Mid Cap Fund,07-03-2013,30.93510
120841,quant Mid Cap Fund - Growth Option - Direct Plan,quant Mutual Fund,Open Ended Schemes,Equity Scheme - Mid Cap Fund,06-03-2013,30.93390
120841,quant Mid Cap Fund - Growth Option - Direct Plan,quant Mutual Fund,Open Ended Schemes,Equity Scheme - Mid Cap Fund,05-03-2013,30.92550
120841,quant Mid Cap Fund - Growth Option - Direct Plan,quant Mutual Fund,Open Ended Schemes,Equity Scheme - Mid Cap Fund,04-03-2013,30.90060
120841,quant Mid Cap Fund - Growth Option - Direct Plan,quant Mutual Fund,Open Ended Schemes,Equity Scheme - Mid Cap Fund,01-03-2013,30.87710
120841,quant Mid Cap Fund - Growth Option - Direct Plan,quant Mutual Fund,Open Ended Schemes,Equity Scheme - Mid Cap Fund,28-02-2013,30.88230
120841,quant Mid Cap Fund - Growth Option - Direct Plan,quant Mutual Fund,Open Ended Schemes,Equity Scheme - Mid Cap Fund,27-02-2013,30.86920
120841,quant Mid Cap Fund - Growth Option - Direct Plan,quant Mutual Fund,Open Ended Schemes,Equity Scheme - Mid Cap Fund,26-02-2013,30.85170
120841,quant Mid Cap Fund - Growth Option - Direct Plan,quant Mutual Fund,Open Ended Schemes,Equity Scheme - Mid Cap Fund,25-02-2013,30.86550
120841,quant Mid Cap Fund - Growth Option - Direct Plan,quant Mutual Fund,Open Ended Schemes,Equity Scheme - Mid Cap Fund,22-02-2013,30.67840
120841,quant Mid Cap Fund - Growth Option - Direct Plan,quant Mutual Fund,Open Ended Schemes,Equity Scheme - Mid Cap Fund,21-02-2013,30.68410
120841,quant Mid Cap Fund - Growth Option - Direct Plan,quant Mutual Fund,Open Ended Schemes,Equity Scheme - Mid Cap Fund,20-02-2013,30.70380
120841,quant Mid Cap Fund - Growth Option - Direct Plan,quant Mutual Fund,Open Ended Schemes,Equity Scheme - Mid Cap Fund,19-02-2013,30.67780
120841,quant Mid Cap Fund - Growth Option - Direct Plan,quant Mutual Fund,Open Ended Schemes,Equity Scheme - Mid Cap Fund,18-02-2013,30.65880
120841,quant Mid Cap Fund - Growth Option - Direct Plan,quant Mutual Fund,Open Ended Schemes,Equity Scheme - Mid Cap Fund,15-02-2013,30.64420
120841,quant Mid Cap Fund - Growth Option - Direct Plan,quant Mutual Fund,Open Ended Schemes,Equity Scheme - Mid Cap Fund,14-02-2013,30.64800
120841,quant Mid Cap Fund - Growth Option - Direct Plan,quant Mutual Fund,Open Ended Schemes,Equity Scheme - Mid Cap Fund,13-02-2013,30.69300
120841,quant Mid Cap Fund - Growth Option - Direct Plan,quant Mutual Fund,Open Ended Schemes,Equity Scheme - Mid Cap Fund,12-02-2013,30.68460
120841,quant Mid Cap Fund - Growth Option - Direct Plan,quant Mutual Fund,Open Ended Schemes,Equity Scheme - Mid Cap Fund,11-02-2013,30.56430
120841,quant Mid Cap Fund - Growth Option - Direct Plan,quant Mutual Fund,Open Ended Schemes,Equity Scheme - Mid Cap Fund,08-02-2013,30.68130
120841,quant Mid Cap Fund - Growth Option - Direct Plan,quant Mutual Fund,Open Ended Schemes,Equity Scheme - Mid Cap Fund,07-02-2013,30.68820
120841,quant Mid Cap Fund - Growth Option - Direct Plan,quant Mutual Fund,Open Ended Schemes,Equity Scheme - Mid Cap Fund,06-02-2013,30.70670
120841,quant Mid Cap Fund - Growth Option - Direct Plan,quant Mutual Fund,Open Ended Schemes,Equity Scheme - Mid Cap Fund,05-02-2013,30.66730
120841,quant Mid Cap Fund - Growth Option - Direct Plan,quant Mutual Fund,Open Ended Schemes,Equity Scheme - Mid Cap Fund,04-02-2013,30.72310
120841,quant Mid Cap Fund - Growth Option - Direct Plan,quant Mutual Fund,Open Ended Schemes,Equity Scheme - Mid Cap Fund,01-02-2013,30.72010
120841,quant Mid Cap Fund - Growth Option - Direct Plan,quant Mutual Fund,Open Ended Schemes,Equity Scheme - Mid Cap Fund,31-01-2013,30.67630
120841,quant Mid Cap Fund - Growth Option - Direct Plan,quant Mutual Fund,Open Ended Schemes,Equity Scheme - Mid Cap Fund,30-01-2013,30.64410
120841,quant Mid Cap Fund - Growth Option - Direct Plan,quant Mutual Fund,Open Ended Schemes,Equity Scheme - Mid Cap Fund,29-01-2013,30.67400
120841,quant Mid Cap Fund - Growth Option - Direct Plan,quant Mutual Fund,Open Ended Schemes,Equity Scheme - Mid Cap Fund,28-01-2013,30.68780
120841,quant Mid Cap Fund - Growth Option - Direct Plan,quant Mutual Fund,Open Ended Schemes,Equity Scheme - Mid Cap Fund,25-01-2013,30.66110
120841,quant Mid Cap Fund - Growth Option - Direct Plan,quant Mutual Fund,Open Ended Schemes,Equity Scheme - Mid Cap Fund,24-01-2013,30.65740
120841,quant Mid Cap Fund - Growth Option - Direct Plan,quant Mutual Fund,Open Ended Schemes,Equity Scheme - Mid Cap Fund,23-01-2013,30.66880
120841,quant Mid Cap Fund - Growth Option - Direct Plan,quant Mutual Fund,Open Ended Schemes,Equity Scheme - Mid Cap Fund,22-01-2013,30.66270
120841,quant Mid Cap Fund - Growth Option - Direct Plan,quant Mutual Fund,Open Ended Schemes,Equity Scheme - Mid Cap Fund,21-01-2013,30.65740
120841,quant Mid Cap Fund - Growth Option - Direct Plan,quant Mutual Fund,Open Ended Schemes,Equity Scheme - Mid Cap Fund,18-01-2013,30.65800
120841,quant Mid Cap Fund - Growth Option - Direct Plan,quant Mutual Fund,Open Ended Schemes,Equity Scheme - Mid Cap Fund,17-01-2013,30.65650
120841,quant Mid Cap Fund - Growth Option - Direct Plan,quant Mutual Fund,Open Ended Schemes,Equity Scheme - Mid Cap Fund,16-01-2013,30.68040
120841,quant Mid Cap Fund - Growth Option - Direct Plan,quant Mutual Fund,Open Ended Schemes,Equity Scheme - Mid Cap Fund,15-01-2013,30.69930
120841,quant Mid Cap Fund - Growth Option - Direct Plan,quant Mutual Fund,Open Ended Schemes,Equity Scheme - Mid Cap Fund,14-01-2013,30.68620
120841,quant Mid Cap Fund - Growth Option - Direct Plan,quant Mutual Fund,Open Ended Schemes,Equity Scheme - Mid Cap Fund,11-01-2013,30.63050
120841,quant Mid Cap Fund - Growth Option - Direct Plan,quant Mutual Fund,Open Ended Schemes,Equity Scheme - Mid Cap Fund,10-01-2013,30.67840
120841,quant Mid Cap Fund - Growth Option - Direct Plan,quant Mutual Fund,Open Ended Schemes,Equity Scheme - Mid Cap Fund,09-01-2013,30.64920
120841,quant Mid Cap Fund - Growth Option - Direct Plan,quant Mutual Fund,Open Ended Schemes,Equity Scheme - Mid Cap Fund,08-01-2013,30.62390
120841,quant Mid Cap Fund - Growth Option - Direct Plan,quant Mutual Fund,Open Ended Schemes,Equity Scheme - Mid Cap Fund,07-01-2013,30.60760
