amfi_code,scheme_name,fund_house,scheme_type,scheme_category,date,nav
119092,HDFC Money Market Fund - Growth Option - Direct Plan,HDFC Mutual Fund,Open Ended Schemes,Debt Scheme - Money Market Fund,01-06-2026,6156.75320
119092,HDFC Money Market Fund - Growth Option - Direct Plan,HDFC Mutual Fund,Open Ended Schemes,Debt Scheme - Money Market Fund,29-05-2026,6151.11390
119092,HDFC Money Market Fund - Growth Option - Direct Plan,HDFC Mutual Fund,Open Ended Schemes,Debt Scheme - Money Market Fund,27-05-2026,6146.61180
119092,HDFC Money Market Fund - Growth Option - Direct Plan,HDFC Mutual Fund,Open Ended Schemes,Debt Scheme - Money Market Fund,26-05-2026,6144.00040
119092,HDFC Money Market Fund - Growth Option - Direct Plan,HDFC Mutual Fund,Open Ended Schemes,Debt Scheme - Money Market Fund,25-05-2026,6144.84780
119092,HDFC Money Market Fund - Growth Option - Direct Plan,HDFC Mutual Fund,Open Ended Schemes,Debt Scheme - Money Market Fund,22-05-2026,6142.63800
119092,HDFC Money Market Fund - Growth Option - Direct Plan,HDFC Mutual Fund,Open Ended Schemes,Debt Scheme - Money Market Fund,21-05-2026,6142.88080
119092,HDFC Money Market Fund - Growth Option - Direct Plan,HDFC Mutual Fund,Open Ended Schemes,Debt Scheme - Money Market Fund,20-05-2026,6147.58560
119092,HDFC Money Market Fund - Growth Option - Direct Plan,HDFC Mutual Fund,Open Ended Schemes,Debt Scheme - Money Market Fund,19-05-2026,6149.75980
119092,HDFC Money Market Fund - Growth Option - Direct Plan,HDFC Mutual Fund,Open Ended Schemes,Debt Scheme - Money Market Fund,18-05-2026,6148.48470
119092,HDFC Money Market Fund - Growth Option - Direct Plan,HDFC Mutual Fund,Open Ended Schemes,Debt Scheme - Money Market Fund,15-05-2026,6148.30160
119092,HDFC Money Market Fund - Growth Option - Direct Plan,HDFC Mutual Fund,Open Ended Schemes,Debt Scheme - Money Market Fund,14-05-2026,6148.93610
119092,HDFC Money Market Fund - Growth Option - Direct Plan,HDFC Mutual Fund,Open Ended Schemes,Debt Scheme - Money Market Fund,13-05-2026,6150.12570
119092,HDFC Money Market Fund - Growth Option - Direct Plan,HDFC Mutual Fund,Open Ended Schemes,Debt Scheme - Money Market Fund,12-05-2026,6150.50760
119092,HDFC Money Market Fund - Growth Option - Direct Plan,HDFC Mutual Fund,Open Ended Schemes,Debt Scheme - Money Market Fund,11-05-2026,6151.86710
119092,HDFC Money Market Fund - Growth Option - Direct Plan,HDFC Mutual Fund,Open Ended Schemes,Debt Scheme - Money Market Fund,08-05-2026,6151.37070
119092,HDFC Money Market Fund - Growth Option - Direct Plan,HDFC Mutual Fund,Open Ended Schemes,Debt Scheme - Money Market Fund,07-05-2026,6149.90980
119092,HDFC Money Market Fund - Growth Option - Direct Plan,HDFC Mutual Fund,Open Ended Schemes,Debt Scheme - Money Market Fund,06-05-2026,6149.03070
119092,HDFC Money Market Fund - Growth Option - Direct Plan,HDFC Mutual Fund,Open Ended Schemes,Debt Scheme - Money Market Fund,05-05-2026,6146.00010
119092,HDFC Money Market Fund - Growth Option - Direct Plan,HDFC Mutual Fund,Open Ended Schemes,Debt Scheme - Money Market Fund,04-05-2026,6145.70490
119092,HDFC Money Market Fund - Growth Option - Direct Plan,HDFC Mutual Fund,Open Ended Schemes,Debt Scheme - Money Market Fund,30-04-2026,6140.16140
119092,HDFC Money Market Fund - Growth Option - Direct Plan,HDFC Mutual Fund,Open Ended Schemes,Debt Scheme - Money Market Fund,29-04-2026,6141.87990
119092,HDFC Money Market Fund - Growth Option - Direct Plan,HDFC Mutual Fund,Open Ended Schemes,Debt Scheme - Money Market Fund,28-04-2026,6143.00100
119092,HDFC Money Market Fund - Growth Option - Direct Plan,HDFC Mutual Fund,Open Ended Schemes,Debt Scheme - Money Market Fund,27-04-2026,6142.59020
119092,HDFC Money Market Fund - Growth Option - Direct Plan,HDFC Mutual Fund,Open Ended Schemes,Debt Scheme - Money Market Fund,24-04-2026,6142.20180
119092,HDFC Money Market Fund - Growth Option - Direct Plan,HDFC Mutual Fund,Open Ended Schemes,Debt Scheme - Money Market Fund,23-04-2026,6141.96030
119092,HDFC Money Market Fund - Growth Option - Direct Plan,HDFC Mutual Fund,Open Ended Schemes,Debt Scheme - Money Market Fund,22-04-2026,6143.36630
119092,HDFC Money Market Fund - Growth Option - Direct Plan,HDFC Mutual Fund,Open Ended Schemes,Debt Scheme - Money Market Fund,21-04-2026,6142.96010
119092,HDFC Money Market Fund - Growth Option - Direct Plan,HDFC Mutual Fund,Open Ended Schemes,Debt Scheme - Money Market Fund,20-04-2026,6142.25370
119092,HDFC Money Market Fund - Growth Option - Direct Plan,HDFC Mutual Fund,Open Ended Schemes,Debt Scheme - Money Market Fund,17-04-2026,6139.23510
119092,HDFC Money Market Fund - Growth Option - Direct Plan,HDFC Mutual Fund,Open Ended Schemes,Debt Scheme - Money Market Fund,16-04-2026,6139.70040
119092,HDFC Money Market Fund - Growth Option - Direct Plan,HDFC Mutual Fund,Open Ended Schemes,Debt Scheme - Money Market Fund,15-04-2026,6137.69620
119092,HDFC Money Market Fund - Growth Option - Direct Plan,HDFC Mutual Fund,Open Ended Schemes,Debt Scheme - Money Market Fund,13-04-2026,6133.40710
119092,HDFC Money Market Fund - Growth Option - Direct Plan,HDFC Mutual Fund,Open Ended Schemes,Debt Scheme - Money Market Fund,10-04-2026,6129.76740
119092,HDFC Money Market Fund - Growth Option - Direct Plan,HDFC Mutual Fund,Open Ended Schemes,Debt Scheme - Money Market Fund,09-04-2026,6126.15440
119092,HDFC Money Market Fund - Growth Option - Direct Plan,HDFC Mutual Fund,Open Ended Schemes,Debt Scheme - Money Market Fund,08-04-2026,6119.12430
119092,HDFC Money Market Fund - Growth Option - Direct Plan,HDFC Mutual Fund,Open Ended Schemes,Debt Scheme - Money Market Fund,07-04-2026,6110.18340
119092,HDFC Money Market Fund - Growth Option - Direct Plan,HDFC Mutual Fund,Open Ended Schemes,Debt Scheme - Money Market Fund,06-04-2026,6107.33460
119092,HDFC Money Market Fund - Growth Option - Direct Plan,HDFC Mutual Fund,Open Ended Schemes,Debt Scheme - Money Market Fund,02-04-2026,6104.72640
119092,HDFC Money Market Fund - Growth Option - Direct Plan,HDFC Mutual Fund,Open Ended Schemes,Debt Scheme - Money Market Fund,31-03-2026,6102.51310
119092,HDFC Money Market Fund - Growth Option - Direct Plan,HDFC Mutual Fund,Open Ended Schemes,Debt Scheme - Money Market Fund,30-03-2026,6101.38580
119092,HDFC Money Market Fund - Growth Option - Direct Plan,HDFC Mutual Fund,Open Ended Schemes,Debt Scheme - Money Market Fund,27-03-2026,6095.18590
119092,HDFC Money Market Fund - Growth Option - Direct Plan,HDFC Mutual Fund,Open Ended Schemes,Debt Scheme - Money Market Fund,25-03-2026,6090.54100
119092,HDFC Money Market Fund - Growth Option - Direct Plan,HDFC Mutual Fund,Open Ended Schemes,Debt Scheme - Money Market Fund,24-03-2026,6089.20450
119092,HDFC Money Market Fund - Growth Option - Direct Plan,HDFC Mutual Fund,Open Ended Schemes,Debt Scheme - Money Market Fund,23-03-2026,6090.16010
119092,HDFC Money Market Fund - Growth Option - Direct Plan,HDFC Mutual Fund,Open Ended Schemes,Debt Scheme - Money Market Fund,20-03-2026,6093.52610
119092,HDFC Money Market Fund - Growth Option - Direct Plan,HDFC Mutual Fund,Open Ended Schemes,Debt Scheme - Money Market Fund,18-03-2026,6093.85860
119092,HDFC Money Market Fund - Growth Option - Direct Plan,HDFC Mutual Fund,Open Ended Schemes,Debt Scheme - Money Market Fund,17-03-2026,6089.09930
119092,HDFC Money Market Fund - Growth Option - Direct Plan,HDFC Mutual Fund,Open Ended Schemes,Debt Scheme - Money Market Fund,16-03-2026,6086.34340
119092,HDFC Money Market Fund - Growth Option - Direct Plan,HDFC Mutual Fund,Open Ended Schemes,Debt Scheme - Money Market Fund,13-03-2026,6083.61970
119092,HDFC Money Market Fund - Growth Option - Direct Plan,HDFC Mutual Fund,Open Ended Schemes,Debt Scheme - Money Market Fund,12-03-2026,6087.11200
119092,HDFC Money Market Fund - Growth Option - Direct Plan,HDFC Mutual Fund,Open Ended Schemes,Debt Scheme - Money Market Fund,11-03-2026,6088.34040
119092,HDFC Money Market Fund - Growth Option - Direct Plan,HDFC Mutual Fund,Open Ended Schemes,Debt Scheme - Money Market Fund,10-03-2026,6086.65160
119092,HDFC Money Market Fund - Growth Option - Direct Plan,HDFC Mutual Fund,Open Ended Schemes,Debt Scheme - Money Market Fund,09-03-2026,6085.22880
119092,HDFC Money Market Fund - Growth Option - Direct Plan,HDFC Mutual Fund,Open Ended Schemes,Debt Scheme - Money Market Fund,06-03-2026,6084.29620
119092,HDFC Money Market Fund - Growth Option - Direct Plan,HDFC Mutual Fund,Open Ended Schemes,Debt Scheme - Money Market Fund,05-03-2026,6082.39270
119092,HDFC Money Market Fund - Growth Option - Direct Plan,HDFC Mutual Fund,Open Ended Schemes,Debt Scheme - Money Market Fund,04-03-2026,6081.05890
119092,HDFC Money Market Fund - Growth Option - Direct Plan,HDFC Mutual Fund,Open Ended Schemes,Debt Scheme - Money Market Fund,02-03-2026,6081.76400
119092,HDFC Money Market Fund - Growth Option - Direct Plan,HDFC Mutual Fund,Open Ended Schemes,Debt Scheme - Money Market Fund,27-02-2026,6079.91950
119092,HDFC Money Market Fund - Growth Option - Direct Plan,HDFC Mutual Fund,Open Ended Schemes,Debt Scheme - Money Market Fund,26-02-2026,6078.81230
119092,HDFC Money Market Fund - Growth Option - Direct Plan,HDFC Mutual Fund,Open Ended Schemes,Debt Scheme - Money Market Fund,25-02-2026,6077.58860
119092,HDFC Money Market Fund - Growth Option - Direct Plan,HDFC Mutual Fund,Open Ended Schemes,Debt Scheme - Money Market Fund,24-02-2026,6076.17580
119092,HDFC Money Market Fund - Growth Option - Direct Plan,HDFC Mutual Fund,Open Ended Schemes,Debt Scheme - Money Market Fund,23-02-2026,6074.63880
119092,HDFC Money Market Fund - Growth Option - Direct Plan,HDFC Mutual Fund,Open Ended Schemes,Debt Scheme - Money Market Fund,20-02-2026,6071.65710
119092,HDFC Money Market Fund - Growth Option - Direct Plan,HDFC Mutual Fund,Open Ended Schemes,Debt Scheme - Money Market Fund,18-02-2026,6069.76700
119092,HDFC Money Market Fund - Growth Option - Direct Plan,HDFC Mutual Fund,Open Ended Schemes,Debt Scheme - Money Market Fund,17-02-2026,6069.70630
119092,HDFC Money Market Fund - Growth Option - Direct Plan,HDFC Mutual Fund,Open Ended Schemes,Debt Scheme - Money Market Fund,16-02-2026,6069.37830
119092,HDFC Money Market Fund - Growth Option - Direct Plan,HDFC Mutual Fund,Open Ended Schemes,Debt Scheme - Money Market Fund,13-02-2026,6066.86400
119092,HDFC Money Market Fund - Growth Option - Direct Plan,HDFC Mutual Fund,Open Ended Schemes,Debt Scheme - Money Market Fund,12-02-2026,6063.70500
119092,HDFC Money Market Fund - Growth Option - Direct Plan,HDFC Mutual Fund,Open Ended Schemes,Debt Scheme - Money Market Fund,11-02-2026,6061.12040
119092,HDFC Money Market Fund - Growth Option - Direct Plan,HDFC Mutual Fund,Open Ended Schemes,Debt Scheme - Money Market Fund,10-02-2026,6058.86430
119092,HDFC Money Market Fund - Growth Option - Direct Plan,HDFC Mutual Fund,Open Ended Schemes,Debt Scheme - Money Market Fund,09-02-2026,6057.50320
119092,HDFC Money Market Fund - Growth Option - Direct Plan,HDFC Mutual Fund,Open Ended Schemes,Debt Scheme - Money Market Fund,06-02-2026,6054.96860
119092,HDFC Money Market Fund - Growth Option - Direct Plan,HDFC Mutual Fund,Open Ended Schemes,Debt Scheme - Money Market Fund,05-02-2026,6055.74490
119092,HDFC Money Market Fund - Growth Option - Direct Plan,HDFC Mutual Fund,Open Ended Schemes,Debt Scheme - Money Market Fund,04-02-2026,6053.33130
119092,HDFC Money Market Fund - Growth Option - Direct Plan,HDFC Mutual Fund,Open Ended Schemes,Debt Scheme - Money Market Fund,03-02-2026,6050.77330
119092,HDFC Money Market Fund - Growth Option - Direct Plan,HDFC Mutual Fund,Open Ended Schemes,Debt Scheme - Money Market Fund,02-02-2026,6047.21590
119092,HDFC Money Market Fund - Growth Option - Direct Plan,HDFC Mutual Fund,Open Ended Schemes,Debt Scheme - Money Market Fund,30-01-2026,6043.78380
119092,HDFC Money Market Fund - Growth Option - Direct Plan,HDFC Mutual Fund,Open Ended Schemes,Debt Scheme - Money Market Fund,29-01-2026,6041.31730
119092,HDFC Money Market Fund - Growth Option - Direct Plan,HDFC Mutual Fund,Open Ended Schemes,Debt Scheme - Money Market Fund,28-01-2026,6040.78420
119092,HDFC Money Market Fund - Growth Option - Direct Plan,HDFC Mutual Fund,Open Ended Schemes,Debt Scheme - Money Market Fund,27-01-2026,6041.49770
119092,HDFC Money Market Fund - Growth Option - Direct Plan,HDFC Mutual Fund,Open Ended Schemes,Debt Scheme - Money Market Fund,23-01-2026,6037.64530
119092,HDFC Money Market Fund - Growth Option - Direct Plan,HDFC Mutual Fund,Open Ended Schemes,Debt Scheme - Money Market Fund,22-01-2026,6037.50600
119092,HDFC Money Market Fund - Growth Option - Direct Plan,HDFC Mutual Fund,Open Ended Schemes,Debt Scheme - Money Market Fund,21-01-2026,6034.62460
119092,HDFC Money Market Fund - Growth Option - Direct Plan,HDFC Mutual Fund,Open Ended Schemes,Debt Scheme - Money Market Fund,20-01-2026,6033.43290
119092,HDFC Money Market Fund - Growth Option - Direct Plan,HDFC Mutual Fund,Open Ended Schemes,Debt Scheme - Money Market Fund,19-01-2026,6033.56390
119092,HDFC Money Market Fund - Growth Option - Direct Plan,HDFC Mutual Fund,Open Ended Schemes,Debt Scheme - Money Market Fund,16-01-2026,6031.76390
119092,HDFC Money Market Fund - Growth Option - Direct Plan,HDFC Mutual Fund,Open Ended Schemes,Debt Scheme - Money Market Fund,14-01-2026,6031.49900
119092,HDFC Money Market Fund - Growth Option - Direct Plan,HDFC Mutual Fund,Open Ended Schemes,Debt Scheme - Money Market Fund,13-01-2026,6030.99530
119092,HDFC Money Market Fund - Growth Option - Direct Plan,HDFC Mutual Fund,Open Ended Schemes,Debt Scheme - Money Market Fund,12-01-2026,6031.23290
119092,HDFC Money Market Fund - Growth Option - Direct Plan,HDFC Mutual Fund,Open Ended Schemes,Debt Scheme - Money Market Fund,09-01-2026,6028.45910
119092,HDFC Money Market Fund - Growth Option - Direct Plan,HDFC Mutual Fund,Open Ended Schemes,Debt Scheme - Money Market Fund,08-01-2026,6028.08600
119092,HDFC Money Market Fund - Growth Option - Direct Plan,HDFC Mutual Fund,Open Ended Schemes,Debt Scheme - Money Market Fund,07-01-2026,6028.38460
119092,HDFC Money Market Fund - Growth Option - Direct Plan,HDFC Mutual Fund,Open Ended Schemes,Debt Scheme - Money Market Fund,06-01-2026,6028.72710
119092,HDFC Money Market Fund - Growth Option - Direct Plan,HDFC Mutual Fund,Open Ended Schemes,Debt Scheme - Money Market Fund,05-01-2026,6027.69050
119092,HDFC Money Market Fund - Growth Option - Direct Plan,HDFC Mutual Fund,Open Ended Schemes,Debt Scheme - Money Market Fund,02-01-2026,6025.26800
119092,HDFC Money Market Fund - Growth Option - Direct Plan,HDFC Mutual Fund,Open Ended Schemes,Debt Scheme - Money Market Fund,01-01-2026,6024.71870
119092,HDFC Money Market Fund - Growth Option - Direct Plan,HDFC Mutual Fund,Open Ended Schemes,Debt Scheme - Money Market Fund,31-12-2025,6023.54540
119092,HDFC Money Market Fund - Growth Option - Direct Plan,HDFC Mutual Fund,Open Ended Schemes,Debt Scheme - Money Market Fund,30-12-2025,6020.39880
119092,HDFC Money Market Fund - Growth Option - Direct Plan,HDFC Mutual Fund,Open Ended Schemes,Debt Scheme - Money Market Fund,29-12-2025,6020.51720
119092,HDFC Money Market Fund - Growth Option - Direct Plan,HDFC Mutual Fund,Open Ended Schemes,Debt Scheme - Money Market Fund,26-12-2025,6017.72270
119092,HDFC Money Market Fund - Growth Option - Direct Plan,HDFC Mutual Fund,Open Ended Schemes,Debt Scheme - Money Market Fund,24-12-2025,6015.99440
119092,HDFC Money Market Fund - Growth Option - Direct Plan,HDFC Mutual Fund,Open Ended Schemes,Debt Scheme - Money Market Fund,23-12-2025,6013.82670
119092,HDFC Money Market Fund - Growth Option - Direct Plan,HDFC Mutual Fund,Open Ended Schemes,Debt Scheme - Money Market Fund,22-12-2025,6012.96350
119092,HDFC Money Market Fund - Growth Option - Direct Plan,HDFC Mutual Fund,Open Ended Schemes,Debt Scheme - Money Market Fund,19-12-2025,6009.93470
119092,HDFC Money Market Fund - Growth Option - Direct Plan,HDFC Mutual Fund,Open Ended Schemes,Debt Scheme - Money Market Fund,18-12-2025,6008.95020
119092,HDFC Money Market Fund - Growth Option - Direct Plan,HDFC Mutual Fund,Open Ended Schemes,Debt Scheme - Money Market Fund,17-12-2025,6007.89020
119092,HDFC Money Market Fund - Growth Option - Direct Plan,HDFC Mutual Fund,Open Ended Schemes,Debt Scheme - Money Market Fund,16-12-2025,6007.20350
119092,HDFC Money Market Fund - Growth Option - Direct Plan,HDFC Mutual Fund,Open Ended Schemes,Debt Scheme - Money Market Fund,15-12-2025,6006.30400
119092,HDFC Money Market Fund - Growth Option - Direct Plan,HDFC Mutual Fund,Open Ended Schemes,Debt Scheme - Money Market Fund,12-12-2025,6004.00680
119092,HDFC Money Market Fund - Growth Option - Direct Plan,HDFC Mutual Fund,Open Ended Schemes,Debt Scheme - Money Market Fund,11-12-2025,6003.05960
119092,HDFC Money Market Fund - Growth Option - Direct Plan,HDFC Mutual Fund,Open Ended Schemes,Debt Scheme - Money Market Fund,10-12-2025,6002.27800
119092,HDFC Money Market Fund - Growth Option - Direct Plan,HDFC Mutual Fund,Open Ended Schemes,Debt Scheme - Money Market Fund,09-12-2025,6002.30200
119092,HDFC Money Market Fund - Growth Option - Direct Plan,HDFC Mutual Fund,Open Ended Schemes,Debt Scheme - Money Market Fund,08-12-2025,6002.03880
119092,HDFC Money Market Fund - Growth Option - Direct Plan,HDFC Mutual Fund,Open Ended Schemes,Debt Scheme - Money Market Fund,05-12-2025,5999.09530
119092,HDFC Money Market Fund - Growth Option - Direct Plan,HDFC Mutual Fund,Open Ended Schemes,Debt Scheme - Money Market Fund,04-12-2025,5996.93910
119092,HDFC Money Market Fund - Growth Option - Direct Plan,HDFC Mutual Fund,Open Ended Schemes,Debt Scheme - Money Market Fund,03-12-2025,5996.35110
119092,HDFC Money Market Fund - Growth Option - Direct Plan,HDFC Mutual Fund,Open Ended Schemes,Debt Scheme - Money Market Fund,02-12-2025,5995.77980
119092,HDFC Money Market Fund - Growth Option - Direct Plan,HDFC Mutual Fund,Open Ended Schemes,Debt Scheme - Money Market Fund,01-12-2025,5994.99360
119092,HDFC Money Market Fund - Growth Option - Direct Plan,HDFC Mutual Fund,Open Ended Schemes,Debt Scheme - Money Market Fund,28-11-2025,5992.53750
119092,HDFC Money Market Fund - Growth Option - Direct Plan,HDFC Mutual Fund,Open Ended Schemes,Debt Scheme - Money Market Fund,27-11-2025,5991.56950
119092,HDFC Money Market Fund - Growth Option - Direct Plan,HDFC Mutual Fund,Open Ended Schemes,Debt Scheme - Money Market Fund,26-11-2025,5990.45540
119092,HDFC Money Market Fund - Growth Option - Direct Plan,HDFC Mutual Fund,Open Ended Schemes,Debt Scheme - Money Market Fund,25-11-2025,5989.34880
119092,HDFC Money Market Fund - Growth Option - Direct Plan,HDFC Mutual Fund,Open Ended Schemes,Debt Scheme - Money Market Fund,24-11-2025,5988.07990
119092,HDFC Money Market Fund - Growth Option - Direct Plan,HDFC Mutual Fund,Open Ended Schemes,Debt Scheme - Money Market Fund,21-11-2025,5985.17890
119092,HDFC Money Market Fund - Growth Option - Direct Plan,HDFC Mutual Fund,Open Ended Schemes,Debt Scheme - Money Market Fund,20-11-2025,5984.26630
119092,HDFC Money Market Fund - Growth Option - Direct Plan,HDFC Mutual Fund,Open Ended Schemes,Debt Scheme - Money Market Fund,19-11-2025,5983.40160
119092,HDFC Money Market Fund - Growth Option - Direct Plan,HDFC Mutual Fund,Open Ended Schemes,Debt Scheme - Money Market Fund,18-11-2025,5982.38080
119092,HDFC Money Market Fund - Growth Option - Direct Plan,HDFC Mutual Fund,Open Ended Schemes,Debt Scheme - Money Market Fund,17-11-2025,5981.20660
119092,HDFC Money Market Fund - Growth Option - Direct Plan,HDFC Mutual Fund,Open Ended Schemes,Debt Scheme - Money Market Fund,14-11-2025,5978.35180
119092,HDFC Money Market Fund - Growth Option - Direct Plan,HDFC Mutual Fund,Open Ended Schemes,Debt Scheme - Money Market Fund,13-11-2025,5977.41710
119092,HDFC Money Market Fund - Growth Option - Direct Plan,HDFC Mutual Fund,Open Ended Schemes,Debt Scheme - Money Market Fund,12-11-2025,5976.36880
119092,HDFC Money Market Fund - Growth Option - Direct Plan,HDFC Mutual Fund,Open Ended Schemes,Debt Scheme - Money Market Fund,11-11-2025,5975.03740
119092,HDFC Money Market Fund - Growth Option - Direct Plan,HDFC Mutual Fund,Open Ended Schemes,Debt Scheme - Money Market Fund,10-11-2025,5973.97340
119092,HDFC Money Market Fund - Growth Option - Direct Plan,HDFC Mutual Fund,Open Ended Schemes,Debt Scheme - Money Market Fund,07-11-2025,5971.02470
119092,HDFC Money Market Fund - Growth Option - Direct Plan,HDFC Mutual Fund,Open Ended Schemes,Debt Scheme - Money Market Fund,06-11-2025,5969.92560
119092,HDFC Money Market Fund - Growth Option - Direct Plan,HDFC Mutual Fund,Open Ended Schemes,Debt Scheme - Money Market Fund,04-11-2025,5967.95870
119092,HDFC Money Market Fund - Growth Option - Direct Plan,HDFC Mutual Fund,Open Ended Schemes,Debt Scheme - Money Market Fund,03-11-2025,5966.96460
119092,HDFC Money Market Fund - Growth Option - Direct Plan,HDFC Mutual Fund,Open Ended Schemes,Debt Scheme - Money Market Fund,31-10-2025,5963.94250
119092,HDFC Money Market Fund - Growth Option - Direct Plan,HDFC Mutual Fund,Open Ended Schemes,Debt Scheme - Money Market Fund,30-10-2025,5962.91050
119092,HDFC Money Market Fund - Growth Option - Direct Plan,HDFC Mutual Fund,Open Ended Schemes,Debt Scheme - Money Market Fund,29-10-2025,5962.24360
119092,HDFC Money Market Fund - Growth Option - Direct Plan,HDFC Mutual Fund,Open Ended Schemes,Debt Scheme - Money Market Fund,28-10-2025,5961.28160
119092,HDFC Money Market Fund - Growth Option - Direct Plan,HDFC Mutual Fund,Open Ended Schemes,Debt Scheme - Money Market Fund,27-10-2025,5959.95940
119092,HDFC Money Market Fund - Growth Option - Direct Plan,HDFC Mutual Fund,Open Ended Schemes,Debt Scheme - Money Market Fund,24-10-2025,5957.01330
119092,HDFC Money Market Fund - Growth Option - Direct Plan,HDFC Mutual Fund,Open Ended Schemes,Debt Scheme - Money Market Fund,23-10-2025,5956.26610
119092,HDFC Money Market Fund - Growth Option - Direct Plan,HDFC Mutual Fund,Open Ended Schemes,Debt Scheme - Money Market Fund,20-10-2025,5953.55420
119092,HDFC Money Market Fund - Growth Option - Direct Plan,HDFC Mutual Fund,Open Ended Schemes,Debt Scheme - Money Market Fund,17-10-2025,5950.67900
119092,HDFC Money Market Fund - Growth Option - Direct Plan,HDFC Mutual Fund,Open Ended Schemes,Debt Scheme - Money Market Fund,16-10-2025,5949.99410
119092,HDFC Money Market Fund - Growth Option - Direct Plan,HDFC Mutual Fund,Open Ended Schemes,Debt Scheme - Money Market Fund,15-10-2025,5949.61580
119092,HDFC Money Market Fund - Growth Option - Direct Plan,HDFC Mutual Fund,Open Ended Schemes,Debt Scheme - Money Market Fund,14-10-2025,5948.72500
119092,HDFC Money Market Fund - Growth Option - Direct Plan,HDFC Mutual Fund,Open Ended Schemes,Debt Scheme - Money Market Fund,13-10-2025,5947.79550
119092,HDFC Money Market Fund - Growth Option - Direct Plan,HDFC Mutual Fund,Open Ended Schemes,Debt Scheme - Money Market Fund,10-10-2025,5944.84950
119092,HDFC Money Market Fund - Growth Option - Direct Plan,HDFC Mutual Fund,Open Ended Schemes,Debt Scheme - Money Market Fund,09-10-2025,5943.98080
119092,HDFC Money Market Fund - Growth Option - Direct Plan,HDFC Mutual Fund,Open Ended Schemes,Debt Scheme - Money Market Fund,08-10-2025,5943.16990
119092,HDFC Money Market Fund - Growth Option - Direct Plan,HDFC Mutual Fund,Open Ended Schemes,Debt Scheme - Money Market Fund,07-10-2025,5942.44460
119092,HDFC Money Market Fund - Growth Option - Direct Plan,HDFC Mutual Fund,Open Ended Schemes,Debt Scheme - Money Market Fund,06-10-2025,5941.79360
119092,HDFC Money Market Fund - Growth Option - Direct Plan,HDFC Mutual Fund,Open Ended Schemes,Debt Scheme - Money Market Fund,03-10-2025,5938.47480
119092,HDFC Money Market Fund - Growth Option - Direct Plan,HDFC Mutual Fund,Open Ended Schemes,Debt Scheme - Money Market Fund,01-10-2025,5935.60000
119092,HDFC Money Market Fund - Growth Option - Direct Plan,HDFC Mutual Fund,Open Ended Schemes,Debt Scheme - Money Market Fund,30-09-2025,5933.53730
119092,HDFC Money Market Fund - Growth Option - Direct Plan,HDFC Mutual Fund,Open Ended Schemes,Debt Scheme - Money Market Fund,26-09-2025,5928.04740
119092,HDFC Money Market Fund - Growth Option - Direct Plan,HDFC Mutual Fund,Open Ended Schemes,Debt Scheme - Money Market Fund,25-09-2025,5927.31080
119092,HDFC Money Market Fund - Growth Option - Direct Plan,HDFC Mutual Fund,Open Ended Schemes,Debt Scheme - Money Market Fund,24-09-2025,5926.67410
119092,HDFC Money Market Fund - Growth Option - Direct Plan,HDFC Mutual Fund,Open Ended Schemes,Debt Scheme - Money Market Fund,23-09-2025,5925.95310
119092,HDFC Money Market Fund - Growth Option - Direct Plan,HDFC Mutual Fund,Open Ended Schemes,Debt Scheme - Money Market Fund,22-09-2025,5924.97230
119092,HDFC Money Market Fund - Growth Option - Direct Plan,HDFC Mutual Fund,Open Ended Schemes,Debt Scheme - Money Market Fund,19-09-2025,5922.13570
119092,HDFC Money Market Fund - Growth Option - Direct Plan,HDFC Mutual Fund,Open Ended Schemes,Debt Scheme - Money Market Fund,18-09-2025,5921.22440
119092,HDFC Money Market Fund - Growth Option - Direct Plan,HDFC Mutual Fund,Open Ended Schemes,Debt Scheme - Money Market Fund,17-09-2025,5919.70480
119092,HDFC Money Market Fund - Growth Option - Direct Plan,HDFC Mutual Fund,Open Ended Schemes,Debt Scheme - Money Market Fund,16-09-2025,5918.11800
119092,HDFC Money Market Fund - Growth Option - Direct Plan,HDFC Mutual Fund,Open Ended Schemes,Debt Scheme - Money Market Fund,15-09-2025,5916.61100
119092,HDFC Money Market Fund - Growth Option - Direct Plan,HDFC Mutual Fund,Open Ended Schemes,Debt Scheme - Money Market Fund,12-09-2025,5913.83650
119092,HDFC Money Market Fund - Growth Option - Direct Plan,HDFC Mutual Fund,Open Ended Schemes,Debt Scheme - Money Market Fund,11-09-2025,5913.29380
119092,HDFC Money Market Fund - Growth Option - Direct Plan,HDFC Mutual Fund,Open Ended Schemes,Debt Scheme - Money Market Fund,10-09-2025,5912.00410
119092,HDFC Money Market Fund - Growth Option - Direct Plan,HDFC Mutual Fund,Open Ended Schemes,Debt Scheme - Money Market Fund,09-09-2025,5911.39240
119092,HDFC Money Market Fund - Growth Option - Direct Plan,HDFC Mutual Fund,Open Ended Schemes,Debt Scheme - Money Market Fund,05-09-2025,5908.56830
119092,HDFC Money Market Fund - Growth Option - Direct Plan,HDFC Mutual Fund,Open Ended Schemes,Debt Scheme - Money Market Fund,04-09-2025,5907.61230
119092,HDFC Money Market Fund - Growth Option - Direct Plan,HDFC Mutual Fund,Open Ended Schemes,Debt Scheme - Money Market Fund,03-09-2025,5906.76440
119092,HDFC Money Market Fund - Growth Option - Direct Plan,HDFC Mutual Fund,Open Ended Schemes,Debt Scheme - Money Market Fund,02-09-2025,5905.98680
119092,HDFC Money Market Fund - Growth Option - Direct Plan,HDFC Mutual Fund,Open Ended Schemes,Debt Scheme - Money Market Fund,01-09-2025,5905.57180
119092,HDFC Money Market Fund - Growth Option - Direct Plan,HDFC Mutual Fund,Open Ended Schemes,Debt Scheme - Money Market Fund,29-08-2025,5902.98760
119092,HDFC Money Market Fund - Growth Option - Direct Plan,HDFC Mutual Fund,Open Ended Schemes,Debt Scheme - Money Market Fund,28-08-2025,5902.40990
119092,HDFC Money Market Fund - Growth Option - Direct Plan,HDFC Mutual Fund,Open Ended Schemes,Debt Scheme - Money Market Fund,26-08-2025,5900.71070
119092,HDFC Money Market Fund - Growth Option - Direct Plan,HDFC Mutual Fund,Open Ended Schemes,Debt Scheme - Money Market Fund,25-08-2025,5899.98880
119092,HDFC Money Market Fund - Growth Option - Direct Plan,HDFC Mutual Fund,Open Ended Schemes,Debt Scheme - Money Market Fund,22-08-2025,5897.23740
119092,HDFC Money Market Fund - Growth Option - Direct Plan,HDFC Mutual Fund,Open Ended Schemes,Debt Scheme - Money Market Fund,21-08-2025,5896.21470
119092,HDFC Money Market Fund - Growth Option - Direct Plan,HDFC Mutual Fund,Open Ended Schemes,Debt Scheme - Money Market Fund,20-08-2025,5895.21640
119092,HDFC Money Market Fund - Growth Option - Direct Plan,HDFC Mutual Fund,Open Ended Schemes,Debt Scheme - Money Market Fund,19-08-2025,5894.27420
119092,HDFC Money Market Fund - Growth Option - Direct Plan,HDFC Mutual Fund,Open Ended Schemes,Debt Scheme - Money Market Fund,18-08-2025,5892.98960
119092,HDFC Money Market Fund - Growth Option - Direct Plan,HDFC Mutual Fund,Open Ended Schemes,Debt Scheme - Money Market Fund,14-08-2025,5889.26360
119092,HDFC Money Market Fund - Growth Option - Direct Plan,HDFC Mutual Fund,Open Ended Schemes,Debt Scheme - Money Market Fund,13-08-2025,5888.12470
119092,HDFC Money Market Fund - Growth Option - Direct Plan,HDFC Mutual Fund,Open Ended Schemes,Debt Scheme - Money Market Fund,12-08-2025,5887.39080
119092,HDFC Money Market Fund - Growth Option - Direct Plan,HDFC Mutual Fund,Open Ended Schemes,Debt Scheme - Money Market Fund,11-08-2025,5887.22860
119092,HDFC Money Market Fund - Growth Option - Direct Plan,HDFC Mutual Fund,Open Ended Schemes,Debt Scheme - Money Market Fund,08-08-2025,5884.84840
119092,HDFC Money Market Fund - Growth Option - Direct Plan,HDFC Mutual Fund,Open Ended Schemes,Debt Scheme - Money Market Fund,07-08-2025,5884.08370
119092,HDFC Money Market Fund - Growth Option - Direct Plan,HDFC Mutual Fund,Open Ended Schemes,Debt Scheme - Money Market Fund,06-08-2025,5883.30450
119092,HDFC Money Market Fund - Growth Option - Direct Plan,HDFC Mutual Fund,Open Ended Schemes,Debt Scheme - Money Market Fund,05-08-2025,5883.44820
119092,HDFC Money Market Fund - Growth Option - Direct Plan,HDFC Mutual Fund,Open Ended Schemes,Debt Scheme - Money Market Fund,04-08-2025,5882.15890
119092,HDFC Money Market Fund - Growth Option - Direct Plan,HDFC Mutual Fund,Open Ended Schemes,Debt Scheme - Money Market Fund,01-08-2025,5878.79320
119092,HDFC Money Market Fund - Growth Option - Direct Plan,HDFC Mutual Fund,Open Ended Schemes,Debt Scheme - Money Market Fund,31-07-2025,5877.51090
119092,HDFC Money Market Fund - Growth Option - Direct Plan,HDFC Mutual Fund,Open Ended Schemes,Debt Scheme - Money Market Fund,30-07-2025,5876.50920
119092,HDFC Money Market Fund - Growth Option - Direct Plan,HDFC Mutual Fund,Open Ended Schemes,Debt Scheme - Money Market Fund,29-07-2025,5875.66260
119092,HDFC Money Market Fund - Growth Option - Direct Plan,HDFC Mutual Fund,Open Ended Schemes,Debt Scheme - Money Market Fund,28-07-2025,5875.10430
119092,HDFC Money Market Fund - Growth Option - Direct Plan,HDFC Mutual Fund,Open Ended Schemes,Debt Scheme - Money Market Fund,25-07-2025,5872.80520
119092,HDFC Money Market Fund - Growth Option - Direct Plan,HDFC Mutual Fund,Open Ended Schemes,Debt Scheme - Money Market Fund,24-07-2025,5872.03660
119092,HDFC Money Market Fund - Growth Option - Direct Plan,HDFC Mutual Fund,Open Ended Schemes,Debt Scheme - Money Market Fund,23-07-2025,5871.18280
119092,HDFC Money Market Fund - Growth Option - Direct Plan,HDFC Mutual Fund,Open Ended Schemes,Debt Scheme - Money Market Fund,22-07-2025,5869.84170
119092,HDFC Money Market Fund - Growth Option - Direct Plan,HDFC Mutual Fund,Open Ended Schemes,Debt Scheme - Money Market Fund,21-07-2025,5869.11710
119092,HDFC Money Market Fund - Growth Option - Direct Plan,HDFC Mutual Fund,Open Ended Schemes,Debt Scheme - Money Market Fund,18-07-2025,5866.49510
119092,HDFC Money Market Fund - Growth Option - Direct Plan,HDFC Mutual Fund,Open Ended Schemes,Debt Scheme - Money Market Fund,17-07-2025,5865.38530
119092,HDFC Money Market Fund - Growth Option - Direct Plan,HDFC Mutual Fund,Open Ended Schemes,Debt Scheme - Money Market Fund,16-07-2025,5864.37530
119092,HDFC Money Market Fund - Growth Option - Direct Plan,HDFC Mutual Fund,Open Ended Schemes,Debt Scheme - Money Market Fund,15-07-2025,5863.62010
119092,HDFC Money Market Fund - Growth Option - Direct Plan,HDFC Mutual Fund,Open Ended Schemes,Debt Scheme - Money Market Fund,14-07-2025,5862.59080
119092,HDFC Money Market Fund - Growth Option - Direct Plan,HDFC Mutual Fund,Open Ended Schemes,Debt Scheme - Money Market Fund,11-07-2025,5858.92960
119092,HDFC Money Market Fund - Growth Option - Direct Plan,HDFC Mutual Fund,Open Ended Schemes,Debt Scheme - Money Market Fund,10-07-2025,5858.47660
119092,HDFC Money Market Fund - Growth Option - Direct Plan,HDFC Mutual Fund,Open Ended Schemes,Debt Scheme - Money Market Fund,09-07-2025,5857.21640
119092,HDFC Money Market Fund - Growth Option - Direct Plan,HDFC Mutual Fund,Open Ended Schemes,Debt Scheme - Money Market Fund,08-07-2025,5856.93320
119092,HDFC Money Market Fund - Growth Option - Direct Plan,HDFC Mutual Fund,Open Ended Schemes,Debt Scheme - Money Market Fund,07-07-2025,5856.29770
119092,HDFC Money Market Fund - Growth Option - Direct Plan,HDFC Mutual Fund,Open Ended Schemes,Debt Scheme - Money Market Fund,04-07-2025,5853.36060
119092,HDFC Money Market Fund - Growth Option - Direct Plan,HDFC Mutual Fund,Open Ended Schemes,Debt Scheme - Money Market Fund,03-07-2025,5852.48450
119092,HDFC Money Market Fund - Growth Option - Direct Plan,HDFC Mutual Fund,Open Ended Schemes,Debt Scheme - Money Market Fund,02-07-2025,5851.09810
119092,HDFC Money Market Fund - Growth Option - Direct Plan,HDFC Mutual Fund,Open Ended Schemes,Debt Scheme - Money Market Fund,01-07-2025,5847.48100
119092,HDFC Money Market Fund - Growth Option - Direct Plan,HDFC Mutual Fund,Open Ended Schemes,Debt Scheme - Money Market Fund,30-06-2025,5843.79290
119092,HDFC Money Market Fund - Growth Option - Direct Plan,HDFC Mutual Fund,Open Ended Schemes,Debt Scheme - Money Market Fund,27-06-2025,5840.55960
119092,HDFC Money Market Fund - Growth Option - Direct Plan,HDFC Mutual Fund,Open Ended Schemes,Debt Scheme - Money Market Fund,26-06-2025,5839.24530
119092,HDFC Money Market Fund - Growth Option - Direct Plan,HDFC Mutual Fund,Open Ended Schemes,Debt Scheme - Money Market Fund,25-06-2025,5838.09250
119092,HDFC Money Market Fund - Growth Option - Direct Plan,HDFC Mutual Fund,Open Ended Schemes,Debt Scheme - Money Market Fund,24-06-2025,5838.48600
119092,HDFC Money Market Fund - Growth Option - Direct Plan,HDFC Mutual Fund,Open Ended Schemes,Debt Scheme - Money Market Fund,23-06-2025,5837.22670
119092,HDFC Money Market Fund - Growth Option - Direct Plan,HDFC Mutual Fund,Open Ended Schemes,Debt Scheme - Money Market Fund,20-06-2025,5833.93860
119092,HDFC Money Market Fund - Growth Option - Direct Plan,HDFC Mutual Fund,Open Ended Schemes,Debt Scheme - Money Market Fund,19-06-2025,5832.83130
119092,HDFC Money Market Fund - Growth Option - Direct Plan,HDFC Mutual Fund,Open Ended Schemes,Debt Scheme - Money Market Fund,18-06-2025,5831.63210
119092,HDFC Money Market Fund - Growth Option - Direct Plan,HDFC Mutual Fund,Open Ended Schemes,Debt Scheme - Money Market Fund,17-06-2025,5830.13830
119092,HDFC Money Market Fund - Growth Option - Direct Plan,HDFC Mutual Fund,Open Ended Schemes,Debt Scheme - Money Market Fund,16-06-2025,5829.32420
119092,HDFC Money Market Fund - Growth Option - Direct Plan,HDFC Mutual Fund,Open Ended Schemes,Debt Scheme - Money Market Fund,13-06-2025,5826.49690
119092,HDFC Money Market Fund - Growth Option - Direct Plan,HDFC Mutual Fund,Open Ended Schemes,Debt Scheme - Money Market Fund,12-06-2025,5826.05070
119092,HDFC Money Market Fund - Growth Option - Direct Plan,HDFC Mutual Fund,Open Ended Schemes,Debt Scheme - Money Market Fund,11-06-2025,5825.44780
119092,HDFC Money Market Fund - Growth Option - Direct Plan,HDFC Mutual Fund,Open Ended Schemes,Debt Scheme - Money Market Fund,10-06-2025,5827.18910
119092,HDFC Money Market Fund - Growth Option - Direct Plan,HDFC Mutual Fund,Open Ended Schemes,Debt Scheme - Money Market Fund,09-06-2025,5829.16140
119092,HDFC Money Market Fund - Growth Option - Direct Plan,HDFC Mutual Fund,Open Ended Schemes,Debt Scheme - Money Market Fund,06-06-2025,5825.19450
119092,HDFC Money Market Fund - Growth Option - Direct Plan,HDFC Mutual Fund,Open Ended Schemes,Debt Scheme - Money Market Fund,05-06-2025,5816.43010
119092,HDFC Money Market Fund - Growth Option - Direct Plan,HDFC Mutual Fund,Open Ended Schemes,Debt Scheme - Money Market Fund,04-06-2025,5814.43590
119092,HDFC Money Market Fund - Growth Option - Direct Plan,HDFC Mutual Fund,Open Ended Schemes,Debt Scheme - Money Market Fund,03-06-2025,5812.57650
119092,HDFC Money Market Fund - Growth Option - Direct Plan,HDFC Mutual Fund,Open Ended Schemes,Debt Scheme - Money Market Fund,02-06-2025,5810.05600
119092,HDFC Money Market Fund - Growth Option - Direct Plan,HDFC Mutual Fund,Open Ended Schemes,Debt Scheme - Money Market Fund,30-05-2025,5806.61690
119092,HDFC Money Market Fund - Growth Option - Direct Plan,HDFC Mutual Fund,Open Ended Schemes,Debt Scheme - Money Market Fund,29-05-2025,5805.63260
119092,HDFC Money Market Fund - Growth Option - Direct Plan,HDFC Mutual Fund,Open Ended Schemes,Debt Scheme - Money Market Fund,28-05-2025,5803.87990
119092,HDFC Money Market Fund - Growth Option - Direct Plan,HDFC Mutual Fund,Open Ended Schemes,Debt Scheme - Money Market Fund,27-05-2025,5801.76660
119092,HDFC Money Market Fund - Growth Option - Direct Plan,HDFC Mutual Fund,Open Ended Schemes,Debt Scheme - Money Market Fund,26-05-2025,5800.45840
119092,HDFC Money Market Fund - Growth Option - Direct Plan,HDFC Mutual Fund,Open Ended Schemes,Debt Scheme - Money Market Fund,23-05-2025,5797.57830
119092,HDFC Money Market Fund - Growth Option - Direct Plan,HDFC Mutual Fund,Open Ended Schemes,Debt Scheme - Money Market Fund,22-05-2025,5795.80730
119092,HDFC Money Market Fund - Growth Option - Direct Plan,HDFC Mutual Fund,Open Ended Schemes,Debt Scheme - Money Market Fund,21-05-2025,5795.40480
119092,HDFC Money Market Fund - Growth Option - Direct Plan,HDFC Mutual Fund,Open Ended Schemes,Debt Scheme - Money Market Fund,20-05-2025,5793.68940
119092,HDFC Money Market Fund - Growth Option - Direct Plan,HDFC Mutual Fund,Open Ended Schemes,Debt Scheme - Money Market Fund,19-05-2025,5791.24210
119092,HDFC Money Market Fund - Growth Option - Direct Plan,HDFC Mutual Fund,Open Ended Schemes,Debt Scheme - Money Market Fund,16-05-2025,5787.48160
119092,HDFC Money Market Fund - Growth Option - Direct Plan,HDFC Mutual Fund,Open Ended Schemes,Debt Scheme - Money Market Fund,15-05-2025,5784.83170
119092,HDFC Money Market Fund - Growth Option - Direct Plan,HDFC Mutual Fund,Open Ended Schemes,Debt Scheme - Money Market Fund,14-05-2025,5783.74660
119092,HDFC Money Market Fund - Growth Option - Direct Plan,HDFC Mutual Fund,Open Ended Schemes,Debt Scheme - Money Market Fund,13-05-2025,5780.04910
119092,HDFC Money Market Fund - Growth Option - Direct Plan,HDFC Mutual Fund,Open Ended Schemes,Debt Scheme - Money Market Fund,09-05-2025,5773.31560
119092,HDFC Money Market Fund - Growth Option - Direct Plan,HDFC Mutual Fund,Open Ended Schemes,Debt Scheme - Money Market Fund,08-05-2025,5774.83420
119092,HDFC Money Market Fund - Growth Option - Direct Plan,HDFC Mutual Fund,Open Ended Schemes,Debt Scheme - Money Market Fund,07-05-2025,5776.01550
119092,HDFC Money Market Fund - Growth Option - Direct Plan,HDFC Mutual Fund,Open Ended Schemes,Debt Scheme - Money Market Fund,06-05-2025,5774.99720
119092,HDFC Money Market Fund - Growth Option - Direct Plan,HDFC Mutual Fund,Open Ended Schemes,Debt Scheme - Money Market Fund,05-05-2025,5773.12110
119092,HDFC Money Market Fund - Growth Option - Direct Plan,HDFC Mutual Fund,Open Ended Schemes,Debt Scheme - Money Market Fund,02-05-2025,5769.73620
119092,HDFC Money Market Fund - Growth Option - Direct Plan,HDFC Mutual Fund,Open Ended Schemes,Debt Scheme - Money Market Fund,30-04-2025,5767.17520
119092,HDFC Money Market Fund - Growth Option - Direct Plan,HDFC Mutual Fund,Open Ended Schemes,Debt Scheme - Money Market Fund,29-04-2025,5766.65460
119092,HDFC Money Market Fund - Growth Option - Direct Plan,HDFC Mutual Fund,Open Ended Schemes,Debt Scheme - Money Market Fund,28-04-2025,5765.50120
119092,HDFC Money Market Fund - Growth Option - Direct Plan,HDFC Mutual Fund,Open Ended Schemes,Debt Scheme - Money Market Fund,25-04-2025,5762.43560
119092,HDFC Money Market Fund - Growth Option - Direct Plan,HDFC Mutual Fund,Open Ended Schemes,Debt Scheme - Money Market Fund,24-04-2025,5762.46550
119092,HDFC Money Market Fund - Growth Option - Direct Plan,HDFC Mutual Fund,Open Ended Schemes,Debt Scheme - Money Market Fund,23-04-2025,5760.65990
119092,HDFC Money Market Fund - Growth Option - Direct Plan,HDFC Mutual Fund,Open Ended Schemes,Debt Scheme - Money Market Fund,22-04-2025,5759.38880
119092,HDFC Money Market Fund - Growth Option - Direct Plan,HDFC Mutual Fund,Open Ended Schemes,Debt Scheme - Money Market Fund,21-04-2025,5758.00830
119092,HDFC Money Market Fund - Growth Option - Direct Plan,HDFC Mutual Fund,Open Ended Schemes,Debt Scheme - Money Market Fund,17-04-2025,5751.95980
119092,HDFC Money Market Fund - Growth Option - Direct Plan,HDFC Mutual Fund,Open Ended Schemes,Debt Scheme - Money Market Fund,16-04-2025,5750.25120
119092,HDFC Money Market Fund - Growth Option - Direct Plan,HDFC Mutual Fund,Open Ended Schemes,Debt Scheme - Money Market Fund,15-04-2025,5749.07050
119092,HDFC Money Market Fund - Growth Option - Direct Plan,HDFC Mutual Fund,Open Ended Schemes,Debt Scheme - Money Market Fund,11-04-2025,5744.56950
119092,HDFC Money Market Fund - Growth Option - Direct Plan,HDFC Mutual Fund,Open Ended Schemes,Debt Scheme - Money Market Fund,09-04-2025,5740.70710
119092,HDFC Money Market Fund - Growth Option - Direct Plan,HDFC Mutual Fund,Open Ended Schemes,Debt Scheme - Money Market Fund,08-04-2025,5736.68820
119092,HDFC Money Market Fund - Growth Option - Direct Plan,HDFC Mutual Fund,Open Ended Schemes,Debt Scheme - Money Market Fund,07-04-2025,5735.19370
119092,HDFC Money Market Fund - Growth Option - Direct Plan,HDFC Mutual Fund,Open Ended Schemes,Debt Scheme - Money Market Fund,04-04-2025,5732.12200
119092,HDFC Money Market Fund - Growth Option - Direct Plan,HDFC Mutual Fund,Open Ended Schemes,Debt Scheme - Money Market Fund,03-04-2025,5730.54440
119092,HDFC Money Market Fund - Growth Option - Direct Plan,HDFC Mutual Fund,Open Ended Schemes,Debt Scheme - Money Market Fund,02-04-2025,5726.32440
119092,HDFC Money Market Fund - Growth Option - Direct Plan,HDFC Mutual Fund,Open Ended Schemes,Debt Scheme - Money Market Fund,31-03-2025,5716.82400
119092,HDFC Money Market Fund - Growth Option - Direct Plan,HDFC Mutual Fund,Open Ended Schemes,Debt Scheme - Money Market Fund,28-03-2025,5713.76970
119092,HDFC Money Market Fund - Growth Option - Direct Plan,HDFC Mutual Fund,Open Ended Schemes,Debt Scheme - Money Market Fund,27-03-2025,5705.15330
119092,HDFC Money Market Fund - Growth Option - Direct Plan,HDFC Mutual Fund,Open Ended Schemes,Debt Scheme - Money Market Fund,26-03-2025,5704.23650
119092,HDFC Money Market Fund - Growth Option - Direct Plan,HDFC Mutual Fund,Open Ended Schemes,Debt Scheme - Money Market Fund,25-03-2025,5701.16310
119092,HDFC Money Market Fund - Growth Option - Direct Plan,HDFC Mutual Fund,Open Ended Schemes,Debt Scheme - Money Market Fund,24-03-2025,5700.18570
119092,HDFC Money Market Fund - Growth Option - Direct Plan,HDFC Mutual Fund,Open Ended Schemes,Debt Scheme - Money Market Fund,21-03-2025,5693.88510
119092,HDFC Money Market Fund - Growth Option - Direct Plan,HDFC Mutual Fund,Open Ended Schemes,Debt Scheme - Money Market Fund,20-03-2025,5689.69400
119092,HDFC Money Market Fund - Growth Option - Direct Plan,HDFC Mutual Fund,Open Ended Schemes,Debt Scheme - Money Market Fund,19-03-2025,5687.35310
119092,HDFC Money Market Fund - Growth Option - Direct Plan,HDFC Mutual Fund,Open Ended Schemes,Debt Scheme - Money Market Fund,18-03-2025,5685.30430
119092,HDFC Money Market Fund - Growth Option - Direct Plan,HDFC Mutual Fund,Open Ended Schemes,Debt Scheme - Money Market Fund,17-03-2025,5683.81450
119092,HDFC Money Market Fund - Growth Option - Direct Plan,HDFC Mutual Fund,Open Ended Schemes,Debt Scheme - Money Market Fund,13-03-2025,5679.10860
119092,HDFC Money Market Fund - Growth Option - Direct Plan,HDFC Mutual Fund,Open Ended Schemes,Debt Scheme - Money Market Fund,12-03-2025,5677.26150
119092,HDFC Money Market Fund - Growth Option - Direct Plan,HDFC Mutual Fund,Open Ended Schemes,Debt Scheme - Money Market Fund,11-03-2025,5676.14320
119092,HDFC Money Market Fund - Growth Option - Direct Plan,HDFC Mutual Fund,Open Ended Schemes,Debt Scheme - Money Market Fund,10-03-2025,5675.26140
119092,HDFC Money Market Fund - Growth Option - Direct Plan,HDFC Mutual Fund,Open Ended Schemes,Debt Scheme - Money Market Fund,07-03-2025,5671.50000
119092,HDFC Money Market Fund - Growth Option - Direct Plan,HDFC Mutual Fund,Open Ended Schemes,Debt Scheme - Money Market Fund,06-03-2025,5670.70570
119092,HDFC Money Market Fund - Growth Option - Direct Plan,HDFC Mutual Fund,Open Ended Schemes,Debt Scheme - Money Market Fund,05-03-2025,5669.84210
119092,HDFC Money Market Fund - Growth Option - Direct Plan,HDFC Mutual Fund,Open Ended Schemes,Debt Scheme - Money Market Fund,04-03-2025,5669.51530
119092,HDFC Money Market Fund - Growth Option - Direct Plan,HDFC Mutual Fund,Open Ended Schemes,Debt Scheme - Money Market Fund,03-03-2025,5668.83600
119092,HDFC Money Market Fund - Growth Option - Direct Plan,HDFC Mutual Fund,Open Ended Schemes,Debt Scheme - Money Market Fund,28-02-2025,5666.30390
119092,HDFC Money Market Fund - Growth Option - Direct Plan,HDFC Mutual Fund,Open Ended Schemes,Debt Scheme - Money Market Fund,27-02-2025,5665.50350
119092,HDFC Money Market Fund - Growth Option - Direct Plan,HDFC Mutual Fund,Open Ended Schemes,Debt Scheme - Money Market Fund,25-02-2025,5663.40850
119092,HDFC Money Market Fund - Growth Option - Direct Plan,HDFC Mutual Fund,Open Ended Schemes,Debt Scheme - Money Market Fund,24-02-2025,5662.80360
119092,HDFC Money Market Fund - Growth Option - Direct Plan,HDFC Mutual Fund,Open Ended Schemes,Debt Scheme - Money Market Fund,21-02-2025,5658.52600
119092,HDFC Money Market Fund - Growth Option - Direct Plan,HDFC Mutual Fund,Open Ended Schemes,Debt Scheme - Money Market Fund,20-02-2025,5657.28670
119092,HDFC Money Market Fund - Growth Option - Direct Plan,HDFC Mutual Fund,Open Ended Schemes,Debt Scheme - Money Market Fund,18-02-2025,5655.06070
119092,HDFC Money Market Fund - Growth Option - Direct Plan,HDFC Mutual Fund,Open Ended Schemes,Debt Scheme - Money Market Fund,17-02-2025,5654.11890
119092,HDFC Money Market Fund - Growth Option - Direct Plan,HDFC Mutual Fund,Open Ended Schemes,Debt Scheme - Money Market Fund,14-02-2025,5651.07460
119092,HDFC Money Market Fund - Growth Option - Direct Plan,HDFC Mutual Fund,Open Ended Schemes,Debt Scheme - Money Market Fund,13-02-2025,5650.16590
119092,HDFC Money Market Fund - Growth Option - Direct Plan,HDFC Mutual Fund,Open Ended Schemes,Debt Scheme - Money Market Fund,12-02-2025,5648.48140
119092,HDFC Money Market Fund - Growth Option - Direct Plan,HDFC Mutual Fund,Open Ended Schemes,Debt Scheme - Money Market Fund,11-02-2025,5647.27140
119092,HDFC Money Market Fund - Growth Option - Direct Plan,HDFC Mutual Fund,Open Ended Schemes,Debt Scheme - Money Market Fund,10-02-2025,5646.02200
119092,HDFC Money Market Fund - Growth Option - Direct Plan,HDFC Mutual Fund,Open Ended Schemes,Debt Scheme - Money Market Fund,07-02-2025,5644.18500
119092,HDFC Money Market Fund - Growth Option - Direct Plan,HDFC Mutual Fund,Open Ended Schemes,Debt Scheme - Money Market Fund,06-02-2025,5644.14490
119092,HDFC Money Market Fund - Growth Option - Direct Plan,HDFC Mutual Fund,Open Ended Schemes,Debt Scheme - Money Market Fund,05-02-2025,5641.29290
119092,HDFC Money Market Fund - Growth Option - Direct Plan,HDFC Mutual Fund,Open Ended Schemes,Debt Scheme - Money Market Fund,04-02-2025,5639.54930
119092,HDFC Money Market Fund - Growth Option - Direct Plan,HDFC Mutual Fund,Open Ended Schemes,Debt Scheme - Money Market Fund,03-02-2025,5638.03740
119092,HDFC Money Market Fund - Growth Option - Direct Plan,HDFC Mutual Fund,Open Ended Schemes,Debt Scheme - Money Market Fund,31-01-2025,5634.87330
119092,HDFC Money Market Fund - Growth Option - Direct Plan,HDFC Mutual Fund,Open Ended Schemes,Debt Scheme - Money Market Fund,30-01-2025,5633.66020
119092,HDFC Money Market Fund - Growth Option - Direct Plan,HDFC Mutual Fund,Open Ended Schemes,Debt Scheme - Money Market Fund,29-01-2025,5632.26320
119092,HDFC Money Market Fund - Growth Option - Direct Plan,HDFC Mutual Fund,Open Ended Schemes,Debt Scheme - Money Market Fund,28-01-2025,5630.41840
119092,HDFC Money Market Fund - Growth Option - Direct Plan,HDFC Mutual Fund,Open Ended Schemes,Debt Scheme - Money Market Fund,27-01-2025,5629.01010
119092,HDFC Money Market Fund - Growth Option - Direct Plan,HDFC Mutual Fund,Open Ended Schemes,Debt Scheme - Money Market Fund,24-01-2025,5625.52810
119092,HDFC Money Market Fund - Growth Option - Direct Plan,HDFC Mutual Fund,Open Ended Schemes,Debt Scheme - Money Market Fund,23-01-2025,5624.52550
119092,HDFC Money Market Fund - Growth Option - Direct Plan,HDFC Mutual Fund,Open Ended Schemes,Debt Scheme - Money Market Fund,22-01-2025,5623.65680
119092,HDFC Money Market Fund - Growth Option - Direct Plan,HDFC Mutual Fund,Open Ended Schemes,Debt Scheme - Money Market Fund,21-01-2025,5622.95410
119092,HDFC Money Market Fund - Growth Option - Direct Plan,HDFC Mutual Fund,Open Ended Schemes,Debt Scheme - Money Market Fund,20-01-2025,5621.84680
119092,HDFC Money Market Fund - Growth Option - Direct Plan,HDFC Mutual Fund,Open Ended Schemes,Debt Scheme - Money Market Fund,17-01-2025,5618.58400
119092,HDFC Money Market Fund - Growth Option - Direct Plan,HDFC Mutual Fund,Open Ended Schemes,Debt Scheme - Money Market Fund,16-01-2025,5617.32900
119092,HDFC Money Market Fund - Growth Option - Direct Plan,HDFC Mutual Fund,Open Ended Schemes,Debt Scheme - Money Market Fund,15-01-2025,5615.65090
119092,HDFC Money Market Fund - Growth Option - Direct Plan,HDFC Mutual Fund,Open Ended Schemes,Debt Scheme - Money Market Fund,14-01-2025,5613.98760
119092,HDFC Money Market Fund - Growth Option - Direct Plan,HDFC Mutual Fund,Open Ended Schemes,Debt Scheme - Money Market Fund,13-01-2025,5613.12640
119092,HDFC Money Market Fund - Growth Option - Direct Plan,HDFC Mutual Fund,Open Ended Schemes,Debt Scheme - Money Market Fund,10-01-2025,5610.30630
119092,HDFC Money Market Fund - Growth Option - Direct Plan,HDFC Mutual Fund,Open Ended Schemes,Debt Scheme - Money Market Fund,09-01-2025,5608.91310
119092,HDFC Money Market Fund - Growth Option - Direct Plan,HDFC Mutual Fund,Open Ended Schemes,Debt Scheme - Money Market Fund,08-01-2025,5608.67130
119092,HDFC Money Market Fund - Growth Option - Direct Plan,HDFC Mutual Fund,Open Ended Schemes,Debt Scheme - Money Market Fund,07-01-2025,5608.33640
119092,HDFC Money Market Fund - Growth Option - Direct Plan,HDFC Mutual Fund,Open Ended Schemes,Debt Scheme - Money Market Fund,06-01-2025,5607.51870
119092,HDFC Money Market Fund - Growth Option - Direct Plan,HDFC Mutual Fund,Open Ended Schemes,Debt Scheme - Money Market Fund,03-01-2025,5604.37240
119092,HDFC Money Market Fund - Growth Option - Direct Plan,HDFC Mutual Fund,Open Ended Schemes,Debt Scheme - Money Market Fund,02-01-2025,5603.54530
119092,HDFC Money Market Fund - Growth Option - Direct Plan,HDFC Mutual Fund,Open Ended Schemes,Debt Scheme - Money Market Fund,01-01-2025,5602.05940
119092,HDFC Money Market Fund - Growth Option - Direct Plan,HDFC Mutual Fund,Open Ended Schemes,Debt Scheme - Money Market Fund,31-12-2024,5600.57710
119092,HDFC Money Market Fund - Growth Option - Direct Plan,HDFC Mutual Fund,Open Ended Schemes,Debt Scheme - Money Market Fund,30-12-2024,5597.33840
119092,HDFC Money Market Fund - Growth Option - Direct Plan,HDFC Mutual Fund,Open Ended Schemes,Debt Scheme - Money Market Fund,27-12-2024,5594.09510
119092,HDFC Money Market Fund - Growth Option - Direct Plan,HDFC Mutual Fund,Open Ended Schemes,Debt Scheme - Money Market Fund,26-12-2024,5592.92440
119092,HDFC Money Market Fund - Growth Option - Direct Plan,HDFC Mutual Fund,Open Ended Schemes,Debt Scheme - Money Market Fund,24-12-2024,5590.94350
119092,HDFC Money Market Fund - Growth Option - Direct Plan,HDFC Mutual Fund,Open Ended Schemes,Debt Scheme - Money Market Fund,23-12-2024,5590.44710
119092,HDFC Money Market Fund - Growth Option - Direct Plan,HDFC Mutual Fund,Open Ended Schemes,Debt Scheme - Money Market Fund,20-12-2024,5588.07200
119092,HDFC Money Market Fund - Growth Option - Direct Plan,HDFC Mutual Fund,Open Ended Schemes,Debt Scheme - Money Market Fund,19-12-2024,5587.01000
119092,HDFC Money Market Fund - Growth Option - Direct Plan,HDFC Mutual Fund,Open Ended Schemes,Debt Scheme - Money Market Fund,18-12-2024,5586.41790
119092,HDFC Money Market Fund - Growth Option - Direct Plan,HDFC Mutual Fund,Open Ended Schemes,Debt Scheme - Money Market Fund,17-12-2024,5585.57200
119092,HDFC Money Market Fund - Growth Option - Direct Plan,HDFC Mutual Fund,Open Ended Schemes,Debt Scheme - Money Market Fund,16-12-2024,5584.46710
119092,HDFC Money Market Fund - Growth Option - Direct Plan,HDFC Mutual Fund,Open Ended Schemes,Debt Scheme - Money Market Fund,13-12-2024,5580.92320
119092,HDFC Money Market Fund - Growth Option - Direct Plan,HDFC Mutual Fund,Open Ended Schemes,Debt Scheme - Money Market Fund,12-12-2024,5580.66960
119092,HDFC Money Market Fund - Growth Option - Direct Plan,HDFC Mutual Fund,Open Ended Schemes,Debt Scheme - Money Market Fund,11-12-2024,5580.14190
119092,HDFC Money Market Fund - Growth Option - Direct Plan,HDFC Mutual Fund,Open Ended Schemes,Debt Scheme - Money Market Fund,10-12-2024,5579.16510
119092,HDFC Money Market Fund - Growth Option - Direct Plan,HDFC Mutual Fund,Open Ended Schemes,Debt Scheme - Money Market Fund,09-12-2024,5578.25000
119092,HDFC Money Market Fund - Growth Option - Direct Plan,HDFC Mutual Fund,Open Ended Schemes,Debt Scheme - Money Market Fund,06-12-2024,5575.00970
119092,HDFC Money Market Fund - Growth Option - Direct Plan,HDFC Mutual Fund,Open Ended Schemes,Debt Scheme - Money Market Fund,05-12-2024,5573.60120
119092,HDFC Money Market Fund - Growth Option - Direct Plan,HDFC Mutual Fund,Open Ended Schemes,Debt Scheme - Money Market Fund,04-12-2024,5572.09270
119092,HDFC Money Market Fund - Growth Option - Direct Plan,HDFC Mutual Fund,Open Ended Schemes,Debt Scheme - Money Market Fund,03-12-2024,5570.89600
119092,HDFC Money Market Fund - Growth Option - Direct Plan,HDFC Mutual Fund,Open Ended Schemes,Debt Scheme - Money Market Fund,02-12-2024,5569.93050
119092,HDFC Money Market Fund - Growth Option - Direct Plan,HDFC Mutual Fund,Open Ended Schemes,Debt Scheme - Money Market Fund,29-11-2024,5566.48740
119092,HDFC Money Market Fund - Growth Option - Direct Plan,HDFC Mutual Fund,Open Ended Schemes,Debt Scheme - Money Market Fund,28-11-2024,5565.34310
119092,HDFC Money Market Fund - Growth Option - Direct Plan,HDFC Mutual Fund,Open Ended Schemes,Debt Scheme - Money Market Fund,27-11-2024,5564.36520
119092,HDFC Money Market Fund - Growth Option - Direct Plan,HDFC Mutual Fund,Open Ended Schemes,Debt Scheme - Money Market Fund,26-11-2024,5563.32510
119092,HDFC Money Market Fund - Growth Option - Direct Plan,HDFC Mutual Fund,Open Ended Schemes,Debt Scheme - Money Market Fund,25-11-2024,5562.25630
119092,HDFC Money Market Fund - Growth Option - Direct Plan,HDFC Mutual Fund,Open Ended Schemes,Debt Scheme - Money Market Fund,22-11-2024,5559.02820
119092,HDFC Money Market Fund - Growth Option - Direct Plan,HDFC Mutual Fund,Open Ended Schemes,Debt Scheme - Money Market Fund,21-11-2024,5557.98430
119092,HDFC Money Market Fund - Growth Option - Direct Plan,HDFC Mutual Fund,Open Ended Schemes,Debt Scheme - Money Market Fund,19-11-2024,5556.13050
119092,HDFC Money Market Fund - Growth Option - Direct Plan,HDFC Mutual Fund,Open Ended Schemes,Debt Scheme - Money Market Fund,18-11-2024,5555.06350
119092,HDFC Money Market Fund - Growth Option - Direct Plan,HDFC Mutual Fund,Open Ended Schemes,Debt Scheme - Money Market Fund,14-11-2024,5550.90970
119092,HDFC Money Market Fund - Growth Option - Direct Plan,HDFC Mutual Fund,Open Ended Schemes,Debt Scheme - Money Market Fund,13-11-2024,5549.76430
119092,HDFC Money Market Fund - Growth Option - Direct Plan,HDFC Mutual Fund,Open Ended Schemes,Debt Scheme - Money Market Fund,12-11-2024,5548.56220
119092,HDFC Money Market Fund - Growth Option - Direct Plan,HDFC Mutual Fund,Open Ended Schemes,Debt Scheme - Money Market Fund,11-11-2024,5547.53410
119092,HDFC Money Market Fund - Growth Option - Direct Plan,HDFC Mutual Fund,Open Ended Schemes,Debt Scheme - Money Market Fund,08-11-2024,5544.30480
119092,HDFC Money Market Fund - Growth Option - Direct Plan,HDFC Mutual Fund,Open Ended Schemes,Debt Scheme - Money Market Fund,07-11-2024,5543.23160
119092,HDFC Money Market Fund - Growth Option - Direct Plan,HDFC Mutual Fund,Open Ended Schemes,Debt Scheme - Money Market Fund,06-11-2024,5541.99000
119092,HDFC Money Market Fund - Growth Option - Direct Plan,HDFC Mutual Fund,Open Ended Schemes,Debt Scheme - Money Market Fund,05-11-2024,5540.87950
119092,HDFC Money Market Fund - Growth Option - Direct Plan,HDFC Mutual Fund,Open Ended Schemes,Debt Scheme - Money Market Fund,04-11-2024,5539.52140
119092,HDFC Money Market Fund - Growth Option - Direct Plan,HDFC Mutual Fund,Open Ended Schemes,Debt Scheme - Money Market Fund,31-10-2024,5535.04900
119092,HDFC Money Market Fund - Growth Option - Direct Plan,HDFC Mutual Fund,Open Ended Schemes,Debt Scheme - Money Market Fund,30-10-2024,5533.65490
119092,HDFC Money Market Fund - Growth Option - Direct Plan,HDFC Mutual Fund,Open Ended Schemes,Debt Scheme - Money Market Fund,29-10-2024,5532.59720
119092,HDFC Money Market Fund - Growth Option - Direct Plan,HDFC Mutual Fund,Open Ended Schemes,Debt Scheme - Money Market Fund,28-10-2024,5531.48540
119092,HDFC Money Market Fund - Growth Option - Direct Plan,HDFC Mutual Fund,Open Ended Schemes,Debt Scheme - Money Market Fund,25-10-2024,5528.42340
119092,HDFC Money Market Fund - Growth Option - Direct Plan,HDFC Mutual Fund,Open Ended Schemes,Debt Scheme - Money Market Fund,24-10-2024,5527.38840
119092,HDFC Money Market Fund - Growth Option - Direct Plan,HDFC Mutual Fund,Open Ended Schemes,Debt Scheme - Money Market Fund,23-10-2024,5526.20090
119092,HDFC Money Market Fund - Growth Option - Direct Plan,HDFC Mutual Fund,Open Ended Schemes,Debt Scheme - Money Market Fund,22-10-2024,5525.17760
119092,HDFC Money Market Fund - Growth Option - Direct Plan,HDFC Mutual Fund,Open Ended Schemes,Debt Scheme - Money Market Fund,21-10-2024,5524.16310
119092,HDFC Money Market Fund - Growth Option - Direct Plan,HDFC Mutual Fund,Open Ended Schemes,Debt Scheme - Money Market Fund,18-10-2024,5521.33300
119092,HDFC Money Market Fund - Growth Option - Direct Plan,HDFC Mutual Fund,Open Ended Schemes,Debt Scheme - Money Market Fund,17-10-2024,5520.25220
119092,HDFC Money Market Fund - Growth Option - Direct Plan,HDFC Mutual Fund,Open Ended Schemes,Debt Scheme - Money Market Fund,16-10-2024,5519.23750
119092,HDFC Money Market Fund - Growth Option - Direct Plan,HDFC Mutual Fund,Open Ended Schemes,Debt Scheme - Money Market Fund,15-10-2024,5518.17590
119092,HDFC Money Market Fund - Growth Option - Direct Plan,HDFC Mutual Fund,Open Ended Schemes,Debt Scheme - Money Market Fund,14-10-2024,5517.36120
119092,HDFC Money Market Fund - Growth Option - Direct Plan,HDFC Mutual Fund,Open Ended Schemes,Debt Scheme - Money Market Fund,11-10-2024,5514.39070
119092,HDFC Money Market Fund - Growth Option - Direct Plan,HDFC Mutual Fund,Open Ended Schemes,Debt Scheme - Money Market Fund,10-10-2024,5512.94680
119092,HDFC Money Market Fund - Growth Option - Direct Plan,HDFC Mutual Fund,Open Ended Schemes,Debt Scheme - Money Market Fund,09-10-2024,5511.84310
119092,HDFC Money Market Fund - Growth Option - Direct Plan,HDFC Mutual Fund,Open Ended Schemes,Debt Scheme - Money Market Fund,08-10-2024,5510.32080
119092,HDFC Money Market Fund - Growth Option - Direct Plan,HDFC Mutual Fund,Open Ended Schemes,Debt Scheme - Money Market Fund,07-10-2024,5509.29900
119092,HDFC Money Market Fund - Growth Option - Direct Plan,HDFC Mutual Fund,Open Ended Schemes,Debt Scheme - Money Market Fund,04-10-2024,5506.02510
119092,HDFC Money Market Fund - Growth Option - Direct Plan,HDFC Mutual Fund,Open Ended Schemes,Debt Scheme - Money Market Fund,03-10-2024,5504.52990
119092,HDFC Money Market Fund - Growth Option - Direct Plan,HDFC Mutual Fund,Open Ended Schemes,Debt Scheme - Money Market Fund,01-10-2024,5501.99060
119092,HDFC Money Market Fund - Growth Option - Direct Plan,HDFC Mutual Fund,Open Ended Schemes,Debt Scheme - Money Market Fund,30-09-2024,5500.70130
119092,HDFC Money Market Fund - Growth Option - Direct Plan,HDFC Mutual Fund,Open Ended Schemes,Debt Scheme - Money Market Fund,27-09-2024,5495.29360
119092,HDFC Money Market Fund - Growth Option - Direct Plan,HDFC Mutual Fund,Open Ended Schemes,Debt Scheme - Money Market Fund,26-09-2024,5493.85710
119092,HDFC Money Market Fund - Growth Option - Direct Plan,HDFC Mutual Fund,Open Ended Schemes,Debt Scheme - Money Market Fund,25-09-2024,5492.65500
119092,HDFC Money Market Fund - Growth Option - Direct Plan,HDFC Mutual Fund,Open Ended Schemes,Debt Scheme - Money Market Fund,24-09-2024,5491.70990
119092,HDFC Money Market Fund - Growth Option - Direct Plan,HDFC Mutual Fund,Open Ended Schemes,Debt Scheme - Money Market Fund,23-09-2024,5490.58920
119092,HDFC Money Market Fund - Growth Option - Direct Plan,HDFC Mutual Fund,Open Ended Schemes,Debt Scheme - Money Market Fund,20-09-2024,5487.33470
119092,HDFC Money Market Fund - Growth Option - Direct Plan,HDFC Mutual Fund,Open Ended Schemes,Debt Scheme - Money Market Fund,19-09-2024,5486.10190
119092,HDFC Money Market Fund - Growth Option - Direct Plan,HDFC Mutual Fund,Open Ended Schemes,Debt Scheme - Money Market Fund,17-09-2024,5483.79260
119092,HDFC Money Market Fund - Growth Option - Direct Plan,HDFC Mutual Fund,Open Ended Schemes,Debt Scheme - Money Market Fund,16-09-2024,5482.47360
119092,HDFC Money Market Fund - Growth Option - Direct Plan,HDFC Mutual Fund,Open Ended Schemes,Debt Scheme - Money Market Fund,13-09-2024,5479.34400
119092,HDFC Money Market Fund - Growth Option - Direct Plan,HDFC Mutual Fund,Open Ended Schemes,Debt Scheme - Money Market Fund,12-09-2024,5477.92220
119092,HDFC Money Market Fund - Growth Option - Direct Plan,HDFC Mutual Fund,Open Ended Schemes,Debt Scheme - Money Market Fund,11-09-2024,5477.03980
119092,HDFC Money Market Fund - Growth Option - Direct Plan,HDFC Mutual Fund,Open Ended Schemes,Debt Scheme - Money Market Fund,10-09-2024,5475.97560
119092,HDFC Money Market Fund - Growth Option - Direct Plan,HDFC Mutual Fund,Open Ended Schemes,Debt Scheme - Money Market Fund,09-09-2024,5475.05750
119092,HDFC Money Market Fund - Growth Option - Direct Plan,HDFC Mutual Fund,Open Ended Schemes,Debt Scheme - Money Market Fund,06-09-2024,5471.74310
119092,HDFC Money Market Fund - Growth Option - Direct Plan,HDFC Mutual Fund,Open Ended Schemes,Debt Scheme - Money Market Fund,05-09-2024,5470.91940
119092,HDFC Money Market Fund - Growth Option - Direct Plan,HDFC Mutual Fund,Open Ended Schemes,Debt Scheme - Money Market Fund,04-09-2024,5469.78710
119092,HDFC Money Market Fund - Growth Option - Direct Plan,HDFC Mutual Fund,Open Ended Schemes,Debt Scheme - Money Market Fund,03-09-2024,5468.81730
119092,HDFC Money Market Fund - Growth Option - Direct Plan,HDFC Mutual Fund,Open Ended Schemes,Debt Scheme - Money Market Fund,02-09-2024,5467.63460
119092,HDFC Money Market Fund - Growth Option - Direct Plan,HDFC Mutual Fund,Open Ended Schemes,Debt Scheme - Money Market Fund,30-08-2024,5464.44710
119092,HDFC Money Market Fund - Growth Option - Direct Plan,HDFC Mutual Fund,Open Ended Schemes,Debt Scheme - Money Market Fund,29-08-2024,5463.53240
119092,HDFC Money Market Fund - Growth Option - Direct Plan,HDFC Mutual Fund,Open Ended Schemes,Debt Scheme - Money Market Fund,28-08-2024,5462.76890
119092,HDFC Money Market Fund - Growth Option - Direct Plan,HDFC Mutual Fund,Open Ended Schemes,Debt Scheme - Money Market Fund,27-08-2024,5461.72920
119092,HDFC Money Market Fund - Growth Option - Direct Plan,HDFC Mutual Fund,Open Ended Schemes,Debt Scheme - Money Market Fund,26-08-2024,5461.09590
119092,HDFC Money Market Fund - Growth Option - Direct Plan,HDFC Mutual Fund,Open Ended Schemes,Debt Scheme - Money Market Fund,23-08-2024,5458.18000
119092,HDFC Money Market Fund - Growth Option - Direct Plan,HDFC Mutual Fund,Open Ended Schemes,Debt Scheme - Money Market Fund,22-08-2024,5457.10120
119092,HDFC Money Market Fund - Growth Option - Direct Plan,HDFC Mutual Fund,Open Ended Schemes,Debt Scheme - Money Market Fund,21-08-2024,5455.86250
119092,HDFC Money Market Fund - Growth Option - Direct Plan,HDFC Mutual Fund,Open Ended Schemes,Debt Scheme - Money Market Fund,20-08-2024,5454.35080
119092,HDFC Money Market Fund - Growth Option - Direct Plan,HDFC Mutual Fund,Open Ended Schemes,Debt Scheme - Money Market Fund,19-08-2024,5452.87820
119092,HDFC Money Market Fund - Growth Option - Direct Plan,HDFC Mutual Fund,Open Ended Schemes,Debt Scheme - Money Market Fund,16-08-2024,5449.58620
119092,HDFC Money Market Fund - Growth Option - Direct Plan,HDFC Mutual Fund,Open Ended Schemes,Debt Scheme - Money Market Fund,14-08-2024,5447.35700
119092,HDFC Money Market Fund - Growth Option - Direct Plan,HDFC Mutual Fund,Open Ended Schemes,Debt Scheme - Money Market Fund,13-08-2024,5446.29400
119092,HDFC Money Market Fund - Growth Option - Direct Plan,HDFC Mutual Fund,Open Ended Schemes,Debt Scheme - Money Market Fund,12-08-2024,5445.87830
119092,HDFC Money Market Fund - Growth Option - Direct Plan,HDFC Mutual Fund,Open Ended Schemes,Debt Scheme - Money Market Fund,09-08-2024,5442.93150
119092,HDFC Money Market Fund - Growth Option - Direct Plan,HDFC Mutual Fund,Open Ended Schemes,Debt Scheme - Money Market Fund,08-08-2024,5441.96410
119092,HDFC Money Market Fund - Growth Option - Direct Plan,HDFC Mutual Fund,Open Ended Schemes,Debt Scheme - Money Market Fund,07-08-2024,5441.03450
119092,HDFC Money Market Fund - Growth Option - Direct Plan,HDFC Mutual Fund,Open Ended Schemes,Debt Scheme - Money Market Fund,06-08-2024,5439.93490
119092,HDFC Money Market Fund - Growth Option - Direct Plan,HDFC Mutual Fund,Open Ended Schemes,Debt Scheme - Money Market Fund,05-08-2024,5439.06510
119092,HDFC Money Market Fund - Growth Option - Direct Plan,HDFC Mutual Fund,Open Ended Schemes,Debt Scheme - Money Market Fund,02-08-2024,5435.86840
119092,HDFC Money Market Fund - Growth Option - Direct Plan,HDFC Mutual Fund,Open Ended Schemes,Debt Scheme - Money Market Fund,01-08-2024,5434.85890
119092,HDFC Money Market Fund - Growth Option - Direct Plan,HDFC Mutual Fund,Open Ended Schemes,Debt Scheme - Money Market Fund,31-07-2024,5433.69330
119092,HDFC Money Market Fund - Growth Option - Direct Plan,HDFC Mutual Fund,Open Ended Schemes,Debt Scheme - Money Market Fund,30-07-2024,5432.77200
119092,HDFC Money Market Fund - Growth Option - Direct Plan,HDFC Mutual Fund,Open Ended Schemes,Debt Scheme - Money Market Fund,29-07-2024,5431.79040
119092,HDFC Money Market Fund - Growth Option - Direct Plan,HDFC Mutual Fund,Open Ended Schemes,Debt Scheme - Money Market Fund,26-07-2024,5428.59560
119092,HDFC Money Market Fund - Growth Option - Direct Plan,HDFC Mutual Fund,Open Ended Schemes,Debt Scheme - Money Market Fund,25-07-2024,5427.58730
119092,HDFC Money Market Fund - Growth Option - Direct Plan,HDFC Mutual Fund,Open Ended Schemes,Debt Scheme - Money Market Fund,24-07-2024,5426.63700
119092,HDFC Money Market Fund - Growth Option - Direct Plan,HDFC Mutual Fund,Open Ended Schemes,Debt Scheme - Money Market Fund,23-07-2024,5425.47580
119092,HDFC Money Market Fund - Growth Option - Direct Plan,HDFC Mutual Fund,Open Ended Schemes,Debt Scheme - Money Market Fund,22-07-2024,5424.17280
119092,HDFC Money Market Fund - Growth Option - Direct Plan,HDFC Mutual Fund,Open Ended Schemes,Debt Scheme - Money Market Fund,19-07-2024,5421.00410
119092,HDFC Money Market Fund - Growth Option - Direct Plan,HDFC Mutual Fund,Open Ended Schemes,Debt Scheme - Money Market Fund,18-07-2024,5419.90470
119092,HDFC Money Market Fund - Growth Option - Direct Plan,HDFC Mutual Fund,Open Ended Schemes,Debt Scheme - Money Market Fund,16-07-2024,5417.67510
119092,HDFC Money Market Fund - Growth Option - Direct Plan,HDFC Mutual Fund,Open Ended Schemes,Debt Scheme - Money Market Fund,15-07-2024,5416.67180
119092,HDFC Money Market Fund - Growth Option - Direct Plan,HDFC Mutual Fund,Open Ended Schemes,Debt Scheme - Money Market Fund,12-07-2024,5413.33530
119092,HDFC Money Market Fund - Growth Option - Direct Plan,HDFC Mutual Fund,Open Ended Schemes,Debt Scheme - Money Market Fund,11-07-2024,5412.40140
119092,HDFC Money Market Fund - Growth Option - Direct Plan,HDFC Mutual Fund,Open Ended Schemes,Debt Scheme - Money Market Fund,10-07-2024,5411.10360
119092,HDFC Money Market Fund - Growth Option - Direct Plan,HDFC Mutual Fund,Open Ended Schemes,Debt Scheme - Money Market Fund,09-07-2024,5410.04770
119092,HDFC Money Market Fund - Growth Option - Direct Plan,HDFC Mutual Fund,Open Ended Schemes,Debt Scheme - Money Market Fund,08-07-2024,5408.99720
119092,HDFC Money Market Fund - Growth Option - Direct Plan,HDFC Mutual Fund,Open Ended Schemes,Debt Scheme - Money Market Fund,05-07-2024,5405.99330
119092,HDFC Money Market Fund - Growth Option - Direct Plan,HDFC Mutual Fund,Open Ended Schemes,Debt Scheme - Money Market Fund,04-07-2024,5404.88620
119092,HDFC Money Market Fund - Growth Option - Direct Plan,HDFC Mutual Fund,Open Ended Schemes,Debt Scheme - Money Market Fund,03-07-2024,5403.68930
119092,HDFC Money Market Fund - Growth Option - Direct Plan,HDFC Mutual Fund,Open Ended Schemes,Debt Scheme - Money Market Fund,02-07-2024,5402.09650
119092,HDFC Money Market Fund - Growth Option - Direct Plan,HDFC Mutual Fund,Open Ended Schemes,Debt Scheme - Money Market Fund,01-07-2024,5399.84310
119092,HDFC Money Market Fund - Growth Option - Direct Plan,HDFC Mutual Fund,Open Ended Schemes,Debt Scheme - Money Market Fund,28-06-2024,5395.86310
119092,HDFC Money Market Fund - Growth Option - Direct Plan,HDFC Mutual Fund,Open Ended Schemes,Debt Scheme - Money Market Fund,27-06-2024,5393.74700
119092,HDFC Money Market Fund - Growth Option - Direct Plan,HDFC Mutual Fund,Open Ended Schemes,Debt Scheme - Money Market Fund,26-06-2024,5392.87020
119092,HDFC Money Market Fund - Growth Option - Direct Plan,HDFC Mutual Fund,Open Ended Schemes,Debt Scheme - Money Market Fund,25-06-2024,5392.28840
119092,HDFC Money Market Fund - Growth Option - Direct Plan,HDFC Mutual Fund,Open Ended Schemes,Debt Scheme - Money Market Fund,24-06-2024,5391.54510
119092,HDFC Money Market Fund - Growth Option - Direct Plan,HDFC Mutual Fund,Open Ended Schemes,Debt Scheme - Money Market Fund,21-06-2024,5388.54370
119092,HDFC Money Market Fund - Growth Option - Direct Plan,HDFC Mutual Fund,Open Ended Schemes,Debt Scheme - Money Market Fund,20-06-2024,5387.36670
119092,HDFC Money Market Fund - Growth Option - Direct Plan,HDFC Mutual Fund,Open Ended Schemes,Debt Scheme - Money Market Fund,19-06-2024,5386.00540
119092,HDFC Money Market Fund - Growth Option - Direct Plan,HDFC Mutual Fund,Open Ended Schemes,Debt Scheme - Money Market Fund,18-06-2024,5384.83410
119092,HDFC Money Market Fund - Growth Option - Direct Plan,HDFC Mutual Fund,Open Ended Schemes,Debt Scheme - Money Market Fund,14-06-2024,5380.55670
119092,HDFC Money Market Fund - Growth Option - Direct Plan,HDFC Mutual Fund,Open Ended Schemes,Debt Scheme - Money Market Fund,13-06-2024,5379.53880
119092,HDFC Money Market Fund - Growth Option - Direct Plan,HDFC Mutual Fund,Open Ended Schemes,Debt Scheme - Money Market Fund,12-06-2024,5378.42320
119092,HDFC Money Market Fund - Growth Option - Direct Plan,HDFC Mutual Fund,Open Ended Schemes,Debt Scheme - Money Market Fund,11-06-2024,5377.10070
119092,HDFC Money Market Fund - Growth Option - Direct Plan,HDFC Mutual Fund,Open Ended Schemes,Debt Scheme - Money Market Fund,10-06-2024,5375.53070
119092,HDFC Money Market Fund - Growth Option - Direct Plan,HDFC Mutual Fund,Open Ended Schemes,Debt Scheme - Money Market Fund,07-06-2024,5372.22910
119092,HDFC Money Market Fund - Growth Option - Direct Plan,HDFC Mutual Fund,Open Ended Schemes,Debt Scheme - Money Market Fund,06-06-2024,5371.21120
119092,HDFC Money Market Fund - Growth Option - Direct Plan,HDFC Mutual Fund,Open Ended Schemes,Debt Scheme - Money Market Fund,05-06-2024,5369.95550
119092,HDFC Money Market Fund - Growth Option - Direct Plan,HDFC Mutual Fund,Open Ended Schemes,Debt Scheme - Money Market Fund,04-06-2024,5369.03790
119092,HDFC Money Market Fund - Growth Option - Direct Plan,HDFC Mutual Fund,Open Ended Schemes,Debt Scheme - Money Market Fund,03-06-2024,5369.12090
119092,HDFC Money Market Fund - Growth Option - Direct Plan,HDFC Mutual Fund,Open Ended Schemes,Debt Scheme - Money Market Fund,31-05-2024,5365.80970
119092,HDFC Money Market Fund - Growth Option - Direct Plan,HDFC Mutual Fund,Open Ended Schemes,Debt Scheme - Money Market Fund,30-05-2024,5364.71370
119092,HDFC Money Market Fund - Growth Option - Direct Plan,HDFC Mutual Fund,Open Ended Schemes,Debt Scheme - Money Market Fund,29-05-2024,5363.29020
119092,HDFC Money Market Fund - Growth Option - Direct Plan,HDFC Mutual Fund,Open Ended Schemes,Debt Scheme - Money Market Fund,28-05-2024,5362.10420
119092,HDFC Money Market Fund - Growth Option - Direct Plan,HDFC Mutual Fund,Open Ended Schemes,Debt Scheme - Money Market Fund,27-05-2024,5361.43160
119092,HDFC Money Market Fund - Growth Option - Direct Plan,HDFC Mutual Fund,Open Ended Schemes,Debt Scheme - Money Market Fund,24-05-2024,5358.51470
119092,HDFC Money Market Fund - Growth Option - Direct Plan,HDFC Mutual Fund,Open Ended Schemes,Debt Scheme - Money Market Fund,22-05-2024,5356.36080
119092,HDFC Money Market Fund - Growth Option - Direct Plan,HDFC Mutual Fund,Open Ended Schemes,Debt Scheme - Money Market Fund,21-05-2024,5355.25020
119092,HDFC Money Market Fund - Growth Option - Direct Plan,HDFC Mutual Fund,Open Ended Schemes,Debt Scheme - Money Market Fund,17-05-2024,5350.41530
119092,HDFC Money Market Fund - Growth Option - Direct Plan,HDFC Mutual Fund,Open Ended Schemes,Debt Scheme - Money Market Fund,16-05-2024,5349.50380
119092,HDFC Money Market Fund - Growth Option - Direct Plan,HDFC Mutual Fund,Open Ended Schemes,Debt Scheme - Money Market Fund,15-05-2024,5348.71060
119092,HDFC Money Market Fund - Growth Option - Direct Plan,HDFC Mutual Fund,Open Ended Schemes,Debt Scheme - Money Market Fund,14-05-2024,5347.52200
119092,HDFC Money Market Fund - Growth Option - Direct Plan,HDFC Mutual Fund,Open Ended Schemes,Debt Scheme - Money Market Fund,13-05-2024,5346.02120
119092,HDFC Money Market Fund - Growth Option - Direct Plan,HDFC Mutual Fund,Open Ended Schemes,Debt Scheme - Money Market Fund,10-05-2024,5342.77240
119092,HDFC Money Market Fund - Growth Option - Direct Plan,HDFC Mutual Fund,Open Ended Schemes,Debt Scheme - Money Market Fund,09-05-2024,5342.34280
119092,HDFC Money Market Fund - Growth Option - Direct Plan,HDFC Mutual Fund,Open Ended Schemes,Debt Scheme - Money Market Fund,08-05-2024,5341.90870
119092,HDFC Money Market Fund - Growth Option - Direct Plan,HDFC Mutual Fund,Open Ended Schemes,Debt Scheme - Money Market Fund,07-05-2024,5341.04150
119092,HDFC Money Market Fund - Growth Option - Direct Plan,HDFC Mutual Fund,Open Ended Schemes,Debt Scheme - Money Market Fund,06-05-2024,5339.65400
119092,HDFC Money Market Fund - Growth Option - Direct Plan,HDFC Mutual Fund,Open Ended Schemes,Debt Scheme - Money Market Fund,03-05-2024,5336.15670
119092,HDFC Money Market Fund - Growth Option - Direct Plan,HDFC Mutual Fund,Open Ended Schemes,Debt Scheme - Money Market Fund,02-05-2024,5334.90280
119092,HDFC Money Market Fund - Growth Option - Direct Plan,HDFC Mutual Fund,Open Ended Schemes,Debt Scheme - Money Market Fund,30-04-2024,5332.53760
119092,HDFC Money Market Fund - Growth Option - Direct Plan,HDFC Mutual Fund,Open Ended Schemes,Debt Scheme - Money Market Fund,29-04-2024,5331.64990
119092,HDFC Money Market Fund - Growth Option - Direct Plan,HDFC Mutual Fund,Open Ended Schemes,Debt Scheme - Money Market Fund,26-04-2024,5329.71890
119092,HDFC Money Market Fund - Growth Option - Direct Plan,HDFC Mutual Fund,Open Ended Schemes,Debt Scheme - Money Market Fund,25-04-2024,5328.73840
119092,HDFC Money Market Fund - Growth Option - Direct Plan,HDFC Mutual Fund,Open Ended Schemes,Debt Scheme - Money Market Fund,24-04-2024,5328.15880
119092,HDFC Money Market Fund - Growth Option - Direct Plan,HDFC Mutual Fund,Open Ended Schemes,Debt Scheme - Money Market Fund,23-04-2024,5327.98600
119092,HDFC Money Market Fund - Growth Option - Direct Plan,HDFC Mutual Fund,Open Ended Schemes,Debt Scheme - Money Market Fund,22-04-2024,5326.30750
119092,HDFC Money Market Fund - Growth Option - Direct Plan,HDFC Mutual Fund,Open Ended Schemes,Debt Scheme - Money Market Fund,19-04-2024,5323.48800
119092,HDFC Money Market Fund - Growth Option - Direct Plan,HDFC Mutual Fund,Open Ended Schemes,Debt Scheme - Money Market Fund,18-04-2024,5322.95490
119092,HDFC Money Market Fund - Growth Option - Direct Plan,HDFC Mutual Fund,Open Ended Schemes,Debt Scheme - Money Market Fund,16-04-2024,5321.35840
119092,HDFC Money Market Fund - Growth Option - Direct Plan,HDFC Mutual Fund,Open Ended Schemes,Debt Scheme - Money Market Fund,15-04-2024,5320.24380
119092,HDFC Money Market Fund - Growth Option - Direct Plan,HDFC Mutual Fund,Open Ended Schemes,Debt Scheme - Money Market Fund,12-04-2024,5317.42470
119092,HDFC Money Market Fund - Growth Option - Direct Plan,HDFC Mutual Fund,Open Ended Schemes,Debt Scheme - Money Market Fund,10-04-2024,5315.00840
119092,HDFC Money Market Fund - Growth Option - Direct Plan,HDFC Mutual Fund,Open Ended Schemes,Debt Scheme - Money Market Fund,08-04-2024,5311.38560
119092,HDFC Money Market Fund - Growth Option - Direct Plan,HDFC Mutual Fund,Open Ended Schemes,Debt Scheme - Money Market Fund,05-04-2024,5308.56450
119092,HDFC Money Market Fund - Growth Option - Direct Plan,HDFC Mutual Fund,Open Ended Schemes,Debt Scheme - Money Market Fund,04-04-2024,5306.75550
119092,HDFC Money Market Fund - Growth Option - Direct Plan,HDFC Mutual Fund,Open Ended Schemes,Debt Scheme - Money Market Fund,03-04-2024,5304.78410
119092,HDFC Money Market Fund - Growth Option - Direct Plan,HDFC Mutual Fund,Open Ended Schemes,Debt Scheme - Money Market Fund,02-04-2024,5304.01120
119092,HDFC Money Market Fund - Growth Option - Direct Plan,HDFC Mutual Fund,Open Ended Schemes,Debt Scheme - Money Market Fund,31-03-2024,5300.03710
119092,HDFC Money Market Fund - Growth Option - Direct Plan,HDFC Mutual Fund,Open Ended Schemes,Debt Scheme - Money Market Fund,28-03-2024,5297.00870
119092,HDFC Money Market Fund - Growth Option - Direct Plan,HDFC Mutual Fund,Open Ended Schemes,Debt Scheme - Money Market Fund,27-03-2024,5290.47670
119092,HDFC Money Market Fund - Growth Option - Direct Plan,HDFC Mutual Fund,Open Ended Schemes,Debt Scheme - Money Market Fund,26-03-2024,5289.85110
119092,HDFC Money Market Fund - Growth Option - Direct Plan,HDFC Mutual Fund,Open Ended Schemes,Debt Scheme - Money Market Fund,22-03-2024,5286.46820
119092,HDFC Money Market Fund - Growth Option - Direct Plan,HDFC Mutual Fund,Open Ended Schemes,Debt Scheme - Money Market Fund,21-03-2024,5285.85350
119092,HDFC Money Market Fund - Growth Option - Direct Plan,HDFC Mutual Fund,Open Ended Schemes,Debt Scheme - Money Market Fund,20-03-2024,5284.60480
119092,HDFC Money Market Fund - Growth Option - Direct Plan,HDFC Mutual Fund,Open Ended Schemes,Debt Scheme - Money Market Fund,19-03-2024,5283.29860
119092,HDFC Money Market Fund - Growth Option - Direct Plan,HDFC Mutual Fund,Open Ended Schemes,Debt Scheme - Money Market Fund,18-03-2024,5282.18910
119092,HDFC Money Market Fund - Growth Option - Direct Plan,HDFC Mutual Fund,Open Ended Schemes,Debt Scheme - Money Market Fund,15-03-2024,5278.46090
119092,HDFC Money Market Fund - Growth Option - Direct Plan,HDFC Mutual Fund,Open Ended Schemes,Debt Scheme - Money Market Fund,14-03-2024,5277.49850
119092,HDFC Money Market Fund - Growth Option - Direct Plan,HDFC Mutual Fund,Open Ended Schemes,Debt Scheme - Money Market Fund,13-03-2024,5276.92950
119092,HDFC Money Market Fund - Growth Option - Direct Plan,HDFC Mutual Fund,Open Ended Schemes,Debt Scheme - Money Market Fund,12-03-2024,5275.54390
119092,HDFC Money Market Fund - Growth Option - Direct Plan,HDFC Mutual Fund,Open Ended Schemes,Debt Scheme - Money Market Fund,11-03-2024,5274.14980
119092,HDFC Money Market Fund - Growth Option - Direct Plan,HDFC Mutual Fund,Open Ended Schemes,Debt Scheme - Money Market Fund,07-03-2024,5269.81280
119092,HDFC Money Market Fund - Growth Option - Direct Plan,HDFC Mutual Fund,Open Ended Schemes,Debt Scheme - Money Market Fund,06-03-2024,5268.49470
119092,HDFC Money Market Fund - Growth Option - Direct Plan,HDFC Mutual Fund,Open Ended Schemes,Debt Scheme - Money Market Fund,05-03-2024,5266.87760
119092,HDFC Money Market Fund - Growth Option - Direct Plan,HDFC Mutual Fund,Open Ended Schemes,Debt Scheme - Money Market Fund,04-03-2024,5265.36380
119092,HDFC Money Market Fund - Growth Option - Direct Plan,HDFC Mutual Fund,Open Ended Schemes,Debt Scheme - Money Market Fund,01-03-2024,5261.59190
119092,HDFC Money Market Fund - Growth Option - Direct Plan,HDFC Mutual Fund,Open Ended Schemes,Debt Scheme - Money Market Fund,29-02-2024,5260.25100
119092,HDFC Money Market Fund - Growth Option - Direct Plan,HDFC Mutual Fund,Open Ended Schemes,Debt Scheme - Money Market Fund,28-02-2024,5259.10810
119092,HDFC Money Market Fund - Growth Option - Direct Plan,HDFC Mutual Fund,Open Ended Schemes,Debt Scheme - Money Market Fund,27-02-2024,5257.50080
119092,HDFC Money Market Fund - Growth Option - Direct Plan,HDFC Mutual Fund,Open Ended Schemes,Debt Scheme - Money Market Fund,26-02-2024,5256.60000
119092,HDFC Money Market Fund - Growth Option - Direct Plan,HDFC Mutual Fund,Open Ended Schemes,Debt Scheme - Money Market Fund,23-02-2024,5253.47120
119092,HDFC Money Market Fund - Growth Option - Direct Plan,HDFC Mutual Fund,Open Ended Schemes,Debt Scheme - Money Market Fund,22-02-2024,5252.41380
119092,HDFC Money Market Fund - Growth Option - Direct Plan,HDFC Mutual Fund,Open Ended Schemes,Debt Scheme - Money Market Fund,21-02-2024,5250.08550
119092,HDFC Money Market Fund - Growth Option - Direct Plan,HDFC Mutual Fund,Open Ended Schemes,Debt Scheme - Money Market Fund,20-02-2024,5248.63770
119092,HDFC Money Market Fund - Growth Option - Direct Plan,HDFC Mutual Fund,Open Ended Schemes,Debt Scheme - Money Market Fund,16-02-2024,5244.07610
119092,HDFC Money Market Fund - Growth Option - Direct Plan,HDFC Mutual Fund,Open Ended Schemes,Debt Scheme - Money Market Fund,15-02-2024,5242.62890
119092,HDFC Money Market Fund - Growth Option - Direct Plan,HDFC Mutual Fund,Open Ended Schemes,Debt Scheme - Money Market Fund,14-02-2024,5241.25550
119092,HDFC Money Market Fund - Growth Option - Direct Plan,HDFC Mutual Fund,Open Ended Schemes,Debt Scheme - Money Market Fund,13-02-2024,5240.03320
119092,HDFC Money Market Fund - Growth Option - Direct Plan,HDFC Mutual Fund,Open Ended Schemes,Debt Scheme - Money Market Fund,12-02-2024,5239.07240
119092,HDFC Money Market Fund - Growth Option - Direct Plan,HDFC Mutual Fund,Open Ended Schemes,Debt Scheme - Money Market Fund,09-02-2024,5236.11590
119092,HDFC Money Market Fund - Growth Option - Direct Plan,HDFC Mutual Fund,Open Ended Schemes,Debt Scheme - Money Market Fund,08-02-2024,5235.51750
119092,HDFC Money Market Fund - Growth Option - Direct Plan,HDFC Mutual Fund,Open Ended Schemes,Debt Scheme - Money Market Fund,07-02-2024,5234.39760
119092,HDFC Money Market Fund - Growth Option - Direct Plan,HDFC Mutual Fund,Open Ended Schemes,Debt Scheme - Money Market Fund,06-02-2024,5233.07020
119092,HDFC Money Market Fund - Growth Option - Direct Plan,HDFC Mutual Fund,Open Ended Schemes,Debt Scheme - Money Market Fund,05-02-2024,5232.05890
119092,HDFC Money Market Fund - Growth Option - Direct Plan,HDFC Mutual Fund,Open Ended Schemes,Debt Scheme - Money Market Fund,02-02-2024,5228.98700
119092,HDFC Money Market Fund - Growth Option - Direct Plan,HDFC Mutual Fund,Open Ended Schemes,Debt Scheme - Money Market Fund,01-02-2024,5227.84260
119092,HDFC Money Market Fund - Growth Option - Direct Plan,HDFC Mutual Fund,Open Ended Schemes,Debt Scheme - Money Market Fund,31-01-2024,5226.69580
119092,HDFC Money Market Fund - Growth Option - Direct Plan,HDFC Mutual Fund,Open Ended Schemes,Debt Scheme - Money Market Fund,30-01-2024,5225.64730
119092,HDFC Money Market Fund - Growth Option - Direct Plan,HDFC Mutual Fund,Open Ended Schemes,Debt Scheme - Money Market Fund,29-01-2024,5224.72270
119092,HDFC Money Market Fund - Growth Option - Direct Plan,HDFC Mutual Fund,Open Ended Schemes,Debt Scheme - Money Market Fund,25-01-2024,5220.48060
119092,HDFC Money Market Fund - Growth Option - Direct Plan,HDFC Mutual Fund,Open Ended Schemes,Debt Scheme - Money Market Fund,24-01-2024,5219.44930
119092,HDFC Money Market Fund - Growth Option - Direct Plan,HDFC Mutual Fund,Open Ended Schemes,Debt Scheme - Money Market Fund,23-01-2024,5218.89640
119092,HDFC Money Market Fund - Growth Option - Direct Plan,HDFC Mutual Fund,Open Ended Schemes,Debt Scheme - Money Market Fund,19-01-2024,5215.48280
119092,HDFC Money Market Fund - Growth Option - Direct Plan,HDFC Mutual Fund,Open Ended Schemes,Debt Scheme - Money Market Fund,18-01-2024,5214.48320
119092,HDFC Money Market Fund - Growth Option - Direct Plan,HDFC Mutual Fund,Open Ended Schemes,Debt Scheme - Money Market Fund,17-01-2024,5213.67680
119092,HDFC Money Market Fund - Growth Option - Direct Plan,HDFC Mutual Fund,Open Ended Schemes,Debt Scheme - Money Market Fund,16-01-2024,5212.64480
119092,HDFC Money Market Fund - Growth Option - Direct Plan,HDFC Mutual Fund,Open Ended Schemes,Debt Scheme - Money Market Fund,15-01-2024,5211.89960
119092,HDFC Money Market Fund - Growth Option - Direct Plan,HDFC Mutual Fund,Open Ended Schemes,Debt Scheme - Money Market Fund,12-01-2024,5208.73350
119092,HDFC Money Market Fund - Growth Option - Direct Plan,HDFC Mutual Fund,Open Ended Schemes,Debt Scheme - Money Market Fund,11-01-2024,5207.60810
119092,HDFC Money Market Fund - Growth Option - Direct Plan,HDFC Mutual Fund,Open Ended Schemes,Debt Scheme - Money Market Fund,10-01-2024,5206.63080
119092,HDFC Money Market Fund - Growth Option - Direct Plan,HDFC Mutual Fund,Open Ended Schemes,Debt Scheme - Money Market Fund,09-01-2024,5205.59330
119092,HDFC Money Market Fund - Growth Option - Direct Plan,HDFC Mutual Fund,Open Ended Schemes,Debt Scheme - Money Market Fund,08-01-2024,5204.44000
119092,HDFC Money Market Fund - Growth Option - Direct Plan,HDFC Mutual Fund,Open Ended Schemes,Debt Scheme - Money Market Fund,05-01-2024,5201.39860
119092,HDFC Money Market Fund - Growth Option - Direct Plan,HDFC Mutual Fund,Open Ended Schemes,Debt Scheme - Money Market Fund,04-01-2024,5200.31980
119092,HDFC Money Market Fund - Growth Option - Direct Plan,HDFC Mutual Fund,Open Ended Schemes,Debt Scheme - Money Market Fund,03-01-2024,5199.34730
119092,HDFC Money Market Fund - Growth Option - Direct Plan,HDFC Mutual Fund,Open Ended Schemes,Debt Scheme - Money Market Fund,02-01-2024,5198.23700
119092,HDFC Money Market Fund - Growth Option - Direct Plan,HDFC Mutual Fund,Open Ended Schemes,Debt Scheme - Money Market Fund,01-01-2024,5197.21060
119092,HDFC Money Market Fund - Growth Option - Direct Plan,HDFC Mutual Fund,Open Ended Schemes,Debt Scheme - Money Market Fund,29-12-2023,5193.57660
119092,HDFC Money Market Fund - Growth Option - Direct Plan,HDFC Mutual Fund,Open Ended Schemes,Debt Scheme - Money Market Fund,28-12-2023,5191.48520
119092,HDFC Money Market Fund - Growth Option - Direct Plan,HDFC Mutual Fund,Open Ended Schemes,Debt Scheme - Money Market Fund,27-12-2023,5190.18560
119092,HDFC Money Market Fund - Growth Option - Direct Plan,HDFC Mutual Fund,Open Ended Schemes,Debt Scheme - Money Market Fund,26-12-2023,5189.37860
119092,HDFC Money Market Fund - Growth Option - Direct Plan,HDFC Mutual Fund,Open Ended Schemes,Debt Scheme - Money Market Fund,22-12-2023,5185.13210
119092,HDFC Money Market Fund - Growth Option - Direct Plan,HDFC Mutual Fund,Open Ended Schemes,Debt Scheme - Money Market Fund,21-12-2023,5184.30510
119092,HDFC Money Market Fund - Growth Option - Direct Plan,HDFC Mutual Fund,Open Ended Schemes,Debt Scheme - Money Market Fund,20-12-2023,5183.17920
119092,HDFC Money Market Fund - Growth Option - Direct Plan,HDFC Mutual Fund,Open Ended Schemes,Debt Scheme - Money Market Fund,19-12-2023,5182.06730
119092,HDFC Money Market Fund - Growth Option - Direct Plan,HDFC Mutual Fund,Open Ended Schemes,Debt Scheme - Money Market Fund,18-12-2023,5180.89390
119092,HDFC Money Market Fund - Growth Option - Direct Plan,HDFC Mutual Fund,Open Ended Schemes,Debt Scheme - Money Market Fund,15-12-2023,5178.09310
119092,HDFC Money Market Fund - Growth Option - Direct Plan,HDFC Mutual Fund,Open Ended Schemes,Debt Scheme - Money Market Fund,14-12-2023,5177.15240
119092,HDFC Money Market Fund - Growth Option - Direct Plan,HDFC Mutual Fund,Open Ended Schemes,Debt Scheme - Money Market Fund,13-12-2023,5176.11250
119092,HDFC Money Market Fund - Growth Option - Direct Plan,HDFC Mutual Fund,Open Ended Schemes,Debt Scheme - Money Market Fund,12-12-2023,5175.22780
119092,HDFC Money Market Fund - Growth Option - Direct Plan,HDFC Mutual Fund,Open Ended Schemes,Debt Scheme - Money Market Fund,11-12-2023,5174.66760
119092,HDFC Money Market Fund - Growth Option - Direct Plan,HDFC Mutual Fund,Open Ended Schemes,Debt Scheme - Money Market Fund,08-12-2023,5171.75290
119092,HDFC Money Market Fund - Growth Option - Direct Plan,HDFC Mutual Fund,Open Ended Schemes,Debt Scheme - Money Market Fund,07-12-2023,5170.84410
119092,HDFC Money Market Fund - Growth Option - Direct Plan,HDFC Mutual Fund,Open Ended Schemes,Debt Scheme - Money Market Fund,06-12-2023,5169.77170
119092,HDFC Money Market Fund - Growth Option - Direct Plan,HDFC Mutual Fund,Open Ended Schemes,Debt Scheme - Money Market Fund,05-12-2023,5168.72660
119092,HDFC Money Market Fund - Growth Option - Direct Plan,HDFC Mutual Fund,Open Ended Schemes,Debt Scheme - Money Market Fund,04-12-2023,5167.60940
119092,HDFC Money Market Fund - Growth Option - Direct Plan,HDFC Mutual Fund,Open Ended Schemes,Debt Scheme - Money Market Fund,01-12-2023,5164.71240
119092,HDFC Money Market Fund - Growth Option - Direct Plan,HDFC Mutual Fund,Open Ended Schemes,Debt Scheme - Money Market Fund,30-11-2023,5163.96290
119092,HDFC Money Market Fund - Growth Option - Direct Plan,HDFC Mutual Fund,Open Ended Schemes,Debt Scheme - Money Market Fund,29-11-2023,5163.06560
119092,HDFC Money Market Fund - Growth Option - Direct Plan,HDFC Mutual Fund,Open Ended Schemes,Debt Scheme - Money Market Fund,28-11-2023,5162.14080
119092,HDFC Money Market Fund - Growth Option - Direct Plan,HDFC Mutual Fund,Open Ended Schemes,Debt Scheme - Money Market Fund,24-11-2023,5158.09030
119092,HDFC Money Market Fund - Growth Option - Direct Plan,HDFC Mutual Fund,Open Ended Schemes,Debt Scheme - Money Market Fund,23-11-2023,5157.12380
119092,HDFC Money Market Fund - Growth Option - Direct Plan,HDFC Mutual Fund,Open Ended Schemes,Debt Scheme - Money Market Fund,22-11-2023,5156.20530
119092,HDFC Money Market Fund - Growth Option - Direct Plan,HDFC Mutual Fund,Open Ended Schemes,Debt Scheme - Money Market Fund,21-11-2023,5155.32520
119092,HDFC Money Market Fund - Growth Option - Direct Plan,HDFC Mutual Fund,Open Ended Schemes,Debt Scheme - Money Market Fund,20-11-2023,5154.46940
119092,HDFC Money Market Fund - Growth Option - Direct Plan,HDFC Mutual Fund,Open Ended Schemes,Debt Scheme - Money Market Fund,17-11-2023,5151.48420
119092,HDFC Money Market Fund - Growth Option - Direct Plan,HDFC Mutual Fund,Open Ended Schemes,Debt Scheme - Money Market Fund,16-11-2023,5150.47050
119092,HDFC Money Market Fund - Growth Option - Direct Plan,HDFC Mutual Fund,Open Ended Schemes,Debt Scheme - Money Market Fund,15-11-2023,5149.58850
119092,HDFC Money Market Fund - Growth Option - Direct Plan,HDFC Mutual Fund,Open Ended Schemes,Debt Scheme - Money Market Fund,13-11-2023,5147.51460
119092,HDFC Money Market Fund - Growth Option - Direct Plan,HDFC Mutual Fund,Open Ended Schemes,Debt Scheme - Money Market Fund,10-11-2023,5144.36490
119092,HDFC Money Market Fund - Growth Option - Direct Plan,HDFC Mutual Fund,Open Ended Schemes,Debt Scheme - Money Market Fund,09-11-2023,5143.62610
119092,HDFC Money Market Fund - Growth Option - Direct Plan,HDFC Mutual Fund,Open Ended Schemes,Debt Scheme - Money Market Fund,08-11-2023,5142.85130
119092,HDFC Money Market Fund - Growth Option - Direct Plan,HDFC Mutual Fund,Open Ended Schemes,Debt Scheme - Money Market Fund,07-11-2023,5141.91360
119092,HDFC Money Market Fund - Growth Option - Direct Plan,HDFC Mutual Fund,Open Ended Schemes,Debt Scheme - Money Market Fund,06-11-2023,5140.84250
119092,HDFC Money Market Fund - Growth Option - Direct Plan,HDFC Mutual Fund,Open Ended Schemes,Debt Scheme - Money Market Fund,03-11-2023,5137.65920
119092,HDFC Money Market Fund - Growth Option - Direct Plan,HDFC Mutual Fund,Open Ended Schemes,Debt Scheme - Money Market Fund,02-11-2023,5136.42730
119092,HDFC Money Market Fund - Growth Option - Direct Plan,HDFC Mutual Fund,Open Ended Schemes,Debt Scheme - Money Market Fund,01-11-2023,5135.45410
119092,HDFC Money Market Fund - Growth Option - Direct Plan,HDFC Mutual Fund,Open Ended Schemes,Debt Scheme - Money Market Fund,31-10-2023,5134.28750
119092,HDFC Money Market Fund - Growth Option - Direct Plan,HDFC Mutual Fund,Open Ended Schemes,Debt Scheme - Money Market Fund,30-10-2023,5133.26660
119092,HDFC Money Market Fund - Growth Option - Direct Plan,HDFC Mutual Fund,Open Ended Schemes,Debt Scheme - Money Market Fund,27-10-2023,5130.89880
119092,HDFC Money Market Fund - Growth Option - Direct Plan,HDFC Mutual Fund,Open Ended Schemes,Debt Scheme - Money Market Fund,26-10-2023,5129.78000
119092,HDFC Money Market Fund - Growth Option - Direct Plan,HDFC Mutual Fund,Open Ended Schemes,Debt Scheme - Money Market Fund,25-10-2023,5128.76310
119092,HDFC Money Market Fund - Growth Option - Direct Plan,HDFC Mutual Fund,Open Ended Schemes,Debt Scheme - Money Market Fund,23-10-2023,5126.86810
119092,HDFC Money Market Fund - Growth Option - Direct Plan,HDFC Mutual Fund,Open Ended Schemes,Debt Scheme - Money Market Fund,20-10-2023,5124.05580
119092,HDFC Money Market Fund - Growth Option - Direct Plan,HDFC Mutual Fund,Open Ended Schemes,Debt Scheme - Money Market Fund,19-10-2023,5123.22390
119092,HDFC Money Market Fund - Growth Option - Direct Plan,HDFC Mutual Fund,Open Ended Schemes,Debt Scheme - Money Market Fund,18-10-2023,5122.55650
119092,HDFC Money Market Fund - Growth Option - Direct Plan,HDFC Mutual Fund,Open Ended Schemes,Debt Scheme - Money Market Fund,17-10-2023,5121.46130
119092,HDFC Money Market Fund - Growth Option - Direct Plan,HDFC Mutual Fund,Open Ended Schemes,Debt Scheme - Money Market Fund,16-10-2023,5120.51540
119092,HDFC Money Market Fund - Growth Option - Direct Plan,HDFC Mutual Fund,Open Ended Schemes,Debt Scheme - Money Market Fund,13-10-2023,5117.96740
119092,HDFC Money Market Fund - Growth Option - Direct Plan,HDFC Mutual Fund,Open Ended Schemes,Debt Scheme - Money Market Fund,12-10-2023,5117.07450
119092,HDFC Money Market Fund - Growth Option - Direct Plan,HDFC Mutual Fund,Open Ended Schemes,Debt Scheme - Money Market Fund,11-10-2023,5116.14580
119092,HDFC Money Market Fund - Growth Option - Direct Plan,HDFC Mutual Fund,Open Ended Schemes,Debt Scheme - Money Market Fund,10-10-2023,5115.02500
119092,HDFC Money Market Fund - Growth Option - Direct Plan,HDFC Mutual Fund,Open Ended Schemes,Debt Scheme - Money Market Fund,09-10-2023,5114.26860
119092,HDFC Money Market Fund - Growth Option - Direct Plan,HDFC Mutual Fund,Open Ended Schemes,Debt Scheme - Money Market Fund,06-10-2023,5111.51970
119092,HDFC Money Market Fund - Growth Option - Direct Plan,HDFC Mutual Fund,Open Ended Schemes,Debt Scheme - Money Market Fund,05-10-2023,5111.21000
119092,HDFC Money Market Fund - Growth Option - Direct Plan,HDFC Mutual Fund,Open Ended Schemes,Debt Scheme - Money Market Fund,04-10-2023,5110.15300
119092,HDFC Money Market Fund - Growth Option - Direct Plan,HDFC Mutual Fund,Open Ended Schemes,Debt Scheme - Money Market Fund,03-10-2023,5108.67260
119092,HDFC Money Market Fund - Growth Option - Direct Plan,HDFC Mutual Fund,Open Ended Schemes,Debt Scheme - Money Market Fund,30-09-2023,5105.55010
119092,HDFC Money Market Fund - Growth Option - Direct Plan,HDFC Mutual Fund,Open Ended Schemes,Debt Scheme - Money Market Fund,29-09-2023,5104.56850
119092,HDFC Money Market Fund - Growth Option - Direct Plan,HDFC Mutual Fund,Open Ended Schemes,Debt Scheme - Money Market Fund,27-09-2023,5102.14230
119092,HDFC Money Market Fund - Growth Option - Direct Plan,HDFC Mutual Fund,Open Ended Schemes,Debt Scheme - Money Market Fund,26-09-2023,5100.86390
119092,HDFC Money Market Fund - Growth Option - Direct Plan,HDFC Mutual Fund,Open Ended Schemes,Debt Scheme - Money Market Fund,25-09-2023,5100.29510
119092,HDFC Money Market Fund - Growth Option - Direct Plan,HDFC Mutual Fund,Open Ended Schemes,Debt Scheme - Money Market Fund,22-09-2023,5097.36960
119092,HDFC Money Market Fund - Growth Option - Direct Plan,HDFC Mutual Fund,Open Ended Schemes,Debt Scheme - Money Market Fund,21-09-2023,5096.32560
119092,HDFC Money Market Fund - Growth Option - Direct Plan,HDFC Mutual Fund,Open Ended Schemes,Debt Scheme - Money Market Fund,20-09-2023,5095.72440
119092,HDFC Money Market Fund - Growth Option - Direct Plan,HDFC Mutual Fund,Open Ended Schemes,Debt Scheme - Money Market Fund,18-09-2023,5093.80390
119092,HDFC Money Market Fund - Growth Option - Direct Plan,HDFC Mutual Fund,Open Ended Schemes,Debt Scheme - Money Market Fund,15-09-2023,5091.15680
119092,HDFC Money Market Fund - Growth Option - Direct Plan,HDFC Mutual Fund,Open Ended Schemes,Debt Scheme - Money Market Fund,14-09-2023,5090.14530
119092,HDFC Money Market Fund - Growth Option - Direct Plan,HDFC Mutual Fund,Open Ended Schemes,Debt Scheme - Money Market Fund,13-09-2023,5089.17320
119092,HDFC Money Market Fund - Growth Option - Direct Plan,HDFC Mutual Fund,Open Ended Schemes,Debt Scheme - Money Market Fund,12-09-2023,5088.27710
119092,HDFC Money Market Fund - Growth Option - Direct Plan,HDFC Mutual Fund,Open Ended Schemes,Debt Scheme - Money Market Fund,11-09-2023,5087.48680
119092,HDFC Money Market Fund - Growth Option - Direct Plan,HDFC Mutual Fund,Open Ended Schemes,Debt Scheme - Money Market Fund,08-09-2023,5084.70790
119092,HDFC Money Market Fund - Growth Option - Direct Plan,HDFC Mutual Fund,Open Ended Schemes,Debt Scheme - Money Market Fund,07-09-2023,5083.72200
119092,HDFC Money Market Fund - Growth Option - Direct Plan,HDFC Mutual Fund,Open Ended Schemes,Debt Scheme - Money Market Fund,06-09-2023,5082.77200
119092,HDFC Money Market Fund - Growth Option - Direct Plan,HDFC Mutual Fund,Open Ended Schemes,Debt Scheme - Money Market Fund,05-09-2023,5081.82070
119092,HDFC Money Market Fund - Growth Option - Direct Plan,HDFC Mutual Fund,Open Ended Schemes,Debt Scheme - Money Market Fund,04-09-2023,5080.65770
119092,HDFC Money Market Fund - Growth Option - Direct Plan,HDFC Mutual Fund,Open Ended Schemes,Debt Scheme - Money Market Fund,01-09-2023,5077.80250
119092,HDFC Money Market Fund - Growth Option - Direct Plan,HDFC Mutual Fund,Open Ended Schemes,Debt Scheme - Money Market Fund,31-08-2023,5076.76480
119092,HDFC Money Market Fund - Growth Option - Direct Plan,HDFC Mutual Fund,Open Ended Schemes,Debt Scheme - Money Market Fund,30-08-2023,5075.80530
119092,HDFC Money Market Fund - Growth Option - Direct Plan,HDFC Mutual Fund,Open Ended Schemes,Debt Scheme - Money Market Fund,29-08-2023,5074.60120
119092,HDFC Money Market Fund - Growth Option - Direct Plan,HDFC Mutual Fund,Open Ended Schemes,Debt Scheme - Money Market Fund,28-08-2023,5073.60430
119092,HDFC Money Market Fund - Growth Option - Direct Plan,HDFC Mutual Fund,Open Ended Schemes,Debt Scheme - Money Market Fund,25-08-2023,5070.67540
119092,HDFC Money Market Fund - Growth Option - Direct Plan,HDFC Mutual Fund,Open Ended Schemes,Debt Scheme - Money Market Fund,24-08-2023,5069.67030
119092,HDFC Money Market Fund - Growth Option - Direct Plan,HDFC Mutual Fund,Open Ended Schemes,Debt Scheme - Money Market Fund,23-08-2023,5068.54810
119092,HDFC Money Market Fund - Growth Option - Direct Plan,HDFC Mutual Fund,Open Ended Schemes,Debt Scheme - Money Market Fund,22-08-2023,5067.77830
119092,HDFC Money Market Fund - Growth Option - Direct Plan,HDFC Mutual Fund,Open Ended Schemes,Debt Scheme - Money Market Fund,21-08-2023,5066.71370
119092,HDFC Money Market Fund - Growth Option - Direct Plan,HDFC Mutual Fund,Open Ended Schemes,Debt Scheme - Money Market Fund,18-08-2023,5063.51860
119092,HDFC Money Market Fund - Growth Option - Direct Plan,HDFC Mutual Fund,Open Ended Schemes,Debt Scheme - Money Market Fund,17-08-2023,5062.44470
119092,HDFC Money Market Fund - Growth Option - Direct Plan,HDFC Mutual Fund,Open Ended Schemes,Debt Scheme - Money Market Fund,14-08-2023,5060.41590
119092,HDFC Money Market Fund - Growth Option - Direct Plan,HDFC Mutual Fund,Open Ended Schemes,Debt Scheme - Money Market Fund,11-08-2023,5057.83630
119092,HDFC Money Market Fund - Growth Option - Direct Plan,HDFC Mutual Fund,Open Ended Schemes,Debt Scheme - Money Market Fund,10-08-2023,5057.69160
119092,HDFC Money Market Fund - Growth Option - Direct Plan,HDFC Mutual Fund,Open Ended Schemes,Debt Scheme - Money Market Fund,09-08-2023,5057.07630
119092,HDFC Money Market Fund - Growth Option - Direct Plan,HDFC Mutual Fund,Open Ended Schemes,Debt Scheme - Money Market Fund,08-08-2023,5056.13370
119092,HDFC Money Market Fund - Growth Option - Direct Plan,HDFC Mutual Fund,Open Ended Schemes,Debt Scheme - Money Market Fund,07-08-2023,5055.16320
119092,HDFC Money Market Fund - Growth Option - Direct Plan,HDFC Mutual Fund,Open Ended Schemes,Debt Scheme - Money Market Fund,04-08-2023,5052.34650
119092,HDFC Money Market Fund - Growth Option - Direct Plan,HDFC Mutual Fund,Open Ended Schemes,Debt Scheme - Money Market Fund,03-08-2023,5051.48500
119092,HDFC Money Market Fund - Growth Option - Direct Plan,HDFC Mutual Fund,Open Ended Schemes,Debt Scheme - Money Market Fund,02-08-2023,5050.68150
119092,HDFC Money Market Fund - Growth Option - Direct Plan,HDFC Mutual Fund,Open Ended Schemes,Debt Scheme - Money Market Fund,01-08-2023,5049.96810
119092,HDFC Money Market Fund - Growth Option - Direct Plan,HDFC Mutual Fund,Open Ended Schemes,Debt Scheme - Money Market Fund,31-07-2023,5048.92660
119092,HDFC Money Market Fund - Growth Option - Direct Plan,HDFC Mutual Fund,Open Ended Schemes,Debt Scheme - Money Market Fund,28-07-2023,5046.23060
119092,HDFC Money Market Fund - Growth Option - Direct Plan,HDFC Mutual Fund,Open Ended Schemes,Debt Scheme - Money Market Fund,27-07-2023,5045.40770
119092,HDFC Money Market Fund - Growth Option - Direct Plan,HDFC Mutual Fund,Open Ended Schemes,Debt Scheme - Money Market Fund,26-07-2023,5044.56960
119092,HDFC Money Market Fund - Growth Option - Direct Plan,HDFC Mutual Fund,Open Ended Schemes,Debt Scheme - Money Market Fund,25-07-2023,5043.51190
119092,HDFC Money Market Fund - Growth Option - Direct Plan,HDFC Mutual Fund,Open Ended Schemes,Debt Scheme - Money Market Fund,24-07-2023,5042.50250
119092,HDFC Money Market Fund - Growth Option - Direct Plan,HDFC Mutual Fund,Open Ended Schemes,Debt Scheme - Money Market Fund,21-07-2023,5039.63740
119092,HDFC Money Market Fund - Growth Option - Direct Plan,HDFC Mutual Fund,Open Ended Schemes,Debt Scheme - Money Market Fund,20-07-2023,5038.55360
119092,HDFC Money Market Fund - Growth Option - Direct Plan,HDFC Mutual Fund,Open Ended Schemes,Debt Scheme - Money Market Fund,19-07-2023,5037.10630
119092,HDFC Money Market Fund - Growth Option - Direct Plan,HDFC Mutual Fund,Open Ended Schemes,Debt Scheme - Money Market Fund,18-07-2023,5036.27900
119092,HDFC Money Market Fund - Growth Option - Direct Plan,HDFC Mutual Fund,Open Ended Schemes,Debt Scheme - Money Market Fund,17-07-2023,5035.23320
119092,HDFC Money Market Fund - Growth Option - Direct Plan,HDFC Mutual Fund,Open Ended Schemes,Debt Scheme - Money Market Fund,14-07-2023,5032.53970
119092,HDFC Money Market Fund - Growth Option - Direct Plan,HDFC Mutual Fund,Open Ended Schemes,Debt Scheme - Money Market Fund,13-07-2023,5031.29730
119092,HDFC Money Market Fund - Growth Option - Direct Plan,HDFC Mutual Fund,Open Ended Schemes,Debt Scheme - Money Market Fund,12-07-2023,5029.90350
119092,HDFC Money Market Fund - Growth Option - Direct Plan,HDFC Mutual Fund,Open Ended Schemes,Debt Scheme - Money Market Fund,11-07-2023,5028.79800
119092,HDFC Money Market Fund - Growth Option - Direct Plan,HDFC Mutual Fund,Open Ended Schemes,Debt Scheme - Money Market Fund,10-07-2023,5027.76190
119092,HDFC Money Market Fund - Growth Option - Direct Plan,HDFC Mutual Fund,Open Ended Schemes,Debt Scheme - Money Market Fund,07-07-2023,5025.17110
119092,HDFC Money Market Fund - Growth Option - Direct Plan,HDFC Mutual Fund,Open Ended Schemes,Debt Scheme - Money Market Fund,06-07-2023,5024.06040
119092,HDFC Money Market Fund - Growth Option - Direct Plan,HDFC Mutual Fund,Open Ended Schemes,Debt Scheme - Money Market Fund,05-07-2023,5023.19110
119092,HDFC Money Market Fund - Growth Option - Direct Plan,HDFC Mutual Fund,Open Ended Schemes,Debt Scheme - Money Market Fund,04-07-2023,5022.00790
119092,HDFC Money Market Fund - Growth Option - Direct Plan,HDFC Mutual Fund,Open Ended Schemes,Debt Scheme - Money Market Fund,03-07-2023,5020.38360
119092,HDFC Money Market Fund - Growth Option - Direct Plan,HDFC Mutual Fund,Open Ended Schemes,Debt Scheme - Money Market Fund,30-06-2023,5016.99210
119092,HDFC Money Market Fund - Growth Option - Direct Plan,HDFC Mutual Fund,Open Ended Schemes,Debt Scheme - Money Market Fund,28-06-2023,5014.81760
119092,HDFC Money Market Fund - Growth Option - Direct Plan,HDFC Mutual Fund,Open Ended Schemes,Debt Scheme - Money Market Fund,27-06-2023,5013.59750
119092,HDFC Money Market Fund - Growth Option - Direct Plan,HDFC Mutual Fund,Open Ended Schemes,Debt Scheme - Money Market Fund,26-06-2023,5012.88090
119092,HDFC Money Market Fund - Growth Option - Direct Plan,HDFC Mutual Fund,Open Ended Schemes,Debt Scheme - Money Market Fund,23-06-2023,5010.35980
119092,HDFC Money Market Fund - Growth Option - Direct Plan,HDFC Mutual Fund,Open Ended Schemes,Debt Scheme - Money Market Fund,22-06-2023,5009.89540
119092,HDFC Money Market Fund - Growth Option - Direct Plan,HDFC Mutual Fund,Open Ended Schemes,Debt Scheme - Money Market Fund,21-06-2023,5008.66140
119092,HDFC Money Market Fund - Growth Option - Direct Plan,HDFC Mutual Fund,Open Ended Schemes,Debt Scheme - Money Market Fund,20-06-2023,5007.87450
119092,HDFC Money Market Fund - Growth Option - Direct Plan,HDFC Mutual Fund,Open Ended Schemes,Debt Scheme - Money Market Fund,19-06-2023,5006.98650
119092,HDFC Money Market Fund - Growth Option - Direct Plan,HDFC Mutual Fund,Open Ended Schemes,Debt Scheme - Money Market Fund,16-06-2023,5003.98140
119092,HDFC Money Market Fund - Growth Option - Direct Plan,HDFC Mutual Fund,Open Ended Schemes,Debt Scheme - Money Market Fund,15-06-2023,5002.81860
119092,HDFC Money Market Fund - Growth Option - Direct Plan,HDFC Mutual Fund,Open Ended Schemes,Debt Scheme - Money Market Fund,14-06-2023,5001.86160
119092,HDFC Money Market Fund - Growth Option - Direct Plan,HDFC Mutual Fund,Open Ended Schemes,Debt Scheme - Money Market Fund,13-06-2023,5000.21520
119092,HDFC Money Market Fund - Growth Option - Direct Plan,HDFC Mutual Fund,Open Ended Schemes,Debt Scheme - Money Market Fund,12-06-2023,4998.82330
119092,HDFC Money Market Fund - Growth Option - Direct Plan,HDFC Mutual Fund,Open Ended Schemes,Debt Scheme - Money Market Fund,09-06-2023,4996.20440
119092,HDFC Money Market Fund - Growth Option - Direct Plan,HDFC Mutual Fund,Open Ended Schemes,Debt Scheme - Money Market Fund,08-06-2023,4995.94090
119092,HDFC Money Market Fund - Growth Option - Direct Plan,HDFC Mutual Fund,Open Ended Schemes,Debt Scheme - Money Market Fund,07-06-2023,4995.46220
119092,HDFC Money Market Fund - Growth Option - Direct Plan,HDFC Mutual Fund,Open Ended Schemes,Debt Scheme - Money Market Fund,06-06-2023,4994.30020
119092,HDFC Money Market Fund - Growth Option - Direct Plan,HDFC Mutual Fund,Open Ended Schemes,Debt Scheme - Money Market Fund,05-06-2023,4993.03460
119092,HDFC Money Market Fund - Growth Option - Direct Plan,HDFC Mutual Fund,Open Ended Schemes,Debt Scheme - Money Market Fund,02-06-2023,4990.05110
119092,HDFC Money Market Fund - Growth Option - Direct Plan,HDFC Mutual Fund,Open Ended Schemes,Debt Scheme - Money Market Fund,01-06-2023,4988.83850
119092,HDFC Money Market Fund - Growth Option - Direct Plan,HDFC Mutual Fund,Open Ended Schemes,Debt Scheme - Money Market Fund,31-05-2023,4987.28290
119092,HDFC Money Market Fund - Growth Option - Direct Plan,HDFC Mutual Fund,Open Ended Schemes,Debt Scheme - Money Market Fund,30-05-2023,4986.49290
119092,HDFC Money Market Fund - Growth Option - Direct Plan,HDFC Mutual Fund,Open Ended Schemes,Debt Scheme - Money Market Fund,29-05-2023,4985.53430
119092,HDFC Money Market Fund - Growth Option - Direct Plan,HDFC Mutual Fund,Open Ended Schemes,Debt Scheme - Money Market Fund,26-05-2023,4983.24040
119092,HDFC Money Market Fund - Growth Option - Direct Plan,HDFC Mutual Fund,Open Ended Schemes,Debt Scheme - Money Market Fund,25-05-2023,4982.39410
119092,HDFC Money Market Fund - Growth Option - Direct Plan,HDFC Mutual Fund,Open Ended Schemes,Debt Scheme - Money Market Fund,24-05-2023,4981.76310
119092,HDFC Money Market Fund - Growth Option - Direct Plan,HDFC Mutual Fund,Open Ended Schemes,Debt Scheme - Money Market Fund,23-05-2023,4981.17770
119092,HDFC Money Market Fund - Growth Option - Direct Plan,HDFC Mutual Fund,Open Ended Schemes,Debt Scheme - Money Market Fund,22-05-2023,4981.37210
119092,HDFC Money Market Fund - Growth Option - Direct Plan,HDFC Mutual Fund,Open Ended Schemes,Debt Scheme - Money Market Fund,19-05-2023,4975.80540
119092,HDFC Money Market Fund - Growth Option - Direct Plan,HDFC Mutual Fund,Open Ended Schemes,Debt Scheme - Money Market Fund,18-05-2023,4974.57890
119092,HDFC Money Market Fund - Growth Option - Direct Plan,HDFC Mutual Fund,Open Ended Schemes,Debt Scheme - Money Market Fund,17-05-2023,4973.24570
119092,HDFC Money Market Fund - Growth Option - Direct Plan,HDFC Mutual Fund,Open Ended Schemes,Debt Scheme - Money Market Fund,16-05-2023,4971.84110
119092,HDFC Money Market Fund - Growth Option - Direct Plan,HDFC Mutual Fund,Open Ended Schemes,Debt Scheme - Money Market Fund,15-05-2023,4969.73480
119092,HDFC Money Market Fund - Growth Option - Direct Plan,HDFC Mutual Fund,Open Ended Schemes,Debt Scheme - Money Market Fund,12-05-2023,4966.29310
119092,HDFC Money Market Fund - Growth Option - Direct Plan,HDFC Mutual Fund,Open Ended Schemes,Debt Scheme - Money Market Fund,11-05-2023,4965.48880
119092,HDFC Money Market Fund - Growth Option - Direct Plan,HDFC Mutual Fund,Open Ended Schemes,Debt Scheme - Money Market Fund,10-05-2023,4964.59850
119092,HDFC Money Market Fund - Growth Option - Direct Plan,HDFC Mutual Fund,Open Ended Schemes,Debt Scheme - Money Market Fund,09-05-2023,4963.45630
119092,HDFC Money Market Fund - Growth Option - Direct Plan,HDFC Mutual Fund,Open Ended Schemes,Debt Scheme - Money Market Fund,08-05-2023,4962.76550
119092,HDFC Money Market Fund - Growth Option - Direct Plan,HDFC Mutual Fund,Open Ended Schemes,Debt Scheme - Money Market Fund,04-05-2023,4958.79090
119092,HDFC Money Market Fund - Growth Option - Direct Plan,HDFC Mutual Fund,Open Ended Schemes,Debt Scheme - Money Market Fund,03-05-2023,4957.88920
119092,HDFC Money Market Fund - Growth Option - Direct Plan,HDFC Mutual Fund,Open Ended Schemes,Debt Scheme - Money Market Fund,02-05-2023,4956.53760
119092,HDFC Money Market Fund - Growth Option - Direct Plan,HDFC Mutual Fund,Open Ended Schemes,Debt Scheme - Money Market Fund,28-04-2023,4953.58020
119092,HDFC Money Market Fund - Growth Option - Direct Plan,HDFC Mutual Fund,Open Ended Schemes,Debt Scheme - Money Market Fund,27-04-2023,4952.91070
119092,HDFC Money Market Fund - Growth Option - Direct Plan,HDFC Mutual Fund,Open Ended Schemes,Debt Scheme - Money Market Fund,26-04-2023,4952.29170
119092,HDFC Money Market Fund - Growth Option - Direct Plan,HDFC Mutual Fund,Open Ended Schemes,Debt Scheme - Money Market Fund,25-04-2023,4951.23210
119092,HDFC Money Market Fund - Growth Option - Direct Plan,HDFC Mutual Fund,Open Ended Schemes,Debt Scheme - Money Market Fund,24-04-2023,4950.30000
119092,HDFC Money Market Fund - Growth Option - Direct Plan,HDFC Mutual Fund,Open Ended Schemes,Debt Scheme - Money Market Fund,21-04-2023,4947.61600
119092,HDFC Money Market Fund - Growth Option - Direct Plan,HDFC Mutual Fund,Open Ended Schemes,Debt Scheme - Money Market Fund,20-04-2023,4946.63850
119092,HDFC Money Market Fund - Growth Option - Direct Plan,HDFC Mutual Fund,Open Ended Schemes,Debt Scheme - Money Market Fund,19-04-2023,4945.68510
119092,HDFC Money Market Fund - Growth Option - Direct Plan,HDFC Mutual Fund,Open Ended Schemes,Debt Scheme - Money Market Fund,18-04-2023,4944.46910
119092,HDFC Money Market Fund - Growth Option - Direct Plan,HDFC Mutual Fund,Open Ended Schemes,Debt Scheme - Money Market Fund,17-04-2023,4942.87650
119092,HDFC Money Market Fund - Growth Option - Direct Plan,HDFC Mutual Fund,Open Ended Schemes,Debt Scheme - Money Market Fund,13-04-2023,4938.94910
119092,HDFC Money Market Fund - Growth Option - Direct Plan,HDFC Mutual Fund,Open Ended Schemes,Debt Scheme - Money Market Fund,12-04-2023,4937.77670
119092,HDFC Money Market Fund - Growth Option - Direct Plan,HDFC Mutual Fund,Open Ended Schemes,Debt Scheme - Money Market Fund,11-04-2023,4935.94580
119092,HDFC Money Market Fund - Growth Option - Direct Plan,HDFC Mutual Fund,Open Ended Schemes,Debt Scheme - Money Market Fund,10-04-2023,4935.04260
119092,HDFC Money Market Fund - Growth Option - Direct Plan,HDFC Mutual Fund,Open Ended Schemes,Debt Scheme - Money Market Fund,06-04-2023,4930.17610
119092,HDFC Money Market Fund - Growth Option - Direct Plan,HDFC Mutual Fund,Open Ended Schemes,Debt Scheme - Money Market Fund,05-04-2023,4926.30660
119092,HDFC Money Market Fund - Growth Option - Direct Plan,HDFC Mutual Fund,Open Ended Schemes,Debt Scheme - Money Market Fund,03-04-2023,4924.55760
119092,HDFC Money Market Fund - Growth Option - Direct Plan,HDFC Mutual Fund,Open Ended Schemes,Debt Scheme - Money Market Fund,31-03-2023,4921.71550
119092,HDFC Money Market Fund - Growth Option - Direct Plan,HDFC Mutual Fund,Open Ended Schemes,Debt Scheme - Money Market Fund,29-03-2023,4915.70240
119092,HDFC Money Market Fund - Growth Option - Direct Plan,HDFC Mutual Fund,Open Ended Schemes,Debt Scheme - Money Market Fund,28-03-2023,4911.96930
119092,HDFC Money Market Fund - Growth Option - Direct Plan,HDFC Mutual Fund,Open Ended Schemes,Debt Scheme - Money Market Fund,27-03-2023,4911.37840
119092,HDFC Money Market Fund - Growth Option - Direct Plan,HDFC Mutual Fund,Open Ended Schemes,Debt Scheme - Money Market Fund,24-03-2023,4909.77770
119092,HDFC Money Market Fund - Growth Option - Direct Plan,HDFC Mutual Fund,Open Ended Schemes,Debt Scheme - Money Market Fund,23-03-2023,4909.36600
119092,HDFC Money Market Fund - Growth Option - Direct Plan,HDFC Mutual Fund,Open Ended Schemes,Debt Scheme - Money Market Fund,21-03-2023,4906.64670
119092,HDFC Money Market Fund - Growth Option - Direct Plan,HDFC Mutual Fund,Open Ended Schemes,Debt Scheme - Money Market Fund,20-03-2023,4904.67360
119092,HDFC Money Market Fund - Growth Option - Direct Plan,HDFC Mutual Fund,Open Ended Schemes,Debt Scheme - Money Market Fund,17-03-2023,4900.96650
119092,HDFC Money Market Fund - Growth Option - Direct Plan,HDFC Mutual Fund,Open Ended Schemes,Debt Scheme - Money Market Fund,16-03-2023,4900.30000
119092,HDFC Money Market Fund - Growth Option - Direct Plan,HDFC Mutual Fund,Open Ended Schemes,Debt Scheme - Money Market Fund,15-03-2023,4899.90240
119092,HDFC Money Market Fund - Growth Option - Direct Plan,HDFC Mutual Fund,Open Ended Schemes,Debt Scheme - Money Market Fund,14-03-2023,4899.15700
119092,HDFC Money Market Fund - Growth Option - Direct Plan,HDFC Mutual Fund,Open Ended Schemes,Debt Scheme - Money Market Fund,13-03-2023,4897.88640
119092,HDFC Money Market Fund - Growth Option - Direct Plan,HDFC Mutual Fund,Open Ended Schemes,Debt Scheme - Money Market Fund,10-03-2023,4892.71440
119092,HDFC Money Market Fund - Growth Option - Direct Plan,HDFC Mutual Fund,Open Ended Schemes,Debt Scheme - Money Market Fund,09-03-2023,4890.73120
119092,HDFC Money Market Fund - Growth Option - Direct Plan,HDFC Mutual Fund,Open Ended Schemes,Debt Scheme - Money Market Fund,08-03-2023,4889.41360
119092,HDFC Money Market Fund - Growth Option - Direct Plan,HDFC Mutual Fund,Open Ended Schemes,Debt Scheme - Money Market Fund,06-03-2023,4887.72190
119092,HDFC Money Market Fund - Growth Option - Direct Plan,HDFC Mutual Fund,Open Ended Schemes,Debt Scheme - Money Market Fund,03-03-2023,4884.99870
119092,HDFC Money Market Fund - Growth Option - Direct Plan,HDFC Mutual Fund,Open Ended Schemes,Debt Scheme - Money Market Fund,02-03-2023,4884.19100
119092,HDFC Money Market Fund - Growth Option - Direct Plan,HDFC Mutual Fund,Open Ended Schemes,Debt Scheme - Money Market Fund,01-03-2023,4883.75420
119092,HDFC Money Market Fund - Growth Option - Direct Plan,HDFC Mutual Fund,Open Ended Schemes,Debt Scheme - Money Market Fund,28-02-2023,4883.04470
119092,HDFC Money Market Fund - Growth Option - Direct Plan,HDFC Mutual Fund,Open Ended Schemes,Debt Scheme - Money Market Fund,27-02-2023,4881.94570
119092,HDFC Money Market Fund - Growth Option - Direct Plan,HDFC Mutual Fund,Open Ended Schemes,Debt Scheme - Money Market Fund,24-02-2023,4879.86820
119092,HDFC Money Market Fund - Growth Option - Direct Plan,HDFC Mutual Fund,Open Ended Schemes,Debt Scheme - Money Market Fund,23-02-2023,4879.25600
119092,HDFC Money Market Fund - Growth Option - Direct Plan,HDFC Mutual Fund,Open Ended Schemes,Debt Scheme - Money Market Fund,22-02-2023,4878.60660
119092,HDFC Money Market Fund - Growth Option - Direct Plan,HDFC Mutual Fund,Open Ended Schemes,Debt Scheme - Money Market Fund,21-02-2023,4878.20920
119092,HDFC Money Market Fund - Growth Option - Direct Plan,HDFC Mutual Fund,Open Ended Schemes,Debt Scheme - Money Market Fund,20-02-2023,4877.47810
119092,HDFC Money Market Fund - Growth Option - Direct Plan,HDFC Mutual Fund,Open Ended Schemes,Debt Scheme - Money Market Fund,17-02-2023,4875.00450
119092,HDFC Money Market Fund - Growth Option - Direct Plan,HDFC Mutual Fund,Open Ended Schemes,Debt Scheme - Money Market Fund,16-02-2023,4874.16260
119092,HDFC Money Market Fund - Growth Option - Direct Plan,HDFC Mutual Fund,Open Ended Schemes,Debt Scheme - Money Market Fund,15-02-2023,4873.26980
119092,HDFC Money Market Fund - Growth Option - Direct Plan,HDFC Mutual Fund,Open Ended Schemes,Debt Scheme - Money Market Fund,14-02-2023,4872.35210
119092,HDFC Money Market Fund - Growth Option - Direct Plan,HDFC Mutual Fund,Open Ended Schemes,Debt Scheme - Money Market Fund,13-02-2023,4871.84000
119092,HDFC Money Market Fund - Growth Option - Direct Plan,HDFC Mutual Fund,Open Ended Schemes,Debt Scheme - Money Market Fund,10-02-2023,4868.88900
119092,HDFC Money Market Fund - Growth Option - Direct Plan,HDFC Mutual Fund,Open Ended Schemes,Debt Scheme - Money Market Fund,09-02-2023,4867.64350
119092,HDFC Money Market Fund - Growth Option - Direct Plan,HDFC Mutual Fund,Open Ended Schemes,Debt Scheme - Money Market Fund,08-02-2023,4867.05410
119092,HDFC Money Market Fund - Growth Option - Direct Plan,HDFC Mutual Fund,Open Ended Schemes,Debt Scheme - Money Market Fund,07-02-2023,4866.76450
119092,HDFC Money Market Fund - Growth Option - Direct Plan,HDFC Mutual Fund,Open Ended Schemes,Debt Scheme - Money Market Fund,06-02-2023,4865.88580
119092,HDFC Money Market Fund - Growth Option - Direct Plan,HDFC Mutual Fund,Open Ended Schemes,Debt Scheme - Money Market Fund,03-02-2023,4863.06550
119092,HDFC Money Market Fund - Growth Option - Direct Plan,HDFC Mutual Fund,Open Ended Schemes,Debt Scheme - Money Market Fund,02-02-2023,4862.07120
119092,HDFC Money Market Fund - Growth Option - Direct Plan,HDFC Mutual Fund,Open Ended Schemes,Debt Scheme - Money Market Fund,01-02-2023,4860.90870
119092,HDFC Money Market Fund - Growth Option - Direct Plan,HDFC Mutual Fund,Open Ended Schemes,Debt Scheme - Money Market Fund,31-01-2023,4859.60800
119092,HDFC Money Market Fund - Growth Option - Direct Plan,HDFC Mutual Fund,Open Ended Schemes,Debt Scheme - Money Market Fund,30-01-2023,4858.61050
119092,HDFC Money Market Fund - Growth Option - Direct Plan,HDFC Mutual Fund,Open Ended Schemes,Debt Scheme - Money Market Fund,27-01-2023,4856.24990
119092,HDFC Money Market Fund - Growth Option - Direct Plan,HDFC Mutual Fund,Open Ended Schemes,Debt Scheme - Money Market Fund,25-01-2023,4854.34060
119092,HDFC Money Market Fund - Growth Option - Direct Plan,HDFC Mutual Fund,Open Ended Schemes,Debt Scheme - Money Market Fund,24-01-2023,4853.54280
119092,HDFC Money Market Fund - Growth Option - Direct Plan,HDFC Mutual Fund,Open Ended Schemes,Debt Scheme - Money Market Fund,23-01-2023,4852.37690
119092,HDFC Money Market Fund - Growth Option - Direct Plan,HDFC Mutual Fund,Open Ended Schemes,Debt Scheme - Money Market Fund,20-01-2023,4850.37170
119092,HDFC Money Market Fund - Growth Option - Direct Plan,HDFC Mutual Fund,Open Ended Schemes,Debt Scheme - Money Market Fund,19-01-2023,4849.44330
119092,HDFC Money Market Fund - Growth Option - Direct Plan,HDFC Mutual Fund,Open Ended Schemes,Debt Scheme - Money Market Fund,18-01-2023,4848.47790
119092,HDFC Money Market Fund - Growth Option - Direct Plan,HDFC Mutual Fund,Open Ended Schemes,Debt Scheme - Money Market Fund,17-01-2023,4847.74800
119092,HDFC Money Market Fund - Growth Option - Direct Plan,HDFC Mutual Fund,Open Ended Schemes,Debt Scheme - Money Market Fund,16-01-2023,4846.89680
119092,HDFC Money Market Fund - Growth Option - Direct Plan,HDFC Mutual Fund,Open Ended Schemes,Debt Scheme - Money Market Fund,13-01-2023,4844.44470
119092,HDFC Money Market Fund - Growth Option - Direct Plan,HDFC Mutual Fund,Open Ended Schemes,Debt Scheme - Money Market Fund,12-01-2023,4843.81170
119092,HDFC Money Market Fund - Growth Option - Direct Plan,HDFC Mutual Fund,Open Ended Schemes,Debt Scheme - Money Market Fund,11-01-2023,4842.88520
119092,HDFC Money Market Fund - Growth Option - Direct Plan,HDFC Mutual Fund,Open Ended Schemes,Debt Scheme - Money Market Fund,10-01-2023,4842.25130
119092,HDFC Money Market Fund - Growth Option - Direct Plan,HDFC Mutual Fund,Open Ended Schemes,Debt Scheme - Money Market Fund,09-01-2023,4841.56650
119092,HDFC Money Market Fund - Growth Option - Direct Plan,HDFC Mutual Fund,Open Ended Schemes,Debt Scheme - Money Market Fund,06-01-2023,4839.12050
119092,HDFC Money Market Fund - Growth Option - Direct Plan,HDFC Mutual Fund,Open Ended Schemes,Debt Scheme - Money Market Fund,05-01-2023,4838.20550
119092,HDFC Money Market Fund - Growth Option - Direct Plan,HDFC Mutual Fund,Open Ended Schemes,Debt Scheme - Money Market Fund,04-01-2023,4837.28250
119092,HDFC Money Market Fund - Growth Option - Direct Plan,HDFC Mutual Fund,Open Ended Schemes,Debt Scheme - Money Market Fund,03-01-2023,4836.66540
119092,HDFC Money Market Fund - Growth Option - Direct Plan,HDFC Mutual Fund,Open Ended Schemes,Debt Scheme - Money Market Fund,02-01-2023,4835.67260
119092,HDFC Money Market Fund - Growth Option - Direct Plan,HDFC Mutual Fund,Open Ended Schemes,Debt Scheme - Money Market Fund,30-12-2022,4832.44160
119092,HDFC Money Market Fund - Growth Option - Direct Plan,HDFC Mutual Fund,Open Ended Schemes,Debt Scheme - Money Market Fund,29-12-2022,4830.63660
119092,HDFC Money Market Fund - Growth Option - Direct Plan,HDFC Mutual Fund,Open Ended Schemes,Debt Scheme - Money Market Fund,28-12-2022,4829.63930
119092,HDFC Money Market Fund - Growth Option - Direct Plan,HDFC Mutual Fund,Open Ended Schemes,Debt Scheme - Money Market Fund,27-12-2022,4828.42620
119092,HDFC Money Market Fund - Growth Option - Direct Plan,HDFC Mutual Fund,Open Ended Schemes,Debt Scheme - Money Market Fund,26-12-2022,4827.43610
119092,HDFC Money Market Fund - Growth Option - Direct Plan,HDFC Mutual Fund,Open Ended Schemes,Debt Scheme - Money Market Fund,23-12-2022,4824.86660
119092,HDFC Money Market Fund - Growth Option - Direct Plan,HDFC Mutual Fund,Open Ended Schemes,Debt Scheme - Money Market Fund,22-12-2022,4823.86070
119092,HDFC Money Market Fund - Growth Option - Direct Plan,HDFC Mutual Fund,Open Ended Schemes,Debt Scheme - Money Market Fund,21-12-2022,4822.80820
119092,HDFC Money Market Fund - Growth Option - Direct Plan,HDFC Mutual Fund,Open Ended Schemes,Debt Scheme - Money Market Fund,20-12-2022,4821.92360
119092,HDFC Money Market Fund - Growth Option - Direct Plan,HDFC Mutual Fund,Open Ended Schemes,Debt Scheme - Money Market Fund,19-12-2022,4821.08990
119092,HDFC Money Market Fund - Growth Option - Direct Plan,HDFC Mutual Fund,Open Ended Schemes,Debt Scheme - Money Market Fund,16-12-2022,4818.39440
119092,HDFC Money Market Fund - Growth Option - Direct Plan,HDFC Mutual Fund,Open Ended Schemes,Debt Scheme - Money Market Fund,15-12-2022,4817.64960
119092,HDFC Money Market Fund - Growth Option - Direct Plan,HDFC Mutual Fund,Open Ended Schemes,Debt Scheme - Money Market Fund,14-12-2022,4816.88560
119092,HDFC Money Market Fund - Growth Option - Direct Plan,HDFC Mutual Fund,Open Ended Schemes,Debt Scheme - Money Market Fund,13-12-2022,4815.76940
119092,HDFC Money Market Fund - Growth Option - Direct Plan,HDFC Mutual Fund,Open Ended Schemes,Debt Scheme - Money Market Fund,12-12-2022,4814.80640
119092,HDFC Money Market Fund - Growth Option - Direct Plan,HDFC Mutual Fund,Open Ended Schemes,Debt Scheme - Money Market Fund,09-12-2022,4812.09760
119092,HDFC Money Market Fund - Growth Option - Direct Plan,HDFC Mutual Fund,Open Ended Schemes,Debt Scheme - Money Market Fund,08-12-2022,4810.95940
119092,HDFC Money Market Fund - Growth Option - Direct Plan,HDFC Mutual Fund,Open Ended Schemes,Debt Scheme - Money Market Fund,07-12-2022,4809.88060
119092,HDFC Money Market Fund - Growth Option - Direct Plan,HDFC Mutual Fund,Open Ended Schemes,Debt Scheme - Money Market Fund,06-12-2022,4809.73590
119092,HDFC Money Market Fund - Growth Option - Direct Plan,HDFC Mutual Fund,Open Ended Schemes,Debt Scheme - Money Market Fund,05-12-2022,4808.55310
119092,HDFC Money Market Fund - Growth Option - Direct Plan,HDFC Mutual Fund,Open Ended Schemes,Debt Scheme - Money Market Fund,02-12-2022,4805.61530
119092,HDFC Money Market Fund - Growth Option - Direct Plan,HDFC Mutual Fund,Open Ended Schemes,Debt Scheme - Money Market Fund,01-12-2022,4804.67140
119092,HDFC Money Market Fund - Growth Option - Direct Plan,HDFC Mutual Fund,Open Ended Schemes,Debt Scheme - Money Market Fund,30-11-2022,4803.70200
119092,HDFC Money Market Fund - Growth Option - Direct Plan,HDFC Mutual Fund,Open Ended Schemes,Debt Scheme - Money Market Fund,29-11-2022,4802.62330
119092,HDFC Money Market Fund - Growth Option - Direct Plan,HDFC Mutual Fund,Open Ended Schemes,Debt Scheme - Money Market Fund,28-11-2022,4801.64410
119092,HDFC Money Market Fund - Growth Option - Direct Plan,HDFC Mutual Fund,Open Ended Schemes,Debt Scheme - Money Market Fund,25-11-2022,4798.83060
119092,HDFC Money Market Fund - Growth Option - Direct Plan,HDFC Mutual Fund,Open Ended Schemes,Debt Scheme - Money Market Fund,24-11-2022,4797.86530
119092,HDFC Money Market Fund - Growth Option - Direct Plan,HDFC Mutual Fund,Open Ended Schemes,Debt Scheme - Money Market Fund,23-11-2022,4797.04320
119092,HDFC Money Market Fund - Growth Option - Direct Plan,HDFC Mutual Fund,Open Ended Schemes,Debt Scheme - Money Market Fund,22-11-2022,4796.17310
119092,HDFC Money Market Fund - Growth Option - Direct Plan,HDFC Mutual Fund,Open Ended Schemes,Debt Scheme - Money Market Fund,21-11-2022,4795.59200
119092,HDFC Money Market Fund - Growth Option - Direct Plan,HDFC Mutual Fund,Open Ended Schemes,Debt Scheme - Money Market Fund,18-11-2022,4792.92970
119092,HDFC Money Market Fund - Growth Option - Direct Plan,HDFC Mutual Fund,Open Ended Schemes,Debt Scheme - Money Market Fund,17-11-2022,4792.14980
119092,HDFC Money Market Fund - Growth Option - Direct Plan,HDFC Mutual Fund,Open Ended Schemes,Debt Scheme - Money Market Fund,16-11-2022,4790.85970
119092,HDFC Money Market Fund - Growth Option - Direct Plan,HDFC Mutual Fund,Open Ended Schemes,Debt Scheme - Money Market Fund,15-11-2022,4789.62350
119092,HDFC Money Market Fund - Growth Option - Direct Plan,HDFC Mutual Fund,Open Ended Schemes,Debt Scheme - Money Market Fund,14-11-2022,4788.64220
119092,HDFC Money Market Fund - Growth Option - Direct Plan,HDFC Mutual Fund,Open Ended Schemes,Debt Scheme - Money Market Fund,11-11-2022,4785.95190
119092,HDFC Money Market Fund - Growth Option - Direct Plan,HDFC Mutual Fund,Open Ended Schemes,Debt Scheme - Money Market Fund,10-11-2022,4784.64860
119092,HDFC Money Market Fund - Growth Option - Direct Plan,HDFC Mutual Fund,Open Ended Schemes,Debt Scheme - Money Market Fund,09-11-2022,4783.69510
119092,HDFC Money Market Fund - Growth Option - Direct Plan,HDFC Mutual Fund,Open Ended Schemes,Debt Scheme - Money Market Fund,07-11-2022,4782.01350
119092,HDFC Money Market Fund - Growth Option - Direct Plan,HDFC Mutual Fund,Open Ended Schemes,Debt Scheme - Money Market Fund,04-11-2022,4779.31060
119092,HDFC Money Market Fund - Growth Option - Direct Plan,HDFC Mutual Fund,Open Ended Schemes,Debt Scheme - Money Market Fund,03-11-2022,4778.36290
119092,HDFC Money Market Fund - Growth Option - Direct Plan,HDFC Mutual Fund,Open Ended Schemes,Debt Scheme - Money Market Fund,02-11-2022,4777.49400
119092,HDFC Money Market Fund - Growth Option - Direct Plan,HDFC Mutual Fund,Open Ended Schemes,Debt Scheme - Money Market Fund,01-11-2022,4776.39350
119092,HDFC Money Market Fund - Growth Option - Direct Plan,HDFC Mutual Fund,Open Ended Schemes,Debt Scheme - Money Market Fund,31-10-2022,4775.32150
119092,HDFC Money Market Fund - Growth Option - Direct Plan,HDFC Mutual Fund,Open Ended Schemes,Debt Scheme - Money Market Fund,28-10-2022,4772.49390
119092,HDFC Money Market Fund - Growth Option - Direct Plan,HDFC Mutual Fund,Open Ended Schemes,Debt Scheme - Money Market Fund,27-10-2022,4771.91160
119092,HDFC Money Market Fund - Growth Option - Direct Plan,HDFC Mutual Fund,Open Ended Schemes,Debt Scheme - Money Market Fund,25-10-2022,4769.63820
119092,HDFC Money Market Fund - Growth Option - Direct Plan,HDFC Mutual Fund,Open Ended Schemes,Debt Scheme - Money Market Fund,21-10-2022,4766.07790
119092,HDFC Money Market Fund - Growth Option - Direct Plan,HDFC Mutual Fund,Open Ended Schemes,Debt Scheme - Money Market Fund,20-10-2022,4765.92750
119092,HDFC Money Market Fund - Growth Option - Direct Plan,HDFC Mutual Fund,Open Ended Schemes,Debt Scheme - Money Market Fund,19-10-2022,4765.31010
119092,HDFC Money Market Fund - Growth Option - Direct Plan,HDFC Mutual Fund,Open Ended Schemes,Debt Scheme - Money Market Fund,18-10-2022,4764.87760
119092,HDFC Money Market Fund - Growth Option - Direct Plan,HDFC Mutual Fund,Open Ended Schemes,Debt Scheme - Money Market Fund,17-10-2022,4763.88560
119092,HDFC Money Market Fund - Growth Option - Direct Plan,HDFC Mutual Fund,Open Ended Schemes,Debt Scheme - Money Market Fund,14-10-2022,4761.20490
119092,HDFC Money Market Fund - Growth Option - Direct Plan,HDFC Mutual Fund,Open Ended Schemes,Debt Scheme - Money Market Fund,13-10-2022,4760.98570
119092,HDFC Money Market Fund - Growth Option - Direct Plan,HDFC Mutual Fund,Open Ended Schemes,Debt Scheme - Money Market Fund,12-10-2022,4760.28930
119092,HDFC Money Market Fund - Growth Option - Direct Plan,HDFC Mutual Fund,Open Ended Schemes,Debt Scheme - Money Market Fund,11-10-2022,4759.95440
119092,HDFC Money Market Fund - Growth Option - Direct Plan,HDFC Mutual Fund,Open Ended Schemes,Debt Scheme - Money Market Fund,10-10-2022,4760.96660
119092,HDFC Money Market Fund - Growth Option - Direct Plan,HDFC Mutual Fund,Open Ended Schemes,Debt Scheme - Money Market Fund,07-10-2022,4759.81230
119092,HDFC Money Market Fund - Growth Option - Direct Plan,HDFC Mutual Fund,Open Ended Schemes,Debt Scheme - Money Market Fund,06-10-2022,4759.70430
119092,HDFC Money Market Fund - Growth Option - Direct Plan,HDFC Mutual Fund,Open Ended Schemes,Debt Scheme - Money Market Fund,04-10-2022,4758.21770
119092,HDFC Money Market Fund - Growth Option - Direct Plan,HDFC Mutual Fund,Open Ended Schemes,Debt Scheme - Money Market Fund,03-10-2022,4756.89680
119092,HDFC Money Market Fund - Growth Option - Direct Plan,HDFC Mutual Fund,Open Ended Schemes,Debt Scheme - Money Market Fund,30-09-2022,4753.16690
119092,HDFC Money Market Fund - Growth Option - Direct Plan,HDFC Mutual Fund,Open Ended Schemes,Debt Scheme - Money Market Fund,29-09-2022,4751.09030
119092,HDFC Money Market Fund - Growth Option - Direct Plan,HDFC Mutual Fund,Open Ended Schemes,Debt Scheme - Money Market Fund,28-09-2022,4748.79210
119092,HDFC Money Market Fund - Growth Option - Direct Plan,HDFC Mutual Fund,Open Ended Schemes,Debt Scheme - Money Market Fund,27-09-2022,4747.98780
119092,HDFC Money Market Fund - Growth Option - Direct Plan,HDFC Mutual Fund,Open Ended Schemes,Debt Scheme - Money Market Fund,26-09-2022,4748.99290
119092,HDFC Money Market Fund - Growth Option - Direct Plan,HDFC Mutual Fund,Open Ended Schemes,Debt Scheme - Money Market Fund,23-09-2022,4748.42490
119092,HDFC Money Market Fund - Growth Option - Direct Plan,HDFC Mutual Fund,Open Ended Schemes,Debt Scheme - Money Market Fund,22-09-2022,4748.37940
119092,HDFC Money Market Fund - Growth Option - Direct Plan,HDFC Mutual Fund,Open Ended Schemes,Debt Scheme - Money Market Fund,21-09-2022,4748.14390
119092,HDFC Money Market Fund - Growth Option - Direct Plan,HDFC Mutual Fund,Open Ended Schemes,Debt Scheme - Money Market Fund,20-09-2022,4748.17870
119092,HDFC Money Market Fund - Growth Option - Direct Plan,HDFC Mutual Fund,Open Ended Schemes,Debt Scheme - Money Market Fund,19-09-2022,4748.69510
119092,HDFC Money Market Fund - Growth Option - Direct Plan,HDFC Mutual Fund,Open Ended Schemes,Debt Scheme - Money Market Fund,16-09-2022,4746.45940
119092,HDFC Money Market Fund - Growth Option - Direct Plan,HDFC Mutual Fund,Open Ended Schemes,Debt Scheme - Money Market Fund,15-09-2022,4746.16080
119092,HDFC Money Market Fund - Growth Option - Direct Plan,HDFC Mutual Fund,Open Ended Schemes,Debt Scheme - Money Market Fund,14-09-2022,4746.01480
119092,HDFC Money Market Fund - Growth Option - Direct Plan,HDFC Mutual Fund,Open Ended Schemes,Debt Scheme - Money Market Fund,13-09-2022,4746.16540
119092,HDFC Money Market Fund - Growth Option - Direct Plan,HDFC Mutual Fund,Open Ended Schemes,Debt Scheme - Money Market Fund,12-09-2022,4745.66670
119092,HDFC Money Market Fund - Growth Option - Direct Plan,HDFC Mutual Fund,Open Ended Schemes,Debt Scheme - Money Market Fund,09-09-2022,4743.74750
119092,HDFC Money Market Fund - Growth Option - Direct Plan,HDFC Mutual Fund,Open Ended Schemes,Debt Scheme - Money Market Fund,08-09-2022,4743.00820
119092,HDFC Money Market Fund - Growth Option - Direct Plan,HDFC Mutual Fund,Open Ended Schemes,Debt Scheme - Money Market Fund,07-09-2022,4742.33550
119092,HDFC Money Market Fund - Growth Option - Direct Plan,HDFC Mutual Fund,Open Ended Schemes,Debt Scheme - Money Market Fund,06-09-2022,4741.53320
119092,HDFC Money Market Fund - Growth Option - Direct Plan,HDFC Mutual Fund,Open Ended Schemes,Debt Scheme - Money Market Fund,05-09-2022,4740.62760
119092,HDFC Money Market Fund - Growth Option - Direct Plan,HDFC Mutual Fund,Open Ended Schemes,Debt Scheme - Money Market Fund,02-09-2022,4738.02710
119092,HDFC Money Market Fund - Growth Option - Direct Plan,HDFC Mutual Fund,Open Ended Schemes,Debt Scheme - Money Market Fund,01-09-2022,4737.01320
119092,HDFC Money Market Fund - Growth Option - Direct Plan,HDFC Mutual Fund,Open Ended Schemes,Debt Scheme - Money Market Fund,30-08-2022,4735.46540
119092,HDFC Money Market Fund - Growth Option - Direct Plan,HDFC Mutual Fund,Open Ended Schemes,Debt Scheme - Money Market Fund,29-08-2022,4734.79740
119092,HDFC Money Market Fund - Growth Option - Direct Plan,HDFC Mutual Fund,Open Ended Schemes,Debt Scheme - Money Market Fund,26-08-2022,4732.68810
119092,HDFC Money Market Fund - Growth Option - Direct Plan,HDFC Mutual Fund,Open Ended Schemes,Debt Scheme - Money Market Fund,25-08-2022,4732.26610
119092,HDFC Money Market Fund - Growth Option - Direct Plan,HDFC Mutual Fund,Open Ended Schemes,Debt Scheme - Money Market Fund,24-08-2022,4731.76760
119092,HDFC Money Market Fund - Growth Option - Direct Plan,HDFC Mutual Fund,Open Ended Schemes,Debt Scheme - Money Market Fund,23-08-2022,4730.91640
119092,HDFC Money Market Fund - Growth Option - Direct Plan,HDFC Mutual Fund,Open Ended Schemes,Debt Scheme - Money Market Fund,22-08-2022,4730.04940
119092,HDFC Money Market Fund - Growth Option - Direct Plan,HDFC Mutual Fund,Open Ended Schemes,Debt Scheme - Money Market Fund,19-08-2022,4727.94430
119092,HDFC Money Market Fund - Growth Option - Direct Plan,HDFC Mutual Fund,Open Ended Schemes,Debt Scheme - Money Market Fund,18-08-2022,4727.06740
119092,HDFC Money Market Fund - Growth Option - Direct Plan,HDFC Mutual Fund,Open Ended Schemes,Debt Scheme - Money Market Fund,17-08-2022,4726.28390
119092,HDFC Money Market Fund - Growth Option - Direct Plan,HDFC Mutual Fund,Open Ended Schemes,Debt Scheme - Money Market Fund,12-08-2022,4722.26780
119092,HDFC Money Market Fund - Growth Option - Direct Plan,HDFC Mutual Fund,Open Ended Schemes,Debt Scheme - Money Market Fund,11-08-2022,4721.62180
119092,HDFC Money Market Fund - Growth Option - Direct Plan,HDFC Mutual Fund,Open Ended Schemes,Debt Scheme - Money Market Fund,10-08-2022,4720.84990
119092,HDFC Money Market Fund - Growth Option - Direct Plan,HDFC Mutual Fund,Open Ended Schemes,Debt Scheme - Money Market Fund,08-08-2022,4719.26940
119092,HDFC Money Market Fund - Growth Option - Direct Plan,HDFC Mutual Fund,Open Ended Schemes,Debt Scheme - Money Market Fund,05-08-2022,4717.21890
119092,HDFC Money Market Fund - Growth Option - Direct Plan,HDFC Mutual Fund,Open Ended Schemes,Debt Scheme - Money Market Fund,04-08-2022,4717.31960
119092,HDFC Money Market Fund - Growth Option - Direct Plan,HDFC Mutual Fund,Open Ended Schemes,Debt Scheme - Money Market Fund,03-08-2022,4716.46780
119092,HDFC Money Market Fund - Growth Option - Direct Plan,HDFC Mutual Fund,Open Ended Schemes,Debt Scheme - Money Market Fund,02-08-2022,4715.89050
119092,HDFC Money Market Fund - Growth Option - Direct Plan,HDFC Mutual Fund,Open Ended Schemes,Debt Scheme - Money Market Fund,01-08-2022,4714.53610
119092,HDFC Money Market Fund - Growth Option - Direct Plan,HDFC Mutual Fund,Open Ended Schemes,Debt Scheme - Money Market Fund,29-07-2022,4711.28720
119092,HDFC Money Market Fund - Growth Option - Direct Plan,HDFC Mutual Fund,Open Ended Schemes,Debt Scheme - Money Market Fund,28-07-2022,4710.30110
119092,HDFC Money Market Fund - Growth Option - Direct Plan,HDFC Mutual Fund,Open Ended Schemes,Debt Scheme - Money Market Fund,27-07-2022,4709.49040
119092,HDFC Money Market Fund - Growth Option - Direct Plan,HDFC Mutual Fund,Open Ended Schemes,Debt Scheme - Money Market Fund,26-07-2022,4709.61380
119092,HDFC Money Market Fund - Growth Option - Direct Plan,HDFC Mutual Fund,Open Ended Schemes,Debt Scheme - Money Market Fund,25-07-2022,4709.80150
119092,HDFC Money Market Fund - Growth Option - Direct Plan,HDFC Mutual Fund,Open Ended Schemes,Debt Scheme - Money Market Fund,22-07-2022,4707.66460
119092,HDFC Money Market Fund - Growth Option - Direct Plan,HDFC Mutual Fund,Open Ended Schemes,Debt Scheme - Money Market Fund,21-07-2022,4707.00500
119092,HDFC Money Market Fund - Growth Option - Direct Plan,HDFC Mutual Fund,Open Ended Schemes,Debt Scheme - Money Market Fund,20-07-2022,4707.06150
119092,HDFC Money Market Fund - Growth Option - Direct Plan,HDFC Mutual Fund,Open Ended Schemes,Debt Scheme - Money Market Fund,19-07-2022,4706.78890
119092,HDFC Money Market Fund - Growth Option - Direct Plan,HDFC Mutual Fund,Open Ended Schemes,Debt Scheme - Money Market Fund,18-07-2022,4706.42810
119092,HDFC Money Market Fund - Growth Option - Direct Plan,HDFC Mutual Fund,Open Ended Schemes,Debt Scheme - Money Market Fund,15-07-2022,4704.68360
119092,HDFC Money Market Fund - Growth Option - Direct Plan,HDFC Mutual Fund,Open Ended Schemes,Debt Scheme - Money Market Fund,14-07-2022,4703.98870
119092,HDFC Money Market Fund - Growth Option - Direct Plan,HDFC Mutual Fund,Open Ended Schemes,Debt Scheme - Money Market Fund,13-07-2022,4703.32540
119092,HDFC Money Market Fund - Growth Option - Direct Plan,HDFC Mutual Fund,Open Ended Schemes,Debt Scheme - Money Market Fund,12-07-2022,4702.20700
119092,HDFC Money Market Fund - Growth Option - Direct Plan,HDFC Mutual Fund,Open Ended Schemes,Debt Scheme - Money Market Fund,11-07-2022,4701.82920
119092,HDFC Money Market Fund - Growth Option - Direct Plan,HDFC Mutual Fund,Open Ended Schemes,Debt Scheme - Money Market Fund,08-07-2022,4699.94470
119092,HDFC Money Market Fund - Growth Option - Direct Plan,HDFC Mutual Fund,Open Ended Schemes,Debt Scheme - Money Market Fund,07-07-2022,4699.43280
119092,HDFC Money Market Fund - Growth Option - Direct Plan,HDFC Mutual Fund,Open Ended Schemes,Debt Scheme - Money Market Fund,06-07-2022,4698.69580
119092,HDFC Money Market Fund - Growth Option - Direct Plan,HDFC Mutual Fund,Open Ended Schemes,Debt Scheme - Money Market Fund,05-07-2022,4697.14270
119092,HDFC Money Market Fund - Growth Option - Direct Plan,HDFC Mutual Fund,Open Ended Schemes,Debt Scheme - Money Market Fund,04-07-2022,4695.86150
119092,HDFC Money Market Fund - Growth Option - Direct Plan,HDFC Mutual Fund,Open Ended Schemes,Debt Scheme - Money Market Fund,01-07-2022,4693.14190
119092,HDFC Money Market Fund - Growth Option - Direct Plan,HDFC Mutual Fund,Open Ended Schemes,Debt Scheme - Money Market Fund,30-06-2022,4691.86890
119092,HDFC Money Market Fund - Growth Option - Direct Plan,HDFC Mutual Fund,Open Ended Schemes,Debt Scheme - Money Market Fund,29-06-2022,4690.61710
119092,HDFC Money Market Fund - Growth Option - Direct Plan,HDFC Mutual Fund,Open Ended Schemes,Debt Scheme - Money Market Fund,28-06-2022,4690.01260
119092,HDFC Money Market Fund - Growth Option - Direct Plan,HDFC Mutual Fund,Open Ended Schemes,Debt Scheme - Money Market Fund,27-06-2022,4689.51220
119092,HDFC Money Market Fund - Growth Option - Direct Plan,HDFC Mutual Fund,Open Ended Schemes,Debt Scheme - Money Market Fund,24-06-2022,4687.37460
119092,HDFC Money Market Fund - Growth Option - Direct Plan,HDFC Mutual Fund,Open Ended Schemes,Debt Scheme - Money Market Fund,23-06-2022,4686.35430
119092,HDFC Money Market Fund - Growth Option - Direct Plan,HDFC Mutual Fund,Open Ended Schemes,Debt Scheme - Money Market Fund,22-06-2022,4685.40430
119092,HDFC Money Market Fund - Growth Option - Direct Plan,HDFC Mutual Fund,Open Ended Schemes,Debt Scheme - Money Market Fund,21-06-2022,4684.36070
119092,HDFC Money Market Fund - Growth Option - Direct Plan,HDFC Mutual Fund,Open Ended Schemes,Debt Scheme - Money Market Fund,20-06-2022,4683.63570
119092,HDFC Money Market Fund - Growth Option - Direct Plan,HDFC Mutual Fund,Open Ended Schemes,Debt Scheme - Money Market Fund,17-06-2022,4681.54150
119092,HDFC Money Market Fund - Growth Option - Direct Plan,HDFC Mutual Fund,Open Ended Schemes,Debt Scheme - Money Market Fund,16-06-2022,4681.36690
119092,HDFC Money Market Fund - Growth Option - Direct Plan,HDFC Mutual Fund,Open Ended Schemes,Debt Scheme - Money Market Fund,15-06-2022,4681.05990
119092,HDFC Money Market Fund - Growth Option - Direct Plan,HDFC Mutual Fund,Open Ended Schemes,Debt Scheme - Money Market Fund,14-06-2022,4680.77050
119092,HDFC Money Market Fund - Growth Option - Direct Plan,HDFC Mutual Fund,Open Ended Schemes,Debt Scheme - Money Market Fund,13-06-2022,4680.11820
119092,HDFC Money Market Fund - Growth Option - Direct Plan,HDFC Mutual Fund,Open Ended Schemes,Debt Scheme - Money Market Fund,10-06-2022,4678.92350
119092,HDFC Money Market Fund - Growth Option - Direct Plan,HDFC Mutual Fund,Open Ended Schemes,Debt Scheme - Money Market Fund,09-06-2022,4678.24770
119092,HDFC Money Market Fund - Growth Option - Direct Plan,HDFC Mutual Fund,Open Ended Schemes,Debt Scheme - Money Market Fund,08-06-2022,4677.41390
119092,HDFC Money Market Fund - Growth Option - Direct Plan,HDFC Mutual Fund,Open Ended Schemes,Debt Scheme - Money Market Fund,07-06-2022,4674.50030
119092,HDFC Money Market Fund - Growth Option - Direct Plan,HDFC Mutual Fund,Open Ended Schemes,Debt Scheme - Money Market Fund,06-06-2022,4675.79670
119092,HDFC Money Market Fund - Growth Option - Direct Plan,HDFC Mutual Fund,Open Ended Schemes,Debt Scheme - Money Market Fund,03-06-2022,4674.39100
119092,HDFC Money Market Fund - Growth Option - Direct Plan,HDFC Mutual Fund,Open Ended Schemes,Debt Scheme - Money Market Fund,02-06-2022,4673.74960
119092,HDFC Money Market Fund - Growth Option - Direct Plan,HDFC Mutual Fund,Open Ended Schemes,Debt Scheme - Money Market Fund,01-06-2022,4673.34330
119092,HDFC Money Market Fund - Growth Option - Direct Plan,HDFC Mutual Fund,Open Ended Schemes,Debt Scheme - Money Market Fund,31-05-2022,4672.35550
119092,HDFC Money Market Fund - Growth Option - Direct Plan,HDFC Mutual Fund,Open Ended Schemes,Debt Scheme - Money Market Fund,30-05-2022,4671.50900
119092,HDFC Money Market Fund - Growth Option - Direct Plan,HDFC Mutual Fund,Open Ended Schemes,Debt Scheme - Money Market Fund,27-05-2022,4669.73160
119092,HDFC Money Market Fund - Growth Option - Direct Plan,HDFC Mutual Fund,Open Ended Schemes,Debt Scheme - Money Market Fund,26-05-2022,4669.05010
119092,HDFC Money Market Fund - Growth Option - Direct Plan,HDFC Mutual Fund,Open Ended Schemes,Debt Scheme - Money Market Fund,25-05-2022,4668.42910
119092,HDFC Money Market Fund - Growth Option - Direct Plan,HDFC Mutual Fund,Open Ended Schemes,Debt Scheme - Money Market Fund,24-05-2022,4667.53830
119092,HDFC Money Market Fund - Growth Option - Direct Plan,HDFC Mutual Fund,Open Ended Schemes,Debt Scheme - Money Market Fund,23-05-2022,4666.59600
119092,HDFC Money Market Fund - Growth Option - Direct Plan,HDFC Mutual Fund,Open Ended Schemes,Debt Scheme - Money Market Fund,20-05-2022,4664.25140
119092,HDFC Money Market Fund - Growth Option - Direct Plan,HDFC Mutual Fund,Open Ended Schemes,Debt Scheme - Money Market Fund,19-05-2022,4663.76030
119092,HDFC Money Market Fund - Growth Option - Direct Plan,HDFC Mutual Fund,Open Ended Schemes,Debt Scheme - Money Market Fund,18-05-2022,4663.67690
119092,HDFC Money Market Fund - Growth Option - Direct Plan,HDFC Mutual Fund,Open Ended Schemes,Debt Scheme - Money Market Fund,17-05-2022,4663.15680
119092,HDFC Money Market Fund - Growth Option - Direct Plan,HDFC Mutual Fund,Open Ended Schemes,Debt Scheme - Money Market Fund,13-05-2022,4660.42110
119092,HDFC Money Market Fund - Growth Option - Direct Plan,HDFC Mutual Fund,Open Ended Schemes,Debt Scheme - Money Market Fund,12-05-2022,4661.15200
119092,HDFC Money Market Fund - Growth Option - Direct Plan,HDFC Mutual Fund,Open Ended Schemes,Debt Scheme - Money Market Fund,11-05-2022,4661.46500
119092,HDFC Money Market Fund - Growth Option - Direct Plan,HDFC Mutual Fund,Open Ended Schemes,Debt Scheme - Money Market Fund,10-05-2022,4661.66950
119092,HDFC Money Market Fund - Growth Option - Direct Plan,HDFC Mutual Fund,Open Ended Schemes,Debt Scheme - Money Market Fund,09-05-2022,4661.02310
119092,HDFC Money Market Fund - Growth Option - Direct Plan,HDFC Mutual Fund,Open Ended Schemes,Debt Scheme - Money Market Fund,06-05-2022,4659.67530
119092,HDFC Money Market Fund - Growth Option - Direct Plan,HDFC Mutual Fund,Open Ended Schemes,Debt Scheme - Money Market Fund,05-05-2022,4659.81570
119092,HDFC Money Market Fund - Growth Option - Direct Plan,HDFC Mutual Fund,Open Ended Schemes,Debt Scheme - Money Market Fund,04-05-2022,4663.21300
119092,HDFC Money Market Fund - Growth Option - Direct Plan,HDFC Mutual Fund,Open Ended Schemes,Debt Scheme - Money Market Fund,02-05-2022,4670.34380
119092,HDFC Money Market Fund - Growth Option - Direct Plan,HDFC Mutual Fund,Open Ended Schemes,Debt Scheme - Money Market Fund,29-04-2022,4668.63680
119092,HDFC Money Market Fund - Growth Option - Direct Plan,HDFC Mutual Fund,Open Ended Schemes,Debt Scheme - Money Market Fund,28-04-2022,4668.39860
119092,HDFC Money Market Fund - Growth Option - Direct Plan,HDFC Mutual Fund,Open Ended Schemes,Debt Scheme - Money Market Fund,27-04-2022,4667.98130
119092,HDFC Money Market Fund - Growth Option - Direct Plan,HDFC Mutual Fund,Open Ended Schemes,Debt Scheme - Money Market Fund,26-04-2022,4667.50170
119092,HDFC Money Market Fund - Growth Option - Direct Plan,HDFC Mutual Fund,Open Ended Schemes,Debt Scheme - Money Market Fund,25-04-2022,4667.03740
119092,HDFC Money Market Fund - Growth Option - Direct Plan,HDFC Mutual Fund,Open Ended Schemes,Debt Scheme - Money Market Fund,22-04-2022,4665.50940
119092,HDFC Money Market Fund - Growth Option - Direct Plan,HDFC Mutual Fund,Open Ended Schemes,Debt Scheme - Money Market Fund,21-04-2022,4665.10070
119092,HDFC Money Market Fund - Growth Option - Direct Plan,HDFC Mutual Fund,Open Ended Schemes,Debt Scheme - Money Market Fund,20-04-2022,4664.19920
119092,HDFC Money Market Fund - Growth Option - Direct Plan,HDFC Mutual Fund,Open Ended Schemes,Debt Scheme - Money Market Fund,19-04-2022,4663.02640
119092,HDFC Money Market Fund - Growth Option - Direct Plan,HDFC Mutual Fund,Open Ended Schemes,Debt Scheme - Money Market Fund,18-04-2022,4661.76320
119092,HDFC Money Market Fund - Growth Option - Direct Plan,HDFC Mutual Fund,Open Ended Schemes,Debt Scheme - Money Market Fund,13-04-2022,4658.67610
119092,HDFC Money Market Fund - Growth Option - Direct Plan,HDFC Mutual Fund,Open Ended Schemes,Debt Scheme - Money Market Fund,12-04-2022,4659.20250
119092,HDFC Money Market Fund - Growth Option - Direct Plan,HDFC Mutual Fund,Open Ended Schemes,Debt Scheme - Money Market Fund,11-04-2022,4658.45140
119092,HDFC Money Market Fund - Growth Option - Direct Plan,HDFC Mutual Fund,Open Ended Schemes,Debt Scheme - Money Market Fund,08-04-2022,4657.34000
119092,HDFC Money Market Fund - Growth Option - Direct Plan,HDFC Mutual Fund,Open Ended Schemes,Debt Scheme - Money Market Fund,07-04-2022,4659.71500
119092,HDFC Money Market Fund - Growth Option - Direct Plan,HDFC Mutual Fund,Open Ended Schemes,Debt Scheme - Money Market Fund,06-04-2022,4658.90330
119092,HDFC Money Market Fund - Growth Option - Direct Plan,HDFC Mutual Fund,Open Ended Schemes,Debt Scheme - Money Market Fund,05-04-2022,4657.84260
119092,HDFC Money Market Fund - Growth Option - Direct Plan,HDFC Mutual Fund,Open Ended Schemes,Debt Scheme - Money Market Fund,04-04-2022,4657.41260
119092,HDFC Money Market Fund - Growth Option - Direct Plan,HDFC Mutual Fund,Open Ended Schemes,Debt Scheme - Money Market Fund,31-03-2022,4654.79810
119092,HDFC Money Market Fund - Growth Option - Direct Plan,HDFC Mutual Fund,Open Ended Schemes,Debt Scheme - Money Market Fund,30-03-2022,4653.23500
119092,HDFC Money Market Fund - Growth Option - Direct Plan,HDFC Mutual Fund,Open Ended Schemes,Debt Scheme - Money Market Fund,29-03-2022,4652.38200
119092,HDFC Money Market Fund - Growth Option - Direct Plan,HDFC Mutual Fund,Open Ended Schemes,Debt Scheme - Money Market Fund,28-03-2022,4651.79280
119092,HDFC Money Market Fund - Growth Option - Direct Plan,HDFC Mutual Fund,Open Ended Schemes,Debt Scheme - Money Market Fund,25-03-2022,4649.95850
119092,HDFC Money Market Fund - Growth Option - Direct Plan,HDFC Mutual Fund,Open Ended Schemes,Debt Scheme - Money Market Fund,24-03-2022,4649.18500
119092,HDFC Money Market Fund - Growth Option - Direct Plan,HDFC Mutual Fund,Open Ended Schemes,Debt Scheme - Money Market Fund,23-03-2022,4648.12510
119092,HDFC Money Market Fund - Growth Option - Direct Plan,HDFC Mutual Fund,Open Ended Schemes,Debt Scheme - Money Market Fund,22-03-2022,4647.28400
119092,HDFC Money Market Fund - Growth Option - Direct Plan,HDFC Mutual Fund,Open Ended Schemes,Debt Scheme - Money Market Fund,21-03-2022,4646.92290
119092,HDFC Money Market Fund - Growth Option - Direct Plan,HDFC Mutual Fund,Open Ended Schemes,Debt Scheme - Money Market Fund,17-03-2022,4644.47220
119092,HDFC Money Market Fund - Growth Option - Direct Plan,HDFC Mutual Fund,Open Ended Schemes,Debt Scheme - Money Market Fund,16-03-2022,4643.76890
119092,HDFC Money Market Fund - Growth Option - Direct Plan,HDFC Mutual Fund,Open Ended Schemes,Debt Scheme - Money Market Fund,15-03-2022,4642.83940
119092,HDFC Money Market Fund - Growth Option - Direct Plan,HDFC Mutual Fund,Open Ended Schemes,Debt Scheme - Money Market Fund,14-03-2022,4641.64970
119092,HDFC Money Market Fund - Growth Option - Direct Plan,HDFC Mutual Fund,Open Ended Schemes,Debt Scheme - Money Market Fund,11-03-2022,4639.50850
119092,HDFC Money Market Fund - Growth Option - Direct Plan,HDFC Mutual Fund,Open Ended Schemes,Debt Scheme - Money Market Fund,10-03-2022,4638.55290
119092,HDFC Money Market Fund - Growth Option - Direct Plan,HDFC Mutual Fund,Open Ended Schemes,Debt Scheme - Money Market Fund,09-03-2022,4637.95720
119092,HDFC Money Market Fund - Growth Option - Direct Plan,HDFC Mutual Fund,Open Ended Schemes,Debt Scheme - Money Market Fund,08-03-2022,4637.44290
119092,HDFC Money Market Fund - Growth Option - Direct Plan,HDFC Mutual Fund,Open Ended Schemes,Debt Scheme - Money Market Fund,07-03-2022,4637.29650
119092,HDFC Money Market Fund - Growth Option - Direct Plan,HDFC Mutual Fund,Open Ended Schemes,Debt Scheme - Money Market Fund,04-03-2022,4635.99750
119092,HDFC Money Market Fund - Growth Option - Direct Plan,HDFC Mutual Fund,Open Ended Schemes,Debt Scheme - Money Market Fund,03-03-2022,4635.54490
119092,HDFC Money Market Fund - Growth Option - Direct Plan,HDFC Mutual Fund,Open Ended Schemes,Debt Scheme - Money Market Fund,02-03-2022,4636.01960
119092,HDFC Money Market Fund - Growth Option - Direct Plan,HDFC Mutual Fund,Open Ended Schemes,Debt Scheme - Money Market Fund,28-02-2022,4635.19400
119092,HDFC Money Market Fund - Growth Option - Direct Plan,HDFC Mutual Fund,Open Ended Schemes,Debt Scheme - Money Market Fund,25-02-2022,4633.84660
119092,HDFC Money Market Fund - Growth Option - Direct Plan,HDFC Mutual Fund,Open Ended Schemes,Debt Scheme - Money Market Fund,24-02-2022,4633.39790
119092,HDFC Money Market Fund - Growth Option - Direct Plan,HDFC Mutual Fund,Open Ended Schemes,Debt Scheme - Money Market Fund,23-02-2022,4632.87290
119092,HDFC Money Market Fund - Growth Option - Direct Plan,HDFC Mutual Fund,Open Ended Schemes,Debt Scheme - Money Market Fund,22-02-2022,4632.27550
119092,HDFC Money Market Fund - Growth Option - Direct Plan,HDFC Mutual Fund,Open Ended Schemes,Debt Scheme - Money Market Fund,21-02-2022,4631.85070
119092,HDFC Money Market Fund - Growth Option - Direct Plan,HDFC Mutual Fund,Open Ended Schemes,Debt Scheme - Money Market Fund,18-02-2022,4630.46970
119092,HDFC Money Market Fund - Growth Option - Direct Plan,HDFC Mutual Fund,Open Ended Schemes,Debt Scheme - Money Market Fund,17-02-2022,4630.10050
119092,HDFC Money Market Fund - Growth Option - Direct Plan,HDFC Mutual Fund,Open Ended Schemes,Debt Scheme - Money Market Fund,16-02-2022,4629.54290
119092,HDFC Money Market Fund - Growth Option - Direct Plan,HDFC Mutual Fund,Open Ended Schemes,Debt Scheme - Money Market Fund,15-02-2022,4628.70030
119092,HDFC Money Market Fund - Growth Option - Direct Plan,HDFC Mutual Fund,Open Ended Schemes,Debt Scheme - Money Market Fund,14-02-2022,4627.93240
119092,HDFC Money Market Fund - Growth Option - Direct Plan,HDFC Mutual Fund,Open Ended Schemes,Debt Scheme - Money Market Fund,11-02-2022,4625.88960
119092,HDFC Money Market Fund - Growth Option - Direct Plan,HDFC Mutual Fund,Open Ended Schemes,Debt Scheme - Money Market Fund,10-02-2022,4625.19490
119092,HDFC Money Market Fund - Growth Option - Direct Plan,HDFC Mutual Fund,Open Ended Schemes,Debt Scheme - Money Market Fund,09-02-2022,4623.38640
119092,HDFC Money Market Fund - Growth Option - Direct Plan,HDFC Mutual Fund,Open Ended Schemes,Debt Scheme - Money Market Fund,08-02-2022,4622.98250
119092,HDFC Money Market Fund - Growth Option - Direct Plan,HDFC Mutual Fund,Open Ended Schemes,Debt Scheme - Money Market Fund,04-02-2022,4620.85550
119092,HDFC Money Market Fund - Growth Option - Direct Plan,HDFC Mutual Fund,Open Ended Schemes,Debt Scheme - Money Market Fund,03-02-2022,4620.44750
119092,HDFC Money Market Fund - Growth Option - Direct Plan,HDFC Mutual Fund,Open Ended Schemes,Debt Scheme - Money Market Fund,02-02-2022,4619.94290
119092,HDFC Money Market Fund - Growth Option - Direct Plan,HDFC Mutual Fund,Open Ended Schemes,Debt Scheme - Money Market Fund,01-02-2022,4620.56630
119092,HDFC Money Market Fund - Growth Option - Direct Plan,HDFC Mutual Fund,Open Ended Schemes,Debt Scheme - Money Market Fund,31-01-2022,4620.78650
119092,HDFC Money Market Fund - Growth Option - Direct Plan,HDFC Mutual Fund,Open Ended Schemes,Debt Scheme - Money Market Fund,28-01-2022,4619.28570
119092,HDFC Money Market Fund - Growth Option - Direct Plan,HDFC Mutual Fund,Open Ended Schemes,Debt Scheme - Money Market Fund,27-01-2022,4618.75390
119092,HDFC Money Market Fund - Growth Option - Direct Plan,HDFC Mutual Fund,Open Ended Schemes,Debt Scheme - Money Market Fund,25-01-2022,4618.01680
119092,HDFC Money Market Fund - Growth Option - Direct Plan,HDFC Mutual Fund,Open Ended Schemes,Debt Scheme - Money Market Fund,24-01-2022,4617.71110
119092,HDFC Money Market Fund - Growth Option - Direct Plan,HDFC Mutual Fund,Open Ended Schemes,Debt Scheme - Money Market Fund,21-01-2022,4616.20920
119092,HDFC Money Market Fund - Growth Option - Direct Plan,HDFC Mutual Fund,Open Ended Schemes,Debt Scheme - Money Market Fund,20-01-2022,4615.74400
119092,HDFC Money Market Fund - Growth Option - Direct Plan,HDFC Mutual Fund,Open Ended Schemes,Debt Scheme - Money Market Fund,19-01-2022,4615.23950
119092,HDFC Money Market Fund - Growth Option - Direct Plan,HDFC Mutual Fund,Open Ended Schemes,Debt Scheme - Money Market Fund,18-01-2022,4615.30830
119092,HDFC Money Market Fund - Growth Option - Direct Plan,HDFC Mutual Fund,Open Ended Schemes,Debt Scheme - Money Market Fund,17-01-2022,4614.89420
119092,HDFC Money Market Fund - Growth Option - Direct Plan,HDFC Mutual Fund,Open Ended Schemes,Debt Scheme - Money Market Fund,14-01-2022,4613.48750
119092,HDFC Money Market Fund - Growth Option - Direct Plan,HDFC Mutual Fund,Open Ended Schemes,Debt Scheme - Money Market Fund,13-01-2022,4612.89600
119092,HDFC Money Market Fund - Growth Option - Direct Plan,HDFC Mutual Fund,Open Ended Schemes,Debt Scheme - Money Market Fund,12-01-2022,4612.16680
119092,HDFC Money Market Fund - Growth Option - Direct Plan,HDFC Mutual Fund,Open Ended Schemes,Debt Scheme - Money Market Fund,11-01-2022,4611.55300
119092,HDFC Money Market Fund - Growth Option - Direct Plan,HDFC Mutual Fund,Open Ended Schemes,Debt Scheme - Money Market Fund,10-01-2022,4611.01810
119092,HDFC Money Market Fund - Growth Option - Direct Plan,HDFC Mutual Fund,Open Ended Schemes,Debt Scheme - Money Market Fund,07-01-2022,4609.61500
119092,HDFC Money Market Fund - Growth Option - Direct Plan,HDFC Mutual Fund,Open Ended Schemes,Debt Scheme - Money Market Fund,06-01-2022,4609.16480
119092,HDFC Money Market Fund - Growth Option - Direct Plan,HDFC Mutual Fund,Open Ended Schemes,Debt Scheme - Money Market Fund,05-01-2022,4608.59270
119092,HDFC Money Market Fund - Growth Option - Direct Plan,HDFC Mutual Fund,Open Ended Schemes,Debt Scheme - Money Market Fund,04-01-2022,4607.93490
119092,HDFC Money Market Fund - Growth Option - Direct Plan,HDFC Mutual Fund,Open Ended Schemes,Debt Scheme - Money Market Fund,03-01-2022,4607.45030
119092,HDFC Money Market Fund - Growth Option - Direct Plan,HDFC Mutual Fund,Open Ended Schemes,Debt Scheme - Money Market Fund,31-12-2021,4605.46740
119092,HDFC Money Market Fund - Growth Option - Direct Plan,HDFC Mutual Fund,Open Ended Schemes,Debt Scheme - Money Market Fund,30-12-2021,4604.84270
119092,HDFC Money Market Fund - Growth Option - Direct Plan,HDFC Mutual Fund,Open Ended Schemes,Debt Scheme - Money Market Fund,29-12-2021,4604.22240
119092,HDFC Money Market Fund - Growth Option - Direct Plan,HDFC Mutual Fund,Open Ended Schemes,Debt Scheme - Money Market Fund,28-12-2021,4603.58300
119092,HDFC Money Market Fund - Growth Option - Direct Plan,HDFC Mutual Fund,Open Ended Schemes,Debt Scheme - Money Market Fund,27-12-2021,4603.09520
119092,HDFC Money Market Fund - Growth Option - Direct Plan,HDFC Mutual Fund,Open Ended Schemes,Debt Scheme - Money Market Fund,24-12-2021,4601.41720
119092,HDFC Money Market Fund - Growth Option - Direct Plan,HDFC Mutual Fund,Open Ended Schemes,Debt Scheme - Money Market Fund,23-12-2021,4600.65830
119092,HDFC Money Market Fund - Growth Option - Direct Plan,HDFC Mutual Fund,Open Ended Schemes,Debt Scheme - Money Market Fund,22-12-2021,4600.47210
119092,HDFC Money Market Fund - Growth Option - Direct Plan,HDFC Mutual Fund,Open Ended Schemes,Debt Scheme - Money Market Fund,21-12-2021,4600.15000
119092,HDFC Money Market Fund - Growth Option - Direct Plan,HDFC Mutual Fund,Open Ended Schemes,Debt Scheme - Money Market Fund,20-12-2021,4599.97030
119092,HDFC Money Market Fund - Growth Option - Direct Plan,HDFC Mutual Fund,Open Ended Schemes,Debt Scheme - Money Market Fund,17-12-2021,4598.62210
119092,HDFC Money Market Fund - Growth Option - Direct Plan,HDFC Mutual Fund,Open Ended Schemes,Debt Scheme - Money Market Fund,16-12-2021,4598.18180
119092,HDFC Money Market Fund - Growth Option - Direct Plan,HDFC Mutual Fund,Open Ended Schemes,Debt Scheme - Money Market Fund,15-12-2021,4598.18110
119092,HDFC Money Market Fund - Growth Option - Direct Plan,HDFC Mutual Fund,Open Ended Schemes,Debt Scheme - Money Market Fund,14-12-2021,4597.79660
119092,HDFC Money Market Fund - Growth Option - Direct Plan,HDFC Mutual Fund,Open Ended Schemes,Debt Scheme - Money Market Fund,13-12-2021,4597.40110
119092,HDFC Money Market Fund - Growth Option - Direct Plan,HDFC Mutual Fund,Open Ended Schemes,Debt Scheme - Money Market Fund,10-12-2021,4595.94460
119092,HDFC Money Market Fund - Growth Option - Direct Plan,HDFC Mutual Fund,Open Ended Schemes,Debt Scheme - Money Market Fund,09-12-2021,4595.48490
119092,HDFC Money Market Fund - Growth Option - Direct Plan,HDFC Mutual Fund,Open Ended Schemes,Debt Scheme - Money Market Fund,08-12-2021,4595.12050
119092,HDFC Money Market Fund - Growth Option - Direct Plan,HDFC Mutual Fund,Open Ended Schemes,Debt Scheme - Money Market Fund,07-12-2021,4594.15890
119092,HDFC Money Market Fund - Growth Option - Direct Plan,HDFC Mutual Fund,Open Ended Schemes,Debt Scheme - Money Market Fund,06-12-2021,4593.75360
119092,HDFC Money Market Fund - Growth Option - Direct Plan,HDFC Mutual Fund,Open Ended Schemes,Debt Scheme - Money Market Fund,03-12-2021,4592.38900
119092,HDFC Money Market Fund - Growth Option - Direct Plan,HDFC Mutual Fund,Open Ended Schemes,Debt Scheme - Money Market Fund,02-12-2021,4591.98440
119092,HDFC Money Market Fund - Growth Option - Direct Plan,HDFC Mutual Fund,Open Ended Schemes,Debt Scheme - Money Market Fund,01-12-2021,4591.44050
119092,HDFC Money Market Fund - Growth Option - Direct Plan,HDFC Mutual Fund,Open Ended Schemes,Debt Scheme - Money Market Fund,30-11-2021,4590.83190
119092,HDFC Money Market Fund - Growth Option - Direct Plan,HDFC Mutual Fund,Open Ended Schemes,Debt Scheme - Money Market Fund,29-11-2021,4590.15870
119092,HDFC Money Market Fund - Growth Option - Direct Plan,HDFC Mutual Fund,Open Ended Schemes,Debt Scheme - Money Market Fund,26-11-2021,4588.73660
119092,HDFC Money Market Fund - Growth Option - Direct Plan,HDFC Mutual Fund,Open Ended Schemes,Debt Scheme - Money Market Fund,25-11-2021,4588.35370
119092,HDFC Money Market Fund - Growth Option - Direct Plan,HDFC Mutual Fund,Open Ended Schemes,Debt Scheme - Money Market Fund,24-11-2021,4587.93940
119092,HDFC Money Market Fund - Growth Option - Direct Plan,HDFC Mutual Fund,Open Ended Schemes,Debt Scheme - Money Market Fund,23-11-2021,4587.47150
119092,HDFC Money Market Fund - Growth Option - Direct Plan,HDFC Mutual Fund,Open Ended Schemes,Debt Scheme - Money Market Fund,22-11-2021,4586.96640
119092,HDFC Money Market Fund - Growth Option - Direct Plan,HDFC Mutual Fund,Open Ended Schemes,Debt Scheme - Money Market Fund,18-11-2021,4585.20980
119092,HDFC Money Market Fund - Growth Option - Direct Plan,HDFC Mutual Fund,Open Ended Schemes,Debt Scheme - Money Market Fund,17-11-2021,4584.64030
119092,HDFC Money Market Fund - Growth Option - Direct Plan,HDFC Mutual Fund,Open Ended Schemes,Debt Scheme - Money Market Fund,16-11-2021,4584.24670
119092,HDFC Money Market Fund - Growth Option - Direct Plan,HDFC Mutual Fund,Open Ended Schemes,Debt Scheme - Money Market Fund,15-11-2021,4583.80460
119092,HDFC Money Market Fund - Growth Option - Direct Plan,HDFC Mutual Fund,Open Ended Schemes,Debt Scheme - Money Market Fund,12-11-2021,4582.28520
119092,HDFC Money Market Fund - Growth Option - Direct Plan,HDFC Mutual Fund,Open Ended Schemes,Debt Scheme - Money Market Fund,11-11-2021,4581.68090
119092,HDFC Money Market Fund - Growth Option - Direct Plan,HDFC Mutual Fund,Open Ended Schemes,Debt Scheme - Money Market Fund,10-11-2021,4581.02720
119092,HDFC Money Market Fund - Growth Option - Direct Plan,HDFC Mutual Fund,Open Ended Schemes,Debt Scheme - Money Market Fund,09-11-2021,4580.49550
119092,HDFC Money Market Fund - Growth Option - Direct Plan,HDFC Mutual Fund,Open Ended Schemes,Debt Scheme - Money Market Fund,08-11-2021,4579.57270
119092,HDFC Money Market Fund - Growth Option - Direct Plan,HDFC Mutual Fund,Open Ended Schemes,Debt Scheme - Money Market Fund,03-11-2021,4576.46890
119092,HDFC Money Market Fund - Growth Option - Direct Plan,HDFC Mutual Fund,Open Ended Schemes,Debt Scheme - Money Market Fund,02-11-2021,4575.59920
119092,HDFC Money Market Fund - Growth Option - Direct Plan,HDFC Mutual Fund,Open Ended Schemes,Debt Scheme - Money Market Fund,01-11-2021,4574.98600
119092,HDFC Money Market Fund - Growth Option - Direct Plan,HDFC Mutual Fund,Open Ended Schemes,Debt Scheme - Money Market Fund,29-10-2021,4573.74000
119092,HDFC Money Market Fund - Growth Option - Direct Plan,HDFC Mutual Fund,Open Ended Schemes,Debt Scheme - Money Market Fund,28-10-2021,4573.40980
119092,HDFC Money Market Fund - Growth Option - Direct Plan,HDFC Mutual Fund,Open Ended Schemes,Debt Scheme - Money Market Fund,27-10-2021,4573.03050
119092,HDFC Money Market Fund - Growth Option - Direct Plan,HDFC Mutual Fund,Open Ended Schemes,Debt Scheme - Money Market Fund,26-10-2021,4573.52170
119092,HDFC Money Market Fund - Growth Option - Direct Plan,HDFC Mutual Fund,Open Ended Schemes,Debt Scheme - Money Market Fund,25-10-2021,4573.49610
119092,HDFC Money Market Fund - Growth Option - Direct Plan,HDFC Mutual Fund,Open Ended Schemes,Debt Scheme - Money Market Fund,22-10-2021,4572.63420
119092,HDFC Money Market Fund - Growth Option - Direct Plan,HDFC Mutual Fund,Open Ended Schemes,Debt Scheme - Money Market Fund,21-10-2021,4572.18170
119092,HDFC Money Market Fund - Growth Option - Direct Plan,HDFC Mutual Fund,Open Ended Schemes,Debt Scheme - Money Market Fund,20-10-2021,4571.98030
119092,HDFC Money Market Fund - Growth Option - Direct Plan,HDFC Mutual Fund,Open Ended Schemes,Debt Scheme - Money Market Fund,18-10-2021,4571.35980
119092,HDFC Money Market Fund - Growth Option - Direct Plan,HDFC Mutual Fund,Open Ended Schemes,Debt Scheme - Money Market Fund,14-10-2021,4569.97840
119092,HDFC Money Market Fund - Growth Option - Direct Plan,HDFC Mutual Fund,Open Ended Schemes,Debt Scheme - Money Market Fund,13-10-2021,4569.51950
119092,HDFC Money Market Fund - Growth Option - Direct Plan,HDFC Mutual Fund,Open Ended Schemes,Debt Scheme - Money Market Fund,12-10-2021,4568.84080
119092,HDFC Money Market Fund - Growth Option - Direct Plan,HDFC Mutual Fund,Open Ended Schemes,Debt Scheme - Money Market Fund,11-10-2021,4568.16690
119092,HDFC Money Market Fund - Growth Option - Direct Plan,HDFC Mutual Fund,Open Ended Schemes,Debt Scheme - Money Market Fund,08-10-2021,4566.51650
119092,HDFC Money Market Fund - Growth Option - Direct Plan,HDFC Mutual Fund,Open Ended Schemes,Debt Scheme - Money Market Fund,07-10-2021,4565.70220
119092,HDFC Money Market Fund - Growth Option - Direct Plan,HDFC Mutual Fund,Open Ended Schemes,Debt Scheme - Money Market Fund,06-10-2021,4565.18520
119092,HDFC Money Market Fund - Growth Option - Direct Plan,HDFC Mutual Fund,Open Ended Schemes,Debt Scheme - Money Market Fund,05-10-2021,4565.22110
119092,HDFC Money Market Fund - Growth Option - Direct Plan,HDFC Mutual Fund,Open Ended Schemes,Debt Scheme - Money Market Fund,04-10-2021,4564.96960
119092,HDFC Money Market Fund - Growth Option - Direct Plan,HDFC Mutual Fund,Open Ended Schemes,Debt Scheme - Money Market Fund,01-10-2021,4563.61920
119092,HDFC Money Market Fund - Growth Option - Direct Plan,HDFC Mutual Fund,Open Ended Schemes,Debt Scheme - Money Market Fund,30-09-2021,4563.02930
119092,HDFC Money Market Fund - Growth Option - Direct Plan,HDFC Mutual Fund,Open Ended Schemes,Debt Scheme - Money Market Fund,29-09-2021,4562.41660
119092,HDFC Money Market Fund - Growth Option - Direct Plan,HDFC Mutual Fund,Open Ended Schemes,Debt Scheme - Money Market Fund,28-09-2021,4562.48300
119092,HDFC Money Market Fund - Growth Option - Direct Plan,HDFC Mutual Fund,Open Ended Schemes,Debt Scheme - Money Market Fund,27-09-2021,4562.35180
119092,HDFC Money Market Fund - Growth Option - Direct Plan,HDFC Mutual Fund,Open Ended Schemes,Debt Scheme - Money Market Fund,24-09-2021,4561.19660
119092,HDFC Money Market Fund - Growth Option - Direct Plan,HDFC Mutual Fund,Open Ended Schemes,Debt Scheme - Money Market Fund,23-09-2021,4561.25730
119092,HDFC Money Market Fund - Growth Option - Direct Plan,HDFC Mutual Fund,Open Ended Schemes,Debt Scheme - Money Market Fund,22-09-2021,4560.91000
119092,HDFC Money Market Fund - Growth Option - Direct Plan,HDFC Mutual Fund,Open Ended Schemes,Debt Scheme - Money Market Fund,21-09-2021,4560.64210
119092,HDFC Money Market Fund - Growth Option - Direct Plan,HDFC Mutual Fund,Open Ended Schemes,Debt Scheme - Money Market Fund,20-09-2021,4560.27890
119092,HDFC Money Market Fund - Growth Option - Direct Plan,HDFC Mutual Fund,Open Ended Schemes,Debt Scheme - Money Market Fund,17-09-2021,4559.04930
119092,HDFC Money Market Fund - Growth Option - Direct Plan,HDFC Mutual Fund,Open Ended Schemes,Debt Scheme - Money Market Fund,16-09-2021,4558.65500
119092,HDFC Money Market Fund - Growth Option - Direct Plan,HDFC Mutual Fund,Open Ended Schemes,Debt Scheme - Money Market Fund,15-09-2021,4558.20180
119092,HDFC Money Market Fund - Growth Option - Direct Plan,HDFC Mutual Fund,Open Ended Schemes,Debt Scheme - Money Market Fund,14-09-2021,4557.81970
119092,HDFC Money Market Fund - Growth Option - Direct Plan,HDFC Mutual Fund,Open Ended Schemes,Debt Scheme - Money Market Fund,13-09-2021,4557.42190
119092,HDFC Money Market Fund - Growth Option - Direct Plan,HDFC Mutual Fund,Open Ended Schemes,Debt Scheme - Money Market Fund,09-09-2021,4555.63840
119092,HDFC Money Market Fund - Growth Option - Direct Plan,HDFC Mutual Fund,Open Ended Schemes,Debt Scheme - Money Market Fund,08-09-2021,4555.40890
119092,HDFC Money Market Fund - Growth Option - Direct Plan,HDFC Mutual Fund,Open Ended Schemes,Debt Scheme - Money Market Fund,07-09-2021,4555.02410
119092,HDFC Money Market Fund - Growth Option - Direct Plan,HDFC Mutual Fund,Open Ended Schemes,Debt Scheme - Money Market Fund,06-09-2021,4554.55420
119092,HDFC Money Market Fund - Growth Option - Direct Plan,HDFC Mutual Fund,Open Ended Schemes,Debt Scheme - Money Market Fund,03-09-2021,4553.27380
119092,HDFC Money Market Fund - Growth Option - Direct Plan,HDFC Mutual Fund,Open Ended Schemes,Debt Scheme - Money Market Fund,02-09-2021,4552.80550
119092,HDFC Money Market Fund - Growth Option - Direct Plan,HDFC Mutual Fund,Open Ended Schemes,Debt Scheme - Money Market Fund,01-09-2021,4552.22550
119092,HDFC Money Market Fund - Growth Option - Direct Plan,HDFC Mutual Fund,Open Ended Schemes,Debt Scheme - Money Market Fund,31-08-2021,4551.49920
119092,HDFC Money Market Fund - Growth Option - Direct Plan,HDFC Mutual Fund,Open Ended Schemes,Debt Scheme - Money Market Fund,30-08-2021,4550.91940
119092,HDFC Money Market Fund - Growth Option - Direct Plan,HDFC Mutual Fund,Open Ended Schemes,Debt Scheme - Money Market Fund,27-08-2021,4549.40900
119092,HDFC Money Market Fund - Growth Option - Direct Plan,HDFC Mutual Fund,Open Ended Schemes,Debt Scheme - Money Market Fund,26-08-2021,4548.89110
119092,HDFC Money Market Fund - Growth Option - Direct Plan,HDFC Mutual Fund,Open Ended Schemes,Debt Scheme - Money Market Fund,25-08-2021,4548.13700
119092,HDFC Money Market Fund - Growth Option - Direct Plan,HDFC Mutual Fund,Open Ended Schemes,Debt Scheme - Money Market Fund,24-08-2021,4547.56310
119092,HDFC Money Market Fund - Growth Option - Direct Plan,HDFC Mutual Fund,Open Ended Schemes,Debt Scheme - Money Market Fund,23-08-2021,4547.06400
119092,HDFC Money Market Fund - Growth Option - Direct Plan,HDFC Mutual Fund,Open Ended Schemes,Debt Scheme - Money Market Fund,20-08-2021,4545.60820
119092,HDFC Money Market Fund - Growth Option - Direct Plan,HDFC Mutual Fund,Open Ended Schemes,Debt Scheme - Money Market Fund,18-08-2021,4544.36900
119092,HDFC Money Market Fund - Growth Option - Direct Plan,HDFC Mutual Fund,Open Ended Schemes,Debt Scheme - Money Market Fund,17-08-2021,4543.66750
119092,HDFC Money Market Fund - Growth Option - Direct Plan,HDFC Mutual Fund,Open Ended Schemes,Debt Scheme - Money Market Fund,13-08-2021,4541.51400
119092,HDFC Money Market Fund - Growth Option - Direct Plan,HDFC Mutual Fund,Open Ended Schemes,Debt Scheme - Money Market Fund,12-08-2021,4540.68840
119092,HDFC Money Market Fund - Growth Option - Direct Plan,HDFC Mutual Fund,Open Ended Schemes,Debt Scheme - Money Market Fund,11-08-2021,4540.04090
119092,HDFC Money Market Fund - Growth Option - Direct Plan,HDFC Mutual Fund,Open Ended Schemes,Debt Scheme - Money Market Fund,10-08-2021,4539.45400
119092,HDFC Money Market Fund - Growth Option - Direct Plan,HDFC Mutual Fund,Open Ended Schemes,Debt Scheme - Money Market Fund,09-08-2021,4538.83710
119092,HDFC Money Market Fund - Growth Option - Direct Plan,HDFC Mutual Fund,Open Ended Schemes,Debt Scheme - Money Market Fund,06-08-2021,4537.47170
119092,HDFC Money Market Fund - Growth Option - Direct Plan,HDFC Mutual Fund,Open Ended Schemes,Debt Scheme - Money Market Fund,05-08-2021,4537.17690
119092,HDFC Money Market Fund - Growth Option - Direct Plan,HDFC Mutual Fund,Open Ended Schemes,Debt Scheme - Money Market Fund,04-08-2021,4536.66200
119092,HDFC Money Market Fund - Growth Option - Direct Plan,HDFC Mutual Fund,Open Ended Schemes,Debt Scheme - Money Market Fund,03-08-2021,4536.35560
119092,HDFC Money Market Fund - Growth Option - Direct Plan,HDFC Mutual Fund,Open Ended Schemes,Debt Scheme - Money Market Fund,02-08-2021,4535.68360
119092,HDFC Money Market Fund - Growth Option - Direct Plan,HDFC Mutual Fund,Open Ended Schemes,Debt Scheme - Money Market Fund,30-07-2021,4534.39830
119092,HDFC Money Market Fund - Growth Option - Direct Plan,HDFC Mutual Fund,Open Ended Schemes,Debt Scheme - Money Market Fund,29-07-2021,4533.95040
119092,HDFC Money Market Fund - Growth Option - Direct Plan,HDFC Mutual Fund,Open Ended Schemes,Debt Scheme - Money Market Fund,28-07-2021,4533.50970
119092,HDFC Money Market Fund - Growth Option - Direct Plan,HDFC Mutual Fund,Open Ended Schemes,Debt Scheme - Money Market Fund,27-07-2021,4533.12320
119092,HDFC Money Market Fund - Growth Option - Direct Plan,HDFC Mutual Fund,Open Ended Schemes,Debt Scheme - Money Market Fund,26-07-2021,4532.55060
119092,HDFC Money Market Fund - Growth Option - Direct Plan,HDFC Mutual Fund,Open Ended Schemes,Debt Scheme - Money Market Fund,23-07-2021,4531.09930
119092,HDFC Money Market Fund - Growth Option - Direct Plan,HDFC Mutual Fund,Open Ended Schemes,Debt Scheme - Money Market Fund,22-07-2021,4530.36510
119092,HDFC Money Market Fund - Growth Option - Direct Plan,HDFC Mutual Fund,Open Ended Schemes,Debt Scheme - Money Market Fund,20-07-2021,4529.39210
119092,HDFC Money Market Fund - Growth Option - Direct Plan,HDFC Mutual Fund,Open Ended Schemes,Debt Scheme - Money Market Fund,19-07-2021,4528.74200
119092,HDFC Money Market Fund - Growth Option - Direct Plan,HDFC Mutual Fund,Open Ended Schemes,Debt Scheme - Money Market Fund,16-07-2021,4527.47100
119092,HDFC Money Market Fund - Growth Option - Direct Plan,HDFC Mutual Fund,Open Ended Schemes,Debt Scheme - Money Market Fund,15-07-2021,4526.86050
119092,HDFC Money Market Fund - Growth Option - Direct Plan,HDFC Mutual Fund,Open Ended Schemes,Debt Scheme - Money Market Fund,14-07-2021,4526.22240
119092,HDFC Money Market Fund - Growth Option - Direct Plan,HDFC Mutual Fund,Open Ended Schemes,Debt Scheme - Money Market Fund,13-07-2021,4525.60120
119092,HDFC Money Market Fund - Growth Option - Direct Plan,HDFC Mutual Fund,Open Ended Schemes,Debt Scheme - Money Market Fund,12-07-2021,4524.98640
119092,HDFC Money Market Fund - Growth Option - Direct Plan,HDFC Mutual Fund,Open Ended Schemes,Debt Scheme - Money Market Fund,09-07-2021,4523.15920
119092,HDFC Money Market Fund - Growth Option - Direct Plan,HDFC Mutual Fund,Open Ended Schemes,Debt Scheme - Money Market Fund,08-07-2021,4522.74540
119092,HDFC Money Market Fund - Growth Option - Direct Plan,HDFC Mutual Fund,Open Ended Schemes,Debt Scheme - Money Market Fund,07-07-2021,4522.05710
119092,HDFC Money Market Fund - Growth Option - Direct Plan,HDFC Mutual Fund,Open Ended Schemes,Debt Scheme - Money Market Fund,06-07-2021,4521.20330
119092,HDFC Money Market Fund - Growth Option - Direct Plan,HDFC Mutual Fund,Open Ended Schemes,Debt Scheme - Money Market Fund,05-07-2021,4520.95920
119092,HDFC Money Market Fund - Growth Option - Direct Plan,HDFC Mutual Fund,Open Ended Schemes,Debt Scheme - Money Market Fund,02-07-2021,4519.49410
119092,HDFC Money Market Fund - Growth Option - Direct Plan,HDFC Mutual Fund,Open Ended Schemes,Debt Scheme - Money Market Fund,01-07-2021,4518.92590
119092,HDFC Money Market Fund - Growth Option - Direct Plan,HDFC Mutual Fund,Open Ended Schemes,Debt Scheme - Money Market Fund,30-06-2021,4518.15070
119092,HDFC Money Market Fund - Growth Option - Direct Plan,HDFC Mutual Fund,Open Ended Schemes,Debt Scheme - Money Market Fund,29-06-2021,4517.56940
119092,HDFC Money Market Fund - Growth Option - Direct Plan,HDFC Mutual Fund,Open Ended Schemes,Debt Scheme - Money Market Fund,28-06-2021,4517.08980
119092,HDFC Money Market Fund - Growth Option - Direct Plan,HDFC Mutual Fund,Open Ended Schemes,Debt Scheme - Money Market Fund,25-06-2021,4515.68420
119092,HDFC Money Market Fund - Growth Option - Direct Plan,HDFC Mutual Fund,Open Ended Schemes,Debt Scheme - Money Market Fund,24-06-2021,4515.31870
119092,HDFC Money Market Fund - Growth Option - Direct Plan,HDFC Mutual Fund,Open Ended Schemes,Debt Scheme - Money Market Fund,23-06-2021,4514.77030
119092,HDFC Money Market Fund - Growth Option - Direct Plan,HDFC Mutual Fund,Open Ended Schemes,Debt Scheme - Money Market Fund,22-06-2021,4514.34970
119092,HDFC Money Market Fund - Growth Option - Direct Plan,HDFC Mutual Fund,Open Ended Schemes,Debt Scheme - Money Market Fund,21-06-2021,4513.92330
119092,HDFC Money Market Fund - Growth Option - Direct Plan,HDFC Mutual Fund,Open Ended Schemes,Debt Scheme - Money Market Fund,18-06-2021,4512.29080
119092,HDFC Money Market Fund - Growth Option - Direct Plan,HDFC Mutual Fund,Open Ended Schemes,Debt Scheme - Money Market Fund,17-06-2021,4511.88240
119092,HDFC Money Market Fund - Growth Option - Direct Plan,HDFC Mutual Fund,Open Ended Schemes,Debt Scheme - Money Market Fund,16-06-2021,4511.89440
119092,HDFC Money Market Fund - Growth Option - Direct Plan,HDFC Mutual Fund,Open Ended Schemes,Debt Scheme - Money Market Fund,15-06-2021,4511.92680
119092,HDFC Money Market Fund - Growth Option - Direct Plan,HDFC Mutual Fund,Open Ended Schemes,Debt Scheme - Money Market Fund,14-06-2021,4511.53500
119092,HDFC Money Market Fund - Growth Option - Direct Plan,HDFC Mutual Fund,Open Ended Schemes,Debt Scheme - Money Market Fund,11-06-2021,4510.30800
119092,HDFC Money Market Fund - Growth Option - Direct Plan,HDFC Mutual Fund,Open Ended Schemes,Debt Scheme - Money Market Fund,10-06-2021,4509.64720
119092,HDFC Money Market Fund - Growth Option - Direct Plan,HDFC Mutual Fund,Open Ended Schemes,Debt Scheme - Money Market Fund,09-06-2021,4508.96670
119092,HDFC Money Market Fund - Growth Option - Direct Plan,HDFC Mutual Fund,Open Ended Schemes,Debt Scheme - Money Market Fund,08-06-2021,4508.22500
119092,HDFC Money Market Fund - Growth Option - Direct Plan,HDFC Mutual Fund,Open Ended Schemes,Debt Scheme - Money Market Fund,07-06-2021,4507.62930
119092,HDFC Money Market Fund - Growth Option - Direct Plan,HDFC Mutual Fund,Open Ended Schemes,Debt Scheme - Money Market Fund,04-06-2021,4506.00130
119092,HDFC Money Market Fund - Growth Option - Direct Plan,HDFC Mutual Fund,Open Ended Schemes,Debt Scheme - Money Market Fund,03-06-2021,4505.61010
119092,HDFC Money Market Fund - Growth Option - Direct Plan,HDFC Mutual Fund,Open Ended Schemes,Debt Scheme - Money Market Fund,02-06-2021,4505.14710
119092,HDFC Money Market Fund - Growth Option - Direct Plan,HDFC Mutual Fund,Open Ended Schemes,Debt Scheme - Money Market Fund,01-06-2021,4504.73960
119092,HDFC Money Market Fund - Growth Option - Direct Plan,HDFC Mutual Fund,Open Ended Schemes,Debt Scheme - Money Market Fund,31-05-2021,4504.34950
119092,HDFC Money Market Fund - Growth Option - Direct Plan,HDFC Mutual Fund,Open Ended Schemes,Debt Scheme - Money Market Fund,28-05-2021,4502.96360
119092,HDFC Money Market Fund - Growth Option - Direct Plan,HDFC Mutual Fund,Open Ended Schemes,Debt Scheme - Money Market Fund,27-05-2021,4502.23820
119092,HDFC Money Market Fund - Growth Option - Direct Plan,HDFC Mutual Fund,Open Ended Schemes,Debt Scheme - Money Market Fund,25-05-2021,4501.47320
119092,HDFC Money Market Fund - Growth Option - Direct Plan,HDFC Mutual Fund,Open Ended Schemes,Debt Scheme - Money Market Fund,24-05-2021,4501.06600
119092,HDFC Money Market Fund - Growth Option - Direct Plan,HDFC Mutual Fund,Open Ended Schemes,Debt Scheme - Money Market Fund,21-05-2021,4499.79960
119092,HDFC Money Market Fund - Growth Option - Direct Plan,HDFC Mutual Fund,Open Ended Schemes,Debt Scheme - Money Market Fund,20-05-2021,4499.05280
119092,HDFC Money Market Fund - Growth Option - Direct Plan,HDFC Mutual Fund,Open Ended Schemes,Debt Scheme - Money Market Fund,19-05-2021,4498.60050
119092,HDFC Money Market Fund - Growth Option - Direct Plan,HDFC Mutual Fund,Open Ended Schemes,Debt Scheme - Money Market Fund,18-05-2021,4498.04060
119092,HDFC Money Market Fund - Growth Option - Direct Plan,HDFC Mutual Fund,Open Ended Schemes,Debt Scheme - Money Market Fund,17-05-2021,4497.51240
119092,HDFC Money Market Fund - Growth Option - Direct Plan,HDFC Mutual Fund,Open Ended Schemes,Debt Scheme - Money Market Fund,14-05-2021,4496.18370
119092,HDFC Money Market Fund - Growth Option - Direct Plan,HDFC Mutual Fund,Open Ended Schemes,Debt Scheme - Money Market Fund,12-05-2021,4495.25010
119092,HDFC Money Market Fund - Growth Option - Direct Plan,HDFC Mutual Fund,Open Ended Schemes,Debt Scheme - Money Market Fund,11-05-2021,4494.94500
119092,HDFC Money Market Fund - Growth Option - Direct Plan,HDFC Mutual Fund,Open Ended Schemes,Debt Scheme - Money Market Fund,10-05-2021,4494.34270
119092,HDFC Money Market Fund - Growth Option - Direct Plan,HDFC Mutual Fund,Open Ended Schemes,Debt Scheme - Money Market Fund,07-05-2021,4493.47250
119092,HDFC Money Market Fund - Growth Option - Direct Plan,HDFC Mutual Fund,Open Ended Schemes,Debt Scheme - Money Market Fund,06-05-2021,4493.10300
119092,HDFC Money Market Fund - Growth Option - Direct Plan,HDFC Mutual Fund,Open Ended Schemes,Debt Scheme - Money Market Fund,05-05-2021,4492.65020
119092,HDFC Money Market Fund - Growth Option - Direct Plan,HDFC Mutual Fund,Open Ended Schemes,Debt Scheme - Money Market Fund,04-05-2021,4492.19510
119092,HDFC Money Market Fund - Growth Option - Direct Plan,HDFC Mutual Fund,Open Ended Schemes,Debt Scheme - Money Market Fund,03-05-2021,4492.01270
119092,HDFC Money Market Fund - Growth Option - Direct Plan,HDFC Mutual Fund,Open Ended Schemes,Debt Scheme - Money Market Fund,30-04-2021,4490.40890
119092,HDFC Money Market Fund - Growth Option - Direct Plan,HDFC Mutual Fund,Open Ended Schemes,Debt Scheme - Money Market Fund,29-04-2021,4489.90350
119092,HDFC Money Market Fund - Growth Option - Direct Plan,HDFC Mutual Fund,Open Ended Schemes,Debt Scheme - Money Market Fund,28-04-2021,4489.47620
119092,HDFC Money Market Fund - Growth Option - Direct Plan,HDFC Mutual Fund,Open Ended Schemes,Debt Scheme - Money Market Fund,27-04-2021,4488.23240
119092,HDFC Money Market Fund - Growth Option - Direct Plan,HDFC Mutual Fund,Open Ended Schemes,Debt Scheme - Money Market Fund,26-04-2021,4487.61740
119092,HDFC Money Market Fund - Growth Option - Direct Plan,HDFC Mutual Fund,Open Ended Schemes,Debt Scheme - Money Market Fund,23-04-2021,4485.60710
119092,HDFC Money Market Fund - Growth Option - Direct Plan,HDFC Mutual Fund,Open Ended Schemes,Debt Scheme - Money Market Fund,22-04-2021,4485.08020
119092,HDFC Money Market Fund - Growth Option - Direct Plan,HDFC Mutual Fund,Open Ended Schemes,Debt Scheme - Money Market Fund,20-04-2021,4483.58070
119092,HDFC Money Market Fund - Growth Option - Direct Plan,HDFC Mutual Fund,Open Ended Schemes,Debt Scheme - Money Market Fund,19-04-2021,4482.80000
119092,HDFC Money Market Fund - Growth Option - Direct Plan,HDFC Mutual Fund,Open Ended Schemes,Debt Scheme - Money Market Fund,16-04-2021,4481.11750
119092,HDFC Money Market Fund - Growth Option - Direct Plan,HDFC Mutual Fund,Open Ended Schemes,Debt Scheme - Money Market Fund,15-04-2021,4480.56510
119092,HDFC Money Market Fund - Growth Option - Direct Plan,HDFC Mutual Fund,Open Ended Schemes,Debt Scheme - Money Market Fund,12-04-2021,4479.07130
119092,HDFC Money Market Fund - Growth Option - Direct Plan,HDFC Mutual Fund,Open Ended Schemes,Debt Scheme - Money Market Fund,09-04-2021,4478.22060
119092,HDFC Money Market Fund - Growth Option - Direct Plan,HDFC Mutual Fund,Open Ended Schemes,Debt Scheme - Money Market Fund,08-04-2021,4478.03180
119092,HDFC Money Market Fund - Growth Option - Direct Plan,HDFC Mutual Fund,Open Ended Schemes,Debt Scheme - Money Market Fund,07-04-2021,4478.11170
119092,HDFC Money Market Fund - Growth Option - Direct Plan,HDFC Mutual Fund,Open Ended Schemes,Debt Scheme - Money Market Fund,06-04-2021,4477.63590
119092,HDFC Money Market Fund - Growth Option - Direct Plan,HDFC Mutual Fund,Open Ended Schemes,Debt Scheme - Money Market Fund,05-04-2021,4476.16750
119092,HDFC Money Market Fund - Growth Option - Direct Plan,HDFC Mutual Fund,Open Ended Schemes,Debt Scheme - Money Market Fund,31-03-2021,4473.92440
119092,HDFC Money Market Fund - Growth Option - Direct Plan,HDFC Mutual Fund,Open Ended Schemes,Debt Scheme - Money Market Fund,30-03-2021,4472.87370
119092,HDFC Money Market Fund - Growth Option - Direct Plan,HDFC Mutual Fund,Open Ended Schemes,Debt Scheme - Money Market Fund,26-03-2021,4469.92250
119092,HDFC Money Market Fund - Growth Option - Direct Plan,HDFC Mutual Fund,Open Ended Schemes,Debt Scheme - Money Market Fund,25-03-2021,4468.94040
119092,HDFC Money Market Fund - Growth Option - Direct Plan,HDFC Mutual Fund,Open Ended Schemes,Debt Scheme - Money Market Fund,24-03-2021,4468.14620
119092,HDFC Money Market Fund - Growth Option - Direct Plan,HDFC Mutual Fund,Open Ended Schemes,Debt Scheme - Money Market Fund,23-03-2021,4466.54380
119092,HDFC Money Market Fund - Growth Option - Direct Plan,HDFC Mutual Fund,Open Ended Schemes,Debt Scheme - Money Market Fund,22-03-2021,4465.63830
119092,HDFC Money Market Fund - Growth Option - Direct Plan,HDFC Mutual Fund,Open Ended Schemes,Debt Scheme - Money Market Fund,19-03-2021,4463.91400
119092,HDFC Money Market Fund - Growth Option - Direct Plan,HDFC Mutual Fund,Open Ended Schemes,Debt Scheme - Money Market Fund,18-03-2021,4462.26610
119092,HDFC Money Market Fund - Growth Option - Direct Plan,HDFC Mutual Fund,Open Ended Schemes,Debt Scheme - Money Market Fund,17-03-2021,4461.55840
119092,HDFC Money Market Fund - Growth Option - Direct Plan,HDFC Mutual Fund,Open Ended Schemes,Debt Scheme - Money Market Fund,16-03-2021,4461.08280
119092,HDFC Money Market Fund - Growth Option - Direct Plan,HDFC Mutual Fund,Open Ended Schemes,Debt Scheme - Money Market Fund,15-03-2021,4460.44130
119092,HDFC Money Market Fund - Growth Option - Direct Plan,HDFC Mutual Fund,Open Ended Schemes,Debt Scheme - Money Market Fund,12-03-2021,4459.60680
119092,HDFC Money Market Fund - Growth Option - Direct Plan,HDFC Mutual Fund,Open Ended Schemes,Debt Scheme - Money Market Fund,10-03-2021,4458.65600
119092,HDFC Money Market Fund - Growth Option - Direct Plan,HDFC Mutual Fund,Open Ended Schemes,Debt Scheme - Money Market Fund,09-03-2021,4458.01720
119092,HDFC Money Market Fund - Growth Option - Direct Plan,HDFC Mutual Fund,Open Ended Schemes,Debt Scheme - Money Market Fund,08-03-2021,4457.74210
119092,HDFC Money Market Fund - Growth Option - Direct Plan,HDFC Mutual Fund,Open Ended Schemes,Debt Scheme - Money Market Fund,05-03-2021,4456.58380
119092,HDFC Money Market Fund - Growth Option - Direct Plan,HDFC Mutual Fund,Open Ended Schemes,Debt Scheme - Money Market Fund,04-03-2021,4456.11480
119092,HDFC Money Market Fund - Growth Option - Direct Plan,HDFC Mutual Fund,Open Ended Schemes,Debt Scheme - Money Market Fund,03-03-2021,4455.67700
119092,HDFC Money Market Fund - Growth Option - Direct Plan,HDFC Mutual Fund,Open Ended Schemes,Debt Scheme - Money Market Fund,02-03-2021,4455.25710
119092,HDFC Money Market Fund - Growth Option - Direct Plan,HDFC Mutual Fund,Open Ended Schemes,Debt Scheme - Money Market Fund,01-03-2021,4454.87330
119092,HDFC Money Market Fund - Growth Option - Direct Plan,HDFC Mutual Fund,Open Ended Schemes,Debt Scheme - Money Market Fund,26-02-2021,4453.65630
119092,HDFC Money Market Fund - Growth Option - Direct Plan,HDFC Mutual Fund,Open Ended Schemes,Debt Scheme - Money Market Fund,25-02-2021,4453.30350
119092,HDFC Money Market Fund - Growth Option - Direct Plan,HDFC Mutual Fund,Open Ended Schemes,Debt Scheme - Money Market Fund,24-02-2021,4452.95300
119092,HDFC Money Market Fund - Growth Option - Direct Plan,HDFC Mutual Fund,Open Ended Schemes,Debt Scheme - Money Market Fund,23-02-2021,4452.25770
119092,HDFC Money Market Fund - Growth Option - Direct Plan,HDFC Mutual Fund,Open Ended Schemes,Debt Scheme - Money Market Fund,22-02-2021,4451.80570
119092,HDFC Money Market Fund - Growth Option - Direct Plan,HDFC Mutual Fund,Open Ended Schemes,Debt Scheme - Money Market Fund,18-02-2021,4450.57290
119092,HDFC Money Market Fund - Growth Option - Direct Plan,HDFC Mutual Fund,Open Ended Schemes,Debt Scheme - Money Market Fund,17-02-2021,4449.90120
119092,HDFC Money Market Fund - Growth Option - Direct Plan,HDFC Mutual Fund,Open Ended Schemes,Debt Scheme - Money Market Fund,16-02-2021,4449.19080
119092,HDFC Money Market Fund - Growth Option - Direct Plan,HDFC Mutual Fund,Open Ended Schemes,Debt Scheme - Money Market Fund,15-02-2021,4448.48740
119092,HDFC Money Market Fund - Growth Option - Direct Plan,HDFC Mutual Fund,Open Ended Schemes,Debt Scheme - Money Market Fund,12-02-2021,4447.02610
119092,HDFC Money Market Fund - Growth Option - Direct Plan,HDFC Mutual Fund,Open Ended Schemes,Debt Scheme - Money Market Fund,11-02-2021,4446.56390
119092,HDFC Money Market Fund - Growth Option - Direct Plan,HDFC Mutual Fund,Open Ended Schemes,Debt Scheme - Money Market Fund,10-02-2021,4446.13850
119092,HDFC Money Market Fund - Growth Option - Direct Plan,HDFC Mutual Fund,Open Ended Schemes,Debt Scheme - Money Market Fund,09-02-2021,4445.44340
119092,HDFC Money Market Fund - Growth Option - Direct Plan,HDFC Mutual Fund,Open Ended Schemes,Debt Scheme - Money Market Fund,08-02-2021,4445.18460
119092,HDFC Money Market Fund - Growth Option - Direct Plan,HDFC Mutual Fund,Open Ended Schemes,Debt Scheme - Money Market Fund,05-02-2021,4443.91760
119092,HDFC Money Market Fund - Growth Option - Direct Plan,HDFC Mutual Fund,Open Ended Schemes,Debt Scheme - Money Market Fund,04-02-2021,4443.37870
119092,HDFC Money Market Fund - Growth Option - Direct Plan,HDFC Mutual Fund,Open Ended Schemes,Debt Scheme - Money Market Fund,03-02-2021,4443.00690
119092,HDFC Money Market Fund - Growth Option - Direct Plan,HDFC Mutual Fund,Open Ended Schemes,Debt Scheme - Money Market Fund,02-02-2021,4442.97830
119092,HDFC Money Market Fund - Growth Option - Direct Plan,HDFC Mutual Fund,Open Ended Schemes,Debt Scheme - Money Market Fund,01-02-2021,4442.50210
119092,HDFC Money Market Fund - Growth Option - Direct Plan,HDFC Mutual Fund,Open Ended Schemes,Debt Scheme - Money Market Fund,29-01-2021,4441.40990
119092,HDFC Money Market Fund - Growth Option - Direct Plan,HDFC Mutual Fund,Open Ended Schemes,Debt Scheme - Money Market Fund,28-01-2021,4440.96240
119092,HDFC Money Market Fund - Growth Option - Direct Plan,HDFC Mutual Fund,Open Ended Schemes,Debt Scheme - Money Market Fund,27-01-2021,4440.49670
119092,HDFC Money Market Fund - Growth Option - Direct Plan,HDFC Mutual Fund,Open Ended Schemes,Debt Scheme - Money Market Fund,25-01-2021,4439.84450
119092,HDFC Money Market Fund - Growth Option - Direct Plan,HDFC Mutual Fund,Open Ended Schemes,Debt Scheme - Money Market Fund,22-01-2021,4438.53590
119092,HDFC Money Market Fund - Growth Option - Direct Plan,HDFC Mutual Fund,Open Ended Schemes,Debt Scheme - Money Market Fund,21-01-2021,4438.13250
119092,HDFC Money Market Fund - Growth Option - Direct Plan,HDFC Mutual Fund,Open Ended Schemes,Debt Scheme - Money Market Fund,20-01-2021,4437.65570
119092,HDFC Money Market Fund - Growth Option - Direct Plan,HDFC Mutual Fund,Open Ended Schemes,Debt Scheme - Money Market Fund,19-01-2021,4437.22760
119092,HDFC Money Market Fund - Growth Option - Direct Plan,HDFC Mutual Fund,Open Ended Schemes,Debt Scheme - Money Market Fund,18-01-2021,4437.20770
119092,HDFC Money Market Fund - Growth Option - Direct Plan,HDFC Mutual Fund,Open Ended Schemes,Debt Scheme - Money Market Fund,15-01-2021,4436.23470
119092,HDFC Money Market Fund - Growth Option - Direct Plan,HDFC Mutual Fund,Open Ended Schemes,Debt Scheme - Money Market Fund,14-01-2021,4435.89730
119092,HDFC Money Market Fund - Growth Option - Direct Plan,HDFC Mutual Fund,Open Ended Schemes,Debt Scheme - Money Market Fund,13-01-2021,4436.00230
119092,HDFC Money Market Fund - Growth Option - Direct Plan,HDFC Mutual Fund,Open Ended Schemes,Debt Scheme - Money Market Fund,12-01-2021,4435.55240
119092,HDFC Money Market Fund - Growth Option - Direct Plan,HDFC Mutual Fund,Open Ended Schemes,Debt Scheme - Money Market Fund,11-01-2021,4435.34630
119092,HDFC Money Market Fund - Growth Option - Direct Plan,HDFC Mutual Fund,Open Ended Schemes,Debt Scheme - Money Market Fund,08-01-2021,4434.76600
119092,HDFC Money Market Fund - Growth Option - Direct Plan,HDFC Mutual Fund,Open Ended Schemes,Debt Scheme - Money Market Fund,07-01-2021,4434.40730
119092,HDFC Money Market Fund - Growth Option - Direct Plan,HDFC Mutual Fund,Open Ended Schemes,Debt Scheme - Money Market Fund,06-01-2021,4434.23210
119092,HDFC Money Market Fund - Growth Option - Direct Plan,HDFC Mutual Fund,Open Ended Schemes,Debt Scheme - Money Market Fund,05-01-2021,4434.04730
119092,HDFC Money Market Fund - Growth Option - Direct Plan,HDFC Mutual Fund,Open Ended Schemes,Debt Scheme - Money Market Fund,04-01-2021,4433.61730
119092,HDFC Money Market Fund - Growth Option - Direct Plan,HDFC Mutual Fund,Open Ended Schemes,Debt Scheme - Money Market Fund,01-01-2021,4432.27230
119092,HDFC Money Market Fund - Growth Option - Direct Plan,HDFC Mutual Fund,Open Ended Schemes,Debt Scheme - Money Market Fund,31-12-2020,4431.63110
119092,HDFC Money Market Fund - Growth Option - Direct Plan,HDFC Mutual Fund,Open Ended Schemes,Debt Scheme - Money Market Fund,30-12-2020,4431.10160
119092,HDFC Money Market Fund - Growth Option - Direct Plan,HDFC Mutual Fund,Open Ended Schemes,Debt Scheme - Money Market Fund,29-12-2020,4430.38930
119092,HDFC Money Market Fund - Growth Option - Direct Plan,HDFC Mutual Fund,Open Ended Schemes,Debt Scheme - Money Market Fund,28-12-2020,4429.82680
119092,HDFC Money Market Fund - Growth Option - Direct Plan,HDFC Mutual Fund,Open Ended Schemes,Debt Scheme - Money Market Fund,24-12-2020,4428.20370
119092,HDFC Money Market Fund - Growth Option - Direct Plan,HDFC Mutual Fund,Open Ended Schemes,Debt Scheme - Money Market Fund,23-12-2020,4427.74590
119092,HDFC Money Market Fund - Growth Option - Direct Plan,HDFC Mutual Fund,Open Ended Schemes,Debt Scheme - Money Market Fund,22-12-2020,4427.36210
119092,HDFC Money Market Fund - Growth Option - Direct Plan,HDFC Mutual Fund,Open Ended Schemes,Debt Scheme - Money Market Fund,21-12-2020,4426.95050
119092,HDFC Money Market Fund - Growth Option - Direct Plan,HDFC Mutual Fund,Open Ended Schemes,Debt Scheme - Money Market Fund,18-12-2020,4425.66650
119092,HDFC Money Market Fund - Growth Option - Direct Plan,HDFC Mutual Fund,Open Ended Schemes,Debt Scheme - Money Market Fund,17-12-2020,4425.20740
119092,HDFC Money Market Fund - Growth Option - Direct Plan,HDFC Mutual Fund,Open Ended Schemes,Debt Scheme - Money Market Fund,16-12-2020,4424.88520
119092,HDFC Money Market Fund - Growth Option - Direct Plan,HDFC Mutual Fund,Open Ended Schemes,Debt Scheme - Money Market Fund,15-12-2020,4424.58350
119092,HDFC Money Market Fund - Growth Option - Direct Plan,HDFC Mutual Fund,Open Ended Schemes,Debt Scheme - Money Market Fund,14-12-2020,4424.31180
119092,HDFC Money Market Fund - Growth Option - Direct Plan,HDFC Mutual Fund,Open Ended Schemes,Debt Scheme - Money Market Fund,11-12-2020,4423.14670
119092,HDFC Money Market Fund - Growth Option - Direct Plan,HDFC Mutual Fund,Open Ended Schemes,Debt Scheme - Money Market Fund,10-12-2020,4422.63870
119092,HDFC Money Market Fund - Growth Option - Direct Plan,HDFC Mutual Fund,Open Ended Schemes,Debt Scheme - Money Market Fund,09-12-2020,4422.08200
119092,HDFC Money Market Fund - Growth Option - Direct Plan,HDFC Mutual Fund,Open Ended Schemes,Debt Scheme - Money Market Fund,08-12-2020,4421.99730
119092,HDFC Money Market Fund - Growth Option - Direct Plan,HDFC Mutual Fund,Open Ended Schemes,Debt Scheme - Money Market Fund,07-12-2020,4421.93000
119092,HDFC Money Market Fund - Growth Option - Direct Plan,HDFC Mutual Fund,Open Ended Schemes,Debt Scheme - Money Market Fund,04-12-2020,4420.56720
119092,HDFC Money Market Fund - Growth Option - Direct Plan,HDFC Mutual Fund,Open Ended Schemes,Debt Scheme - Money Market Fund,03-12-2020,4419.91190
119092,HDFC Money Market Fund - Growth Option - Direct Plan,HDFC Mutual Fund,Open Ended Schemes,Debt Scheme - Money Market Fund,02-12-2020,4419.55470
119092,HDFC Money Market Fund - Growth Option - Direct Plan,HDFC Mutual Fund,Open Ended Schemes,Debt Scheme - Money Market Fund,01-12-2020,4419.93590
119092,HDFC Money Market Fund - Growth Option - Direct Plan,HDFC Mutual Fund,Open Ended Schemes,Debt Scheme - Money Market Fund,27-11-2020,4418.64320
119092,HDFC Money Market Fund - Growth Option - Direct Plan,HDFC Mutual Fund,Open Ended Schemes,Debt Scheme - Money Market Fund,26-11-2020,4418.07680
119092,HDFC Money Market Fund - Growth Option - Direct Plan,HDFC Mutual Fund,Open Ended Schemes,Debt Scheme - Money Market Fund,25-11-2020,4417.29690
119092,HDFC Money Market Fund - Growth Option - Direct Plan,HDFC Mutual Fund,Open Ended Schemes,Debt Scheme - Money Market Fund,24-11-2020,4416.74670
119092,HDFC Money Market Fund - Growth Option - Direct Plan,HDFC Mutual Fund,Open Ended Schemes,Debt Scheme - Money Market Fund,23-11-2020,4416.52550
119092,HDFC Money Market Fund - Growth Option - Direct Plan,HDFC Mutual Fund,Open Ended Schemes,Debt Scheme - Money Market Fund,20-11-2020,4415.32330
119092,HDFC Money Market Fund - Growth Option - Direct Plan,HDFC Mutual Fund,Open Ended Schemes,Debt Scheme - Money Market Fund,19-11-2020,4414.74400
119092,HDFC Money Market Fund - Growth Option - Direct Plan,HDFC Mutual Fund,Open Ended Schemes,Debt Scheme - Money Market Fund,18-11-2020,4413.76050
119092,HDFC Money Market Fund - Growth Option - Direct Plan,HDFC Mutual Fund,Open Ended Schemes,Debt Scheme - Money Market Fund,17-11-2020,4413.01010
119092,HDFC Money Market Fund - Growth Option - Direct Plan,HDFC Mutual Fund,Open Ended Schemes,Debt Scheme - Money Market Fund,13-11-2020,4411.20650
119092,HDFC Money Market Fund - Growth Option - Direct Plan,HDFC Mutual Fund,Open Ended Schemes,Debt Scheme - Money Market Fund,12-11-2020,4410.51490
119092,HDFC Money Market Fund - Growth Option - Direct Plan,HDFC Mutual Fund,Open Ended Schemes,Debt Scheme - Money Market Fund,11-11-2020,4409.83110
119092,HDFC Money Market Fund - Growth Option - Direct Plan,HDFC Mutual Fund,Open Ended Schemes,Debt Scheme - Money Market Fund,10-11-2020,4409.19680
119092,HDFC Money Market Fund - Growth Option - Direct Plan,HDFC Mutual Fund,Open Ended Schemes,Debt Scheme - Money Market Fund,09-11-2020,4408.65020
119092,HDFC Money Market Fund - Growth Option - Direct Plan,HDFC Mutual Fund,Open Ended Schemes,Debt Scheme - Money Market Fund,06-11-2020,4407.19900
119092,HDFC Money Market Fund - Growth Option - Direct Plan,HDFC Mutual Fund,Open Ended Schemes,Debt Scheme - Money Market Fund,05-11-2020,4406.76140
119092,HDFC Money Market Fund - Growth Option - Direct Plan,HDFC Mutual Fund,Open Ended Schemes,Debt Scheme - Money Market Fund,04-11-2020,4406.25410
119092,HDFC Money Market Fund - Growth Option - Direct Plan,HDFC Mutual Fund,Open Ended Schemes,Debt Scheme - Money Market Fund,03-11-2020,4405.58610
119092,HDFC Money Market Fund - Growth Option - Direct Plan,HDFC Mutual Fund,Open Ended Schemes,Debt Scheme - Money Market Fund,02-11-2020,4405.14720
119092,HDFC Money Market Fund - Growth Option - Direct Plan,HDFC Mutual Fund,Open Ended Schemes,Debt Scheme - Money Market Fund,29-10-2020,4403.60620
119092,HDFC Money Market Fund - Growth Option - Direct Plan,HDFC Mutual Fund,Open Ended Schemes,Debt Scheme - Money Market Fund,28-10-2020,4403.20580
119092,HDFC Money Market Fund - Growth Option - Direct Plan,HDFC Mutual Fund,Open Ended Schemes,Debt Scheme - Money Market Fund,27-10-2020,4402.60280
119092,HDFC Money Market Fund - Growth Option - Direct Plan,HDFC Mutual Fund,Open Ended Schemes,Debt Scheme - Money Market Fund,26-10-2020,4402.24260
119092,HDFC Money Market Fund - Growth Option - Direct Plan,HDFC Mutual Fund,Open Ended Schemes,Debt Scheme - Money Market Fund,23-10-2020,4400.73090
119092,HDFC Money Market Fund - Growth Option - Direct Plan,HDFC Mutual Fund,Open Ended Schemes,Debt Scheme - Money Market Fund,22-10-2020,4400.19500
119092,HDFC Money Market Fund - Growth Option - Direct Plan,HDFC Mutual Fund,Open Ended Schemes,Debt Scheme - Money Market Fund,21-10-2020,4399.78530
119092,HDFC Money Market Fund - Growth Option - Direct Plan,HDFC Mutual Fund,Open Ended Schemes,Debt Scheme - Money Market Fund,20-10-2020,4399.28650
119092,HDFC Money Market Fund - Growth Option - Direct Plan,HDFC Mutual Fund,Open Ended Schemes,Debt Scheme - Money Market Fund,19-10-2020,4398.69080
119092,HDFC Money Market Fund - Growth Option - Direct Plan,HDFC Mutual Fund,Open Ended Schemes,Debt Scheme - Money Market Fund,16-10-2020,4397.26100
119092,HDFC Money Market Fund - Growth Option - Direct Plan,HDFC Mutual Fund,Open Ended Schemes,Debt Scheme - Money Market Fund,15-10-2020,4396.73170
119092,HDFC Money Market Fund - Growth Option - Direct Plan,HDFC Mutual Fund,Open Ended Schemes,Debt Scheme - Money Market Fund,14-10-2020,4396.23720
119092,HDFC Money Market Fund - Growth Option - Direct Plan,HDFC Mutual Fund,Open Ended Schemes,Debt Scheme - Money Market Fund,13-10-2020,4395.39100
119092,HDFC Money Market Fund - Growth Option - Direct Plan,HDFC Mutual Fund,Open Ended Schemes,Debt Scheme - Money Market Fund,12-10-2020,4395.11370
119092,HDFC Money Market Fund - Growth Option - Direct Plan,HDFC Mutual Fund,Open Ended Schemes,Debt Scheme - Money Market Fund,09-10-2020,4393.64840
119092,HDFC Money Market Fund - Growth Option - Direct Plan,HDFC Mutual Fund,Open Ended Schemes,Debt Scheme - Money Market Fund,08-10-2020,4393.01460
119092,HDFC Money Market Fund - Growth Option - Direct Plan,HDFC Mutual Fund,Open Ended Schemes,Debt Scheme - Money Market Fund,07-10-2020,4392.20270
119092,HDFC Money Market Fund - Growth Option - Direct Plan,HDFC Mutual Fund,Open Ended Schemes,Debt Scheme - Money Market Fund,06-10-2020,4390.68950
119092,HDFC Money Market Fund - Growth Option - Direct Plan,HDFC Mutual Fund,Open Ended Schemes,Debt Scheme - Money Market Fund,05-10-2020,4389.48470
119092,HDFC Money Market Fund - Growth Option - Direct Plan,HDFC Mutual Fund,Open Ended Schemes,Debt Scheme - Money Market Fund,01-10-2020,4386.90400
119092,HDFC Money Market Fund - Growth Option - Direct Plan,HDFC Mutual Fund,Open Ended Schemes,Debt Scheme - Money Market Fund,30-09-2020,4386.12310
119092,HDFC Money Market Fund - Growth Option - Direct Plan,HDFC Mutual Fund,Open Ended Schemes,Debt Scheme - Money Market Fund,29-09-2020,4385.44870
119092,HDFC Money Market Fund - Growth Option - Direct Plan,HDFC Mutual Fund,Open Ended Schemes,Debt Scheme - Money Market Fund,28-09-2020,4384.60860
119092,HDFC Money Market Fund - Growth Option - Direct Plan,HDFC Mutual Fund,Open Ended Schemes,Debt Scheme - Money Market Fund,25-09-2020,4383.17130
119092,HDFC Money Market Fund - Growth Option - Direct Plan,HDFC Mutual Fund,Open Ended Schemes,Debt Scheme - Money Market Fund,24-09-2020,4382.68860
119092,HDFC Money Market Fund - Growth Option - Direct Plan,HDFC Mutual Fund,Open Ended Schemes,Debt Scheme - Money Market Fund,23-09-2020,4382.38700
119092,HDFC Money Market Fund - Growth Option - Direct Plan,HDFC Mutual Fund,Open Ended Schemes,Debt Scheme - Money Market Fund,22-09-2020,4382.15810
119092,HDFC Money Market Fund - Growth Option - Direct Plan,HDFC Mutual Fund,Open Ended Schemes,Debt Scheme - Money Market Fund,21-09-2020,4381.69260
119092,HDFC Money Market Fund - Growth Option - Direct Plan,HDFC Mutual Fund,Open Ended Schemes,Debt Scheme - Money Market Fund,18-09-2020,4380.28140
119092,HDFC Money Market Fund - Growth Option - Direct Plan,HDFC Mutual Fund,Open Ended Schemes,Debt Scheme - Money Market Fund,17-09-2020,4379.93960
119092,HDFC Money Market Fund - Growth Option - Direct Plan,HDFC Mutual Fund,Open Ended Schemes,Debt Scheme - Money Market Fund,16-09-2020,4379.31790
119092,HDFC Money Market Fund - Growth Option - Direct Plan,HDFC Mutual Fund,Open Ended Schemes,Debt Scheme - Money Market Fund,15-09-2020,4379.06810
119092,HDFC Money Market Fund - Growth Option - Direct Plan,HDFC Mutual Fund,Open Ended Schemes,Debt Scheme - Money Market Fund,14-09-2020,4378.58470
119092,HDFC Money Market Fund - Growth Option - Direct Plan,HDFC Mutual Fund,Open Ended Schemes,Debt Scheme - Money Market Fund,11-09-2020,4377.21090
119092,HDFC Money Market Fund - Growth Option - Direct Plan,HDFC Mutual Fund,Open Ended Schemes,Debt Scheme - Money Market Fund,10-09-2020,4376.74900
119092,HDFC Money Market Fund - Growth Option - Direct Plan,HDFC Mutual Fund,Open Ended Schemes,Debt Scheme - Money Market Fund,09-09-2020,4376.59800
119092,HDFC Money Market Fund - Growth Option - Direct Plan,HDFC Mutual Fund,Open Ended Schemes,Debt Scheme - Money Market Fund,08-09-2020,4376.21180
119092,HDFC Money Market Fund - Growth Option - Direct Plan,HDFC Mutual Fund,Open Ended Schemes,Debt Scheme - Money Market Fund,07-09-2020,4375.90530
119092,HDFC Money Market Fund - Growth Option - Direct Plan,HDFC Mutual Fund,Open Ended Schemes,Debt Scheme - Money Market Fund,04-09-2020,4374.44880
119092,HDFC Money Market Fund - Growth Option - Direct Plan,HDFC Mutual Fund,Open Ended Schemes,Debt Scheme - Money Market Fund,03-09-2020,4373.99360
119092,HDFC Money Market Fund - Growth Option - Direct Plan,HDFC Mutual Fund,Open Ended Schemes,Debt Scheme - Money Market Fund,02-09-2020,4373.58890
119092,HDFC Money Market Fund - Growth Option - Direct Plan,HDFC Mutual Fund,Open Ended Schemes,Debt Scheme - Money Market Fund,01-09-2020,4373.44550
119092,HDFC Money Market Fund - Growth Option - Direct Plan,HDFC Mutual Fund,Open Ended Schemes,Debt Scheme - Money Market Fund,31-08-2020,4372.30450
119092,HDFC Money Market Fund - Growth Option - Direct Plan,HDFC Mutual Fund,Open Ended Schemes,Debt Scheme - Money Market Fund,28-08-2020,4370.94040
119092,HDFC Money Market Fund - Growth Option - Direct Plan,HDFC Mutual Fund,Open Ended Schemes,Debt Scheme - Money Market Fund,27-08-2020,4370.28990
119092,HDFC Money Market Fund - Growth Option - Direct Plan,HDFC Mutual Fund,Open Ended Schemes,Debt Scheme - Money Market Fund,26-08-2020,4369.80860
119092,HDFC Money Market Fund - Growth Option - Direct Plan,HDFC Mutual Fund,Open Ended Schemes,Debt Scheme - Money Market Fund,25-08-2020,4369.04010
119092,HDFC Money Market Fund - Growth Option - Direct Plan,HDFC Mutual Fund,Open Ended Schemes,Debt Scheme - Money Market Fund,24-08-2020,4369.11620
119092,HDFC Money Market Fund - Growth Option - Direct Plan,HDFC Mutual Fund,Open Ended Schemes,Debt Scheme - Money Market Fund,21-08-2020,4368.25590
119092,HDFC Money Market Fund - Growth Option - Direct Plan,HDFC Mutual Fund,Open Ended Schemes,Debt Scheme - Money Market Fund,20-08-2020,4367.33700
119092,HDFC Money Market Fund - Growth Option - Direct Plan,HDFC Mutual Fund,Open Ended Schemes,Debt Scheme - Money Market Fund,19-08-2020,4366.30280
119092,HDFC Money Market Fund - Growth Option - Direct Plan,HDFC Mutual Fund,Open Ended Schemes,Debt Scheme - Money Market Fund,18-08-2020,4365.62290
119092,HDFC Money Market Fund - Growth Option - Direct Plan,HDFC Mutual Fund,Open Ended Schemes,Debt Scheme - Money Market Fund,17-08-2020,4363.69710
119092,HDFC Money Market Fund - Growth Option - Direct Plan,HDFC Mutual Fund,Open Ended Schemes,Debt Scheme - Money Market Fund,14-08-2020,4362.34700
119092,HDFC Money Market Fund - Growth Option - Direct Plan,HDFC Mutual Fund,Open Ended Schemes,Debt Scheme - Money Market Fund,13-08-2020,4361.87820
119092,HDFC Money Market Fund - Growth Option - Direct Plan,HDFC Mutual Fund,Open Ended Schemes,Debt Scheme - Money Market Fund,12-08-2020,4361.34940
119092,HDFC Money Market Fund - Growth Option - Direct Plan,HDFC Mutual Fund,Open Ended Schemes,Debt Scheme - Money Market Fund,11-08-2020,4360.79770
119092,HDFC Money Market Fund - Growth Option - Direct Plan,HDFC Mutual Fund,Open Ended Schemes,Debt Scheme - Money Market Fund,10-08-2020,4360.02940
119092,HDFC Money Market Fund - Growth Option - Direct Plan,HDFC Mutual Fund,Open Ended Schemes,Debt Scheme - Money Market Fund,07-08-2020,4358.63380
119092,HDFC Money Market Fund - Growth Option - Direct Plan,HDFC Mutual Fund,Open Ended Schemes,Debt Scheme - Money Market Fund,06-08-2020,4359.13770
119092,HDFC Money Market Fund - Growth Option - Direct Plan,HDFC Mutual Fund,Open Ended Schemes,Debt Scheme - Money Market Fund,05-08-2020,4358.50090
119092,HDFC Money Market Fund - Growth Option - Direct Plan,HDFC Mutual Fund,Open Ended Schemes,Debt Scheme - Money Market Fund,04-08-2020,4357.45920
119092,HDFC Money Market Fund - Growth Option - Direct Plan,HDFC Mutual Fund,Open Ended Schemes,Debt Scheme - Money Market Fund,03-08-2020,4356.33160
119092,HDFC Money Market Fund - Growth Option - Direct Plan,HDFC Mutual Fund,Open Ended Schemes,Debt Scheme - Money Market Fund,31-07-2020,4355.16660
119092,HDFC Money Market Fund - Growth Option - Direct Plan,HDFC Mutual Fund,Open Ended Schemes,Debt Scheme - Money Market Fund,30-07-2020,4354.56850
119092,HDFC Money Market Fund - Growth Option - Direct Plan,HDFC Mutual Fund,Open Ended Schemes,Debt Scheme - Money Market Fund,29-07-2020,4353.84040
119092,HDFC Money Market Fund - Growth Option - Direct Plan,HDFC Mutual Fund,Open Ended Schemes,Debt Scheme - Money Market Fund,28-07-2020,4353.64830
119092,HDFC Money Market Fund - Growth Option - Direct Plan,HDFC Mutual Fund,Open Ended Schemes,Debt Scheme - Money Market Fund,27-07-2020,4353.52070
119092,HDFC Money Market Fund - Growth Option - Direct Plan,HDFC Mutual Fund,Open Ended Schemes,Debt Scheme - Money Market Fund,24-07-2020,4351.81540
119092,HDFC Money Market Fund - Growth Option - Direct Plan,HDFC Mutual Fund,Open Ended Schemes,Debt Scheme - Money Market Fund,23-07-2020,4351.70620
119092,HDFC Money Market Fund - Growth Option - Direct Plan,HDFC Mutual Fund,Open Ended Schemes,Debt Scheme - Money Market Fund,22-07-2020,4351.15030
119092,HDFC Money Market Fund - Growth Option - Direct Plan,HDFC Mutual Fund,Open Ended Schemes,Debt Scheme - Money Market Fund,21-07-2020,4350.82570
119092,HDFC Money Market Fund - Growth Option - Direct Plan,HDFC Mutual Fund,Open Ended Schemes,Debt Scheme - Money Market Fund,20-07-2020,4349.73220
119092,HDFC Money Market Fund - Growth Option - Direct Plan,HDFC Mutual Fund,Open Ended Schemes,Debt Scheme - Money Market Fund,17-07-2020,4348.38600
119092,HDFC Money Market Fund - Growth Option - Direct Plan,HDFC Mutual Fund,Open Ended Schemes,Debt Scheme - Money Market Fund,16-07-2020,4347.93580
119092,HDFC Money Market Fund - Growth Option - Direct Plan,HDFC Mutual Fund,Open Ended Schemes,Debt Scheme - Money Market Fund,15-07-2020,4347.47490
119092,HDFC Money Market Fund - Growth Option - Direct Plan,HDFC Mutual Fund,Open Ended Schemes,Debt Scheme - Money Market Fund,14-07-2020,4346.95590
119092,HDFC Money Market Fund - Growth Option - Direct Plan,HDFC Mutual Fund,Open Ended Schemes,Debt Scheme - Money Market Fund,13-07-2020,4348.28010
119092,HDFC Money Market Fund - Growth Option - Direct Plan,HDFC Mutual Fund,Open Ended Schemes,Debt Scheme - Money Market Fund,10-07-2020,4345.96080
119092,HDFC Money Market Fund - Growth Option - Direct Plan,HDFC Mutual Fund,Open Ended Schemes,Debt Scheme - Money Market Fund,09-07-2020,4344.08700
119092,HDFC Money Market Fund - Growth Option - Direct Plan,HDFC Mutual Fund,Open Ended Schemes,Debt Scheme - Money Market Fund,08-07-2020,4343.23380
119092,HDFC Money Market Fund - Growth Option - Direct Plan,HDFC Mutual Fund,Open Ended Schemes,Debt Scheme - Money Market Fund,07-07-2020,4341.17930
119092,HDFC Money Market Fund - Growth Option - Direct Plan,HDFC Mutual Fund,Open Ended Schemes,Debt Scheme - Money Market Fund,06-07-2020,4339.23710
119092,HDFC Money Market Fund - Growth Option - Direct Plan,HDFC Mutual Fund,Open Ended Schemes,Debt Scheme - Money Market Fund,03-07-2020,4336.87550
119092,HDFC Money Market Fund - Growth Option - Direct Plan,HDFC Mutual Fund,Open Ended Schemes,Debt Scheme - Money Market Fund,02-07-2020,4333.58090
119092,HDFC Money Market Fund - Growth Option - Direct Plan,HDFC Mutual Fund,Open Ended Schemes,Debt Scheme - Money Market Fund,01-07-2020,4332.09760
119092,HDFC Money Market Fund - Growth Option - Direct Plan,HDFC Mutual Fund,Open Ended Schemes,Debt Scheme - Money Market Fund,30-06-2020,4330.19840
119092,HDFC Money Market Fund - Growth Option - Direct Plan,HDFC Mutual Fund,Open Ended Schemes,Debt Scheme - Money Market Fund,29-06-2020,4329.64490
119092,HDFC Money Market Fund - Growth Option - Direct Plan,HDFC Mutual Fund,Open Ended Schemes,Debt Scheme - Money Market Fund,26-06-2020,4329.93440
119092,HDFC Money Market Fund - Growth Option - Direct Plan,HDFC Mutual Fund,Open Ended Schemes,Debt Scheme - Money Market Fund,25-06-2020,4328.64290
119092,HDFC Money Market Fund - Growth Option - Direct Plan,HDFC Mutual Fund,Open Ended Schemes,Debt Scheme - Money Market Fund,24-06-2020,4327.97880
119092,HDFC Money Market Fund - Growth Option - Direct Plan,HDFC Mutual Fund,Open Ended Schemes,Debt Scheme - Money Market Fund,23-06-2020,4327.42800
119092,HDFC Money Market Fund - Growth Option - Direct Plan,HDFC Mutual Fund,Open Ended Schemes,Debt Scheme - Money Market Fund,22-06-2020,4325.78900
119092,HDFC Money Market Fund - Growth Option - Direct Plan,HDFC Mutual Fund,Open Ended Schemes,Debt Scheme - Money Market Fund,19-06-2020,4326.34080
119092,HDFC Money Market Fund - Growth Option - Direct Plan,HDFC Mutual Fund,Open Ended Schemes,Debt Scheme - Money Market Fund,18-06-2020,4324.42480
119092,HDFC Money Market Fund - Growth Option - Direct Plan,HDFC Mutual Fund,Open Ended Schemes,Debt Scheme - Money Market Fund,17-06-2020,4318.54640
119092,HDFC Money Market Fund - Growth Option - Direct Plan,HDFC Mutual Fund,Open Ended Schemes,Debt Scheme - Money Market Fund,16-06-2020,4317.84170
119092,HDFC Money Market Fund - Growth Option - Direct Plan,HDFC Mutual Fund,Open Ended Schemes,Debt Scheme - Money Market Fund,15-06-2020,4315.17130
119092,HDFC Money Market Fund - Growth Option - Direct Plan,HDFC Mutual Fund,Open Ended Schemes,Debt Scheme - Money Market Fund,12-06-2020,4311.23970
119092,HDFC Money Market Fund - Growth Option - Direct Plan,HDFC Mutual Fund,Open Ended Schemes,Debt Scheme - Money Market Fund,11-06-2020,4310.15650
119092,HDFC Money Market Fund - Growth Option - Direct Plan,HDFC Mutual Fund,Open Ended Schemes,Debt Scheme - Money Market Fund,10-06-2020,4307.09270
119092,HDFC Money Market Fund - Growth Option - Direct Plan,HDFC Mutual Fund,Open Ended Schemes,Debt Scheme - Money Market Fund,09-06-2020,4305.76320
119092,HDFC Money Market Fund - Growth Option - Direct Plan,HDFC Mutual Fund,Open Ended Schemes,Debt Scheme - Money Market Fund,08-06-2020,4305.61720
119092,HDFC Money Market Fund - Growth Option - Direct Plan,HDFC Mutual Fund,Open Ended Schemes,Debt Scheme - Money Market Fund,05-06-2020,4303.64250
119092,HDFC Money Market Fund - Growth Option - Direct Plan,HDFC Mutual Fund,Open Ended Schemes,Debt Scheme - Money Market Fund,04-06-2020,4302.94750
119092,HDFC Money Market Fund - Growth Option - Direct Plan,HDFC Mutual Fund,Open Ended Schemes,Debt Scheme - Money Market Fund,03-06-2020,4303.76940
119092,HDFC Money Market Fund - Growth Option - Direct Plan,HDFC Mutual Fund,Open Ended Schemes,Debt Scheme - Money Market Fund,02-06-2020,4303.04210
119092,HDFC Money Market Fund - Growth Option - Direct Plan,HDFC Mutual Fund,Open Ended Schemes,Debt Scheme - Money Market Fund,01-06-2020,4303.65510
119092,HDFC Money Market Fund - Growth Option - Direct Plan,HDFC Mutual Fund,Open Ended Schemes,Debt Scheme - Money Market Fund,29-05-2020,4301.76250
119092,HDFC Money Market Fund - Growth Option - Direct Plan,HDFC Mutual Fund,Open Ended Schemes,Debt Scheme - Money Market Fund,28-05-2020,4305.97340
119092,HDFC Money Market Fund - Growth Option - Direct Plan,HDFC Mutual Fund,Open Ended Schemes,Debt Scheme - Money Market Fund,27-05-2020,4306.11670
119092,HDFC Money Market Fund - Growth Option - Direct Plan,HDFC Mutual Fund,Open Ended Schemes,Debt Scheme - Money Market Fund,26-05-2020,4306.03200
119092,HDFC Money Market Fund - Growth Option - Direct Plan,HDFC Mutual Fund,Open Ended Schemes,Debt Scheme - Money Market Fund,22-05-2020,4299.38330
119092,HDFC Money Market Fund - Growth Option - Direct Plan,HDFC Mutual Fund,Open Ended Schemes,Debt Scheme - Money Market Fund,21-05-2020,4294.35520
119092,HDFC Money Market Fund - Growth Option - Direct Plan,HDFC Mutual Fund,Open Ended Schemes,Debt Scheme - Money Market Fund,20-05-2020,4289.68270
119092,HDFC Money Market Fund - Growth Option - Direct Plan,HDFC Mutual Fund,Open Ended Schemes,Debt Scheme - Money Market Fund,19-05-2020,4288.67210
119092,HDFC Money Market Fund - Growth Option - Direct Plan,HDFC Mutual Fund,Open Ended Schemes,Debt Scheme - Money Market Fund,18-05-2020,4284.93520
119092,HDFC Money Market Fund - Growth Option - Direct Plan,HDFC Mutual Fund,Open Ended Schemes,Debt Scheme - Money Market Fund,15-05-2020,4275.99920
119092,HDFC Money Market Fund - Growth Option - Direct Plan,HDFC Mutual Fund,Open Ended Schemes,Debt Scheme - Money Market Fund,14-05-2020,4271.42290
119092,HDFC Money Market Fund - Growth Option - Direct Plan,HDFC Mutual Fund,Open Ended Schemes,Debt Scheme - Money Market Fund,13-05-2020,4270.81110
119092,HDFC Money Market Fund - Growth Option - Direct Plan,HDFC Mutual Fund,Open Ended Schemes,Debt Scheme - Money Market Fund,12-05-2020,4271.42740
119092,HDFC Money Market Fund - Growth Option - Direct Plan,HDFC Mutual Fund,Open Ended Schemes,Debt Scheme - Money Market Fund,11-05-2020,4265.70320
119092,HDFC Money Market Fund - Growth Option - Direct Plan,HDFC Mutual Fund,Open Ended Schemes,Debt Scheme - Money Market Fund,08-05-2020,4264.23860
119092,HDFC Money Market Fund - Growth Option - Direct Plan,HDFC Mutual Fund,Open Ended Schemes,Debt Scheme - Money Market Fund,06-05-2020,4260.16110
119092,HDFC Money Market Fund - Growth Option - Direct Plan,HDFC Mutual Fund,Open Ended Schemes,Debt Scheme - Money Market Fund,05-05-2020,4257.36710
119092,HDFC Money Market Fund - Growth Option - Direct Plan,HDFC Mutual Fund,Open Ended Schemes,Debt Scheme - Money Market Fund,04-05-2020,4254.15260
119092,HDFC Money Market Fund - Growth Option - Direct Plan,HDFC Mutual Fund,Open Ended Schemes,Debt Scheme - Money Market Fund,30-04-2020,4250.85780
119092,HDFC Money Market Fund - Growth Option - Direct Plan,HDFC Mutual Fund,Open Ended Schemes,Debt Scheme - Money Market Fund,29-04-2020,4246.20170
119092,HDFC Money Market Fund - Growth Option - Direct Plan,HDFC Mutual Fund,Open Ended Schemes,Debt Scheme - Money Market Fund,28-04-2020,4245.00760
119092,HDFC Money Market Fund - Growth Option - Direct Plan,HDFC Mutual Fund,Open Ended Schemes,Debt Scheme - Money Market Fund,27-04-2020,4250.89590
119092,HDFC Money Market Fund - Growth Option - Direct Plan,HDFC Mutual Fund,Open Ended Schemes,Debt Scheme - Money Market Fund,24-04-2020,4253.90220
119092,HDFC Money Market Fund - Growth Option - Direct Plan,HDFC Mutual Fund,Open Ended Schemes,Debt Scheme - Money Market Fund,23-04-2020,4257.89750
119092,HDFC Money Market Fund - Growth Option - Direct Plan,HDFC Mutual Fund,Open Ended Schemes,Debt Scheme - Money Market Fund,22-04-2020,4251.02010
119092,HDFC Money Market Fund - Growth Option - Direct Plan,HDFC Mutual Fund,Open Ended Schemes,Debt Scheme - Money Market Fund,21-04-2020,4248.45730
119092,HDFC Money Market Fund - Growth Option - Direct Plan,HDFC Mutual Fund,Open Ended Schemes,Debt Scheme - Money Market Fund,20-04-2020,4241.91070
119092,HDFC Money Market Fund - Growth Option - Direct Plan,HDFC Mutual Fund,Open Ended Schemes,Debt Scheme - Money Market Fund,17-04-2020,4235.95240
119092,HDFC Money Market Fund - Growth Option - Direct Plan,HDFC Mutual Fund,Open Ended Schemes,Debt Scheme - Money Market Fund,16-04-2020,4224.60420
119092,HDFC Money Market Fund - Growth Option - Direct Plan,HDFC Mutual Fund,Open Ended Schemes,Debt Scheme - Money Market Fund,15-04-2020,4223.09940
119092,HDFC Money Market Fund - Growth Option - Direct Plan,HDFC Mutual Fund,Open Ended Schemes,Debt Scheme - Money Market Fund,13-04-2020,4222.27480
119092,HDFC Money Market Fund - Growth Option - Direct Plan,HDFC Mutual Fund,Open Ended Schemes,Debt Scheme - Money Market Fund,09-04-2020,4221.40160
119092,HDFC Money Market Fund - Growth Option - Direct Plan,HDFC Mutual Fund,Open Ended Schemes,Debt Scheme - Money Market Fund,08-04-2020,4225.20220
119092,HDFC Money Market Fund - Growth Option - Direct Plan,HDFC Mutual Fund,Open Ended Schemes,Debt Scheme - Money Market Fund,07-04-2020,4228.73960
119092,HDFC Money Market Fund - Growth Option - Direct Plan,HDFC Mutual Fund,Open Ended Schemes,Debt Scheme - Money Market Fund,03-04-2020,4223.18140
119092,HDFC Money Market Fund - Growth Option - Direct Plan,HDFC Mutual Fund,Open Ended Schemes,Debt Scheme - Money Market Fund,31-03-2020,4219.83680
119092,HDFC Money Market Fund - Growth Option - Direct Plan,HDFC Mutual Fund,Open Ended Schemes,Debt Scheme - Money Market Fund,30-03-2020,4218.43550
119092,HDFC Money Market Fund - Growth Option - Direct Plan,HDFC Mutual Fund,Open Ended Schemes,Debt Scheme - Money Market Fund,27-03-2020,4212.50140
119092,HDFC Money Market Fund - Growth Option - Direct Plan,HDFC Mutual Fund,Open Ended Schemes,Debt Scheme - Money Market Fund,26-03-2020,4156.28090
119092,HDFC Money Market Fund - Growth Option - Direct Plan,HDFC Mutual Fund,Open Ended Schemes,Debt Scheme - Money Market Fund,24-03-2020,4144.35120
119092,HDFC Money Market Fund - Growth Option - Direct Plan,HDFC Mutual Fund,Open Ended Schemes,Debt Scheme - Money Market Fund,23-03-2020,4152.16160
119092,HDFC Money Market Fund - Growth Option - Direct Plan,HDFC Mutual Fund,Open Ended Schemes,Debt Scheme - Money Market Fund,20-03-2020,4163.06710
119092,HDFC Money Market Fund - Growth Option - Direct Plan,HDFC Mutual Fund,Open Ended Schemes,Debt Scheme - Money Market Fund,19-03-2020,4164.24420
119092,HDFC Money Market Fund - Growth Option - Direct Plan,HDFC Mutual Fund,Open Ended Schemes,Debt Scheme - Money Market Fund,18-03-2020,4186.91810
119092,HDFC Money Market Fund - Growth Option - Direct Plan,HDFC Mutual Fund,Open Ended Schemes,Debt Scheme - Money Market Fund,17-03-2020,4193.98950
119092,HDFC Money Market Fund - Growth Option - Direct Plan,HDFC Mutual Fund,Open Ended Schemes,Debt Scheme - Money Market Fund,16-03-2020,4195.51390
119092,HDFC Money Market Fund - Growth Option - Direct Plan,HDFC Mutual Fund,Open Ended Schemes,Debt Scheme - Money Market Fund,13-03-2020,4195.24490
119092,HDFC Money Market Fund - Growth Option - Direct Plan,HDFC Mutual Fund,Open Ended Schemes,Debt Scheme - Money Market Fund,12-03-2020,4199.16310
119092,HDFC Money Market Fund - Growth Option - Direct Plan,HDFC Mutual Fund,Open Ended Schemes,Debt Scheme - Money Market Fund,11-03-2020,4202.87020
119092,HDFC Money Market Fund - Growth Option - Direct Plan,HDFC Mutual Fund,Open Ended Schemes,Debt Scheme - Money Market Fund,09-03-2020,4202.70780
119092,HDFC Money Market Fund - Growth Option - Direct Plan,HDFC Mutual Fund,Open Ended Schemes,Debt Scheme - Money Market Fund,06-03-2020,4200.67490
119092,HDFC Money Market Fund - Growth Option - Direct Plan,HDFC Mutual Fund,Open Ended Schemes,Debt Scheme - Money Market Fund,05-03-2020,4200.16560
119092,HDFC Money Market Fund - Growth Option - Direct Plan,HDFC Mutual Fund,Open Ended Schemes,Debt Scheme - Money Market Fund,04-03-2020,4198.97290
119092,HDFC Money Market Fund - Growth Option - Direct Plan,HDFC Mutual Fund,Open Ended Schemes,Debt Scheme - Money Market Fund,03-03-2020,4195.06440
119092,HDFC Money Market Fund - Growth Option - Direct Plan,HDFC Mutual Fund,Open Ended Schemes,Debt Scheme - Money Market Fund,02-03-2020,4194.67760
119092,HDFC Money Market Fund - Growth Option - Direct Plan,HDFC Mutual Fund,Open Ended Schemes,Debt Scheme - Money Market Fund,28-02-2020,4192.87190
119092,HDFC Money Market Fund - Growth Option - Direct Plan,HDFC Mutual Fund,Open Ended Schemes,Debt Scheme - Money Market Fund,27-02-2020,4192.78710
119092,HDFC Money Market Fund - Growth Option - Direct Plan,HDFC Mutual Fund,Open Ended Schemes,Debt Scheme - Money Market Fund,26-02-2020,4192.29860
119092,HDFC Money Market Fund - Growth Option - Direct Plan,HDFC Mutual Fund,Open Ended Schemes,Debt Scheme - Money Market Fund,25-02-2020,4191.66760
119092,HDFC Money Market Fund - Growth Option - Direct Plan,HDFC Mutual Fund,Open Ended Schemes,Debt Scheme - Money Market Fund,24-02-2020,4190.84550
119092,HDFC Money Market Fund - Growth Option - Direct Plan,HDFC Mutual Fund,Open Ended Schemes,Debt Scheme - Money Market Fund,20-02-2020,4188.38710
119092,HDFC Money Market Fund - Growth Option - Direct Plan,HDFC Mutual Fund,Open Ended Schemes,Debt Scheme - Money Market Fund,18-02-2020,4187.27390
119092,HDFC Money Market Fund - Growth Option - Direct Plan,HDFC Mutual Fund,Open Ended Schemes,Debt Scheme - Money Market Fund,17-02-2020,4186.76680
119092,HDFC Money Market Fund - Growth Option - Direct Plan,HDFC Mutual Fund,Open Ended Schemes,Debt Scheme - Money Market Fund,14-02-2020,4184.71000
119092,HDFC Money Market Fund - Growth Option - Direct Plan,HDFC Mutual Fund,Open Ended Schemes,Debt Scheme - Money Market Fund,13-02-2020,4184.09040
119092,HDFC Money Market Fund - Growth Option - Direct Plan,HDFC Mutual Fund,Open Ended Schemes,Debt Scheme - Money Market Fund,12-02-2020,4182.79220
119092,HDFC Money Market Fund - Growth Option - Direct Plan,HDFC Mutual Fund,Open Ended Schemes,Debt Scheme - Money Market Fund,11-02-2020,4182.04290
119092,HDFC Money Market Fund - Growth Option - Direct Plan,HDFC Mutual Fund,Open Ended Schemes,Debt Scheme - Money Market Fund,10-02-2020,4181.14990
119092,HDFC Money Market Fund - Growth Option - Direct Plan,HDFC Mutual Fund,Open Ended Schemes,Debt Scheme - Money Market Fund,07-02-2020,4178.89210
119092,HDFC Money Market Fund - Growth Option - Direct Plan,HDFC Mutual Fund,Open Ended Schemes,Debt Scheme - Money Market Fund,06-02-2020,4178.02390
119092,HDFC Money Market Fund - Growth Option - Direct Plan,HDFC Mutual Fund,Open Ended Schemes,Debt Scheme - Money Market Fund,05-02-2020,4175.56760
119092,HDFC Money Market Fund - Growth Option - Direct Plan,HDFC Mutual Fund,Open Ended Schemes,Debt Scheme - Money Market Fund,04-02-2020,4174.93000
119092,HDFC Money Market Fund - Growth Option - Direct Plan,HDFC Mutual Fund,Open Ended Schemes,Debt Scheme - Money Market Fund,03-02-2020,4174.25520
119092,HDFC Money Market Fund - Growth Option - Direct Plan,HDFC Mutual Fund,Open Ended Schemes,Debt Scheme - Money Market Fund,31-01-2020,4172.36930
119092,HDFC Money Market Fund - Growth Option - Direct Plan,HDFC Mutual Fund,Open Ended Schemes,Debt Scheme - Money Market Fund,30-01-2020,4171.75950
119092,HDFC Money Market Fund - Growth Option - Direct Plan,HDFC Mutual Fund,Open Ended Schemes,Debt Scheme - Money Market Fund,29-01-2020,4171.11310
119092,HDFC Money Market Fund - Growth Option - Direct Plan,HDFC Mutual Fund,Open Ended Schemes,Debt Scheme - Money Market Fund,28-01-2020,4170.50210
119092,HDFC Money Market Fund - Growth Option - Direct Plan,HDFC Mutual Fund,Open Ended Schemes,Debt Scheme - Money Market Fund,27-01-2020,4169.89890
119092,HDFC Money Market Fund - Growth Option - Direct Plan,HDFC Mutual Fund,Open Ended Schemes,Debt Scheme - Money Market Fund,24-01-2020,4168.04700
119092,HDFC Money Market Fund - Growth Option - Direct Plan,HDFC Mutual Fund,Open Ended Schemes,Debt Scheme - Money Market Fund,23-01-2020,4167.27120
119092,HDFC Money Market Fund - Growth Option - Direct Plan,HDFC Mutual Fund,Open Ended Schemes,Debt Scheme - Money Market Fund,22-01-2020,4166.57990
119092,HDFC Money Market Fund - Growth Option - Direct Plan,HDFC Mutual Fund,Open Ended Schemes,Debt Scheme - Money Market Fund,21-01-2020,4165.94710
119092,HDFC Money Market Fund - Growth Option - Direct Plan,HDFC Mutual Fund,Open Ended Schemes,Debt Scheme - Money Market Fund,20-01-2020,4165.26380
119092,HDFC Money Market Fund - Growth Option - Direct Plan,HDFC Mutual Fund,Open Ended Schemes,Debt Scheme - Money Market Fund,17-01-2020,4163.44250
119092,HDFC Money Market Fund - Growth Option - Direct Plan,HDFC Mutual Fund,Open Ended Schemes,Debt Scheme - Money Market Fund,16-01-2020,4162.79750
119092,HDFC Money Market Fund - Growth Option - Direct Plan,HDFC Mutual Fund,Open Ended Schemes,Debt Scheme - Money Market Fund,15-01-2020,4162.21020
119092,HDFC Money Market Fund - Growth Option - Direct Plan,HDFC Mutual Fund,Open Ended Schemes,Debt Scheme - Money Market Fund,14-01-2020,4161.71010
119092,HDFC Money Market Fund - Growth Option - Direct Plan,HDFC Mutual Fund,Open Ended Schemes,Debt Scheme - Money Market Fund,13-01-2020,4161.28050
119092,HDFC Money Market Fund - Growth Option - Direct Plan,HDFC Mutual Fund,Open Ended Schemes,Debt Scheme - Money Market Fund,10-01-2020,4159.61970
119092,HDFC Money Market Fund - Growth Option - Direct Plan,HDFC Mutual Fund,Open Ended Schemes,Debt Scheme - Money Market Fund,09-01-2020,4159.29620
119092,HDFC Money Market Fund - Growth Option - Direct Plan,HDFC Mutual Fund,Open Ended Schemes,Debt Scheme - Money Market Fund,08-01-2020,4158.75890
119092,HDFC Money Market Fund - Growth Option - Direct Plan,HDFC Mutual Fund,Open Ended Schemes,Debt Scheme - Money Market Fund,07-01-2020,4158.24030
119092,HDFC Money Market Fund - Growth Option - Direct Plan,HDFC Mutual Fund,Open Ended Schemes,Debt Scheme - Money Market Fund,06-01-2020,4157.66080
119092,HDFC Money Market Fund - Growth Option - Direct Plan,HDFC Mutual Fund,Open Ended Schemes,Debt Scheme - Money Market Fund,03-01-2020,4155.87300
119092,HDFC Money Market Fund - Growth Option - Direct Plan,HDFC Mutual Fund,Open Ended Schemes,Debt Scheme - Money Market Fund,02-01-2020,4155.35290
119092,HDFC Money Market Fund - Growth Option - Direct Plan,HDFC Mutual Fund,Open Ended Schemes,Debt Scheme - Money Market Fund,01-01-2020,4154.25060
119092,HDFC Money Market Fund - Growth Option - Direct Plan,HDFC Mutual Fund,Open Ended Schemes,Debt Scheme - Money Market Fund,31-12-2019,4153.57510
119092,HDFC Money Market Fund - Growth Option - Direct Plan,HDFC Mutual Fund,Open Ended Schemes,Debt Scheme - Money Market Fund,30-12-2019,4152.99850
119092,HDFC Money Market Fund - Growth Option - Direct Plan,HDFC Mutual Fund,Open Ended Schemes,Debt Scheme - Money Market Fund,27-12-2019,4151.20580
119092,HDFC Money Market Fund - Growth Option - Direct Plan,HDFC Mutual Fund,Open Ended Schemes,Debt Scheme - Money Market Fund,26-12-2019,4150.43870
119092,HDFC Money Market Fund - Growth Option - Direct Plan,HDFC Mutual Fund,Open Ended Schemes,Debt Scheme - Money Market Fund,24-12-2019,4149.22950
119092,HDFC Money Market Fund - Growth Option - Direct Plan,HDFC Mutual Fund,Open Ended Schemes,Debt Scheme - Money Market Fund,23-12-2019,4148.64220
119092,HDFC Money Market Fund - Growth Option - Direct Plan,HDFC Mutual Fund,Open Ended Schemes,Debt Scheme - Money Market Fund,20-12-2019,4146.85860
119092,HDFC Money Market Fund - Growth Option - Direct Plan,HDFC Mutual Fund,Open Ended Schemes,Debt Scheme - Money Market Fund,19-12-2019,4146.38610
119092,HDFC Money Market Fund - Growth Option - Direct Plan,HDFC Mutual Fund,Open Ended Schemes,Debt Scheme - Money Market Fund,18-12-2019,4145.70800
119092,HDFC Money Market Fund - Growth Option - Direct Plan,HDFC Mutual Fund,Open Ended Schemes,Debt Scheme - Money Market Fund,17-12-2019,4145.15130
119092,HDFC Money Market Fund - Growth Option - Direct Plan,HDFC Mutual Fund,Open Ended Schemes,Debt Scheme - Money Market Fund,16-12-2019,4144.57250
119092,HDFC Money Market Fund - Growth Option - Direct Plan,HDFC Mutual Fund,Open Ended Schemes,Debt Scheme - Money Market Fund,13-12-2019,4142.79810
119092,HDFC Money Market Fund - Growth Option - Direct Plan,HDFC Mutual Fund,Open Ended Schemes,Debt Scheme - Money Market Fund,12-12-2019,4142.22770
119092,HDFC Money Market Fund - Growth Option - Direct Plan,HDFC Mutual Fund,Open Ended Schemes,Debt Scheme - Money Market Fund,11-12-2019,4141.60750
119092,HDFC Money Market Fund - Growth Option - Direct Plan,HDFC Mutual Fund,Open Ended Schemes,Debt Scheme - Money Market Fund,10-12-2019,4140.83620
119092,HDFC Money Market Fund - Growth Option - Direct Plan,HDFC Mutual Fund,Open Ended Schemes,Debt Scheme - Money Market Fund,09-12-2019,4140.01440
119092,HDFC Money Market Fund - Growth Option - Direct Plan,HDFC Mutual Fund,Open Ended Schemes,Debt Scheme - Money Market Fund,06-12-2019,4137.89320
119092,HDFC Money Market Fund - Growth Option - Direct Plan,HDFC Mutual Fund,Open Ended Schemes,Debt Scheme - Money Market Fund,05-12-2019,4137.15910
119092,HDFC Money Market Fund - Growth Option - Direct Plan,HDFC Mutual Fund,Open Ended Schemes,Debt Scheme - Money Market Fund,04-12-2019,4138.01050
119092,HDFC Money Market Fund - Growth Option - Direct Plan,HDFC Mutual Fund,Open Ended Schemes,Debt Scheme - Money Market Fund,03-12-2019,4137.42860
119092,HDFC Money Market Fund - Growth Option - Direct Plan,HDFC Mutual Fund,Open Ended Schemes,Debt Scheme - Money Market Fund,02-12-2019,4136.70040
119092,HDFC Money Market Fund - Growth Option - Direct Plan,HDFC Mutual Fund,Open Ended Schemes,Debt Scheme - Money Market Fund,29-11-2019,4134.64990
119092,HDFC Money Market Fund - Growth Option - Direct Plan,HDFC Mutual Fund,Open Ended Schemes,Debt Scheme - Money Market Fund,28-11-2019,4133.54880
119092,HDFC Money Market Fund - Growth Option - Direct Plan,HDFC Mutual Fund,Open Ended Schemes,Debt Scheme - Money Market Fund,27-11-2019,4132.74660
119092,HDFC Money Market Fund - Growth Option - Direct Plan,HDFC Mutual Fund,Open Ended Schemes,Debt Scheme - Money Market Fund,26-11-2019,4131.76130
119092,HDFC Money Market Fund - Growth Option - Direct Plan,HDFC Mutual Fund,Open Ended Schemes,Debt Scheme - Money Market Fund,25-11-2019,4131.14440
119092,HDFC Money Market Fund - Growth Option - Direct Plan,HDFC Mutual Fund,Open Ended Schemes,Debt Scheme - Money Market Fund,22-11-2019,4129.24700
119092,HDFC Money Market Fund - Growth Option - Direct Plan,HDFC Mutual Fund,Open Ended Schemes,Debt Scheme - Money Market Fund,21-11-2019,4128.56490
119092,HDFC Money Market Fund - Growth Option - Direct Plan,HDFC Mutual Fund,Open Ended Schemes,Debt Scheme - Money Market Fund,20-11-2019,4127.89780
119092,HDFC Money Market Fund - Growth Option - Direct Plan,HDFC Mutual Fund,Open Ended Schemes,Debt Scheme - Money Market Fund,19-11-2019,4127.04490
119092,HDFC Money Market Fund - Growth Option - Direct Plan,HDFC Mutual Fund,Open Ended Schemes,Debt Scheme - Money Market Fund,18-11-2019,4126.38540
119092,HDFC Money Market Fund - Growth Option - Direct Plan,HDFC Mutual Fund,Open Ended Schemes,Debt Scheme - Money Market Fund,15-11-2019,4124.42260
119092,HDFC Money Market Fund - Growth Option - Direct Plan,HDFC Mutual Fund,Open Ended Schemes,Debt Scheme - Money Market Fund,14-11-2019,4123.42780
119092,HDFC Money Market Fund - Growth Option - Direct Plan,HDFC Mutual Fund,Open Ended Schemes,Debt Scheme - Money Market Fund,13-11-2019,4122.60820
119092,HDFC Money Market Fund - Growth Option - Direct Plan,HDFC Mutual Fund,Open Ended Schemes,Debt Scheme - Money Market Fund,11-11-2019,4120.85640
119092,HDFC Money Market Fund - Growth Option - Direct Plan,HDFC Mutual Fund,Open Ended Schemes,Debt Scheme - Money Market Fund,08-11-2019,4118.46670
119092,HDFC Money Market Fund - Growth Option - Direct Plan,HDFC Mutual Fund,Open Ended Schemes,Debt Scheme - Money Market Fund,07-11-2019,4117.79450
119092,HDFC Money Market Fund - Growth Option - Direct Plan,HDFC Mutual Fund,Open Ended Schemes,Debt Scheme - Money Market Fund,06-11-2019,4117.08300
119092,HDFC Money Market Fund - Growth Option - Direct Plan,HDFC Mutual Fund,Open Ended Schemes,Debt Scheme - Money Market Fund,05-11-2019,4117.72230
119092,HDFC Money Market Fund - Growth Option - Direct Plan,HDFC Mutual Fund,Open Ended Schemes,Debt Scheme - Money Market Fund,04-11-2019,4117.10460
119092,HDFC Money Market Fund - Growth Option - Direct Plan,HDFC Mutual Fund,Open Ended Schemes,Debt Scheme - Money Market Fund,01-11-2019,4115.08800
119092,HDFC Money Market Fund - Growth Option - Direct Plan,HDFC Mutual Fund,Open Ended Schemes,Debt Scheme - Money Market Fund,31-10-2019,4114.43830
119092,HDFC Money Market Fund - Growth Option - Direct Plan,HDFC Mutual Fund,Open Ended Schemes,Debt Scheme - Money Market Fund,30-10-2019,4113.43700
119092,HDFC Money Market Fund - Growth Option - Direct Plan,HDFC Mutual Fund,Open Ended Schemes,Debt Scheme - Money Market Fund,29-10-2019,4111.14410
119092,HDFC Money Market Fund - Growth Option - Direct Plan,HDFC Mutual Fund,Open Ended Schemes,Debt Scheme - Money Market Fund,25-10-2019,4108.46600
119092,HDFC Money Market Fund - Growth Option - Direct Plan,HDFC Mutual Fund,Open Ended Schemes,Debt Scheme - Money Market Fund,24-10-2019,4107.75610
119092,HDFC Money Market Fund - Growth Option - Direct Plan,HDFC Mutual Fund,Open Ended Schemes,Debt Scheme - Money Market Fund,23-10-2019,4106.52470
119092,HDFC Money Market Fund - Growth Option - Direct Plan,HDFC Mutual Fund,Open Ended Schemes,Debt Scheme - Money Market Fund,22-10-2019,4105.78370
119092,HDFC Money Market Fund - Growth Option - Direct Plan,HDFC Mutual Fund,Open Ended Schemes,Debt Scheme - Money Market Fund,18-10-2019,4103.13420
119092,HDFC Money Market Fund - Growth Option - Direct Plan,HDFC Mutual Fund,Open Ended Schemes,Debt Scheme - Money Market Fund,17-10-2019,4102.45340
119092,HDFC Money Market Fund - Growth Option - Direct Plan,HDFC Mutual Fund,Open Ended Schemes,Debt Scheme - Money Market Fund,16-10-2019,4101.66950
119092,HDFC Money Market Fund - Growth Option - Direct Plan,HDFC Mutual Fund,Open Ended Schemes,Debt Scheme - Money Market Fund,15-10-2019,4100.54960
119092,HDFC Money Market Fund - Growth Option - Direct Plan,HDFC Mutual Fund,Open Ended Schemes,Debt Scheme - Money Market Fund,14-10-2019,4099.60700
119092,HDFC Money Market Fund - Growth Option - Direct Plan,HDFC Mutual Fund,Open Ended Schemes,Debt Scheme - Money Market Fund,11-10-2019,4097.38110
119092,HDFC Money Market Fund - Growth Option - Direct Plan,HDFC Mutual Fund,Open Ended Schemes,Debt Scheme - Money Market Fund,10-10-2019,4095.99910
119092,HDFC Money Market Fund - Growth Option - Direct Plan,HDFC Mutual Fund,Open Ended Schemes,Debt Scheme - Money Market Fund,09-10-2019,4095.09400
119092,HDFC Money Market Fund - Growth Option - Direct Plan,HDFC Mutual Fund,Open Ended Schemes,Debt Scheme - Money Market Fund,07-10-2019,4093.77400
119092,HDFC Money Market Fund - Growth Option - Direct Plan,HDFC Mutual Fund,Open Ended Schemes,Debt Scheme - Money Market Fund,04-10-2019,4091.18950
119092,HDFC Money Market Fund - Growth Option - Direct Plan,HDFC Mutual Fund,Open Ended Schemes,Debt Scheme - Money Market Fund,03-10-2019,4089.83100
119092,HDFC Money Market Fund - Growth Option - Direct Plan,HDFC Mutual Fund,Open Ended Schemes,Debt Scheme - Money Market Fund,01-10-2019,4088.16970
119092,HDFC Money Market Fund - Growth Option - Direct Plan,HDFC Mutual Fund,Open Ended Schemes,Debt Scheme - Money Market Fund,30-09-2019,4086.22430
119092,HDFC Money Market Fund - Growth Option - Direct Plan,HDFC Mutual Fund,Open Ended Schemes,Debt Scheme - Money Market Fund,27-09-2019,4082.67860
119092,HDFC Money Market Fund - Growth Option - Direct Plan,HDFC Mutual Fund,Open Ended Schemes,Debt Scheme - Money Market Fund,26-09-2019,4081.91920
119092,HDFC Money Market Fund - Growth Option - Direct Plan,HDFC Mutual Fund,Open Ended Schemes,Debt Scheme - Money Market Fund,25-09-2019,4080.24720
119092,HDFC Money Market Fund - Growth Option - Direct Plan,HDFC Mutual Fund,Open Ended Schemes,Debt Scheme - Money Market Fund,24-09-2019,4079.35000
119092,HDFC Money Market Fund - Growth Option - Direct Plan,HDFC Mutual Fund,Open Ended Schemes,Debt Scheme - Money Market Fund,23-09-2019,4079.12530
119092,HDFC Money Market Fund - Growth Option - Direct Plan,HDFC Mutual Fund,Open Ended Schemes,Debt Scheme - Money Market Fund,20-09-2019,4076.96780
119092,HDFC Money Market Fund - Growth Option - Direct Plan,HDFC Mutual Fund,Open Ended Schemes,Debt Scheme - Money Market Fund,19-09-2019,4079.26460
119092,HDFC Money Market Fund - Growth Option - Direct Plan,HDFC Mutual Fund,Open Ended Schemes,Debt Scheme - Money Market Fund,18-09-2019,4078.32900
119092,HDFC Money Market Fund - Growth Option - Direct Plan,HDFC Mutual Fund,Open Ended Schemes,Debt Scheme - Money Market Fund,17-09-2019,4077.62420
119092,HDFC Money Market Fund - Growth Option - Direct Plan,HDFC Mutual Fund,Open Ended Schemes,Debt Scheme - Money Market Fund,16-09-2019,4077.82920
119092,HDFC Money Market Fund - Growth Option - Direct Plan,HDFC Mutual Fund,Open Ended Schemes,Debt Scheme - Money Market Fund,13-09-2019,4075.40830
119092,HDFC Money Market Fund - Growth Option - Direct Plan,HDFC Mutual Fund,Open Ended Schemes,Debt Scheme - Money Market Fund,12-09-2019,4074.39090
119092,HDFC Money Market Fund - Growth Option - Direct Plan,HDFC Mutual Fund,Open Ended Schemes,Debt Scheme - Money Market Fund,11-09-2019,4073.37380
119092,HDFC Money Market Fund - Growth Option - Direct Plan,HDFC Mutual Fund,Open Ended Schemes,Debt Scheme - Money Market Fund,09-09-2019,4072.16160
119092,HDFC Money Market Fund - Growth Option - Direct Plan,HDFC Mutual Fund,Open Ended Schemes,Debt Scheme - Money Market Fund,06-09-2019,4069.76110
119092,HDFC Money Market Fund - Growth Option - Direct Plan,HDFC Mutual Fund,Open Ended Schemes,Debt Scheme - Money Market Fund,05-09-2019,4069.08350
119092,HDFC Money Market Fund - Growth Option - Direct Plan,HDFC Mutual Fund,Open Ended Schemes,Debt Scheme - Money Market Fund,04-09-2019,4068.59830
119092,HDFC Money Market Fund - Growth Option - Direct Plan,HDFC Mutual Fund,Open Ended Schemes,Debt Scheme - Money Market Fund,03-09-2019,4067.12160
119092,HDFC Money Market Fund - Growth Option - Direct Plan,HDFC Mutual Fund,Open Ended Schemes,Debt Scheme - Money Market Fund,30-08-2019,4063.39990
119092,HDFC Money Market Fund - Growth Option - Direct Plan,HDFC Mutual Fund,Open Ended Schemes,Debt Scheme - Money Market Fund,29-08-2019,4062.60350
119092,HDFC Money Market Fund - Growth Option - Direct Plan,HDFC Mutual Fund,Open Ended Schemes,Debt Scheme - Money Market Fund,28-08-2019,4061.64880
119092,HDFC Money Market Fund - Growth Option - Direct Plan,HDFC Mutual Fund,Open Ended Schemes,Debt Scheme - Money Market Fund,27-08-2019,4060.99550
119092,HDFC Money Market Fund - Growth Option - Direct Plan,HDFC Mutual Fund,Open Ended Schemes,Debt Scheme - Money Market Fund,26-08-2019,4059.44400
119092,HDFC Money Market Fund - Growth Option - Direct Plan,HDFC Mutual Fund,Open Ended Schemes,Debt Scheme - Money Market Fund,23-08-2019,4056.74400
119092,HDFC Money Market Fund - Growth Option - Direct Plan,HDFC Mutual Fund,Open Ended Schemes,Debt Scheme - Money Market Fund,22-08-2019,4056.00570
119092,HDFC Money Market Fund - Growth Option - Direct Plan,HDFC Mutual Fund,Open Ended Schemes,Debt Scheme - Money Market Fund,21-08-2019,4055.45820
119092,HDFC Money Market Fund - Growth Option - Direct Plan,HDFC Mutual Fund,Open Ended Schemes,Debt Scheme - Money Market Fund,20-08-2019,4054.37110
119092,HDFC Money Market Fund - Growth Option - Direct Plan,HDFC Mutual Fund,Open Ended Schemes,Debt Scheme - Money Market Fund,19-08-2019,4053.54660
119092,HDFC Money Market Fund - Growth Option - Direct Plan,HDFC Mutual Fund,Open Ended Schemes,Debt Scheme - Money Market Fund,16-08-2019,4051.02350
119092,HDFC Money Market Fund - Growth Option - Direct Plan,HDFC Mutual Fund,Open Ended Schemes,Debt Scheme - Money Market Fund,14-08-2019,4049.15880
119092,HDFC Money Market Fund - Growth Option - Direct Plan,HDFC Mutual Fund,Open Ended Schemes,Debt Scheme - Money Market Fund,13-08-2019,4049.26760
119092,HDFC Money Market Fund - Growth Option - Direct Plan,HDFC Mutual Fund,Open Ended Schemes,Debt Scheme - Money Market Fund,09-08-2019,4047.41810
119092,HDFC Money Market Fund - Growth Option - Direct Plan,HDFC Mutual Fund,Open Ended Schemes,Debt Scheme - Money Market Fund,08-08-2019,4046.39730
119092,HDFC Money Market Fund - Growth Option - Direct Plan,HDFC Mutual Fund,Open Ended Schemes,Debt Scheme - Money Market Fund,07-08-2019,4043.24850
119092,HDFC Money Market Fund - Growth Option - Direct Plan,HDFC Mutual Fund,Open Ended Schemes,Debt Scheme - Money Market Fund,06-08-2019,4040.45430
119092,HDFC Money Market Fund - Growth Option - Direct Plan,HDFC Mutual Fund,Open Ended Schemes,Debt Scheme - Money Market Fund,05-08-2019,4040.26260
119092,HDFC Money Market Fund - Growth Option - Direct Plan,HDFC Mutual Fund,Open Ended Schemes,Debt Scheme - Money Market Fund,02-08-2019,4037.54920
119092,HDFC Money Market Fund - Growth Option - Direct Plan,HDFC Mutual Fund,Open Ended Schemes,Debt Scheme - Money Market Fund,01-08-2019,4036.53930
119092,HDFC Money Market Fund - Growth Option - Direct Plan,HDFC Mutual Fund,Open Ended Schemes,Debt Scheme - Money Market Fund,31-07-2019,4033.04790
119092,HDFC Money Market Fund - Growth Option - Direct Plan,HDFC Mutual Fund,Open Ended Schemes,Debt Scheme - Money Market Fund,30-07-2019,4030.85350
119092,HDFC Money Market Fund - Growth Option - Direct Plan,HDFC Mutual Fund,Open Ended Schemes,Debt Scheme - Money Market Fund,29-07-2019,4028.52470
119092,HDFC Money Market Fund - Growth Option - Direct Plan,HDFC Mutual Fund,Open Ended Schemes,Debt Scheme - Money Market Fund,26-07-2019,4026.23470
119092,HDFC Money Market Fund - Growth Option - Direct Plan,HDFC Mutual Fund,Open Ended Schemes,Debt Scheme - Money Market Fund,25-07-2019,4025.53580
119092,HDFC Money Market Fund - Growth Option - Direct Plan,HDFC Mutual Fund,Open Ended Schemes,Debt Scheme - Money Market Fund,24-07-2019,4024.78850
119092,HDFC Money Market Fund - Growth Option - Direct Plan,HDFC Mutual Fund,Open Ended Schemes,Debt Scheme - Money Market Fund,23-07-2019,4024.38090
119092,HDFC Money Market Fund - Growth Option - Direct Plan,HDFC Mutual Fund,Open Ended Schemes,Debt Scheme - Money Market Fund,22-07-2019,4024.41430
119092,HDFC Money Market Fund - Growth Option - Direct Plan,HDFC Mutual Fund,Open Ended Schemes,Debt Scheme - Money Market Fund,19-07-2019,4023.14390
119092,HDFC Money Market Fund - Growth Option - Direct Plan,HDFC Mutual Fund,Open Ended Schemes,Debt Scheme - Money Market Fund,18-07-2019,4023.35810
119092,HDFC Money Market Fund - Growth Option - Direct Plan,HDFC Mutual Fund,Open Ended Schemes,Debt Scheme - Money Market Fund,17-07-2019,4022.50230
119092,HDFC Money Market Fund - Growth Option - Direct Plan,HDFC Mutual Fund,Open Ended Schemes,Debt Scheme - Money Market Fund,16-07-2019,4018.84220
119092,HDFC Money Market Fund - Growth Option - Direct Plan,HDFC Mutual Fund,Open Ended Schemes,Debt Scheme - Money Market Fund,15-07-2019,4015.48350
119092,HDFC Money Market Fund - Growth Option - Direct Plan,HDFC Mutual Fund,Open Ended Schemes,Debt Scheme - Money Market Fund,12-07-2019,4012.47380
119092,HDFC Money Market Fund - Growth Option - Direct Plan,HDFC Mutual Fund,Open Ended Schemes,Debt Scheme - Money Market Fund,11-07-2019,4010.95020
119092,HDFC Money Market Fund - Growth Option - Direct Plan,HDFC Mutual Fund,Open Ended Schemes,Debt Scheme - Money Market Fund,10-07-2019,4009.72070
119092,HDFC Money Market Fund - Growth Option - Direct Plan,HDFC Mutual Fund,Open Ended Schemes,Debt Scheme - Money Market Fund,09-07-2019,4006.88520
119092,HDFC Money Market Fund - Growth Option - Direct Plan,HDFC Mutual Fund,Open Ended Schemes,Debt Scheme - Money Market Fund,08-07-2019,4005.38210
119092,HDFC Money Market Fund - Growth Option - Direct Plan,HDFC Mutual Fund,Open Ended Schemes,Debt Scheme - Money Market Fund,05-07-2019,4002.75730
119092,HDFC Money Market Fund - Growth Option - Direct Plan,HDFC Mutual Fund,Open Ended Schemes,Debt Scheme - Money Market Fund,04-07-2019,4001.40020
119092,HDFC Money Market Fund - Growth Option - Direct Plan,HDFC Mutual Fund,Open Ended Schemes,Debt Scheme - Money Market Fund,03-07-2019,3999.30380
119092,HDFC Money Market Fund - Growth Option - Direct Plan,HDFC Mutual Fund,Open Ended Schemes,Debt Scheme - Money Market Fund,02-07-2019,3996.34650
119092,HDFC Money Market Fund - Growth Option - Direct Plan,HDFC Mutual Fund,Open Ended Schemes,Debt Scheme - Money Market Fund,01-07-2019,3995.60930
119092,HDFC Money Market Fund - Growth Option - Direct Plan,HDFC Mutual Fund,Open Ended Schemes,Debt Scheme - Money Market Fund,28-06-2019,3993.26220
119092,HDFC Money Market Fund - Growth Option - Direct Plan,HDFC Mutual Fund,Open Ended Schemes,Debt Scheme - Money Market Fund,27-06-2019,3992.01760
119092,HDFC Money Market Fund - Growth Option - Direct Plan,HDFC Mutual Fund,Open Ended Schemes,Debt Scheme - Money Market Fund,26-06-2019,3990.50610
119092,HDFC Money Market Fund - Growth Option - Direct Plan,HDFC Mutual Fund,Open Ended Schemes,Debt Scheme - Money Market Fund,25-06-2019,3991.55780
119092,HDFC Money Market Fund - Growth Option - Direct Plan,HDFC Mutual Fund,Open Ended Schemes,Debt Scheme - Money Market Fund,24-06-2019,3991.24960
119092,HDFC Money Market Fund - Growth Option - Direct Plan,HDFC Mutual Fund,Open Ended Schemes,Debt Scheme - Money Market Fund,21-06-2019,3989.05760
119092,HDFC Money Market Fund - Growth Option - Direct Plan,HDFC Mutual Fund,Open Ended Schemes,Debt Scheme - Money Market Fund,20-06-2019,3988.40230
119092,HDFC Money Market Fund - Growth Option - Direct Plan,HDFC Mutual Fund,Open Ended Schemes,Debt Scheme - Money Market Fund,19-06-2019,3987.78990
119092,HDFC Money Market Fund - Growth Option - Direct Plan,HDFC Mutual Fund,Open Ended Schemes,Debt Scheme - Money Market Fund,18-06-2019,3986.52350
119092,HDFC Money Market Fund - Growth Option - Direct Plan,HDFC Mutual Fund,Open Ended Schemes,Debt Scheme - Money Market Fund,17-06-2019,3985.45520
119092,HDFC Money Market Fund - Growth Option - Direct Plan,HDFC Mutual Fund,Open Ended Schemes,Debt Scheme - Money Market Fund,14-06-2019,3982.79660
119092,HDFC Money Market Fund - Growth Option - Direct Plan,HDFC Mutual Fund,Open Ended Schemes,Debt Scheme - Money Market Fund,13-06-2019,3982.11220
119092,HDFC Money Market Fund - Growth Option - Direct Plan,HDFC Mutual Fund,Open Ended Schemes,Debt Scheme - Money Market Fund,12-06-2019,3981.32770
119092,HDFC Money Market Fund - Growth Option - Direct Plan,HDFC Mutual Fund,Open Ended Schemes,Debt Scheme - Money Market Fund,11-06-2019,3981.14800
119092,HDFC Money Market Fund - Growth Option - Direct Plan,HDFC Mutual Fund,Open Ended Schemes,Debt Scheme - Money Market Fund,10-06-2019,3981.11740
119092,HDFC Money Market Fund - Growth Option - Direct Plan,HDFC Mutual Fund,Open Ended Schemes,Debt Scheme - Money Market Fund,07-06-2019,3979.42570
119092,HDFC Money Market Fund - Growth Option - Direct Plan,HDFC Mutual Fund,Open Ended Schemes,Debt Scheme - Money Market Fund,06-06-2019,3981.17100
119092,HDFC Money Market Fund - Growth Option - Direct Plan,HDFC Mutual Fund,Open Ended Schemes,Debt Scheme - Money Market Fund,04-06-2019,3978.89060
119092,HDFC Money Market Fund - Growth Option - Direct Plan,HDFC Mutual Fund,Open Ended Schemes,Debt Scheme - Money Market Fund,03-06-2019,3977.99480
119092,HDFC Money Market Fund - Growth Option - Direct Plan,HDFC Mutual Fund,Open Ended Schemes,Debt Scheme - Money Market Fund,31-05-2019,3972.70880
119092,HDFC Money Market Fund - Growth Option - Direct Plan,HDFC Mutual Fund,Open Ended Schemes,Debt Scheme - Money Market Fund,30-05-2019,3971.00540
119092,HDFC Money Market Fund - Growth Option - Direct Plan,HDFC Mutual Fund,Open Ended Schemes,Debt Scheme - Money Market Fund,29-05-2019,3969.05340
119092,HDFC Money Market Fund - Growth Option - Direct Plan,HDFC Mutual Fund,Open Ended Schemes,Debt Scheme - Money Market Fund,28-05-2019,3968.25180
119092,HDFC Money Market Fund - Growth Option - Direct Plan,HDFC Mutual Fund,Open Ended Schemes,Debt Scheme - Money Market Fund,27-05-2019,3967.61250
119092,HDFC Money Market Fund - Growth Option - Direct Plan,HDFC Mutual Fund,Open Ended Schemes,Debt Scheme - Money Market Fund,24-05-2019,3964.33160
119092,HDFC Money Market Fund - Growth Option - Direct Plan,HDFC Mutual Fund,Open Ended Schemes,Debt Scheme - Money Market Fund,23-05-2019,3963.38940
119092,HDFC Money Market Fund - Growth Option - Direct Plan,HDFC Mutual Fund,Open Ended Schemes,Debt Scheme - Money Market Fund,22-05-2019,3959.90070
119092,HDFC Money Market Fund - Growth Option - Direct Plan,HDFC Mutual Fund,Open Ended Schemes,Debt Scheme - Money Market Fund,21-05-2019,3959.26030
119092,HDFC Money Market Fund - Growth Option - Direct Plan,HDFC Mutual Fund,Open Ended Schemes,Debt Scheme - Money Market Fund,20-05-2019,3958.69480
119092,HDFC Money Market Fund - Growth Option - Direct Plan,HDFC Mutual Fund,Open Ended Schemes,Debt Scheme - Money Market Fund,17-05-2019,3955.61520
119092,HDFC Money Market Fund - Growth Option - Direct Plan,HDFC Mutual Fund,Open Ended Schemes,Debt Scheme - Money Market Fund,16-05-2019,3952.25480
119092,HDFC Money Market Fund - Growth Option - Direct Plan,HDFC Mutual Fund,Open Ended Schemes,Debt Scheme - Money Market Fund,15-05-2019,3950.50610
119092,HDFC Money Market Fund - Growth Option - Direct Plan,HDFC Mutual Fund,Open Ended Schemes,Debt Scheme - Money Market Fund,14-05-2019,3949.69510
119092,HDFC Money Market Fund - Growth Option - Direct Plan,HDFC Mutual Fund,Open Ended Schemes,Debt Scheme - Money Market Fund,13-05-2019,3948.15830
119092,HDFC Money Market Fund - Growth Option - Direct Plan,HDFC Mutual Fund,Open Ended Schemes,Debt Scheme - Money Market Fund,10-05-2019,3945.67360
119092,HDFC Money Market Fund - Growth Option - Direct Plan,HDFC Mutual Fund,Open Ended Schemes,Debt Scheme - Money Market Fund,09-05-2019,3944.31060
119092,HDFC Money Market Fund - Growth Option - Direct Plan,HDFC Mutual Fund,Open Ended Schemes,Debt Scheme - Money Market Fund,08-05-2019,3943.51990
119092,HDFC Money Market Fund - Growth Option - Direct Plan,HDFC Mutual Fund,Open Ended Schemes,Debt Scheme - Money Market Fund,07-05-2019,3941.56650
119092,HDFC Money Market Fund - Growth Option - Direct Plan,HDFC Mutual Fund,Open Ended Schemes,Debt Scheme - Money Market Fund,06-05-2019,3939.37910
119092,HDFC Money Market Fund - Growth Option - Direct Plan,HDFC Mutual Fund,Open Ended Schemes,Debt Scheme - Money Market Fund,03-05-2019,3935.99020
119092,HDFC Money Market Fund - Growth Option - Direct Plan,HDFC Mutual Fund,Open Ended Schemes,Debt Scheme - Money Market Fund,02-05-2019,3935.96360
119092,HDFC Money Market Fund - Growth Option - Direct Plan,HDFC Mutual Fund,Open Ended Schemes,Debt Scheme - Money Market Fund,30-04-2019,3935.04370
119092,HDFC Money Market Fund - Growth Option - Direct Plan,HDFC Mutual Fund,Open Ended Schemes,Debt Scheme - Money Market Fund,26-04-2019,3933.07700
119092,HDFC Money Market Fund - Growth Option - Direct Plan,HDFC Mutual Fund,Open Ended Schemes,Debt Scheme - Money Market Fund,25-04-2019,3932.76810
119092,HDFC Money Market Fund - Growth Option - Direct Plan,HDFC Mutual Fund,Open Ended Schemes,Debt Scheme - Money Market Fund,24-04-2019,3932.50590
119092,HDFC Money Market Fund - Growth Option - Direct Plan,HDFC Mutual Fund,Open Ended Schemes,Debt Scheme - Money Market Fund,23-04-2019,3933.83480
119092,HDFC Money Market Fund - Growth Option - Direct Plan,HDFC Mutual Fund,Open Ended Schemes,Debt Scheme - Money Market Fund,22-04-2019,3934.65650
119092,HDFC Money Market Fund - Growth Option - Direct Plan,HDFC Mutual Fund,Open Ended Schemes,Debt Scheme - Money Market Fund,18-04-2019,3931.81450
119092,HDFC Money Market Fund - Growth Option - Direct Plan,HDFC Mutual Fund,Open Ended Schemes,Debt Scheme - Money Market Fund,16-04-2019,3930.31220
119092,HDFC Money Market Fund - Growth Option - Direct Plan,HDFC Mutual Fund,Open Ended Schemes,Debt Scheme - Money Market Fund,15-04-2019,3930.26870
119092,HDFC Money Market Fund - Growth Option - Direct Plan,HDFC Mutual Fund,Open Ended Schemes,Debt Scheme - Money Market Fund,12-04-2019,3929.19230
119092,HDFC Money Market Fund - Growth Option - Direct Plan,HDFC Mutual Fund,Open Ended Schemes,Debt Scheme - Money Market Fund,11-04-2019,3928.67900
119092,HDFC Money Market Fund - Growth Option - Direct Plan,HDFC Mutual Fund,Open Ended Schemes,Debt Scheme - Money Market Fund,10-04-2019,3929.38200
119092,HDFC Money Market Fund - Growth Option - Direct Plan,HDFC Mutual Fund,Open Ended Schemes,Debt Scheme - Money Market Fund,09-04-2019,3929.52320
119092,HDFC Money Market Fund - Growth Option - Direct Plan,HDFC Mutual Fund,Open Ended Schemes,Debt Scheme - Money Market Fund,08-04-2019,3929.86350
119092,HDFC Money Market Fund - Growth Option - Direct Plan,HDFC Mutual Fund,Open Ended Schemes,Debt Scheme - Money Market Fund,05-04-2019,3928.99710
119092,HDFC Money Market Fund - Growth Option - Direct Plan,HDFC Mutual Fund,Open Ended Schemes,Debt Scheme - Money Market Fund,04-04-2019,3928.35560
119092,HDFC Money Market Fund - Growth Option - Direct Plan,HDFC Mutual Fund,Open Ended Schemes,Debt Scheme - Money Market Fund,03-04-2019,3927.73070
119092,HDFC Money Market Fund - Growth Option - Direct Plan,HDFC Mutual Fund,Open Ended Schemes,Debt Scheme - Money Market Fund,02-04-2019,3927.32370
119092,HDFC Money Market Fund - Growth Option - Direct Plan,HDFC Mutual Fund,Open Ended Schemes,Debt Scheme - Money Market Fund,29-03-2019,3919.31890
119092,HDFC Money Market Fund - Growth Option - Direct Plan,HDFC Mutual Fund,Open Ended Schemes,Debt Scheme - Money Market Fund,28-03-2019,3911.01540
119092,HDFC Money Market Fund - Growth Option - Direct Plan,HDFC Mutual Fund,Open Ended Schemes,Debt Scheme - Money Market Fund,27-03-2019,3909.93430
119092,HDFC Money Market Fund - Growth Option - Direct Plan,HDFC Mutual Fund,Open Ended Schemes,Debt Scheme - Money Market Fund,26-03-2019,3908.66700
119092,HDFC Money Market Fund - Growth Option - Direct Plan,HDFC Mutual Fund,Open Ended Schemes,Debt Scheme - Money Market Fund,25-03-2019,3907.90940
119092,HDFC Money Market Fund - Growth Option - Direct Plan,HDFC Mutual Fund,Open Ended Schemes,Debt Scheme - Money Market Fund,22-03-2019,3905.47870
119092,HDFC Money Market Fund - Growth Option - Direct Plan,HDFC Mutual Fund,Open Ended Schemes,Debt Scheme - Money Market Fund,20-03-2019,3904.96660
119092,HDFC Money Market Fund - Growth Option - Direct Plan,HDFC Mutual Fund,Open Ended Schemes,Debt Scheme - Money Market Fund,19-03-2019,3906.29560
119092,HDFC Money Market Fund - Growth Option - Direct Plan,HDFC Mutual Fund,Open Ended Schemes,Debt Scheme - Money Market Fund,18-03-2019,3904.66340
119092,HDFC Money Market Fund - Growth Option - Direct Plan,HDFC Mutual Fund,Open Ended Schemes,Debt Scheme - Money Market Fund,15-03-2019,3902.45710
119092,HDFC Money Market Fund - Growth Option - Direct Plan,HDFC Mutual Fund,Open Ended Schemes,Debt Scheme - Money Market Fund,14-03-2019,3901.35320
119092,HDFC Money Market Fund - Growth Option - Direct Plan,HDFC Mutual Fund,Open Ended Schemes,Debt Scheme - Money Market Fund,13-03-2019,3896.94550
119092,HDFC Money Market Fund - Growth Option - Direct Plan,HDFC Mutual Fund,Open Ended Schemes,Debt Scheme - Money Market Fund,12-03-2019,3895.39840
119092,HDFC Money Market Fund - Growth Option - Direct Plan,HDFC Mutual Fund,Open Ended Schemes,Debt Scheme - Money Market Fund,11-03-2019,3893.64880
119092,HDFC Money Market Fund - Growth Option - Direct Plan,HDFC Mutual Fund,Open Ended Schemes,Debt Scheme - Money Market Fund,08-03-2019,3891.23950
119092,HDFC Money Market Fund - Growth Option - Direct Plan,HDFC Mutual Fund,Open Ended Schemes,Debt Scheme - Money Market Fund,07-03-2019,3889.66420
119092,HDFC Money Market Fund - Growth Option - Direct Plan,HDFC Mutual Fund,Open Ended Schemes,Debt Scheme - Money Market Fund,06-03-2019,3888.91410
119092,HDFC Money Market Fund - Growth Option - Direct Plan,HDFC Mutual Fund,Open Ended Schemes,Debt Scheme - Money Market Fund,05-03-2019,3886.73910
119092,HDFC Money Market Fund - Growth Option - Direct Plan,HDFC Mutual Fund,Open Ended Schemes,Debt Scheme - Money Market Fund,01-03-2019,3883.66770
119092,HDFC Money Market Fund - Growth Option - Direct Plan,HDFC Mutual Fund,Open Ended Schemes,Debt Scheme - Money Market Fund,28-02-2019,3882.52300
119092,HDFC Money Market Fund - Growth Option - Direct Plan,HDFC Mutual Fund,Open Ended Schemes,Debt Scheme - Money Market Fund,27-02-2019,3881.68920
119092,HDFC Money Market Fund - Growth Option - Direct Plan,HDFC Mutual Fund,Open Ended Schemes,Debt Scheme - Money Market Fund,26-02-2019,3880.95870
119092,HDFC Money Market Fund - Growth Option - Direct Plan,HDFC Mutual Fund,Open Ended Schemes,Debt Scheme - Money Market Fund,25-02-2019,3880.43300
119092,HDFC Money Market Fund - Growth Option - Direct Plan,HDFC Mutual Fund,Open Ended Schemes,Debt Scheme - Money Market Fund,22-02-2019,3878.21280
119092,HDFC Money Market Fund - Growth Option - Direct Plan,HDFC Mutual Fund,Open Ended Schemes,Debt Scheme - Money Market Fund,21-02-2019,3877.93730
119092,HDFC Money Market Fund - Growth Option - Direct Plan,HDFC Mutual Fund,Open Ended Schemes,Debt Scheme - Money Market Fund,20-02-2019,3877.15110
119092,HDFC Money Market Fund - Growth Option - Direct Plan,HDFC Mutual Fund,Open Ended Schemes,Debt Scheme - Money Market Fund,18-02-2019,3875.63240
119092,HDFC Money Market Fund - Growth Option - Direct Plan,HDFC Mutual Fund,Open Ended Schemes,Debt Scheme - Money Market Fund,15-02-2019,3873.36150
119092,HDFC Money Market Fund - Growth Option - Direct Plan,HDFC Mutual Fund,Open Ended Schemes,Debt Scheme - Money Market Fund,14-02-2019,3874.04830
119092,HDFC Money Market Fund - Growth Option - Direct Plan,HDFC Mutual Fund,Open Ended Schemes,Debt Scheme - Money Market Fund,13-02-2019,3873.25350
119092,HDFC Money Market Fund - Growth Option - Direct Plan,HDFC Mutual Fund,Open Ended Schemes,Debt Scheme - Money Market Fund,12-02-2019,3870.56860
119092,HDFC Money Market Fund - Growth Option - Direct Plan,HDFC Mutual Fund,Open Ended Schemes,Debt Scheme - Money Market Fund,11-02-2019,3869.82690
119092,HDFC Money Market Fund - Growth Option - Direct Plan,HDFC Mutual Fund,Open Ended Schemes,Debt Scheme - Money Market Fund,08-02-2019,3867.59160
119092,HDFC Money Market Fund - Growth Option - Direct Plan,HDFC Mutual Fund,Open Ended Schemes,Debt Scheme - Money Market Fund,07-02-2019,3866.09390
119092,HDFC Money Market Fund - Growth Option - Direct Plan,HDFC Mutual Fund,Open Ended Schemes,Debt Scheme - Money Market Fund,06-02-2019,3863.47470
119092,HDFC Money Market Fund - Growth Option - Direct Plan,HDFC Mutual Fund,Open Ended Schemes,Debt Scheme - Money Market Fund,05-02-2019,3862.77410
119092,HDFC Money Market Fund - Growth Option - Direct Plan,HDFC Mutual Fund,Open Ended Schemes,Debt Scheme - Money Market Fund,04-02-2019,3862.05950
119092,HDFC Money Market Fund - Growth Option - Direct Plan,HDFC Mutual Fund,Open Ended Schemes,Debt Scheme - Money Market Fund,01-02-2019,3860.34370
119092,HDFC Money Market Fund - Growth Option - Direct Plan,HDFC Mutual Fund,Open Ended Schemes,Debt Scheme - Money Market Fund,31-01-2019,3859.76570
119092,HDFC Money Market Fund - Growth Option - Direct Plan,HDFC Mutual Fund,Open Ended Schemes,Debt Scheme - Money Market Fund,30-01-2019,3859.01360
119092,HDFC Money Market Fund - Growth Option - Direct Plan,HDFC Mutual Fund,Open Ended Schemes,Debt Scheme - Money Market Fund,29-01-2019,3858.25200
119092,HDFC Money Market Fund - Growth Option - Direct Plan,HDFC Mutual Fund,Open Ended Schemes,Debt Scheme - Money Market Fund,28-01-2019,3857.26530
119092,HDFC Money Market Fund - Growth Option - Direct Plan,HDFC Mutual Fund,Open Ended Schemes,Debt Scheme - Money Market Fund,25-01-2019,3854.75650
119092,HDFC Money Market Fund - Growth Option - Direct Plan,HDFC Mutual Fund,Open Ended Schemes,Debt Scheme - Money Market Fund,24-01-2019,3854.02800
119092,HDFC Money Market Fund - Growth Option - Direct Plan,HDFC Mutual Fund,Open Ended Schemes,Debt Scheme - Money Market Fund,23-01-2019,3853.20790
119092,HDFC Money Market Fund - Growth Option - Direct Plan,HDFC Mutual Fund,Open Ended Schemes,Debt Scheme - Money Market Fund,22-01-2019,3853.10780
119092,HDFC Money Market Fund - Growth Option - Direct Plan,HDFC Mutual Fund,Open Ended Schemes,Debt Scheme - Money Market Fund,21-01-2019,3852.02370
119092,HDFC Money Market Fund - Growth Option - Direct Plan,HDFC Mutual Fund,Open Ended Schemes,Debt Scheme - Money Market Fund,18-01-2019,3849.61400
119092,HDFC Money Market Fund - Growth Option - Direct Plan,HDFC Mutual Fund,Open Ended Schemes,Debt Scheme - Money Market Fund,17-01-2019,3848.82560
119092,HDFC Money Market Fund - Growth Option - Direct Plan,HDFC Mutual Fund,Open Ended Schemes,Debt Scheme - Money Market Fund,16-01-2019,3847.98910
119092,HDFC Money Market Fund - Growth Option - Direct Plan,HDFC Mutual Fund,Open Ended Schemes,Debt Scheme - Money Market Fund,15-01-2019,3847.08810
119092,HDFC Money Market Fund - Growth Option - Direct Plan,HDFC Mutual Fund,Open Ended Schemes,Debt Scheme - Money Market Fund,14-01-2019,3846.17040
119092,HDFC Money Market Fund - Growth Option - Direct Plan,HDFC Mutual Fund,Open Ended Schemes,Debt Scheme - Money Market Fund,11-01-2019,3843.81710
119092,HDFC Money Market Fund - Growth Option - Direct Plan,HDFC Mutual Fund,Open Ended Schemes,Debt Scheme - Money Market Fund,10-01-2019,3843.03640
119092,HDFC Money Market Fund - Growth Option - Direct Plan,HDFC Mutual Fund,Open Ended Schemes,Debt Scheme - Money Market Fund,09-01-2019,3842.23480
119092,HDFC Money Market Fund - Growth Option - Direct Plan,HDFC Mutual Fund,Open Ended Schemes,Debt Scheme - Money Market Fund,08-01-2019,3841.35840
119092,HDFC Money Market Fund - Growth Option - Direct Plan,HDFC Mutual Fund,Open Ended Schemes,Debt Scheme - Money Market Fund,07-01-2019,3840.36040
119092,HDFC Money Market Fund - Growth Option - Direct Plan,HDFC Mutual Fund,Open Ended Schemes,Debt Scheme - Money Market Fund,04-01-2019,3838.10510
119092,HDFC Money Market Fund - Growth Option - Direct Plan,HDFC Mutual Fund,Open Ended Schemes,Debt Scheme - Money Market Fund,03-01-2019,3837.30900
119092,HDFC Money Market Fund - Growth Option - Direct Plan,HDFC Mutual Fund,Open Ended Schemes,Debt Scheme - Money Market Fund,02-01-2019,3836.78890
119092,HDFC Money Market Fund - Growth Option - Direct Plan,HDFC Mutual Fund,Open Ended Schemes,Debt Scheme - Money Market Fund,01-01-2019,3835.64780
119092,HDFC Money Market Fund - Growth Option - Direct Plan,HDFC Mutual Fund,Open Ended Schemes,Debt Scheme - Money Market Fund,31-12-2018,3834.70320
119092,HDFC Money Market Fund - Growth Option - Direct Plan,HDFC Mutual Fund,Open Ended Schemes,Debt Scheme - Money Market Fund,28-12-2018,3831.96430
119092,HDFC Money Market Fund - Growth Option - Direct Plan,HDFC Mutual Fund,Open Ended Schemes,Debt Scheme - Money Market Fund,27-12-2018,3830.66610
119092,HDFC Money Market Fund - Growth Option - Direct Plan,HDFC Mutual Fund,Open Ended Schemes,Debt Scheme - Money Market Fund,26-12-2018,3829.75160
119092,HDFC Money Market Fund - Growth Option - Direct Plan,HDFC Mutual Fund,Open Ended Schemes,Debt Scheme - Money Market Fund,24-12-2018,3828.26900
119092,HDFC Money Market Fund - Growth Option - Direct Plan,HDFC Mutual Fund,Open Ended Schemes,Debt Scheme - Money Market Fund,21-12-2018,3825.95960
119092,HDFC Money Market Fund - Growth Option - Direct Plan,HDFC Mutual Fund,Open Ended Schemes,Debt Scheme - Money Market Fund,20-12-2018,3825.34740
119092,HDFC Money Market Fund - Growth Option - Direct Plan,HDFC Mutual Fund,Open Ended Schemes,Debt Scheme - Money Market Fund,19-12-2018,3824.81820
119092,HDFC Money Market Fund - Growth Option - Direct Plan,HDFC Mutual Fund,Open Ended Schemes,Debt Scheme - Money Market Fund,18-12-2018,3823.59180
119092,HDFC Money Market Fund - Growth Option - Direct Plan,HDFC Mutual Fund,Open Ended Schemes,Debt Scheme - Money Market Fund,17-12-2018,3822.67960
119092,HDFC Money Market Fund - Growth Option - Direct Plan,HDFC Mutual Fund,Open Ended Schemes,Debt Scheme - Money Market Fund,14-12-2018,3820.36880
119092,HDFC Money Market Fund - Growth Option - Direct Plan,HDFC Mutual Fund,Open Ended Schemes,Debt Scheme - Money Market Fund,13-12-2018,3819.31590
119092,HDFC Money Market Fund - Growth Option - Direct Plan,HDFC Mutual Fund,Open Ended Schemes,Debt Scheme - Money Market Fund,12-12-2018,3818.01540
119092,HDFC Money Market Fund - Growth Option - Direct Plan,HDFC Mutual Fund,Open Ended Schemes,Debt Scheme - Money Market Fund,11-12-2018,3816.97760
119092,HDFC Money Market Fund - Growth Option - Direct Plan,HDFC Mutual Fund,Open Ended Schemes,Debt Scheme - Money Market Fund,10-12-2018,3816.39840
119092,HDFC Money Market Fund - Growth Option - Direct Plan,HDFC Mutual Fund,Open Ended Schemes,Debt Scheme - Money Market Fund,07-12-2018,3814.39080
119092,HDFC Money Market Fund - Growth Option - Direct Plan,HDFC Mutual Fund,Open Ended Schemes,Debt Scheme - Money Market Fund,06-12-2018,3813.44120
119092,HDFC Money Market Fund - Growth Option - Direct Plan,HDFC Mutual Fund,Open Ended Schemes,Debt Scheme - Money Market Fund,05-12-2018,3812.02290
119092,HDFC Money Market Fund - Growth Option - Direct Plan,HDFC Mutual Fund,Open Ended Schemes,Debt Scheme - Money Market Fund,04-12-2018,3810.26000
119092,HDFC Money Market Fund - Growth Option - Direct Plan,HDFC Mutual Fund,Open Ended Schemes,Debt Scheme - Money Market Fund,03-12-2018,3809.17750
119092,HDFC Money Market Fund - Growth Option - Direct Plan,HDFC Mutual Fund,Open Ended Schemes,Debt Scheme - Money Market Fund,30-11-2018,3806.53230
119092,HDFC Money Market Fund - Growth Option - Direct Plan,HDFC Mutual Fund,Open Ended Schemes,Debt Scheme - Money Market Fund,29-11-2018,3805.83940
119092,HDFC Money Market Fund - Growth Option - Direct Plan,HDFC Mutual Fund,Open Ended Schemes,Debt Scheme - Money Market Fund,28-11-2018,3804.98720
119092,HDFC Money Market Fund - Growth Option - Direct Plan,HDFC Mutual Fund,Open Ended Schemes,Debt Scheme - Money Market Fund,27-11-2018,3804.10930
119092,HDFC Money Market Fund - Growth Option - Direct Plan,HDFC Mutual Fund,Open Ended Schemes,Debt Scheme - Money Market Fund,26-11-2018,3803.08980
119092,HDFC Money Market Fund - Growth Option - Direct Plan,HDFC Mutual Fund,Open Ended Schemes,Debt Scheme - Money Market Fund,22-11-2018,3799.85890
119092,HDFC Money Market Fund - Growth Option - Direct Plan,HDFC Mutual Fund,Open Ended Schemes,Debt Scheme - Money Market Fund,20-11-2018,3798.24370
119092,HDFC Money Market Fund - Growth Option - Direct Plan,HDFC Mutual Fund,Open Ended Schemes,Debt Scheme - Money Market Fund,19-11-2018,3797.42470
119092,HDFC Money Market Fund - Growth Option - Direct Plan,HDFC Mutual Fund,Open Ended Schemes,Debt Scheme - Money Market Fund,16-11-2018,3795.04520
119092,HDFC Money Market Fund - Growth Option - Direct Plan,HDFC Mutual Fund,Open Ended Schemes,Debt Scheme - Money Market Fund,15-11-2018,3794.04320
119092,HDFC Money Market Fund - Growth Option - Direct Plan,HDFC Mutual Fund,Open Ended Schemes,Debt Scheme - Money Market Fund,14-11-2018,3792.75230
119092,HDFC Money Market Fund - Growth Option - Direct Plan,HDFC Mutual Fund,Open Ended Schemes,Debt Scheme - Money Market Fund,13-11-2018,3791.63150
119092,HDFC Money Market Fund - Growth Option - Direct Plan,HDFC Mutual Fund,Open Ended Schemes,Debt Scheme - Money Market Fund,12-11-2018,3790.74160
119092,HDFC Money Market Fund - Growth Option - Direct Plan,HDFC Mutual Fund,Open Ended Schemes,Debt Scheme - Money Market Fund,09-11-2018,3788.19500
119092,HDFC Money Market Fund - Growth Option - Direct Plan,HDFC Mutual Fund,Open Ended Schemes,Debt Scheme - Money Market Fund,06-11-2018,3785.84860
119092,HDFC Money Market Fund - Growth Option - Direct Plan,HDFC Mutual Fund,Open Ended Schemes,Debt Scheme - Money Market Fund,05-11-2018,3784.96440
119092,HDFC Money Market Fund - Growth Option - Direct Plan,HDFC Mutual Fund,Open Ended Schemes,Debt Scheme - Money Market Fund,02-11-2018,3782.60990
119092,HDFC Money Market Fund - Growth Option - Direct Plan,HDFC Mutual Fund,Open Ended Schemes,Debt Scheme - Money Market Fund,01-11-2018,3781.75470
119092,HDFC Money Market Fund - Growth Option - Direct Plan,HDFC Mutual Fund,Open Ended Schemes,Debt Scheme - Money Market Fund,31-10-2018,3780.85730
119092,HDFC Money Market Fund - Growth Option - Direct Plan,HDFC Mutual Fund,Open Ended Schemes,Debt Scheme - Money Market Fund,30-10-2018,3780.06430
119092,HDFC Money Market Fund - Growth Option - Direct Plan,HDFC Mutual Fund,Open Ended Schemes,Debt Scheme - Money Market Fund,29-10-2018,3779.33550
119092,HDFC Money Market Fund - Growth Option - Direct Plan,HDFC Mutual Fund,Open Ended Schemes,Debt Scheme - Money Market Fund,26-10-2018,3777.11070
119092,HDFC Money Market Fund - Growth Option - Direct Plan,HDFC Mutual Fund,Open Ended Schemes,Debt Scheme - Money Market Fund,25-10-2018,3776.31410
119092,HDFC Money Market Fund - Growth Option - Direct Plan,HDFC Mutual Fund,Open Ended Schemes,Debt Scheme - Money Market Fund,24-10-2018,3775.51040
119092,HDFC Money Market Fund - Growth Option - Direct Plan,HDFC Mutual Fund,Open Ended Schemes,Debt Scheme - Money Market Fund,23-10-2018,3774.72560
119092,HDFC Money Market Fund - Growth Option - Direct Plan,HDFC Mutual Fund,Open Ended Schemes,Debt Scheme - Money Market Fund,22-10-2018,3774.02490
119092,HDFC Money Market Fund - Growth Option - Direct Plan,HDFC Mutual Fund,Open Ended Schemes,Debt Scheme - Money Market Fund,19-10-2018,3771.75610
119092,HDFC Money Market Fund - Growth Option - Direct Plan,HDFC Mutual Fund,Open Ended Schemes,Debt Scheme - Money Market Fund,17-10-2018,3770.33600
119092,HDFC Money Market Fund - Growth Option - Direct Plan,HDFC Mutual Fund,Open Ended Schemes,Debt Scheme - Money Market Fund,16-10-2018,3769.50700
119092,HDFC Money Market Fund - Growth Option - Direct Plan,HDFC Mutual Fund,Open Ended Schemes,Debt Scheme - Money Market Fund,15-10-2018,3768.66240
119092,HDFC Money Market Fund - Growth Option - Direct Plan,HDFC Mutual Fund,Open Ended Schemes,Debt Scheme - Money Market Fund,12-10-2018,3766.55120
119092,HDFC Money Market Fund - Growth Option - Direct Plan,HDFC Mutual Fund,Open Ended Schemes,Debt Scheme - Money Market Fund,11-10-2018,3765.88430
119092,HDFC Money Market Fund - Growth Option - Direct Plan,HDFC Mutual Fund,Open Ended Schemes,Debt Scheme - Money Market Fund,10-10-2018,3765.17820
119092,HDFC Money Market Fund - Growth Option - Direct Plan,HDFC Mutual Fund,Open Ended Schemes,Debt Scheme - Money Market Fund,09-10-2018,3764.41990
119092,HDFC Money Market Fund - Growth Option - Direct Plan,HDFC Mutual Fund,Open Ended Schemes,Debt Scheme - Money Market Fund,08-10-2018,3763.73180
119092,HDFC Money Market Fund - Growth Option - Direct Plan,HDFC Mutual Fund,Open Ended Schemes,Debt Scheme - Money Market Fund,05-10-2018,3761.40060
119092,HDFC Money Market Fund - Growth Option - Direct Plan,HDFC Mutual Fund,Open Ended Schemes,Debt Scheme - Money Market Fund,04-10-2018,3758.62400
119092,HDFC Money Market Fund - Growth Option - Direct Plan,HDFC Mutual Fund,Open Ended Schemes,Debt Scheme - Money Market Fund,03-10-2018,3758.15880
119092,HDFC Money Market Fund - Growth Option - Direct Plan,HDFC Mutual Fund,Open Ended Schemes,Debt Scheme - Money Market Fund,01-10-2018,3756.83270
119092,HDFC Money Market Fund - Growth Option - Direct Plan,HDFC Mutual Fund,Open Ended Schemes,Debt Scheme - Money Market Fund,28-09-2018,3754.17760
119092,HDFC Money Market Fund - Growth Option - Direct Plan,HDFC Mutual Fund,Open Ended Schemes,Debt Scheme - Money Market Fund,27-09-2018,3752.29210
119092,HDFC Money Market Fund - Growth Option - Direct Plan,HDFC Mutual Fund,Open Ended Schemes,Debt Scheme - Money Market Fund,26-09-2018,3749.36240
119092,HDFC Money Market Fund - Growth Option - Direct Plan,HDFC Mutual Fund,Open Ended Schemes,Debt Scheme - Money Market Fund,25-09-2018,3748.54850
119092,HDFC Money Market Fund - Growth Option - Direct Plan,HDFC Mutual Fund,Open Ended Schemes,Debt Scheme - Money Market Fund,24-09-2018,3750.41640
119092,HDFC Money Market Fund - Growth Option - Direct Plan,HDFC Mutual Fund,Open Ended Schemes,Debt Scheme - Money Market Fund,21-09-2018,3749.02030
119092,HDFC Money Market Fund - Growth Option - Direct Plan,HDFC Mutual Fund,Open Ended Schemes,Debt Scheme - Money Market Fund,19-09-2018,3747.52040
119092,HDFC Money Market Fund - Growth Option - Direct Plan,HDFC Mutual Fund,Open Ended Schemes,Debt Scheme - Money Market Fund,18-09-2018,3746.84120
119092,HDFC Money Market Fund - Growth Option - Direct Plan,HDFC Mutual Fund,Open Ended Schemes,Debt Scheme - Money Market Fund,17-09-2018,3745.81060
119092,HDFC Money Market Fund - Growth Option - Direct Plan,HDFC Mutual Fund,Open Ended Schemes,Debt Scheme - Money Market Fund,14-09-2018,3743.63180
119092,HDFC Money Market Fund - Growth Option - Direct Plan,HDFC Mutual Fund,Open Ended Schemes,Debt Scheme - Money Market Fund,12-09-2018,3742.30520
119092,HDFC Money Market Fund - Growth Option - Direct Plan,HDFC Mutual Fund,Open Ended Schemes,Debt Scheme - Money Market Fund,11-09-2018,3741.62100
119092,HDFC Money Market Fund - Growth Option - Direct Plan,HDFC Mutual Fund,Open Ended Schemes,Debt Scheme - Money Market Fund,10-09-2018,3741.60370
119092,HDFC Money Market Fund - Growth Option - Direct Plan,HDFC Mutual Fund,Open Ended Schemes,Debt Scheme - Money Market Fund,07-09-2018,3740.07240
119092,HDFC Money Market Fund - Growth Option - Direct Plan,HDFC Mutual Fund,Open Ended Schemes,Debt Scheme - Money Market Fund,06-09-2018,3739.30850
119092,HDFC Money Market Fund - Growth Option - Direct Plan,HDFC Mutual Fund,Open Ended Schemes,Debt Scheme - Money Market Fund,05-09-2018,3738.52330
119092,HDFC Money Market Fund - Growth Option - Direct Plan,HDFC Mutual Fund,Open Ended Schemes,Debt Scheme - Money Market Fund,04-09-2018,3737.90520
119092,HDFC Money Market Fund - Growth Option - Direct Plan,HDFC Mutual Fund,Open Ended Schemes,Debt Scheme - Money Market Fund,03-09-2018,3737.17120
119092,HDFC Money Market Fund - Growth Option - Direct Plan,HDFC Mutual Fund,Open Ended Schemes,Debt Scheme - Money Market Fund,31-08-2018,3734.77220
119092,HDFC Money Market Fund - Growth Option - Direct Plan,HDFC Mutual Fund,Open Ended Schemes,Debt Scheme - Money Market Fund,30-08-2018,3733.99570
119092,HDFC Money Market Fund - Growth Option - Direct Plan,HDFC Mutual Fund,Open Ended Schemes,Debt Scheme - Money Market Fund,29-08-2018,3733.24030
119092,HDFC Money Market Fund - Growth Option - Direct Plan,HDFC Mutual Fund,Open Ended Schemes,Debt Scheme - Money Market Fund,28-08-2018,3732.17900
119092,HDFC Money Market Fund - Growth Option - Direct Plan,HDFC Mutual Fund,Open Ended Schemes,Debt Scheme - Money Market Fund,27-08-2018,3731.42110
119092,HDFC Money Market Fund - Growth Option - Direct Plan,HDFC Mutual Fund,Open Ended Schemes,Debt Scheme - Money Market Fund,24-08-2018,3729.23540
119092,HDFC Money Market Fund - Growth Option - Direct Plan,HDFC Mutual Fund,Open Ended Schemes,Debt Scheme - Money Market Fund,23-08-2018,3728.60550
119092,HDFC Money Market Fund - Growth Option - Direct Plan,HDFC Mutual Fund,Open Ended Schemes,Debt Scheme - Money Market Fund,21-08-2018,3727.24070
119092,HDFC Money Market Fund - Growth Option - Direct Plan,HDFC Mutual Fund,Open Ended Schemes,Debt Scheme - Money Market Fund,20-08-2018,3726.58220
119092,HDFC Money Market Fund - Growth Option - Direct Plan,HDFC Mutual Fund,Open Ended Schemes,Debt Scheme - Money Market Fund,16-08-2018,3723.66760
119092,HDFC Money Market Fund - Growth Option - Direct Plan,HDFC Mutual Fund,Open Ended Schemes,Debt Scheme - Money Market Fund,14-08-2018,3722.21470
119092,HDFC Money Market Fund - Growth Option - Direct Plan,HDFC Mutual Fund,Open Ended Schemes,Debt Scheme - Money Market Fund,13-08-2018,3721.51410
119092,HDFC Money Market Fund - Growth Option - Direct Plan,HDFC Mutual Fund,Open Ended Schemes,Debt Scheme - Money Market Fund,10-08-2018,3719.37250
119092,HDFC Money Market Fund - Growth Option - Direct Plan,HDFC Mutual Fund,Open Ended Schemes,Debt Scheme - Money Market Fund,09-08-2018,3718.64570
119092,HDFC Money Market Fund - Growth Option - Direct Plan,HDFC Mutual Fund,Open Ended Schemes,Debt Scheme - Money Market Fund,08-08-2018,3717.82370
119092,HDFC Money Market Fund - Growth Option - Direct Plan,HDFC Mutual Fund,Open Ended Schemes,Debt Scheme - Money Market Fund,07-08-2018,3717.05450
119092,HDFC Money Market Fund - Growth Option - Direct Plan,HDFC Mutual Fund,Open Ended Schemes,Debt Scheme - Money Market Fund,06-08-2018,3716.28540
119092,HDFC Money Market Fund - Growth Option - Direct Plan,HDFC Mutual Fund,Open Ended Schemes,Debt Scheme - Money Market Fund,03-08-2018,3714.06350
119092,HDFC Money Market Fund - Growth Option - Direct Plan,HDFC Mutual Fund,Open Ended Schemes,Debt Scheme - Money Market Fund,02-08-2018,3713.19860
119092,HDFC Money Market Fund - Growth Option - Direct Plan,HDFC Mutual Fund,Open Ended Schemes,Debt Scheme - Money Market Fund,01-08-2018,3712.28540
119092,HDFC Money Market Fund - Growth Option - Direct Plan,HDFC Mutual Fund,Open Ended Schemes,Debt Scheme - Money Market Fund,31-07-2018,3711.52960
119092,HDFC Money Market Fund - Growth Option - Direct Plan,HDFC Mutual Fund,Open Ended Schemes,Debt Scheme - Money Market Fund,30-07-2018,3710.75510
119092,HDFC Money Market Fund - Growth Option - Direct Plan,HDFC Mutual Fund,Open Ended Schemes,Debt Scheme - Money Market Fund,27-07-2018,3708.57930
119092,HDFC Money Market Fund - Growth Option - Direct Plan,HDFC Mutual Fund,Open Ended Schemes,Debt Scheme - Money Market Fund,26-07-2018,3707.69210
119092,HDFC Money Market Fund - Growth Option - Direct Plan,HDFC Mutual Fund,Open Ended Schemes,Debt Scheme - Money Market Fund,25-07-2018,3707.02070
119092,HDFC Money Market Fund - Growth Option - Direct Plan,HDFC Mutual Fund,Open Ended Schemes,Debt Scheme - Money Market Fund,24-07-2018,3706.33730
119092,HDFC Money Market Fund - Growth Option - Direct Plan,HDFC Mutual Fund,Open Ended Schemes,Debt Scheme - Money Market Fund,23-07-2018,3705.85830
119092,HDFC Money Market Fund - Growth Option - Direct Plan,HDFC Mutual Fund,Open Ended Schemes,Debt Scheme - Money Market Fund,20-07-2018,3703.82090
119092,HDFC Money Market Fund - Growth Option - Direct Plan,HDFC Mutual Fund,Open Ended Schemes,Debt Scheme - Money Market Fund,19-07-2018,3703.19360
119092,HDFC Money Market Fund - Growth Option - Direct Plan,HDFC Mutual Fund,Open Ended Schemes,Debt Scheme - Money Market Fund,18-07-2018,3702.54960
119092,HDFC Money Market Fund - Growth Option - Direct Plan,HDFC Mutual Fund,Open Ended Schemes,Debt Scheme - Money Market Fund,17-07-2018,3701.76230
119092,HDFC Money Market Fund - Growth Option - Direct Plan,HDFC Mutual Fund,Open Ended Schemes,Debt Scheme - Money Market Fund,16-07-2018,3701.01610
119092,HDFC Money Market Fund - Growth Option - Direct Plan,HDFC Mutual Fund,Open Ended Schemes,Debt Scheme - Money Market Fund,13-07-2018,3698.91370
119092,HDFC Money Market Fund - Growth Option - Direct Plan,HDFC Mutual Fund,Open Ended Schemes,Debt Scheme - Money Market Fund,12-07-2018,3698.18590
119092,HDFC Money Market Fund - Growth Option - Direct Plan,HDFC Mutual Fund,Open Ended Schemes,Debt Scheme - Money Market Fund,11-07-2018,3697.38950
119092,HDFC Money Market Fund - Growth Option - Direct Plan,HDFC Mutual Fund,Open Ended Schemes,Debt Scheme - Money Market Fund,10-07-2018,3696.72600
119092,HDFC Money Market Fund - Growth Option - Direct Plan,HDFC Mutual Fund,Open Ended Schemes,Debt Scheme - Money Market Fund,09-07-2018,3695.99510
119092,HDFC Money Market Fund - Growth Option - Direct Plan,HDFC Mutual Fund,Open Ended Schemes,Debt Scheme - Money Market Fund,06-07-2018,3693.61130
119092,HDFC Money Market Fund - Growth Option - Direct Plan,HDFC Mutual Fund,Open Ended Schemes,Debt Scheme - Money Market Fund,05-07-2018,3692.87160
119092,HDFC Money Market Fund - Growth Option - Direct Plan,HDFC Mutual Fund,Open Ended Schemes,Debt Scheme - Money Market Fund,04-07-2018,3692.03810
119092,HDFC Money Market Fund - Growth Option - Direct Plan,HDFC Mutual Fund,Open Ended Schemes,Debt Scheme - Money Market Fund,03-07-2018,3690.92850
119092,HDFC Money Market Fund - Growth Option - Direct Plan,HDFC Mutual Fund,Open Ended Schemes,Debt Scheme - Money Market Fund,02-07-2018,3690.19010
119092,HDFC Money Market Fund - Growth Option - Direct Plan,HDFC Mutual Fund,Open Ended Schemes,Debt Scheme - Money Market Fund,29-06-2018,3687.60700
119092,HDFC Money Market Fund - Growth Option - Direct Plan,HDFC Mutual Fund,Open Ended Schemes,Debt Scheme - Money Market Fund,28-06-2018,3686.40490
119092,HDFC Money Market Fund - Growth Option - Direct Plan,HDFC Mutual Fund,Open Ended Schemes,Debt Scheme - Money Market Fund,27-06-2018,3685.63690
119092,HDFC Money Market Fund - Growth Option - Direct Plan,HDFC Mutual Fund,Open Ended Schemes,Debt Scheme - Money Market Fund,26-06-2018,3684.91080
119092,HDFC Money Market Fund - Growth Option - Direct Plan,HDFC Mutual Fund,Open Ended Schemes,Debt Scheme - Money Market Fund,25-06-2018,3684.22750
119092,HDFC Money Market Fund - Growth Option - Direct Plan,HDFC Mutual Fund,Open Ended Schemes,Debt Scheme - Money Market Fund,22-06-2018,3681.95410
119092,HDFC Money Market Fund - Growth Option - Direct Plan,HDFC Mutual Fund,Open Ended Schemes,Debt Scheme - Money Market Fund,21-06-2018,3681.28300
119092,HDFC Money Market Fund - Growth Option - Direct Plan,HDFC Mutual Fund,Open Ended Schemes,Debt Scheme - Money Market Fund,20-06-2018,3680.52890
119092,HDFC Money Market Fund - Growth Option - Direct Plan,HDFC Mutual Fund,Open Ended Schemes,Debt Scheme - Money Market Fund,19-06-2018,3679.68770
119092,HDFC Money Market Fund - Growth Option - Direct Plan,HDFC Mutual Fund,Open Ended Schemes,Debt Scheme - Money Market Fund,18-06-2018,3678.74500
119092,HDFC Money Market Fund - Growth Option - Direct Plan,HDFC Mutual Fund,Open Ended Schemes,Debt Scheme - Money Market Fund,15-06-2018,3676.44590
119092,HDFC Money Market Fund - Growth Option - Direct Plan,HDFC Mutual Fund,Open Ended Schemes,Debt Scheme - Money Market Fund,14-06-2018,3675.69960
119092,HDFC Money Market Fund - Growth Option - Direct Plan,HDFC Mutual Fund,Open Ended Schemes,Debt Scheme - Money Market Fund,13-06-2018,3674.97310
119092,HDFC Money Market Fund - Growth Option - Direct Plan,HDFC Mutual Fund,Open Ended Schemes,Debt Scheme - Money Market Fund,12-06-2018,3674.25570
119092,HDFC Money Market Fund - Growth Option - Direct Plan,HDFC Mutual Fund,Open Ended Schemes,Debt Scheme - Money Market Fund,11-06-2018,3673.53160
119092,HDFC Money Market Fund - Growth Option - Direct Plan,HDFC Mutual Fund,Open Ended Schemes,Debt Scheme - Money Market Fund,08-06-2018,3671.35840
119092,HDFC Money Market Fund - Growth Option - Direct Plan,HDFC Mutual Fund,Open Ended Schemes,Debt Scheme - Money Market Fund,07-06-2018,3670.64130
119092,HDFC Money Market Fund - Growth Option - Direct Plan,HDFC Mutual Fund,Open Ended Schemes,Debt Scheme - Money Market Fund,06-06-2018,3669.91880
119092,HDFC Money Market Fund - Growth Option - Direct Plan,HDFC Mutual Fund,Open Ended Schemes,Debt Scheme - Money Market Fund,05-06-2018,3669.02140
119092,HDFC Money Market Fund - Growth Option - Direct Plan,HDFC Mutual Fund,Open Ended Schemes,Debt Scheme - Money Market Fund,04-06-2018,3668.20400
119092,HDFC Money Market Fund - Growth Option - Direct Plan,HDFC Mutual Fund,Open Ended Schemes,Debt Scheme - Money Market Fund,01-06-2018,3666.04480
119092,HDFC Money Market Fund - Growth Option - Direct Plan,HDFC Mutual Fund,Open Ended Schemes,Debt Scheme - Money Market Fund,31-05-2018,3665.34070
119092,HDFC Money Market Fund - Growth Option - Direct Plan,HDFC Mutual Fund,Open Ended Schemes,Debt Scheme - Money Market Fund,30-05-2018,3664.65080
119092,HDFC Money Market Fund - Growth Option - Direct Plan,HDFC Mutual Fund,Open Ended Schemes,Debt Scheme - Money Market Fund,29-05-2018,3663.90970
119092,HDFC Money Market Fund - Growth Option - Direct Plan,HDFC Mutual Fund,Open Ended Schemes,Debt Scheme - Money Market Fund,28-05-2018,3663.13640
119092,HDFC Money Market Fund - Growth Option - Direct Plan,HDFC Mutual Fund,Open Ended Schemes,Debt Scheme - Money Market Fund,27-05-2018,3662.43900
119092,HDFC Money Market Fund - Growth Option - Direct Plan,HDFC Mutual Fund,Open Ended Schemes,Debt Scheme - Money Market Fund,25-05-2018,3660.97700
119092,HDFC Money Market Fund - Growth Option - Direct Plan,HDFC Mutual Fund,Open Ended Schemes,Debt Scheme - Money Market Fund,24-05-2018,3660.28140
119092,HDFC Money Market Fund - Growth Option - Direct Plan,HDFC Mutual Fund,Open Ended Schemes,Debt Scheme - Money Market Fund,23-05-2018,3659.60330
119092,HDFC Money Market Fund - Growth Option - Direct Plan,HDFC Mutual Fund,Open Ended Schemes,Debt Scheme - Money Market Fund,22-05-2018,3658.92960
119092,HDFC Money Market Fund - Growth Option - Direct Plan,HDFC Mutual Fund,Open Ended Schemes,Debt Scheme - Money Market Fund,21-05-2018,3658.23410
119092,HDFC Money Market Fund - Growth Option - Direct Plan,HDFC Mutual Fund,Open Ended Schemes,Debt Scheme - Money Market Fund,20-05-2018,3657.63510
119092,HDFC Money Market Fund - Growth Option - Direct Plan,HDFC Mutual Fund,Open Ended Schemes,Debt Scheme - Money Market Fund,18-05-2018,3656.21240
119092,HDFC Money Market Fund - Growth Option - Direct Plan,HDFC Mutual Fund,Open Ended Schemes,Debt Scheme - Money Market Fund,17-05-2018,3655.55480
119092,HDFC Money Market Fund - Growth Option - Direct Plan,HDFC Mutual Fund,Open Ended Schemes,Debt Scheme - Money Market Fund,16-05-2018,3654.93590
119092,HDFC Money Market Fund - Growth Option - Direct Plan,HDFC Mutual Fund,Open Ended Schemes,Debt Scheme - Money Market Fund,15-05-2018,3654.34930
119092,HDFC Money Market Fund - Growth Option - Direct Plan,HDFC Mutual Fund,Open Ended Schemes,Debt Scheme - Money Market Fund,14-05-2018,3653.87440
119092,HDFC Money Market Fund - Growth Option - Direct Plan,HDFC Mutual Fund,Open Ended Schemes,Debt Scheme - Money Market Fund,13-05-2018,3653.23870
119092,HDFC Money Market Fund - Growth Option - Direct Plan,HDFC Mutual Fund,Open Ended Schemes,Debt Scheme - Money Market Fund,11-05-2018,3651.84170
119092,HDFC Money Market Fund - Growth Option - Direct Plan,HDFC Mutual Fund,Open Ended Schemes,Debt Scheme - Money Market Fund,10-05-2018,3651.18070
119092,HDFC Money Market Fund - Growth Option - Direct Plan,HDFC Mutual Fund,Open Ended Schemes,Debt Scheme - Money Market Fund,09-05-2018,3650.68920
119092,HDFC Money Market Fund - Growth Option - Direct Plan,HDFC Mutual Fund,Open Ended Schemes,Debt Scheme - Money Market Fund,08-05-2018,3650.09680
119092,HDFC Money Market Fund - Growth Option - Direct Plan,HDFC Mutual Fund,Open Ended Schemes,Debt Scheme - Money Market Fund,07-05-2018,3649.48320
119092,HDFC Money Market Fund - Growth Option - Direct Plan,HDFC Mutual Fund,Open Ended Schemes,Debt Scheme - Money Market Fund,06-05-2018,3648.81760
119092,HDFC Money Market Fund - Growth Option - Direct Plan,HDFC Mutual Fund,Open Ended Schemes,Debt Scheme - Money Market Fund,04-05-2018,3647.44550
119092,HDFC Money Market Fund - Growth Option - Direct Plan,HDFC Mutual Fund,Open Ended Schemes,Debt Scheme - Money Market Fund,03-05-2018,3646.87960
119092,HDFC Money Market Fund - Growth Option - Direct Plan,HDFC Mutual Fund,Open Ended Schemes,Debt Scheme - Money Market Fund,02-05-2018,3646.24950
119092,HDFC Money Market Fund - Growth Option - Direct Plan,HDFC Mutual Fund,Open Ended Schemes,Debt Scheme - Money Market Fund,01-05-2018,3645.62190
119092,HDFC Money Market Fund - Growth Option - Direct Plan,HDFC Mutual Fund,Open Ended Schemes,Debt Scheme - Money Market Fund,27-04-2018,3642.84980
119092,HDFC Money Market Fund - Growth Option - Direct Plan,HDFC Mutual Fund,Open Ended Schemes,Debt Scheme - Money Market Fund,26-04-2018,3642.16520
119092,HDFC Money Market Fund - Growth Option - Direct Plan,HDFC Mutual Fund,Open Ended Schemes,Debt Scheme - Money Market Fund,25-04-2018,3641.47270
119092,HDFC Money Market Fund - Growth Option - Direct Plan,HDFC Mutual Fund,Open Ended Schemes,Debt Scheme - Money Market Fund,24-04-2018,3640.80150
119092,HDFC Money Market Fund - Growth Option - Direct Plan,HDFC Mutual Fund,Open Ended Schemes,Debt Scheme - Money Market Fund,23-04-2018,3640.15280
119092,HDFC Money Market Fund - Growth Option - Direct Plan,HDFC Mutual Fund,Open Ended Schemes,Debt Scheme - Money Market Fund,22-04-2018,3639.54640
119092,HDFC Money Market Fund - Growth Option - Direct Plan,HDFC Mutual Fund,Open Ended Schemes,Debt Scheme - Money Market Fund,20-04-2018,3638.15650
119092,HDFC Money Market Fund - Growth Option - Direct Plan,HDFC Mutual Fund,Open Ended Schemes,Debt Scheme - Money Market Fund,19-04-2018,3637.62730
119092,HDFC Money Market Fund - Growth Option - Direct Plan,HDFC Mutual Fund,Open Ended Schemes,Debt Scheme - Money Market Fund,18-04-2018,3636.95730
119092,HDFC Money Market Fund - Growth Option - Direct Plan,HDFC Mutual Fund,Open Ended Schemes,Debt Scheme - Money Market Fund,17-04-2018,3636.24860
119092,HDFC Money Market Fund - Growth Option - Direct Plan,HDFC Mutual Fund,Open Ended Schemes,Debt Scheme - Money Market Fund,16-04-2018,3635.60150
119092,HDFC Money Market Fund - Growth Option - Direct Plan,HDFC Mutual Fund,Open Ended Schemes,Debt Scheme - Money Market Fund,15-04-2018,3634.90820
119092,HDFC Money Market Fund - Growth Option - Direct Plan,HDFC Mutual Fund,Open Ended Schemes,Debt Scheme - Money Market Fund,13-04-2018,3633.52000
119092,HDFC Money Market Fund - Growth Option - Direct Plan,HDFC Mutual Fund,Open Ended Schemes,Debt Scheme - Money Market Fund,12-04-2018,3632.83300
119092,HDFC Money Market Fund - Growth Option - Direct Plan,HDFC Mutual Fund,Open Ended Schemes,Debt Scheme - Money Market Fund,11-04-2018,3632.17260
119092,HDFC Money Market Fund - Growth Option - Direct Plan,HDFC Mutual Fund,Open Ended Schemes,Debt Scheme - Money Market Fund,10-04-2018,3631.50280
119092,HDFC Money Market Fund - Growth Option - Direct Plan,HDFC Mutual Fund,Open Ended Schemes,Debt Scheme - Money Market Fund,09-04-2018,3630.83100
119092,HDFC Money Market Fund - Growth Option - Direct Plan,HDFC Mutual Fund,Open Ended Schemes,Debt Scheme - Money Market Fund,08-04-2018,3630.11610
119092,HDFC Money Market Fund - Growth Option - Direct Plan,HDFC Mutual Fund,Open Ended Schemes,Debt Scheme - Money Market Fund,06-04-2018,3628.74270
119092,HDFC Money Market Fund - Growth Option - Direct Plan,HDFC Mutual Fund,Open Ended Schemes,Debt Scheme - Money Market Fund,05-04-2018,3628.04830
119092,HDFC Money Market Fund - Growth Option - Direct Plan,HDFC Mutual Fund,Open Ended Schemes,Debt Scheme - Money Market Fund,04-04-2018,3627.35850
119092,HDFC Money Market Fund - Growth Option - Direct Plan,HDFC Mutual Fund,Open Ended Schemes,Debt Scheme - Money Market Fund,03-04-2018,3626.58700
119092,HDFC Money Market Fund - Growth Option - Direct Plan,HDFC Mutual Fund,Open Ended Schemes,Debt Scheme - Money Market Fund,02-04-2018,3625.84170
119092,HDFC Money Market Fund - Growth Option - Direct Plan,HDFC Mutual Fund,Open Ended Schemes,Debt Scheme - Money Market Fund,31-03-2018,3624.42090
119092,HDFC Money Market Fund - Growth Option - Direct Plan,HDFC Mutual Fund,Open Ended Schemes,Debt Scheme - Money Market Fund,28-03-2018,3622.30380
119092,HDFC Money Market Fund - Growth Option - Direct Plan,HDFC Mutual Fund,Open Ended Schemes,Debt Scheme - Money Market Fund,27-03-2018,3620.04150
119092,HDFC Money Market Fund - Growth Option - Direct Plan,HDFC Mutual Fund,Open Ended Schemes,Debt Scheme - Money Market Fund,26-03-2018,3619.30200
119092,HDFC Money Market Fund - Growth Option - Direct Plan,HDFC Mutual Fund,Open Ended Schemes,Debt Scheme - Money Market Fund,25-03-2018,3618.73560
119092,HDFC Money Market Fund - Growth Option - Direct Plan,HDFC Mutual Fund,Open Ended Schemes,Debt Scheme - Money Market Fund,23-03-2018,3617.29900
119092,HDFC Money Market Fund - Growth Option - Direct Plan,HDFC Mutual Fund,Open Ended Schemes,Debt Scheme - Money Market Fund,22-03-2018,3616.82300
119092,HDFC Money Market Fund - Growth Option - Direct Plan,HDFC Mutual Fund,Open Ended Schemes,Debt Scheme - Money Market Fund,21-03-2018,3616.20060
119092,HDFC Money Market Fund - Growth Option - Direct Plan,HDFC Mutual Fund,Open Ended Schemes,Debt Scheme - Money Market Fund,20-03-2018,3615.62780
119092,HDFC Money Market Fund - Growth Option - Direct Plan,HDFC Mutual Fund,Open Ended Schemes,Debt Scheme - Money Market Fund,19-03-2018,3614.98550
119092,HDFC Money Market Fund - Growth Option - Direct Plan,HDFC Mutual Fund,Open Ended Schemes,Debt Scheme - Money Market Fund,18-03-2018,3614.26420
119092,HDFC Money Market Fund - Growth Option - Direct Plan,HDFC Mutual Fund,Open Ended Schemes,Debt Scheme - Money Market Fund,16-03-2018,3612.84960
119092,HDFC Money Market Fund - Growth Option - Direct Plan,HDFC Mutual Fund,Open Ended Schemes,Debt Scheme - Money Market Fund,15-03-2018,3611.69450
119092,HDFC Money Market Fund - Growth Option - Direct Plan,HDFC Mutual Fund,Open Ended Schemes,Debt Scheme - Money Market Fund,14-03-2018,3610.88110
119092,HDFC Money Market Fund - Growth Option - Direct Plan,HDFC Mutual Fund,Open Ended Schemes,Debt Scheme - Money Market Fund,13-03-2018,3610.18640
119092,HDFC Money Market Fund - Growth Option - Direct Plan,HDFC Mutual Fund,Open Ended Schemes,Debt Scheme - Money Market Fund,12-03-2018,3609.48780
119092,HDFC Money Market Fund - Growth Option - Direct Plan,HDFC Mutual Fund,Open Ended Schemes,Debt Scheme - Money Market Fund,11-03-2018,3608.73930
119092,HDFC Money Market Fund - Growth Option - Direct Plan,HDFC Mutual Fund,Open Ended Schemes,Debt Scheme - Money Market Fund,09-03-2018,3607.36350
119092,HDFC Money Market Fund - Growth Option - Direct Plan,HDFC Mutual Fund,Open Ended Schemes,Debt Scheme - Money Market Fund,08-03-2018,3606.69610
119092,HDFC Money Market Fund - Growth Option - Direct Plan,HDFC Mutual Fund,Open Ended Schemes,Debt Scheme - Money Market Fund,07-03-2018,3606.05230
119092,HDFC Money Market Fund - Growth Option - Direct Plan,HDFC Mutual Fund,Open Ended Schemes,Debt Scheme - Money Market Fund,06-03-2018,3605.20290
119092,HDFC Money Market Fund - Growth Option - Direct Plan,HDFC Mutual Fund,Open Ended Schemes,Debt Scheme - Money Market Fund,05-03-2018,3604.50690
119092,HDFC Money Market Fund - Growth Option - Direct Plan,HDFC Mutual Fund,Open Ended Schemes,Debt Scheme - Money Market Fund,04-03-2018,3603.85770
119092,HDFC Money Market Fund - Growth Option - Direct Plan,HDFC Mutual Fund,Open Ended Schemes,Debt Scheme - Money Market Fund,01-03-2018,3601.76000
119092,HDFC Money Market Fund - Growth Option - Direct Plan,HDFC Mutual Fund,Open Ended Schemes,Debt Scheme - Money Market Fund,28-02-2018,3601.04930
119092,HDFC Money Market Fund - Growth Option - Direct Plan,HDFC Mutual Fund,Open Ended Schemes,Debt Scheme - Money Market Fund,27-02-2018,3600.38250
119092,HDFC Money Market Fund - Growth Option - Direct Plan,HDFC Mutual Fund,Open Ended Schemes,Debt Scheme - Money Market Fund,26-02-2018,3599.71690
119092,HDFC Money Market Fund - Growth Option - Direct Plan,HDFC Mutual Fund,Open Ended Schemes,Debt Scheme - Money Market Fund,25-02-2018,3599.04640
119092,HDFC Money Market Fund - Growth Option - Direct Plan,HDFC Mutual Fund,Open Ended Schemes,Debt Scheme - Money Market Fund,23-02-2018,3597.72620
119092,HDFC Money Market Fund - Growth Option - Direct Plan,HDFC Mutual Fund,Open Ended Schemes,Debt Scheme - Money Market Fund,22-02-2018,3597.07180
119092,HDFC Money Market Fund - Growth Option - Direct Plan,HDFC Mutual Fund,Open Ended Schemes,Debt Scheme - Money Market Fund,21-02-2018,3596.44110
119092,HDFC Money Market Fund - Growth Option - Direct Plan,HDFC Mutual Fund,Open Ended Schemes,Debt Scheme - Money Market Fund,20-02-2018,3595.76800
119092,HDFC Money Market Fund - Growth Option - Direct Plan,HDFC Mutual Fund,Open Ended Schemes,Debt Scheme - Money Market Fund,19-02-2018,3595.14520
119092,HDFC Money Market Fund - Growth Option - Direct Plan,HDFC Mutual Fund,Open Ended Schemes,Debt Scheme - Money Market Fund,16-02-2018,3593.16060
119092,HDFC Money Market Fund - Growth Option - Direct Plan,HDFC Mutual Fund,Open Ended Schemes,Debt Scheme - Money Market Fund,15-02-2018,3592.50230
119092,HDFC Money Market Fund - Growth Option - Direct Plan,HDFC Mutual Fund,Open Ended Schemes,Debt Scheme - Money Market Fund,14-02-2018,3591.84570
119092,HDFC Money Market Fund - Growth Option - Direct Plan,HDFC Mutual Fund,Open Ended Schemes,Debt Scheme - Money Market Fund,13-02-2018,3591.18500
119092,HDFC Money Market Fund - Growth Option - Direct Plan,HDFC Mutual Fund,Open Ended Schemes,Debt Scheme - Money Market Fund,12-02-2018,3590.53190
119092,HDFC Money Market Fund - Growth Option - Direct Plan,HDFC Mutual Fund,Open Ended Schemes,Debt Scheme - Money Market Fund,11-02-2018,3589.88960
119092,HDFC Money Market Fund - Growth Option - Direct Plan,HDFC Mutual Fund,Open Ended Schemes,Debt Scheme - Money Market Fund,09-02-2018,3588.55970
119092,HDFC Money Market Fund - Growth Option - Direct Plan,HDFC Mutual Fund,Open Ended Schemes,Debt Scheme - Money Market Fund,08-02-2018,3587.87680
119092,HDFC Money Market Fund - Growth Option - Direct Plan,HDFC Mutual Fund,Open Ended Schemes,Debt Scheme - Money Market Fund,07-02-2018,3587.24060
119092,HDFC Money Market Fund - Growth Option - Direct Plan,HDFC Mutual Fund,Open Ended Schemes,Debt Scheme - Money Market Fund,06-02-2018,3586.56240
119092,HDFC Money Market Fund - Growth Option - Direct Plan,HDFC Mutual Fund,Open Ended Schemes,Debt Scheme - Money Market Fund,05-02-2018,3585.91000
119092,HDFC Money Market Fund - Growth Option - Direct Plan,HDFC Mutual Fund,Open Ended Schemes,Debt Scheme - Money Market Fund,04-02-2018,3585.28740
119092,HDFC Money Market Fund - Growth Option - Direct Plan,HDFC Mutual Fund,Open Ended Schemes,Debt Scheme - Money Market Fund,02-02-2018,3583.97120
119092,HDFC Money Market Fund - Growth Option - Direct Plan,HDFC Mutual Fund,Open Ended Schemes,Debt Scheme - Money Market Fund,01-02-2018,3583.31510
119092,HDFC Money Market Fund - Growth Option - Direct Plan,HDFC Mutual Fund,Open Ended Schemes,Debt Scheme - Money Market Fund,31-01-2018,3582.70530
119092,HDFC Money Market Fund - Growth Option - Direct Plan,HDFC Mutual Fund,Open Ended Schemes,Debt Scheme - Money Market Fund,30-01-2018,3582.05460
119092,HDFC Money Market Fund - Growth Option - Direct Plan,HDFC Mutual Fund,Open Ended Schemes,Debt Scheme - Money Market Fund,29-01-2018,3581.38250
119092,HDFC Money Market Fund - Growth Option - Direct Plan,HDFC Mutual Fund,Open Ended Schemes,Debt Scheme - Money Market Fund,28-01-2018,3580.73000
119092,HDFC Money Market Fund - Growth Option - Direct Plan,HDFC Mutual Fund,Open Ended Schemes,Debt Scheme - Money Market Fund,25-01-2018,3578.79680
119092,HDFC Money Market Fund - Growth Option - Direct Plan,HDFC Mutual Fund,Open Ended Schemes,Debt Scheme - Money Market Fund,24-01-2018,3578.15900
119092,HDFC Money Market Fund - Growth Option - Direct Plan,HDFC Mutual Fund,Open Ended Schemes,Debt Scheme - Money Market Fund,23-01-2018,3577.52420
119092,HDFC Money Market Fund - Growth Option - Direct Plan,HDFC Mutual Fund,Open Ended Schemes,Debt Scheme - Money Market Fund,22-01-2018,3576.88700
119092,HDFC Money Market Fund - Growth Option - Direct Plan,HDFC Mutual Fund,Open Ended Schemes,Debt Scheme - Money Market Fund,21-01-2018,3576.25350
119092,HDFC Money Market Fund - Growth Option - Direct Plan,HDFC Mutual Fund,Open Ended Schemes,Debt Scheme - Money Market Fund,19-01-2018,3574.95240
119092,HDFC Money Market Fund - Growth Option - Direct Plan,HDFC Mutual Fund,Open Ended Schemes,Debt Scheme - Money Market Fund,18-01-2018,3574.33410
119092,HDFC Money Market Fund - Growth Option - Direct Plan,HDFC Mutual Fund,Open Ended Schemes,Debt Scheme - Money Market Fund,17-01-2018,3573.69850
119092,HDFC Money Market Fund - Growth Option - Direct Plan,HDFC Mutual Fund,Open Ended Schemes,Debt Scheme - Money Market Fund,16-01-2018,3573.08130
119092,HDFC Money Market Fund - Growth Option - Direct Plan,HDFC Mutual Fund,Open Ended Schemes,Debt Scheme - Money Market Fund,15-01-2018,3572.45170
119092,HDFC Money Market Fund - Growth Option - Direct Plan,HDFC Mutual Fund,Open Ended Schemes,Debt Scheme - Money Market Fund,14-01-2018,3571.80370
119092,HDFC Money Market Fund - Growth Option - Direct Plan,HDFC Mutual Fund,Open Ended Schemes,Debt Scheme - Money Market Fund,12-01-2018,3570.54280
119092,HDFC Money Market Fund - Growth Option - Direct Plan,HDFC Mutual Fund,Open Ended Schemes,Debt Scheme - Money Market Fund,11-01-2018,3569.93360
119092,HDFC Money Market Fund - Growth Option - Direct Plan,HDFC Mutual Fund,Open Ended Schemes,Debt Scheme - Money Market Fund,10-01-2018,3569.30690
119092,HDFC Money Market Fund - Growth Option - Direct Plan,HDFC Mutual Fund,Open Ended Schemes,Debt Scheme - Money Market Fund,09-01-2018,3568.69210
119092,HDFC Money Market Fund - Growth Option - Direct Plan,HDFC Mutual Fund,Open Ended Schemes,Debt Scheme - Money Market Fund,08-01-2018,3568.07260
119092,HDFC Money Market Fund - Growth Option - Direct Plan,HDFC Mutual Fund,Open Ended Schemes,Debt Scheme - Money Market Fund,07-01-2018,3567.44370
119092,HDFC Money Market Fund - Growth Option - Direct Plan,HDFC Mutual Fund,Open Ended Schemes,Debt Scheme - Money Market Fund,05-01-2018,3566.17230
119092,HDFC Money Market Fund - Growth Option - Direct Plan,HDFC Mutual Fund,Open Ended Schemes,Debt Scheme - Money Market Fund,04-01-2018,3565.54030
119092,HDFC Money Market Fund - Growth Option - Direct Plan,HDFC Mutual Fund,Open Ended Schemes,Debt Scheme - Money Market Fund,03-01-2018,3564.95310
119092,HDFC Money Market Fund - Growth Option - Direct Plan,HDFC Mutual Fund,Open Ended Schemes,Debt Scheme - Money Market Fund,02-01-2018,3564.33980
119092,HDFC Money Market Fund - Growth Option - Direct Plan,HDFC Mutual Fund,Open Ended Schemes,Debt Scheme - Money Market Fund,01-01-2018,3563.72270
119092,HDFC Money Market Fund - Growth Option - Direct Plan,HDFC Mutual Fund,Open Ended Schemes,Debt Scheme - Money Market Fund,31-12-2017,3563.03940
119092,HDFC Money Market Fund - Growth Option - Direct Plan,HDFC Mutual Fund,Open Ended Schemes,Debt Scheme - Money Market Fund,29-12-2017,3561.76740
119092,HDFC Money Market Fund - Growth Option - Direct Plan,HDFC Mutual Fund,Open Ended Schemes,Debt Scheme - Money Market Fund,28-12-2017,3560.98470
119092,HDFC Money Market Fund - Growth Option - Direct Plan,HDFC Mutual Fund,Open Ended Schemes,Debt Scheme - Money Market Fund,27-12-2017,3560.32130
119092,HDFC Money Market Fund - Growth Option - Direct Plan,HDFC Mutual Fund,Open Ended Schemes,Debt Scheme - Money Market Fund,26-12-2017,3559.68420
119092,HDFC Money Market Fund - Growth Option - Direct Plan,HDFC Mutual Fund,Open Ended Schemes,Debt Scheme - Money Market Fund,25-12-2017,3559.09870
119092,HDFC Money Market Fund - Growth Option - Direct Plan,HDFC Mutual Fund,Open Ended Schemes,Debt Scheme - Money Market Fund,22-12-2017,3557.22660
119092,HDFC Money Market Fund - Growth Option - Direct Plan,HDFC Mutual Fund,Open Ended Schemes,Debt Scheme - Money Market Fund,21-12-2017,3556.57460
119092,HDFC Money Market Fund - Growth Option - Direct Plan,HDFC Mutual Fund,Open Ended Schemes,Debt Scheme - Money Market Fund,20-12-2017,3556.02880
119092,HDFC Money Market Fund - Growth Option - Direct Plan,HDFC Mutual Fund,Open Ended Schemes,Debt Scheme - Money Market Fund,19-12-2017,3555.49960
119092,HDFC Money Market Fund - Growth Option - Direct Plan,HDFC Mutual Fund,Open Ended Schemes,Debt Scheme - Money Market Fund,18-12-2017,3554.89940
119092,HDFC Money Market Fund - Growth Option - Direct Plan,HDFC Mutual Fund,Open Ended Schemes,Debt Scheme - Money Market Fund,17-12-2017,3554.29680
119092,HDFC Money Market Fund - Growth Option - Direct Plan,HDFC Mutual Fund,Open Ended Schemes,Debt Scheme - Money Market Fund,15-12-2017,3553.07790
119092,HDFC Money Market Fund - Growth Option - Direct Plan,HDFC Mutual Fund,Open Ended Schemes,Debt Scheme - Money Market Fund,14-12-2017,3552.49950
119092,HDFC Money Market Fund - Growth Option - Direct Plan,HDFC Mutual Fund,Open Ended Schemes,Debt Scheme - Money Market Fund,13-12-2017,3551.91140
119092,HDFC Money Market Fund - Growth Option - Direct Plan,HDFC Mutual Fund,Open Ended Schemes,Debt Scheme - Money Market Fund,12-12-2017,3551.30860
119092,HDFC Money Market Fund - Growth Option - Direct Plan,HDFC Mutual Fund,Open Ended Schemes,Debt Scheme - Money Market Fund,11-12-2017,3550.71040
119092,HDFC Money Market Fund - Growth Option - Direct Plan,HDFC Mutual Fund,Open Ended Schemes,Debt Scheme - Money Market Fund,10-12-2017,3550.10240
119092,HDFC Money Market Fund - Growth Option - Direct Plan,HDFC Mutual Fund,Open Ended Schemes,Debt Scheme - Money Market Fund,08-12-2017,3548.85890
119092,HDFC Money Market Fund - Growth Option - Direct Plan,HDFC Mutual Fund,Open Ended Schemes,Debt Scheme - Money Market Fund,07-12-2017,3548.23440
119092,HDFC Money Market Fund - Growth Option - Direct Plan,HDFC Mutual Fund,Open Ended Schemes,Debt Scheme - Money Market Fund,06-12-2017,3547.59980
119092,HDFC Money Market Fund - Growth Option - Direct Plan,HDFC Mutual Fund,Open Ended Schemes,Debt Scheme - Money Market Fund,05-12-2017,3546.98820
119092,HDFC Money Market Fund - Growth Option - Direct Plan,HDFC Mutual Fund,Open Ended Schemes,Debt Scheme - Money Market Fund,04-12-2017,3546.39970
119092,HDFC Money Market Fund - Growth Option - Direct Plan,HDFC Mutual Fund,Open Ended Schemes,Debt Scheme - Money Market Fund,03-12-2017,3545.78680
119092,HDFC Money Market Fund - Growth Option - Direct Plan,HDFC Mutual Fund,Open Ended Schemes,Debt Scheme - Money Market Fund,30-11-2017,3543.96930
119092,HDFC Money Market Fund - Growth Option - Direct Plan,HDFC Mutual Fund,Open Ended Schemes,Debt Scheme - Money Market Fund,29-11-2017,3543.37190
119092,HDFC Money Market Fund - Growth Option - Direct Plan,HDFC Mutual Fund,Open Ended Schemes,Debt Scheme - Money Market Fund,28-11-2017,3542.76410
119092,HDFC Money Market Fund - Growth Option - Direct Plan,HDFC Mutual Fund,Open Ended Schemes,Debt Scheme - Money Market Fund,27-11-2017,3542.15000
119092,HDFC Money Market Fund - Growth Option - Direct Plan,HDFC Mutual Fund,Open Ended Schemes,Debt Scheme - Money Market Fund,26-11-2017,3541.55610
119092,HDFC Money Market Fund - Growth Option - Direct Plan,HDFC Mutual Fund,Open Ended Schemes,Debt Scheme - Money Market Fund,24-11-2017,3540.33020
119092,HDFC Money Market Fund - Growth Option - Direct Plan,HDFC Mutual Fund,Open Ended Schemes,Debt Scheme - Money Market Fund,23-11-2017,3539.72270
119092,HDFC Money Market Fund - Growth Option - Direct Plan,HDFC Mutual Fund,Open Ended Schemes,Debt Scheme - Money Market Fund,22-11-2017,3539.12010
119092,HDFC Money Market Fund - Growth Option - Direct Plan,HDFC Mutual Fund,Open Ended Schemes,Debt Scheme - Money Market Fund,21-11-2017,3538.51660
119092,HDFC Money Market Fund - Growth Option - Direct Plan,HDFC Mutual Fund,Open Ended Schemes,Debt Scheme - Money Market Fund,20-11-2017,3537.91610
119092,HDFC Money Market Fund - Growth Option - Direct Plan,HDFC Mutual Fund,Open Ended Schemes,Debt Scheme - Money Market Fund,19-11-2017,3537.29440
119092,HDFC Money Market Fund - Growth Option - Direct Plan,HDFC Mutual Fund,Open Ended Schemes,Debt Scheme - Money Market Fund,17-11-2017,3536.09140
119092,HDFC Money Market Fund - Growth Option - Direct Plan,HDFC Mutual Fund,Open Ended Schemes,Debt Scheme - Money Market Fund,16-11-2017,3535.49280
119092,HDFC Money Market Fund - Growth Option - Direct Plan,HDFC Mutual Fund,Open Ended Schemes,Debt Scheme - Money Market Fund,15-11-2017,3534.88270
119092,HDFC Money Market Fund - Growth Option - Direct Plan,HDFC Mutual Fund,Open Ended Schemes,Debt Scheme - Money Market Fund,14-11-2017,3534.26810
119092,HDFC Money Market Fund - Growth Option - Direct Plan,HDFC Mutual Fund,Open Ended Schemes,Debt Scheme - Money Market Fund,13-11-2017,3533.66970
119092,HDFC Money Market Fund - Growth Option - Direct Plan,HDFC Mutual Fund,Open Ended Schemes,Debt Scheme - Money Market Fund,12-11-2017,3533.06830
119092,HDFC Money Market Fund - Growth Option - Direct Plan,HDFC Mutual Fund,Open Ended Schemes,Debt Scheme - Money Market Fund,10-11-2017,3531.85020
119092,HDFC Money Market Fund - Growth Option - Direct Plan,HDFC Mutual Fund,Open Ended Schemes,Debt Scheme - Money Market Fund,09-11-2017,3531.24510
119092,HDFC Money Market Fund - Growth Option - Direct Plan,HDFC Mutual Fund,Open Ended Schemes,Debt Scheme - Money Market Fund,08-11-2017,3530.63870
119092,HDFC Money Market Fund - Growth Option - Direct Plan,HDFC Mutual Fund,Open Ended Schemes,Debt Scheme - Money Market Fund,07-11-2017,3530.03420
119092,HDFC Money Market Fund - Growth Option - Direct Plan,HDFC Mutual Fund,Open Ended Schemes,Debt Scheme - Money Market Fund,06-11-2017,3529.40680
119092,HDFC Money Market Fund - Growth Option - Direct Plan,HDFC Mutual Fund,Open Ended Schemes,Debt Scheme - Money Market Fund,05-11-2017,3528.79800
119092,HDFC Money Market Fund - Growth Option - Direct Plan,HDFC Mutual Fund,Open Ended Schemes,Debt Scheme - Money Market Fund,03-11-2017,3527.60100
119092,HDFC Money Market Fund - Growth Option - Direct Plan,HDFC Mutual Fund,Open Ended Schemes,Debt Scheme - Money Market Fund,02-11-2017,3527.01050
119092,HDFC Money Market Fund - Growth Option - Direct Plan,HDFC Mutual Fund,Open Ended Schemes,Debt Scheme - Money Market Fund,01-11-2017,3526.40800
119092,HDFC Money Market Fund - Growth Option - Direct Plan,HDFC Mutual Fund,Open Ended Schemes,Debt Scheme - Money Market Fund,31-10-2017,3525.81160
119092,HDFC Money Market Fund - Growth Option - Direct Plan,HDFC Mutual Fund,Open Ended Schemes,Debt Scheme - Money Market Fund,30-10-2017,3525.21910
119092,HDFC Money Market Fund - Growth Option - Direct Plan,HDFC Mutual Fund,Open Ended Schemes,Debt Scheme - Money Market Fund,29-10-2017,3524.62270
119092,HDFC Money Market Fund - Growth Option - Direct Plan,HDFC Mutual Fund,Open Ended Schemes,Debt Scheme - Money Market Fund,27-10-2017,3523.41100
119092,HDFC Money Market Fund - Growth Option - Direct Plan,HDFC Mutual Fund,Open Ended Schemes,Debt Scheme - Money Market Fund,26-10-2017,3522.80180
119092,HDFC Money Market Fund - Growth Option - Direct Plan,HDFC Mutual Fund,Open Ended Schemes,Debt Scheme - Money Market Fund,25-10-2017,3522.22100
119092,HDFC Money Market Fund - Growth Option - Direct Plan,HDFC Mutual Fund,Open Ended Schemes,Debt Scheme - Money Market Fund,24-10-2017,3521.59480
119092,HDFC Money Market Fund - Growth Option - Direct Plan,HDFC Mutual Fund,Open Ended Schemes,Debt Scheme - Money Market Fund,23-10-2017,3521.01100
119092,HDFC Money Market Fund - Growth Option - Direct Plan,HDFC Mutual Fund,Open Ended Schemes,Debt Scheme - Money Market Fund,22-10-2017,3520.39890
119092,HDFC Money Market Fund - Growth Option - Direct Plan,HDFC Mutual Fund,Open Ended Schemes,Debt Scheme - Money Market Fund,18-10-2017,3518.00430
119092,HDFC Money Market Fund - Growth Option - Direct Plan,HDFC Mutual Fund,Open Ended Schemes,Debt Scheme - Money Market Fund,17-10-2017,3517.40360
119092,HDFC Money Market Fund - Growth Option - Direct Plan,HDFC Mutual Fund,Open Ended Schemes,Debt Scheme - Money Market Fund,16-10-2017,3516.81440
119092,HDFC Money Market Fund - Growth Option - Direct Plan,HDFC Mutual Fund,Open Ended Schemes,Debt Scheme - Money Market Fund,15-10-2017,3516.18860
119092,HDFC Money Market Fund - Growth Option - Direct Plan,HDFC Mutual Fund,Open Ended Schemes,Debt Scheme - Money Market Fund,13-10-2017,3514.96650
119092,HDFC Money Market Fund - Growth Option - Direct Plan,HDFC Mutual Fund,Open Ended Schemes,Debt Scheme - Money Market Fund,12-10-2017,3514.34370
119092,HDFC Money Market Fund - Growth Option - Direct Plan,HDFC Mutual Fund,Open Ended Schemes,Debt Scheme - Money Market Fund,11-10-2017,3513.73490
119092,HDFC Money Market Fund - Growth Option - Direct Plan,HDFC Mutual Fund,Open Ended Schemes,Debt Scheme - Money Market Fund,10-10-2017,3513.11500
119092,HDFC Money Market Fund - Growth Option - Direct Plan,HDFC Mutual Fund,Open Ended Schemes,Debt Scheme - Money Market Fund,09-10-2017,3512.53210
119092,HDFC Money Market Fund - Growth Option - Direct Plan,HDFC Mutual Fund,Open Ended Schemes,Debt Scheme - Money Market Fund,08-10-2017,3511.92820
119092,HDFC Money Market Fund - Growth Option - Direct Plan,HDFC Mutual Fund,Open Ended Schemes,Debt Scheme - Money Market Fund,06-10-2017,3510.73080
119092,HDFC Money Market Fund - Growth Option - Direct Plan,HDFC Mutual Fund,Open Ended Schemes,Debt Scheme - Money Market Fund,05-10-2017,3510.13880
119092,HDFC Money Market Fund - Growth Option - Direct Plan,HDFC Mutual Fund,Open Ended Schemes,Debt Scheme - Money Market Fund,04-10-2017,3509.53540
119092,HDFC Money Market Fund - Growth Option - Direct Plan,HDFC Mutual Fund,Open Ended Schemes,Debt Scheme - Money Market Fund,03-10-2017,3508.95600
119092,HDFC Money Market Fund - Growth Option - Direct Plan,HDFC Mutual Fund,Open Ended Schemes,Debt Scheme - Money Market Fund,02-10-2017,3508.30810
119092,HDFC Money Market Fund - Growth Option - Direct Plan,HDFC Mutual Fund,Open Ended Schemes,Debt Scheme - Money Market Fund,29-09-2017,3506.51890
119092,HDFC Money Market Fund - Growth Option - Direct Plan,HDFC Mutual Fund,Open Ended Schemes,Debt Scheme - Money Market Fund,28-09-2017,3505.87930
119092,HDFC Money Market Fund - Growth Option - Direct Plan,HDFC Mutual Fund,Open Ended Schemes,Debt Scheme - Money Market Fund,27-09-2017,3505.28120
119092,HDFC Money Market Fund - Growth Option - Direct Plan,HDFC Mutual Fund,Open Ended Schemes,Debt Scheme - Money Market Fund,26-09-2017,3504.69010
119092,HDFC Money Market Fund - Growth Option - Direct Plan,HDFC Mutual Fund,Open Ended Schemes,Debt Scheme - Money Market Fund,25-09-2017,3504.02300
119092,HDFC Money Market Fund - Growth Option - Direct Plan,HDFC Mutual Fund,Open Ended Schemes,Debt Scheme - Money Market Fund,24-09-2017,3503.38690
119092,HDFC Money Market Fund - Growth Option - Direct Plan,HDFC Mutual Fund,Open Ended Schemes,Debt Scheme - Money Market Fund,22-09-2017,3502.19140
119092,HDFC Money Market Fund - Growth Option - Direct Plan,HDFC Mutual Fund,Open Ended Schemes,Debt Scheme - Money Market Fund,21-09-2017,3501.62270
119092,HDFC Money Market Fund - Growth Option - Direct Plan,HDFC Mutual Fund,Open Ended Schemes,Debt Scheme - Money Market Fund,20-09-2017,3501.02420
119092,HDFC Money Market Fund - Growth Option - Direct Plan,HDFC Mutual Fund,Open Ended Schemes,Debt Scheme - Money Market Fund,19-09-2017,3500.40630
119092,HDFC Money Market Fund - Growth Option - Direct Plan,HDFC Mutual Fund,Open Ended Schemes,Debt Scheme - Money Market Fund,18-09-2017,3499.81050
119092,HDFC Money Market Fund - Growth Option - Direct Plan,HDFC Mutual Fund,Open Ended Schemes,Debt Scheme - Money Market Fund,17-09-2017,3499.20950
119092,HDFC Money Market Fund - Growth Option - Direct Plan,HDFC Mutual Fund,Open Ended Schemes,Debt Scheme - Money Market Fund,15-09-2017,3497.99250
119092,HDFC Money Market Fund - Growth Option - Direct Plan,HDFC Mutual Fund,Open Ended Schemes,Debt Scheme - Money Market Fund,14-09-2017,3497.36720
119092,HDFC Money Market Fund - Growth Option - Direct Plan,HDFC Mutual Fund,Open Ended Schemes,Debt Scheme - Money Market Fund,13-09-2017,3496.77680
119092,HDFC Money Market Fund - Growth Option - Direct Plan,HDFC Mutual Fund,Open Ended Schemes,Debt Scheme - Money Market Fund,12-09-2017,3496.18830
119092,HDFC Money Market Fund - Growth Option - Direct Plan,HDFC Mutual Fund,Open Ended Schemes,Debt Scheme - Money Market Fund,11-09-2017,3495.57390
119092,HDFC Money Market Fund - Growth Option - Direct Plan,HDFC Mutual Fund,Open Ended Schemes,Debt Scheme - Money Market Fund,10-09-2017,3494.97590
119092,HDFC Money Market Fund - Growth Option - Direct Plan,HDFC Mutual Fund,Open Ended Schemes,Debt Scheme - Money Market Fund,08-09-2017,3493.80690
119092,HDFC Money Market Fund - Growth Option - Direct Plan,HDFC Mutual Fund,Open Ended Schemes,Debt Scheme - Money Market Fund,07-09-2017,3493.22700
119092,HDFC Money Market Fund - Growth Option - Direct Plan,HDFC Mutual Fund,Open Ended Schemes,Debt Scheme - Money Market Fund,06-09-2017,3492.63490
119092,HDFC Money Market Fund - Growth Option - Direct Plan,HDFC Mutual Fund,Open Ended Schemes,Debt Scheme - Money Market Fund,05-09-2017,3492.03550
119092,HDFC Money Market Fund - Growth Option - Direct Plan,HDFC Mutual Fund,Open Ended Schemes,Debt Scheme - Money Market Fund,04-09-2017,3491.44330
119092,HDFC Money Market Fund - Growth Option - Direct Plan,HDFC Mutual Fund,Open Ended Schemes,Debt Scheme - Money Market Fund,03-09-2017,3490.82960
119092,HDFC Money Market Fund - Growth Option - Direct Plan,HDFC Mutual Fund,Open Ended Schemes,Debt Scheme - Money Market Fund,01-09-2017,3489.62080
119092,HDFC Money Market Fund - Growth Option - Direct Plan,HDFC Mutual Fund,Open Ended Schemes,Debt Scheme - Money Market Fund,31-08-2017,3489.01780
119092,HDFC Money Market Fund - Growth Option - Direct Plan,HDFC Mutual Fund,Open Ended Schemes,Debt Scheme - Money Market Fund,30-08-2017,3488.40050
119092,HDFC Money Market Fund - Growth Option - Direct Plan,HDFC Mutual Fund,Open Ended Schemes,Debt Scheme - Money Market Fund,29-08-2017,3487.81570
119092,HDFC Money Market Fund - Growth Option - Direct Plan,HDFC Mutual Fund,Open Ended Schemes,Debt Scheme - Money Market Fund,28-08-2017,3487.20890
119092,HDFC Money Market Fund - Growth Option - Direct Plan,HDFC Mutual Fund,Open Ended Schemes,Debt Scheme - Money Market Fund,27-08-2017,3486.62440
119092,HDFC Money Market Fund - Growth Option - Direct Plan,HDFC Mutual Fund,Open Ended Schemes,Debt Scheme - Money Market Fund,24-08-2017,3484.85610
119092,HDFC Money Market Fund - Growth Option - Direct Plan,HDFC Mutual Fund,Open Ended Schemes,Debt Scheme - Money Market Fund,23-08-2017,3484.27250
119092,HDFC Money Market Fund - Growth Option - Direct Plan,HDFC Mutual Fund,Open Ended Schemes,Debt Scheme - Money Market Fund,22-08-2017,3483.66590
119092,HDFC Money Market Fund - Growth Option - Direct Plan,HDFC Mutual Fund,Open Ended Schemes,Debt Scheme - Money Market Fund,21-08-2017,3483.06320
119092,HDFC Money Market Fund - Growth Option - Direct Plan,HDFC Mutual Fund,Open Ended Schemes,Debt Scheme - Money Market Fund,20-08-2017,3482.47400
119092,HDFC Money Market Fund - Growth Option - Direct Plan,HDFC Mutual Fund,Open Ended Schemes,Debt Scheme - Money Market Fund,18-08-2017,3481.28190
119092,HDFC Money Market Fund - Growth Option - Direct Plan,HDFC Mutual Fund,Open Ended Schemes,Debt Scheme - Money Market Fund,17-08-2017,3480.68840
119092,HDFC Money Market Fund - Growth Option - Direct Plan,HDFC Mutual Fund,Open Ended Schemes,Debt Scheme - Money Market Fund,16-08-2017,3480.06860
119092,HDFC Money Market Fund - Growth Option - Direct Plan,HDFC Mutual Fund,Open Ended Schemes,Debt Scheme - Money Market Fund,15-08-2017,3479.49870
119092,HDFC Money Market Fund - Growth Option - Direct Plan,HDFC Mutual Fund,Open Ended Schemes,Debt Scheme - Money Market Fund,14-08-2017,3478.90370
119092,HDFC Money Market Fund - Growth Option - Direct Plan,HDFC Mutual Fund,Open Ended Schemes,Debt Scheme - Money Market Fund,13-08-2017,3478.30210
119092,HDFC Money Market Fund - Growth Option - Direct Plan,HDFC Mutual Fund,Open Ended Schemes,Debt Scheme - Money Market Fund,11-08-2017,3477.11490
119092,HDFC Money Market Fund - Growth Option - Direct Plan,HDFC Mutual Fund,Open Ended Schemes,Debt Scheme - Money Market Fund,10-08-2017,3476.51180
119092,HDFC Money Market Fund - Growth Option - Direct Plan,HDFC Mutual Fund,Open Ended Schemes,Debt Scheme - Money Market Fund,09-08-2017,3475.91850
119092,HDFC Money Market Fund - Growth Option - Direct Plan,HDFC Mutual Fund,Open Ended Schemes,Debt Scheme - Money Market Fund,08-08-2017,3475.30990
119092,HDFC Money Market Fund - Growth Option - Direct Plan,HDFC Mutual Fund,Open Ended Schemes,Debt Scheme - Money Market Fund,07-08-2017,3474.71150
119092,HDFC Money Market Fund - Growth Option - Direct Plan,HDFC Mutual Fund,Open Ended Schemes,Debt Scheme - Money Market Fund,06-08-2017,3474.11280
119092,HDFC Money Market Fund - Growth Option - Direct Plan,HDFC Mutual Fund,Open Ended Schemes,Debt Scheme - Money Market Fund,04-08-2017,3472.91640
119092,HDFC Money Market Fund - Growth Option - Direct Plan,HDFC Mutual Fund,Open Ended Schemes,Debt Scheme - Money Market Fund,03-08-2017,3472.31710
119092,HDFC Money Market Fund - Growth Option - Direct Plan,HDFC Mutual Fund,Open Ended Schemes,Debt Scheme - Money Market Fund,02-08-2017,3471.70200
119092,HDFC Money Market Fund - Growth Option - Direct Plan,HDFC Mutual Fund,Open Ended Schemes,Debt Scheme - Money Market Fund,01-08-2017,3471.09740
119092,HDFC Money Market Fund - Growth Option - Direct Plan,HDFC Mutual Fund,Open Ended Schemes,Debt Scheme - Money Market Fund,31-07-2017,3470.50920
119092,HDFC Money Market Fund - Growth Option - Direct Plan,HDFC Mutual Fund,Open Ended Schemes,Debt Scheme - Money Market Fund,30-07-2017,3469.91060
119092,HDFC Money Market Fund - Growth Option - Direct Plan,HDFC Mutual Fund,Open Ended Schemes,Debt Scheme - Money Market Fund,28-07-2017,3468.70470
119092,HDFC Money Market Fund - Growth Option - Direct Plan,HDFC Mutual Fund,Open Ended Schemes,Debt Scheme - Money Market Fund,27-07-2017,3468.10700
119092,HDFC Money Market Fund - Growth Option - Direct Plan,HDFC Mutual Fund,Open Ended Schemes,Debt Scheme - Money Market Fund,26-07-2017,3467.51830
119092,HDFC Money Market Fund - Growth Option - Direct Plan,HDFC Mutual Fund,Open Ended Schemes,Debt Scheme - Money Market Fund,25-07-2017,3466.88830
119092,HDFC Money Market Fund - Growth Option - Direct Plan,HDFC Mutual Fund,Open Ended Schemes,Debt Scheme - Money Market Fund,24-07-2017,3466.29280
119092,HDFC Money Market Fund - Growth Option - Direct Plan,HDFC Mutual Fund,Open Ended Schemes,Debt Scheme - Money Market Fund,23-07-2017,3465.67480
119092,HDFC Money Market Fund - Growth Option - Direct Plan,HDFC Mutual Fund,Open Ended Schemes,Debt Scheme - Money Market Fund,21-07-2017,3464.46340
119092,HDFC Money Market Fund - Growth Option - Direct Plan,HDFC Mutual Fund,Open Ended Schemes,Debt Scheme - Money Market Fund,20-07-2017,3463.82720
119092,HDFC Money Market Fund - Growth Option - Direct Plan,HDFC Mutual Fund,Open Ended Schemes,Debt Scheme - Money Market Fund,19-07-2017,3463.21740
119092,HDFC Money Market Fund - Growth Option - Direct Plan,HDFC Mutual Fund,Open Ended Schemes,Debt Scheme - Money Market Fund,18-07-2017,3462.56990
119092,HDFC Money Market Fund - Growth Option - Direct Plan,HDFC Mutual Fund,Open Ended Schemes,Debt Scheme - Money Market Fund,17-07-2017,3461.95200
119092,HDFC Money Market Fund - Growth Option - Direct Plan,HDFC Mutual Fund,Open Ended Schemes,Debt Scheme - Money Market Fund,16-07-2017,3461.33840
119092,HDFC Money Market Fund - Growth Option - Direct Plan,HDFC Mutual Fund,Open Ended Schemes,Debt Scheme - Money Market Fund,14-07-2017,3460.13910
119092,HDFC Money Market Fund - Growth Option - Direct Plan,HDFC Mutual Fund,Open Ended Schemes,Debt Scheme - Money Market Fund,13-07-2017,3459.52010
119092,HDFC Money Market Fund - Growth Option - Direct Plan,HDFC Mutual Fund,Open Ended Schemes,Debt Scheme - Money Market Fund,12-07-2017,3458.87280
119092,HDFC Money Market Fund - Growth Option - Direct Plan,HDFC Mutual Fund,Open Ended Schemes,Debt Scheme - Money Market Fund,11-07-2017,3458.23670
119092,HDFC Money Market Fund - Growth Option - Direct Plan,HDFC Mutual Fund,Open Ended Schemes,Debt Scheme - Money Market Fund,10-07-2017,3457.63270
119092,HDFC Money Market Fund - Growth Option - Direct Plan,HDFC Mutual Fund,Open Ended Schemes,Debt Scheme - Money Market Fund,09-07-2017,3456.98570
119092,HDFC Money Market Fund - Growth Option - Direct Plan,HDFC Mutual Fund,Open Ended Schemes,Debt Scheme - Money Market Fund,07-07-2017,3455.78090
119092,HDFC Money Market Fund - Growth Option - Direct Plan,HDFC Mutual Fund,Open Ended Schemes,Debt Scheme - Money Market Fund,06-07-2017,3455.11290
119092,HDFC Money Market Fund - Growth Option - Direct Plan,HDFC Mutual Fund,Open Ended Schemes,Debt Scheme - Money Market Fund,05-07-2017,3454.48160
119092,HDFC Money Market Fund - Growth Option - Direct Plan,HDFC Mutual Fund,Open Ended Schemes,Debt Scheme - Money Market Fund,04-07-2017,3453.85920
119092,HDFC Money Market Fund - Growth Option - Direct Plan,HDFC Mutual Fund,Open Ended Schemes,Debt Scheme - Money Market Fund,03-07-2017,3453.20700
119092,HDFC Money Market Fund - Growth Option - Direct Plan,HDFC Mutual Fund,Open Ended Schemes,Debt Scheme - Money Market Fund,02-07-2017,3452.58840
119092,HDFC Money Market Fund - Growth Option - Direct Plan,HDFC Mutual Fund,Open Ended Schemes,Debt Scheme - Money Market Fund,30-06-2017,3451.24600
119092,HDFC Money Market Fund - Growth Option - Direct Plan,HDFC Mutual Fund,Open Ended Schemes,Debt Scheme - Money Market Fund,29-06-2017,3450.57480
119092,HDFC Money Market Fund - Growth Option - Direct Plan,HDFC Mutual Fund,Open Ended Schemes,Debt Scheme - Money Market Fund,28-06-2017,3449.99690
119092,HDFC Money Market Fund - Growth Option - Direct Plan,HDFC Mutual Fund,Open Ended Schemes,Debt Scheme - Money Market Fund,27-06-2017,3449.41140
119092,HDFC Money Market Fund - Growth Option - Direct Plan,HDFC Mutual Fund,Open Ended Schemes,Debt Scheme - Money Market Fund,26-06-2017,3448.79660
119092,HDFC Money Market Fund - Growth Option - Direct Plan,HDFC Mutual Fund,Open Ended Schemes,Debt Scheme - Money Market Fund,23-06-2017,3446.94770
119092,HDFC Money Market Fund - Growth Option - Direct Plan,HDFC Mutual Fund,Open Ended Schemes,Debt Scheme - Money Market Fund,22-06-2017,3446.32780
119092,HDFC Money Market Fund - Growth Option - Direct Plan,HDFC Mutual Fund,Open Ended Schemes,Debt Scheme - Money Market Fund,21-06-2017,3445.72050
119092,HDFC Money Market Fund - Growth Option - Direct Plan,HDFC Mutual Fund,Open Ended Schemes,Debt Scheme - Money Market Fund,20-06-2017,3445.11500
119092,HDFC Money Market Fund - Growth Option - Direct Plan,HDFC Mutual Fund,Open Ended Schemes,Debt Scheme - Money Market Fund,19-06-2017,3444.51650
119092,HDFC Money Market Fund - Growth Option - Direct Plan,HDFC Mutual Fund,Open Ended Schemes,Debt Scheme - Money Market Fund,18-06-2017,3443.90800
119092,HDFC Money Market Fund - Growth Option - Direct Plan,HDFC Mutual Fund,Open Ended Schemes,Debt Scheme - Money Market Fund,16-06-2017,3442.70670
119092,HDFC Money Market Fund - Growth Option - Direct Plan,HDFC Mutual Fund,Open Ended Schemes,Debt Scheme - Money Market Fund,15-06-2017,3442.11030
119092,HDFC Money Market Fund - Growth Option - Direct Plan,HDFC Mutual Fund,Open Ended Schemes,Debt Scheme - Money Market Fund,14-06-2017,3441.50290
119092,HDFC Money Market Fund - Growth Option - Direct Plan,HDFC Mutual Fund,Open Ended Schemes,Debt Scheme - Money Market Fund,13-06-2017,3440.90130
119092,HDFC Money Market Fund - Growth Option - Direct Plan,HDFC Mutual Fund,Open Ended Schemes,Debt Scheme - Money Market Fund,12-06-2017,3440.27250
119092,HDFC Money Market Fund - Growth Option - Direct Plan,HDFC Mutual Fund,Open Ended Schemes,Debt Scheme - Money Market Fund,11-06-2017,3439.68160
119092,HDFC Money Market Fund - Growth Option - Direct Plan,HDFC Mutual Fund,Open Ended Schemes,Debt Scheme - Money Market Fund,09-06-2017,3438.46360
119092,HDFC Money Market Fund - Growth Option - Direct Plan,HDFC Mutual Fund,Open Ended Schemes,Debt Scheme - Money Market Fund,08-06-2017,3437.82950
119092,HDFC Money Market Fund - Growth Option - Direct Plan,HDFC Mutual Fund,Open Ended Schemes,Debt Scheme - Money Market Fund,07-06-2017,3437.21810
119092,HDFC Money Market Fund - Growth Option - Direct Plan,HDFC Mutual Fund,Open Ended Schemes,Debt Scheme - Money Market Fund,06-06-2017,3436.58930
119092,HDFC Money Market Fund - Growth Option - Direct Plan,HDFC Mutual Fund,Open Ended Schemes,Debt Scheme - Money Market Fund,05-06-2017,3436.00530
119092,HDFC Money Market Fund - Growth Option - Direct Plan,HDFC Mutual Fund,Open Ended Schemes,Debt Scheme - Money Market Fund,04-06-2017,3435.39280
119092,HDFC Money Market Fund - Growth Option - Direct Plan,HDFC Mutual Fund,Open Ended Schemes,Debt Scheme - Money Market Fund,02-06-2017,3434.19430
119092,HDFC Money Market Fund - Growth Option - Direct Plan,HDFC Mutual Fund,Open Ended Schemes,Debt Scheme - Money Market Fund,01-06-2017,3433.55700
119092,HDFC Money Market Fund - Growth Option - Direct Plan,HDFC Mutual Fund,Open Ended Schemes,Debt Scheme - Money Market Fund,31-05-2017,3432.94630
119092,HDFC Money Market Fund - Growth Option - Direct Plan,HDFC Mutual Fund,Open Ended Schemes,Debt Scheme - Money Market Fund,30-05-2017,3432.34650
119092,HDFC Money Market Fund - Growth Option - Direct Plan,HDFC Mutual Fund,Open Ended Schemes,Debt Scheme - Money Market Fund,29-05-2017,3431.74490
119092,HDFC Money Market Fund - Growth Option - Direct Plan,HDFC Mutual Fund,Open Ended Schemes,Debt Scheme - Money Market Fund,28-05-2017,3431.14150
119092,HDFC Money Market Fund - Growth Option - Direct Plan,HDFC Mutual Fund,Open Ended Schemes,Debt Scheme - Money Market Fund,26-05-2017,3429.92370
119092,HDFC Money Market Fund - Growth Option - Direct Plan,HDFC Mutual Fund,Open Ended Schemes,Debt Scheme - Money Market Fund,25-05-2017,3429.30810
119092,HDFC Money Market Fund - Growth Option - Direct Plan,HDFC Mutual Fund,Open Ended Schemes,Debt Scheme - Money Market Fund,24-05-2017,3428.69650
119092,HDFC Money Market Fund - Growth Option - Direct Plan,HDFC Mutual Fund,Open Ended Schemes,Debt Scheme - Money Market Fund,23-05-2017,3428.08490
119092,HDFC Money Market Fund - Growth Option - Direct Plan,HDFC Mutual Fund,Open Ended Schemes,Debt Scheme - Money Market Fund,22-05-2017,3427.46390
119092,HDFC Money Market Fund - Growth Option - Direct Plan,HDFC Mutual Fund,Open Ended Schemes,Debt Scheme - Money Market Fund,21-05-2017,3426.85360
119092,HDFC Money Market Fund - Growth Option - Direct Plan,HDFC Mutual Fund,Open Ended Schemes,Debt Scheme - Money Market Fund,19-05-2017,3425.66160
119092,HDFC Money Market Fund - Growth Option - Direct Plan,HDFC Mutual Fund,Open Ended Schemes,Debt Scheme - Money Market Fund,18-05-2017,3425.05380
119092,HDFC Money Market Fund - Growth Option - Direct Plan,HDFC Mutual Fund,Open Ended Schemes,Debt Scheme - Money Market Fund,17-05-2017,3424.44510
119092,HDFC Money Market Fund - Growth Option - Direct Plan,HDFC Mutual Fund,Open Ended Schemes,Debt Scheme - Money Market Fund,16-05-2017,3423.83480
119092,HDFC Money Market Fund - Growth Option - Direct Plan,HDFC Mutual Fund,Open Ended Schemes,Debt Scheme - Money Market Fund,15-05-2017,3423.21620
119092,HDFC Money Market Fund - Growth Option - Direct Plan,HDFC Mutual Fund,Open Ended Schemes,Debt Scheme - Money Market Fund,14-05-2017,3422.61030
119092,HDFC Money Market Fund - Growth Option - Direct Plan,HDFC Mutual Fund,Open Ended Schemes,Debt Scheme - Money Market Fund,12-05-2017,3421.39960
119092,HDFC Money Market Fund - Growth Option - Direct Plan,HDFC Mutual Fund,Open Ended Schemes,Debt Scheme - Money Market Fund,11-05-2017,3420.81100
119092,HDFC Money Market Fund - Growth Option - Direct Plan,HDFC Mutual Fund,Open Ended Schemes,Debt Scheme - Money Market Fund,10-05-2017,3420.19780
119092,HDFC Money Market Fund - Growth Option - Direct Plan,HDFC Mutual Fund,Open Ended Schemes,Debt Scheme - Money Market Fund,09-05-2017,3419.60460
119092,HDFC Money Market Fund - Growth Option - Direct Plan,HDFC Mutual Fund,Open Ended Schemes,Debt Scheme - Money Market Fund,08-05-2017,3419.00120
119092,HDFC Money Market Fund - Growth Option - Direct Plan,HDFC Mutual Fund,Open Ended Schemes,Debt Scheme - Money Market Fund,07-05-2017,3418.39940
119092,HDFC Money Market Fund - Growth Option - Direct Plan,HDFC Mutual Fund,Open Ended Schemes,Debt Scheme - Money Market Fund,05-05-2017,3417.19560
119092,HDFC Money Market Fund - Growth Option - Direct Plan,HDFC Mutual Fund,Open Ended Schemes,Debt Scheme - Money Market Fund,04-05-2017,3416.59070
119092,HDFC Money Market Fund - Growth Option - Direct Plan,HDFC Mutual Fund,Open Ended Schemes,Debt Scheme - Money Market Fund,03-05-2017,3415.99340
119092,HDFC Money Market Fund - Growth Option - Direct Plan,HDFC Mutual Fund,Open Ended Schemes,Debt Scheme - Money Market Fund,02-05-2017,3415.39020
119092,HDFC Money Market Fund - Growth Option - Direct Plan,HDFC Mutual Fund,Open Ended Schemes,Debt Scheme - Money Market Fund,01-05-2017,3414.78700
119092,HDFC Money Market Fund - Growth Option - Direct Plan,HDFC Mutual Fund,Open Ended Schemes,Debt Scheme - Money Market Fund,28-04-2017,3412.94830
119092,HDFC Money Market Fund - Growth Option - Direct Plan,HDFC Mutual Fund,Open Ended Schemes,Debt Scheme - Money Market Fund,27-04-2017,3412.33770
119092,HDFC Money Market Fund - Growth Option - Direct Plan,HDFC Mutual Fund,Open Ended Schemes,Debt Scheme - Money Market Fund,26-04-2017,3411.73950
119092,HDFC Money Market Fund - Growth Option - Direct Plan,HDFC Mutual Fund,Open Ended Schemes,Debt Scheme - Money Market Fund,25-04-2017,3411.16440
119092,HDFC Money Market Fund - Growth Option - Direct Plan,HDFC Mutual Fund,Open Ended Schemes,Debt Scheme - Money Market Fund,24-04-2017,3410.56360
119092,HDFC Money Market Fund - Growth Option - Direct Plan,HDFC Mutual Fund,Open Ended Schemes,Debt Scheme - Money Market Fund,23-04-2017,3409.97170
119092,HDFC Money Market Fund - Growth Option - Direct Plan,HDFC Mutual Fund,Open Ended Schemes,Debt Scheme - Money Market Fund,21-04-2017,3408.75670
119092,HDFC Money Market Fund - Growth Option - Direct Plan,HDFC Mutual Fund,Open Ended Schemes,Debt Scheme - Money Market Fund,20-04-2017,3408.16680
119092,HDFC Money Market Fund - Growth Option - Direct Plan,HDFC Mutual Fund,Open Ended Schemes,Debt Scheme - Money Market Fund,19-04-2017,3407.57160
119092,HDFC Money Market Fund - Growth Option - Direct Plan,HDFC Mutual Fund,Open Ended Schemes,Debt Scheme - Money Market Fund,18-04-2017,3406.97510
119092,HDFC Money Market Fund - Growth Option - Direct Plan,HDFC Mutual Fund,Open Ended Schemes,Debt Scheme - Money Market Fund,17-04-2017,3406.37290
119092,HDFC Money Market Fund - Growth Option - Direct Plan,HDFC Mutual Fund,Open Ended Schemes,Debt Scheme - Money Market Fund,16-04-2017,3405.77590
119092,HDFC Money Market Fund - Growth Option - Direct Plan,HDFC Mutual Fund,Open Ended Schemes,Debt Scheme - Money Market Fund,13-04-2017,3403.86680
119092,HDFC Money Market Fund - Growth Option - Direct Plan,HDFC Mutual Fund,Open Ended Schemes,Debt Scheme - Money Market Fund,12-04-2017,3403.31090
119092,HDFC Money Market Fund - Growth Option - Direct Plan,HDFC Mutual Fund,Open Ended Schemes,Debt Scheme - Money Market Fund,11-04-2017,3402.69460
119092,HDFC Money Market Fund - Growth Option - Direct Plan,HDFC Mutual Fund,Open Ended Schemes,Debt Scheme - Money Market Fund,10-04-2017,3402.07150
119092,HDFC Money Market Fund - Growth Option - Direct Plan,HDFC Mutual Fund,Open Ended Schemes,Debt Scheme - Money Market Fund,09-04-2017,3401.45090
119092,HDFC Money Market Fund - Growth Option - Direct Plan,HDFC Mutual Fund,Open Ended Schemes,Debt Scheme - Money Market Fund,07-04-2017,3400.28000
119092,HDFC Money Market Fund - Growth Option - Direct Plan,HDFC Mutual Fund,Open Ended Schemes,Debt Scheme - Money Market Fund,06-04-2017,3399.69780
119092,HDFC Money Market Fund - Growth Option - Direct Plan,HDFC Mutual Fund,Open Ended Schemes,Debt Scheme - Money Market Fund,05-04-2017,3399.11060
119092,HDFC Money Market Fund - Growth Option - Direct Plan,HDFC Mutual Fund,Open Ended Schemes,Debt Scheme - Money Market Fund,04-04-2017,3398.51210
119092,HDFC Money Market Fund - Growth Option - Direct Plan,HDFC Mutual Fund,Open Ended Schemes,Debt Scheme - Money Market Fund,03-04-2017,3397.92860
119092,HDFC Money Market Fund - Growth Option - Direct Plan,HDFC Mutual Fund,Open Ended Schemes,Debt Scheme - Money Market Fund,02-04-2017,3397.35630
119092,HDFC Money Market Fund - Growth Option - Direct Plan,HDFC Mutual Fund,Open Ended Schemes,Debt Scheme - Money Market Fund,31-03-2017,3395.84710
119092,HDFC Money Market Fund - Growth Option - Direct Plan,HDFC Mutual Fund,Open Ended Schemes,Debt Scheme - Money Market Fund,30-03-2017,3394.88010
119092,HDFC Money Market Fund - Growth Option - Direct Plan,HDFC Mutual Fund,Open Ended Schemes,Debt Scheme - Money Market Fund,29-03-2017,3394.27840
119092,HDFC Money Market Fund - Growth Option - Direct Plan,HDFC Mutual Fund,Open Ended Schemes,Debt Scheme - Money Market Fund,28-03-2017,3393.66170
119092,HDFC Money Market Fund - Growth Option - Direct Plan,HDFC Mutual Fund,Open Ended Schemes,Debt Scheme - Money Market Fund,27-03-2017,3393.07390
119092,HDFC Money Market Fund - Growth Option - Direct Plan,HDFC Mutual Fund,Open Ended Schemes,Debt Scheme - Money Market Fund,26-03-2017,3392.48250
119092,HDFC Money Market Fund - Growth Option - Direct Plan,HDFC Mutual Fund,Open Ended Schemes,Debt Scheme - Money Market Fund,24-03-2017,3391.22720
119092,HDFC Money Market Fund - Growth Option - Direct Plan,HDFC Mutual Fund,Open Ended Schemes,Debt Scheme - Money Market Fund,23-03-2017,3390.62520
119092,HDFC Money Market Fund - Growth Option - Direct Plan,HDFC Mutual Fund,Open Ended Schemes,Debt Scheme - Money Market Fund,22-03-2017,3390.01570
119092,HDFC Money Market Fund - Growth Option - Direct Plan,HDFC Mutual Fund,Open Ended Schemes,Debt Scheme - Money Market Fund,21-03-2017,3389.36050
119092,HDFC Money Market Fund - Growth Option - Direct Plan,HDFC Mutual Fund,Open Ended Schemes,Debt Scheme - Money Market Fund,20-03-2017,3388.69120
119092,HDFC Money Market Fund - Growth Option - Direct Plan,HDFC Mutual Fund,Open Ended Schemes,Debt Scheme - Money Market Fund,19-03-2017,3388.05240
119092,HDFC Money Market Fund - Growth Option - Direct Plan,HDFC Mutual Fund,Open Ended Schemes,Debt Scheme - Money Market Fund,17-03-2017,3386.69850
119092,HDFC Money Market Fund - Growth Option - Direct Plan,HDFC Mutual Fund,Open Ended Schemes,Debt Scheme - Money Market Fund,16-03-2017,3386.10960
119092,HDFC Money Market Fund - Growth Option - Direct Plan,HDFC Mutual Fund,Open Ended Schemes,Debt Scheme - Money Market Fund,15-03-2017,3385.49900
119092,HDFC Money Market Fund - Growth Option - Direct Plan,HDFC Mutual Fund,Open Ended Schemes,Debt Scheme - Money Market Fund,14-03-2017,3384.86970
119092,HDFC Money Market Fund - Growth Option - Direct Plan,HDFC Mutual Fund,Open Ended Schemes,Debt Scheme - Money Market Fund,13-03-2017,3384.28040
119092,HDFC Money Market Fund - Growth Option - Direct Plan,HDFC Mutual Fund,Open Ended Schemes,Debt Scheme - Money Market Fund,10-03-2017,3382.46190
119092,HDFC Money Market Fund - Growth Option - Direct Plan,HDFC Mutual Fund,Open Ended Schemes,Debt Scheme - Money Market Fund,09-03-2017,3381.89490
119092,HDFC Money Market Fund - Growth Option - Direct Plan,HDFC Mutual Fund,Open Ended Schemes,Debt Scheme - Money Market Fund,08-03-2017,3381.32110
119092,HDFC Money Market Fund - Growth Option - Direct Plan,HDFC Mutual Fund,Open Ended Schemes,Debt Scheme - Money Market Fund,07-03-2017,3380.72490
119092,HDFC Money Market Fund - Growth Option - Direct Plan,HDFC Mutual Fund,Open Ended Schemes,Debt Scheme - Money Market Fund,06-03-2017,3380.13100
119092,HDFC Money Market Fund - Growth Option - Direct Plan,HDFC Mutual Fund,Open Ended Schemes,Debt Scheme - Money Market Fund,05-03-2017,3379.55490
119092,HDFC Money Market Fund - Growth Option - Direct Plan,HDFC Mutual Fund,Open Ended Schemes,Debt Scheme - Money Market Fund,03-03-2017,3378.29070
119092,HDFC Money Market Fund - Growth Option - Direct Plan,HDFC Mutual Fund,Open Ended Schemes,Debt Scheme - Money Market Fund,02-03-2017,3377.70130
119092,HDFC Money Market Fund - Growth Option - Direct Plan,HDFC Mutual Fund,Open Ended Schemes,Debt Scheme - Money Market Fund,01-03-2017,3377.10590
119092,HDFC Money Market Fund - Growth Option - Direct Plan,HDFC Mutual Fund,Open Ended Schemes,Debt Scheme - Money Market Fund,28-02-2017,3376.51870
119092,HDFC Money Market Fund - Growth Option - Direct Plan,HDFC Mutual Fund,Open Ended Schemes,Debt Scheme - Money Market Fund,27-02-2017,3375.90590
119092,HDFC Money Market Fund - Growth Option - Direct Plan,HDFC Mutual Fund,Open Ended Schemes,Debt Scheme - Money Market Fund,26-02-2017,3375.28920
119092,HDFC Money Market Fund - Growth Option - Direct Plan,HDFC Mutual Fund,Open Ended Schemes,Debt Scheme - Money Market Fund,23-02-2017,3373.44340
119092,HDFC Money Market Fund - Growth Option - Direct Plan,HDFC Mutual Fund,Open Ended Schemes,Debt Scheme - Money Market Fund,22-02-2017,3372.80980
119092,HDFC Money Market Fund - Growth Option - Direct Plan,HDFC Mutual Fund,Open Ended Schemes,Debt Scheme - Money Market Fund,21-02-2017,3372.19640
119092,HDFC Money Market Fund - Growth Option - Direct Plan,HDFC Mutual Fund,Open Ended Schemes,Debt Scheme - Money Market Fund,20-02-2017,3371.59290
119092,HDFC Money Market Fund - Growth Option - Direct Plan,HDFC Mutual Fund,Open Ended Schemes,Debt Scheme - Money Market Fund,19-02-2017,3370.99160
119092,HDFC Money Market Fund - Growth Option - Direct Plan,HDFC Mutual Fund,Open Ended Schemes,Debt Scheme - Money Market Fund,17-02-2017,3369.78840
119092,HDFC Money Market Fund - Growth Option - Direct Plan,HDFC Mutual Fund,Open Ended Schemes,Debt Scheme - Money Market Fund,16-02-2017,3369.13930
119092,HDFC Money Market Fund - Growth Option - Direct Plan,HDFC Mutual Fund,Open Ended Schemes,Debt Scheme - Money Market Fund,15-02-2017,3368.53950
119092,HDFC Money Market Fund - Growth Option - Direct Plan,HDFC Mutual Fund,Open Ended Schemes,Debt Scheme - Money Market Fund,14-02-2017,3367.92340
119092,HDFC Money Market Fund - Growth Option - Direct Plan,HDFC Mutual Fund,Open Ended Schemes,Debt Scheme - Money Market Fund,13-02-2017,3367.29510
119092,HDFC Money Market Fund - Growth Option - Direct Plan,HDFC Mutual Fund,Open Ended Schemes,Debt Scheme - Money Market Fund,12-02-2017,3366.66530
119092,HDFC Money Market Fund - Growth Option - Direct Plan,HDFC Mutual Fund,Open Ended Schemes,Debt Scheme - Money Market Fund,10-02-2017,3365.41490
119092,HDFC Money Market Fund - Growth Option - Direct Plan,HDFC Mutual Fund,Open Ended Schemes,Debt Scheme - Money Market Fund,09-02-2017,3364.79570
119092,HDFC Money Market Fund - Growth Option - Direct Plan,HDFC Mutual Fund,Open Ended Schemes,Debt Scheme - Money Market Fund,08-02-2017,3364.19480
119092,HDFC Money Market Fund - Growth Option - Direct Plan,HDFC Mutual Fund,Open Ended Schemes,Debt Scheme - Money Market Fund,07-02-2017,3363.83160
119092,HDFC Money Market Fund - Growth Option - Direct Plan,HDFC Mutual Fund,Open Ended Schemes,Debt Scheme - Money Market Fund,06-02-2017,3363.23560
119092,HDFC Money Market Fund - Growth Option - Direct Plan,HDFC Mutual Fund,Open Ended Schemes,Debt Scheme - Money Market Fund,05-02-2017,3362.63270
119092,HDFC Money Market Fund - Growth Option - Direct Plan,HDFC Mutual Fund,Open Ended Schemes,Debt Scheme - Money Market Fund,03-02-2017,3361.38760
119092,HDFC Money Market Fund - Growth Option - Direct Plan,HDFC Mutual Fund,Open Ended Schemes,Debt Scheme - Money Market Fund,02-02-2017,3360.75520
119092,HDFC Money Market Fund - Growth Option - Direct Plan,HDFC Mutual Fund,Open Ended Schemes,Debt Scheme - Money Market Fund,01-02-2017,3360.15530
119092,HDFC Money Market Fund - Growth Option - Direct Plan,HDFC Mutual Fund,Open Ended Schemes,Debt Scheme - Money Market Fund,31-01-2017,3359.53640
119092,HDFC Money Market Fund - Growth Option - Direct Plan,HDFC Mutual Fund,Open Ended Schemes,Debt Scheme - Money Market Fund,30-01-2017,3358.92660
119092,HDFC Money Market Fund - Growth Option - Direct Plan,HDFC Mutual Fund,Open Ended Schemes,Debt Scheme - Money Market Fund,29-01-2017,3358.31870
119092,HDFC Money Market Fund - Growth Option - Direct Plan,HDFC Mutual Fund,Open Ended Schemes,Debt Scheme - Money Market Fund,27-01-2017,3357.11710
119092,HDFC Money Market Fund - Growth Option - Direct Plan,HDFC Mutual Fund,Open Ended Schemes,Debt Scheme - Money Market Fund,26-01-2017,3356.51870
119092,HDFC Money Market Fund - Growth Option - Direct Plan,HDFC Mutual Fund,Open Ended Schemes,Debt Scheme - Money Market Fund,25-01-2017,3355.88440
119092,HDFC Money Market Fund - Growth Option - Direct Plan,HDFC Mutual Fund,Open Ended Schemes,Debt Scheme - Money Market Fund,24-01-2017,3355.33100
119092,HDFC Money Market Fund - Growth Option - Direct Plan,HDFC Mutual Fund,Open Ended Schemes,Debt Scheme - Money Market Fund,23-01-2017,3354.72810
119092,HDFC Money Market Fund - Growth Option - Direct Plan,HDFC Mutual Fund,Open Ended Schemes,Debt Scheme - Money Market Fund,22-01-2017,3354.13070
119092,HDFC Money Market Fund - Growth Option - Direct Plan,HDFC Mutual Fund,Open Ended Schemes,Debt Scheme - Money Market Fund,20-01-2017,3352.91190
119092,HDFC Money Market Fund - Growth Option - Direct Plan,HDFC Mutual Fund,Open Ended Schemes,Debt Scheme - Money Market Fund,19-01-2017,3352.31530
119092,HDFC Money Market Fund - Growth Option - Direct Plan,HDFC Mutual Fund,Open Ended Schemes,Debt Scheme - Money Market Fund,18-01-2017,3351.71460
119092,HDFC Money Market Fund - Growth Option - Direct Plan,HDFC Mutual Fund,Open Ended Schemes,Debt Scheme - Money Market Fund,17-01-2017,3351.10520
119092,HDFC Money Market Fund - Growth Option - Direct Plan,HDFC Mutual Fund,Open Ended Schemes,Debt Scheme - Money Market Fund,16-01-2017,3350.51950
119092,HDFC Money Market Fund - Growth Option - Direct Plan,HDFC Mutual Fund,Open Ended Schemes,Debt Scheme - Money Market Fund,15-01-2017,3349.92920
119092,HDFC Money Market Fund - Growth Option - Direct Plan,HDFC Mutual Fund,Open Ended Schemes,Debt Scheme - Money Market Fund,13-01-2017,3348.73210
119092,HDFC Money Market Fund - Growth Option - Direct Plan,HDFC Mutual Fund,Open Ended Schemes,Debt Scheme - Money Market Fund,12-01-2017,3348.13440
119092,HDFC Money Market Fund - Growth Option - Direct Plan,HDFC Mutual Fund,Open Ended Schemes,Debt Scheme - Money Market Fund,11-01-2017,3347.54910
119092,HDFC Money Market Fund - Growth Option - Direct Plan,HDFC Mutual Fund,Open Ended Schemes,Debt Scheme - Money Market Fund,10-01-2017,3346.97520
119092,HDFC Money Market Fund - Growth Option - Direct Plan,HDFC Mutual Fund,Open Ended Schemes,Debt Scheme - Money Market Fund,09-01-2017,3346.38570
119092,HDFC Money Market Fund - Growth Option - Direct Plan,HDFC Mutual Fund,Open Ended Schemes,Debt Scheme - Money Market Fund,08-01-2017,3345.80060
119092,HDFC Money Market Fund - Growth Option - Direct Plan,HDFC Mutual Fund,Open Ended Schemes,Debt Scheme - Money Market Fund,06-01-2017,3344.63770
119092,HDFC Money Market Fund - Growth Option - Direct Plan,HDFC Mutual Fund,Open Ended Schemes,Debt Scheme - Money Market Fund,05-01-2017,3344.03320
119092,HDFC Money Market Fund - Growth Option - Direct Plan,HDFC Mutual Fund,Open Ended Schemes,Debt Scheme - Money Market Fund,04-01-2017,3343.45040
119092,HDFC Money Market Fund - Growth Option - Direct Plan,HDFC Mutual Fund,Open Ended Schemes,Debt Scheme - Money Market Fund,03-01-2017,3342.85810
119092,HDFC Money Market Fund - Growth Option - Direct Plan,HDFC Mutual Fund,Open Ended Schemes,Debt Scheme - Money Market Fund,02-01-2017,3342.24680
119092,HDFC Money Market Fund - Growth Option - Direct Plan,HDFC Mutual Fund,Open Ended Schemes,Debt Scheme - Money Market Fund,01-01-2017,3341.62610
119092,HDFC Money Market Fund - Growth Option - Direct Plan,HDFC Mutual Fund,Open Ended Schemes,Debt Scheme - Money Market Fund,30-12-2016,3340.38310
119092,HDFC Money Market Fund - Growth Option - Direct Plan,HDFC Mutual Fund,Open Ended Schemes,Debt Scheme - Money Market Fund,29-12-2016,3339.70570
119092,HDFC Money Market Fund - Growth Option - Direct Plan,HDFC Mutual Fund,Open Ended Schemes,Debt Scheme - Money Market Fund,28-12-2016,3339.10870
119092,HDFC Money Market Fund - Growth Option - Direct Plan,HDFC Mutual Fund,Open Ended Schemes,Debt Scheme - Money Market Fund,27-12-2016,3338.47420
119092,HDFC Money Market Fund - Growth Option - Direct Plan,HDFC Mutual Fund,Open Ended Schemes,Debt Scheme - Money Market Fund,26-12-2016,3337.88440
119092,HDFC Money Market Fund - Growth Option - Direct Plan,HDFC Mutual Fund,Open Ended Schemes,Debt Scheme - Money Market Fund,25-12-2016,3337.30360
119092,HDFC Money Market Fund - Growth Option - Direct Plan,HDFC Mutual Fund,Open Ended Schemes,Debt Scheme - Money Market Fund,23-12-2016,3335.94150
119092,HDFC Money Market Fund - Growth Option - Direct Plan,HDFC Mutual Fund,Open Ended Schemes,Debt Scheme - Money Market Fund,22-12-2016,3335.48220
119092,HDFC Money Market Fund - Growth Option - Direct Plan,HDFC Mutual Fund,Open Ended Schemes,Debt Scheme - Money Market Fund,21-12-2016,3334.93950
119092,HDFC Money Market Fund - Growth Option - Direct Plan,HDFC Mutual Fund,Open Ended Schemes,Debt Scheme - Money Market Fund,20-12-2016,3334.36490
119092,HDFC Money Market Fund - Growth Option - Direct Plan,HDFC Mutual Fund,Open Ended Schemes,Debt Scheme - Money Market Fund,19-12-2016,3333.76580
119092,HDFC Money Market Fund - Growth Option - Direct Plan,HDFC Mutual Fund,Open Ended Schemes,Debt Scheme - Money Market Fund,18-12-2016,3333.20200
119092,HDFC Money Market Fund - Growth Option - Direct Plan,HDFC Mutual Fund,Open Ended Schemes,Debt Scheme - Money Market Fund,16-12-2016,3331.93110
119092,HDFC Money Market Fund - Growth Option - Direct Plan,HDFC Mutual Fund,Open Ended Schemes,Debt Scheme - Money Market Fund,15-12-2016,3331.44810
119092,HDFC Money Market Fund - Growth Option - Direct Plan,HDFC Mutual Fund,Open Ended Schemes,Debt Scheme - Money Market Fund,14-12-2016,3330.84990
119092,HDFC Money Market Fund - Growth Option - Direct Plan,HDFC Mutual Fund,Open Ended Schemes,Debt Scheme - Money Market Fund,13-12-2016,3330.21770
119092,HDFC Money Market Fund - Growth Option - Direct Plan,HDFC Mutual Fund,Open Ended Schemes,Debt Scheme - Money Market Fund,12-12-2016,3329.60990
119092,HDFC Money Market Fund - Growth Option - Direct Plan,HDFC Mutual Fund,Open Ended Schemes,Debt Scheme - Money Market Fund,09-12-2016,3327.87210
119092,HDFC Money Market Fund - Growth Option - Direct Plan,HDFC Mutual Fund,Open Ended Schemes,Debt Scheme - Money Market Fund,08-12-2016,3327.20600
119092,HDFC Money Market Fund - Growth Option - Direct Plan,HDFC Mutual Fund,Open Ended Schemes,Debt Scheme - Money Market Fund,07-12-2016,3326.62820
119092,HDFC Money Market Fund - Growth Option - Direct Plan,HDFC Mutual Fund,Open Ended Schemes,Debt Scheme - Money Market Fund,06-12-2016,3326.52410
119092,HDFC Money Market Fund - Growth Option - Direct Plan,HDFC Mutual Fund,Open Ended Schemes,Debt Scheme - Money Market Fund,05-12-2016,3325.93630
119092,HDFC Money Market Fund - Growth Option - Direct Plan,HDFC Mutual Fund,Open Ended Schemes,Debt Scheme - Money Market Fund,04-12-2016,3325.30680
119092,HDFC Money Market Fund - Growth Option - Direct Plan,HDFC Mutual Fund,Open Ended Schemes,Debt Scheme - Money Market Fund,02-12-2016,3324.09100
119092,HDFC Money Market Fund - Growth Option - Direct Plan,HDFC Mutual Fund,Open Ended Schemes,Debt Scheme - Money Market Fund,01-12-2016,3323.76850
119092,HDFC Money Market Fund - Growth Option - Direct Plan,HDFC Mutual Fund,Open Ended Schemes,Debt Scheme - Money Market Fund,30-11-2016,3323.18300
119092,HDFC Money Market Fund - Growth Option - Direct Plan,HDFC Mutual Fund,Open Ended Schemes,Debt Scheme - Money Market Fund,29-11-2016,3322.54910
119092,HDFC Money Market Fund - Growth Option - Direct Plan,HDFC Mutual Fund,Open Ended Schemes,Debt Scheme - Money Market Fund,28-11-2016,3321.95330
119092,HDFC Money Market Fund - Growth Option - Direct Plan,HDFC Mutual Fund,Open Ended Schemes,Debt Scheme - Money Market Fund,27-11-2016,3321.47270
119092,HDFC Money Market Fund - Growth Option - Direct Plan,HDFC Mutual Fund,Open Ended Schemes,Debt Scheme - Money Market Fund,25-11-2016,3320.28450
119092,HDFC Money Market Fund - Growth Option - Direct Plan,HDFC Mutual Fund,Open Ended Schemes,Debt Scheme - Money Market Fund,24-11-2016,3319.76740
119092,HDFC Money Market Fund - Growth Option - Direct Plan,HDFC Mutual Fund,Open Ended Schemes,Debt Scheme - Money Market Fund,23-11-2016,3318.94760
119092,HDFC Money Market Fund - Growth Option - Direct Plan,HDFC Mutual Fund,Open Ended Schemes,Debt Scheme - Money Market Fund,22-11-2016,3318.31990
119092,HDFC Money Market Fund - Growth Option - Direct Plan,HDFC Mutual Fund,Open Ended Schemes,Debt Scheme - Money Market Fund,21-11-2016,3317.70770
119092,HDFC Money Market Fund - Growth Option - Direct Plan,HDFC Mutual Fund,Open Ended Schemes,Debt Scheme - Money Market Fund,20-11-2016,3317.07680
119092,HDFC Money Market Fund - Growth Option - Direct Plan,HDFC Mutual Fund,Open Ended Schemes,Debt Scheme - Money Market Fund,18-11-2016,3315.83300
119092,HDFC Money Market Fund - Growth Option - Direct Plan,HDFC Mutual Fund,Open Ended Schemes,Debt Scheme - Money Market Fund,17-11-2016,3315.22360
119092,HDFC Money Market Fund - Growth Option - Direct Plan,HDFC Mutual Fund,Open Ended Schemes,Debt Scheme - Money Market Fund,16-11-2016,3314.60590
119092,HDFC Money Market Fund - Growth Option - Direct Plan,HDFC Mutual Fund,Open Ended Schemes,Debt Scheme - Money Market Fund,15-11-2016,3313.96080
119092,HDFC Money Market Fund - Growth Option - Direct Plan,HDFC Mutual Fund,Open Ended Schemes,Debt Scheme - Money Market Fund,14-11-2016,3313.26320
119092,HDFC Money Market Fund - Growth Option - Direct Plan,HDFC Mutual Fund,Open Ended Schemes,Debt Scheme - Money Market Fund,11-11-2016,3311.42060
119092,HDFC Money Market Fund - Growth Option - Direct Plan,HDFC Mutual Fund,Open Ended Schemes,Debt Scheme - Money Market Fund,10-11-2016,3310.79850
119092,HDFC Money Market Fund - Growth Option - Direct Plan,HDFC Mutual Fund,Open Ended Schemes,Debt Scheme - Money Market Fund,09-11-2016,3310.18410
119092,HDFC Money Market Fund - Growth Option - Direct Plan,HDFC Mutual Fund,Open Ended Schemes,Debt Scheme - Money Market Fund,08-11-2016,3309.56800
119092,HDFC Money Market Fund - Growth Option - Direct Plan,HDFC Mutual Fund,Open Ended Schemes,Debt Scheme - Money Market Fund,07-11-2016,3308.95680
119092,HDFC Money Market Fund - Growth Option - Direct Plan,HDFC Mutual Fund,Open Ended Schemes,Debt Scheme - Money Market Fund,06-11-2016,3308.34600
119092,HDFC Money Market Fund - Growth Option - Direct Plan,HDFC Mutual Fund,Open Ended Schemes,Debt Scheme - Money Market Fund,04-11-2016,3307.11950
119092,HDFC Money Market Fund - Growth Option - Direct Plan,HDFC Mutual Fund,Open Ended Schemes,Debt Scheme - Money Market Fund,03-11-2016,3306.50540
119092,HDFC Money Market Fund - Growth Option - Direct Plan,HDFC Mutual Fund,Open Ended Schemes,Debt Scheme - Money Market Fund,02-11-2016,3305.89020
119092,HDFC Money Market Fund - Growth Option - Direct Plan,HDFC Mutual Fund,Open Ended Schemes,Debt Scheme - Money Market Fund,01-11-2016,3305.27660
119092,HDFC Money Market Fund - Growth Option - Direct Plan,HDFC Mutual Fund,Open Ended Schemes,Debt Scheme - Money Market Fund,31-10-2016,3304.65730
119092,HDFC Money Market Fund - Growth Option - Direct Plan,HDFC Mutual Fund,Open Ended Schemes,Debt Scheme - Money Market Fund,28-10-2016,3302.82250
119092,HDFC Money Market Fund - Growth Option - Direct Plan,HDFC Mutual Fund,Open Ended Schemes,Debt Scheme - Money Market Fund,27-10-2016,3302.20250
119092,HDFC Money Market Fund - Growth Option - Direct Plan,HDFC Mutual Fund,Open Ended Schemes,Debt Scheme - Money Market Fund,26-10-2016,3301.59580
119092,HDFC Money Market Fund - Growth Option - Direct Plan,HDFC Mutual Fund,Open Ended Schemes,Debt Scheme - Money Market Fund,25-10-2016,3300.98630
119092,HDFC Money Market Fund - Growth Option - Direct Plan,HDFC Mutual Fund,Open Ended Schemes,Debt Scheme - Money Market Fund,24-10-2016,3300.37700
119092,HDFC Money Market Fund - Growth Option - Direct Plan,HDFC Mutual Fund,Open Ended Schemes,Debt Scheme - Money Market Fund,23-10-2016,3299.76590
119092,HDFC Money Market Fund - Growth Option - Direct Plan,HDFC Mutual Fund,Open Ended Schemes,Debt Scheme - Money Market Fund,21-10-2016,3298.51550
119092,HDFC Money Market Fund - Growth Option - Direct Plan,HDFC Mutual Fund,Open Ended Schemes,Debt Scheme - Money Market Fund,20-10-2016,3297.95550
119092,HDFC Money Market Fund - Growth Option - Direct Plan,HDFC Mutual Fund,Open Ended Schemes,Debt Scheme - Money Market Fund,19-10-2016,3297.34960
119092,HDFC Money Market Fund - Growth Option - Direct Plan,HDFC Mutual Fund,Open Ended Schemes,Debt Scheme - Money Market Fund,18-10-2016,3296.74420
119092,HDFC Money Market Fund - Growth Option - Direct Plan,HDFC Mutual Fund,Open Ended Schemes,Debt Scheme - Money Market Fund,17-10-2016,3296.13790
119092,HDFC Money Market Fund - Growth Option - Direct Plan,HDFC Mutual Fund,Open Ended Schemes,Debt Scheme - Money Market Fund,16-10-2016,3295.52880
119092,HDFC Money Market Fund - Growth Option - Direct Plan,HDFC Mutual Fund,Open Ended Schemes,Debt Scheme - Money Market Fund,14-10-2016,3294.23760
119092,HDFC Money Market Fund - Growth Option - Direct Plan,HDFC Mutual Fund,Open Ended Schemes,Debt Scheme - Money Market Fund,13-10-2016,3293.68620
119092,HDFC Money Market Fund - Growth Option - Direct Plan,HDFC Mutual Fund,Open Ended Schemes,Debt Scheme - Money Market Fund,12-10-2016,3293.07180
119092,HDFC Money Market Fund - Growth Option - Direct Plan,HDFC Mutual Fund,Open Ended Schemes,Debt Scheme - Money Market Fund,10-10-2016,3291.88920
119092,HDFC Money Market Fund - Growth Option - Direct Plan,HDFC Mutual Fund,Open Ended Schemes,Debt Scheme - Money Market Fund,09-10-2016,3291.30160
119092,HDFC Money Market Fund - Growth Option - Direct Plan,HDFC Mutual Fund,Open Ended Schemes,Debt Scheme - Money Market Fund,07-10-2016,3290.07180
119092,HDFC Money Market Fund - Growth Option - Direct Plan,HDFC Mutual Fund,Open Ended Schemes,Debt Scheme - Money Market Fund,06-10-2016,3289.45480
119092,HDFC Money Market Fund - Growth Option - Direct Plan,HDFC Mutual Fund,Open Ended Schemes,Debt Scheme - Money Market Fund,05-10-2016,3288.83410
119092,HDFC Money Market Fund - Growth Option - Direct Plan,HDFC Mutual Fund,Open Ended Schemes,Debt Scheme - Money Market Fund,04-10-2016,3288.21730
119092,HDFC Money Market Fund - Growth Option - Direct Plan,HDFC Mutual Fund,Open Ended Schemes,Debt Scheme - Money Market Fund,03-10-2016,3287.59740
119092,HDFC Money Market Fund - Growth Option - Direct Plan,HDFC Mutual Fund,Open Ended Schemes,Debt Scheme - Money Market Fund,02-10-2016,3286.98400
119092,HDFC Money Market Fund - Growth Option - Direct Plan,HDFC Mutual Fund,Open Ended Schemes,Debt Scheme - Money Market Fund,30-09-2016,3285.57180
119092,HDFC Money Market Fund - Growth Option - Direct Plan,HDFC Mutual Fund,Open Ended Schemes,Debt Scheme - Money Market Fund,29-09-2016,3284.76430
119092,HDFC Money Market Fund - Growth Option - Direct Plan,HDFC Mutual Fund,Open Ended Schemes,Debt Scheme - Money Market Fund,28-09-2016,3284.16690
119092,HDFC Money Market Fund - Growth Option - Direct Plan,HDFC Mutual Fund,Open Ended Schemes,Debt Scheme - Money Market Fund,27-09-2016,3283.55180
119092,HDFC Money Market Fund - Growth Option - Direct Plan,HDFC Mutual Fund,Open Ended Schemes,Debt Scheme - Money Market Fund,26-09-2016,3282.94080
119092,HDFC Money Market Fund - Growth Option - Direct Plan,HDFC Mutual Fund,Open Ended Schemes,Debt Scheme - Money Market Fund,25-09-2016,3282.34370
119092,HDFC Money Market Fund - Growth Option - Direct Plan,HDFC Mutual Fund,Open Ended Schemes,Debt Scheme - Money Market Fund,23-09-2016,3281.10540
119092,HDFC Money Market Fund - Growth Option - Direct Plan,HDFC Mutual Fund,Open Ended Schemes,Debt Scheme - Money Market Fund,22-09-2016,3280.48140
119092,HDFC Money Market Fund - Growth Option - Direct Plan,HDFC Mutual Fund,Open Ended Schemes,Debt Scheme - Money Market Fund,21-09-2016,3279.87600
119092,HDFC Money Market Fund - Growth Option - Direct Plan,HDFC Mutual Fund,Open Ended Schemes,Debt Scheme - Money Market Fund,20-09-2016,3279.27520
119092,HDFC Money Market Fund - Growth Option - Direct Plan,HDFC Mutual Fund,Open Ended Schemes,Debt Scheme - Money Market Fund,19-09-2016,3278.66300
119092,HDFC Money Market Fund - Growth Option - Direct Plan,HDFC Mutual Fund,Open Ended Schemes,Debt Scheme - Money Market Fund,18-09-2016,3278.05210
119092,HDFC Money Market Fund - Growth Option - Direct Plan,HDFC Mutual Fund,Open Ended Schemes,Debt Scheme - Money Market Fund,16-09-2016,3276.80100
119092,HDFC Money Market Fund - Growth Option - Direct Plan,HDFC Mutual Fund,Open Ended Schemes,Debt Scheme - Money Market Fund,15-09-2016,3276.20650
119092,HDFC Money Market Fund - Growth Option - Direct Plan,HDFC Mutual Fund,Open Ended Schemes,Debt Scheme - Money Market Fund,14-09-2016,3275.59360
119092,HDFC Money Market Fund - Growth Option - Direct Plan,HDFC Mutual Fund,Open Ended Schemes,Debt Scheme - Money Market Fund,13-09-2016,3274.97090
119092,HDFC Money Market Fund - Growth Option - Direct Plan,HDFC Mutual Fund,Open Ended Schemes,Debt Scheme - Money Market Fund,12-09-2016,3274.36420
119092,HDFC Money Market Fund - Growth Option - Direct Plan,HDFC Mutual Fund,Open Ended Schemes,Debt Scheme - Money Market Fund,11-09-2016,3273.74810
119092,HDFC Money Market Fund - Growth Option - Direct Plan,HDFC Mutual Fund,Open Ended Schemes,Debt Scheme - Money Market Fund,09-09-2016,3272.51270
119092,HDFC Money Market Fund - Growth Option - Direct Plan,HDFC Mutual Fund,Open Ended Schemes,Debt Scheme - Money Market Fund,08-09-2016,3271.93330
119092,HDFC Money Market Fund - Growth Option - Direct Plan,HDFC Mutual Fund,Open Ended Schemes,Debt Scheme - Money Market Fund,07-09-2016,3271.32710
119092,HDFC Money Market Fund - Growth Option - Direct Plan,HDFC Mutual Fund,Open Ended Schemes,Debt Scheme - Money Market Fund,06-09-2016,3270.71480
119092,HDFC Money Market Fund - Growth Option - Direct Plan,HDFC Mutual Fund,Open Ended Schemes,Debt Scheme - Money Market Fund,05-09-2016,3270.10440
119092,HDFC Money Market Fund - Growth Option - Direct Plan,HDFC Mutual Fund,Open Ended Schemes,Debt Scheme - Money Market Fund,02-09-2016,3268.22190
119092,HDFC Money Market Fund - Growth Option - Direct Plan,HDFC Mutual Fund,Open Ended Schemes,Debt Scheme - Money Market Fund,01-09-2016,3267.61270
119092,HDFC Money Market Fund - Growth Option - Direct Plan,HDFC Mutual Fund,Open Ended Schemes,Debt Scheme - Money Market Fund,31-08-2016,3267.01600
119092,HDFC Money Market Fund - Growth Option - Direct Plan,HDFC Mutual Fund,Open Ended Schemes,Debt Scheme - Money Market Fund,30-08-2016,3266.38620
119092,HDFC Money Market Fund - Growth Option - Direct Plan,HDFC Mutual Fund,Open Ended Schemes,Debt Scheme - Money Market Fund,29-08-2016,3265.80520
119092,HDFC Money Market Fund - Growth Option - Direct Plan,HDFC Mutual Fund,Open Ended Schemes,Debt Scheme - Money Market Fund,28-08-2016,3265.19350
119092,HDFC Money Market Fund - Growth Option - Direct Plan,HDFC Mutual Fund,Open Ended Schemes,Debt Scheme - Money Market Fund,26-08-2016,3263.96160
119092,HDFC Money Market Fund - Growth Option - Direct Plan,HDFC Mutual Fund,Open Ended Schemes,Debt Scheme - Money Market Fund,25-08-2016,3263.32650
119092,HDFC Money Market Fund - Growth Option - Direct Plan,HDFC Mutual Fund,Open Ended Schemes,Debt Scheme - Money Market Fund,24-08-2016,3262.71010
119092,HDFC Money Market Fund - Growth Option - Direct Plan,HDFC Mutual Fund,Open Ended Schemes,Debt Scheme - Money Market Fund,23-08-2016,3262.09140
119092,HDFC Money Market Fund - Growth Option - Direct Plan,HDFC Mutual Fund,Open Ended Schemes,Debt Scheme - Money Market Fund,22-08-2016,3261.47350
119092,HDFC Money Market Fund - Growth Option - Direct Plan,HDFC Mutual Fund,Open Ended Schemes,Debt Scheme - Money Market Fund,21-08-2016,3260.85260
119092,HDFC Money Market Fund - Growth Option - Direct Plan,HDFC Mutual Fund,Open Ended Schemes,Debt Scheme - Money Market Fund,19-08-2016,3259.59580
119092,HDFC Money Market Fund - Growth Option - Direct Plan,HDFC Mutual Fund,Open Ended Schemes,Debt Scheme - Money Market Fund,18-08-2016,3258.96760
119092,HDFC Money Market Fund - Growth Option - Direct Plan,HDFC Mutual Fund,Open Ended Schemes,Debt Scheme - Money Market Fund,17-08-2016,3258.34930
119092,HDFC Money Market Fund - Growth Option - Direct Plan,HDFC Mutual Fund,Open Ended Schemes,Debt Scheme - Money Market Fund,16-08-2016,3257.73610
119092,HDFC Money Market Fund - Growth Option - Direct Plan,HDFC Mutual Fund,Open Ended Schemes,Debt Scheme - Money Market Fund,15-08-2016,3257.11090
119092,HDFC Money Market Fund - Growth Option - Direct Plan,HDFC Mutual Fund,Open Ended Schemes,Debt Scheme - Money Market Fund,12-08-2016,3255.18900
119092,HDFC Money Market Fund - Growth Option - Direct Plan,HDFC Mutual Fund,Open Ended Schemes,Debt Scheme - Money Market Fund,11-08-2016,3254.58850
119092,HDFC Money Market Fund - Growth Option - Direct Plan,HDFC Mutual Fund,Open Ended Schemes,Debt Scheme - Money Market Fund,10-08-2016,3253.93740
119092,HDFC Money Market Fund - Growth Option - Direct Plan,HDFC Mutual Fund,Open Ended Schemes,Debt Scheme - Money Market Fund,09-08-2016,3253.33840
119092,HDFC Money Market Fund - Growth Option - Direct Plan,HDFC Mutual Fund,Open Ended Schemes,Debt Scheme - Money Market Fund,08-08-2016,3252.71270
119092,HDFC Money Market Fund - Growth Option - Direct Plan,HDFC Mutual Fund,Open Ended Schemes,Debt Scheme - Money Market Fund,07-08-2016,3252.07190
119092,HDFC Money Market Fund - Growth Option - Direct Plan,HDFC Mutual Fund,Open Ended Schemes,Debt Scheme - Money Market Fund,05-08-2016,3250.79340
119092,HDFC Money Market Fund - Growth Option - Direct Plan,HDFC Mutual Fund,Open Ended Schemes,Debt Scheme - Money Market Fund,04-08-2016,3250.16900
119092,HDFC Money Market Fund - Growth Option - Direct Plan,HDFC Mutual Fund,Open Ended Schemes,Debt Scheme - Money Market Fund,03-08-2016,3249.55710
119092,HDFC Money Market Fund - Growth Option - Direct Plan,HDFC Mutual Fund,Open Ended Schemes,Debt Scheme - Money Market Fund,02-08-2016,3248.86410
119092,HDFC Money Market Fund - Growth Option - Direct Plan,HDFC Mutual Fund,Open Ended Schemes,Debt Scheme - Money Market Fund,01-08-2016,3248.24770
119092,HDFC Money Market Fund - Growth Option - Direct Plan,HDFC Mutual Fund,Open Ended Schemes,Debt Scheme - Money Market Fund,31-07-2016,3247.62690
119092,HDFC Money Market Fund - Growth Option - Direct Plan,HDFC Mutual Fund,Open Ended Schemes,Debt Scheme - Money Market Fund,29-07-2016,3246.41860
119092,HDFC Money Market Fund - Growth Option - Direct Plan,HDFC Mutual Fund,Open Ended Schemes,Debt Scheme - Money Market Fund,28-07-2016,3245.79310
119092,HDFC Money Market Fund - Growth Option - Direct Plan,HDFC Mutual Fund,Open Ended Schemes,Debt Scheme - Money Market Fund,27-07-2016,3245.14980
119092,HDFC Money Market Fund - Growth Option - Direct Plan,HDFC Mutual Fund,Open Ended Schemes,Debt Scheme - Money Market Fund,26-07-2016,3244.51380
119092,HDFC Money Market Fund - Growth Option - Direct Plan,HDFC Mutual Fund,Open Ended Schemes,Debt Scheme - Money Market Fund,25-07-2016,3243.86990
119092,HDFC Money Market Fund - Growth Option - Direct Plan,HDFC Mutual Fund,Open Ended Schemes,Debt Scheme - Money Market Fund,24-07-2016,3243.24290
119092,HDFC Money Market Fund - Growth Option - Direct Plan,HDFC Mutual Fund,Open Ended Schemes,Debt Scheme - Money Market Fund,22-07-2016,3241.97220
119092,HDFC Money Market Fund - Growth Option - Direct Plan,HDFC Mutual Fund,Open Ended Schemes,Debt Scheme - Money Market Fund,21-07-2016,3241.33240
119092,HDFC Money Market Fund - Growth Option - Direct Plan,HDFC Mutual Fund,Open Ended Schemes,Debt Scheme - Money Market Fund,20-07-2016,3240.69320
119092,HDFC Money Market Fund - Growth Option - Direct Plan,HDFC Mutual Fund,Open Ended Schemes,Debt Scheme - Money Market Fund,19-07-2016,3240.05090
119092,HDFC Money Market Fund - Growth Option - Direct Plan,HDFC Mutual Fund,Open Ended Schemes,Debt Scheme - Money Market Fund,18-07-2016,3239.41800
119092,HDFC Money Market Fund - Growth Option - Direct Plan,HDFC Mutual Fund,Open Ended Schemes,Debt Scheme - Money Market Fund,17-07-2016,3238.78070
119092,HDFC Money Market Fund - Growth Option - Direct Plan,HDFC Mutual Fund,Open Ended Schemes,Debt Scheme - Money Market Fund,15-07-2016,3237.49480
119092,HDFC Money Market Fund - Growth Option - Direct Plan,HDFC Mutual Fund,Open Ended Schemes,Debt Scheme - Money Market Fund,14-07-2016,3236.83380
119092,HDFC Money Market Fund - Growth Option - Direct Plan,HDFC Mutual Fund,Open Ended Schemes,Debt Scheme - Money Market Fund,13-07-2016,3236.13540
119092,HDFC Money Market Fund - Growth Option - Direct Plan,HDFC Mutual Fund,Open Ended Schemes,Debt Scheme - Money Market Fund,12-07-2016,3235.47890
119092,HDFC Money Market Fund - Growth Option - Direct Plan,HDFC Mutual Fund,Open Ended Schemes,Debt Scheme - Money Market Fund,11-07-2016,3234.82390
119092,HDFC Money Market Fund - Growth Option - Direct Plan,HDFC Mutual Fund,Open Ended Schemes,Debt Scheme - Money Market Fund,10-07-2016,3234.17290
119092,HDFC Money Market Fund - Growth Option - Direct Plan,HDFC Mutual Fund,Open Ended Schemes,Debt Scheme - Money Market Fund,08-07-2016,3232.88050
119092,HDFC Money Market Fund - Growth Option - Direct Plan,HDFC Mutual Fund,Open Ended Schemes,Debt Scheme - Money Market Fund,07-07-2016,3232.23410
119092,HDFC Money Market Fund - Growth Option - Direct Plan,HDFC Mutual Fund,Open Ended Schemes,Debt Scheme - Money Market Fund,06-07-2016,3231.55120
119092,HDFC Money Market Fund - Growth Option - Direct Plan,HDFC Mutual Fund,Open Ended Schemes,Debt Scheme - Money Market Fund,05-07-2016,3230.90130
119092,HDFC Money Market Fund - Growth Option - Direct Plan,HDFC Mutual Fund,Open Ended Schemes,Debt Scheme - Money Market Fund,04-07-2016,3230.23980
119092,HDFC Money Market Fund - Growth Option - Direct Plan,HDFC Mutual Fund,Open Ended Schemes,Debt Scheme - Money Market Fund,03-07-2016,3229.58430
119092,HDFC Money Market Fund - Growth Option - Direct Plan,HDFC Mutual Fund,Open Ended Schemes,Debt Scheme - Money Market Fund,01-07-2016,3228.24910
119092,HDFC Money Market Fund - Growth Option - Direct Plan,HDFC Mutual Fund,Open Ended Schemes,Debt Scheme - Money Market Fund,30-06-2016,3227.48770
119092,HDFC Money Market Fund - Growth Option - Direct Plan,HDFC Mutual Fund,Open Ended Schemes,Debt Scheme - Money Market Fund,29-06-2016,3226.65350
119092,HDFC Money Market Fund - Growth Option - Direct Plan,HDFC Mutual Fund,Open Ended Schemes,Debt Scheme - Money Market Fund,28-06-2016,3225.98810
119092,HDFC Money Market Fund - Growth Option - Direct Plan,HDFC Mutual Fund,Open Ended Schemes,Debt Scheme - Money Market Fund,27-06-2016,3225.31490
119092,HDFC Money Market Fund - Growth Option - Direct Plan,HDFC Mutual Fund,Open Ended Schemes,Debt Scheme - Money Market Fund,26-06-2016,3224.64940
119092,HDFC Money Market Fund - Growth Option - Direct Plan,HDFC Mutual Fund,Open Ended Schemes,Debt Scheme - Money Market Fund,24-06-2016,3223.26050
119092,HDFC Money Market Fund - Growth Option - Direct Plan,HDFC Mutual Fund,Open Ended Schemes,Debt Scheme - Money Market Fund,23-06-2016,3222.63570
119092,HDFC Money Market Fund - Growth Option - Direct Plan,HDFC Mutual Fund,Open Ended Schemes,Debt Scheme - Money Market Fund,22-06-2016,3221.97620
119092,HDFC Money Market Fund - Growth Option - Direct Plan,HDFC Mutual Fund,Open Ended Schemes,Debt Scheme - Money Market Fund,21-06-2016,3221.32280
119092,HDFC Money Market Fund - Growth Option - Direct Plan,HDFC Mutual Fund,Open Ended Schemes,Debt Scheme - Money Market Fund,20-06-2016,3220.66290
119092,HDFC Money Market Fund - Growth Option - Direct Plan,HDFC Mutual Fund,Open Ended Schemes,Debt Scheme - Money Market Fund,19-06-2016,3220.02350
119092,HDFC Money Market Fund - Growth Option - Direct Plan,HDFC Mutual Fund,Open Ended Schemes,Debt Scheme - Money Market Fund,17-06-2016,3218.68670
119092,HDFC Money Market Fund - Growth Option - Direct Plan,HDFC Mutual Fund,Open Ended Schemes,Debt Scheme - Money Market Fund,16-06-2016,3218.04880
119092,HDFC Money Market Fund - Growth Option - Direct Plan,HDFC Mutual Fund,Open Ended Schemes,Debt Scheme - Money Market Fund,15-06-2016,3217.38670
119092,HDFC Money Market Fund - Growth Option - Direct Plan,HDFC Mutual Fund,Open Ended Schemes,Debt Scheme - Money Market Fund,14-06-2016,3216.69620
119092,HDFC Money Market Fund - Growth Option - Direct Plan,HDFC Mutual Fund,Open Ended Schemes,Debt Scheme - Money Market Fund,13-06-2016,3216.00850
119092,HDFC Money Market Fund - Growth Option - Direct Plan,HDFC Mutual Fund,Open Ended Schemes,Debt Scheme - Money Market Fund,12-06-2016,3215.33140
119092,HDFC Money Market Fund - Growth Option - Direct Plan,HDFC Mutual Fund,Open Ended Schemes,Debt Scheme - Money Market Fund,10-06-2016,3213.97640
119092,HDFC Money Market Fund - Growth Option - Direct Plan,HDFC Mutual Fund,Open Ended Schemes,Debt Scheme - Money Market Fund,09-06-2016,3213.28880
119092,HDFC Money Market Fund - Growth Option - Direct Plan,HDFC Mutual Fund,Open Ended Schemes,Debt Scheme - Money Market Fund,08-06-2016,3212.63840
119092,HDFC Money Market Fund - Growth Option - Direct Plan,HDFC Mutual Fund,Open Ended Schemes,Debt Scheme - Money Market Fund,07-06-2016,3211.94770
119092,HDFC Money Market Fund - Growth Option - Direct Plan,HDFC Mutual Fund,Open Ended Schemes,Debt Scheme - Money Market Fund,06-06-2016,3211.27000
119092,HDFC Money Market Fund - Growth Option - Direct Plan,HDFC Mutual Fund,Open Ended Schemes,Debt Scheme - Money Market Fund,05-06-2016,3210.54780
119092,HDFC Money Market Fund - Growth Option - Direct Plan,HDFC Mutual Fund,Open Ended Schemes,Debt Scheme - Money Market Fund,03-06-2016,3209.24800
119092,HDFC Money Market Fund - Growth Option - Direct Plan,HDFC Mutual Fund,Open Ended Schemes,Debt Scheme - Money Market Fund,02-06-2016,3208.57800
119092,HDFC Money Market Fund - Growth Option - Direct Plan,HDFC Mutual Fund,Open Ended Schemes,Debt Scheme - Money Market Fund,01-06-2016,3207.88520
119092,HDFC Money Market Fund - Growth Option - Direct Plan,HDFC Mutual Fund,Open Ended Schemes,Debt Scheme - Money Market Fund,31-05-2016,3207.18920
119092,HDFC Money Market Fund - Growth Option - Direct Plan,HDFC Mutual Fund,Open Ended Schemes,Debt Scheme - Money Market Fund,30-05-2016,3206.47000
119092,HDFC Money Market Fund - Growth Option - Direct Plan,HDFC Mutual Fund,Open Ended Schemes,Debt Scheme - Money Market Fund,29-05-2016,3205.81830
119092,HDFC Money Market Fund - Growth Option - Direct Plan,HDFC Mutual Fund,Open Ended Schemes,Debt Scheme - Money Market Fund,27-05-2016,3204.48250
119092,HDFC Money Market Fund - Growth Option - Direct Plan,HDFC Mutual Fund,Open Ended Schemes,Debt Scheme - Money Market Fund,26-05-2016,3203.81470
119092,HDFC Money Market Fund - Growth Option - Direct Plan,HDFC Mutual Fund,Open Ended Schemes,Debt Scheme - Money Market Fund,25-05-2016,3203.16760
119092,HDFC Money Market Fund - Growth Option - Direct Plan,HDFC Mutual Fund,Open Ended Schemes,Debt Scheme - Money Market Fund,24-05-2016,3202.48850
119092,HDFC Money Market Fund - Growth Option - Direct Plan,HDFC Mutual Fund,Open Ended Schemes,Debt Scheme - Money Market Fund,23-05-2016,3201.82200
119092,HDFC Money Market Fund - Growth Option - Direct Plan,HDFC Mutual Fund,Open Ended Schemes,Debt Scheme - Money Market Fund,22-05-2016,3201.14180
119092,HDFC Money Market Fund - Growth Option - Direct Plan,HDFC Mutual Fund,Open Ended Schemes,Debt Scheme - Money Market Fund,20-05-2016,3199.79750
119092,HDFC Money Market Fund - Growth Option - Direct Plan,HDFC Mutual Fund,Open Ended Schemes,Debt Scheme - Money Market Fund,19-05-2016,3199.08330
119092,HDFC Money Market Fund - Growth Option - Direct Plan,HDFC Mutual Fund,Open Ended Schemes,Debt Scheme - Money Market Fund,18-05-2016,3198.40110
119092,HDFC Money Market Fund - Growth Option - Direct Plan,HDFC Mutual Fund,Open Ended Schemes,Debt Scheme - Money Market Fund,17-05-2016,3197.69360
119092,HDFC Money Market Fund - Growth Option - Direct Plan,HDFC Mutual Fund,Open Ended Schemes,Debt Scheme - Money Market Fund,16-05-2016,3197.00990
119092,HDFC Money Market Fund - Growth Option - Direct Plan,HDFC Mutual Fund,Open Ended Schemes,Debt Scheme - Money Market Fund,15-05-2016,3196.31820
119092,HDFC Money Market Fund - Growth Option - Direct Plan,HDFC Mutual Fund,Open Ended Schemes,Debt Scheme - Money Market Fund,13-05-2016,3194.92800
119092,HDFC Money Market Fund - Growth Option - Direct Plan,HDFC Mutual Fund,Open Ended Schemes,Debt Scheme - Money Market Fund,12-05-2016,3194.24060
119092,HDFC Money Market Fund - Growth Option - Direct Plan,HDFC Mutual Fund,Open Ended Schemes,Debt Scheme - Money Market Fund,11-05-2016,3193.55080
119092,HDFC Money Market Fund - Growth Option - Direct Plan,HDFC Mutual Fund,Open Ended Schemes,Debt Scheme - Money Market Fund,10-05-2016,3192.86400
119092,HDFC Money Market Fund - Growth Option - Direct Plan,HDFC Mutual Fund,Open Ended Schemes,Debt Scheme - Money Market Fund,09-05-2016,3192.18550
119092,HDFC Money Market Fund - Growth Option - Direct Plan,HDFC Mutual Fund,Open Ended Schemes,Debt Scheme - Money Market Fund,08-05-2016,3191.50750
119092,HDFC Money Market Fund - Growth Option - Direct Plan,HDFC Mutual Fund,Open Ended Schemes,Debt Scheme - Money Market Fund,06-05-2016,3190.09270
119092,HDFC Money Market Fund - Growth Option - Direct Plan,HDFC Mutual Fund,Open Ended Schemes,Debt Scheme - Money Market Fund,05-05-2016,3189.40690
119092,HDFC Money Market Fund - Growth Option - Direct Plan,HDFC Mutual Fund,Open Ended Schemes,Debt Scheme - Money Market Fund,04-05-2016,3188.71630
119092,HDFC Money Market Fund - Growth Option - Direct Plan,HDFC Mutual Fund,Open Ended Schemes,Debt Scheme - Money Market Fund,03-05-2016,3188.02790
119092,HDFC Money Market Fund - Growth Option - Direct Plan,HDFC Mutual Fund,Open Ended Schemes,Debt Scheme - Money Market Fund,02-05-2016,3187.32800
119092,HDFC Money Market Fund - Growth Option - Direct Plan,HDFC Mutual Fund,Open Ended Schemes,Debt Scheme - Money Market Fund,01-05-2016,3186.62960
119092,HDFC Money Market Fund - Growth Option - Direct Plan,HDFC Mutual Fund,Open Ended Schemes,Debt Scheme - Money Market Fund,29-04-2016,3185.24100
119092,HDFC Money Market Fund - Growth Option - Direct Plan,HDFC Mutual Fund,Open Ended Schemes,Debt Scheme - Money Market Fund,28-04-2016,3184.55220
119092,HDFC Money Market Fund - Growth Option - Direct Plan,HDFC Mutual Fund,Open Ended Schemes,Debt Scheme - Money Market Fund,27-04-2016,3183.85240
119092,HDFC Money Market Fund - Growth Option - Direct Plan,HDFC Mutual Fund,Open Ended Schemes,Debt Scheme - Money Market Fund,26-04-2016,3183.16700
119092,HDFC Money Market Fund - Growth Option - Direct Plan,HDFC Mutual Fund,Open Ended Schemes,Debt Scheme - Money Market Fund,25-04-2016,3182.47590
119092,HDFC Money Market Fund - Growth Option - Direct Plan,HDFC Mutual Fund,Open Ended Schemes,Debt Scheme - Money Market Fund,24-04-2016,3181.79710
119092,HDFC Money Market Fund - Growth Option - Direct Plan,HDFC Mutual Fund,Open Ended Schemes,Debt Scheme - Money Market Fund,22-04-2016,3180.37910
119092,HDFC Money Market Fund - Growth Option - Direct Plan,HDFC Mutual Fund,Open Ended Schemes,Debt Scheme - Money Market Fund,21-04-2016,3179.67250
119092,HDFC Money Market Fund - Growth Option - Direct Plan,HDFC Mutual Fund,Open Ended Schemes,Debt Scheme - Money Market Fund,20-04-2016,3178.99370
119092,HDFC Money Market Fund - Growth Option - Direct Plan,HDFC Mutual Fund,Open Ended Schemes,Debt Scheme - Money Market Fund,19-04-2016,3178.29890
119092,HDFC Money Market Fund - Growth Option - Direct Plan,HDFC Mutual Fund,Open Ended Schemes,Debt Scheme - Money Market Fund,18-04-2016,3177.61090
119092,HDFC Money Market Fund - Growth Option - Direct Plan,HDFC Mutual Fund,Open Ended Schemes,Debt Scheme - Money Market Fund,17-04-2016,3176.92290
119092,HDFC Money Market Fund - Growth Option - Direct Plan,HDFC Mutual Fund,Open Ended Schemes,Debt Scheme - Money Market Fund,13-04-2016,3174.06090
119092,HDFC Money Market Fund - Growth Option - Direct Plan,HDFC Mutual Fund,Open Ended Schemes,Debt Scheme - Money Market Fund,12-04-2016,3173.34810
119092,HDFC Money Market Fund - Growth Option - Direct Plan,HDFC Mutual Fund,Open Ended Schemes,Debt Scheme - Money Market Fund,11-04-2016,3172.66880
119092,HDFC Money Market Fund - Growth Option - Direct Plan,HDFC Mutual Fund,Open Ended Schemes,Debt Scheme - Money Market Fund,10-04-2016,3171.92990
119092,HDFC Money Market Fund - Growth Option - Direct Plan,HDFC Mutual Fund,Open Ended Schemes,Debt Scheme - Money Market Fund,07-04-2016,3169.74820
119092,HDFC Money Market Fund - Growth Option - Direct Plan,HDFC Mutual Fund,Open Ended Schemes,Debt Scheme - Money Market Fund,06-04-2016,3169.00790
119092,HDFC Money Market Fund - Growth Option - Direct Plan,HDFC Mutual Fund,Open Ended Schemes,Debt Scheme - Money Market Fund,05-04-2016,3168.34160
119092,HDFC Money Market Fund - Growth Option - Direct Plan,HDFC Mutual Fund,Open Ended Schemes,Debt Scheme - Money Market Fund,04-04-2016,3167.51460
119092,HDFC Money Market Fund - Growth Option - Direct Plan,HDFC Mutual Fund,Open Ended Schemes,Debt Scheme - Money Market Fund,03-04-2016,3166.68930
119092,HDFC Money Market Fund - Growth Option - Direct Plan,HDFC Mutual Fund,Open Ended Schemes,Debt Scheme - Money Market Fund,31-03-2016,3163.97490
119092,HDFC Money Market Fund - Growth Option - Direct Plan,HDFC Mutual Fund,Open Ended Schemes,Debt Scheme - Money Market Fund,30-03-2016,3161.72790
119092,HDFC Money Market Fund - Growth Option - Direct Plan,HDFC Mutual Fund,Open Ended Schemes,Debt Scheme - Money Market Fund,29-03-2016,3160.74390
119092,HDFC Money Market Fund - Growth Option - Direct Plan,HDFC Mutual Fund,Open Ended Schemes,Debt Scheme - Money Market Fund,28-03-2016,3159.98470
119092,HDFC Money Market Fund - Growth Option - Direct Plan,HDFC Mutual Fund,Open Ended Schemes,Debt Scheme - Money Market Fund,27-03-2016,3159.35980
119092,HDFC Money Market Fund - Growth Option - Direct Plan,HDFC Mutual Fund,Open Ended Schemes,Debt Scheme - Money Market Fund,23-03-2016,3156.47260
119092,HDFC Money Market Fund - Growth Option - Direct Plan,HDFC Mutual Fund,Open Ended Schemes,Debt Scheme - Money Market Fund,22-03-2016,3155.99230
119092,HDFC Money Market Fund - Growth Option - Direct Plan,HDFC Mutual Fund,Open Ended Schemes,Debt Scheme - Money Market Fund,21-03-2016,3155.29120
119092,HDFC Money Market Fund - Growth Option - Direct Plan,HDFC Mutual Fund,Open Ended Schemes,Debt Scheme - Money Market Fund,20-03-2016,3154.57580
119092,HDFC Money Market Fund - Growth Option - Direct Plan,HDFC Mutual Fund,Open Ended Schemes,Debt Scheme - Money Market Fund,18-03-2016,3153.15280
119092,HDFC Money Market Fund - Growth Option - Direct Plan,HDFC Mutual Fund,Open Ended Schemes,Debt Scheme - Money Market Fund,17-03-2016,3152.40930
119092,HDFC Money Market Fund - Growth Option - Direct Plan,HDFC Mutual Fund,Open Ended Schemes,Debt Scheme - Money Market Fund,16-03-2016,3151.67480
119092,HDFC Money Market Fund - Growth Option - Direct Plan,HDFC Mutual Fund,Open Ended Schemes,Debt Scheme - Money Market Fund,15-03-2016,3150.96350
119092,HDFC Money Market Fund - Growth Option - Direct Plan,HDFC Mutual Fund,Open Ended Schemes,Debt Scheme - Money Market Fund,14-03-2016,3150.22270
119092,HDFC Money Market Fund - Growth Option - Direct Plan,HDFC Mutual Fund,Open Ended Schemes,Debt Scheme - Money Market Fund,13-03-2016,3149.40170
119092,HDFC Money Market Fund - Growth Option - Direct Plan,HDFC Mutual Fund,Open Ended Schemes,Debt Scheme - Money Market Fund,11-03-2016,3147.97840
119092,HDFC Money Market Fund - Growth Option - Direct Plan,HDFC Mutual Fund,Open Ended Schemes,Debt Scheme - Money Market Fund,10-03-2016,3147.25840
119092,HDFC Money Market Fund - Growth Option - Direct Plan,HDFC Mutual Fund,Open Ended Schemes,Debt Scheme - Money Market Fund,09-03-2016,3146.60360
119092,HDFC Money Market Fund - Growth Option - Direct Plan,HDFC Mutual Fund,Open Ended Schemes,Debt Scheme - Money Market Fund,08-03-2016,3145.92210
119092,HDFC Money Market Fund - Growth Option - Direct Plan,HDFC Mutual Fund,Open Ended Schemes,Debt Scheme - Money Market Fund,07-03-2016,3145.28050
119092,HDFC Money Market Fund - Growth Option - Direct Plan,HDFC Mutual Fund,Open Ended Schemes,Debt Scheme - Money Market Fund,04-03-2016,3143.22080
119092,HDFC Money Market Fund - Growth Option - Direct Plan,HDFC Mutual Fund,Open Ended Schemes,Debt Scheme - Money Market Fund,03-03-2016,3142.55770
119092,HDFC Money Market Fund - Growth Option - Direct Plan,HDFC Mutual Fund,Open Ended Schemes,Debt Scheme - Money Market Fund,02-03-2016,3141.87210
119092,HDFC Money Market Fund - Growth Option - Direct Plan,HDFC Mutual Fund,Open Ended Schemes,Debt Scheme - Money Market Fund,01-03-2016,3141.16790
119092,HDFC Money Market Fund - Growth Option - Direct Plan,HDFC Mutual Fund,Open Ended Schemes,Debt Scheme - Money Market Fund,29-02-2016,3140.46910
119092,HDFC Money Market Fund - Growth Option - Direct Plan,HDFC Mutual Fund,Open Ended Schemes,Debt Scheme - Money Market Fund,28-02-2016,3139.75740
119092,HDFC Money Market Fund - Growth Option - Direct Plan,HDFC Mutual Fund,Open Ended Schemes,Debt Scheme - Money Market Fund,26-02-2016,3138.39210
119092,HDFC Money Market Fund - Growth Option - Direct Plan,HDFC Mutual Fund,Open Ended Schemes,Debt Scheme - Money Market Fund,25-02-2016,3137.78350
119092,HDFC Money Market Fund - Growth Option - Direct Plan,HDFC Mutual Fund,Open Ended Schemes,Debt Scheme - Money Market Fund,24-02-2016,3137.16090
119092,HDFC Money Market Fund - Growth Option - Direct Plan,HDFC Mutual Fund,Open Ended Schemes,Debt Scheme - Money Market Fund,23-02-2016,3136.53310
119092,HDFC Money Market Fund - Growth Option - Direct Plan,HDFC Mutual Fund,Open Ended Schemes,Debt Scheme - Money Market Fund,22-02-2016,3135.89170
119092,HDFC Money Market Fund - Growth Option - Direct Plan,HDFC Mutual Fund,Open Ended Schemes,Debt Scheme - Money Market Fund,21-02-2016,3135.23880
119092,HDFC Money Market Fund - Growth Option - Direct Plan,HDFC Mutual Fund,Open Ended Schemes,Debt Scheme - Money Market Fund,18-02-2016,3133.21120
119092,HDFC Money Market Fund - Growth Option - Direct Plan,HDFC Mutual Fund,Open Ended Schemes,Debt Scheme - Money Market Fund,17-02-2016,3132.58460
119092,HDFC Money Market Fund - Growth Option - Direct Plan,HDFC Mutual Fund,Open Ended Schemes,Debt Scheme - Money Market Fund,16-02-2016,3131.92760
119092,HDFC Money Market Fund - Growth Option - Direct Plan,HDFC Mutual Fund,Open Ended Schemes,Debt Scheme - Money Market Fund,15-02-2016,3131.26980
119092,HDFC Money Market Fund - Growth Option - Direct Plan,HDFC Mutual Fund,Open Ended Schemes,Debt Scheme - Money Market Fund,14-02-2016,3130.61520
119092,HDFC Money Market Fund - Growth Option - Direct Plan,HDFC Mutual Fund,Open Ended Schemes,Debt Scheme - Money Market Fund,12-02-2016,3129.28840
119092,HDFC Money Market Fund - Growth Option - Direct Plan,HDFC Mutual Fund,Open Ended Schemes,Debt Scheme - Money Market Fund,11-02-2016,3128.61960
119092,HDFC Money Market Fund - Growth Option - Direct Plan,HDFC Mutual Fund,Open Ended Schemes,Debt Scheme - Money Market Fund,10-02-2016,3127.96450
119092,HDFC Money Market Fund - Growth Option - Direct Plan,HDFC Mutual Fund,Open Ended Schemes,Debt Scheme - Money Market Fund,09-02-2016,3127.29830
119092,HDFC Money Market Fund - Growth Option - Direct Plan,HDFC Mutual Fund,Open Ended Schemes,Debt Scheme - Money Market Fund,08-02-2016,3126.62690
119092,HDFC Money Market Fund - Growth Option - Direct Plan,HDFC Mutual Fund,Open Ended Schemes,Debt Scheme - Money Market Fund,07-02-2016,3125.97410
119092,HDFC Money Market Fund - Growth Option - Direct Plan,HDFC Mutual Fund,Open Ended Schemes,Debt Scheme - Money Market Fund,05-02-2016,3124.61540
119092,HDFC Money Market Fund - Growth Option - Direct Plan,HDFC Mutual Fund,Open Ended Schemes,Debt Scheme - Money Market Fund,04-02-2016,3124.01790
119092,HDFC Money Market Fund - Growth Option - Direct Plan,HDFC Mutual Fund,Open Ended Schemes,Debt Scheme - Money Market Fund,03-02-2016,3123.37970
119092,HDFC Money Market Fund - Growth Option - Direct Plan,HDFC Mutual Fund,Open Ended Schemes,Debt Scheme - Money Market Fund,02-02-2016,3122.74470
119092,HDFC Money Market Fund - Growth Option - Direct Plan,HDFC Mutual Fund,Open Ended Schemes,Debt Scheme - Money Market Fund,01-02-2016,3122.10560
119092,HDFC Money Market Fund - Growth Option - Direct Plan,HDFC Mutual Fund,Open Ended Schemes,Debt Scheme - Money Market Fund,31-01-2016,3121.46240
119092,HDFC Money Market Fund - Growth Option - Direct Plan,HDFC Mutual Fund,Open Ended Schemes,Debt Scheme - Money Market Fund,29-01-2016,3120.16050
119092,HDFC Money Market Fund - Growth Option - Direct Plan,HDFC Mutual Fund,Open Ended Schemes,Debt Scheme - Money Market Fund,28-01-2016,3119.52840
119092,HDFC Money Market Fund - Growth Option - Direct Plan,HDFC Mutual Fund,Open Ended Schemes,Debt Scheme - Money Market Fund,27-01-2016,3118.88940
119092,HDFC Money Market Fund - Growth Option - Direct Plan,HDFC Mutual Fund,Open Ended Schemes,Debt Scheme - Money Market Fund,26-01-2016,3118.25750
119092,HDFC Money Market Fund - Growth Option - Direct Plan,HDFC Mutual Fund,Open Ended Schemes,Debt Scheme - Money Market Fund,25-01-2016,3117.61200
119092,HDFC Money Market Fund - Growth Option - Direct Plan,HDFC Mutual Fund,Open Ended Schemes,Debt Scheme - Money Market Fund,24-01-2016,3116.99440
119092,HDFC Money Market Fund - Growth Option - Direct Plan,HDFC Mutual Fund,Open Ended Schemes,Debt Scheme - Money Market Fund,22-01-2016,3115.71750
119092,HDFC Money Market Fund - Growth Option - Direct Plan,HDFC Mutual Fund,Open Ended Schemes,Debt Scheme - Money Market Fund,21-01-2016,3115.08460
119092,HDFC Money Market Fund - Growth Option - Direct Plan,HDFC Mutual Fund,Open Ended Schemes,Debt Scheme - Money Market Fund,20-01-2016,3114.46130
119092,HDFC Money Market Fund - Growth Option - Direct Plan,HDFC Mutual Fund,Open Ended Schemes,Debt Scheme - Money Market Fund,19-01-2016,3113.82480
119092,HDFC Money Market Fund - Growth Option - Direct Plan,HDFC Mutual Fund,Open Ended Schemes,Debt Scheme - Money Market Fund,18-01-2016,3113.21470
119092,HDFC Money Market Fund - Growth Option - Direct Plan,HDFC Mutual Fund,Open Ended Schemes,Debt Scheme - Money Market Fund,17-01-2016,3112.58580
119092,HDFC Money Market Fund - Growth Option - Direct Plan,HDFC Mutual Fund,Open Ended Schemes,Debt Scheme - Money Market Fund,15-01-2016,3111.29110
119092,HDFC Money Market Fund - Growth Option - Direct Plan,HDFC Mutual Fund,Open Ended Schemes,Debt Scheme - Money Market Fund,14-01-2016,3110.64990
119092,HDFC Money Market Fund - Growth Option - Direct Plan,HDFC Mutual Fund,Open Ended Schemes,Debt Scheme - Money Market Fund,13-01-2016,3110.01700
119092,HDFC Money Market Fund - Growth Option - Direct Plan,HDFC Mutual Fund,Open Ended Schemes,Debt Scheme - Money Market Fund,12-01-2016,3109.37680
119092,HDFC Money Market Fund - Growth Option - Direct Plan,HDFC Mutual Fund,Open Ended Schemes,Debt Scheme - Money Market Fund,11-01-2016,3108.74840
119092,HDFC Money Market Fund - Growth Option - Direct Plan,HDFC Mutual Fund,Open Ended Schemes,Debt Scheme - Money Market Fund,10-01-2016,3108.11520
119092,HDFC Money Market Fund - Growth Option - Direct Plan,HDFC Mutual Fund,Open Ended Schemes,Debt Scheme - Money Market Fund,08-01-2016,3106.82930
119092,HDFC Money Market Fund - Growth Option - Direct Plan,HDFC Mutual Fund,Open Ended Schemes,Debt Scheme - Money Market Fund,07-01-2016,3106.18470
119092,HDFC Money Market Fund - Growth Option - Direct Plan,HDFC Mutual Fund,Open Ended Schemes,Debt Scheme - Money Market Fund,06-01-2016,3105.54550
119092,HDFC Money Market Fund - Growth Option - Direct Plan,HDFC Mutual Fund,Open Ended Schemes,Debt Scheme - Money Market Fund,05-01-2016,3104.87510
119092,HDFC Money Market Fund - Growth Option - Direct Plan,HDFC Mutual Fund,Open Ended Schemes,Debt Scheme - Money Market Fund,04-01-2016,3104.22500
119092,HDFC Money Market Fund - Growth Option - Direct Plan,HDFC Mutual Fund,Open Ended Schemes,Debt Scheme - Money Market Fund,03-01-2016,3103.59540
119092,HDFC Money Market Fund - Growth Option - Direct Plan,HDFC Mutual Fund,Open Ended Schemes,Debt Scheme - Money Market Fund,01-01-2016,3102.38380
119092,HDFC Money Market Fund - Growth Option - Direct Plan,HDFC Mutual Fund,Open Ended Schemes,Debt Scheme - Money Market Fund,31-12-2015,3101.69250
119092,HDFC Money Market Fund - Growth Option - Direct Plan,HDFC Mutual Fund,Open Ended Schemes,Debt Scheme - Money Market Fund,30-12-2015,3100.90720
119092,HDFC Money Market Fund - Growth Option - Direct Plan,HDFC Mutual Fund,Open Ended Schemes,Debt Scheme - Money Market Fund,29-12-2015,3100.26400
119092,HDFC Money Market Fund - Growth Option - Direct Plan,HDFC Mutual Fund,Open Ended Schemes,Debt Scheme - Money Market Fund,28-12-2015,3099.62210
119092,HDFC Money Market Fund - Growth Option - Direct Plan,HDFC Mutual Fund,Open Ended Schemes,Debt Scheme - Money Market Fund,27-12-2015,3098.99650
119092,HDFC Money Market Fund - Growth Option - Direct Plan,HDFC Mutual Fund,Open Ended Schemes,Debt Scheme - Money Market Fund,23-12-2015,3096.39370
119092,HDFC Money Market Fund - Growth Option - Direct Plan,HDFC Mutual Fund,Open Ended Schemes,Debt Scheme - Money Market Fund,22-12-2015,3095.74070
119092,HDFC Money Market Fund - Growth Option - Direct Plan,HDFC Mutual Fund,Open Ended Schemes,Debt Scheme - Money Market Fund,21-12-2015,3095.10290
119092,HDFC Money Market Fund - Growth Option - Direct Plan,HDFC Mutual Fund,Open Ended Schemes,Debt Scheme - Money Market Fund,20-12-2015,3094.46180
119092,HDFC Money Market Fund - Growth Option - Direct Plan,HDFC Mutual Fund,Open Ended Schemes,Debt Scheme - Money Market Fund,18-12-2015,3093.15130
119092,HDFC Money Market Fund - Growth Option - Direct Plan,HDFC Mutual Fund,Open Ended Schemes,Debt Scheme - Money Market Fund,17-12-2015,3092.50230
119092,HDFC Money Market Fund - Growth Option - Direct Plan,HDFC Mutual Fund,Open Ended Schemes,Debt Scheme - Money Market Fund,16-12-2015,3091.87070
119092,HDFC Money Market Fund - Growth Option - Direct Plan,HDFC Mutual Fund,Open Ended Schemes,Debt Scheme - Money Market Fund,15-12-2015,3091.23490
119092,HDFC Money Market Fund - Growth Option - Direct Plan,HDFC Mutual Fund,Open Ended Schemes,Debt Scheme - Money Market Fund,14-12-2015,3090.57920
119092,HDFC Money Market Fund - Growth Option - Direct Plan,HDFC Mutual Fund,Open Ended Schemes,Debt Scheme - Money Market Fund,13-12-2015,3089.97340
119092,HDFC Money Market Fund - Growth Option - Direct Plan,HDFC Mutual Fund,Open Ended Schemes,Debt Scheme - Money Market Fund,11-12-2015,3088.69270
119092,HDFC Money Market Fund - Growth Option - Direct Plan,HDFC Mutual Fund,Open Ended Schemes,Debt Scheme - Money Market Fund,10-12-2015,3088.08130
119092,HDFC Money Market Fund - Growth Option - Direct Plan,HDFC Mutual Fund,Open Ended Schemes,Debt Scheme - Money Market Fund,09-12-2015,3087.47360
119092,HDFC Money Market Fund - Growth Option - Direct Plan,HDFC Mutual Fund,Open Ended Schemes,Debt Scheme - Money Market Fund,08-12-2015,3086.87120
119092,HDFC Money Market Fund - Growth Option - Direct Plan,HDFC Mutual Fund,Open Ended Schemes,Debt Scheme - Money Market Fund,07-12-2015,3086.25560
119092,HDFC Money Market Fund - Growth Option - Direct Plan,HDFC Mutual Fund,Open Ended Schemes,Debt Scheme - Money Market Fund,06-12-2015,3085.64650
119092,HDFC Money Market Fund - Growth Option - Direct Plan,HDFC Mutual Fund,Open Ended Schemes,Debt Scheme - Money Market Fund,04-12-2015,3084.38770
119092,HDFC Money Market Fund - Growth Option - Direct Plan,HDFC Mutual Fund,Open Ended Schemes,Debt Scheme - Money Market Fund,03-12-2015,3083.76810
119092,HDFC Money Market Fund - Growth Option - Direct Plan,HDFC Mutual Fund,Open Ended Schemes,Debt Scheme - Money Market Fund,02-12-2015,3083.15250
119092,HDFC Money Market Fund - Growth Option - Direct Plan,HDFC Mutual Fund,Open Ended Schemes,Debt Scheme - Money Market Fund,01-12-2015,3082.53880
119092,HDFC Money Market Fund - Growth Option - Direct Plan,HDFC Mutual Fund,Open Ended Schemes,Debt Scheme - Money Market Fund,30-11-2015,3081.93300
119092,HDFC Money Market Fund - Growth Option - Direct Plan,HDFC Mutual Fund,Open Ended Schemes,Debt Scheme - Money Market Fund,29-11-2015,3081.32290
119092,HDFC Money Market Fund - Growth Option - Direct Plan,HDFC Mutual Fund,Open Ended Schemes,Debt Scheme - Money Market Fund,27-11-2015,3080.13700
119092,HDFC Money Market Fund - Growth Option - Direct Plan,HDFC Mutual Fund,Open Ended Schemes,Debt Scheme - Money Market Fund,26-11-2015,3079.50450
119092,HDFC Money Market Fund - Growth Option - Direct Plan,HDFC Mutual Fund,Open Ended Schemes,Debt Scheme - Money Market Fund,25-11-2015,3078.86590
119092,HDFC Money Market Fund - Growth Option - Direct Plan,HDFC Mutual Fund,Open Ended Schemes,Debt Scheme - Money Market Fund,24-11-2015,3078.21890
119092,HDFC Money Market Fund - Growth Option - Direct Plan,HDFC Mutual Fund,Open Ended Schemes,Debt Scheme - Money Market Fund,23-11-2015,3077.59690
119092,HDFC Money Market Fund - Growth Option - Direct Plan,HDFC Mutual Fund,Open Ended Schemes,Debt Scheme - Money Market Fund,22-11-2015,3076.98200
119092,HDFC Money Market Fund - Growth Option - Direct Plan,HDFC Mutual Fund,Open Ended Schemes,Debt Scheme - Money Market Fund,20-11-2015,3075.68720
119092,HDFC Money Market Fund - Growth Option - Direct Plan,HDFC Mutual Fund,Open Ended Schemes,Debt Scheme - Money Market Fund,19-11-2015,3075.13280
119092,HDFC Money Market Fund - Growth Option - Direct Plan,HDFC Mutual Fund,Open Ended Schemes,Debt Scheme - Money Market Fund,18-11-2015,3074.50850
119092,HDFC Money Market Fund - Growth Option - Direct Plan,HDFC Mutual Fund,Open Ended Schemes,Debt Scheme - Money Market Fund,17-11-2015,3073.89010
119092,HDFC Money Market Fund - Growth Option - Direct Plan,HDFC Mutual Fund,Open Ended Schemes,Debt Scheme - Money Market Fund,16-11-2015,3073.25850
119092,HDFC Money Market Fund - Growth Option - Direct Plan,HDFC Mutual Fund,Open Ended Schemes,Debt Scheme - Money Market Fund,15-11-2015,3072.63550
119092,HDFC Money Market Fund - Growth Option - Direct Plan,HDFC Mutual Fund,Open Ended Schemes,Debt Scheme - Money Market Fund,13-11-2015,3071.36420
119092,HDFC Money Market Fund - Growth Option - Direct Plan,HDFC Mutual Fund,Open Ended Schemes,Debt Scheme - Money Market Fund,12-11-2015,3070.72430
119092,HDFC Money Market Fund - Growth Option - Direct Plan,HDFC Mutual Fund,Open Ended Schemes,Debt Scheme - Money Market Fund,10-11-2015,3069.47600
119092,HDFC Money Market Fund - Growth Option - Direct Plan,HDFC Mutual Fund,Open Ended Schemes,Debt Scheme - Money Market Fund,09-11-2015,3068.83750
119092,HDFC Money Market Fund - Growth Option - Direct Plan,HDFC Mutual Fund,Open Ended Schemes,Debt Scheme - Money Market Fund,08-11-2015,3068.21490
119092,HDFC Money Market Fund - Growth Option - Direct Plan,HDFC Mutual Fund,Open Ended Schemes,Debt Scheme - Money Market Fund,06-11-2015,3066.93140
119092,HDFC Money Market Fund - Growth Option - Direct Plan,HDFC Mutual Fund,Open Ended Schemes,Debt Scheme - Money Market Fund,05-11-2015,3066.28830
119092,HDFC Money Market Fund - Growth Option - Direct Plan,HDFC Mutual Fund,Open Ended Schemes,Debt Scheme - Money Market Fund,04-11-2015,3065.66460
119092,HDFC Money Market Fund - Growth Option - Direct Plan,HDFC Mutual Fund,Open Ended Schemes,Debt Scheme - Money Market Fund,03-11-2015,3065.04680
119092,HDFC Money Market Fund - Growth Option - Direct Plan,HDFC Mutual Fund,Open Ended Schemes,Debt Scheme - Money Market Fund,02-11-2015,3064.42800
119092,HDFC Money Market Fund - Growth Option - Direct Plan,HDFC Mutual Fund,Open Ended Schemes,Debt Scheme - Money Market Fund,01-11-2015,3063.81070
119092,HDFC Money Market Fund - Growth Option - Direct Plan,HDFC Mutual Fund,Open Ended Schemes,Debt Scheme - Money Market Fund,30-10-2015,3062.52040
119092,HDFC Money Market Fund - Growth Option - Direct Plan,HDFC Mutual Fund,Open Ended Schemes,Debt Scheme - Money Market Fund,29-10-2015,3061.87100
119092,HDFC Money Market Fund - Growth Option - Direct Plan,HDFC Mutual Fund,Open Ended Schemes,Debt Scheme - Money Market Fund,28-10-2015,3061.25130
119092,HDFC Money Market Fund - Growth Option - Direct Plan,HDFC Mutual Fund,Open Ended Schemes,Debt Scheme - Money Market Fund,27-10-2015,3060.61230
119092,HDFC Money Market Fund - Growth Option - Direct Plan,HDFC Mutual Fund,Open Ended Schemes,Debt Scheme - Money Market Fund,26-10-2015,3059.99190
119092,HDFC Money Market Fund - Growth Option - Direct Plan,HDFC Mutual Fund,Open Ended Schemes,Debt Scheme - Money Market Fund,25-10-2015,3059.34990
119092,HDFC Money Market Fund - Growth Option - Direct Plan,HDFC Mutual Fund,Open Ended Schemes,Debt Scheme - Money Market Fund,23-10-2015,3058.10400
119092,HDFC Money Market Fund - Growth Option - Direct Plan,HDFC Mutual Fund,Open Ended Schemes,Debt Scheme - Money Market Fund,22-10-2015,3057.48030
119092,HDFC Money Market Fund - Growth Option - Direct Plan,HDFC Mutual Fund,Open Ended Schemes,Debt Scheme - Money Market Fund,21-10-2015,3056.83800
119092,HDFC Money Market Fund - Growth Option - Direct Plan,HDFC Mutual Fund,Open Ended Schemes,Debt Scheme - Money Market Fund,20-10-2015,3056.19570
119092,HDFC Money Market Fund - Growth Option - Direct Plan,HDFC Mutual Fund,Open Ended Schemes,Debt Scheme - Money Market Fund,19-10-2015,3055.57200
119092,HDFC Money Market Fund - Growth Option - Direct Plan,HDFC Mutual Fund,Open Ended Schemes,Debt Scheme - Money Market Fund,18-10-2015,3054.95080
119092,HDFC Money Market Fund - Growth Option - Direct Plan,HDFC Mutual Fund,Open Ended Schemes,Debt Scheme - Money Market Fund,16-10-2015,3053.66830
119092,HDFC Money Market Fund - Growth Option - Direct Plan,HDFC Mutual Fund,Open Ended Schemes,Debt Scheme - Money Market Fund,15-10-2015,3053.02720
119092,HDFC Money Market Fund - Growth Option - Direct Plan,HDFC Mutual Fund,Open Ended Schemes,Debt Scheme - Money Market Fund,14-10-2015,3052.40500
119092,HDFC Money Market Fund - Growth Option - Direct Plan,HDFC Mutual Fund,Open Ended Schemes,Debt Scheme - Money Market Fund,13-10-2015,3051.77630
119092,HDFC Money Market Fund - Growth Option - Direct Plan,HDFC Mutual Fund,Open Ended Schemes,Debt Scheme - Money Market Fund,12-10-2015,3051.15260
119092,HDFC Money Market Fund - Growth Option - Direct Plan,HDFC Mutual Fund,Open Ended Schemes,Debt Scheme - Money Market Fund,11-10-2015,3050.52470
119092,HDFC Money Market Fund - Growth Option - Direct Plan,HDFC Mutual Fund,Open Ended Schemes,Debt Scheme - Money Market Fund,09-10-2015,3049.25650
119092,HDFC Money Market Fund - Growth Option - Direct Plan,HDFC Mutual Fund,Open Ended Schemes,Debt Scheme - Money Market Fund,08-10-2015,3048.61090
119092,HDFC Money Market Fund - Growth Option - Direct Plan,HDFC Mutual Fund,Open Ended Schemes,Debt Scheme - Money Market Fund,07-10-2015,3047.98110
119092,HDFC Money Market Fund - Growth Option - Direct Plan,HDFC Mutual Fund,Open Ended Schemes,Debt Scheme - Money Market Fund,06-10-2015,3047.34800
119092,HDFC Money Market Fund - Growth Option - Direct Plan,HDFC Mutual Fund,Open Ended Schemes,Debt Scheme - Money Market Fund,05-10-2015,3046.71710
119092,HDFC Money Market Fund - Growth Option - Direct Plan,HDFC Mutual Fund,Open Ended Schemes,Debt Scheme - Money Market Fund,04-10-2015,3046.08150
119092,HDFC Money Market Fund - Growth Option - Direct Plan,HDFC Mutual Fund,Open Ended Schemes,Debt Scheme - Money Market Fund,01-10-2015,3044.11520
119092,HDFC Money Market Fund - Growth Option - Direct Plan,HDFC Mutual Fund,Open Ended Schemes,Debt Scheme - Money Market Fund,30-09-2015,3043.44430
119092,HDFC Money Market Fund - Growth Option - Direct Plan,HDFC Mutual Fund,Open Ended Schemes,Debt Scheme - Money Market Fund,29-09-2015,3042.67180
119092,HDFC Money Market Fund - Growth Option - Direct Plan,HDFC Mutual Fund,Open Ended Schemes,Debt Scheme - Money Market Fund,28-09-2015,3041.80500
119092,HDFC Money Market Fund - Growth Option - Direct Plan,HDFC Mutual Fund,Open Ended Schemes,Debt Scheme - Money Market Fund,27-09-2015,3041.16590
119092,HDFC Money Market Fund - Growth Option - Direct Plan,HDFC Mutual Fund,Open Ended Schemes,Debt Scheme - Money Market Fund,24-09-2015,3039.22210
119092,HDFC Money Market Fund - Growth Option - Direct Plan,HDFC Mutual Fund,Open Ended Schemes,Debt Scheme - Money Market Fund,23-09-2015,3038.59200
119092,HDFC Money Market Fund - Growth Option - Direct Plan,HDFC Mutual Fund,Open Ended Schemes,Debt Scheme - Money Market Fund,22-09-2015,3037.96140
119092,HDFC Money Market Fund - Growth Option - Direct Plan,HDFC Mutual Fund,Open Ended Schemes,Debt Scheme - Money Market Fund,21-09-2015,3037.33160
119092,HDFC Money Market Fund - Growth Option - Direct Plan,HDFC Mutual Fund,Open Ended Schemes,Debt Scheme - Money Market Fund,20-09-2015,3036.69630
119092,HDFC Money Market Fund - Growth Option - Direct Plan,HDFC Mutual Fund,Open Ended Schemes,Debt Scheme - Money Market Fund,18-09-2015,3035.41120
119092,HDFC Money Market Fund - Growth Option - Direct Plan,HDFC Mutual Fund,Open Ended Schemes,Debt Scheme - Money Market Fund,17-09-2015,3034.76690
119092,HDFC Money Market Fund - Growth Option - Direct Plan,HDFC Mutual Fund,Open Ended Schemes,Debt Scheme - Money Market Fund,16-09-2015,3034.14440
119092,HDFC Money Market Fund - Growth Option - Direct Plan,HDFC Mutual Fund,Open Ended Schemes,Debt Scheme - Money Market Fund,15-09-2015,3033.52290
119092,HDFC Money Market Fund - Growth Option - Direct Plan,HDFC Mutual Fund,Open Ended Schemes,Debt Scheme - Money Market Fund,14-09-2015,3032.89140
119092,HDFC Money Market Fund - Growth Option - Direct Plan,HDFC Mutual Fund,Open Ended Schemes,Debt Scheme - Money Market Fund,13-09-2015,3032.26990
119092,HDFC Money Market Fund - Growth Option - Direct Plan,HDFC Mutual Fund,Open Ended Schemes,Debt Scheme - Money Market Fund,11-09-2015,3030.97230
119092,HDFC Money Market Fund - Growth Option - Direct Plan,HDFC Mutual Fund,Open Ended Schemes,Debt Scheme - Money Market Fund,10-09-2015,3030.37530
119092,HDFC Money Market Fund - Growth Option - Direct Plan,HDFC Mutual Fund,Open Ended Schemes,Debt Scheme - Money Market Fund,09-09-2015,3029.77920
119092,HDFC Money Market Fund - Growth Option - Direct Plan,HDFC Mutual Fund,Open Ended Schemes,Debt Scheme - Money Market Fund,08-09-2015,3029.15600
119092,HDFC Money Market Fund - Growth Option - Direct Plan,HDFC Mutual Fund,Open Ended Schemes,Debt Scheme - Money Market Fund,07-09-2015,3028.53490
119092,HDFC Money Market Fund - Growth Option - Direct Plan,HDFC Mutual Fund,Open Ended Schemes,Debt Scheme - Money Market Fund,06-09-2015,3027.90990
119092,HDFC Money Market Fund - Growth Option - Direct Plan,HDFC Mutual Fund,Open Ended Schemes,Debt Scheme - Money Market Fund,04-09-2015,3026.59830
119092,HDFC Money Market Fund - Growth Option - Direct Plan,HDFC Mutual Fund,Open Ended Schemes,Debt Scheme - Money Market Fund,03-09-2015,3025.97350
119092,HDFC Money Market Fund - Growth Option - Direct Plan,HDFC Mutual Fund,Open Ended Schemes,Debt Scheme - Money Market Fund,02-09-2015,3025.34610
119092,HDFC Money Market Fund - Growth Option - Direct Plan,HDFC Mutual Fund,Open Ended Schemes,Debt Scheme - Money Market Fund,01-09-2015,3024.72170
119092,HDFC Money Market Fund - Growth Option - Direct Plan,HDFC Mutual Fund,Open Ended Schemes,Debt Scheme - Money Market Fund,31-08-2015,3024.09400
119092,HDFC Money Market Fund - Growth Option - Direct Plan,HDFC Mutual Fund,Open Ended Schemes,Debt Scheme - Money Market Fund,30-08-2015,3023.47000
119092,HDFC Money Market Fund - Growth Option - Direct Plan,HDFC Mutual Fund,Open Ended Schemes,Debt Scheme - Money Market Fund,28-08-2015,30.22190
119092,HDFC Money Market Fund - Growth Option - Direct Plan,HDFC Mutual Fund,Open Ended Schemes,Debt Scheme - Money Market Fund,27-08-2015,30.21560
119092,HDFC Money Market Fund - Growth Option - Direct Plan,HDFC Mutual Fund,Open Ended Schemes,Debt Scheme - Money Market Fund,26-08-2015,30.20930
119092,HDFC Money Market Fund - Growth Option - Direct Plan,HDFC Mutual Fund,Open Ended Schemes,Debt Scheme - Money Market Fund,25-08-2015,30.20300
119092,HDFC Money Market Fund - Growth Option - Direct Plan,HDFC Mutual Fund,Open Ended Schemes,Debt Scheme - Money Market Fund,24-08-2015,30.19670
119092,HDFC Money Market Fund - Growth Option - Direct Plan,HDFC Mutual Fund,Open Ended Schemes,Debt Scheme - Money Market Fund,23-08-2015,30.19050
119092,HDFC Money Market Fund - Growth Option - Direct Plan,HDFC Mutual Fund,Open Ended Schemes,Debt Scheme - Money Market Fund,21-08-2015,30.17770
119092,HDFC Money Market Fund - Growth Option - Direct Plan,HDFC Mutual Fund,Open Ended Schemes,Debt Scheme - Money Market Fund,20-08-2015,30.17120
119092,HDFC Money Market Fund - Growth Option - Direct Plan,HDFC Mutual Fund,Open Ended Schemes,Debt Scheme - Money Market Fund,19-08-2015,30.16490
119092,HDFC Money Market Fund - Growth Option - Direct Plan,HDFC Mutual Fund,Open Ended Schemes,Debt Scheme - Money Market Fund,18-08-2015,30.15870
119092,HDFC Money Market Fund - Growth Option - Direct Plan,HDFC Mutual Fund,Open Ended Schemes,Debt Scheme - Money Market Fund,17-08-2015,30.15240
119092,HDFC Money Market Fund - Growth Option - Direct Plan,HDFC Mutual Fund,Open Ended Schemes,Debt Scheme - Money Market Fund,16-08-2015,30.14630
119092,HDFC Money Market Fund - Growth Option - Direct Plan,HDFC Mutual Fund,Open Ended Schemes,Debt Scheme - Money Market Fund,14-08-2015,30.13320
119092,HDFC Money Market Fund - Growth Option - Direct Plan,HDFC Mutual Fund,Open Ended Schemes,Debt Scheme - Money Market Fund,13-08-2015,30.12670
119092,HDFC Money Market Fund - Growth Option - Direct Plan,HDFC Mutual Fund,Open Ended Schemes,Debt Scheme - Money Market Fund,12-08-2015,30.12040
119092,HDFC Money Market Fund - Growth Option - Direct Plan,HDFC Mutual Fund,Open Ended Schemes,Debt Scheme - Money Market Fund,11-08-2015,30.11390
119092,HDFC Money Market Fund - Growth Option - Direct Plan,HDFC Mutual Fund,Open Ended Schemes,Debt Scheme - Money Market Fund,10-08-2015,30.10760
119092,HDFC Money Market Fund - Growth Option - Direct Plan,HDFC Mutual Fund,Open Ended Schemes,Debt Scheme - Money Market Fund,09-08-2015,30.10110
119092,HDFC Money Market Fund - Growth Option - Direct Plan,HDFC Mutual Fund,Open Ended Schemes,Debt Scheme - Money Market Fund,07-08-2015,30.08790
119092,HDFC Money Market Fund - Growth Option - Direct Plan,HDFC Mutual Fund,Open Ended Schemes,Debt Scheme - Money Market Fund,06-08-2015,30.08130
119092,HDFC Money Market Fund - Growth Option - Direct Plan,HDFC Mutual Fund,Open Ended Schemes,Debt Scheme - Money Market Fund,05-08-2015,30.07500
119092,HDFC Money Market Fund - Growth Option - Direct Plan,HDFC Mutual Fund,Open Ended Schemes,Debt Scheme - Money Market Fund,04-08-2015,30.06850
119092,HDFC Money Market Fund - Growth Option - Direct Plan,HDFC Mutual Fund,Open Ended Schemes,Debt Scheme - Money Market Fund,03-08-2015,30.06200
119092,HDFC Money Market Fund - Growth Option - Direct Plan,HDFC Mutual Fund,Open Ended Schemes,Debt Scheme - Money Market Fund,02-08-2015,30.05560
119092,HDFC Money Market Fund - Growth Option - Direct Plan,HDFC Mutual Fund,Open Ended Schemes,Debt Scheme - Money Market Fund,31-07-2015,30.04250
119092,HDFC Money Market Fund - Growth Option - Direct Plan,HDFC Mutual Fund,Open Ended Schemes,Debt Scheme - Money Market Fund,30-07-2015,30.03610
119092,HDFC Money Market Fund - Growth Option - Direct Plan,HDFC Mutual Fund,Open Ended Schemes,Debt Scheme - Money Market Fund,29-07-2015,30.02960
119092,HDFC Money Market Fund - Growth Option - Direct Plan,HDFC Mutual Fund,Open Ended Schemes,Debt Scheme - Money Market Fund,28-07-2015,30.02310
119092,HDFC Money Market Fund - Growth Option - Direct Plan,HDFC Mutual Fund,Open Ended Schemes,Debt Scheme - Money Market Fund,27-07-2015,30.01660
119092,HDFC Money Market Fund - Growth Option - Direct Plan,HDFC Mutual Fund,Open Ended Schemes,Debt Scheme - Money Market Fund,26-07-2015,30.01020
119092,HDFC Money Market Fund - Growth Option - Direct Plan,HDFC Mutual Fund,Open Ended Schemes,Debt Scheme - Money Market Fund,24-07-2015,29.99700
119092,HDFC Money Market Fund - Growth Option - Direct Plan,HDFC Mutual Fund,Open Ended Schemes,Debt Scheme - Money Market Fund,23-07-2015,29.99040
119092,HDFC Money Market Fund - Growth Option - Direct Plan,HDFC Mutual Fund,Open Ended Schemes,Debt Scheme - Money Market Fund,22-07-2015,29.98390
119092,HDFC Money Market Fund - Growth Option - Direct Plan,HDFC Mutual Fund,Open Ended Schemes,Debt Scheme - Money Market Fund,21-07-2015,29.97740
119092,HDFC Money Market Fund - Growth Option - Direct Plan,HDFC Mutual Fund,Open Ended Schemes,Debt Scheme - Money Market Fund,20-07-2015,29.97080
119092,HDFC Money Market Fund - Growth Option - Direct Plan,HDFC Mutual Fund,Open Ended Schemes,Debt Scheme - Money Market Fund,19-07-2015,29.96430
119092,HDFC Money Market Fund - Growth Option - Direct Plan,HDFC Mutual Fund,Open Ended Schemes,Debt Scheme - Money Market Fund,17-07-2015,29.95110
119092,HDFC Money Market Fund - Growth Option - Direct Plan,HDFC Mutual Fund,Open Ended Schemes,Debt Scheme - Money Market Fund,16-07-2015,29.94450
119092,HDFC Money Market Fund - Growth Option - Direct Plan,HDFC Mutual Fund,Open Ended Schemes,Debt Scheme - Money Market Fund,15-07-2015,29.93800
119092,HDFC Money Market Fund - Growth Option - Direct Plan,HDFC Mutual Fund,Open Ended Schemes,Debt Scheme - Money Market Fund,14-07-2015,29.93150
119092,HDFC Money Market Fund - Growth Option - Direct Plan,HDFC Mutual Fund,Open Ended Schemes,Debt Scheme - Money Market Fund,13-07-2015,29.92490
119092,HDFC Money Market Fund - Growth Option - Direct Plan,HDFC Mutual Fund,Open Ended Schemes,Debt Scheme - Money Market Fund,12-07-2015,29.91840
119092,HDFC Money Market Fund - Growth Option - Direct Plan,HDFC Mutual Fund,Open Ended Schemes,Debt Scheme - Money Market Fund,10-07-2015,29.90520
119092,HDFC Money Market Fund - Growth Option - Direct Plan,HDFC Mutual Fund,Open Ended Schemes,Debt Scheme - Money Market Fund,09-07-2015,29.89860
119092,HDFC Money Market Fund - Growth Option - Direct Plan,HDFC Mutual Fund,Open Ended Schemes,Debt Scheme - Money Market Fund,08-07-2015,29.89210
119092,HDFC Money Market Fund - Growth Option - Direct Plan,HDFC Mutual Fund,Open Ended Schemes,Debt Scheme - Money Market Fund,07-07-2015,29.88560
119092,HDFC Money Market Fund - Growth Option - Direct Plan,HDFC Mutual Fund,Open Ended Schemes,Debt Scheme - Money Market Fund,06-07-2015,29.87910
119092,HDFC Money Market Fund - Growth Option - Direct Plan,HDFC Mutual Fund,Open Ended Schemes,Debt Scheme - Money Market Fund,05-07-2015,29.87240
119092,HDFC Money Market Fund - Growth Option - Direct Plan,HDFC Mutual Fund,Open Ended Schemes,Debt Scheme - Money Market Fund,03-07-2015,29.85950
119092,HDFC Money Market Fund - Growth Option - Direct Plan,HDFC Mutual Fund,Open Ended Schemes,Debt Scheme - Money Market Fund,02-07-2015,29.85280
119092,HDFC Money Market Fund - Growth Option - Direct Plan,HDFC Mutual Fund,Open Ended Schemes,Debt Scheme - Money Market Fund,01-07-2015,29.84620
119092,HDFC Money Market Fund - Growth Option - Direct Plan,HDFC Mutual Fund,Open Ended Schemes,Debt Scheme - Money Market Fund,30-06-2015,29.83960
119092,HDFC Money Market Fund - Growth Option - Direct Plan,HDFC Mutual Fund,Open Ended Schemes,Debt Scheme - Money Market Fund,29-06-2015,29.83170
119092,HDFC Money Market Fund - Growth Option - Direct Plan,HDFC Mutual Fund,Open Ended Schemes,Debt Scheme - Money Market Fund,28-06-2015,29.82510
119092,HDFC Money Market Fund - Growth Option - Direct Plan,HDFC Mutual Fund,Open Ended Schemes,Debt Scheme - Money Market Fund,26-06-2015,29.81210
119092,HDFC Money Market Fund - Growth Option - Direct Plan,HDFC Mutual Fund,Open Ended Schemes,Debt Scheme - Money Market Fund,25-06-2015,29.80540
119092,HDFC Money Market Fund - Growth Option - Direct Plan,HDFC Mutual Fund,Open Ended Schemes,Debt Scheme - Money Market Fund,24-06-2015,29.79890
119092,HDFC Money Market Fund - Growth Option - Direct Plan,HDFC Mutual Fund,Open Ended Schemes,Debt Scheme - Money Market Fund,23-06-2015,29.79230
119092,HDFC Money Market Fund - Growth Option - Direct Plan,HDFC Mutual Fund,Open Ended Schemes,Debt Scheme - Money Market Fund,22-06-2015,29.78580
119092,HDFC Money Market Fund - Growth Option - Direct Plan,HDFC Mutual Fund,Open Ended Schemes,Debt Scheme - Money Market Fund,21-06-2015,29.77930
119092,HDFC Money Market Fund - Growth Option - Direct Plan,HDFC Mutual Fund,Open Ended Schemes,Debt Scheme - Money Market Fund,19-06-2015,29.76640
119092,HDFC Money Market Fund - Growth Option - Direct Plan,HDFC Mutual Fund,Open Ended Schemes,Debt Scheme - Money Market Fund,18-06-2015,29.75970
119092,HDFC Money Market Fund - Growth Option - Direct Plan,HDFC Mutual Fund,Open Ended Schemes,Debt Scheme - Money Market Fund,17-06-2015,29.75320
119092,HDFC Money Market Fund - Growth Option - Direct Plan,HDFC Mutual Fund,Open Ended Schemes,Debt Scheme - Money Market Fund,16-06-2015,29.74660
119092,HDFC Money Market Fund - Growth Option - Direct Plan,HDFC Mutual Fund,Open Ended Schemes,Debt Scheme - Money Market Fund,15-06-2015,29.74010
119092,HDFC Money Market Fund - Growth Option - Direct Plan,HDFC Mutual Fund,Open Ended Schemes,Debt Scheme - Money Market Fund,14-06-2015,29.73360
119092,HDFC Money Market Fund - Growth Option - Direct Plan,HDFC Mutual Fund,Open Ended Schemes,Debt Scheme - Money Market Fund,12-06-2015,29.72030
119092,HDFC Money Market Fund - Growth Option - Direct Plan,HDFC Mutual Fund,Open Ended Schemes,Debt Scheme - Money Market Fund,11-06-2015,29.71370
119092,HDFC Money Market Fund - Growth Option - Direct Plan,HDFC Mutual Fund,Open Ended Schemes,Debt Scheme - Money Market Fund,10-06-2015,29.70710
119092,HDFC Money Market Fund - Growth Option - Direct Plan,HDFC Mutual Fund,Open Ended Schemes,Debt Scheme - Money Market Fund,09-06-2015,29.70040
119092,HDFC Money Market Fund - Growth Option - Direct Plan,HDFC Mutual Fund,Open Ended Schemes,Debt Scheme - Money Market Fund,08-06-2015,29.69370
119092,HDFC Money Market Fund - Growth Option - Direct Plan,HDFC Mutual Fund,Open Ended Schemes,Debt Scheme - Money Market Fund,07-06-2015,29.68710
119092,HDFC Money Market Fund - Growth Option - Direct Plan,HDFC Mutual Fund,Open Ended Schemes,Debt Scheme - Money Market Fund,05-06-2015,29.67390
119092,HDFC Money Market Fund - Growth Option - Direct Plan,HDFC Mutual Fund,Open Ended Schemes,Debt Scheme - Money Market Fund,04-06-2015,29.66730
119092,HDFC Money Market Fund - Growth Option - Direct Plan,HDFC Mutual Fund,Open Ended Schemes,Debt Scheme - Money Market Fund,03-06-2015,29.66050
119092,HDFC Money Market Fund - Growth Option - Direct Plan,HDFC Mutual Fund,Open Ended Schemes,Debt Scheme - Money Market Fund,02-06-2015,29.65370
119092,HDFC Money Market Fund - Growth Option - Direct Plan,HDFC Mutual Fund,Open Ended Schemes,Debt Scheme - Money Market Fund,01-06-2015,29.64700
119092,HDFC Money Market Fund - Growth Option - Direct Plan,HDFC Mutual Fund,Open Ended Schemes,Debt Scheme - Money Market Fund,31-05-2015,29.64000
119092,HDFC Money Market Fund - Growth Option - Direct Plan,HDFC Mutual Fund,Open Ended Schemes,Debt Scheme - Money Market Fund,29-05-2015,29.62690
119092,HDFC Money Market Fund - Growth Option - Direct Plan,HDFC Mutual Fund,Open Ended Schemes,Debt Scheme - Money Market Fund,28-05-2015,29.61990
119092,HDFC Money Market Fund - Growth Option - Direct Plan,HDFC Mutual Fund,Open Ended Schemes,Debt Scheme - Money Market Fund,27-05-2015,29.61310
119092,HDFC Money Market Fund - Growth Option - Direct Plan,HDFC Mutual Fund,Open Ended Schemes,Debt Scheme - Money Market Fund,26-05-2015,29.60630
119092,HDFC Money Market Fund - Growth Option - Direct Plan,HDFC Mutual Fund,Open Ended Schemes,Debt Scheme - Money Market Fund,25-05-2015,29.59940
119092,HDFC Money Market Fund - Growth Option - Direct Plan,HDFC Mutual Fund,Open Ended Schemes,Debt Scheme - Money Market Fund,24-05-2015,29.59250
119092,HDFC Money Market Fund - Growth Option - Direct Plan,HDFC Mutual Fund,Open Ended Schemes,Debt Scheme - Money Market Fund,22-05-2015,29.57940
119092,HDFC Money Market Fund - Growth Option - Direct Plan,HDFC Mutual Fund,Open Ended Schemes,Debt Scheme - Money Market Fund,21-05-2015,29.57260
119092,HDFC Money Market Fund - Growth Option - Direct Plan,HDFC Mutual Fund,Open Ended Schemes,Debt Scheme - Money Market Fund,20-05-2015,29.56550
119092,HDFC Money Market Fund - Growth Option - Direct Plan,HDFC Mutual Fund,Open Ended Schemes,Debt Scheme - Money Market Fund,19-05-2015,29.55880
119092,HDFC Money Market Fund - Growth Option - Direct Plan,HDFC Mutual Fund,Open Ended Schemes,Debt Scheme - Money Market Fund,18-05-2015,29.55190
119092,HDFC Money Market Fund - Growth Option - Direct Plan,HDFC Mutual Fund,Open Ended Schemes,Debt Scheme - Money Market Fund,17-05-2015,29.54480
119092,HDFC Money Market Fund - Growth Option - Direct Plan,HDFC Mutual Fund,Open Ended Schemes,Debt Scheme - Money Market Fund,15-05-2015,29.53100
119092,HDFC Money Market Fund - Growth Option - Direct Plan,HDFC Mutual Fund,Open Ended Schemes,Debt Scheme - Money Market Fund,14-05-2015,29.52430
119092,HDFC Money Market Fund - Growth Option - Direct Plan,HDFC Mutual Fund,Open Ended Schemes,Debt Scheme - Money Market Fund,13-05-2015,29.51740
119092,HDFC Money Market Fund - Growth Option - Direct Plan,HDFC Mutual Fund,Open Ended Schemes,Debt Scheme - Money Market Fund,12-05-2015,29.51060
119092,HDFC Money Market Fund - Growth Option - Direct Plan,HDFC Mutual Fund,Open Ended Schemes,Debt Scheme - Money Market Fund,11-05-2015,29.50380
119092,HDFC Money Market Fund - Growth Option - Direct Plan,HDFC Mutual Fund,Open Ended Schemes,Debt Scheme - Money Market Fund,10-05-2015,29.49700
119092,HDFC Money Market Fund - Growth Option - Direct Plan,HDFC Mutual Fund,Open Ended Schemes,Debt Scheme - Money Market Fund,08-05-2015,29.48350
119092,HDFC Money Market Fund - Growth Option - Direct Plan,HDFC Mutual Fund,Open Ended Schemes,Debt Scheme - Money Market Fund,07-05-2015,29.47680
119092,HDFC Money Market Fund - Growth Option - Direct Plan,HDFC Mutual Fund,Open Ended Schemes,Debt Scheme - Money Market Fund,06-05-2015,29.47020
119092,HDFC Money Market Fund - Growth Option - Direct Plan,HDFC Mutual Fund,Open Ended Schemes,Debt Scheme - Money Market Fund,05-05-2015,29.46350
119092,HDFC Money Market Fund - Growth Option - Direct Plan,HDFC Mutual Fund,Open Ended Schemes,Debt Scheme - Money Market Fund,04-05-2015,29.45690
119092,HDFC Money Market Fund - Growth Option - Direct Plan,HDFC Mutual Fund,Open Ended Schemes,Debt Scheme - Money Market Fund,30-04-2015,29.42940
119092,HDFC Money Market Fund - Growth Option - Direct Plan,HDFC Mutual Fund,Open Ended Schemes,Debt Scheme - Money Market Fund,29-04-2015,29.42270
119092,HDFC Money Market Fund - Growth Option - Direct Plan,HDFC Mutual Fund,Open Ended Schemes,Debt Scheme - Money Market Fund,28-04-2015,29.41580
119092,HDFC Money Market Fund - Growth Option - Direct Plan,HDFC Mutual Fund,Open Ended Schemes,Debt Scheme - Money Market Fund,27-04-2015,29.40900
119092,HDFC Money Market Fund - Growth Option - Direct Plan,HDFC Mutual Fund,Open Ended Schemes,Debt Scheme - Money Market Fund,26-04-2015,29.40230
119092,HDFC Money Market Fund - Growth Option - Direct Plan,HDFC Mutual Fund,Open Ended Schemes,Debt Scheme - Money Market Fund,24-04-2015,29.38870
119092,HDFC Money Market Fund - Growth Option - Direct Plan,HDFC Mutual Fund,Open Ended Schemes,Debt Scheme - Money Market Fund,23-04-2015,29.38190
119092,HDFC Money Market Fund - Growth Option - Direct Plan,HDFC Mutual Fund,Open Ended Schemes,Debt Scheme - Money Market Fund,22-04-2015,29.37510
119092,HDFC Money Market Fund - Growth Option - Direct Plan,HDFC Mutual Fund,Open Ended Schemes,Debt Scheme - Money Market Fund,21-04-2015,29.36840
119092,HDFC Money Market Fund - Growth Option - Direct Plan,HDFC Mutual Fund,Open Ended Schemes,Debt Scheme - Money Market Fund,20-04-2015,29.36160
119092,HDFC Money Market Fund - Growth Option - Direct Plan,HDFC Mutual Fund,Open Ended Schemes,Debt Scheme - Money Market Fund,19-04-2015,29.35480
119092,HDFC Money Market Fund - Growth Option - Direct Plan,HDFC Mutual Fund,Open Ended Schemes,Debt Scheme - Money Market Fund,17-04-2015,29.34110
119092,HDFC Money Market Fund - Growth Option - Direct Plan,HDFC Mutual Fund,Open Ended Schemes,Debt Scheme - Money Market Fund,16-04-2015,29.33430
119092,HDFC Money Market Fund - Growth Option - Direct Plan,HDFC Mutual Fund,Open Ended Schemes,Debt Scheme - Money Market Fund,15-04-2015,29.32760
119092,HDFC Money Market Fund - Growth Option - Direct Plan,HDFC Mutual Fund,Open Ended Schemes,Debt Scheme - Money Market Fund,14-04-2015,29.32080
119092,HDFC Money Market Fund - Growth Option - Direct Plan,HDFC Mutual Fund,Open Ended Schemes,Debt Scheme - Money Market Fund,13-04-2015,29.31400
119092,HDFC Money Market Fund - Growth Option - Direct Plan,HDFC Mutual Fund,Open Ended Schemes,Debt Scheme - Money Market Fund,12-04-2015,29.30730
119092,HDFC Money Market Fund - Growth Option - Direct Plan,HDFC Mutual Fund,Open Ended Schemes,Debt Scheme - Money Market Fund,10-04-2015,29.29360
119092,HDFC Money Market Fund - Growth Option - Direct Plan,HDFC Mutual Fund,Open Ended Schemes,Debt Scheme - Money Market Fund,09-04-2015,29.28710
119092,HDFC Money Market Fund - Growth Option - Direct Plan,HDFC Mutual Fund,Open Ended Schemes,Debt Scheme - Money Market Fund,08-04-2015,29.28010
119092,HDFC Money Market Fund - Growth Option - Direct Plan,HDFC Mutual Fund,Open Ended Schemes,Debt Scheme - Money Market Fund,07-04-2015,29.27350
119092,HDFC Money Market Fund - Growth Option - Direct Plan,HDFC Mutual Fund,Open Ended Schemes,Debt Scheme - Money Market Fund,06-04-2015,29.26650
119092,HDFC Money Market Fund - Growth Option - Direct Plan,HDFC Mutual Fund,Open Ended Schemes,Debt Scheme - Money Market Fund,05-04-2015,29.25880
119092,HDFC Money Market Fund - Growth Option - Direct Plan,HDFC Mutual Fund,Open Ended Schemes,Debt Scheme - Money Market Fund,31-03-2015,29.21910
119092,HDFC Money Market Fund - Growth Option - Direct Plan,HDFC Mutual Fund,Open Ended Schemes,Debt Scheme - Money Market Fund,30-03-2015,29.20560
119092,HDFC Money Market Fund - Growth Option - Direct Plan,HDFC Mutual Fund,Open Ended Schemes,Debt Scheme - Money Market Fund,29-03-2015,29.19780
119092,HDFC Money Market Fund - Growth Option - Direct Plan,HDFC Mutual Fund,Open Ended Schemes,Debt Scheme - Money Market Fund,27-03-2015,29.18380
119092,HDFC Money Market Fund - Growth Option - Direct Plan,HDFC Mutual Fund,Open Ended Schemes,Debt Scheme - Money Market Fund,26-03-2015,29.17680
119092,HDFC Money Market Fund - Growth Option - Direct Plan,HDFC Mutual Fund,Open Ended Schemes,Debt Scheme - Money Market Fund,25-03-2015,29.16980
119092,HDFC Money Market Fund - Growth Option - Direct Plan,HDFC Mutual Fund,Open Ended Schemes,Debt Scheme - Money Market Fund,24-03-2015,29.16310
119092,HDFC Money Market Fund - Growth Option - Direct Plan,HDFC Mutual Fund,Open Ended Schemes,Debt Scheme - Money Market Fund,23-03-2015,29.15660
119092,HDFC Money Market Fund - Growth Option - Direct Plan,HDFC Mutual Fund,Open Ended Schemes,Debt Scheme - Money Market Fund,22-03-2015,29.15000
119092,HDFC Money Market Fund - Growth Option - Direct Plan,HDFC Mutual Fund,Open Ended Schemes,Debt Scheme - Money Market Fund,20-03-2015,29.13610
119092,HDFC Money Market Fund - Growth Option - Direct Plan,HDFC Mutual Fund,Open Ended Schemes,Debt Scheme - Money Market Fund,19-03-2015,29.12930
119092,HDFC Money Market Fund - Growth Option - Direct Plan,HDFC Mutual Fund,Open Ended Schemes,Debt Scheme - Money Market Fund,18-03-2015,29.12250
119092,HDFC Money Market Fund - Growth Option - Direct Plan,HDFC Mutual Fund,Open Ended Schemes,Debt Scheme - Money Market Fund,17-03-2015,29.11570
119092,HDFC Money Market Fund - Growth Option - Direct Plan,HDFC Mutual Fund,Open Ended Schemes,Debt Scheme - Money Market Fund,16-03-2015,29.10890
119092,HDFC Money Market Fund - Growth Option - Direct Plan,HDFC Mutual Fund,Open Ended Schemes,Debt Scheme - Money Market Fund,15-03-2015,29.10210
119092,HDFC Money Market Fund - Growth Option - Direct Plan,HDFC Mutual Fund,Open Ended Schemes,Debt Scheme - Money Market Fund,13-03-2015,29.08810
119092,HDFC Money Market Fund - Growth Option - Direct Plan,HDFC Mutual Fund,Open Ended Schemes,Debt Scheme - Money Market Fund,12-03-2015,29.08130
119092,HDFC Money Market Fund - Growth Option - Direct Plan,HDFC Mutual Fund,Open Ended Schemes,Debt Scheme - Money Market Fund,11-03-2015,29.07460
119092,HDFC Money Market Fund - Growth Option - Direct Plan,HDFC Mutual Fund,Open Ended Schemes,Debt Scheme - Money Market Fund,10-03-2015,29.06800
119092,HDFC Money Market Fund - Growth Option - Direct Plan,HDFC Mutual Fund,Open Ended Schemes,Debt Scheme - Money Market Fund,09-03-2015,29.06120
119092,HDFC Money Market Fund - Growth Option - Direct Plan,HDFC Mutual Fund,Open Ended Schemes,Debt Scheme - Money Market Fund,08-03-2015,29.05460
119092,HDFC Money Market Fund - Growth Option - Direct Plan,HDFC Mutual Fund,Open Ended Schemes,Debt Scheme - Money Market Fund,05-03-2015,29.03400
119092,HDFC Money Market Fund - Growth Option - Direct Plan,HDFC Mutual Fund,Open Ended Schemes,Debt Scheme - Money Market Fund,04-03-2015,29.02690
119092,HDFC Money Market Fund - Growth Option - Direct Plan,HDFC Mutual Fund,Open Ended Schemes,Debt Scheme - Money Market Fund,03-03-2015,29.01960
119092,HDFC Money Market Fund - Growth Option - Direct Plan,HDFC Mutual Fund,Open Ended Schemes,Debt Scheme - Money Market Fund,02-03-2015,29.01280
119092,HDFC Money Market Fund - Growth Option - Direct Plan,HDFC Mutual Fund,Open Ended Schemes,Debt Scheme - Money Market Fund,01-03-2015,29.00620
119092,HDFC Money Market Fund - Growth Option - Direct Plan,HDFC Mutual Fund,Open Ended Schemes,Debt Scheme - Money Market Fund,27-02-2015,28.99250
119092,HDFC Money Market Fund - Growth Option - Direct Plan,HDFC Mutual Fund,Open Ended Schemes,Debt Scheme - Money Market Fund,26-02-2015,28.98570
119092,HDFC Money Market Fund - Growth Option - Direct Plan,HDFC Mutual Fund,Open Ended Schemes,Debt Scheme - Money Market Fund,25-02-2015,28.97890
119092,HDFC Money Market Fund - Growth Option - Direct Plan,HDFC Mutual Fund,Open Ended Schemes,Debt Scheme - Money Market Fund,24-02-2015,28.97230
119092,HDFC Money Market Fund - Growth Option - Direct Plan,HDFC Mutual Fund,Open Ended Schemes,Debt Scheme - Money Market Fund,23-02-2015,28.96570
119092,HDFC Money Market Fund - Growth Option - Direct Plan,HDFC Mutual Fund,Open Ended Schemes,Debt Scheme - Money Market Fund,22-02-2015,28.95910
119092,HDFC Money Market Fund - Growth Option - Direct Plan,HDFC Mutual Fund,Open Ended Schemes,Debt Scheme - Money Market Fund,20-02-2015,28.94580
119092,HDFC Money Market Fund - Growth Option - Direct Plan,HDFC Mutual Fund,Open Ended Schemes,Debt Scheme - Money Market Fund,19-02-2015,28.93920
119092,HDFC Money Market Fund - Growth Option - Direct Plan,HDFC Mutual Fund,Open Ended Schemes,Debt Scheme - Money Market Fund,18-02-2015,28.93260
119092,HDFC Money Market Fund - Growth Option - Direct Plan,HDFC Mutual Fund,Open Ended Schemes,Debt Scheme - Money Market Fund,17-02-2015,28.92600
119092,HDFC Money Market Fund - Growth Option - Direct Plan,HDFC Mutual Fund,Open Ended Schemes,Debt Scheme - Money Market Fund,16-02-2015,28.91950
119092,HDFC Money Market Fund - Growth Option - Direct Plan,HDFC Mutual Fund,Open Ended Schemes,Debt Scheme - Money Market Fund,15-02-2015,28.91290
119092,HDFC Money Market Fund - Growth Option - Direct Plan,HDFC Mutual Fund,Open Ended Schemes,Debt Scheme - Money Market Fund,13-02-2015,28.89970
119092,HDFC Money Market Fund - Growth Option - Direct Plan,HDFC Mutual Fund,Open Ended Schemes,Debt Scheme - Money Market Fund,12-02-2015,28.89310
119092,HDFC Money Market Fund - Growth Option - Direct Plan,HDFC Mutual Fund,Open Ended Schemes,Debt Scheme - Money Market Fund,11-02-2015,28.88650
119092,HDFC Money Market Fund - Growth Option - Direct Plan,HDFC Mutual Fund,Open Ended Schemes,Debt Scheme - Money Market Fund,10-02-2015,28.87990
119092,HDFC Money Market Fund - Growth Option - Direct Plan,HDFC Mutual Fund,Open Ended Schemes,Debt Scheme - Money Market Fund,09-02-2015,28.87330
119092,HDFC Money Market Fund - Growth Option - Direct Plan,HDFC Mutual Fund,Open Ended Schemes,Debt Scheme - Money Market Fund,08-02-2015,28.86670
119092,HDFC Money Market Fund - Growth Option - Direct Plan,HDFC Mutual Fund,Open Ended Schemes,Debt Scheme - Money Market Fund,06-02-2015,28.85350
119092,HDFC Money Market Fund - Growth Option - Direct Plan,HDFC Mutual Fund,Open Ended Schemes,Debt Scheme - Money Market Fund,05-02-2015,28.84690
119092,HDFC Money Market Fund - Growth Option - Direct Plan,HDFC Mutual Fund,Open Ended Schemes,Debt Scheme - Money Market Fund,04-02-2015,28.84030
119092,HDFC Money Market Fund - Growth Option - Direct Plan,HDFC Mutual Fund,Open Ended Schemes,Debt Scheme - Money Market Fund,03-02-2015,28.83370
119092,HDFC Money Market Fund - Growth Option - Direct Plan,HDFC Mutual Fund,Open Ended Schemes,Debt Scheme - Money Market Fund,02-02-2015,28.82720
119092,HDFC Money Market Fund - Growth Option - Direct Plan,HDFC Mutual Fund,Open Ended Schemes,Debt Scheme - Money Market Fund,01-02-2015,28.82060
119092,HDFC Money Market Fund - Growth Option - Direct Plan,HDFC Mutual Fund,Open Ended Schemes,Debt Scheme - Money Market Fund,30-01-2015,28.80740
119092,HDFC Money Market Fund - Growth Option - Direct Plan,HDFC Mutual Fund,Open Ended Schemes,Debt Scheme - Money Market Fund,29-01-2015,28.80070
119092,HDFC Money Market Fund - Growth Option - Direct Plan,HDFC Mutual Fund,Open Ended Schemes,Debt Scheme - Money Market Fund,28-01-2015,28.79410
119092,HDFC Money Market Fund - Growth Option - Direct Plan,HDFC Mutual Fund,Open Ended Schemes,Debt Scheme - Money Market Fund,27-01-2015,28.78750
119092,HDFC Money Market Fund - Growth Option - Direct Plan,HDFC Mutual Fund,Open Ended Schemes,Debt Scheme - Money Market Fund,26-01-2015,28.78080
119092,HDFC Money Market Fund - Growth Option - Direct Plan,HDFC Mutual Fund,Open Ended Schemes,Debt Scheme - Money Market Fund,23-01-2015,28.76120
119092,HDFC Money Market Fund - Growth Option - Direct Plan,HDFC Mutual Fund,Open Ended Schemes,Debt Scheme - Money Market Fund,22-01-2015,28.75460
119092,HDFC Money Market Fund - Growth Option - Direct Plan,HDFC Mutual Fund,Open Ended Schemes,Debt Scheme - Money Market Fund,21-01-2015,28.74800
119092,HDFC Money Market Fund - Growth Option - Direct Plan,HDFC Mutual Fund,Open Ended Schemes,Debt Scheme - Money Market Fund,20-01-2015,28.74140
119092,HDFC Money Market Fund - Growth Option - Direct Plan,HDFC Mutual Fund,Open Ended Schemes,Debt Scheme - Money Market Fund,19-01-2015,28.73480
119092,HDFC Money Market Fund - Growth Option - Direct Plan,HDFC Mutual Fund,Open Ended Schemes,Debt Scheme - Money Market Fund,18-01-2015,28.72820
119092,HDFC Money Market Fund - Growth Option - Direct Plan,HDFC Mutual Fund,Open Ended Schemes,Debt Scheme - Money Market Fund,16-01-2015,28.71500
119092,HDFC Money Market Fund - Growth Option - Direct Plan,HDFC Mutual Fund,Open Ended Schemes,Debt Scheme - Money Market Fund,15-01-2015,28.70840
119092,HDFC Money Market Fund - Growth Option - Direct Plan,HDFC Mutual Fund,Open Ended Schemes,Debt Scheme - Money Market Fund,14-01-2015,28.70170
119092,HDFC Money Market Fund - Growth Option - Direct Plan,HDFC Mutual Fund,Open Ended Schemes,Debt Scheme - Money Market Fund,13-01-2015,28.69510
119092,HDFC Money Market Fund - Growth Option - Direct Plan,HDFC Mutual Fund,Open Ended Schemes,Debt Scheme - Money Market Fund,12-01-2015,28.68850
119092,HDFC Money Market Fund - Growth Option - Direct Plan,HDFC Mutual Fund,Open Ended Schemes,Debt Scheme - Money Market Fund,11-01-2015,28.68190
119092,HDFC Money Market Fund - Growth Option - Direct Plan,HDFC Mutual Fund,Open Ended Schemes,Debt Scheme - Money Market Fund,09-01-2015,28.66870
119092,HDFC Money Market Fund - Growth Option - Direct Plan,HDFC Mutual Fund,Open Ended Schemes,Debt Scheme - Money Market Fund,08-01-2015,28.66210
119092,HDFC Money Market Fund - Growth Option - Direct Plan,HDFC Mutual Fund,Open Ended Schemes,Debt Scheme - Money Market Fund,07-01-2015,28.65550
119092,HDFC Money Market Fund - Growth Option - Direct Plan,HDFC Mutual Fund,Open Ended Schemes,Debt Scheme - Money Market Fund,06-01-2015,28.64890
119092,HDFC Money Market Fund - Growth Option - Direct Plan,HDFC Mutual Fund,Open Ended Schemes,Debt Scheme - Money Market Fund,05-01-2015,28.64230
119092,HDFC Money Market Fund - Growth Option - Direct Plan,HDFC Mutual Fund,Open Ended Schemes,Debt Scheme - Money Market Fund,04-01-2015,28.63570
119092,HDFC Money Market Fund - Growth Option - Direct Plan,HDFC Mutual Fund,Open Ended Schemes,Debt Scheme - Money Market Fund,02-01-2015,28.62260
119092,HDFC Money Market Fund - Growth Option - Direct Plan,HDFC Mutual Fund,Open Ended Schemes,Debt Scheme - Money Market Fund,01-01-2015,28.61600
119092,HDFC Money Market Fund - Growth Option - Direct Plan,HDFC Mutual Fund,Open Ended Schemes,Debt Scheme - Money Market Fund,31-12-2014,28.60910
119092,HDFC Money Market Fund - Growth Option - Direct Plan,HDFC Mutual Fund,Open Ended Schemes,Debt Scheme - Money Market Fund,30-12-2014,28.60190
119092,HDFC Money Market Fund - Growth Option - Direct Plan,HDFC Mutual Fund,Open Ended Schemes,Debt Scheme - Money Market Fund,29-12-2014,28.59520
119092,HDFC Money Market Fund - Growth Option - Direct Plan,HDFC Mutual Fund,Open Ended Schemes,Debt Scheme - Money Market Fund,28-12-2014,28.58860
119092,HDFC Money Market Fund - Growth Option - Direct Plan,HDFC Mutual Fund,Open Ended Schemes,Debt Scheme - Money Market Fund,26-12-2014,28.57540
119092,HDFC Money Market Fund - Growth Option - Direct Plan,HDFC Mutual Fund,Open Ended Schemes,Debt Scheme - Money Market Fund,25-12-2014,28.56900
119092,HDFC Money Market Fund - Growth Option - Direct Plan,HDFC Mutual Fund,Open Ended Schemes,Debt Scheme - Money Market Fund,24-12-2014,28.56240
119092,HDFC Money Market Fund - Growth Option - Direct Plan,HDFC Mutual Fund,Open Ended Schemes,Debt Scheme - Money Market Fund,23-12-2014,28.55590
119092,HDFC Money Market Fund - Growth Option - Direct Plan,HDFC Mutual Fund,Open Ended Schemes,Debt Scheme - Money Market Fund,22-12-2014,28.54930
119092,HDFC Money Market Fund - Growth Option - Direct Plan,HDFC Mutual Fund,Open Ended Schemes,Debt Scheme - Money Market Fund,21-12-2014,28.54300
119092,HDFC Money Market Fund - Growth Option - Direct Plan,HDFC Mutual Fund,Open Ended Schemes,Debt Scheme - Money Market Fund,19-12-2014,28.52990
119092,HDFC Money Market Fund - Growth Option - Direct Plan,HDFC Mutual Fund,Open Ended Schemes,Debt Scheme - Money Market Fund,18-12-2014,28.52340
119092,HDFC Money Market Fund - Growth Option - Direct Plan,HDFC Mutual Fund,Open Ended Schemes,Debt Scheme - Money Market Fund,17-12-2014,28.51690
119092,HDFC Money Market Fund - Growth Option - Direct Plan,HDFC Mutual Fund,Open Ended Schemes,Debt Scheme - Money Market Fund,16-12-2014,28.51040
119092,HDFC Money Market Fund - Growth Option - Direct Plan,HDFC Mutual Fund,Open Ended Schemes,Debt Scheme - Money Market Fund,15-12-2014,28.50390
119092,HDFC Money Market Fund - Growth Option - Direct Plan,HDFC Mutual Fund,Open Ended Schemes,Debt Scheme - Money Market Fund,14-12-2014,28.49750
119092,HDFC Money Market Fund - Growth Option - Direct Plan,HDFC Mutual Fund,Open Ended Schemes,Debt Scheme - Money Market Fund,12-12-2014,28.48460
119092,HDFC Money Market Fund - Growth Option - Direct Plan,HDFC Mutual Fund,Open Ended Schemes,Debt Scheme - Money Market Fund,11-12-2014,28.47790
119092,HDFC Money Market Fund - Growth Option - Direct Plan,HDFC Mutual Fund,Open Ended Schemes,Debt Scheme - Money Market Fund,10-12-2014,28.47130
119092,HDFC Money Market Fund - Growth Option - Direct Plan,HDFC Mutual Fund,Open Ended Schemes,Debt Scheme - Money Market Fund,09-12-2014,28.46480
119092,HDFC Money Market Fund - Growth Option - Direct Plan,HDFC Mutual Fund,Open Ended Schemes,Debt Scheme - Money Market Fund,08-12-2014,28.45820
119092,HDFC Money Market Fund - Growth Option - Direct Plan,HDFC Mutual Fund,Open Ended Schemes,Debt Scheme - Money Market Fund,07-12-2014,28.45170
119092,HDFC Money Market Fund - Growth Option - Direct Plan,HDFC Mutual Fund,Open Ended Schemes,Debt Scheme - Money Market Fund,05-12-2014,28.43870
119092,HDFC Money Market Fund - Growth Option - Direct Plan,HDFC Mutual Fund,Open Ended Schemes,Debt Scheme - Money Market Fund,04-12-2014,28.43210
119092,HDFC Money Market Fund - Growth Option - Direct Plan,HDFC Mutual Fund,Open Ended Schemes,Debt Scheme - Money Market Fund,03-12-2014,28.42560
119092,HDFC Money Market Fund - Growth Option - Direct Plan,HDFC Mutual Fund,Open Ended Schemes,Debt Scheme - Money Market Fund,02-12-2014,28.41900
119092,HDFC Money Market Fund - Growth Option - Direct Plan,HDFC Mutual Fund,Open Ended Schemes,Debt Scheme - Money Market Fund,01-12-2014,28.41240
119092,HDFC Money Market Fund - Growth Option - Direct Plan,HDFC Mutual Fund,Open Ended Schemes,Debt Scheme - Money Market Fund,30-11-2014,28.40570
119092,HDFC Money Market Fund - Growth Option - Direct Plan,HDFC Mutual Fund,Open Ended Schemes,Debt Scheme - Money Market Fund,28-11-2014,28.39260
119092,HDFC Money Market Fund - Growth Option - Direct Plan,HDFC Mutual Fund,Open Ended Schemes,Debt Scheme - Money Market Fund,27-11-2014,28.38610
119092,HDFC Money Market Fund - Growth Option - Direct Plan,HDFC Mutual Fund,Open Ended Schemes,Debt Scheme - Money Market Fund,26-11-2014,28.37950
119092,HDFC Money Market Fund - Growth Option - Direct Plan,HDFC Mutual Fund,Open Ended Schemes,Debt Scheme - Money Market Fund,25-11-2014,28.37300
119092,HDFC Money Market Fund - Growth Option - Direct Plan,HDFC Mutual Fund,Open Ended Schemes,Debt Scheme - Money Market Fund,24-11-2014,28.36640
119092,HDFC Money Market Fund - Growth Option - Direct Plan,HDFC Mutual Fund,Open Ended Schemes,Debt Scheme - Money Market Fund,23-11-2014,28.35980
119092,HDFC Money Market Fund - Growth Option - Direct Plan,HDFC Mutual Fund,Open Ended Schemes,Debt Scheme - Money Market Fund,21-11-2014,28.34650
119092,HDFC Money Market Fund - Growth Option - Direct Plan,HDFC Mutual Fund,Open Ended Schemes,Debt Scheme - Money Market Fund,20-11-2014,28.33980
119092,HDFC Money Market Fund - Growth Option - Direct Plan,HDFC Mutual Fund,Open Ended Schemes,Debt Scheme - Money Market Fund,19-11-2014,28.33320
119092,HDFC Money Market Fund - Growth Option - Direct Plan,HDFC Mutual Fund,Open Ended Schemes,Debt Scheme - Money Market Fund,18-11-2014,28.32650
119092,HDFC Money Market Fund - Growth Option - Direct Plan,HDFC Mutual Fund,Open Ended Schemes,Debt Scheme - Money Market Fund,17-11-2014,28.31990
119092,HDFC Money Market Fund - Growth Option - Direct Plan,HDFC Mutual Fund,Open Ended Schemes,Debt Scheme - Money Market Fund,16-11-2014,28.31320
119092,HDFC Money Market Fund - Growth Option - Direct Plan,HDFC Mutual Fund,Open Ended Schemes,Debt Scheme - Money Market Fund,14-11-2014,28.30000
119092,HDFC Money Market Fund - Growth Option - Direct Plan,HDFC Mutual Fund,Open Ended Schemes,Debt Scheme - Money Market Fund,13-11-2014,28.29340
119092,HDFC Money Market Fund - Growth Option - Direct Plan,HDFC Mutual Fund,Open Ended Schemes,Debt Scheme - Money Market Fund,12-11-2014,28.28680
119092,HDFC Money Market Fund - Growth Option - Direct Plan,HDFC Mutual Fund,Open Ended Schemes,Debt Scheme - Money Market Fund,11-11-2014,28.28020
119092,HDFC Money Market Fund - Growth Option - Direct Plan,HDFC Mutual Fund,Open Ended Schemes,Debt Scheme - Money Market Fund,10-11-2014,28.27360
119092,HDFC Money Market Fund - Growth Option - Direct Plan,HDFC Mutual Fund,Open Ended Schemes,Debt Scheme - Money Market Fund,09-11-2014,28.26690
119092,HDFC Money Market Fund - Growth Option - Direct Plan,HDFC Mutual Fund,Open Ended Schemes,Debt Scheme - Money Market Fund,07-11-2014,28.25380
119092,HDFC Money Market Fund - Growth Option - Direct Plan,HDFC Mutual Fund,Open Ended Schemes,Debt Scheme - Money Market Fund,06-11-2014,28.24700
119092,HDFC Money Market Fund - Growth Option - Direct Plan,HDFC Mutual Fund,Open Ended Schemes,Debt Scheme - Money Market Fund,05-11-2014,28.24040
119092,HDFC Money Market Fund - Growth Option - Direct Plan,HDFC Mutual Fund,Open Ended Schemes,Debt Scheme - Money Market Fund,04-11-2014,28.23360
119092,HDFC Money Market Fund - Growth Option - Direct Plan,HDFC Mutual Fund,Open Ended Schemes,Debt Scheme - Money Market Fund,03-11-2014,28.22700
119092,HDFC Money Market Fund - Growth Option - Direct Plan,HDFC Mutual Fund,Open Ended Schemes,Debt Scheme - Money Market Fund,02-11-2014,28.22030
119092,HDFC Money Market Fund - Growth Option - Direct Plan,HDFC Mutual Fund,Open Ended Schemes,Debt Scheme - Money Market Fund,31-10-2014,28.20690
119092,HDFC Money Market Fund - Growth Option - Direct Plan,HDFC Mutual Fund,Open Ended Schemes,Debt Scheme - Money Market Fund,30-10-2014,28.20010
119092,HDFC Money Market Fund - Growth Option - Direct Plan,HDFC Mutual Fund,Open Ended Schemes,Debt Scheme - Money Market Fund,29-10-2014,28.19340
119092,HDFC Money Market Fund - Growth Option - Direct Plan,HDFC Mutual Fund,Open Ended Schemes,Debt Scheme - Money Market Fund,28-10-2014,28.18670
119092,HDFC Money Market Fund - Growth Option - Direct Plan,HDFC Mutual Fund,Open Ended Schemes,Debt Scheme - Money Market Fund,27-10-2014,28.18010
119092,HDFC Money Market Fund - Growth Option - Direct Plan,HDFC Mutual Fund,Open Ended Schemes,Debt Scheme - Money Market Fund,26-10-2014,28.17340
119092,HDFC Money Market Fund - Growth Option - Direct Plan,HDFC Mutual Fund,Open Ended Schemes,Debt Scheme - Money Market Fund,22-10-2014,28.14660
119092,HDFC Money Market Fund - Growth Option - Direct Plan,HDFC Mutual Fund,Open Ended Schemes,Debt Scheme - Money Market Fund,21-10-2014,28.14040
119092,HDFC Money Market Fund - Growth Option - Direct Plan,HDFC Mutual Fund,Open Ended Schemes,Debt Scheme - Money Market Fund,20-10-2014,28.13380
119092,HDFC Money Market Fund - Growth Option - Direct Plan,HDFC Mutual Fund,Open Ended Schemes,Debt Scheme - Money Market Fund,19-10-2014,28.12720
119092,HDFC Money Market Fund - Growth Option - Direct Plan,HDFC Mutual Fund,Open Ended Schemes,Debt Scheme - Money Market Fund,17-10-2014,28.11400
119092,HDFC Money Market Fund - Growth Option - Direct Plan,HDFC Mutual Fund,Open Ended Schemes,Debt Scheme - Money Market Fund,16-10-2014,28.10730
119092,HDFC Money Market Fund - Growth Option - Direct Plan,HDFC Mutual Fund,Open Ended Schemes,Debt Scheme - Money Market Fund,15-10-2014,28.10060
119092,HDFC Money Market Fund - Growth Option - Direct Plan,HDFC Mutual Fund,Open Ended Schemes,Debt Scheme - Money Market Fund,14-10-2014,28.09400
119092,HDFC Money Market Fund - Growth Option - Direct Plan,HDFC Mutual Fund,Open Ended Schemes,Debt Scheme - Money Market Fund,13-10-2014,28.08730
119092,HDFC Money Market Fund - Growth Option - Direct Plan,HDFC Mutual Fund,Open Ended Schemes,Debt Scheme - Money Market Fund,12-10-2014,28.08060
119092,HDFC Money Market Fund - Growth Option - Direct Plan,HDFC Mutual Fund,Open Ended Schemes,Debt Scheme - Money Market Fund,10-10-2014,28.06740
119092,HDFC Money Market Fund - Growth Option - Direct Plan,HDFC Mutual Fund,Open Ended Schemes,Debt Scheme - Money Market Fund,09-10-2014,28.06080
119092,HDFC Money Market Fund - Growth Option - Direct Plan,HDFC Mutual Fund,Open Ended Schemes,Debt Scheme - Money Market Fund,08-10-2014,28.05420
119092,HDFC Money Market Fund - Growth Option - Direct Plan,HDFC Mutual Fund,Open Ended Schemes,Debt Scheme - Money Market Fund,07-10-2014,28.04730
119092,HDFC Money Market Fund - Growth Option - Direct Plan,HDFC Mutual Fund,Open Ended Schemes,Debt Scheme - Money Market Fund,06-10-2014,28.04060
119092,HDFC Money Market Fund - Growth Option - Direct Plan,HDFC Mutual Fund,Open Ended Schemes,Debt Scheme - Money Market Fund,01-10-2014,28.00600
119092,HDFC Money Market Fund - Growth Option - Direct Plan,HDFC Mutual Fund,Open Ended Schemes,Debt Scheme - Money Market Fund,30-09-2014,28.00020
119092,HDFC Money Market Fund - Growth Option - Direct Plan,HDFC Mutual Fund,Open Ended Schemes,Debt Scheme - Money Market Fund,29-09-2014,27.99240
119092,HDFC Money Market Fund - Growth Option - Direct Plan,HDFC Mutual Fund,Open Ended Schemes,Debt Scheme - Money Market Fund,28-09-2014,27.98580
119092,HDFC Money Market Fund - Growth Option - Direct Plan,HDFC Mutual Fund,Open Ended Schemes,Debt Scheme - Money Market Fund,26-09-2014,27.97270
119092,HDFC Money Market Fund - Growth Option - Direct Plan,HDFC Mutual Fund,Open Ended Schemes,Debt Scheme - Money Market Fund,25-09-2014,27.96610
119092,HDFC Money Market Fund - Growth Option - Direct Plan,HDFC Mutual Fund,Open Ended Schemes,Debt Scheme - Money Market Fund,24-09-2014,27.95950
119092,HDFC Money Market Fund - Growth Option - Direct Plan,HDFC Mutual Fund,Open Ended Schemes,Debt Scheme - Money Market Fund,23-09-2014,27.95280
119092,HDFC Money Market Fund - Growth Option - Direct Plan,HDFC Mutual Fund,Open Ended Schemes,Debt Scheme - Money Market Fund,22-09-2014,27.94610
119092,HDFC Money Market Fund - Growth Option - Direct Plan,HDFC Mutual Fund,Open Ended Schemes,Debt Scheme - Money Market Fund,21-09-2014,27.93950
119092,HDFC Money Market Fund - Growth Option - Direct Plan,HDFC Mutual Fund,Open Ended Schemes,Debt Scheme - Money Market Fund,19-09-2014,27.92620
119092,HDFC Money Market Fund - Growth Option - Direct Plan,HDFC Mutual Fund,Open Ended Schemes,Debt Scheme - Money Market Fund,18-09-2014,27.91950
119092,HDFC Money Market Fund - Growth Option - Direct Plan,HDFC Mutual Fund,Open Ended Schemes,Debt Scheme - Money Market Fund,17-09-2014,27.91280
119092,HDFC Money Market Fund - Growth Option - Direct Plan,HDFC Mutual Fund,Open Ended Schemes,Debt Scheme - Money Market Fund,16-09-2014,27.90620
119092,HDFC Money Market Fund - Growth Option - Direct Plan,HDFC Mutual Fund,Open Ended Schemes,Debt Scheme - Money Market Fund,15-09-2014,27.89960
119092,HDFC Money Market Fund - Growth Option - Direct Plan,HDFC Mutual Fund,Open Ended Schemes,Debt Scheme - Money Market Fund,14-09-2014,27.89300
119092,HDFC Money Market Fund - Growth Option - Direct Plan,HDFC Mutual Fund,Open Ended Schemes,Debt Scheme - Money Market Fund,12-09-2014,27.87990
119092,HDFC Money Market Fund - Growth Option - Direct Plan,HDFC Mutual Fund,Open Ended Schemes,Debt Scheme - Money Market Fund,11-09-2014,27.87340
119092,HDFC Money Market Fund - Growth Option - Direct Plan,HDFC Mutual Fund,Open Ended Schemes,Debt Scheme - Money Market Fund,10-09-2014,27.86690
119092,HDFC Money Market Fund - Growth Option - Direct Plan,HDFC Mutual Fund,Open Ended Schemes,Debt Scheme - Money Market Fund,09-09-2014,27.86030
119092,HDFC Money Market Fund - Growth Option - Direct Plan,HDFC Mutual Fund,Open Ended Schemes,Debt Scheme - Money Market Fund,08-09-2014,27.85380
119092,HDFC Money Market Fund - Growth Option - Direct Plan,HDFC Mutual Fund,Open Ended Schemes,Debt Scheme - Money Market Fund,07-09-2014,27.84720
119092,HDFC Money Market Fund - Growth Option - Direct Plan,HDFC Mutual Fund,Open Ended Schemes,Debt Scheme - Money Market Fund,05-09-2014,27.83420
119092,HDFC Money Market Fund - Growth Option - Direct Plan,HDFC Mutual Fund,Open Ended Schemes,Debt Scheme - Money Market Fund,04-09-2014,27.82770
119092,HDFC Money Market Fund - Growth Option - Direct Plan,HDFC Mutual Fund,Open Ended Schemes,Debt Scheme - Money Market Fund,03-09-2014,27.82110
119092,HDFC Money Market Fund - Growth Option - Direct Plan,HDFC Mutual Fund,Open Ended Schemes,Debt Scheme - Money Market Fund,02-09-2014,27.81460
119092,HDFC Money Market Fund - Growth Option - Direct Plan,HDFC Mutual Fund,Open Ended Schemes,Debt Scheme - Money Market Fund,01-09-2014,27.80810
119092,HDFC Money Market Fund - Growth Option - Direct Plan,HDFC Mutual Fund,Open Ended Schemes,Debt Scheme - Money Market Fund,31-08-2014,27.80160
119092,HDFC Money Market Fund - Growth Option - Direct Plan,HDFC Mutual Fund,Open Ended Schemes,Debt Scheme - Money Market Fund,28-08-2014,27.78210
119092,HDFC Money Market Fund - Growth Option - Direct Plan,HDFC Mutual Fund,Open Ended Schemes,Debt Scheme - Money Market Fund,27-08-2014,27.77540
119092,HDFC Money Market Fund - Growth Option - Direct Plan,HDFC Mutual Fund,Open Ended Schemes,Debt Scheme - Money Market Fund,26-08-2014,27.76900
119092,HDFC Money Market Fund - Growth Option - Direct Plan,HDFC Mutual Fund,Open Ended Schemes,Debt Scheme - Money Market Fund,25-08-2014,27.76240
119092,HDFC Money Market Fund - Growth Option - Direct Plan,HDFC Mutual Fund,Open Ended Schemes,Debt Scheme - Money Market Fund,24-08-2014,27.75590
119092,HDFC Money Market Fund - Growth Option - Direct Plan,HDFC Mutual Fund,Open Ended Schemes,Debt Scheme - Money Market Fund,22-08-2014,27.74310
119092,HDFC Money Market Fund - Growth Option - Direct Plan,HDFC Mutual Fund,Open Ended Schemes,Debt Scheme - Money Market Fund,21-08-2014,27.73660
119092,HDFC Money Market Fund - Growth Option - Direct Plan,HDFC Mutual Fund,Open Ended Schemes,Debt Scheme - Money Market Fund,20-08-2014,27.73010
119092,HDFC Money Market Fund - Growth Option - Direct Plan,HDFC Mutual Fund,Open Ended Schemes,Debt Scheme - Money Market Fund,19-08-2014,27.72370
119092,HDFC Money Market Fund - Growth Option - Direct Plan,HDFC Mutual Fund,Open Ended Schemes,Debt Scheme - Money Market Fund,18-08-2014,27.71730
119092,HDFC Money Market Fund - Growth Option - Direct Plan,HDFC Mutual Fund,Open Ended Schemes,Debt Scheme - Money Market Fund,14-08-2014,27.69150
119092,HDFC Money Market Fund - Growth Option - Direct Plan,HDFC Mutual Fund,Open Ended Schemes,Debt Scheme - Money Market Fund,13-08-2014,27.68510
119092,HDFC Money Market Fund - Growth Option - Direct Plan,HDFC Mutual Fund,Open Ended Schemes,Debt Scheme - Money Market Fund,12-08-2014,27.67870
119092,HDFC Money Market Fund - Growth Option - Direct Plan,HDFC Mutual Fund,Open Ended Schemes,Debt Scheme - Money Market Fund,11-08-2014,27.67230
119092,HDFC Money Market Fund - Growth Option - Direct Plan,HDFC Mutual Fund,Open Ended Schemes,Debt Scheme - Money Market Fund,10-08-2014,27.66590
119092,HDFC Money Market Fund - Growth Option - Direct Plan,HDFC Mutual Fund,Open Ended Schemes,Debt Scheme - Money Market Fund,08-08-2014,27.65310
119092,HDFC Money Market Fund - Growth Option - Direct Plan,HDFC Mutual Fund,Open Ended Schemes,Debt Scheme - Money Market Fund,07-08-2014,27.64680
119092,HDFC Money Market Fund - Growth Option - Direct Plan,HDFC Mutual Fund,Open Ended Schemes,Debt Scheme - Money Market Fund,06-08-2014,27.64040
119092,HDFC Money Market Fund - Growth Option - Direct Plan,HDFC Mutual Fund,Open Ended Schemes,Debt Scheme - Money Market Fund,05-08-2014,27.63410
119092,HDFC Money Market Fund - Growth Option - Direct Plan,HDFC Mutual Fund,Open Ended Schemes,Debt Scheme - Money Market Fund,04-08-2014,27.62770
119092,HDFC Money Market Fund - Growth Option - Direct Plan,HDFC Mutual Fund,Open Ended Schemes,Debt Scheme - Money Market Fund,03-08-2014,27.62130
119092,HDFC Money Market Fund - Growth Option - Direct Plan,HDFC Mutual Fund,Open Ended Schemes,Debt Scheme - Money Market Fund,01-08-2014,27.60860
119092,HDFC Money Market Fund - Growth Option - Direct Plan,HDFC Mutual Fund,Open Ended Schemes,Debt Scheme - Money Market Fund,31-07-2014,27.60220
119092,HDFC Money Market Fund - Growth Option - Direct Plan,HDFC Mutual Fund,Open Ended Schemes,Debt Scheme - Money Market Fund,30-07-2014,27.59590
119092,HDFC Money Market Fund - Growth Option - Direct Plan,HDFC Mutual Fund,Open Ended Schemes,Debt Scheme - Money Market Fund,29-07-2014,27.58950
119092,HDFC Money Market Fund - Growth Option - Direct Plan,HDFC Mutual Fund,Open Ended Schemes,Debt Scheme - Money Market Fund,28-07-2014,27.58320
119092,HDFC Money Market Fund - Growth Option - Direct Plan,HDFC Mutual Fund,Open Ended Schemes,Debt Scheme - Money Market Fund,27-07-2014,27.57690
119092,HDFC Money Market Fund - Growth Option - Direct Plan,HDFC Mutual Fund,Open Ended Schemes,Debt Scheme - Money Market Fund,25-07-2014,27.56430
119092,HDFC Money Market Fund - Growth Option - Direct Plan,HDFC Mutual Fund,Open Ended Schemes,Debt Scheme - Money Market Fund,24-07-2014,27.55790
119092,HDFC Money Market Fund - Growth Option - Direct Plan,HDFC Mutual Fund,Open Ended Schemes,Debt Scheme - Money Market Fund,23-07-2014,27.55170
119092,HDFC Money Market Fund - Growth Option - Direct Plan,HDFC Mutual Fund,Open Ended Schemes,Debt Scheme - Money Market Fund,22-07-2014,27.54560
119092,HDFC Money Market Fund - Growth Option - Direct Plan,HDFC Mutual Fund,Open Ended Schemes,Debt Scheme - Money Market Fund,21-07-2014,27.53940
119092,HDFC Money Market Fund - Growth Option - Direct Plan,HDFC Mutual Fund,Open Ended Schemes,Debt Scheme - Money Market Fund,20-07-2014,27.53300
119092,HDFC Money Market Fund - Growth Option - Direct Plan,HDFC Mutual Fund,Open Ended Schemes,Debt Scheme - Money Market Fund,18-07-2014,27.52050
119092,HDFC Money Market Fund - Growth Option - Direct Plan,HDFC Mutual Fund,Open Ended Schemes,Debt Scheme - Money Market Fund,17-07-2014,27.51410
119092,HDFC Money Market Fund - Growth Option - Direct Plan,HDFC Mutual Fund,Open Ended Schemes,Debt Scheme - Money Market Fund,16-07-2014,27.50770
119092,HDFC Money Market Fund - Growth Option - Direct Plan,HDFC Mutual Fund,Open Ended Schemes,Debt Scheme - Money Market Fund,15-07-2014,27.50140
119092,HDFC Money Market Fund - Growth Option - Direct Plan,HDFC Mutual Fund,Open Ended Schemes,Debt Scheme - Money Market Fund,14-07-2014,27.49500
119092,HDFC Money Market Fund - Growth Option - Direct Plan,HDFC Mutual Fund,Open Ended Schemes,Debt Scheme - Money Market Fund,13-07-2014,27.48880
119092,HDFC Money Market Fund - Growth Option - Direct Plan,HDFC Mutual Fund,Open Ended Schemes,Debt Scheme - Money Market Fund,11-07-2014,27.47620
119092,HDFC Money Market Fund - Growth Option - Direct Plan,HDFC Mutual Fund,Open Ended Schemes,Debt Scheme - Money Market Fund,10-07-2014,27.47010
119092,HDFC Money Market Fund - Growth Option - Direct Plan,HDFC Mutual Fund,Open Ended Schemes,Debt Scheme - Money Market Fund,09-07-2014,27.46390
119092,HDFC Money Market Fund - Growth Option - Direct Plan,HDFC Mutual Fund,Open Ended Schemes,Debt Scheme - Money Market Fund,08-07-2014,27.45760
119092,HDFC Money Market Fund - Growth Option - Direct Plan,HDFC Mutual Fund,Open Ended Schemes,Debt Scheme - Money Market Fund,07-07-2014,27.45130
119092,HDFC Money Market Fund - Growth Option - Direct Plan,HDFC Mutual Fund,Open Ended Schemes,Debt Scheme - Money Market Fund,06-07-2014,27.44490
119092,HDFC Money Market Fund - Growth Option - Direct Plan,HDFC Mutual Fund,Open Ended Schemes,Debt Scheme - Money Market Fund,04-07-2014,27.43230
119092,HDFC Money Market Fund - Growth Option - Direct Plan,HDFC Mutual Fund,Open Ended Schemes,Debt Scheme - Money Market Fund,03-07-2014,27.42600
119092,HDFC Money Market Fund - Growth Option - Direct Plan,HDFC Mutual Fund,Open Ended Schemes,Debt Scheme - Money Market Fund,02-07-2014,27.41960
119092,HDFC Money Market Fund - Growth Option - Direct Plan,HDFC Mutual Fund,Open Ended Schemes,Debt Scheme - Money Market Fund,01-07-2014,27.41310
119092,HDFC Money Market Fund - Growth Option - Direct Plan,HDFC Mutual Fund,Open Ended Schemes,Debt Scheme - Money Market Fund,30-06-2014,27.40570
119092,HDFC Money Market Fund - Growth Option - Direct Plan,HDFC Mutual Fund,Open Ended Schemes,Debt Scheme - Money Market Fund,29-06-2014,27.39870
119092,HDFC Money Market Fund - Growth Option - Direct Plan,HDFC Mutual Fund,Open Ended Schemes,Debt Scheme - Money Market Fund,27-06-2014,27.38600
119092,HDFC Money Market Fund - Growth Option - Direct Plan,HDFC Mutual Fund,Open Ended Schemes,Debt Scheme - Money Market Fund,26-06-2014,27.37960
119092,HDFC Money Market Fund - Growth Option - Direct Plan,HDFC Mutual Fund,Open Ended Schemes,Debt Scheme - Money Market Fund,25-06-2014,27.37320
119092,HDFC Money Market Fund - Growth Option - Direct Plan,HDFC Mutual Fund,Open Ended Schemes,Debt Scheme - Money Market Fund,24-06-2014,27.36680
119092,HDFC Money Market Fund - Growth Option - Direct Plan,HDFC Mutual Fund,Open Ended Schemes,Debt Scheme - Money Market Fund,23-06-2014,27.36050
119092,HDFC Money Market Fund - Growth Option - Direct Plan,HDFC Mutual Fund,Open Ended Schemes,Debt Scheme - Money Market Fund,22-06-2014,27.35420
119092,HDFC Money Market Fund - Growth Option - Direct Plan,HDFC Mutual Fund,Open Ended Schemes,Debt Scheme - Money Market Fund,20-06-2014,27.34150
119092,HDFC Money Market Fund - Growth Option - Direct Plan,HDFC Mutual Fund,Open Ended Schemes,Debt Scheme - Money Market Fund,19-06-2014,27.33520
119092,HDFC Money Market Fund - Growth Option - Direct Plan,HDFC Mutual Fund,Open Ended Schemes,Debt Scheme - Money Market Fund,18-06-2014,27.32860
119092,HDFC Money Market Fund - Growth Option - Direct Plan,HDFC Mutual Fund,Open Ended Schemes,Debt Scheme - Money Market Fund,17-06-2014,27.32220
119092,HDFC Money Market Fund - Growth Option - Direct Plan,HDFC Mutual Fund,Open Ended Schemes,Debt Scheme - Money Market Fund,16-06-2014,27.31570
119092,HDFC Money Market Fund - Growth Option - Direct Plan,HDFC Mutual Fund,Open Ended Schemes,Debt Scheme - Money Market Fund,15-06-2014,27.30940
119092,HDFC Money Market Fund - Growth Option - Direct Plan,HDFC Mutual Fund,Open Ended Schemes,Debt Scheme - Money Market Fund,13-06-2014,27.29630
119092,HDFC Money Market Fund - Growth Option - Direct Plan,HDFC Mutual Fund,Open Ended Schemes,Debt Scheme - Money Market Fund,12-06-2014,27.29020
119092,HDFC Money Market Fund - Growth Option - Direct Plan,HDFC Mutual Fund,Open Ended Schemes,Debt Scheme - Money Market Fund,11-06-2014,27.28380
119092,HDFC Money Market Fund - Growth Option - Direct Plan,HDFC Mutual Fund,Open Ended Schemes,Debt Scheme - Money Market Fund,10-06-2014,27.27730
119092,HDFC Money Market Fund - Growth Option - Direct Plan,HDFC Mutual Fund,Open Ended Schemes,Debt Scheme - Money Market Fund,09-06-2014,27.27080
119092,HDFC Money Market Fund - Growth Option - Direct Plan,HDFC Mutual Fund,Open Ended Schemes,Debt Scheme - Money Market Fund,08-06-2014,27.26430
119092,HDFC Money Market Fund - Growth Option - Direct Plan,HDFC Mutual Fund,Open Ended Schemes,Debt Scheme - Money Market Fund,06-06-2014,27.25140
119092,HDFC Money Market Fund - Growth Option - Direct Plan,HDFC Mutual Fund,Open Ended Schemes,Debt Scheme - Money Market Fund,05-06-2014,27.24490
119092,HDFC Money Market Fund - Growth Option - Direct Plan,HDFC Mutual Fund,Open Ended Schemes,Debt Scheme - Money Market Fund,04-06-2014,27.23850
119092,HDFC Money Market Fund - Growth Option - Direct Plan,HDFC Mutual Fund,Open Ended Schemes,Debt Scheme - Money Market Fund,03-06-2014,27.23190
119092,HDFC Money Market Fund - Growth Option - Direct Plan,HDFC Mutual Fund,Open Ended Schemes,Debt Scheme - Money Market Fund,02-06-2014,27.22520
119092,HDFC Money Market Fund - Growth Option - Direct Plan,HDFC Mutual Fund,Open Ended Schemes,Debt Scheme - Money Market Fund,01-06-2014,27.21890
119092,HDFC Money Market Fund - Growth Option - Direct Plan,HDFC Mutual Fund,Open Ended Schemes,Debt Scheme - Money Market Fund,30-05-2014,27.20600
119092,HDFC Money Market Fund - Growth Option - Direct Plan,HDFC Mutual Fund,Open Ended Schemes,Debt Scheme - Money Market Fund,29-05-2014,27.19940
119092,HDFC Money Market Fund - Growth Option - Direct Plan,HDFC Mutual Fund,Open Ended Schemes,Debt Scheme - Money Market Fund,28-05-2014,27.19280
119092,HDFC Money Market Fund - Growth Option - Direct Plan,HDFC Mutual Fund,Open Ended Schemes,Debt Scheme - Money Market Fund,27-05-2014,27.18630
119092,HDFC Money Market Fund - Growth Option - Direct Plan,HDFC Mutual Fund,Open Ended Schemes,Debt Scheme - Money Market Fund,26-05-2014,27.17980
119092,HDFC Money Market Fund - Growth Option - Direct Plan,HDFC Mutual Fund,Open Ended Schemes,Debt Scheme - Money Market Fund,25-05-2014,27.17330
119092,HDFC Money Market Fund - Growth Option - Direct Plan,HDFC Mutual Fund,Open Ended Schemes,Debt Scheme - Money Market Fund,23-05-2014,27.16040
119092,HDFC Money Market Fund - Growth Option - Direct Plan,HDFC Mutual Fund,Open Ended Schemes,Debt Scheme - Money Market Fund,22-05-2014,27.15400
119092,HDFC Money Market Fund - Growth Option - Direct Plan,HDFC Mutual Fund,Open Ended Schemes,Debt Scheme - Money Market Fund,21-05-2014,27.14740
119092,HDFC Money Market Fund - Growth Option - Direct Plan,HDFC Mutual Fund,Open Ended Schemes,Debt Scheme - Money Market Fund,20-05-2014,27.14060
119092,HDFC Money Market Fund - Growth Option - Direct Plan,HDFC Mutual Fund,Open Ended Schemes,Debt Scheme - Money Market Fund,19-05-2014,27.13380
119092,HDFC Money Market Fund - Growth Option - Direct Plan,HDFC Mutual Fund,Open Ended Schemes,Debt Scheme - Money Market Fund,18-05-2014,27.12740
119092,HDFC Money Market Fund - Growth Option - Direct Plan,HDFC Mutual Fund,Open Ended Schemes,Debt Scheme - Money Market Fund,16-05-2014,27.11370
119092,HDFC Money Market Fund - Growth Option - Direct Plan,HDFC Mutual Fund,Open Ended Schemes,Debt Scheme - Money Market Fund,15-05-2014,27.10770
119092,HDFC Money Market Fund - Growth Option - Direct Plan,HDFC Mutual Fund,Open Ended Schemes,Debt Scheme - Money Market Fund,14-05-2014,27.10120
119092,HDFC Money Market Fund - Growth Option - Direct Plan,HDFC Mutual Fund,Open Ended Schemes,Debt Scheme - Money Market Fund,13-05-2014,27.09470
119092,HDFC Money Market Fund - Growth Option - Direct Plan,HDFC Mutual Fund,Open Ended Schemes,Debt Scheme - Money Market Fund,12-05-2014,27.08810
119092,HDFC Money Market Fund - Growth Option - Direct Plan,HDFC Mutual Fund,Open Ended Schemes,Debt Scheme - Money Market Fund,11-05-2014,27.08150
119092,HDFC Money Market Fund - Growth Option - Direct Plan,HDFC Mutual Fund,Open Ended Schemes,Debt Scheme - Money Market Fund,09-05-2014,27.06860
119092,HDFC Money Market Fund - Growth Option - Direct Plan,HDFC Mutual Fund,Open Ended Schemes,Debt Scheme - Money Market Fund,08-05-2014,27.06190
119092,HDFC Money Market Fund - Growth Option - Direct Plan,HDFC Mutual Fund,Open Ended Schemes,Debt Scheme - Money Market Fund,07-05-2014,27.05530
119092,HDFC Money Market Fund - Growth Option - Direct Plan,HDFC Mutual Fund,Open Ended Schemes,Debt Scheme - Money Market Fund,06-05-2014,27.04880
119092,HDFC Money Market Fund - Growth Option - Direct Plan,HDFC Mutual Fund,Open Ended Schemes,Debt Scheme - Money Market Fund,05-05-2014,27.04220
119092,HDFC Money Market Fund - Growth Option - Direct Plan,HDFC Mutual Fund,Open Ended Schemes,Debt Scheme - Money Market Fund,04-05-2014,27.03560
119092,HDFC Money Market Fund - Growth Option - Direct Plan,HDFC Mutual Fund,Open Ended Schemes,Debt Scheme - Money Market Fund,02-05-2014,27.02240
119092,HDFC Money Market Fund - Growth Option - Direct Plan,HDFC Mutual Fund,Open Ended Schemes,Debt Scheme - Money Market Fund,01-05-2014,27.01570
119092,HDFC Money Market Fund - Growth Option - Direct Plan,HDFC Mutual Fund,Open Ended Schemes,Debt Scheme - Money Market Fund,30-04-2014,27.00900
119092,HDFC Money Market Fund - Growth Option - Direct Plan,HDFC Mutual Fund,Open Ended Schemes,Debt Scheme - Money Market Fund,29-04-2014,27.00240
119092,HDFC Money Market Fund - Growth Option - Direct Plan,HDFC Mutual Fund,Open Ended Schemes,Debt Scheme - Money Market Fund,28-04-2014,26.99580
119092,HDFC Money Market Fund - Growth Option - Direct Plan,HDFC Mutual Fund,Open Ended Schemes,Debt Scheme - Money Market Fund,27-04-2014,26.98910
119092,HDFC Money Market Fund - Growth Option - Direct Plan,HDFC Mutual Fund,Open Ended Schemes,Debt Scheme - Money Market Fund,25-04-2014,26.97530
119092,HDFC Money Market Fund - Growth Option - Direct Plan,HDFC Mutual Fund,Open Ended Schemes,Debt Scheme - Money Market Fund,24-04-2014,26.96910
119092,HDFC Money Market Fund - Growth Option - Direct Plan,HDFC Mutual Fund,Open Ended Schemes,Debt Scheme - Money Market Fund,23-04-2014,26.96240
119092,HDFC Money Market Fund - Growth Option - Direct Plan,HDFC Mutual Fund,Open Ended Schemes,Debt Scheme - Money Market Fund,22-04-2014,26.95570
119092,HDFC Money Market Fund - Growth Option - Direct Plan,HDFC Mutual Fund,Open Ended Schemes,Debt Scheme - Money Market Fund,21-04-2014,26.94900
119092,HDFC Money Market Fund - Growth Option - Direct Plan,HDFC Mutual Fund,Open Ended Schemes,Debt Scheme - Money Market Fund,20-04-2014,26.94230
119092,HDFC Money Market Fund - Growth Option - Direct Plan,HDFC Mutual Fund,Open Ended Schemes,Debt Scheme - Money Market Fund,17-04-2014,26.92210
119092,HDFC Money Market Fund - Growth Option - Direct Plan,HDFC Mutual Fund,Open Ended Schemes,Debt Scheme - Money Market Fund,16-04-2014,26.91540
119092,HDFC Money Market Fund - Growth Option - Direct Plan,HDFC Mutual Fund,Open Ended Schemes,Debt Scheme - Money Market Fund,15-04-2014,26.90860
119092,HDFC Money Market Fund - Growth Option - Direct Plan,HDFC Mutual Fund,Open Ended Schemes,Debt Scheme - Money Market Fund,14-04-2014,26.90190
119092,HDFC Money Market Fund - Growth Option - Direct Plan,HDFC Mutual Fund,Open Ended Schemes,Debt Scheme - Money Market Fund,11-04-2014,26.88140
119092,HDFC Money Market Fund - Growth Option - Direct Plan,HDFC Mutual Fund,Open Ended Schemes,Debt Scheme - Money Market Fund,10-04-2014,26.87470
119092,HDFC Money Market Fund - Growth Option - Direct Plan,HDFC Mutual Fund,Open Ended Schemes,Debt Scheme - Money Market Fund,09-04-2014,26.86780
119092,HDFC Money Market Fund - Growth Option - Direct Plan,HDFC Mutual Fund,Open Ended Schemes,Debt Scheme - Money Market Fund,08-04-2014,26.86120
119092,HDFC Money Market Fund - Growth Option - Direct Plan,HDFC Mutual Fund,Open Ended Schemes,Debt Scheme - Money Market Fund,07-04-2014,26.85420
119092,HDFC Money Market Fund - Growth Option - Direct Plan,HDFC Mutual Fund,Open Ended Schemes,Debt Scheme - Money Market Fund,06-04-2014,26.84770
119092,HDFC Money Market Fund - Growth Option - Direct Plan,HDFC Mutual Fund,Open Ended Schemes,Debt Scheme - Money Market Fund,04-04-2014,26.83370
119092,HDFC Money Market Fund - Growth Option - Direct Plan,HDFC Mutual Fund,Open Ended Schemes,Debt Scheme - Money Market Fund,03-04-2014,26.82720
119092,HDFC Money Market Fund - Growth Option - Direct Plan,HDFC Mutual Fund,Open Ended Schemes,Debt Scheme - Money Market Fund,02-04-2014,26.82010
119092,HDFC Money Market Fund - Growth Option - Direct Plan,HDFC Mutual Fund,Open Ended Schemes,Debt Scheme - Money Market Fund,01-04-2014,26.81310
119092,HDFC Money Market Fund - Growth Option - Direct Plan,HDFC Mutual Fund,Open Ended Schemes,Debt Scheme - Money Market Fund,31-03-2014,26.80500
119092,HDFC Money Market Fund - Growth Option - Direct Plan,HDFC Mutual Fund,Open Ended Schemes,Debt Scheme - Money Market Fund,28-03-2014,26.77770
119092,HDFC Money Market Fund - Growth Option - Direct Plan,HDFC Mutual Fund,Open Ended Schemes,Debt Scheme - Money Market Fund,27-03-2014,26.76940
119092,HDFC Money Market Fund - Growth Option - Direct Plan,HDFC Mutual Fund,Open Ended Schemes,Debt Scheme - Money Market Fund,26-03-2014,26.76240
119092,HDFC Money Market Fund - Growth Option - Direct Plan,HDFC Mutual Fund,Open Ended Schemes,Debt Scheme - Money Market Fund,25-03-2014,26.75540
119092,HDFC Money Market Fund - Growth Option - Direct Plan,HDFC Mutual Fund,Open Ended Schemes,Debt Scheme - Money Market Fund,24-03-2014,26.74840
119092,HDFC Money Market Fund - Growth Option - Direct Plan,HDFC Mutual Fund,Open Ended Schemes,Debt Scheme - Money Market Fund,23-03-2014,26.74090
119092,HDFC Money Market Fund - Growth Option - Direct Plan,HDFC Mutual Fund,Open Ended Schemes,Debt Scheme - Money Market Fund,21-03-2014,26.72700
119092,HDFC Money Market Fund - Growth Option - Direct Plan,HDFC Mutual Fund,Open Ended Schemes,Debt Scheme - Money Market Fund,20-03-2014,26.72010
119092,HDFC Money Market Fund - Growth Option - Direct Plan,HDFC Mutual Fund,Open Ended Schemes,Debt Scheme - Money Market Fund,19-03-2014,26.71310
119092,HDFC Money Market Fund - Growth Option - Direct Plan,HDFC Mutual Fund,Open Ended Schemes,Debt Scheme - Money Market Fund,18-03-2014,26.70620
119092,HDFC Money Market Fund - Growth Option - Direct Plan,HDFC Mutual Fund,Open Ended Schemes,Debt Scheme - Money Market Fund,17-03-2014,26.69930
119092,HDFC Money Market Fund - Growth Option - Direct Plan,HDFC Mutual Fund,Open Ended Schemes,Debt Scheme - Money Market Fund,14-03-2014,26.67920
119092,HDFC Money Market Fund - Growth Option - Direct Plan,HDFC Mutual Fund,Open Ended Schemes,Debt Scheme - Money Market Fund,13-03-2014,26.67240
119092,HDFC Money Market Fund - Growth Option - Direct Plan,HDFC Mutual Fund,Open Ended Schemes,Debt Scheme - Money Market Fund,12-03-2014,26.66560
119092,HDFC Money Market Fund - Growth Option - Direct Plan,HDFC Mutual Fund,Open Ended Schemes,Debt Scheme - Money Market Fund,11-03-2014,26.65890
119092,HDFC Money Market Fund - Growth Option - Direct Plan,HDFC Mutual Fund,Open Ended Schemes,Debt Scheme - Money Market Fund,10-03-2014,26.65230
119092,HDFC Money Market Fund - Growth Option - Direct Plan,HDFC Mutual Fund,Open Ended Schemes,Debt Scheme - Money Market Fund,09-03-2014,26.64580
119092,HDFC Money Market Fund - Growth Option - Direct Plan,HDFC Mutual Fund,Open Ended Schemes,Debt Scheme - Money Market Fund,07-03-2014,26.63260
119092,HDFC Money Market Fund - Growth Option - Direct Plan,HDFC Mutual Fund,Open Ended Schemes,Debt Scheme - Money Market Fund,06-03-2014,26.62600
119092,HDFC Money Market Fund - Growth Option - Direct Plan,HDFC Mutual Fund,Open Ended Schemes,Debt Scheme - Money Market Fund,05-03-2014,26.61960
119092,HDFC Money Market Fund - Growth Option - Direct Plan,HDFC Mutual Fund,Open Ended Schemes,Debt Scheme - Money Market Fund,04-03-2014,26.61320
119092,HDFC Money Market Fund - Growth Option - Direct Plan,HDFC Mutual Fund,Open Ended Schemes,Debt Scheme - Money Market Fund,03-03-2014,26.60680
119092,HDFC Money Market Fund - Growth Option - Direct Plan,HDFC Mutual Fund,Open Ended Schemes,Debt Scheme - Money Market Fund,02-03-2014,26.60050
119092,HDFC Money Market Fund - Growth Option - Direct Plan,HDFC Mutual Fund,Open Ended Schemes,Debt Scheme - Money Market Fund,28-02-2014,26.58790
119092,HDFC Money Market Fund - Growth Option - Direct Plan,HDFC Mutual Fund,Open Ended Schemes,Debt Scheme - Money Market Fund,27-02-2014,26.58160
119092,HDFC Money Market Fund - Growth Option - Direct Plan,HDFC Mutual Fund,Open Ended Schemes,Debt Scheme - Money Market Fund,26-02-2014,26.57530
119092,HDFC Money Market Fund - Growth Option - Direct Plan,HDFC Mutual Fund,Open Ended Schemes,Debt Scheme - Money Market Fund,25-02-2014,26.56900
119092,HDFC Money Market Fund - Growth Option - Direct Plan,HDFC Mutual Fund,Open Ended Schemes,Debt Scheme - Money Market Fund,24-02-2014,26.56250
119092,HDFC Money Market Fund - Growth Option - Direct Plan,HDFC Mutual Fund,Open Ended Schemes,Debt Scheme - Money Market Fund,23-02-2014,26.55630
119092,HDFC Money Market Fund - Growth Option - Direct Plan,HDFC Mutual Fund,Open Ended Schemes,Debt Scheme - Money Market Fund,21-02-2014,26.54380
119092,HDFC Money Market Fund - Growth Option - Direct Plan,HDFC Mutual Fund,Open Ended Schemes,Debt Scheme - Money Market Fund,20-02-2014,26.53760
119092,HDFC Money Market Fund - Growth Option - Direct Plan,HDFC Mutual Fund,Open Ended Schemes,Debt Scheme - Money Market Fund,19-02-2014,26.53140
119092,HDFC Money Market Fund - Growth Option - Direct Plan,HDFC Mutual Fund,Open Ended Schemes,Debt Scheme - Money Market Fund,18-02-2014,26.52520
119092,HDFC Money Market Fund - Growth Option - Direct Plan,HDFC Mutual Fund,Open Ended Schemes,Debt Scheme - Money Market Fund,17-02-2014,26.51890
119092,HDFC Money Market Fund - Growth Option - Direct Plan,HDFC Mutual Fund,Open Ended Schemes,Debt Scheme - Money Market Fund,16-02-2014,26.51270
119092,HDFC Money Market Fund - Growth Option - Direct Plan,HDFC Mutual Fund,Open Ended Schemes,Debt Scheme - Money Market Fund,14-02-2014,26.50020
119092,HDFC Money Market Fund - Growth Option - Direct Plan,HDFC Mutual Fund,Open Ended Schemes,Debt Scheme - Money Market Fund,13-02-2014,26.49400
119092,HDFC Money Market Fund - Growth Option - Direct Plan,HDFC Mutual Fund,Open Ended Schemes,Debt Scheme - Money Market Fund,12-02-2014,26.48780
119092,HDFC Money Market Fund - Growth Option - Direct Plan,HDFC Mutual Fund,Open Ended Schemes,Debt Scheme - Money Market Fund,11-02-2014,26.48160
119092,HDFC Money Market Fund - Growth Option - Direct Plan,HDFC Mutual Fund,Open Ended Schemes,Debt Scheme - Money Market Fund,10-02-2014,26.47540
119092,HDFC Money Market Fund - Growth Option - Direct Plan,HDFC Mutual Fund,Open Ended Schemes,Debt Scheme - Money Market Fund,09-02-2014,26.46920
119092,HDFC Money Market Fund - Growth Option - Direct Plan,HDFC Mutual Fund,Open Ended Schemes,Debt Scheme - Money Market Fund,07-02-2014,26.45680
119092,HDFC Money Market Fund - Growth Option - Direct Plan,HDFC Mutual Fund,Open Ended Schemes,Debt Scheme - Money Market Fund,06-02-2014,26.45050
119092,HDFC Money Market Fund - Growth Option - Direct Plan,HDFC Mutual Fund,Open Ended Schemes,Debt Scheme - Money Market Fund,05-02-2014,26.44430
119092,HDFC Money Market Fund - Growth Option - Direct Plan,HDFC Mutual Fund,Open Ended Schemes,Debt Scheme - Money Market Fund,04-02-2014,26.43810
119092,HDFC Money Market Fund - Growth Option - Direct Plan,HDFC Mutual Fund,Open Ended Schemes,Debt Scheme - Money Market Fund,03-02-2014,26.43190
119092,HDFC Money Market Fund - Growth Option - Direct Plan,HDFC Mutual Fund,Open Ended Schemes,Debt Scheme - Money Market Fund,02-02-2014,26.42580
119092,HDFC Money Market Fund - Growth Option - Direct Plan,HDFC Mutual Fund,Open Ended Schemes,Debt Scheme - Money Market Fund,31-01-2014,26.41340
119092,HDFC Money Market Fund - Growth Option - Direct Plan,HDFC Mutual Fund,Open Ended Schemes,Debt Scheme - Money Market Fund,30-01-2014,26.40720
119092,HDFC Money Market Fund - Growth Option - Direct Plan,HDFC Mutual Fund,Open Ended Schemes,Debt Scheme - Money Market Fund,29-01-2014,26.40110
119092,HDFC Money Market Fund - Growth Option - Direct Plan,HDFC Mutual Fund,Open Ended Schemes,Debt Scheme - Money Market Fund,28-01-2014,26.39490
119092,HDFC Money Market Fund - Growth Option - Direct Plan,HDFC Mutual Fund,Open Ended Schemes,Debt Scheme - Money Market Fund,27-01-2014,26.38870
119092,HDFC Money Market Fund - Growth Option - Direct Plan,HDFC Mutual Fund,Open Ended Schemes,Debt Scheme - Money Market Fund,26-01-2014,26.38230
119092,HDFC Money Market Fund - Growth Option - Direct Plan,HDFC Mutual Fund,Open Ended Schemes,Debt Scheme - Money Market Fund,24-01-2014,26.36960
119092,HDFC Money Market Fund - Growth Option - Direct Plan,HDFC Mutual Fund,Open Ended Schemes,Debt Scheme - Money Market Fund,23-01-2014,26.36330
119092,HDFC Money Market Fund - Growth Option - Direct Plan,HDFC Mutual Fund,Open Ended Schemes,Debt Scheme - Money Market Fund,22-01-2014,26.35700
119092,HDFC Money Market Fund - Growth Option - Direct Plan,HDFC Mutual Fund,Open Ended Schemes,Debt Scheme - Money Market Fund,21-01-2014,26.35060
119092,HDFC Money Market Fund - Growth Option - Direct Plan,HDFC Mutual Fund,Open Ended Schemes,Debt Scheme - Money Market Fund,20-01-2014,26.34430
119092,HDFC Money Market Fund - Growth Option - Direct Plan,HDFC Mutual Fund,Open Ended Schemes,Debt Scheme - Money Market Fund,19-01-2014,26.33790
119092,HDFC Money Market Fund - Growth Option - Direct Plan,HDFC Mutual Fund,Open Ended Schemes,Debt Scheme - Money Market Fund,17-01-2014,26.32520
119092,HDFC Money Market Fund - Growth Option - Direct Plan,HDFC Mutual Fund,Open Ended Schemes,Debt Scheme - Money Market Fund,16-01-2014,26.31890
119092,HDFC Money Market Fund - Growth Option - Direct Plan,HDFC Mutual Fund,Open Ended Schemes,Debt Scheme - Money Market Fund,15-01-2014,26.31250
119092,HDFC Money Market Fund - Growth Option - Direct Plan,HDFC Mutual Fund,Open Ended Schemes,Debt Scheme - Money Market Fund,14-01-2014,26.30610
119092,HDFC Money Market Fund - Growth Option - Direct Plan,HDFC Mutual Fund,Open Ended Schemes,Debt Scheme - Money Market Fund,13-01-2014,26.29980
119092,HDFC Money Market Fund - Growth Option - Direct Plan,HDFC Mutual Fund,Open Ended Schemes,Debt Scheme - Money Market Fund,12-01-2014,26.29340
119092,HDFC Money Market Fund - Growth Option - Direct Plan,HDFC Mutual Fund,Open Ended Schemes,Debt Scheme - Money Market Fund,10-01-2014,26.28070
119092,HDFC Money Market Fund - Growth Option - Direct Plan,HDFC Mutual Fund,Open Ended Schemes,Debt Scheme - Money Market Fund,09-01-2014,26.27440
119092,HDFC Money Market Fund - Growth Option - Direct Plan,HDFC Mutual Fund,Open Ended Schemes,Debt Scheme - Money Market Fund,08-01-2014,26.26810
119092,HDFC Money Market Fund - Growth Option - Direct Plan,HDFC Mutual Fund,Open Ended Schemes,Debt Scheme - Money Market Fund,07-01-2014,26.26170
119092,HDFC Money Market Fund - Growth Option - Direct Plan,HDFC Mutual Fund,Open Ended Schemes,Debt Scheme - Money Market Fund,06-01-2014,26.25530
119092,HDFC Money Market Fund - Growth Option - Direct Plan,HDFC Mutual Fund,Open Ended Schemes,Debt Scheme - Money Market Fund,05-01-2014,26.24890
119092,HDFC Money Market Fund - Growth Option - Direct Plan,HDFC Mutual Fund,Open Ended Schemes,Debt Scheme - Money Market Fund,03-01-2014,26.23620
119092,HDFC Money Market Fund - Growth Option - Direct Plan,HDFC Mutual Fund,Open Ended Schemes,Debt Scheme - Money Market Fund,02-01-2014,26.22980
119092,HDFC Money Market Fund - Growth Option - Direct Plan,HDFC Mutual Fund,Open Ended Schemes,Debt Scheme - Money Market Fund,01-01-2014,26.22350
119092,HDFC Money Market Fund - Growth Option - Direct Plan,HDFC Mutual Fund,Open Ended Schemes,Debt Scheme - Money Market Fund,31-12-2013,26.21690
119092,HDFC Money Market Fund - Growth Option - Direct Plan,HDFC Mutual Fund,Open Ended Schemes,Debt Scheme - Money Market Fund,30-12-2013,26.20930
119092,HDFC Money Market Fund - Growth Option - Direct Plan,HDFC Mutual Fund,Open Ended Schemes,Debt Scheme - Money Market Fund,29-12-2013,26.20290
119092,HDFC Money Market Fund - Growth Option - Direct Plan,HDFC Mutual Fund,Open Ended Schemes,Debt Scheme - Money Market Fund,27-12-2013,26.19000
119092,HDFC Money Market Fund - Growth Option - Direct Plan,HDFC Mutual Fund,Open Ended Schemes,Debt Scheme - Money Market Fund,26-12-2013,26.18370
119092,HDFC Money Market Fund - Growth Option - Direct Plan,HDFC Mutual Fund,Open Ended Schemes,Debt Scheme - Money Market Fund,25-12-2013,26.17740
119092,HDFC Money Market Fund - Growth Option - Direct Plan,HDFC Mutual Fund,Open Ended Schemes,Debt Scheme - Money Market Fund,24-12-2013,26.17090
119092,HDFC Money Market Fund - Growth Option - Direct Plan,HDFC Mutual Fund,Open Ended Schemes,Debt Scheme - Money Market Fund,23-12-2013,26.16450
119092,HDFC Money Market Fund - Growth Option - Direct Plan,HDFC Mutual Fund,Open Ended Schemes,Debt Scheme - Money Market Fund,22-12-2013,26.15820
119092,HDFC Money Market Fund - Growth Option - Direct Plan,HDFC Mutual Fund,Open Ended Schemes,Debt Scheme - Money Market Fund,20-12-2013,26.14550
119092,HDFC Money Market Fund - Growth Option - Direct Plan,HDFC Mutual Fund,Open Ended Schemes,Debt Scheme - Money Market Fund,19-12-2013,26.13910
119092,HDFC Money Market Fund - Growth Option - Direct Plan,HDFC Mutual Fund,Open Ended Schemes,Debt Scheme - Money Market Fund,18-12-2013,26.13280
119092,HDFC Money Market Fund - Growth Option - Direct Plan,HDFC Mutual Fund,Open Ended Schemes,Debt Scheme - Money Market Fund,17-12-2013,26.12640
119092,HDFC Money Market Fund - Growth Option - Direct Plan,HDFC Mutual Fund,Open Ended Schemes,Debt Scheme - Money Market Fund,16-12-2013,26.11990
119092,HDFC Money Market Fund - Growth Option - Direct Plan,HDFC Mutual Fund,Open Ended Schemes,Debt Scheme - Money Market Fund,15-12-2013,26.11360
119092,HDFC Money Market Fund - Growth Option - Direct Plan,HDFC Mutual Fund,Open Ended Schemes,Debt Scheme - Money Market Fund,13-12-2013,26.10070
119092,HDFC Money Market Fund - Growth Option - Direct Plan,HDFC Mutual Fund,Open Ended Schemes,Debt Scheme - Money Market Fund,12-12-2013,26.09420
119092,HDFC Money Market Fund - Growth Option - Direct Plan,HDFC Mutual Fund,Open Ended Schemes,Debt Scheme - Money Market Fund,11-12-2013,26.08790
119092,HDFC Money Market Fund - Growth Option - Direct Plan,HDFC Mutual Fund,Open Ended Schemes,Debt Scheme - Money Market Fund,10-12-2013,26.08150
119092,HDFC Money Market Fund - Growth Option - Direct Plan,HDFC Mutual Fund,Open Ended Schemes,Debt Scheme - Money Market Fund,09-12-2013,26.07510
119092,HDFC Money Market Fund - Growth Option - Direct Plan,HDFC Mutual Fund,Open Ended Schemes,Debt Scheme - Money Market Fund,08-12-2013,26.06860
119092,HDFC Money Market Fund - Growth Option - Direct Plan,HDFC Mutual Fund,Open Ended Schemes,Debt Scheme - Money Market Fund,06-12-2013,26.05580
119092,HDFC Money Market Fund - Growth Option - Direct Plan,HDFC Mutual Fund,Open Ended Schemes,Debt Scheme - Money Market Fund,05-12-2013,26.04940
119092,HDFC Money Market Fund - Growth Option - Direct Plan,HDFC Mutual Fund,Open Ended Schemes,Debt Scheme - Money Market Fund,04-12-2013,26.04310
119092,HDFC Money Market Fund - Growth Option - Direct Plan,HDFC Mutual Fund,Open Ended Schemes,Debt Scheme - Money Market Fund,03-12-2013,26.03680
119092,HDFC Money Market Fund - Growth Option - Direct Plan,HDFC Mutual Fund,Open Ended Schemes,Debt Scheme - Money Market Fund,02-12-2013,26.03000
119092,HDFC Money Market Fund - Growth Option - Direct Plan,HDFC Mutual Fund,Open Ended Schemes,Debt Scheme - Money Market Fund,01-12-2013,26.02360
119092,HDFC Money Market Fund - Growth Option - Direct Plan,HDFC Mutual Fund,Open Ended Schemes,Debt Scheme - Money Market Fund,29-11-2013,26.01080
119092,HDFC Money Market Fund - Growth Option - Direct Plan,HDFC Mutual Fund,Open Ended Schemes,Debt Scheme - Money Market Fund,28-11-2013,26.00440
119092,HDFC Money Market Fund - Growth Option - Direct Plan,HDFC Mutual Fund,Open Ended Schemes,Debt Scheme - Money Market Fund,27-11-2013,25.99790
119092,HDFC Money Market Fund - Growth Option - Direct Plan,HDFC Mutual Fund,Open Ended Schemes,Debt Scheme - Money Market Fund,26-11-2013,25.99140
119092,HDFC Money Market Fund - Growth Option - Direct Plan,HDFC Mutual Fund,Open Ended Schemes,Debt Scheme - Money Market Fund,25-11-2013,25.98500
119092,HDFC Money Market Fund - Growth Option - Direct Plan,HDFC Mutual Fund,Open Ended Schemes,Debt Scheme - Money Market Fund,24-11-2013,25.97850
119092,HDFC Money Market Fund - Growth Option - Direct Plan,HDFC Mutual Fund,Open Ended Schemes,Debt Scheme - Money Market Fund,22-11-2013,25.96560
119092,HDFC Money Market Fund - Growth Option - Direct Plan,HDFC Mutual Fund,Open Ended Schemes,Debt Scheme - Money Market Fund,21-11-2013,25.95910
119092,HDFC Money Market Fund - Growth Option - Direct Plan,HDFC Mutual Fund,Open Ended Schemes,Debt Scheme - Money Market Fund,20-11-2013,25.95250
119092,HDFC Money Market Fund - Growth Option - Direct Plan,HDFC Mutual Fund,Open Ended Schemes,Debt Scheme - Money Market Fund,19-11-2013,25.94600
119092,HDFC Money Market Fund - Growth Option - Direct Plan,HDFC Mutual Fund,Open Ended Schemes,Debt Scheme - Money Market Fund,18-11-2013,25.93940
119092,HDFC Money Market Fund - Growth Option - Direct Plan,HDFC Mutual Fund,Open Ended Schemes,Debt Scheme - Money Market Fund,17-11-2013,25.93290
119092,HDFC Money Market Fund - Growth Option - Direct Plan,HDFC Mutual Fund,Open Ended Schemes,Debt Scheme - Money Market Fund,14-11-2013,25.91330
119092,HDFC Money Market Fund - Growth Option - Direct Plan,HDFC Mutual Fund,Open Ended Schemes,Debt Scheme - Money Market Fund,13-11-2013,25.90680
119092,HDFC Money Market Fund - Growth Option - Direct Plan,HDFC Mutual Fund,Open Ended Schemes,Debt Scheme - Money Market Fund,12-11-2013,25.89990
119092,HDFC Money Market Fund - Growth Option - Direct Plan,HDFC Mutual Fund,Open Ended Schemes,Debt Scheme - Money Market Fund,11-11-2013,25.89330
119092,HDFC Money Market Fund - Growth Option - Direct Plan,HDFC Mutual Fund,Open Ended Schemes,Debt Scheme - Money Market Fund,10-11-2013,25.88670
119092,HDFC Money Market Fund - Growth Option - Direct Plan,HDFC Mutual Fund,Open Ended Schemes,Debt Scheme - Money Market Fund,08-11-2013,25.87330
119092,HDFC Money Market Fund - Growth Option - Direct Plan,HDFC Mutual Fund,Open Ended Schemes,Debt Scheme - Money Market Fund,07-11-2013,25.86660
119092,HDFC Money Market Fund - Growth Option - Direct Plan,HDFC Mutual Fund,Open Ended Schemes,Debt Scheme - Money Market Fund,06-11-2013,25.85990
119092,HDFC Money Market Fund - Growth Option - Direct Plan,HDFC Mutual Fund,Open Ended Schemes,Debt Scheme - Money Market Fund,05-11-2013,25.85320
119092,HDFC Money Market Fund - Growth Option - Direct Plan,HDFC Mutual Fund,Open Ended Schemes,Debt Scheme - Money Market Fund,04-11-2013,25.84660
119092,HDFC Money Market Fund - Growth Option - Direct Plan,HDFC Mutual Fund,Open Ended Schemes,Debt Scheme - Money Market Fund,01-11-2013,25.82640
119092,HDFC Money Market Fund - Growth Option - Direct Plan,HDFC Mutual Fund,Open Ended Schemes,Debt Scheme - Money Market Fund,31-10-2013,25.81950
119092,HDFC Money Market Fund - Growth Option - Direct Plan,HDFC Mutual Fund,Open Ended Schemes,Debt Scheme - Money Market Fund,30-10-2013,25.81270
119092,HDFC Money Market Fund - Growth Option - Direct Plan,HDFC Mutual Fund,Open Ended Schemes,Debt Scheme - Money Market Fund,29-10-2013,25.80560
119092,HDFC Money Market Fund - Growth Option - Direct Plan,HDFC Mutual Fund,Open Ended Schemes,Debt Scheme - Money Market Fund,28-10-2013,25.79860
119092,HDFC Money Market Fund - Growth Option - Direct Plan,HDFC Mutual Fund,Open Ended Schemes,Debt Scheme - Money Market Fund,27-10-2013,25.79170
119092,HDFC Money Market Fund - Growth Option - Direct Plan,HDFC Mutual Fund,Open Ended Schemes,Debt Scheme - Money Market Fund,25-10-2013,25.77790
119092,HDFC Money Market Fund - Growth Option - Direct Plan,HDFC Mutual Fund,Open Ended Schemes,Debt Scheme - Money Market Fund,24-10-2013,25.77100
119092,HDFC Money Market Fund - Growth Option - Direct Plan,HDFC Mutual Fund,Open Ended Schemes,Debt Scheme - Money Market Fund,23-10-2013,25.76400
119092,HDFC Money Market Fund - Growth Option - Direct Plan,HDFC Mutual Fund,Open Ended Schemes,Debt Scheme - Money Market Fund,22-10-2013,25.75700
119092,HDFC Money Market Fund - Growth Option - Direct Plan,HDFC Mutual Fund,Open Ended Schemes,Debt Scheme - Money Market Fund,21-10-2013,25.75000
119092,HDFC Money Market Fund - Growth Option - Direct Plan,HDFC Mutual Fund,Open Ended Schemes,Debt Scheme - Money Market Fund,20-10-2013,25.74300
119092,HDFC Money Market Fund - Growth Option - Direct Plan,HDFC Mutual Fund,Open Ended Schemes,Debt Scheme - Money Market Fund,18-10-2013,25.72940
119092,HDFC Money Market Fund - Growth Option - Direct Plan,HDFC Mutual Fund,Open Ended Schemes,Debt Scheme - Money Market Fund,17-10-2013,25.72250
119092,HDFC Money Market Fund - Growth Option - Direct Plan,HDFC Mutual Fund,Open Ended Schemes,Debt Scheme - Money Market Fund,16-10-2013,25.71540
119092,HDFC Money Market Fund - Growth Option - Direct Plan,HDFC Mutual Fund,Open Ended Schemes,Debt Scheme - Money Market Fund,15-10-2013,25.70830
119092,HDFC Money Market Fund - Growth Option - Direct Plan,HDFC Mutual Fund,Open Ended Schemes,Debt Scheme - Money Market Fund,14-10-2013,25.70110
119092,HDFC Money Market Fund - Growth Option - Direct Plan,HDFC Mutual Fund,Open Ended Schemes,Debt Scheme - Money Market Fund,13-10-2013,25.69400
119092,HDFC Money Market Fund - Growth Option - Direct Plan,HDFC Mutual Fund,Open Ended Schemes,Debt Scheme - Money Market Fund,11-10-2013,25.68010
119092,HDFC Money Market Fund - Growth Option - Direct Plan,HDFC Mutual Fund,Open Ended Schemes,Debt Scheme - Money Market Fund,10-10-2013,25.67300
119092,HDFC Money Market Fund - Growth Option - Direct Plan,HDFC Mutual Fund,Open Ended Schemes,Debt Scheme - Money Market Fund,09-10-2013,25.66590
119092,HDFC Money Market Fund - Growth Option - Direct Plan,HDFC Mutual Fund,Open Ended Schemes,Debt Scheme - Money Market Fund,08-10-2013,25.65870
119092,HDFC Money Market Fund - Growth Option - Direct Plan,HDFC Mutual Fund,Open Ended Schemes,Debt Scheme - Money Market Fund,07-10-2013,25.65080
119092,HDFC Money Market Fund - Growth Option - Direct Plan,HDFC Mutual Fund,Open Ended Schemes,Debt Scheme - Money Market Fund,06-10-2013,25.64340
119092,HDFC Money Market Fund - Growth Option - Direct Plan,HDFC Mutual Fund,Open Ended Schemes,Debt Scheme - Money Market Fund,04-10-2013,25.62900
119092,HDFC Money Market Fund - Growth Option - Direct Plan,HDFC Mutual Fund,Open Ended Schemes,Debt Scheme - Money Market Fund,03-10-2013,25.62140
119092,HDFC Money Market Fund - Growth Option - Direct Plan,HDFC Mutual Fund,Open Ended Schemes,Debt Scheme - Money Market Fund,02-10-2013,25.61410
119092,HDFC Money Market Fund - Growth Option - Direct Plan,HDFC Mutual Fund,Open Ended Schemes,Debt Scheme - Money Market Fund,01-10-2013,25.60670
119092,HDFC Money Market Fund - Growth Option - Direct Plan,HDFC Mutual Fund,Open Ended Schemes,Debt Scheme - Money Market Fund,30-09-2013,25.59870
119092,HDFC Money Market Fund - Growth Option - Direct Plan,HDFC Mutual Fund,Open Ended Schemes,Debt Scheme - Money Market Fund,29-09-2013,25.59110
119092,HDFC Money Market Fund - Growth Option - Direct Plan,HDFC Mutual Fund,Open Ended Schemes,Debt Scheme - Money Market Fund,27-09-2013,25.57670
119092,HDFC Money Market Fund - Growth Option - Direct Plan,HDFC Mutual Fund,Open Ended Schemes,Debt Scheme - Money Market Fund,26-09-2013,25.56910
119092,HDFC Money Market Fund - Growth Option - Direct Plan,HDFC Mutual Fund,Open Ended Schemes,Debt Scheme - Money Market Fund,25-09-2013,25.56160
119092,HDFC Money Market Fund - Growth Option - Direct Plan,HDFC Mutual Fund,Open Ended Schemes,Debt Scheme - Money Market Fund,24-09-2013,25.55440
119092,HDFC Money Market Fund - Growth Option - Direct Plan,HDFC Mutual Fund,Open Ended Schemes,Debt Scheme - Money Market Fund,23-09-2013,25.54720
119092,HDFC Money Market Fund - Growth Option - Direct Plan,HDFC Mutual Fund,Open Ended Schemes,Debt Scheme - Money Market Fund,22-09-2013,25.53980
119092,HDFC Money Market Fund - Growth Option - Direct Plan,HDFC Mutual Fund,Open Ended Schemes,Debt Scheme - Money Market Fund,20-09-2013,25.52510
119092,HDFC Money Market Fund - Growth Option - Direct Plan,HDFC Mutual Fund,Open Ended Schemes,Debt Scheme - Money Market Fund,19-09-2013,25.51680
119092,HDFC Money Market Fund - Growth Option - Direct Plan,HDFC Mutual Fund,Open Ended Schemes,Debt Scheme - Money Market Fund,18-09-2013,25.50790
119092,HDFC Money Market Fund - Growth Option - Direct Plan,HDFC Mutual Fund,Open Ended Schemes,Debt Scheme - Money Market Fund,17-09-2013,25.50030
119092,HDFC Money Market Fund - Growth Option - Direct Plan,HDFC Mutual Fund,Open Ended Schemes,Debt Scheme - Money Market Fund,16-09-2013,25.49270
119092,HDFC Money Market Fund - Growth Option - Direct Plan,HDFC Mutual Fund,Open Ended Schemes,Debt Scheme - Money Market Fund,15-09-2013,25.48520
119092,HDFC Money Market Fund - Growth Option - Direct Plan,HDFC Mutual Fund,Open Ended Schemes,Debt Scheme - Money Market Fund,13-09-2013,25.47070
119092,HDFC Money Market Fund - Growth Option - Direct Plan,HDFC Mutual Fund,Open Ended Schemes,Debt Scheme - Money Market Fund,12-09-2013,25.46320
119092,HDFC Money Market Fund - Growth Option - Direct Plan,HDFC Mutual Fund,Open Ended Schemes,Debt Scheme - Money Market Fund,11-09-2013,25.45580
119092,HDFC Money Market Fund - Growth Option - Direct Plan,HDFC Mutual Fund,Open Ended Schemes,Debt Scheme - Money Market Fund,10-09-2013,25.44830
119092,HDFC Money Market Fund - Growth Option - Direct Plan,HDFC Mutual Fund,Open Ended Schemes,Debt Scheme - Money Market Fund,09-09-2013,25.44080
119092,HDFC Money Market Fund - Growth Option - Direct Plan,HDFC Mutual Fund,Open Ended Schemes,Debt Scheme - Money Market Fund,06-09-2013,25.41980
119092,HDFC Money Market Fund - Growth Option - Direct Plan,HDFC Mutual Fund,Open Ended Schemes,Debt Scheme - Money Market Fund,05-09-2013,25.41210
119092,HDFC Money Market Fund - Growth Option - Direct Plan,HDFC Mutual Fund,Open Ended Schemes,Debt Scheme - Money Market Fund,04-09-2013,25.40300
119092,HDFC Money Market Fund - Growth Option - Direct Plan,HDFC Mutual Fund,Open Ended Schemes,Debt Scheme - Money Market Fund,03-09-2013,25.39490
119092,HDFC Money Market Fund - Growth Option - Direct Plan,HDFC Mutual Fund,Open Ended Schemes,Debt Scheme - Money Market Fund,02-09-2013,25.38770
119092,HDFC Money Market Fund - Growth Option - Direct Plan,HDFC Mutual Fund,Open Ended Schemes,Debt Scheme - Money Market Fund,01-09-2013,25.38040
119092,HDFC Money Market Fund - Growth Option - Direct Plan,HDFC Mutual Fund,Open Ended Schemes,Debt Scheme - Money Market Fund,30-08-2013,25.36590
119092,HDFC Money Market Fund - Growth Option - Direct Plan,HDFC Mutual Fund,Open Ended Schemes,Debt Scheme - Money Market Fund,29-08-2013,25.35810
119092,HDFC Money Market Fund - Growth Option - Direct Plan,HDFC Mutual Fund,Open Ended Schemes,Debt Scheme - Money Market Fund,28-08-2013,25.35070
119092,HDFC Money Market Fund - Growth Option - Direct Plan,HDFC Mutual Fund,Open Ended Schemes,Debt Scheme - Money Market Fund,27-08-2013,25.34330
119092,HDFC Money Market Fund - Growth Option - Direct Plan,HDFC Mutual Fund,Open Ended Schemes,Debt Scheme - Money Market Fund,26-08-2013,25.33610
119092,HDFC Money Market Fund - Growth Option - Direct Plan,HDFC Mutual Fund,Open Ended Schemes,Debt Scheme - Money Market Fund,25-08-2013,25.32890
119092,HDFC Money Market Fund - Growth Option - Direct Plan,HDFC Mutual Fund,Open Ended Schemes,Debt Scheme - Money Market Fund,23-08-2013,25.31410
119092,HDFC Money Market Fund - Growth Option - Direct Plan,HDFC Mutual Fund,Open Ended Schemes,Debt Scheme - Money Market Fund,22-08-2013,25.30660
119092,HDFC Money Market Fund - Growth Option - Direct Plan,HDFC Mutual Fund,Open Ended Schemes,Debt Scheme - Money Market Fund,21-08-2013,25.29930
119092,HDFC Money Market Fund - Growth Option - Direct Plan,HDFC Mutual Fund,Open Ended Schemes,Debt Scheme - Money Market Fund,20-08-2013,25.29180
119092,HDFC Money Market Fund - Growth Option - Direct Plan,HDFC Mutual Fund,Open Ended Schemes,Debt Scheme - Money Market Fund,19-08-2013,25.28470
119092,HDFC Money Market Fund - Growth Option - Direct Plan,HDFC Mutual Fund,Open Ended Schemes,Debt Scheme - Money Market Fund,18-08-2013,25.27770
119092,HDFC Money Market Fund - Growth Option - Direct Plan,HDFC Mutual Fund,Open Ended Schemes,Debt Scheme - Money Market Fund,16-08-2013,25.26300
119092,HDFC Money Market Fund - Growth Option - Direct Plan,HDFC Mutual Fund,Open Ended Schemes,Debt Scheme - Money Market Fund,15-08-2013,25.25590
119092,HDFC Money Market Fund - Growth Option - Direct Plan,HDFC Mutual Fund,Open Ended Schemes,Debt Scheme - Money Market Fund,14-08-2013,25.24860
119092,HDFC Money Market Fund - Growth Option - Direct Plan,HDFC Mutual Fund,Open Ended Schemes,Debt Scheme - Money Market Fund,13-08-2013,25.24140
119092,HDFC Money Market Fund - Growth Option - Direct Plan,HDFC Mutual Fund,Open Ended Schemes,Debt Scheme - Money Market Fund,12-08-2013,25.23420
119092,HDFC Money Market Fund - Growth Option - Direct Plan,HDFC Mutual Fund,Open Ended Schemes,Debt Scheme - Money Market Fund,11-08-2013,25.22780
119092,HDFC Money Market Fund - Growth Option - Direct Plan,HDFC Mutual Fund,Open Ended Schemes,Debt Scheme - Money Market Fund,08-08-2013,25.20510
119092,HDFC Money Market Fund - Growth Option - Direct Plan,HDFC Mutual Fund,Open Ended Schemes,Debt Scheme - Money Market Fund,07-08-2013,25.19740
119092,HDFC Money Market Fund - Growth Option - Direct Plan,HDFC Mutual Fund,Open Ended Schemes,Debt Scheme - Money Market Fund,06-08-2013,25.19040
119092,HDFC Money Market Fund - Growth Option - Direct Plan,HDFC Mutual Fund,Open Ended Schemes,Debt Scheme - Money Market Fund,05-08-2013,25.18320
119092,HDFC Money Market Fund - Growth Option - Direct Plan,HDFC Mutual Fund,Open Ended Schemes,Debt Scheme - Money Market Fund,04-08-2013,25.17480
119092,HDFC Money Market Fund - Growth Option - Direct Plan,HDFC Mutual Fund,Open Ended Schemes,Debt Scheme - Money Market Fund,02-08-2013,25.16070
119092,HDFC Money Market Fund - Growth Option - Direct Plan,HDFC Mutual Fund,Open Ended Schemes,Debt Scheme - Money Market Fund,01-08-2013,25.15360
119092,HDFC Money Market Fund - Growth Option - Direct Plan,HDFC Mutual Fund,Open Ended Schemes,Debt Scheme - Money Market Fund,31-07-2013,25.14600
119092,HDFC Money Market Fund - Growth Option - Direct Plan,HDFC Mutual Fund,Open Ended Schemes,Debt Scheme - Money Market Fund,30-07-2013,25.13850
119092,HDFC Money Market Fund - Growth Option - Direct Plan,HDFC Mutual Fund,Open Ended Schemes,Debt Scheme - Money Market Fund,29-07-2013,25.13100
119092,HDFC Money Market Fund - Growth Option - Direct Plan,HDFC Mutual Fund,Open Ended Schemes,Debt Scheme - Money Market Fund,28-07-2013,25.12360
119092,HDFC Money Market Fund - Growth Option - Direct Plan,HDFC Mutual Fund,Open Ended Schemes,Debt Scheme - Money Market Fund,26-07-2013,25.10900
119092,HDFC Money Market Fund - Growth Option - Direct Plan,HDFC Mutual Fund,Open Ended Schemes,Debt Scheme - Money Market Fund,25-07-2013,25.10120
119092,HDFC Money Market Fund - Growth Option - Direct Plan,HDFC Mutual Fund,Open Ended Schemes,Debt Scheme - Money Market Fund,24-07-2013,25.09350
119092,HDFC Money Market Fund - Growth Option - Direct Plan,HDFC Mutual Fund,Open Ended Schemes,Debt Scheme - Money Market Fund,23-07-2013,25.12000
119092,HDFC Money Market Fund - Growth Option - Direct Plan,HDFC Mutual Fund,Open Ended Schemes,Debt Scheme - Money Market Fund,22-07-2013,25.11570
119092,HDFC Money Market Fund - Growth Option - Direct Plan,HDFC Mutual Fund,Open Ended Schemes,Debt Scheme - Money Market Fund,21-07-2013,25.10880
119092,HDFC Money Market Fund - Growth Option - Direct Plan,HDFC Mutual Fund,Open Ended Schemes,Debt Scheme - Money Market Fund,19-07-2013,25.09510
119092,HDFC Money Market Fund - Growth Option - Direct Plan,HDFC Mutual Fund,Open Ended Schemes,Debt Scheme - Money Market Fund,18-07-2013,25.08590
119092,HDFC Money Market Fund - Growth Option - Direct Plan,HDFC Mutual Fund,Open Ended Schemes,Debt Scheme - Money Market Fund,17-07-2013,25.07470
119092,HDFC Money Market Fund - Growth Option - Direct Plan,HDFC Mutual Fund,Open Ended Schemes,Debt Scheme - Money Market Fund,16-07-2013,25.06540
119092,HDFC Money Market Fund - Growth Option - Direct Plan,HDFC Mutual Fund,Open Ended Schemes,Debt Scheme - Money Market Fund,15-07-2013,25.12250
119092,HDFC Money Market Fund - Growth Option - Direct Plan,HDFC Mutual Fund,Open Ended Schemes,Debt Scheme - Money Market Fund,14-07-2013,25.11700
119092,HDFC Money Market Fund - Growth Option - Direct Plan,HDFC Mutual Fund,Open Ended Schemes,Debt Scheme - Money Market Fund,12-07-2013,25.10640
119092,HDFC Money Market Fund - Growth Option - Direct Plan,HDFC Mutual Fund,Open Ended Schemes,Debt Scheme - Money Market Fund,11-07-2013,25.10040
119092,HDFC Money Market Fund - Growth Option - Direct Plan,HDFC Mutual Fund,Open Ended Schemes,Debt Scheme - Money Market Fund,10-07-2013,25.09480
119092,HDFC Money Market Fund - Growth Option - Direct Plan,HDFC Mutual Fund,Open Ended Schemes,Debt Scheme - Money Market Fund,09-07-2013,25.08930
119092,HDFC Money Market Fund - Growth Option - Direct Plan,HDFC Mutual Fund,Open Ended Schemes,Debt Scheme - Money Market Fund,08-07-2013,25.08380
119092,HDFC Money Market Fund - Growth Option - Direct Plan,HDFC Mutual Fund,Open Ended Schemes,Debt Scheme - Money Market Fund,07-07-2013,25.07830
119092,HDFC Money Market Fund - Growth Option - Direct Plan,HDFC Mutual Fund,Open Ended Schemes,Debt Scheme - Money Market Fund,05-07-2013,25.06810
119092,HDFC Money Market Fund - Growth Option - Direct Plan,HDFC Mutual Fund,Open Ended Schemes,Debt Scheme - Money Market Fund,04-07-2013,25.06190
119092,HDFC Money Market Fund - Growth Option - Direct Plan,HDFC Mutual Fund,Open Ended Schemes,Debt Scheme - Money Market Fund,03-07-2013,25.05620
119092,HDFC Money Market Fund - Growth Option - Direct Plan,HDFC Mutual Fund,Open Ended Schemes,Debt Scheme - Money Market Fund,02-07-2013,25.05060
119092,HDFC Money Market Fund - Growth Option - Direct Plan,HDFC Mutual Fund,Open Ended Schemes,Debt Scheme - Money Market Fund,01-07-2013,25.04440
119092,HDFC Money Market Fund - Growth Option - Direct Plan,HDFC Mutual Fund,Open Ended Schemes,Debt Scheme - Money Market Fund,28-06-2013,25.02570
119092,HDFC Money Market Fund - Growth Option - Direct Plan,HDFC Mutual Fund,Open Ended Schemes,Debt Scheme - Money Market Fund,27-06-2013,25.01770
119092,HDFC Money Market Fund - Growth Option - Direct Plan,HDFC Mutual Fund,Open Ended Schemes,Debt Scheme - Money Market Fund,26-06-2013,25.01210
119092,HDFC Money Market Fund - Growth Option - Direct Plan,HDFC Mutual Fund,Open Ended Schemes,Debt Scheme - Money Market Fund,25-06-2013,25.00650
119092,HDFC Money Market Fund - Growth Option - Direct Plan,HDFC Mutual Fund,Open Ended Schemes,Debt Scheme - Money Market Fund,24-06-2013,25.00090
119092,HDFC Money Market Fund - Growth Option - Direct Plan,HDFC Mutual Fund,Open Ended Schemes,Debt Scheme - Money Market Fund,23-06-2013,24.99550
119092,HDFC Money Market Fund - Growth Option - Direct Plan,HDFC Mutual Fund,Open Ended Schemes,Debt Scheme - Money Market Fund,21-06-2013,24.98440
119092,HDFC Money Market Fund - Growth Option - Direct Plan,HDFC Mutual Fund,Open Ended Schemes,Debt Scheme - Money Market Fund,20-06-2013,24.97880
119092,HDFC Money Market Fund - Growth Option - Direct Plan,HDFC Mutual Fund,Open Ended Schemes,Debt Scheme - Money Market Fund,19-06-2013,24.97330
119092,HDFC Money Market Fund - Growth Option - Direct Plan,HDFC Mutual Fund,Open Ended Schemes,Debt Scheme - Money Market Fund,18-06-2013,24.96780
119092,HDFC Money Market Fund - Growth Option - Direct Plan,HDFC Mutual Fund,Open Ended Schemes,Debt Scheme - Money Market Fund,17-06-2013,24.96220
119092,HDFC Money Market Fund - Growth Option - Direct Plan,HDFC Mutual Fund,Open Ended Schemes,Debt Scheme - Money Market Fund,16-06-2013,24.95670
119092,HDFC Money Market Fund - Growth Option - Direct Plan,HDFC Mutual Fund,Open Ended Schemes,Debt Scheme - Money Market Fund,14-06-2013,24.94550
119092,HDFC Money Market Fund - Growth Option - Direct Plan,HDFC Mutual Fund,Open Ended Schemes,Debt Scheme - Money Market Fund,13-06-2013,24.94020
119092,HDFC Money Market Fund - Growth Option - Direct Plan,HDFC Mutual Fund,Open Ended Schemes,Debt Scheme - Money Market Fund,12-06-2013,24.93470
119092,HDFC Money Market Fund - Growth Option - Direct Plan,HDFC Mutual Fund,Open Ended Schemes,Debt Scheme - Money Market Fund,11-06-2013,24.92920
119092,HDFC Money Market Fund - Growth Option - Direct Plan,HDFC Mutual Fund,Open Ended Schemes,Debt Scheme - Money Market Fund,10-06-2013,24.92370
119092,HDFC Money Market Fund - Growth Option - Direct Plan,HDFC Mutual Fund,Open Ended Schemes,Debt Scheme - Money Market Fund,09-06-2013,24.91820
119092,HDFC Money Market Fund - Growth Option - Direct Plan,HDFC Mutual Fund,Open Ended Schemes,Debt Scheme - Money Market Fund,07-06-2013,24.90700
119092,HDFC Money Market Fund - Growth Option - Direct Plan,HDFC Mutual Fund,Open Ended Schemes,Debt Scheme - Money Market Fund,06-06-2013,24.90140
119092,HDFC Money Market Fund - Growth Option - Direct Plan,HDFC Mutual Fund,Open Ended Schemes,Debt Scheme - Money Market Fund,05-06-2013,24.89580
119092,HDFC Money Market Fund - Growth Option - Direct Plan,HDFC Mutual Fund,Open Ended Schemes,Debt Scheme - Money Market Fund,04-06-2013,24.89030
119092,HDFC Money Market Fund - Growth Option - Direct Plan,HDFC Mutual Fund,Open Ended Schemes,Debt Scheme - Money Market Fund,03-06-2013,24.88470
119092,HDFC Money Market Fund - Growth Option - Direct Plan,HDFC Mutual Fund,Open Ended Schemes,Debt Scheme - Money Market Fund,02-06-2013,24.87910
119092,HDFC Money Market Fund - Growth Option - Direct Plan,HDFC Mutual Fund,Open Ended Schemes,Debt Scheme - Money Market Fund,31-05-2013,24.86790
119092,HDFC Money Market Fund - Growth Option - Direct Plan,HDFC Mutual Fund,Open Ended Schemes,Debt Scheme - Money Market Fund,30-05-2013,24.86240
119092,HDFC Money Market Fund - Growth Option - Direct Plan,HDFC Mutual Fund,Open Ended Schemes,Debt Scheme - Money Market Fund,29-05-2013,24.85680
119092,HDFC Money Market Fund - Growth Option - Direct Plan,HDFC Mutual Fund,Open Ended Schemes,Debt Scheme - Money Market Fund,28-05-2013,24.85110
119092,HDFC Money Market Fund - Growth Option - Direct Plan,HDFC Mutual Fund,Open Ended Schemes,Debt Scheme - Money Market Fund,27-05-2013,24.84550
119092,HDFC Money Market Fund - Growth Option - Direct Plan,HDFC Mutual Fund,Open Ended Schemes,Debt Scheme - Money Market Fund,26-05-2013,24.83980
119092,HDFC Money Market Fund - Growth Option - Direct Plan,HDFC Mutual Fund,Open Ended Schemes,Debt Scheme - Money Market Fund,24-05-2013,24.82850
119092,HDFC Money Market Fund - Growth Option - Direct Plan,HDFC Mutual Fund,Open Ended Schemes,Debt Scheme - Money Market Fund,23-05-2013,24.82300
119092,HDFC Money Market Fund - Growth Option - Direct Plan,HDFC Mutual Fund,Open Ended Schemes,Debt Scheme - Money Market Fund,22-05-2013,24.81740
119092,HDFC Money Market Fund - Growth Option - Direct Plan,HDFC Mutual Fund,Open Ended Schemes,Debt Scheme - Money Market Fund,21-05-2013,24.81180
119092,HDFC Money Market Fund - Growth Option - Direct Plan,HDFC Mutual Fund,Open Ended Schemes,Debt Scheme - Money Market Fund,20-05-2013,24.80610
119092,HDFC Money Market Fund - Growth Option - Direct Plan,HDFC Mutual Fund,Open Ended Schemes,Debt Scheme - Money Market Fund,19-05-2013,24.80040
119092,HDFC Money Market Fund - Growth Option - Direct Plan,HDFC Mutual Fund,Open Ended Schemes,Debt Scheme - Money Market Fund,17-05-2013,24.78910
119092,HDFC Money Market Fund - Growth Option - Direct Plan,HDFC Mutual Fund,Open Ended Schemes,Debt Scheme - Money Market Fund,16-05-2013,24.78330
119092,HDFC Money Market Fund - Growth Option - Direct Plan,HDFC Mutual Fund,Open Ended Schemes,Debt Scheme - Money Market Fund,15-05-2013,24.77760
119092,HDFC Money Market Fund - Growth Option - Direct Plan,HDFC Mutual Fund,Open Ended Schemes,Debt Scheme - Money Market Fund,14-05-2013,24.77180
119092,HDFC Money Market Fund - Growth Option - Direct Plan,HDFC Mutual Fund,Open Ended Schemes,Debt Scheme - Money Market Fund,13-05-2013,24.76610
119092,HDFC Money Market Fund - Growth Option - Direct Plan,HDFC Mutual Fund,Open Ended Schemes,Debt Scheme - Money Market Fund,12-05-2013,24.76040
119092,HDFC Money Market Fund - Growth Option - Direct Plan,HDFC Mutual Fund,Open Ended Schemes,Debt Scheme - Money Market Fund,10-05-2013,24.74910
119092,HDFC Money Market Fund - Growth Option - Direct Plan,HDFC Mutual Fund,Open Ended Schemes,Debt Scheme - Money Market Fund,09-05-2013,24.74320
119092,HDFC Money Market Fund - Growth Option - Direct Plan,HDFC Mutual Fund,Open Ended Schemes,Debt Scheme - Money Market Fund,08-05-2013,24.73750
119092,HDFC Money Market Fund - Growth Option - Direct Plan,HDFC Mutual Fund,Open Ended Schemes,Debt Scheme - Money Market Fund,07-05-2013,24.73180
119092,HDFC Money Market Fund - Growth Option - Direct Plan,HDFC Mutual Fund,Open Ended Schemes,Debt Scheme - Money Market Fund,06-05-2013,24.72600
119092,HDFC Money Market Fund - Growth Option - Direct Plan,HDFC Mutual Fund,Open Ended Schemes,Debt Scheme - Money Market Fund,05-05-2013,24.72030
119092,HDFC Money Market Fund - Growth Option - Direct Plan,HDFC Mutual Fund,Open Ended Schemes,Debt Scheme - Money Market Fund,03-05-2013,24.70880
119092,HDFC Money Market Fund - Growth Option - Direct Plan,HDFC Mutual Fund,Open Ended Schemes,Debt Scheme - Money Market Fund,02-05-2013,24.70290
119092,HDFC Money Market Fund - Growth Option - Direct Plan,HDFC Mutual Fund,Open Ended Schemes,Debt Scheme - Money Market Fund,01-05-2013,24.69710
119092,HDFC Money Market Fund - Growth Option - Direct Plan,HDFC Mutual Fund,Open Ended Schemes,Debt Scheme - Money Market Fund,30-04-2013,24.69130
119092,HDFC Money Market Fund - Growth Option - Direct Plan,HDFC Mutual Fund,Open Ended Schemes,Debt Scheme - Money Market Fund,29-04-2013,24.68550
119092,HDFC Money Market Fund - Growth Option - Direct Plan,HDFC Mutual Fund,Open Ended Schemes,Debt Scheme - Money Market Fund,28-04-2013,24.67960
119092,HDFC Money Market Fund - Growth Option - Direct Plan,HDFC Mutual Fund,Open Ended Schemes,Debt Scheme - Money Market Fund,26-04-2013,24.66810
119092,HDFC Money Market Fund - Growth Option - Direct Plan,HDFC Mutual Fund,Open Ended Schemes,Debt Scheme - Money Market Fund,25-04-2013,24.66230
119092,HDFC Money Market Fund - Growth Option - Direct Plan,HDFC Mutual Fund,Open Ended Schemes,Debt Scheme - Money Market Fund,24-04-2013,24.65650
119092,HDFC Money Market Fund - Growth Option - Direct Plan,HDFC Mutual Fund,Open Ended Schemes,Debt Scheme - Money Market Fund,23-04-2013,24.65070
119092,HDFC Money Market Fund - Growth Option - Direct Plan,HDFC Mutual Fund,Open Ended Schemes,Debt Scheme - Money Market Fund,22-04-2013,24.64500
119092,HDFC Money Market Fund - Growth Option - Direct Plan,HDFC Mutual Fund,Open Ended Schemes,Debt Scheme - Money Market Fund,21-04-2013,24.63920
119092,HDFC Money Market Fund - Growth Option - Direct Plan,HDFC Mutual Fund,Open Ended Schemes,Debt Scheme - Money Market Fund,18-04-2013,24.62190
119092,HDFC Money Market Fund - Growth Option - Direct Plan,HDFC Mutual Fund,Open Ended Schemes,Debt Scheme - Money Market Fund,17-04-2013,24.61610
119092,HDFC Money Market Fund - Growth Option - Direct Plan,HDFC Mutual Fund,Open Ended Schemes,Debt Scheme - Money Market Fund,16-04-2013,24.61030
119092,HDFC Money Market Fund - Growth Option - Direct Plan,HDFC Mutual Fund,Open Ended Schemes,Debt Scheme - Money Market Fund,15-04-2013,24.60450
119092,HDFC Money Market Fund - Growth Option - Direct Plan,HDFC Mutual Fund,Open Ended Schemes,Debt Scheme - Money Market Fund,14-04-2013,24.59860
119092,HDFC Money Market Fund - Growth Option - Direct Plan,HDFC Mutual Fund,Open Ended Schemes,Debt Scheme - Money Market Fund,12-04-2013,24.58720
119092,HDFC Money Market Fund - Growth Option - Direct Plan,HDFC Mutual Fund,Open Ended Schemes,Debt Scheme - Money Market Fund,11-04-2013,24.58150
119092,HDFC Money Market Fund - Growth Option - Direct Plan,HDFC Mutual Fund,Open Ended Schemes,Debt Scheme - Money Market Fund,10-04-2013,24.57580
119092,HDFC Money Market Fund - Growth Option - Direct Plan,HDFC Mutual Fund,Open Ended Schemes,Debt Scheme - Money Market Fund,09-04-2013,24.57020
119092,HDFC Money Market Fund - Growth Option - Direct Plan,HDFC Mutual Fund,Open Ended Schemes,Debt Scheme - Money Market Fund,08-04-2013,24.56450
119092,HDFC Money Market Fund - Growth Option - Direct Plan,HDFC Mutual Fund,Open Ended Schemes,Debt Scheme - Money Market Fund,07-04-2013,24.55900
119092,HDFC Money Market Fund - Growth Option - Direct Plan,HDFC Mutual Fund,Open Ended Schemes,Debt Scheme - Money Market Fund,05-04-2013,24.54800
119092,HDFC Money Market Fund - Growth Option - Direct Plan,HDFC Mutual Fund,Open Ended Schemes,Debt Scheme - Money Market Fund,04-04-2013,24.54190
119092,HDFC Money Market Fund - Growth Option - Direct Plan,HDFC Mutual Fund,Open Ended Schemes,Debt Scheme - Money Market Fund,03-04-2013,24.53630
119092,HDFC Money Market Fund - Growth Option - Direct Plan,HDFC Mutual Fund,Open Ended Schemes,Debt Scheme - Money Market Fund,02-04-2013,24.52940
119092,HDFC Money Market Fund - Growth Option - Direct Plan,HDFC Mutual Fund,Open Ended Schemes,Debt Scheme - Money Market Fund,01-04-2013,24.51630
119092,HDFC Money Market Fund - Growth Option - Direct Plan,HDFC Mutual Fund,Open Ended Schemes,Debt Scheme - Money Market Fund,28-03-2013,24.47950
119092,HDFC Money Market Fund - Growth Option - Direct Plan,HDFC Mutual Fund,Open Ended Schemes,Debt Scheme - Money Market Fund,27-03-2013,24.46990
119092,HDFC Money Market Fund - Growth Option - Direct Plan,HDFC Mutual Fund,Open Ended Schemes,Debt Scheme - Money Market Fund,26-03-2013,24.46400
119092,HDFC Money Market Fund - Growth Option - Direct Plan,HDFC Mutual Fund,Open Ended Schemes,Debt Scheme - Money Market Fund,25-03-2013,24.45770
119092,HDFC Money Market Fund - Growth Option - Direct Plan,HDFC Mutual Fund,Open Ended Schemes,Debt Scheme - Money Market Fund,24-03-2013,24.45180
119092,HDFC Money Market Fund - Growth Option - Direct Plan,HDFC Mutual Fund,Open Ended Schemes,Debt Scheme - Money Market Fund,22-03-2013,24.44020
119092,HDFC Money Market Fund - Growth Option - Direct Plan,HDFC Mutual Fund,Open Ended Schemes,Debt Scheme - Money Market Fund,21-03-2013,24.43440
119092,HDFC Money Market Fund - Growth Option - Direct Plan,HDFC Mutual Fund,Open Ended Schemes,Debt Scheme - Money Market Fund,20-03-2013,24.42870
119092,HDFC Money Market Fund - Growth Option - Direct Plan,HDFC Mutual Fund,Open Ended Schemes,Debt Scheme - Money Market Fund,19-03-2013,24.42300
119092,HDFC Money Market Fund - Growth Option - Direct Plan,HDFC Mutual Fund,Open Ended Schemes,Debt Scheme - Money Market Fund,18-03-2013,24.41720
119092,HDFC Money Market Fund - Growth Option - Direct Plan,HDFC Mutual Fund,Open Ended Schemes,Debt Scheme - Money Market Fund,17-03-2013,24.41120
119092,HDFC Money Market Fund - Growth Option - Direct Plan,HDFC Mutual Fund,Open Ended Schemes,Debt Scheme - Money Market Fund,15-03-2013,24.39950
119092,HDFC Money Market Fund - Growth Option - Direct Plan,HDFC Mutual Fund,Open Ended Schemes,Debt Scheme - Money Market Fund,14-03-2013,24.39390
119092,HDFC Money Market Fund - Growth Option - Direct Plan,HDFC Mutual Fund,Open Ended Schemes,Debt Scheme - Money Market Fund,13-03-2013,24.38820
119092,HDFC Money Market Fund - Growth Option - Direct Plan,HDFC Mutual Fund,Open Ended Schemes,Debt Scheme - Money Market Fund,12-03-2013,24.38270
119092,HDFC Money Market Fund - Growth Option - Direct Plan,HDFC Mutual Fund,Open Ended Schemes,Debt Scheme - Money Market Fund,11-03-2013,24.37700
119092,HDFC Money Market Fund - Growth Option - Direct Plan,HDFC Mutual Fund,Open Ended Schemes,Debt Scheme - Money Market Fund,10-03-2013,24.37140
119092,HDFC Money Market Fund - Growth Option - Direct Plan,HDFC Mutual Fund,Open Ended Schemes,Debt Scheme - Money Market Fund,08-03-2013,24.36010
119092,HDFC Money Market Fund - Growth Option - Direct Plan,HDFC Mutual Fund,Open Ended Schemes,Debt Scheme - Money Market Fund,07-03-2013,24.35460
119092,HDFC Money Market Fund - Growth Option - Direct Plan,HDFC Mutual Fund,Open Ended Schemes,Debt Scheme - Money Market Fund,06-03-2013,24.34890
119092,HDFC Money Market Fund - Growth Option - Direct Plan,HDFC Mutual Fund,Open Ended Schemes,Debt Scheme - Money Market Fund,05-03-2013,24.34330
119092,HDFC Money Market Fund - Growth Option - Direct Plan,HDFC Mutual Fund,Open Ended Schemes,Debt Scheme - Money Market Fund,04-03-2013,24.33770
119092,HDFC Money Market Fund - Growth Option - Direct Plan,HDFC Mutual Fund,Open Ended Schemes,Debt Scheme - Money Market Fund,03-03-2013,24.33220
119092,HDFC Money Market Fund - Growth Option - Direct Plan,HDFC Mutual Fund,Open Ended Schemes,Debt Scheme - Money Market Fund,01-03-2013,24.32120
119092,HDFC Money Market Fund - Growth Option - Direct Plan,HDFC Mutual Fund,Open Ended Schemes,Debt Scheme - Money Market Fund,28-02-2013,24.31570
119092,HDFC Money Market Fund - Growth Option - Direct Plan,HDFC Mutual Fund,Open Ended Schemes,Debt Scheme - Money Market Fund,27-02-2013,24.31020
119092,HDFC Money Market Fund - Growth Option - Direct Plan,HDFC Mutual Fund,Open Ended Schemes,Debt Scheme - Money Market Fund,26-02-2013,24.30470
119092,HDFC Money Market Fund - Growth Option - Direct Plan,HDFC Mutual Fund,Open Ended Schemes,Debt Scheme - Money Market Fund,25-02-2013,24.29930
119092,HDFC Money Market Fund - Growth Option - Direct Plan,HDFC Mutual Fund,Open Ended Schemes,Debt Scheme - Money Market Fund,24-02-2013,24.29380
119092,HDFC Money Market Fund - Growth Option - Direct Plan,HDFC Mutual Fund,Open Ended Schemes,Debt Scheme - Money Market Fund,22-02-2013,24.28280
119092,HDFC Money Market Fund - Growth Option - Direct Plan,HDFC Mutual Fund,Open Ended Schemes,Debt Scheme - Money Market Fund,21-02-2013,24.27730
119092,HDFC Money Market Fund - Growth Option - Direct Plan,HDFC Mutual Fund,Open Ended Schemes,Debt Scheme - Money Market Fund,20-02-2013,24.27190
119092,HDFC Money Market Fund - Growth Option - Direct Plan,HDFC Mutual Fund,Open Ended Schemes,Debt Scheme - Money Market Fund,19-02-2013,24.26640
119092,HDFC Money Market Fund - Growth Option - Direct Plan,HDFC Mutual Fund,Open Ended Schemes,Debt Scheme - Money Market Fund,18-02-2013,24.26090
119092,HDFC Money Market Fund - Growth Option - Direct Plan,HDFC Mutual Fund,Open Ended Schemes,Debt Scheme - Money Market Fund,17-02-2013,24.25540
119092,HDFC Money Market Fund - Growth Option - Direct Plan,HDFC Mutual Fund,Open Ended Schemes,Debt Scheme - Money Market Fund,15-02-2013,24.24460
119092,HDFC Money Market Fund - Growth Option - Direct Plan,HDFC Mutual Fund,Open Ended Schemes,Debt Scheme - Money Market Fund,14-02-2013,24.23920
119092,HDFC Money Market Fund - Growth Option - Direct Plan,HDFC Mutual Fund,Open Ended Schemes,Debt Scheme - Money Market Fund,13-02-2013,24.23380
119092,HDFC Money Market Fund - Growth Option - Direct Plan,HDFC Mutual Fund,Open Ended Schemes,Debt Scheme - Money Market Fund,12-02-2013,24.22840
119092,HDFC Money Market Fund - Growth Option - Direct Plan,HDFC Mutual Fund,Open Ended Schemes,Debt Scheme - Money Market Fund,11-02-2013,24.22300
119092,HDFC Money Market Fund - Growth Option - Direct Plan,HDFC Mutual Fund,Open Ended Schemes,Debt Scheme - Money Market Fund,10-02-2013,24.21740
119092,HDFC Money Market Fund - Growth Option - Direct Plan,HDFC Mutual Fund,Open Ended Schemes,Debt Scheme - Money Market Fund,08-02-2013,24.20670
119092,HDFC Money Market Fund - Growth Option - Direct Plan,HDFC Mutual Fund,Open Ended Schemes,Debt Scheme - Money Market Fund,07-02-2013,24.20130
119092,HDFC Money Market Fund - Growth Option - Direct Plan,HDFC Mutual Fund,Open Ended Schemes,Debt Scheme - Money Market Fund,06-02-2013,24.19590
119092,HDFC Money Market Fund - Growth Option - Direct Plan,HDFC Mutual Fund,Open Ended Schemes,Debt Scheme - Money Market Fund,05-02-2013,24.19030
119092,HDFC Money Market Fund - Growth Option - Direct Plan,HDFC Mutual Fund,Open Ended Schemes,Debt Scheme - Money Market Fund,04-02-2013,24.18490
119092,HDFC Money Market Fund - Growth Option - Direct Plan,HDFC Mutual Fund,Open Ended Schemes,Debt Scheme - Money Market Fund,03-02-2013,24.17950
119092,HDFC Money Market Fund - Growth Option - Direct Plan,HDFC Mutual Fund,Open Ended Schemes,Debt Scheme - Money Market Fund,01-02-2013,24.16860
119092,HDFC Money Market Fund - Growth Option - Direct Plan,HDFC Mutual Fund,Open Ended Schemes,Debt Scheme - Money Market Fund,31-01-2013,24.16310
119092,HDFC Money Market Fund - Growth Option - Direct Plan,HDFC Mutual Fund,Open Ended Schemes,Debt Scheme - Money Market Fund,30-01-2013,24.15770
119092,HDFC Money Market Fund - Growth Option - Direct Plan,HDFC Mutual Fund,Open Ended Schemes,Debt Scheme - Money Market Fund,29-01-2013,24.15220
119092,HDFC Money Market Fund - Growth Option - Direct Plan,HDFC Mutual Fund,Open Ended Schemes,Debt Scheme - Money Market Fund,28-01-2013,24.14680
119092,HDFC Money Market Fund - Growth Option - Direct Plan,HDFC Mutual Fund,Open Ended Schemes,Debt Scheme - Money Market Fund,27-01-2013,24.14130
119092,HDFC Money Market Fund - Growth Option - Direct Plan,HDFC Mutual Fund,Open Ended Schemes,Debt Scheme - Money Market Fund,24-01-2013,24.12490
119092,HDFC Money Market Fund - Growth Option - Direct Plan,HDFC Mutual Fund,Open Ended Schemes,Debt Scheme - Money Market Fund,23-01-2013,24.11940
119092,HDFC Money Market Fund - Growth Option - Direct Plan,HDFC Mutual Fund,Open Ended Schemes,Debt Scheme - Money Market Fund,22-01-2013,24.11390
119092,HDFC Money Market Fund - Growth Option - Direct Plan,HDFC Mutual Fund,Open Ended Schemes,Debt Scheme - Money Market Fund,21-01-2013,24.10840
119092,HDFC Money Market Fund - Growth Option - Direct Plan,HDFC Mutual Fund,Open Ended Schemes,Debt Scheme - Money Market Fund,20-01-2013,24.10280
119092,HDFC Money Market Fund - Growth Option - Direct Plan,HDFC Mutual Fund,Open Ended Schemes,Debt Scheme - Money Market Fund,18-01-2013,24.09180
119092,HDFC Money Market Fund - Growth Option - Direct Plan,HDFC Mutual Fund,Open Ended Schemes,Debt Scheme - Money Market Fund,17-01-2013,24.08630
119092,HDFC Money Market Fund - Growth Option - Direct Plan,HDFC Mutual Fund,Open Ended Schemes,Debt Scheme - Money Market Fund,16-01-2013,24.08090
119092,HDFC Money Market Fund - Growth Option - Direct Plan,HDFC Mutual Fund,Open Ended Schemes,Debt Scheme - Money Market Fund,15-01-2013,24.07540
119092,HDFC Money Market Fund - Growth Option - Direct Plan,HDFC Mutual Fund,Open Ended Schemes,Debt Scheme - Money Market Fund,14-01-2013,24.06980
119092,HDFC Money Market Fund - Growth Option - Direct Plan,HDFC Mutual Fund,Open Ended Schemes,Debt Scheme - Money Market Fund,13-01-2013,24.06430
119092,HDFC Money Market Fund - Growth Option - Direct Plan,HDFC Mutual Fund,Open Ended Schemes,Debt Scheme - Money Market Fund,11-01-2013,24.05340
119092,HDFC Money Market Fund - Growth Option - Direct Plan,HDFC Mutual Fund,Open Ended Schemes,Debt Scheme - Money Market Fund,10-01-2013,24.04790
119092,HDFC Money Market Fund - Growth Option - Direct Plan,HDFC Mutual Fund,Open Ended Schemes,Debt Scheme - Money Market Fund,09-01-2013,24.04240
119092,HDFC Money Market Fund - Growth Option - Direct Plan,HDFC Mutual Fund,Open Ended Schemes,Debt Scheme - Money Market Fund,08-01-2013,24.03690
119092,HDFC Money Market Fund - Growth Option - Direct Plan,HDFC Mutual Fund,Open Ended Schemes,Debt Scheme - Money Market Fund,07-01-2013,24.03140
119092,HDFC Money Market Fund - Growth Option - Direct Plan,HDFC Mutual Fund,Open Ended Schemes,Debt Scheme - Money Market Fund,06-01-2013,24.02580
119092,HDFC Money Market Fund - Growth Option - Direct Plan,HDFC Mutual Fund,Open Ended Schemes,Debt Scheme - Money Market Fund,04-01-2013,24.01470
119092,HDFC Money Market Fund - Growth Option - Direct Plan,HDFC Mutual Fund,Open Ended Schemes,Debt Scheme - Money Market Fund,03-01-2013,24.00920
119092,HDFC Money Market Fund - Growth Option - Direct Plan,HDFC Mutual Fund,Open Ended Schemes,Debt Scheme - Money Market Fund,02-01-2013,24.00360
119092,HDFC Money Market Fund - Growth Option - Direct Plan,HDFC Mutual Fund,Open Ended Schemes,Debt Scheme - Money Market Fund,01-01-2013,23.99790
119092,HDFC Money Market Fund - Growth Option - Direct Plan,HDFC Mutual Fund,Open Ended Schemes,Debt Scheme - Money Market Fund,31-12-2012,23.99200
