amfi_code,scheme_name,fund_house,scheme_type,scheme_category,date,nav
120503,Axis ELSS Tax Saver Fund - Direct Plan - Growth Option,Axis Mutual Fund,Open Ended Schemes,Equity Scheme - ELSS,01-06-2026,103.09480
120503,Axis ELSS Tax Saver Fund - Direct Plan - Growth Option,Axis Mutual Fund,Open Ended Schemes,Equity Scheme - ELSS,31-05-2026,104.30830
120503,Axis ELSS Tax Saver Fund - Direct Plan - Growth Option,Axis Mutual Fund,Open Ended Schemes,Equity Scheme - ELSS,29-05-2026,104.31290
120503,Axis ELSS Tax Saver Fund - Direct Plan - Growth Option,Axis Mutual Fund,Open Ended Schemes,Equity Scheme - ELSS,27-05-2026,105.92960
120503,Axis ELSS Tax Saver Fund - Direct Plan - Growth Option,Axis Mutual Fund,Open Ended Schemes,Equity Scheme - ELSS,26-05-2026,105.51150
120503,Axis ELSS Tax Saver Fund - Direct Plan - Growth Option,Axis Mutual Fund,Open Ended Schemes,Equity Scheme - ELSS,25-05-2026,105.92170
120503,Axis ELSS Tax Saver Fund - Direct Plan - Growth Option,Axis Mutual Fund,Open Ended Schemes,Equity Scheme - ELSS,22-05-2026,104.77080
120503,Axis ELSS Tax Saver Fund - Direct Plan - Growth Option,Axis Mutual Fund,Open Ended Schemes,Equity Scheme - ELSS,21-05-2026,104.49150
120503,Axis ELSS Tax Saver Fund - Direct Plan - Growth Option,Axis Mutual Fund,Open Ended Schemes,Equity Scheme - ELSS,20-05-2026,104.60460
120503,Axis ELSS Tax Saver Fund - Direct Plan - Growth Option,Axis Mutual Fund,Open Ended Schemes,Equity Scheme - ELSS,19-05-2026,104.27670
120503,Axis ELSS Tax Saver Fund - Direct Plan - Growth Option,Axis Mutual Fund,Open Ended Schemes,Equity Scheme - ELSS,18-05-2026,104.15560
120503,Axis ELSS Tax Saver Fund - Direct Plan - Growth Option,Axis Mutual Fund,Open Ended Schemes,Equity Scheme - ELSS,15-05-2026,104.29180
120503,Axis ELSS Tax Saver Fund - Direct Plan - Growth Option,Axis Mutual Fund,Open Ended Schemes,Equity Scheme - ELSS,14-05-2026,104.55310
120503,Axis ELSS Tax Saver Fund - Direct Plan - Growth Option,Axis Mutual Fund,Open Ended Schemes,Equity Scheme - ELSS,13-05-2026,103.39600
120503,Axis ELSS Tax Saver Fund - Direct Plan - Growth Option,Axis Mutual Fund,Open Ended Schemes,Equity Scheme - ELSS,12-05-2026,103.33840
120503,Axis ELSS Tax Saver Fund - Direct Plan - Growth Option,Axis Mutual Fund,Open Ended Schemes,Equity Scheme - ELSS,11-05-2026,105.60660
120503,Axis ELSS Tax Saver Fund - Direct Plan - Growth Option,Axis Mutual Fund,Open Ended Schemes,Equity Scheme - ELSS,08-05-2026,107.15000
120503,Axis ELSS Tax Saver Fund - Direct Plan - Growth Option,Axis Mutual Fund,Open Ended Schemes,Equity Scheme - ELSS,07-05-2026,107.67290
120503,Axis ELSS Tax Saver Fund - Direct Plan - Growth Option,Axis Mutual Fund,Open Ended Schemes,Equity Scheme - ELSS,06-05-2026,107.33540
120503,Axis ELSS Tax Saver Fund - Direct Plan - Growth Option,Axis Mutual Fund,Open Ended Schemes,Equity Scheme - ELSS,05-05-2026,105.83870
120503,Axis ELSS Tax Saver Fund - Direct Plan - Growth Option,Axis Mutual Fund,Open Ended Schemes,Equity Scheme - ELSS,04-05-2026,105.74490
120503,Axis ELSS Tax Saver Fund - Direct Plan - Growth Option,Axis Mutual Fund,Open Ended Schemes,Equity Scheme - ELSS,30-04-2026,105.28450
120503,Axis ELSS Tax Saver Fund - Direct Plan - Growth Option,Axis Mutual Fund,Open Ended Schemes,Equity Scheme - ELSS,29-04-2026,106.06980
120503,Axis ELSS Tax Saver Fund - Direct Plan - Growth Option,Axis Mutual Fund,Open Ended Schemes,Equity Scheme - ELSS,28-04-2026,105.62120
120503,Axis ELSS Tax Saver Fund - Direct Plan - Growth Option,Axis Mutual Fund,Open Ended Schemes,Equity Scheme - ELSS,27-04-2026,106.05280
120503,Axis ELSS Tax Saver Fund - Direct Plan - Growth Option,Axis Mutual Fund,Open Ended Schemes,Equity Scheme - ELSS,24-04-2026,105.09280
120503,Axis ELSS Tax Saver Fund - Direct Plan - Growth Option,Axis Mutual Fund,Open Ended Schemes,Equity Scheme - ELSS,23-04-2026,106.13010
120503,Axis ELSS Tax Saver Fund - Direct Plan - Growth Option,Axis Mutual Fund,Open Ended Schemes,Equity Scheme - ELSS,22-04-2026,106.82990
120503,Axis ELSS Tax Saver Fund - Direct Plan - Growth Option,Axis Mutual Fund,Open Ended Schemes,Equity Scheme - ELSS,21-04-2026,107.24340
120503,Axis ELSS Tax Saver Fund - Direct Plan - Growth Option,Axis Mutual Fund,Open Ended Schemes,Equity Scheme - ELSS,20-04-2026,106.20630
120503,Axis ELSS Tax Saver Fund - Direct Plan - Growth Option,Axis Mutual Fund,Open Ended Schemes,Equity Scheme - ELSS,17-04-2026,105.98260
120503,Axis ELSS Tax Saver Fund - Direct Plan - Growth Option,Axis Mutual Fund,Open Ended Schemes,Equity Scheme - ELSS,16-04-2026,105.11700
120503,Axis ELSS Tax Saver Fund - Direct Plan - Growth Option,Axis Mutual Fund,Open Ended Schemes,Equity Scheme - ELSS,15-04-2026,104.92590
120503,Axis ELSS Tax Saver Fund - Direct Plan - Growth Option,Axis Mutual Fund,Open Ended Schemes,Equity Scheme - ELSS,13-04-2026,103.23030
120503,Axis ELSS Tax Saver Fund - Direct Plan - Growth Option,Axis Mutual Fund,Open Ended Schemes,Equity Scheme - ELSS,10-04-2026,104.13480
120503,Axis ELSS Tax Saver Fund - Direct Plan - Growth Option,Axis Mutual Fund,Open Ended Schemes,Equity Scheme - ELSS,09-04-2026,102.54940
120503,Axis ELSS Tax Saver Fund - Direct Plan - Growth Option,Axis Mutual Fund,Open Ended Schemes,Equity Scheme - ELSS,08-04-2026,103.28330
120503,Axis ELSS Tax Saver Fund - Direct Plan - Growth Option,Axis Mutual Fund,Open Ended Schemes,Equity Scheme - ELSS,07-04-2026,99.38760
120503,Axis ELSS Tax Saver Fund - Direct Plan - Growth Option,Axis Mutual Fund,Open Ended Schemes,Equity Scheme - ELSS,06-04-2026,98.80140
120503,Axis ELSS Tax Saver Fund - Direct Plan - Growth Option,Axis Mutual Fund,Open Ended Schemes,Equity Scheme - ELSS,02-04-2026,97.52000
120503,Axis ELSS Tax Saver Fund - Direct Plan - Growth Option,Axis Mutual Fund,Open Ended Schemes,Equity Scheme - ELSS,01-04-2026,97.71840
120503,Axis ELSS Tax Saver Fund - Direct Plan - Growth Option,Axis Mutual Fund,Open Ended Schemes,Equity Scheme - ELSS,31-03-2026,96.27530
120503,Axis ELSS Tax Saver Fund - Direct Plan - Growth Option,Axis Mutual Fund,Open Ended Schemes,Equity Scheme - ELSS,30-03-2026,96.27680
120503,Axis ELSS Tax Saver Fund - Direct Plan - Growth Option,Axis Mutual Fund,Open Ended Schemes,Equity Scheme - ELSS,27-03-2026,98.67390
120503,Axis ELSS Tax Saver Fund - Direct Plan - Growth Option,Axis Mutual Fund,Open Ended Schemes,Equity Scheme - ELSS,25-03-2026,100.73190
120503,Axis ELSS Tax Saver Fund - Direct Plan - Growth Option,Axis Mutual Fund,Open Ended Schemes,Equity Scheme - ELSS,24-03-2026,98.65970
120503,Axis ELSS Tax Saver Fund - Direct Plan - Growth Option,Axis Mutual Fund,Open Ended Schemes,Equity Scheme - ELSS,23-03-2026,96.71300
120503,Axis ELSS Tax Saver Fund - Direct Plan - Growth Option,Axis Mutual Fund,Open Ended Schemes,Equity Scheme - ELSS,20-03-2026,99.61420
120503,Axis ELSS Tax Saver Fund - Direct Plan - Growth Option,Axis Mutual Fund,Open Ended Schemes,Equity Scheme - ELSS,19-03-2026,99.15970
120503,Axis ELSS Tax Saver Fund - Direct Plan - Growth Option,Axis Mutual Fund,Open Ended Schemes,Equity Scheme - ELSS,18-03-2026,102.45920
120503,Axis ELSS Tax Saver Fund - Direct Plan - Growth Option,Axis Mutual Fund,Open Ended Schemes,Equity Scheme - ELSS,17-03-2026,101.24960
120503,Axis ELSS Tax Saver Fund - Direct Plan - Growth Option,Axis Mutual Fund,Open Ended Schemes,Equity Scheme - ELSS,16-03-2026,100.39600
120503,Axis ELSS Tax Saver Fund - Direct Plan - Growth Option,Axis Mutual Fund,Open Ended Schemes,Equity Scheme - ELSS,13-03-2026,99.71110
120503,Axis ELSS Tax Saver Fund - Direct Plan - Growth Option,Axis Mutual Fund,Open Ended Schemes,Equity Scheme - ELSS,12-03-2026,101.97180
120503,Axis ELSS Tax Saver Fund - Direct Plan - Growth Option,Axis Mutual Fund,Open Ended Schemes,Equity Scheme - ELSS,11-03-2026,102.97760
120503,Axis ELSS Tax Saver Fund - Direct Plan - Growth Option,Axis Mutual Fund,Open Ended Schemes,Equity Scheme - ELSS,10-03-2026,104.75930
120503,Axis ELSS Tax Saver Fund - Direct Plan - Growth Option,Axis Mutual Fund,Open Ended Schemes,Equity Scheme - ELSS,09-03-2026,103.38820
120503,Axis ELSS Tax Saver Fund - Direct Plan - Growth Option,Axis Mutual Fund,Open Ended Schemes,Equity Scheme - ELSS,06-03-2026,105.40500
120503,Axis ELSS Tax Saver Fund - Direct Plan - Growth Option,Axis Mutual Fund,Open Ended Schemes,Equity Scheme - ELSS,05-03-2026,106.72970
120503,Axis ELSS Tax Saver Fund - Direct Plan - Growth Option,Axis Mutual Fund,Open Ended Schemes,Equity Scheme - ELSS,04-03-2026,105.49280
120503,Axis ELSS Tax Saver Fund - Direct Plan - Growth Option,Axis Mutual Fund,Open Ended Schemes,Equity Scheme - ELSS,02-03-2026,107.52310
120503,Axis ELSS Tax Saver Fund - Direct Plan - Growth Option,Axis Mutual Fund,Open Ended Schemes,Equity Scheme - ELSS,28-02-2026,108.93250
120503,Axis ELSS Tax Saver Fund - Direct Plan - Growth Option,Axis Mutual Fund,Open Ended Schemes,Equity Scheme - ELSS,27-02-2026,108.93450
120503,Axis ELSS Tax Saver Fund - Direct Plan - Growth Option,Axis Mutual Fund,Open Ended Schemes,Equity Scheme - ELSS,26-02-2026,110.29450
120503,Axis ELSS Tax Saver Fund - Direct Plan - Growth Option,Axis Mutual Fund,Open Ended Schemes,Equity Scheme - ELSS,25-02-2026,109.92930
120503,Axis ELSS Tax Saver Fund - Direct Plan - Growth Option,Axis Mutual Fund,Open Ended Schemes,Equity Scheme - ELSS,24-02-2026,109.36810
120503,Axis ELSS Tax Saver Fund - Direct Plan - Growth Option,Axis Mutual Fund,Open Ended Schemes,Equity Scheme - ELSS,23-02-2026,110.29100
120503,Axis ELSS Tax Saver Fund - Direct Plan - Growth Option,Axis Mutual Fund,Open Ended Schemes,Equity Scheme - ELSS,20-02-2026,109.52730
120503,Axis ELSS Tax Saver Fund - Direct Plan - Growth Option,Axis Mutual Fund,Open Ended Schemes,Equity Scheme - ELSS,19-02-2026,109.00910
120503,Axis ELSS Tax Saver Fund - Direct Plan - Growth Option,Axis Mutual Fund,Open Ended Schemes,Equity Scheme - ELSS,18-02-2026,110.63030
120503,Axis ELSS Tax Saver Fund - Direct Plan - Growth Option,Axis Mutual Fund,Open Ended Schemes,Equity Scheme - ELSS,17-02-2026,110.08060
120503,Axis ELSS Tax Saver Fund - Direct Plan - Growth Option,Axis Mutual Fund,Open Ended Schemes,Equity Scheme - ELSS,16-02-2026,109.84440
120503,Axis ELSS Tax Saver Fund - Direct Plan - Growth Option,Axis Mutual Fund,Open Ended Schemes,Equity Scheme - ELSS,13-02-2026,109.34090
120503,Axis ELSS Tax Saver Fund - Direct Plan - Growth Option,Axis Mutual Fund,Open Ended Schemes,Equity Scheme - ELSS,12-02-2026,110.53650
120503,Axis ELSS Tax Saver Fund - Direct Plan - Growth Option,Axis Mutual Fund,Open Ended Schemes,Equity Scheme - ELSS,11-02-2026,110.83920
120503,Axis ELSS Tax Saver Fund - Direct Plan - Growth Option,Axis Mutual Fund,Open Ended Schemes,Equity Scheme - ELSS,10-02-2026,110.65190
120503,Axis ELSS Tax Saver Fund - Direct Plan - Growth Option,Axis Mutual Fund,Open Ended Schemes,Equity Scheme - ELSS,09-02-2026,110.38450
120503,Axis ELSS Tax Saver Fund - Direct Plan - Growth Option,Axis Mutual Fund,Open Ended Schemes,Equity Scheme - ELSS,06-02-2026,109.17560
120503,Axis ELSS Tax Saver Fund - Direct Plan - Growth Option,Axis Mutual Fund,Open Ended Schemes,Equity Scheme - ELSS,05-02-2026,109.01370
120503,Axis ELSS Tax Saver Fund - Direct Plan - Growth Option,Axis Mutual Fund,Open Ended Schemes,Equity Scheme - ELSS,04-02-2026,109.28800
120503,Axis ELSS Tax Saver Fund - Direct Plan - Growth Option,Axis Mutual Fund,Open Ended Schemes,Equity Scheme - ELSS,03-02-2026,109.09550
120503,Axis ELSS Tax Saver Fund - Direct Plan - Growth Option,Axis Mutual Fund,Open Ended Schemes,Equity Scheme - ELSS,02-02-2026,106.15960
120503,Axis ELSS Tax Saver Fund - Direct Plan - Growth Option,Axis Mutual Fund,Open Ended Schemes,Equity Scheme - ELSS,31-01-2026,107.18970
120503,Axis ELSS Tax Saver Fund - Direct Plan - Growth Option,Axis Mutual Fund,Open Ended Schemes,Equity Scheme - ELSS,30-01-2026,107.19180
120503,Axis ELSS Tax Saver Fund - Direct Plan - Growth Option,Axis Mutual Fund,Open Ended Schemes,Equity Scheme - ELSS,29-01-2026,107.17590
120503,Axis ELSS Tax Saver Fund - Direct Plan - Growth Option,Axis Mutual Fund,Open Ended Schemes,Equity Scheme - ELSS,28-01-2026,107.02960
120503,Axis ELSS Tax Saver Fund - Direct Plan - Growth Option,Axis Mutual Fund,Open Ended Schemes,Equity Scheme - ELSS,27-01-2026,105.94500
120503,Axis ELSS Tax Saver Fund - Direct Plan - Growth Option,Axis Mutual Fund,Open Ended Schemes,Equity Scheme - ELSS,23-01-2026,105.71710
120503,Axis ELSS Tax Saver Fund - Direct Plan - Growth Option,Axis Mutual Fund,Open Ended Schemes,Equity Scheme - ELSS,22-01-2026,106.87140
120503,Axis ELSS Tax Saver Fund - Direct Plan - Growth Option,Axis Mutual Fund,Open Ended Schemes,Equity Scheme - ELSS,21-01-2026,106.07310
120503,Axis ELSS Tax Saver Fund - Direct Plan - Growth Option,Axis Mutual Fund,Open Ended Schemes,Equity Scheme - ELSS,20-01-2026,106.50560
120503,Axis ELSS Tax Saver Fund - Direct Plan - Growth Option,Axis Mutual Fund,Open Ended Schemes,Equity Scheme - ELSS,19-01-2026,108.36170
120503,Axis ELSS Tax Saver Fund - Direct Plan - Growth Option,Axis Mutual Fund,Open Ended Schemes,Equity Scheme - ELSS,16-01-2026,108.64460
120503,Axis ELSS Tax Saver Fund - Direct Plan - Growth Option,Axis Mutual Fund,Open Ended Schemes,Equity Scheme - ELSS,14-01-2026,108.50480
120503,Axis ELSS Tax Saver Fund - Direct Plan - Growth Option,Axis Mutual Fund,Open Ended Schemes,Equity Scheme - ELSS,13-01-2026,108.84250
120503,Axis ELSS Tax Saver Fund - Direct Plan - Growth Option,Axis Mutual Fund,Open Ended Schemes,Equity Scheme - ELSS,12-01-2026,108.89310
120503,Axis ELSS Tax Saver Fund - Direct Plan - Growth Option,Axis Mutual Fund,Open Ended Schemes,Equity Scheme - ELSS,09-01-2026,108.84980
120503,Axis ELSS Tax Saver Fund - Direct Plan - Growth Option,Axis Mutual Fund,Open Ended Schemes,Equity Scheme - ELSS,08-01-2026,110.05730
120503,Axis ELSS Tax Saver Fund - Direct Plan - Growth Option,Axis Mutual Fund,Open Ended Schemes,Equity Scheme - ELSS,07-01-2026,111.31060
120503,Axis ELSS Tax Saver Fund - Direct Plan - Growth Option,Axis Mutual Fund,Open Ended Schemes,Equity Scheme - ELSS,06-01-2026,111.24920
120503,Axis ELSS Tax Saver Fund - Direct Plan - Growth Option,Axis Mutual Fund,Open Ended Schemes,Equity Scheme - ELSS,05-01-2026,111.18020
120503,Axis ELSS Tax Saver Fund - Direct Plan - Growth Option,Axis Mutual Fund,Open Ended Schemes,Equity Scheme - ELSS,02-01-2026,111.53570
120503,Axis ELSS Tax Saver Fund - Direct Plan - Growth Option,Axis Mutual Fund,Open Ended Schemes,Equity Scheme - ELSS,01-01-2026,110.55160
120503,Axis ELSS Tax Saver Fund - Direct Plan - Growth Option,Axis Mutual Fund,Open Ended Schemes,Equity Scheme - ELSS,31-12-2025,110.24190
120503,Axis ELSS Tax Saver Fund - Direct Plan - Growth Option,Axis Mutual Fund,Open Ended Schemes,Equity Scheme - ELSS,30-12-2025,109.55060
120503,Axis ELSS Tax Saver Fund - Direct Plan - Growth Option,Axis Mutual Fund,Open Ended Schemes,Equity Scheme - ELSS,29-12-2025,109.82110
120503,Axis ELSS Tax Saver Fund - Direct Plan - Growth Option,Axis Mutual Fund,Open Ended Schemes,Equity Scheme - ELSS,26-12-2025,110.26660
120503,Axis ELSS Tax Saver Fund - Direct Plan - Growth Option,Axis Mutual Fund,Open Ended Schemes,Equity Scheme - ELSS,24-12-2025,110.64850
120503,Axis ELSS Tax Saver Fund - Direct Plan - Growth Option,Axis Mutual Fund,Open Ended Schemes,Equity Scheme - ELSS,23-12-2025,110.85200
120503,Axis ELSS Tax Saver Fund - Direct Plan - Growth Option,Axis Mutual Fund,Open Ended Schemes,Equity Scheme - ELSS,22-12-2025,110.78620
120503,Axis ELSS Tax Saver Fund - Direct Plan - Growth Option,Axis Mutual Fund,Open Ended Schemes,Equity Scheme - ELSS,19-12-2025,110.15340
120503,Axis ELSS Tax Saver Fund - Direct Plan - Growth Option,Axis Mutual Fund,Open Ended Schemes,Equity Scheme - ELSS,18-12-2025,109.25320
120503,Axis ELSS Tax Saver Fund - Direct Plan - Growth Option,Axis Mutual Fund,Open Ended Schemes,Equity Scheme - ELSS,17-12-2025,109.30910
120503,Axis ELSS Tax Saver Fund - Direct Plan - Growth Option,Axis Mutual Fund,Open Ended Schemes,Equity Scheme - ELSS,16-12-2025,109.73920
120503,Axis ELSS Tax Saver Fund - Direct Plan - Growth Option,Axis Mutual Fund,Open Ended Schemes,Equity Scheme - ELSS,15-12-2025,110.35820
120503,Axis ELSS Tax Saver Fund - Direct Plan - Growth Option,Axis Mutual Fund,Open Ended Schemes,Equity Scheme - ELSS,12-12-2025,110.51900
120503,Axis ELSS Tax Saver Fund - Direct Plan - Growth Option,Axis Mutual Fund,Open Ended Schemes,Equity Scheme - ELSS,11-12-2025,109.77620
120503,Axis ELSS Tax Saver Fund - Direct Plan - Growth Option,Axis Mutual Fund,Open Ended Schemes,Equity Scheme - ELSS,10-12-2025,109.08860
120503,Axis ELSS Tax Saver Fund - Direct Plan - Growth Option,Axis Mutual Fund,Open Ended Schemes,Equity Scheme - ELSS,09-12-2025,109.70350
120503,Axis ELSS Tax Saver Fund - Direct Plan - Growth Option,Axis Mutual Fund,Open Ended Schemes,Equity Scheme - ELSS,08-12-2025,109.61410
120503,Axis ELSS Tax Saver Fund - Direct Plan - Growth Option,Axis Mutual Fund,Open Ended Schemes,Equity Scheme - ELSS,05-12-2025,111.14870
120503,Axis ELSS Tax Saver Fund - Direct Plan - Growth Option,Axis Mutual Fund,Open Ended Schemes,Equity Scheme - ELSS,04-12-2025,110.84860
120503,Axis ELSS Tax Saver Fund - Direct Plan - Growth Option,Axis Mutual Fund,Open Ended Schemes,Equity Scheme - ELSS,03-12-2025,110.78130
120503,Axis ELSS Tax Saver Fund - Direct Plan - Growth Option,Axis Mutual Fund,Open Ended Schemes,Equity Scheme - ELSS,02-12-2025,111.26770
120503,Axis ELSS Tax Saver Fund - Direct Plan - Growth Option,Axis Mutual Fund,Open Ended Schemes,Equity Scheme - ELSS,01-12-2025,111.63650
120503,Axis ELSS Tax Saver Fund - Direct Plan - Growth Option,Axis Mutual Fund,Open Ended Schemes,Equity Scheme - ELSS,30-11-2025,111.83110
120503,Axis ELSS Tax Saver Fund - Direct Plan - Growth Option,Axis Mutual Fund,Open Ended Schemes,Equity Scheme - ELSS,28-11-2025,111.83570
120503,Axis ELSS Tax Saver Fund - Direct Plan - Growth Option,Axis Mutual Fund,Open Ended Schemes,Equity Scheme - ELSS,27-11-2025,111.81150
120503,Axis ELSS Tax Saver Fund - Direct Plan - Growth Option,Axis Mutual Fund,Open Ended Schemes,Equity Scheme - ELSS,26-11-2025,111.83550
120503,Axis ELSS Tax Saver Fund - Direct Plan - Growth Option,Axis Mutual Fund,Open Ended Schemes,Equity Scheme - ELSS,25-11-2025,110.56080
120503,Axis ELSS Tax Saver Fund - Direct Plan - Growth Option,Axis Mutual Fund,Open Ended Schemes,Equity Scheme - ELSS,24-11-2025,110.66100
120503,Axis ELSS Tax Saver Fund - Direct Plan - Growth Option,Axis Mutual Fund,Open Ended Schemes,Equity Scheme - ELSS,21-11-2025,111.19180
120503,Axis ELSS Tax Saver Fund - Direct Plan - Growth Option,Axis Mutual Fund,Open Ended Schemes,Equity Scheme - ELSS,20-11-2025,112.07950
120503,Axis ELSS Tax Saver Fund - Direct Plan - Growth Option,Axis Mutual Fund,Open Ended Schemes,Equity Scheme - ELSS,19-11-2025,111.70180
120503,Axis ELSS Tax Saver Fund - Direct Plan - Growth Option,Axis Mutual Fund,Open Ended Schemes,Equity Scheme - ELSS,18-11-2025,111.17690
120503,Axis ELSS Tax Saver Fund - Direct Plan - Growth Option,Axis Mutual Fund,Open Ended Schemes,Equity Scheme - ELSS,17-11-2025,111.79330
120503,Axis ELSS Tax Saver Fund - Direct Plan - Growth Option,Axis Mutual Fund,Open Ended Schemes,Equity Scheme - ELSS,14-11-2025,111.20340
120503,Axis ELSS Tax Saver Fund - Direct Plan - Growth Option,Axis Mutual Fund,Open Ended Schemes,Equity Scheme - ELSS,13-11-2025,111.42260
120503,Axis ELSS Tax Saver Fund - Direct Plan - Growth Option,Axis Mutual Fund,Open Ended Schemes,Equity Scheme - ELSS,12-11-2025,111.57880
120503,Axis ELSS Tax Saver Fund - Direct Plan - Growth Option,Axis Mutual Fund,Open Ended Schemes,Equity Scheme - ELSS,11-11-2025,111.16220
120503,Axis ELSS Tax Saver Fund - Direct Plan - Growth Option,Axis Mutual Fund,Open Ended Schemes,Equity Scheme - ELSS,10-11-2025,110.97760
120503,Axis ELSS Tax Saver Fund - Direct Plan - Growth Option,Axis Mutual Fund,Open Ended Schemes,Equity Scheme - ELSS,07-11-2025,110.44310
120503,Axis ELSS Tax Saver Fund - Direct Plan - Growth Option,Axis Mutual Fund,Open Ended Schemes,Equity Scheme - ELSS,06-11-2025,110.44090
120503,Axis ELSS Tax Saver Fund - Direct Plan - Growth Option,Axis Mutual Fund,Open Ended Schemes,Equity Scheme - ELSS,04-11-2025,111.40460
120503,Axis ELSS Tax Saver Fund - Direct Plan - Growth Option,Axis Mutual Fund,Open Ended Schemes,Equity Scheme - ELSS,03-11-2025,111.79920
120503,Axis ELSS Tax Saver Fund - Direct Plan - Growth Option,Axis Mutual Fund,Open Ended Schemes,Equity Scheme - ELSS,31-10-2025,111.09480
120503,Axis ELSS Tax Saver Fund - Direct Plan - Growth Option,Axis Mutual Fund,Open Ended Schemes,Equity Scheme - ELSS,30-10-2025,111.86990
120503,Axis ELSS Tax Saver Fund - Direct Plan - Growth Option,Axis Mutual Fund,Open Ended Schemes,Equity Scheme - ELSS,29-10-2025,112.40680
120503,Axis ELSS Tax Saver Fund - Direct Plan - Growth Option,Axis Mutual Fund,Open Ended Schemes,Equity Scheme - ELSS,28-10-2025,111.90310
120503,Axis ELSS Tax Saver Fund - Direct Plan - Growth Option,Axis Mutual Fund,Open Ended Schemes,Equity Scheme - ELSS,27-10-2025,112.27050
120503,Axis ELSS Tax Saver Fund - Direct Plan - Growth Option,Axis Mutual Fund,Open Ended Schemes,Equity Scheme - ELSS,24-10-2025,111.65490
120503,Axis ELSS Tax Saver Fund - Direct Plan - Growth Option,Axis Mutual Fund,Open Ended Schemes,Equity Scheme - ELSS,23-10-2025,111.85870
120503,Axis ELSS Tax Saver Fund - Direct Plan - Growth Option,Axis Mutual Fund,Open Ended Schemes,Equity Scheme - ELSS,20-10-2025,111.90250
120503,Axis ELSS Tax Saver Fund - Direct Plan - Growth Option,Axis Mutual Fund,Open Ended Schemes,Equity Scheme - ELSS,17-10-2025,111.74890
120503,Axis ELSS Tax Saver Fund - Direct Plan - Growth Option,Axis Mutual Fund,Open Ended Schemes,Equity Scheme - ELSS,16-10-2025,111.53990
120503,Axis ELSS Tax Saver Fund - Direct Plan - Growth Option,Axis Mutual Fund,Open Ended Schemes,Equity Scheme - ELSS,15-10-2025,110.73650
120503,Axis ELSS Tax Saver Fund - Direct Plan - Growth Option,Axis Mutual Fund,Open Ended Schemes,Equity Scheme - ELSS,14-10-2025,109.66340
120503,Axis ELSS Tax Saver Fund - Direct Plan - Growth Option,Axis Mutual Fund,Open Ended Schemes,Equity Scheme - ELSS,13-10-2025,109.95520
120503,Axis ELSS Tax Saver Fund - Direct Plan - Growth Option,Axis Mutual Fund,Open Ended Schemes,Equity Scheme - ELSS,10-10-2025,109.95900
120503,Axis ELSS Tax Saver Fund - Direct Plan - Growth Option,Axis Mutual Fund,Open Ended Schemes,Equity Scheme - ELSS,09-10-2025,109.58820
120503,Axis ELSS Tax Saver Fund - Direct Plan - Growth Option,Axis Mutual Fund,Open Ended Schemes,Equity Scheme - ELSS,08-10-2025,109.06500
120503,Axis ELSS Tax Saver Fund - Direct Plan - Growth Option,Axis Mutual Fund,Open Ended Schemes,Equity Scheme - ELSS,07-10-2025,109.32010
120503,Axis ELSS Tax Saver Fund - Direct Plan - Growth Option,Axis Mutual Fund,Open Ended Schemes,Equity Scheme - ELSS,06-10-2025,108.93260
120503,Axis ELSS Tax Saver Fund - Direct Plan - Growth Option,Axis Mutual Fund,Open Ended Schemes,Equity Scheme - ELSS,03-10-2025,108.13860
120503,Axis ELSS Tax Saver Fund - Direct Plan - Growth Option,Axis Mutual Fund,Open Ended Schemes,Equity Scheme - ELSS,01-10-2025,107.82390
120503,Axis ELSS Tax Saver Fund - Direct Plan - Growth Option,Axis Mutual Fund,Open Ended Schemes,Equity Scheme - ELSS,30-09-2025,107.31340
120503,Axis ELSS Tax Saver Fund - Direct Plan - Growth Option,Axis Mutual Fund,Open Ended Schemes,Equity Scheme - ELSS,26-09-2025,107.22460
120503,Axis ELSS Tax Saver Fund - Direct Plan - Growth Option,Axis Mutual Fund,Open Ended Schemes,Equity Scheme - ELSS,25-09-2025,108.91910
120503,Axis ELSS Tax Saver Fund - Direct Plan - Growth Option,Axis Mutual Fund,Open Ended Schemes,Equity Scheme - ELSS,24-09-2025,109.76080
120503,Axis ELSS Tax Saver Fund - Direct Plan - Growth Option,Axis Mutual Fund,Open Ended Schemes,Equity Scheme - ELSS,23-09-2025,110.34010
120503,Axis ELSS Tax Saver Fund - Direct Plan - Growth Option,Axis Mutual Fund,Open Ended Schemes,Equity Scheme - ELSS,22-09-2025,110.71820
120503,Axis ELSS Tax Saver Fund - Direct Plan - Growth Option,Axis Mutual Fund,Open Ended Schemes,Equity Scheme - ELSS,19-09-2025,111.23100
120503,Axis ELSS Tax Saver Fund - Direct Plan - Growth Option,Axis Mutual Fund,Open Ended Schemes,Equity Scheme - ELSS,18-09-2025,111.53350
120503,Axis ELSS Tax Saver Fund - Direct Plan - Growth Option,Axis Mutual Fund,Open Ended Schemes,Equity Scheme - ELSS,17-09-2025,111.23230
120503,Axis ELSS Tax Saver Fund - Direct Plan - Growth Option,Axis Mutual Fund,Open Ended Schemes,Equity Scheme - ELSS,16-09-2025,110.80080
120503,Axis ELSS Tax Saver Fund - Direct Plan - Growth Option,Axis Mutual Fund,Open Ended Schemes,Equity Scheme - ELSS,15-09-2025,110.15220
120503,Axis ELSS Tax Saver Fund - Direct Plan - Growth Option,Axis Mutual Fund,Open Ended Schemes,Equity Scheme - ELSS,12-09-2025,110.08140
120503,Axis ELSS Tax Saver Fund - Direct Plan - Growth Option,Axis Mutual Fund,Open Ended Schemes,Equity Scheme - ELSS,11-09-2025,109.74090
120503,Axis ELSS Tax Saver Fund - Direct Plan - Growth Option,Axis Mutual Fund,Open Ended Schemes,Equity Scheme - ELSS,10-09-2025,109.72090
120503,Axis ELSS Tax Saver Fund - Direct Plan - Growth Option,Axis Mutual Fund,Open Ended Schemes,Equity Scheme - ELSS,09-09-2025,109.20620
120503,Axis ELSS Tax Saver Fund - Direct Plan - Growth Option,Axis Mutual Fund,Open Ended Schemes,Equity Scheme - ELSS,08-09-2025,108.96570
120503,Axis ELSS Tax Saver Fund - Direct Plan - Growth Option,Axis Mutual Fund,Open Ended Schemes,Equity Scheme - ELSS,05-09-2025,108.75830
120503,Axis ELSS Tax Saver Fund - Direct Plan - Growth Option,Axis Mutual Fund,Open Ended Schemes,Equity Scheme - ELSS,04-09-2025,108.92650
120503,Axis ELSS Tax Saver Fund - Direct Plan - Growth Option,Axis Mutual Fund,Open Ended Schemes,Equity Scheme - ELSS,03-09-2025,108.76660
120503,Axis ELSS Tax Saver Fund - Direct Plan - Growth Option,Axis Mutual Fund,Open Ended Schemes,Equity Scheme - ELSS,02-09-2025,108.20470
120503,Axis ELSS Tax Saver Fund - Direct Plan - Growth Option,Axis Mutual Fund,Open Ended Schemes,Equity Scheme - ELSS,01-09-2025,108.34620
120503,Axis ELSS Tax Saver Fund - Direct Plan - Growth Option,Axis Mutual Fund,Open Ended Schemes,Equity Scheme - ELSS,31-08-2025,107.12170
120503,Axis ELSS Tax Saver Fund - Direct Plan - Growth Option,Axis Mutual Fund,Open Ended Schemes,Equity Scheme - ELSS,29-08-2025,107.12590
120503,Axis ELSS Tax Saver Fund - Direct Plan - Growth Option,Axis Mutual Fund,Open Ended Schemes,Equity Scheme - ELSS,28-08-2025,107.47560
120503,Axis ELSS Tax Saver Fund - Direct Plan - Growth Option,Axis Mutual Fund,Open Ended Schemes,Equity Scheme - ELSS,26-08-2025,108.71320
120503,Axis ELSS Tax Saver Fund - Direct Plan - Growth Option,Axis Mutual Fund,Open Ended Schemes,Equity Scheme - ELSS,25-08-2025,109.92940
120503,Axis ELSS Tax Saver Fund - Direct Plan - Growth Option,Axis Mutual Fund,Open Ended Schemes,Equity Scheme - ELSS,22-08-2025,109.65130
120503,Axis ELSS Tax Saver Fund - Direct Plan - Growth Option,Axis Mutual Fund,Open Ended Schemes,Equity Scheme - ELSS,21-08-2025,110.11510
120503,Axis ELSS Tax Saver Fund - Direct Plan - Growth Option,Axis Mutual Fund,Open Ended Schemes,Equity Scheme - ELSS,20-08-2025,110.01130
120503,Axis ELSS Tax Saver Fund - Direct Plan - Growth Option,Axis Mutual Fund,Open Ended Schemes,Equity Scheme - ELSS,19-08-2025,109.57230
120503,Axis ELSS Tax Saver Fund - Direct Plan - Growth Option,Axis Mutual Fund,Open Ended Schemes,Equity Scheme - ELSS,18-08-2025,109.04500
120503,Axis ELSS Tax Saver Fund - Direct Plan - Growth Option,Axis Mutual Fund,Open Ended Schemes,Equity Scheme - ELSS,14-08-2025,107.84550
120503,Axis ELSS Tax Saver Fund - Direct Plan - Growth Option,Axis Mutual Fund,Open Ended Schemes,Equity Scheme - ELSS,13-08-2025,107.76070
120503,Axis ELSS Tax Saver Fund - Direct Plan - Growth Option,Axis Mutual Fund,Open Ended Schemes,Equity Scheme - ELSS,12-08-2025,106.92150
120503,Axis ELSS Tax Saver Fund - Direct Plan - Growth Option,Axis Mutual Fund,Open Ended Schemes,Equity Scheme - ELSS,11-08-2025,107.38830
120503,Axis ELSS Tax Saver Fund - Direct Plan - Growth Option,Axis Mutual Fund,Open Ended Schemes,Equity Scheme - ELSS,08-08-2025,106.52850
120503,Axis ELSS Tax Saver Fund - Direct Plan - Growth Option,Axis Mutual Fund,Open Ended Schemes,Equity Scheme - ELSS,07-08-2025,107.80110
120503,Axis ELSS Tax Saver Fund - Direct Plan - Growth Option,Axis Mutual Fund,Open Ended Schemes,Equity Scheme - ELSS,06-08-2025,107.50840
120503,Axis ELSS Tax Saver Fund - Direct Plan - Growth Option,Axis Mutual Fund,Open Ended Schemes,Equity Scheme - ELSS,05-08-2025,108.09230
120503,Axis ELSS Tax Saver Fund - Direct Plan - Growth Option,Axis Mutual Fund,Open Ended Schemes,Equity Scheme - ELSS,04-08-2025,108.11490
120503,Axis ELSS Tax Saver Fund - Direct Plan - Growth Option,Axis Mutual Fund,Open Ended Schemes,Equity Scheme - ELSS,01-08-2025,107.35970
120503,Axis ELSS Tax Saver Fund - Direct Plan - Growth Option,Axis Mutual Fund,Open Ended Schemes,Equity Scheme - ELSS,31-07-2025,108.43050
120503,Axis ELSS Tax Saver Fund - Direct Plan - Growth Option,Axis Mutual Fund,Open Ended Schemes,Equity Scheme - ELSS,30-07-2025,108.85990
120503,Axis ELSS Tax Saver Fund - Direct Plan - Growth Option,Axis Mutual Fund,Open Ended Schemes,Equity Scheme - ELSS,29-07-2025,108.51680
120503,Axis ELSS Tax Saver Fund - Direct Plan - Growth Option,Axis Mutual Fund,Open Ended Schemes,Equity Scheme - ELSS,28-07-2025,107.87240
120503,Axis ELSS Tax Saver Fund - Direct Plan - Growth Option,Axis Mutual Fund,Open Ended Schemes,Equity Scheme - ELSS,25-07-2025,108.76300
120503,Axis ELSS Tax Saver Fund - Direct Plan - Growth Option,Axis Mutual Fund,Open Ended Schemes,Equity Scheme - ELSS,24-07-2025,109.84160
120503,Axis ELSS Tax Saver Fund - Direct Plan - Growth Option,Axis Mutual Fund,Open Ended Schemes,Equity Scheme - ELSS,23-07-2025,110.26800
120503,Axis ELSS Tax Saver Fund - Direct Plan - Growth Option,Axis Mutual Fund,Open Ended Schemes,Equity Scheme - ELSS,22-07-2025,109.74370
120503,Axis ELSS Tax Saver Fund - Direct Plan - Growth Option,Axis Mutual Fund,Open Ended Schemes,Equity Scheme - ELSS,21-07-2025,109.70980
120503,Axis ELSS Tax Saver Fund - Direct Plan - Growth Option,Axis Mutual Fund,Open Ended Schemes,Equity Scheme - ELSS,18-07-2025,108.78000
120503,Axis ELSS Tax Saver Fund - Direct Plan - Growth Option,Axis Mutual Fund,Open Ended Schemes,Equity Scheme - ELSS,17-07-2025,109.31170
120503,Axis ELSS Tax Saver Fund - Direct Plan - Growth Option,Axis Mutual Fund,Open Ended Schemes,Equity Scheme - ELSS,16-07-2025,109.47520
120503,Axis ELSS Tax Saver Fund - Direct Plan - Growth Option,Axis Mutual Fund,Open Ended Schemes,Equity Scheme - ELSS,15-07-2025,109.48950
120503,Axis ELSS Tax Saver Fund - Direct Plan - Growth Option,Axis Mutual Fund,Open Ended Schemes,Equity Scheme - ELSS,14-07-2025,108.82700
120503,Axis ELSS Tax Saver Fund - Direct Plan - Growth Option,Axis Mutual Fund,Open Ended Schemes,Equity Scheme - ELSS,11-07-2025,108.67370
120503,Axis ELSS Tax Saver Fund - Direct Plan - Growth Option,Axis Mutual Fund,Open Ended Schemes,Equity Scheme - ELSS,10-07-2025,109.73230
120503,Axis ELSS Tax Saver Fund - Direct Plan - Growth Option,Axis Mutual Fund,Open Ended Schemes,Equity Scheme - ELSS,09-07-2025,110.29360
120503,Axis ELSS Tax Saver Fund - Direct Plan - Growth Option,Axis Mutual Fund,Open Ended Schemes,Equity Scheme - ELSS,08-07-2025,110.16490
120503,Axis ELSS Tax Saver Fund - Direct Plan - Growth Option,Axis Mutual Fund,Open Ended Schemes,Equity Scheme - ELSS,07-07-2025,109.97830
120503,Axis ELSS Tax Saver Fund - Direct Plan - Growth Option,Axis Mutual Fund,Open Ended Schemes,Equity Scheme - ELSS,04-07-2025,110.13300
120503,Axis ELSS Tax Saver Fund - Direct Plan - Growth Option,Axis Mutual Fund,Open Ended Schemes,Equity Scheme - ELSS,03-07-2025,109.87420
120503,Axis ELSS Tax Saver Fund - Direct Plan - Growth Option,Axis Mutual Fund,Open Ended Schemes,Equity Scheme - ELSS,02-07-2025,110.22670
120503,Axis ELSS Tax Saver Fund - Direct Plan - Growth Option,Axis Mutual Fund,Open Ended Schemes,Equity Scheme - ELSS,01-07-2025,110.58800
120503,Axis ELSS Tax Saver Fund - Direct Plan - Growth Option,Axis Mutual Fund,Open Ended Schemes,Equity Scheme - ELSS,30-06-2025,110.68450
120503,Axis ELSS Tax Saver Fund - Direct Plan - Growth Option,Axis Mutual Fund,Open Ended Schemes,Equity Scheme - ELSS,27-06-2025,110.74000
120503,Axis ELSS Tax Saver Fund - Direct Plan - Growth Option,Axis Mutual Fund,Open Ended Schemes,Equity Scheme - ELSS,26-06-2025,110.23550
120503,Axis ELSS Tax Saver Fund - Direct Plan - Growth Option,Axis Mutual Fund,Open Ended Schemes,Equity Scheme - ELSS,25-06-2025,109.36920
120503,Axis ELSS Tax Saver Fund - Direct Plan - Growth Option,Axis Mutual Fund,Open Ended Schemes,Equity Scheme - ELSS,24-06-2025,108.53190
120503,Axis ELSS Tax Saver Fund - Direct Plan - Growth Option,Axis Mutual Fund,Open Ended Schemes,Equity Scheme - ELSS,23-06-2025,107.95430
120503,Axis ELSS Tax Saver Fund - Direct Plan - Growth Option,Axis Mutual Fund,Open Ended Schemes,Equity Scheme - ELSS,20-06-2025,108.15140
120503,Axis ELSS Tax Saver Fund - Direct Plan - Growth Option,Axis Mutual Fund,Open Ended Schemes,Equity Scheme - ELSS,19-06-2025,106.64820
120503,Axis ELSS Tax Saver Fund - Direct Plan - Growth Option,Axis Mutual Fund,Open Ended Schemes,Equity Scheme - ELSS,18-06-2025,107.27750
120503,Axis ELSS Tax Saver Fund - Direct Plan - Growth Option,Axis Mutual Fund,Open Ended Schemes,Equity Scheme - ELSS,17-06-2025,107.53740
120503,Axis ELSS Tax Saver Fund - Direct Plan - Growth Option,Axis Mutual Fund,Open Ended Schemes,Equity Scheme - ELSS,16-06-2025,107.98420
120503,Axis ELSS Tax Saver Fund - Direct Plan - Growth Option,Axis Mutual Fund,Open Ended Schemes,Equity Scheme - ELSS,13-06-2025,107.01400
120503,Axis ELSS Tax Saver Fund - Direct Plan - Growth Option,Axis Mutual Fund,Open Ended Schemes,Equity Scheme - ELSS,12-06-2025,107.56910
120503,Axis ELSS Tax Saver Fund - Direct Plan - Growth Option,Axis Mutual Fund,Open Ended Schemes,Equity Scheme - ELSS,11-06-2025,108.78160
120503,Axis ELSS Tax Saver Fund - Direct Plan - Growth Option,Axis Mutual Fund,Open Ended Schemes,Equity Scheme - ELSS,10-06-2025,108.83210
120503,Axis ELSS Tax Saver Fund - Direct Plan - Growth Option,Axis Mutual Fund,Open Ended Schemes,Equity Scheme - ELSS,09-06-2025,108.96210
120503,Axis ELSS Tax Saver Fund - Direct Plan - Growth Option,Axis Mutual Fund,Open Ended Schemes,Equity Scheme - ELSS,06-06-2025,108.40070
120503,Axis ELSS Tax Saver Fund - Direct Plan - Growth Option,Axis Mutual Fund,Open Ended Schemes,Equity Scheme - ELSS,05-06-2025,107.55330
120503,Axis ELSS Tax Saver Fund - Direct Plan - Growth Option,Axis Mutual Fund,Open Ended Schemes,Equity Scheme - ELSS,04-06-2025,107.06550
120503,Axis ELSS Tax Saver Fund - Direct Plan - Growth Option,Axis Mutual Fund,Open Ended Schemes,Equity Scheme - ELSS,03-06-2025,106.52830
120503,Axis ELSS Tax Saver Fund - Direct Plan - Growth Option,Axis Mutual Fund,Open Ended Schemes,Equity Scheme - ELSS,02-06-2025,107.07070
120503,Axis ELSS Tax Saver Fund - Direct Plan - Growth Option,Axis Mutual Fund,Open Ended Schemes,Equity Scheme - ELSS,31-05-2025,106.97660
120503,Axis ELSS Tax Saver Fund - Direct Plan - Growth Option,Axis Mutual Fund,Open Ended Schemes,Equity Scheme - ELSS,30-05-2025,106.97830
120503,Axis ELSS Tax Saver Fund - Direct Plan - Growth Option,Axis Mutual Fund,Open Ended Schemes,Equity Scheme - ELSS,29-05-2025,107.16790
120503,Axis ELSS Tax Saver Fund - Direct Plan - Growth Option,Axis Mutual Fund,Open Ended Schemes,Equity Scheme - ELSS,28-05-2025,106.76750
120503,Axis ELSS Tax Saver Fund - Direct Plan - Growth Option,Axis Mutual Fund,Open Ended Schemes,Equity Scheme - ELSS,27-05-2025,107.03000
120503,Axis ELSS Tax Saver Fund - Direct Plan - Growth Option,Axis Mutual Fund,Open Ended Schemes,Equity Scheme - ELSS,26-05-2025,107.48180
120503,Axis ELSS Tax Saver Fund - Direct Plan - Growth Option,Axis Mutual Fund,Open Ended Schemes,Equity Scheme - ELSS,23-05-2025,107.01460
120503,Axis ELSS Tax Saver Fund - Direct Plan - Growth Option,Axis Mutual Fund,Open Ended Schemes,Equity Scheme - ELSS,22-05-2025,106.18520
120503,Axis ELSS Tax Saver Fund - Direct Plan - Growth Option,Axis Mutual Fund,Open Ended Schemes,Equity Scheme - ELSS,21-05-2025,106.60770
120503,Axis ELSS Tax Saver Fund - Direct Plan - Growth Option,Axis Mutual Fund,Open Ended Schemes,Equity Scheme - ELSS,20-05-2025,105.83040
120503,Axis ELSS Tax Saver Fund - Direct Plan - Growth Option,Axis Mutual Fund,Open Ended Schemes,Equity Scheme - ELSS,19-05-2025,107.37900
120503,Axis ELSS Tax Saver Fund - Direct Plan - Growth Option,Axis Mutual Fund,Open Ended Schemes,Equity Scheme - ELSS,16-05-2025,107.47780
120503,Axis ELSS Tax Saver Fund - Direct Plan - Growth Option,Axis Mutual Fund,Open Ended Schemes,Equity Scheme - ELSS,15-05-2025,107.23490
120503,Axis ELSS Tax Saver Fund - Direct Plan - Growth Option,Axis Mutual Fund,Open Ended Schemes,Equity Scheme - ELSS,14-05-2025,106.06070
120503,Axis ELSS Tax Saver Fund - Direct Plan - Growth Option,Axis Mutual Fund,Open Ended Schemes,Equity Scheme - ELSS,13-05-2025,105.49900
120503,Axis ELSS Tax Saver Fund - Direct Plan - Growth Option,Axis Mutual Fund,Open Ended Schemes,Equity Scheme - ELSS,12-05-2025,106.18810
120503,Axis ELSS Tax Saver Fund - Direct Plan - Growth Option,Axis Mutual Fund,Open Ended Schemes,Equity Scheme - ELSS,09-05-2025,102.63140
120503,Axis ELSS Tax Saver Fund - Direct Plan - Growth Option,Axis Mutual Fund,Open Ended Schemes,Equity Scheme - ELSS,08-05-2025,103.50490
120503,Axis ELSS Tax Saver Fund - Direct Plan - Growth Option,Axis Mutual Fund,Open Ended Schemes,Equity Scheme - ELSS,07-05-2025,104.83980
120503,Axis ELSS Tax Saver Fund - Direct Plan - Growth Option,Axis Mutual Fund,Open Ended Schemes,Equity Scheme - ELSS,06-05-2025,104.27620
120503,Axis ELSS Tax Saver Fund - Direct Plan - Growth Option,Axis Mutual Fund,Open Ended Schemes,Equity Scheme - ELSS,05-05-2025,105.21870
120503,Axis ELSS Tax Saver Fund - Direct Plan - Growth Option,Axis Mutual Fund,Open Ended Schemes,Equity Scheme - ELSS,02-05-2025,104.47240
120503,Axis ELSS Tax Saver Fund - Direct Plan - Growth Option,Axis Mutual Fund,Open Ended Schemes,Equity Scheme - ELSS,30-04-2025,104.64510
120503,Axis ELSS Tax Saver Fund - Direct Plan - Growth Option,Axis Mutual Fund,Open Ended Schemes,Equity Scheme - ELSS,29-04-2025,104.85520
120503,Axis ELSS Tax Saver Fund - Direct Plan - Growth Option,Axis Mutual Fund,Open Ended Schemes,Equity Scheme - ELSS,28-04-2025,104.96920
120503,Axis ELSS Tax Saver Fund - Direct Plan - Growth Option,Axis Mutual Fund,Open Ended Schemes,Equity Scheme - ELSS,25-04-2025,104.07500
120503,Axis ELSS Tax Saver Fund - Direct Plan - Growth Option,Axis Mutual Fund,Open Ended Schemes,Equity Scheme - ELSS,24-04-2025,105.56270
120503,Axis ELSS Tax Saver Fund - Direct Plan - Growth Option,Axis Mutual Fund,Open Ended Schemes,Equity Scheme - ELSS,23-04-2025,105.87920
120503,Axis ELSS Tax Saver Fund - Direct Plan - Growth Option,Axis Mutual Fund,Open Ended Schemes,Equity Scheme - ELSS,22-04-2025,105.21720
120503,Axis ELSS Tax Saver Fund - Direct Plan - Growth Option,Axis Mutual Fund,Open Ended Schemes,Equity Scheme - ELSS,21-04-2025,104.87580
120503,Axis ELSS Tax Saver Fund - Direct Plan - Growth Option,Axis Mutual Fund,Open Ended Schemes,Equity Scheme - ELSS,17-04-2025,103.64750
120503,Axis ELSS Tax Saver Fund - Direct Plan - Growth Option,Axis Mutual Fund,Open Ended Schemes,Equity Scheme - ELSS,16-04-2025,102.31800
120503,Axis ELSS Tax Saver Fund - Direct Plan - Growth Option,Axis Mutual Fund,Open Ended Schemes,Equity Scheme - ELSS,15-04-2025,101.89330
120503,Axis ELSS Tax Saver Fund - Direct Plan - Growth Option,Axis Mutual Fund,Open Ended Schemes,Equity Scheme - ELSS,11-04-2025,99.44680
120503,Axis ELSS Tax Saver Fund - Direct Plan - Growth Option,Axis Mutual Fund,Open Ended Schemes,Equity Scheme - ELSS,09-04-2025,97.72430
120503,Axis ELSS Tax Saver Fund - Direct Plan - Growth Option,Axis Mutual Fund,Open Ended Schemes,Equity Scheme - ELSS,08-04-2025,98.12020
120503,Axis ELSS Tax Saver Fund - Direct Plan - Growth Option,Axis Mutual Fund,Open Ended Schemes,Equity Scheme - ELSS,07-04-2025,96.42240
120503,Axis ELSS Tax Saver Fund - Direct Plan - Growth Option,Axis Mutual Fund,Open Ended Schemes,Equity Scheme - ELSS,04-04-2025,99.33270
120503,Axis ELSS Tax Saver Fund - Direct Plan - Growth Option,Axis Mutual Fund,Open Ended Schemes,Equity Scheme - ELSS,03-04-2025,100.77700
120503,Axis ELSS Tax Saver Fund - Direct Plan - Growth Option,Axis Mutual Fund,Open Ended Schemes,Equity Scheme - ELSS,02-04-2025,101.03070
120503,Axis ELSS Tax Saver Fund - Direct Plan - Growth Option,Axis Mutual Fund,Open Ended Schemes,Equity Scheme - ELSS,01-04-2025,100.08340
120503,Axis ELSS Tax Saver Fund - Direct Plan - Growth Option,Axis Mutual Fund,Open Ended Schemes,Equity Scheme - ELSS,31-03-2025,101.50970
120503,Axis ELSS Tax Saver Fund - Direct Plan - Growth Option,Axis Mutual Fund,Open Ended Schemes,Equity Scheme - ELSS,28-03-2025,101.51350
120503,Axis ELSS Tax Saver Fund - Direct Plan - Growth Option,Axis Mutual Fund,Open Ended Schemes,Equity Scheme - ELSS,27-03-2025,101.99480
120503,Axis ELSS Tax Saver Fund - Direct Plan - Growth Option,Axis Mutual Fund,Open Ended Schemes,Equity Scheme - ELSS,26-03-2025,101.50050
120503,Axis ELSS Tax Saver Fund - Direct Plan - Growth Option,Axis Mutual Fund,Open Ended Schemes,Equity Scheme - ELSS,25-03-2025,102.10340
120503,Axis ELSS Tax Saver Fund - Direct Plan - Growth Option,Axis Mutual Fund,Open Ended Schemes,Equity Scheme - ELSS,24-03-2025,102.51480
120503,Axis ELSS Tax Saver Fund - Direct Plan - Growth Option,Axis Mutual Fund,Open Ended Schemes,Equity Scheme - ELSS,21-03-2025,101.62230
120503,Axis ELSS Tax Saver Fund - Direct Plan - Growth Option,Axis Mutual Fund,Open Ended Schemes,Equity Scheme - ELSS,20-03-2025,100.64820
120503,Axis ELSS Tax Saver Fund - Direct Plan - Growth Option,Axis Mutual Fund,Open Ended Schemes,Equity Scheme - ELSS,19-03-2025,99.66910
120503,Axis ELSS Tax Saver Fund - Direct Plan - Growth Option,Axis Mutual Fund,Open Ended Schemes,Equity Scheme - ELSS,18-03-2025,98.77570
120503,Axis ELSS Tax Saver Fund - Direct Plan - Growth Option,Axis Mutual Fund,Open Ended Schemes,Equity Scheme - ELSS,17-03-2025,96.92840
120503,Axis ELSS Tax Saver Fund - Direct Plan - Growth Option,Axis Mutual Fund,Open Ended Schemes,Equity Scheme - ELSS,13-03-2025,96.15110
120503,Axis ELSS Tax Saver Fund - Direct Plan - Growth Option,Axis Mutual Fund,Open Ended Schemes,Equity Scheme - ELSS,12-03-2025,96.57190
120503,Axis ELSS Tax Saver Fund - Direct Plan - Growth Option,Axis Mutual Fund,Open Ended Schemes,Equity Scheme - ELSS,11-03-2025,96.69160
120503,Axis ELSS Tax Saver Fund - Direct Plan - Growth Option,Axis Mutual Fund,Open Ended Schemes,Equity Scheme - ELSS,10-03-2025,96.34670
120503,Axis ELSS Tax Saver Fund - Direct Plan - Growth Option,Axis Mutual Fund,Open Ended Schemes,Equity Scheme - ELSS,07-03-2025,97.10200
120503,Axis ELSS Tax Saver Fund - Direct Plan - Growth Option,Axis Mutual Fund,Open Ended Schemes,Equity Scheme - ELSS,06-03-2025,97.28960
120503,Axis ELSS Tax Saver Fund - Direct Plan - Growth Option,Axis Mutual Fund,Open Ended Schemes,Equity Scheme - ELSS,05-03-2025,96.65080
120503,Axis ELSS Tax Saver Fund - Direct Plan - Growth Option,Axis Mutual Fund,Open Ended Schemes,Equity Scheme - ELSS,04-03-2025,95.52680
120503,Axis ELSS Tax Saver Fund - Direct Plan - Growth Option,Axis Mutual Fund,Open Ended Schemes,Equity Scheme - ELSS,03-03-2025,95.43620
120503,Axis ELSS Tax Saver Fund - Direct Plan - Growth Option,Axis Mutual Fund,Open Ended Schemes,Equity Scheme - ELSS,28-02-2025,94.95010
120503,Axis ELSS Tax Saver Fund - Direct Plan - Growth Option,Axis Mutual Fund,Open Ended Schemes,Equity Scheme - ELSS,27-02-2025,96.89750
120503,Axis ELSS Tax Saver Fund - Direct Plan - Growth Option,Axis Mutual Fund,Open Ended Schemes,Equity Scheme - ELSS,25-02-2025,97.31050
120503,Axis ELSS Tax Saver Fund - Direct Plan - Growth Option,Axis Mutual Fund,Open Ended Schemes,Equity Scheme - ELSS,24-02-2025,97.23660
120503,Axis ELSS Tax Saver Fund - Direct Plan - Growth Option,Axis Mutual Fund,Open Ended Schemes,Equity Scheme - ELSS,21-02-2025,98.15760
120503,Axis ELSS Tax Saver Fund - Direct Plan - Growth Option,Axis Mutual Fund,Open Ended Schemes,Equity Scheme - ELSS,20-02-2025,98.92870
120503,Axis ELSS Tax Saver Fund - Direct Plan - Growth Option,Axis Mutual Fund,Open Ended Schemes,Equity Scheme - ELSS,19-02-2025,98.67200
120503,Axis ELSS Tax Saver Fund - Direct Plan - Growth Option,Axis Mutual Fund,Open Ended Schemes,Equity Scheme - ELSS,18-02-2025,98.31920
120503,Axis ELSS Tax Saver Fund - Direct Plan - Growth Option,Axis Mutual Fund,Open Ended Schemes,Equity Scheme - ELSS,17-02-2025,98.33850
120503,Axis ELSS Tax Saver Fund - Direct Plan - Growth Option,Axis Mutual Fund,Open Ended Schemes,Equity Scheme - ELSS,14-02-2025,98.43780
120503,Axis ELSS Tax Saver Fund - Direct Plan - Growth Option,Axis Mutual Fund,Open Ended Schemes,Equity Scheme - ELSS,13-02-2025,99.60440
120503,Axis ELSS Tax Saver Fund - Direct Plan - Growth Option,Axis Mutual Fund,Open Ended Schemes,Equity Scheme - ELSS,12-02-2025,99.45790
120503,Axis ELSS Tax Saver Fund - Direct Plan - Growth Option,Axis Mutual Fund,Open Ended Schemes,Equity Scheme - ELSS,11-02-2025,99.50490
120503,Axis ELSS Tax Saver Fund - Direct Plan - Growth Option,Axis Mutual Fund,Open Ended Schemes,Equity Scheme - ELSS,10-02-2025,101.41980
120503,Axis ELSS Tax Saver Fund - Direct Plan - Growth Option,Axis Mutual Fund,Open Ended Schemes,Equity Scheme - ELSS,07-02-2025,102.78180
120503,Axis ELSS Tax Saver Fund - Direct Plan - Growth Option,Axis Mutual Fund,Open Ended Schemes,Equity Scheme - ELSS,06-02-2025,102.65830
120503,Axis ELSS Tax Saver Fund - Direct Plan - Growth Option,Axis Mutual Fund,Open Ended Schemes,Equity Scheme - ELSS,05-02-2025,103.11900
120503,Axis ELSS Tax Saver Fund - Direct Plan - Growth Option,Axis Mutual Fund,Open Ended Schemes,Equity Scheme - ELSS,04-02-2025,103.08290
120503,Axis ELSS Tax Saver Fund - Direct Plan - Growth Option,Axis Mutual Fund,Open Ended Schemes,Equity Scheme - ELSS,03-02-2025,101.84190
120503,Axis ELSS Tax Saver Fund - Direct Plan - Growth Option,Axis Mutual Fund,Open Ended Schemes,Equity Scheme - ELSS,31-01-2025,101.37640
120503,Axis ELSS Tax Saver Fund - Direct Plan - Growth Option,Axis Mutual Fund,Open Ended Schemes,Equity Scheme - ELSS,30-01-2025,100.58170
120503,Axis ELSS Tax Saver Fund - Direct Plan - Growth Option,Axis Mutual Fund,Open Ended Schemes,Equity Scheme - ELSS,29-01-2025,100.30480
120503,Axis ELSS Tax Saver Fund - Direct Plan - Growth Option,Axis Mutual Fund,Open Ended Schemes,Equity Scheme - ELSS,28-01-2025,98.49900
120503,Axis ELSS Tax Saver Fund - Direct Plan - Growth Option,Axis Mutual Fund,Open Ended Schemes,Equity Scheme - ELSS,27-01-2025,98.26290
120503,Axis ELSS Tax Saver Fund - Direct Plan - Growth Option,Axis Mutual Fund,Open Ended Schemes,Equity Scheme - ELSS,24-01-2025,99.88780
120503,Axis ELSS Tax Saver Fund - Direct Plan - Growth Option,Axis Mutual Fund,Open Ended Schemes,Equity Scheme - ELSS,23-01-2025,100.71770
120503,Axis ELSS Tax Saver Fund - Direct Plan - Growth Option,Axis Mutual Fund,Open Ended Schemes,Equity Scheme - ELSS,22-01-2025,99.58900
120503,Axis ELSS Tax Saver Fund - Direct Plan - Growth Option,Axis Mutual Fund,Open Ended Schemes,Equity Scheme - ELSS,21-01-2025,99.74820
120503,Axis ELSS Tax Saver Fund - Direct Plan - Growth Option,Axis Mutual Fund,Open Ended Schemes,Equity Scheme - ELSS,20-01-2025,101.74120
120503,Axis ELSS Tax Saver Fund - Direct Plan - Growth Option,Axis Mutual Fund,Open Ended Schemes,Equity Scheme - ELSS,17-01-2025,101.18680
120503,Axis ELSS Tax Saver Fund - Direct Plan - Growth Option,Axis Mutual Fund,Open Ended Schemes,Equity Scheme - ELSS,16-01-2025,101.49040
120503,Axis ELSS Tax Saver Fund - Direct Plan - Growth Option,Axis Mutual Fund,Open Ended Schemes,Equity Scheme - ELSS,15-01-2025,100.63520
120503,Axis ELSS Tax Saver Fund - Direct Plan - Growth Option,Axis Mutual Fund,Open Ended Schemes,Equity Scheme - ELSS,14-01-2025,100.49100
120503,Axis ELSS Tax Saver Fund - Direct Plan - Growth Option,Axis Mutual Fund,Open Ended Schemes,Equity Scheme - ELSS,13-01-2025,99.35620
120503,Axis ELSS Tax Saver Fund - Direct Plan - Growth Option,Axis Mutual Fund,Open Ended Schemes,Equity Scheme - ELSS,10-01-2025,102.10120
120503,Axis ELSS Tax Saver Fund - Direct Plan - Growth Option,Axis Mutual Fund,Open Ended Schemes,Equity Scheme - ELSS,09-01-2025,103.10980
120503,Axis ELSS Tax Saver Fund - Direct Plan - Growth Option,Axis Mutual Fund,Open Ended Schemes,Equity Scheme - ELSS,08-01-2025,103.84020
120503,Axis ELSS Tax Saver Fund - Direct Plan - Growth Option,Axis Mutual Fund,Open Ended Schemes,Equity Scheme - ELSS,07-01-2025,104.77430
120503,Axis ELSS Tax Saver Fund - Direct Plan - Growth Option,Axis Mutual Fund,Open Ended Schemes,Equity Scheme - ELSS,06-01-2025,104.65580
120503,Axis ELSS Tax Saver Fund - Direct Plan - Growth Option,Axis Mutual Fund,Open Ended Schemes,Equity Scheme - ELSS,03-01-2025,106.61030
120503,Axis ELSS Tax Saver Fund - Direct Plan - Growth Option,Axis Mutual Fund,Open Ended Schemes,Equity Scheme - ELSS,02-01-2025,107.11060
120503,Axis ELSS Tax Saver Fund - Direct Plan - Growth Option,Axis Mutual Fund,Open Ended Schemes,Equity Scheme - ELSS,01-01-2025,105.20980
120503,Axis ELSS Tax Saver Fund - Direct Plan - Growth Option,Axis Mutual Fund,Open Ended Schemes,Equity Scheme - ELSS,31-12-2024,104.84180
120503,Axis ELSS Tax Saver Fund - Direct Plan - Growth Option,Axis Mutual Fund,Open Ended Schemes,Equity Scheme - ELSS,30-12-2024,104.86230
120503,Axis ELSS Tax Saver Fund - Direct Plan - Growth Option,Axis Mutual Fund,Open Ended Schemes,Equity Scheme - ELSS,27-12-2024,105.05560
120503,Axis ELSS Tax Saver Fund - Direct Plan - Growth Option,Axis Mutual Fund,Open Ended Schemes,Equity Scheme - ELSS,26-12-2024,104.97190
120503,Axis ELSS Tax Saver Fund - Direct Plan - Growth Option,Axis Mutual Fund,Open Ended Schemes,Equity Scheme - ELSS,24-12-2024,104.76470
120503,Axis ELSS Tax Saver Fund - Direct Plan - Growth Option,Axis Mutual Fund,Open Ended Schemes,Equity Scheme - ELSS,23-12-2024,104.93950
120503,Axis ELSS Tax Saver Fund - Direct Plan - Growth Option,Axis Mutual Fund,Open Ended Schemes,Equity Scheme - ELSS,20-12-2024,104.37140
120503,Axis ELSS Tax Saver Fund - Direct Plan - Growth Option,Axis Mutual Fund,Open Ended Schemes,Equity Scheme - ELSS,19-12-2024,106.53830
120503,Axis ELSS Tax Saver Fund - Direct Plan - Growth Option,Axis Mutual Fund,Open Ended Schemes,Equity Scheme - ELSS,18-12-2024,107.28650
120503,Axis ELSS Tax Saver Fund - Direct Plan - Growth Option,Axis Mutual Fund,Open Ended Schemes,Equity Scheme - ELSS,17-12-2024,107.64160
120503,Axis ELSS Tax Saver Fund - Direct Plan - Growth Option,Axis Mutual Fund,Open Ended Schemes,Equity Scheme - ELSS,16-12-2024,108.74470
120503,Axis ELSS Tax Saver Fund - Direct Plan - Growth Option,Axis Mutual Fund,Open Ended Schemes,Equity Scheme - ELSS,13-12-2024,108.83470
120503,Axis ELSS Tax Saver Fund - Direct Plan - Growth Option,Axis Mutual Fund,Open Ended Schemes,Equity Scheme - ELSS,12-12-2024,108.54290
120503,Axis ELSS Tax Saver Fund - Direct Plan - Growth Option,Axis Mutual Fund,Open Ended Schemes,Equity Scheme - ELSS,11-12-2024,108.79570
120503,Axis ELSS Tax Saver Fund - Direct Plan - Growth Option,Axis Mutual Fund,Open Ended Schemes,Equity Scheme - ELSS,10-12-2024,108.57270
120503,Axis ELSS Tax Saver Fund - Direct Plan - Growth Option,Axis Mutual Fund,Open Ended Schemes,Equity Scheme - ELSS,09-12-2024,108.35830
120503,Axis ELSS Tax Saver Fund - Direct Plan - Growth Option,Axis Mutual Fund,Open Ended Schemes,Equity Scheme - ELSS,06-12-2024,108.43560
120503,Axis ELSS Tax Saver Fund - Direct Plan - Growth Option,Axis Mutual Fund,Open Ended Schemes,Equity Scheme - ELSS,05-12-2024,108.37870
120503,Axis ELSS Tax Saver Fund - Direct Plan - Growth Option,Axis Mutual Fund,Open Ended Schemes,Equity Scheme - ELSS,04-12-2024,107.65590
120503,Axis ELSS Tax Saver Fund - Direct Plan - Growth Option,Axis Mutual Fund,Open Ended Schemes,Equity Scheme - ELSS,03-12-2024,107.20700
120503,Axis ELSS Tax Saver Fund - Direct Plan - Growth Option,Axis Mutual Fund,Open Ended Schemes,Equity Scheme - ELSS,02-12-2024,106.33900
120503,Axis ELSS Tax Saver Fund - Direct Plan - Growth Option,Axis Mutual Fund,Open Ended Schemes,Equity Scheme - ELSS,30-11-2024,105.22430
120503,Axis ELSS Tax Saver Fund - Direct Plan - Growth Option,Axis Mutual Fund,Open Ended Schemes,Equity Scheme - ELSS,29-11-2024,105.22590
120503,Axis ELSS Tax Saver Fund - Direct Plan - Growth Option,Axis Mutual Fund,Open Ended Schemes,Equity Scheme - ELSS,28-11-2024,104.55390
120503,Axis ELSS Tax Saver Fund - Direct Plan - Growth Option,Axis Mutual Fund,Open Ended Schemes,Equity Scheme - ELSS,27-11-2024,105.59350
120503,Axis ELSS Tax Saver Fund - Direct Plan - Growth Option,Axis Mutual Fund,Open Ended Schemes,Equity Scheme - ELSS,26-11-2024,105.30890
120503,Axis ELSS Tax Saver Fund - Direct Plan - Growth Option,Axis Mutual Fund,Open Ended Schemes,Equity Scheme - ELSS,25-11-2024,105.60980
120503,Axis ELSS Tax Saver Fund - Direct Plan - Growth Option,Axis Mutual Fund,Open Ended Schemes,Equity Scheme - ELSS,22-11-2024,104.01530
120503,Axis ELSS Tax Saver Fund - Direct Plan - Growth Option,Axis Mutual Fund,Open Ended Schemes,Equity Scheme - ELSS,21-11-2024,102.60840
120503,Axis ELSS Tax Saver Fund - Direct Plan - Growth Option,Axis Mutual Fund,Open Ended Schemes,Equity Scheme - ELSS,19-11-2024,102.94260
120503,Axis ELSS Tax Saver Fund - Direct Plan - Growth Option,Axis Mutual Fund,Open Ended Schemes,Equity Scheme - ELSS,18-11-2024,102.28700
120503,Axis ELSS Tax Saver Fund - Direct Plan - Growth Option,Axis Mutual Fund,Open Ended Schemes,Equity Scheme - ELSS,14-11-2024,102.35330
120503,Axis ELSS Tax Saver Fund - Direct Plan - Growth Option,Axis Mutual Fund,Open Ended Schemes,Equity Scheme - ELSS,13-11-2024,102.25230
120503,Axis ELSS Tax Saver Fund - Direct Plan - Growth Option,Axis Mutual Fund,Open Ended Schemes,Equity Scheme - ELSS,12-11-2024,104.01300
120503,Axis ELSS Tax Saver Fund - Direct Plan - Growth Option,Axis Mutual Fund,Open Ended Schemes,Equity Scheme - ELSS,11-11-2024,105.15940
120503,Axis ELSS Tax Saver Fund - Direct Plan - Growth Option,Axis Mutual Fund,Open Ended Schemes,Equity Scheme - ELSS,08-11-2024,105.38560
120503,Axis ELSS Tax Saver Fund - Direct Plan - Growth Option,Axis Mutual Fund,Open Ended Schemes,Equity Scheme - ELSS,07-11-2024,105.93540
120503,Axis ELSS Tax Saver Fund - Direct Plan - Growth Option,Axis Mutual Fund,Open Ended Schemes,Equity Scheme - ELSS,06-11-2024,106.72630
120503,Axis ELSS Tax Saver Fund - Direct Plan - Growth Option,Axis Mutual Fund,Open Ended Schemes,Equity Scheme - ELSS,05-11-2024,104.99730
120503,Axis ELSS Tax Saver Fund - Direct Plan - Growth Option,Axis Mutual Fund,Open Ended Schemes,Equity Scheme - ELSS,04-11-2024,104.81510
120503,Axis ELSS Tax Saver Fund - Direct Plan - Growth Option,Axis Mutual Fund,Open Ended Schemes,Equity Scheme - ELSS,31-10-2024,105.22200
120503,Axis ELSS Tax Saver Fund - Direct Plan - Growth Option,Axis Mutual Fund,Open Ended Schemes,Equity Scheme - ELSS,30-10-2024,105.60410
120503,Axis ELSS Tax Saver Fund - Direct Plan - Growth Option,Axis Mutual Fund,Open Ended Schemes,Equity Scheme - ELSS,29-10-2024,105.96130
120503,Axis ELSS Tax Saver Fund - Direct Plan - Growth Option,Axis Mutual Fund,Open Ended Schemes,Equity Scheme - ELSS,28-10-2024,105.39640
120503,Axis ELSS Tax Saver Fund - Direct Plan - Growth Option,Axis Mutual Fund,Open Ended Schemes,Equity Scheme - ELSS,25-10-2024,105.84330
120503,Axis ELSS Tax Saver Fund - Direct Plan - Growth Option,Axis Mutual Fund,Open Ended Schemes,Equity Scheme - ELSS,24-10-2024,106.53090
120503,Axis ELSS Tax Saver Fund - Direct Plan - Growth Option,Axis Mutual Fund,Open Ended Schemes,Equity Scheme - ELSS,23-10-2024,106.76800
120503,Axis ELSS Tax Saver Fund - Direct Plan - Growth Option,Axis Mutual Fund,Open Ended Schemes,Equity Scheme - ELSS,22-10-2024,106.42970
120503,Axis ELSS Tax Saver Fund - Direct Plan - Growth Option,Axis Mutual Fund,Open Ended Schemes,Equity Scheme - ELSS,21-10-2024,108.09280
120503,Axis ELSS Tax Saver Fund - Direct Plan - Growth Option,Axis Mutual Fund,Open Ended Schemes,Equity Scheme - ELSS,18-10-2024,108.78620
120503,Axis ELSS Tax Saver Fund - Direct Plan - Growth Option,Axis Mutual Fund,Open Ended Schemes,Equity Scheme - ELSS,17-10-2024,108.53020
120503,Axis ELSS Tax Saver Fund - Direct Plan - Growth Option,Axis Mutual Fund,Open Ended Schemes,Equity Scheme - ELSS,16-10-2024,110.07840
120503,Axis ELSS Tax Saver Fund - Direct Plan - Growth Option,Axis Mutual Fund,Open Ended Schemes,Equity Scheme - ELSS,15-10-2024,110.56900
120503,Axis ELSS Tax Saver Fund - Direct Plan - Growth Option,Axis Mutual Fund,Open Ended Schemes,Equity Scheme - ELSS,14-10-2024,110.68100
120503,Axis ELSS Tax Saver Fund - Direct Plan - Growth Option,Axis Mutual Fund,Open Ended Schemes,Equity Scheme - ELSS,11-10-2024,110.24560
120503,Axis ELSS Tax Saver Fund - Direct Plan - Growth Option,Axis Mutual Fund,Open Ended Schemes,Equity Scheme - ELSS,10-10-2024,110.22570
120503,Axis ELSS Tax Saver Fund - Direct Plan - Growth Option,Axis Mutual Fund,Open Ended Schemes,Equity Scheme - ELSS,09-10-2024,110.51430
120503,Axis ELSS Tax Saver Fund - Direct Plan - Growth Option,Axis Mutual Fund,Open Ended Schemes,Equity Scheme - ELSS,08-10-2024,109.22940
120503,Axis ELSS Tax Saver Fund - Direct Plan - Growth Option,Axis Mutual Fund,Open Ended Schemes,Equity Scheme - ELSS,07-10-2024,107.85490
120503,Axis ELSS Tax Saver Fund - Direct Plan - Growth Option,Axis Mutual Fund,Open Ended Schemes,Equity Scheme - ELSS,04-10-2024,109.21620
120503,Axis ELSS Tax Saver Fund - Direct Plan - Growth Option,Axis Mutual Fund,Open Ended Schemes,Equity Scheme - ELSS,03-10-2024,110.19860
120503,Axis ELSS Tax Saver Fund - Direct Plan - Growth Option,Axis Mutual Fund,Open Ended Schemes,Equity Scheme - ELSS,01-10-2024,112.32850
120503,Axis ELSS Tax Saver Fund - Direct Plan - Growth Option,Axis Mutual Fund,Open Ended Schemes,Equity Scheme - ELSS,30-09-2024,112.33380
120503,Axis ELSS Tax Saver Fund - Direct Plan - Growth Option,Axis Mutual Fund,Open Ended Schemes,Equity Scheme - ELSS,27-09-2024,113.60830
120503,Axis ELSS Tax Saver Fund - Direct Plan - Growth Option,Axis Mutual Fund,Open Ended Schemes,Equity Scheme - ELSS,26-09-2024,113.68490
120503,Axis ELSS Tax Saver Fund - Direct Plan - Growth Option,Axis Mutual Fund,Open Ended Schemes,Equity Scheme - ELSS,25-09-2024,113.13680
120503,Axis ELSS Tax Saver Fund - Direct Plan - Growth Option,Axis Mutual Fund,Open Ended Schemes,Equity Scheme - ELSS,24-09-2024,113.59420
120503,Axis ELSS Tax Saver Fund - Direct Plan - Growth Option,Axis Mutual Fund,Open Ended Schemes,Equity Scheme - ELSS,23-09-2024,113.54700
120503,Axis ELSS Tax Saver Fund - Direct Plan - Growth Option,Axis Mutual Fund,Open Ended Schemes,Equity Scheme - ELSS,20-09-2024,112.79080
120503,Axis ELSS Tax Saver Fund - Direct Plan - Growth Option,Axis Mutual Fund,Open Ended Schemes,Equity Scheme - ELSS,19-09-2024,111.17880
120503,Axis ELSS Tax Saver Fund - Direct Plan - Growth Option,Axis Mutual Fund,Open Ended Schemes,Equity Scheme - ELSS,18-09-2024,111.24180
120503,Axis ELSS Tax Saver Fund - Direct Plan - Growth Option,Axis Mutual Fund,Open Ended Schemes,Equity Scheme - ELSS,17-09-2024,110.97780
120503,Axis ELSS Tax Saver Fund - Direct Plan - Growth Option,Axis Mutual Fund,Open Ended Schemes,Equity Scheme - ELSS,16-09-2024,110.71790
120503,Axis ELSS Tax Saver Fund - Direct Plan - Growth Option,Axis Mutual Fund,Open Ended Schemes,Equity Scheme - ELSS,13-09-2024,110.54420
120503,Axis ELSS Tax Saver Fund - Direct Plan - Growth Option,Axis Mutual Fund,Open Ended Schemes,Equity Scheme - ELSS,12-09-2024,110.51630
120503,Axis ELSS Tax Saver Fund - Direct Plan - Growth Option,Axis Mutual Fund,Open Ended Schemes,Equity Scheme - ELSS,11-09-2024,108.77610
120503,Axis ELSS Tax Saver Fund - Direct Plan - Growth Option,Axis Mutual Fund,Open Ended Schemes,Equity Scheme - ELSS,10-09-2024,108.82550
120503,Axis ELSS Tax Saver Fund - Direct Plan - Growth Option,Axis Mutual Fund,Open Ended Schemes,Equity Scheme - ELSS,09-09-2024,108.29500
120503,Axis ELSS Tax Saver Fund - Direct Plan - Growth Option,Axis Mutual Fund,Open Ended Schemes,Equity Scheme - ELSS,06-09-2024,108.12660
120503,Axis ELSS Tax Saver Fund - Direct Plan - Growth Option,Axis Mutual Fund,Open Ended Schemes,Equity Scheme - ELSS,05-09-2024,108.86540
120503,Axis ELSS Tax Saver Fund - Direct Plan - Growth Option,Axis Mutual Fund,Open Ended Schemes,Equity Scheme - ELSS,04-09-2024,108.88740
120503,Axis ELSS Tax Saver Fund - Direct Plan - Growth Option,Axis Mutual Fund,Open Ended Schemes,Equity Scheme - ELSS,03-09-2024,108.82710
120503,Axis ELSS Tax Saver Fund - Direct Plan - Growth Option,Axis Mutual Fund,Open Ended Schemes,Equity Scheme - ELSS,02-09-2024,108.96230
120503,Axis ELSS Tax Saver Fund - Direct Plan - Growth Option,Axis Mutual Fund,Open Ended Schemes,Equity Scheme - ELSS,31-08-2024,108.81720
120503,Axis ELSS Tax Saver Fund - Direct Plan - Growth Option,Axis Mutual Fund,Open Ended Schemes,Equity Scheme - ELSS,30-08-2024,108.81930
120503,Axis ELSS Tax Saver Fund - Direct Plan - Growth Option,Axis Mutual Fund,Open Ended Schemes,Equity Scheme - ELSS,29-08-2024,107.87310
120503,Axis ELSS Tax Saver Fund - Direct Plan - Growth Option,Axis Mutual Fund,Open Ended Schemes,Equity Scheme - ELSS,28-08-2024,107.80570
120503,Axis ELSS Tax Saver Fund - Direct Plan - Growth Option,Axis Mutual Fund,Open Ended Schemes,Equity Scheme - ELSS,27-08-2024,107.71230
120503,Axis ELSS Tax Saver Fund - Direct Plan - Growth Option,Axis Mutual Fund,Open Ended Schemes,Equity Scheme - ELSS,26-08-2024,107.28030
120503,Axis ELSS Tax Saver Fund - Direct Plan - Growth Option,Axis Mutual Fund,Open Ended Schemes,Equity Scheme - ELSS,23-08-2024,106.62930
120503,Axis ELSS Tax Saver Fund - Direct Plan - Growth Option,Axis Mutual Fund,Open Ended Schemes,Equity Scheme - ELSS,22-08-2024,106.74910
120503,Axis ELSS Tax Saver Fund - Direct Plan - Growth Option,Axis Mutual Fund,Open Ended Schemes,Equity Scheme - ELSS,21-08-2024,106.41160
120503,Axis ELSS Tax Saver Fund - Direct Plan - Growth Option,Axis Mutual Fund,Open Ended Schemes,Equity Scheme - ELSS,20-08-2024,106.42280
120503,Axis ELSS Tax Saver Fund - Direct Plan - Growth Option,Axis Mutual Fund,Open Ended Schemes,Equity Scheme - ELSS,19-08-2024,105.18490
120503,Axis ELSS Tax Saver Fund - Direct Plan - Growth Option,Axis Mutual Fund,Open Ended Schemes,Equity Scheme - ELSS,16-08-2024,105.32120
120503,Axis ELSS Tax Saver Fund - Direct Plan - Growth Option,Axis Mutual Fund,Open Ended Schemes,Equity Scheme - ELSS,14-08-2024,103.56860
120503,Axis ELSS Tax Saver Fund - Direct Plan - Growth Option,Axis Mutual Fund,Open Ended Schemes,Equity Scheme - ELSS,13-08-2024,103.67960
120503,Axis ELSS Tax Saver Fund - Direct Plan - Growth Option,Axis Mutual Fund,Open Ended Schemes,Equity Scheme - ELSS,12-08-2024,104.70720
120503,Axis ELSS Tax Saver Fund - Direct Plan - Growth Option,Axis Mutual Fund,Open Ended Schemes,Equity Scheme - ELSS,09-08-2024,105.11960
120503,Axis ELSS Tax Saver Fund - Direct Plan - Growth Option,Axis Mutual Fund,Open Ended Schemes,Equity Scheme - ELSS,08-08-2024,104.03970
120503,Axis ELSS Tax Saver Fund - Direct Plan - Growth Option,Axis Mutual Fund,Open Ended Schemes,Equity Scheme - ELSS,07-08-2024,104.72310
120503,Axis ELSS Tax Saver Fund - Direct Plan - Growth Option,Axis Mutual Fund,Open Ended Schemes,Equity Scheme - ELSS,06-08-2024,102.75670
120503,Axis ELSS Tax Saver Fund - Direct Plan - Growth Option,Axis Mutual Fund,Open Ended Schemes,Equity Scheme - ELSS,05-08-2024,103.36970
120503,Axis ELSS Tax Saver Fund - Direct Plan - Growth Option,Axis Mutual Fund,Open Ended Schemes,Equity Scheme - ELSS,02-08-2024,106.28550
120503,Axis ELSS Tax Saver Fund - Direct Plan - Growth Option,Axis Mutual Fund,Open Ended Schemes,Equity Scheme - ELSS,01-08-2024,106.86770
120503,Axis ELSS Tax Saver Fund - Direct Plan - Growth Option,Axis Mutual Fund,Open Ended Schemes,Equity Scheme - ELSS,31-07-2024,107.25410
120503,Axis ELSS Tax Saver Fund - Direct Plan - Growth Option,Axis Mutual Fund,Open Ended Schemes,Equity Scheme - ELSS,30-07-2024,106.13090
120503,Axis ELSS Tax Saver Fund - Direct Plan - Growth Option,Axis Mutual Fund,Open Ended Schemes,Equity Scheme - ELSS,29-07-2024,106.15200
120503,Axis ELSS Tax Saver Fund - Direct Plan - Growth Option,Axis Mutual Fund,Open Ended Schemes,Equity Scheme - ELSS,26-07-2024,105.56630
120503,Axis ELSS Tax Saver Fund - Direct Plan - Growth Option,Axis Mutual Fund,Open Ended Schemes,Equity Scheme - ELSS,25-07-2024,103.92970
120503,Axis ELSS Tax Saver Fund - Direct Plan - Growth Option,Axis Mutual Fund,Open Ended Schemes,Equity Scheme - ELSS,24-07-2024,103.52370
120503,Axis ELSS Tax Saver Fund - Direct Plan - Growth Option,Axis Mutual Fund,Open Ended Schemes,Equity Scheme - ELSS,23-07-2024,103.41110
120503,Axis ELSS Tax Saver Fund - Direct Plan - Growth Option,Axis Mutual Fund,Open Ended Schemes,Equity Scheme - ELSS,22-07-2024,103.74080
120503,Axis ELSS Tax Saver Fund - Direct Plan - Growth Option,Axis Mutual Fund,Open Ended Schemes,Equity Scheme - ELSS,19-07-2024,103.15290
120503,Axis ELSS Tax Saver Fund - Direct Plan - Growth Option,Axis Mutual Fund,Open Ended Schemes,Equity Scheme - ELSS,18-07-2024,104.73710
120503,Axis ELSS Tax Saver Fund - Direct Plan - Growth Option,Axis Mutual Fund,Open Ended Schemes,Equity Scheme - ELSS,16-07-2024,104.26890
120503,Axis ELSS Tax Saver Fund - Direct Plan - Growth Option,Axis Mutual Fund,Open Ended Schemes,Equity Scheme - ELSS,15-07-2024,104.25030
120503,Axis ELSS Tax Saver Fund - Direct Plan - Growth Option,Axis Mutual Fund,Open Ended Schemes,Equity Scheme - ELSS,12-07-2024,103.86480
120503,Axis ELSS Tax Saver Fund - Direct Plan - Growth Option,Axis Mutual Fund,Open Ended Schemes,Equity Scheme - ELSS,11-07-2024,103.39100
120503,Axis ELSS Tax Saver Fund - Direct Plan - Growth Option,Axis Mutual Fund,Open Ended Schemes,Equity Scheme - ELSS,10-07-2024,103.61390
120503,Axis ELSS Tax Saver Fund - Direct Plan - Growth Option,Axis Mutual Fund,Open Ended Schemes,Equity Scheme - ELSS,09-07-2024,103.82600
120503,Axis ELSS Tax Saver Fund - Direct Plan - Growth Option,Axis Mutual Fund,Open Ended Schemes,Equity Scheme - ELSS,08-07-2024,103.25340
120503,Axis ELSS Tax Saver Fund - Direct Plan - Growth Option,Axis Mutual Fund,Open Ended Schemes,Equity Scheme - ELSS,05-07-2024,103.81880
120503,Axis ELSS Tax Saver Fund - Direct Plan - Growth Option,Axis Mutual Fund,Open Ended Schemes,Equity Scheme - ELSS,04-07-2024,103.55110
120503,Axis ELSS Tax Saver Fund - Direct Plan - Growth Option,Axis Mutual Fund,Open Ended Schemes,Equity Scheme - ELSS,03-07-2024,103.53930
120503,Axis ELSS Tax Saver Fund - Direct Plan - Growth Option,Axis Mutual Fund,Open Ended Schemes,Equity Scheme - ELSS,02-07-2024,102.86800
120503,Axis ELSS Tax Saver Fund - Direct Plan - Growth Option,Axis Mutual Fund,Open Ended Schemes,Equity Scheme - ELSS,01-07-2024,103.19440
120503,Axis ELSS Tax Saver Fund - Direct Plan - Growth Option,Axis Mutual Fund,Open Ended Schemes,Equity Scheme - ELSS,28-06-2024,102.61910
120503,Axis ELSS Tax Saver Fund - Direct Plan - Growth Option,Axis Mutual Fund,Open Ended Schemes,Equity Scheme - ELSS,27-06-2024,103.00330
120503,Axis ELSS Tax Saver Fund - Direct Plan - Growth Option,Axis Mutual Fund,Open Ended Schemes,Equity Scheme - ELSS,26-06-2024,102.44180
120503,Axis ELSS Tax Saver Fund - Direct Plan - Growth Option,Axis Mutual Fund,Open Ended Schemes,Equity Scheme - ELSS,25-06-2024,102.25060
120503,Axis ELSS Tax Saver Fund - Direct Plan - Growth Option,Axis Mutual Fund,Open Ended Schemes,Equity Scheme - ELSS,24-06-2024,101.90850
120503,Axis ELSS Tax Saver Fund - Direct Plan - Growth Option,Axis Mutual Fund,Open Ended Schemes,Equity Scheme - ELSS,21-06-2024,101.20790
120503,Axis ELSS Tax Saver Fund - Direct Plan - Growth Option,Axis Mutual Fund,Open Ended Schemes,Equity Scheme - ELSS,20-06-2024,101.85460
120503,Axis ELSS Tax Saver Fund - Direct Plan - Growth Option,Axis Mutual Fund,Open Ended Schemes,Equity Scheme - ELSS,19-06-2024,101.79920
120503,Axis ELSS Tax Saver Fund - Direct Plan - Growth Option,Axis Mutual Fund,Open Ended Schemes,Equity Scheme - ELSS,18-06-2024,102.24030
120503,Axis ELSS Tax Saver Fund - Direct Plan - Growth Option,Axis Mutual Fund,Open Ended Schemes,Equity Scheme - ELSS,14-06-2024,101.71460
120503,Axis ELSS Tax Saver Fund - Direct Plan - Growth Option,Axis Mutual Fund,Open Ended Schemes,Equity Scheme - ELSS,13-06-2024,101.04810
120503,Axis ELSS Tax Saver Fund - Direct Plan - Growth Option,Axis Mutual Fund,Open Ended Schemes,Equity Scheme - ELSS,12-06-2024,100.27240
120503,Axis ELSS Tax Saver Fund - Direct Plan - Growth Option,Axis Mutual Fund,Open Ended Schemes,Equity Scheme - ELSS,11-06-2024,99.87190
120503,Axis ELSS Tax Saver Fund - Direct Plan - Growth Option,Axis Mutual Fund,Open Ended Schemes,Equity Scheme - ELSS,10-06-2024,99.74290
120503,Axis ELSS Tax Saver Fund - Direct Plan - Growth Option,Axis Mutual Fund,Open Ended Schemes,Equity Scheme - ELSS,07-06-2024,99.51880
120503,Axis ELSS Tax Saver Fund - Direct Plan - Growth Option,Axis Mutual Fund,Open Ended Schemes,Equity Scheme - ELSS,06-06-2024,97.79730
120503,Axis ELSS Tax Saver Fund - Direct Plan - Growth Option,Axis Mutual Fund,Open Ended Schemes,Equity Scheme - ELSS,05-06-2024,97.15380
120503,Axis ELSS Tax Saver Fund - Direct Plan - Growth Option,Axis Mutual Fund,Open Ended Schemes,Equity Scheme - ELSS,04-06-2024,93.85290
120503,Axis ELSS Tax Saver Fund - Direct Plan - Growth Option,Axis Mutual Fund,Open Ended Schemes,Equity Scheme - ELSS,03-06-2024,97.57200
120503,Axis ELSS Tax Saver Fund - Direct Plan - Growth Option,Axis Mutual Fund,Open Ended Schemes,Equity Scheme - ELSS,31-05-2024,95.34350
120503,Axis ELSS Tax Saver Fund - Direct Plan - Growth Option,Axis Mutual Fund,Open Ended Schemes,Equity Scheme - ELSS,30-05-2024,95.26000
120503,Axis ELSS Tax Saver Fund - Direct Plan - Growth Option,Axis Mutual Fund,Open Ended Schemes,Equity Scheme - ELSS,29-05-2024,96.42200
120503,Axis ELSS Tax Saver Fund - Direct Plan - Growth Option,Axis Mutual Fund,Open Ended Schemes,Equity Scheme - ELSS,28-05-2024,96.96620
120503,Axis ELSS Tax Saver Fund - Direct Plan - Growth Option,Axis Mutual Fund,Open Ended Schemes,Equity Scheme - ELSS,27-05-2024,97.24960
120503,Axis ELSS Tax Saver Fund - Direct Plan - Growth Option,Axis Mutual Fund,Open Ended Schemes,Equity Scheme - ELSS,24-05-2024,97.16410
120503,Axis ELSS Tax Saver Fund - Direct Plan - Growth Option,Axis Mutual Fund,Open Ended Schemes,Equity Scheme - ELSS,23-05-2024,97.62680
120503,Axis ELSS Tax Saver Fund - Direct Plan - Growth Option,Axis Mutual Fund,Open Ended Schemes,Equity Scheme - ELSS,22-05-2024,96.63110
120503,Axis ELSS Tax Saver Fund - Direct Plan - Growth Option,Axis Mutual Fund,Open Ended Schemes,Equity Scheme - ELSS,21-05-2024,96.63770
120503,Axis ELSS Tax Saver Fund - Direct Plan - Growth Option,Axis Mutual Fund,Open Ended Schemes,Equity Scheme - ELSS,17-05-2024,96.56670
120503,Axis ELSS Tax Saver Fund - Direct Plan - Growth Option,Axis Mutual Fund,Open Ended Schemes,Equity Scheme - ELSS,16-05-2024,95.80390
120503,Axis ELSS Tax Saver Fund - Direct Plan - Growth Option,Axis Mutual Fund,Open Ended Schemes,Equity Scheme - ELSS,15-05-2024,95.34030
120503,Axis ELSS Tax Saver Fund - Direct Plan - Growth Option,Axis Mutual Fund,Open Ended Schemes,Equity Scheme - ELSS,14-05-2024,95.08670
120503,Axis ELSS Tax Saver Fund - Direct Plan - Growth Option,Axis Mutual Fund,Open Ended Schemes,Equity Scheme - ELSS,13-05-2024,94.91810
120503,Axis ELSS Tax Saver Fund - Direct Plan - Growth Option,Axis Mutual Fund,Open Ended Schemes,Equity Scheme - ELSS,10-05-2024,94.94400
120503,Axis ELSS Tax Saver Fund - Direct Plan - Growth Option,Axis Mutual Fund,Open Ended Schemes,Equity Scheme - ELSS,09-05-2024,94.16480
120503,Axis ELSS Tax Saver Fund - Direct Plan - Growth Option,Axis Mutual Fund,Open Ended Schemes,Equity Scheme - ELSS,08-05-2024,95.17810
120503,Axis ELSS Tax Saver Fund - Direct Plan - Growth Option,Axis Mutual Fund,Open Ended Schemes,Equity Scheme - ELSS,07-05-2024,95.26150
120503,Axis ELSS Tax Saver Fund - Direct Plan - Growth Option,Axis Mutual Fund,Open Ended Schemes,Equity Scheme - ELSS,06-05-2024,96.12260
120503,Axis ELSS Tax Saver Fund - Direct Plan - Growth Option,Axis Mutual Fund,Open Ended Schemes,Equity Scheme - ELSS,03-05-2024,96.22680
120503,Axis ELSS Tax Saver Fund - Direct Plan - Growth Option,Axis Mutual Fund,Open Ended Schemes,Equity Scheme - ELSS,02-05-2024,96.68250
120503,Axis ELSS Tax Saver Fund - Direct Plan - Growth Option,Axis Mutual Fund,Open Ended Schemes,Equity Scheme - ELSS,30-04-2024,96.32770
120503,Axis ELSS Tax Saver Fund - Direct Plan - Growth Option,Axis Mutual Fund,Open Ended Schemes,Equity Scheme - ELSS,29-04-2024,96.27440
120503,Axis ELSS Tax Saver Fund - Direct Plan - Growth Option,Axis Mutual Fund,Open Ended Schemes,Equity Scheme - ELSS,26-04-2024,95.52040
120503,Axis ELSS Tax Saver Fund - Direct Plan - Growth Option,Axis Mutual Fund,Open Ended Schemes,Equity Scheme - ELSS,25-04-2024,96.23990
120503,Axis ELSS Tax Saver Fund - Direct Plan - Growth Option,Axis Mutual Fund,Open Ended Schemes,Equity Scheme - ELSS,24-04-2024,96.37250
120503,Axis ELSS Tax Saver Fund - Direct Plan - Growth Option,Axis Mutual Fund,Open Ended Schemes,Equity Scheme - ELSS,23-04-2024,95.94380
120503,Axis ELSS Tax Saver Fund - Direct Plan - Growth Option,Axis Mutual Fund,Open Ended Schemes,Equity Scheme - ELSS,22-04-2024,95.57040
120503,Axis ELSS Tax Saver Fund - Direct Plan - Growth Option,Axis Mutual Fund,Open Ended Schemes,Equity Scheme - ELSS,19-04-2024,95.04030
120503,Axis ELSS Tax Saver Fund - Direct Plan - Growth Option,Axis Mutual Fund,Open Ended Schemes,Equity Scheme - ELSS,18-04-2024,94.77850
120503,Axis ELSS Tax Saver Fund - Direct Plan - Growth Option,Axis Mutual Fund,Open Ended Schemes,Equity Scheme - ELSS,16-04-2024,95.25280
120503,Axis ELSS Tax Saver Fund - Direct Plan - Growth Option,Axis Mutual Fund,Open Ended Schemes,Equity Scheme - ELSS,15-04-2024,95.79030
120503,Axis ELSS Tax Saver Fund - Direct Plan - Growth Option,Axis Mutual Fund,Open Ended Schemes,Equity Scheme - ELSS,12-04-2024,97.35200
120503,Axis ELSS Tax Saver Fund - Direct Plan - Growth Option,Axis Mutual Fund,Open Ended Schemes,Equity Scheme - ELSS,10-04-2024,97.61490
120503,Axis ELSS Tax Saver Fund - Direct Plan - Growth Option,Axis Mutual Fund,Open Ended Schemes,Equity Scheme - ELSS,09-04-2024,97.58880
120503,Axis ELSS Tax Saver Fund - Direct Plan - Growth Option,Axis Mutual Fund,Open Ended Schemes,Equity Scheme - ELSS,08-04-2024,97.53620
120503,Axis ELSS Tax Saver Fund - Direct Plan - Growth Option,Axis Mutual Fund,Open Ended Schemes,Equity Scheme - ELSS,05-04-2024,96.62150
120503,Axis ELSS Tax Saver Fund - Direct Plan - Growth Option,Axis Mutual Fund,Open Ended Schemes,Equity Scheme - ELSS,04-04-2024,96.44760
120503,Axis ELSS Tax Saver Fund - Direct Plan - Growth Option,Axis Mutual Fund,Open Ended Schemes,Equity Scheme - ELSS,03-04-2024,95.91010
120503,Axis ELSS Tax Saver Fund - Direct Plan - Growth Option,Axis Mutual Fund,Open Ended Schemes,Equity Scheme - ELSS,02-04-2024,95.76080
120503,Axis ELSS Tax Saver Fund - Direct Plan - Growth Option,Axis Mutual Fund,Open Ended Schemes,Equity Scheme - ELSS,01-04-2024,95.50400
120503,Axis ELSS Tax Saver Fund - Direct Plan - Growth Option,Axis Mutual Fund,Open Ended Schemes,Equity Scheme - ELSS,31-03-2024,94.73140
120503,Axis ELSS Tax Saver Fund - Direct Plan - Growth Option,Axis Mutual Fund,Open Ended Schemes,Equity Scheme - ELSS,28-03-2024,94.73580
120503,Axis ELSS Tax Saver Fund - Direct Plan - Growth Option,Axis Mutual Fund,Open Ended Schemes,Equity Scheme - ELSS,27-03-2024,93.98760
120503,Axis ELSS Tax Saver Fund - Direct Plan - Growth Option,Axis Mutual Fund,Open Ended Schemes,Equity Scheme - ELSS,26-03-2024,93.58080
120503,Axis ELSS Tax Saver Fund - Direct Plan - Growth Option,Axis Mutual Fund,Open Ended Schemes,Equity Scheme - ELSS,22-03-2024,92.34970
120503,Axis ELSS Tax Saver Fund - Direct Plan - Growth Option,Axis Mutual Fund,Open Ended Schemes,Equity Scheme - ELSS,21-03-2024,91.63620
120503,Axis ELSS Tax Saver Fund - Direct Plan - Growth Option,Axis Mutual Fund,Open Ended Schemes,Equity Scheme - ELSS,20-03-2024,90.13570
120503,Axis ELSS Tax Saver Fund - Direct Plan - Growth Option,Axis Mutual Fund,Open Ended Schemes,Equity Scheme - ELSS,19-03-2024,90.16350
120503,Axis ELSS Tax Saver Fund - Direct Plan - Growth Option,Axis Mutual Fund,Open Ended Schemes,Equity Scheme - ELSS,18-03-2024,90.52860
120503,Axis ELSS Tax Saver Fund - Direct Plan - Growth Option,Axis Mutual Fund,Open Ended Schemes,Equity Scheme - ELSS,15-03-2024,90.16640
120503,Axis ELSS Tax Saver Fund - Direct Plan - Growth Option,Axis Mutual Fund,Open Ended Schemes,Equity Scheme - ELSS,14-03-2024,90.27090
120503,Axis ELSS Tax Saver Fund - Direct Plan - Growth Option,Axis Mutual Fund,Open Ended Schemes,Equity Scheme - ELSS,13-03-2024,89.33970
120503,Axis ELSS Tax Saver Fund - Direct Plan - Growth Option,Axis Mutual Fund,Open Ended Schemes,Equity Scheme - ELSS,12-03-2024,91.18820
120503,Axis ELSS Tax Saver Fund - Direct Plan - Growth Option,Axis Mutual Fund,Open Ended Schemes,Equity Scheme - ELSS,11-03-2024,91.23470
120503,Axis ELSS Tax Saver Fund - Direct Plan - Growth Option,Axis Mutual Fund,Open Ended Schemes,Equity Scheme - ELSS,07-03-2024,90.95430
120503,Axis ELSS Tax Saver Fund - Direct Plan - Growth Option,Axis Mutual Fund,Open Ended Schemes,Equity Scheme - ELSS,06-03-2024,90.54350
120503,Axis ELSS Tax Saver Fund - Direct Plan - Growth Option,Axis Mutual Fund,Open Ended Schemes,Equity Scheme - ELSS,05-03-2024,90.05010
120503,Axis ELSS Tax Saver Fund - Direct Plan - Growth Option,Axis Mutual Fund,Open Ended Schemes,Equity Scheme - ELSS,04-03-2024,90.74600
120503,Axis ELSS Tax Saver Fund - Direct Plan - Growth Option,Axis Mutual Fund,Open Ended Schemes,Equity Scheme - ELSS,01-03-2024,90.85890
120503,Axis ELSS Tax Saver Fund - Direct Plan - Growth Option,Axis Mutual Fund,Open Ended Schemes,Equity Scheme - ELSS,29-02-2024,89.99730
120503,Axis ELSS Tax Saver Fund - Direct Plan - Growth Option,Axis Mutual Fund,Open Ended Schemes,Equity Scheme - ELSS,28-02-2024,89.79900
120503,Axis ELSS Tax Saver Fund - Direct Plan - Growth Option,Axis Mutual Fund,Open Ended Schemes,Equity Scheme - ELSS,27-02-2024,90.96480
120503,Axis ELSS Tax Saver Fund - Direct Plan - Growth Option,Axis Mutual Fund,Open Ended Schemes,Equity Scheme - ELSS,26-02-2024,90.44750
120503,Axis ELSS Tax Saver Fund - Direct Plan - Growth Option,Axis Mutual Fund,Open Ended Schemes,Equity Scheme - ELSS,23-02-2024,91.02110
120503,Axis ELSS Tax Saver Fund - Direct Plan - Growth Option,Axis Mutual Fund,Open Ended Schemes,Equity Scheme - ELSS,22-02-2024,90.52330
120503,Axis ELSS Tax Saver Fund - Direct Plan - Growth Option,Axis Mutual Fund,Open Ended Schemes,Equity Scheme - ELSS,21-02-2024,89.92770
120503,Axis ELSS Tax Saver Fund - Direct Plan - Growth Option,Axis Mutual Fund,Open Ended Schemes,Equity Scheme - ELSS,20-02-2024,90.54080
120503,Axis ELSS Tax Saver Fund - Direct Plan - Growth Option,Axis Mutual Fund,Open Ended Schemes,Equity Scheme - ELSS,19-02-2024,90.48640
120503,Axis ELSS Tax Saver Fund - Direct Plan - Growth Option,Axis Mutual Fund,Open Ended Schemes,Equity Scheme - ELSS,16-02-2024,89.95010
120503,Axis ELSS Tax Saver Fund - Direct Plan - Growth Option,Axis Mutual Fund,Open Ended Schemes,Equity Scheme - ELSS,15-02-2024,89.28360
120503,Axis ELSS Tax Saver Fund - Direct Plan - Growth Option,Axis Mutual Fund,Open Ended Schemes,Equity Scheme - ELSS,14-02-2024,88.60180
120503,Axis ELSS Tax Saver Fund - Direct Plan - Growth Option,Axis Mutual Fund,Open Ended Schemes,Equity Scheme - ELSS,13-02-2024,88.58910
120503,Axis ELSS Tax Saver Fund - Direct Plan - Growth Option,Axis Mutual Fund,Open Ended Schemes,Equity Scheme - ELSS,12-02-2024,88.49780
120503,Axis ELSS Tax Saver Fund - Direct Plan - Growth Option,Axis Mutual Fund,Open Ended Schemes,Equity Scheme - ELSS,09-02-2024,88.99040
120503,Axis ELSS Tax Saver Fund - Direct Plan - Growth Option,Axis Mutual Fund,Open Ended Schemes,Equity Scheme - ELSS,08-02-2024,88.89060
120503,Axis ELSS Tax Saver Fund - Direct Plan - Growth Option,Axis Mutual Fund,Open Ended Schemes,Equity Scheme - ELSS,07-02-2024,89.12190
120503,Axis ELSS Tax Saver Fund - Direct Plan - Growth Option,Axis Mutual Fund,Open Ended Schemes,Equity Scheme - ELSS,06-02-2024,88.88980
120503,Axis ELSS Tax Saver Fund - Direct Plan - Growth Option,Axis Mutual Fund,Open Ended Schemes,Equity Scheme - ELSS,05-02-2024,87.91750
120503,Axis ELSS Tax Saver Fund - Direct Plan - Growth Option,Axis Mutual Fund,Open Ended Schemes,Equity Scheme - ELSS,02-02-2024,88.07830
120503,Axis ELSS Tax Saver Fund - Direct Plan - Growth Option,Axis Mutual Fund,Open Ended Schemes,Equity Scheme - ELSS,01-02-2024,87.52740
120503,Axis ELSS Tax Saver Fund - Direct Plan - Growth Option,Axis Mutual Fund,Open Ended Schemes,Equity Scheme - ELSS,31-01-2024,87.68830
120503,Axis ELSS Tax Saver Fund - Direct Plan - Growth Option,Axis Mutual Fund,Open Ended Schemes,Equity Scheme - ELSS,30-01-2024,86.74640
120503,Axis ELSS Tax Saver Fund - Direct Plan - Growth Option,Axis Mutual Fund,Open Ended Schemes,Equity Scheme - ELSS,29-01-2024,87.62500
120503,Axis ELSS Tax Saver Fund - Direct Plan - Growth Option,Axis Mutual Fund,Open Ended Schemes,Equity Scheme - ELSS,25-01-2024,86.79290
120503,Axis ELSS Tax Saver Fund - Direct Plan - Growth Option,Axis Mutual Fund,Open Ended Schemes,Equity Scheme - ELSS,24-01-2024,87.16110
120503,Axis ELSS Tax Saver Fund - Direct Plan - Growth Option,Axis Mutual Fund,Open Ended Schemes,Equity Scheme - ELSS,23-01-2024,86.17260
120503,Axis ELSS Tax Saver Fund - Direct Plan - Growth Option,Axis Mutual Fund,Open Ended Schemes,Equity Scheme - ELSS,19-01-2024,87.76280
120503,Axis ELSS Tax Saver Fund - Direct Plan - Growth Option,Axis Mutual Fund,Open Ended Schemes,Equity Scheme - ELSS,18-01-2024,87.33170
120503,Axis ELSS Tax Saver Fund - Direct Plan - Growth Option,Axis Mutual Fund,Open Ended Schemes,Equity Scheme - ELSS,17-01-2024,87.79730
120503,Axis ELSS Tax Saver Fund - Direct Plan - Growth Option,Axis Mutual Fund,Open Ended Schemes,Equity Scheme - ELSS,16-01-2024,89.08020
120503,Axis ELSS Tax Saver Fund - Direct Plan - Growth Option,Axis Mutual Fund,Open Ended Schemes,Equity Scheme - ELSS,15-01-2024,89.44260
120503,Axis ELSS Tax Saver Fund - Direct Plan - Growth Option,Axis Mutual Fund,Open Ended Schemes,Equity Scheme - ELSS,12-01-2024,89.26610
120503,Axis ELSS Tax Saver Fund - Direct Plan - Growth Option,Axis Mutual Fund,Open Ended Schemes,Equity Scheme - ELSS,11-01-2024,88.86970
120503,Axis ELSS Tax Saver Fund - Direct Plan - Growth Option,Axis Mutual Fund,Open Ended Schemes,Equity Scheme - ELSS,10-01-2024,88.69490
120503,Axis ELSS Tax Saver Fund - Direct Plan - Growth Option,Axis Mutual Fund,Open Ended Schemes,Equity Scheme - ELSS,09-01-2024,88.73790
120503,Axis ELSS Tax Saver Fund - Direct Plan - Growth Option,Axis Mutual Fund,Open Ended Schemes,Equity Scheme - ELSS,08-01-2024,88.48060
120503,Axis ELSS Tax Saver Fund - Direct Plan - Growth Option,Axis Mutual Fund,Open Ended Schemes,Equity Scheme - ELSS,05-01-2024,89.39310
120503,Axis ELSS Tax Saver Fund - Direct Plan - Growth Option,Axis Mutual Fund,Open Ended Schemes,Equity Scheme - ELSS,04-01-2024,89.31410
120503,Axis ELSS Tax Saver Fund - Direct Plan - Growth Option,Axis Mutual Fund,Open Ended Schemes,Equity Scheme - ELSS,03-01-2024,88.27600
120503,Axis ELSS Tax Saver Fund - Direct Plan - Growth Option,Axis Mutual Fund,Open Ended Schemes,Equity Scheme - ELSS,02-01-2024,88.78960
120503,Axis ELSS Tax Saver Fund - Direct Plan - Growth Option,Axis Mutual Fund,Open Ended Schemes,Equity Scheme - ELSS,01-01-2024,88.58720
120503,Axis ELSS Tax Saver Fund - Direct Plan - Growth Option,Axis Mutual Fund,Open Ended Schemes,Equity Scheme - ELSS,29-12-2023,88.62240
120503,Axis ELSS Tax Saver Fund - Direct Plan - Growth Option,Axis Mutual Fund,Open Ended Schemes,Equity Scheme - ELSS,28-12-2023,88.20020
120503,Axis ELSS Tax Saver Fund - Direct Plan - Growth Option,Axis Mutual Fund,Open Ended Schemes,Equity Scheme - ELSS,27-12-2023,87.88650
120503,Axis ELSS Tax Saver Fund - Direct Plan - Growth Option,Axis Mutual Fund,Open Ended Schemes,Equity Scheme - ELSS,26-12-2023,87.15310
120503,Axis ELSS Tax Saver Fund - Direct Plan - Growth Option,Axis Mutual Fund,Open Ended Schemes,Equity Scheme - ELSS,22-12-2023,86.98230
120503,Axis ELSS Tax Saver Fund - Direct Plan - Growth Option,Axis Mutual Fund,Open Ended Schemes,Equity Scheme - ELSS,21-12-2023,86.32970
120503,Axis ELSS Tax Saver Fund - Direct Plan - Growth Option,Axis Mutual Fund,Open Ended Schemes,Equity Scheme - ELSS,20-12-2023,85.86920
120503,Axis ELSS Tax Saver Fund - Direct Plan - Growth Option,Axis Mutual Fund,Open Ended Schemes,Equity Scheme - ELSS,19-12-2023,87.70260
120503,Axis ELSS Tax Saver Fund - Direct Plan - Growth Option,Axis Mutual Fund,Open Ended Schemes,Equity Scheme - ELSS,18-12-2023,87.76420
120503,Axis ELSS Tax Saver Fund - Direct Plan - Growth Option,Axis Mutual Fund,Open Ended Schemes,Equity Scheme - ELSS,15-12-2023,87.44890
120503,Axis ELSS Tax Saver Fund - Direct Plan - Growth Option,Axis Mutual Fund,Open Ended Schemes,Equity Scheme - ELSS,14-12-2023,86.91940
120503,Axis ELSS Tax Saver Fund - Direct Plan - Growth Option,Axis Mutual Fund,Open Ended Schemes,Equity Scheme - ELSS,13-12-2023,85.58120
120503,Axis ELSS Tax Saver Fund - Direct Plan - Growth Option,Axis Mutual Fund,Open Ended Schemes,Equity Scheme - ELSS,12-12-2023,85.75710
120503,Axis ELSS Tax Saver Fund - Direct Plan - Growth Option,Axis Mutual Fund,Open Ended Schemes,Equity Scheme - ELSS,11-12-2023,86.27580
120503,Axis ELSS Tax Saver Fund - Direct Plan - Growth Option,Axis Mutual Fund,Open Ended Schemes,Equity Scheme - ELSS,08-12-2023,85.96060
120503,Axis ELSS Tax Saver Fund - Direct Plan - Growth Option,Axis Mutual Fund,Open Ended Schemes,Equity Scheme - ELSS,07-12-2023,86.38850
120503,Axis ELSS Tax Saver Fund - Direct Plan - Growth Option,Axis Mutual Fund,Open Ended Schemes,Equity Scheme - ELSS,06-12-2023,86.04350
120503,Axis ELSS Tax Saver Fund - Direct Plan - Growth Option,Axis Mutual Fund,Open Ended Schemes,Equity Scheme - ELSS,05-12-2023,85.59100
120503,Axis ELSS Tax Saver Fund - Direct Plan - Growth Option,Axis Mutual Fund,Open Ended Schemes,Equity Scheme - ELSS,04-12-2023,85.37150
120503,Axis ELSS Tax Saver Fund - Direct Plan - Growth Option,Axis Mutual Fund,Open Ended Schemes,Equity Scheme - ELSS,01-12-2023,84.54960
120503,Axis ELSS Tax Saver Fund - Direct Plan - Growth Option,Axis Mutual Fund,Open Ended Schemes,Equity Scheme - ELSS,30-11-2023,84.26140
120503,Axis ELSS Tax Saver Fund - Direct Plan - Growth Option,Axis Mutual Fund,Open Ended Schemes,Equity Scheme - ELSS,29-11-2023,83.59210
120503,Axis ELSS Tax Saver Fund - Direct Plan - Growth Option,Axis Mutual Fund,Open Ended Schemes,Equity Scheme - ELSS,28-11-2023,82.59440
120503,Axis ELSS Tax Saver Fund - Direct Plan - Growth Option,Axis Mutual Fund,Open Ended Schemes,Equity Scheme - ELSS,24-11-2023,82.12890
120503,Axis ELSS Tax Saver Fund - Direct Plan - Growth Option,Axis Mutual Fund,Open Ended Schemes,Equity Scheme - ELSS,23-11-2023,82.32480
120503,Axis ELSS Tax Saver Fund - Direct Plan - Growth Option,Axis Mutual Fund,Open Ended Schemes,Equity Scheme - ELSS,22-11-2023,82.73540
120503,Axis ELSS Tax Saver Fund - Direct Plan - Growth Option,Axis Mutual Fund,Open Ended Schemes,Equity Scheme - ELSS,21-11-2023,82.35620
120503,Axis ELSS Tax Saver Fund - Direct Plan - Growth Option,Axis Mutual Fund,Open Ended Schemes,Equity Scheme - ELSS,20-11-2023,82.23740
120503,Axis ELSS Tax Saver Fund - Direct Plan - Growth Option,Axis Mutual Fund,Open Ended Schemes,Equity Scheme - ELSS,17-11-2023,82.65670
120503,Axis ELSS Tax Saver Fund - Direct Plan - Growth Option,Axis Mutual Fund,Open Ended Schemes,Equity Scheme - ELSS,16-11-2023,82.52660
120503,Axis ELSS Tax Saver Fund - Direct Plan - Growth Option,Axis Mutual Fund,Open Ended Schemes,Equity Scheme - ELSS,15-11-2023,81.90330
120503,Axis ELSS Tax Saver Fund - Direct Plan - Growth Option,Axis Mutual Fund,Open Ended Schemes,Equity Scheme - ELSS,13-11-2023,81.17120
120503,Axis ELSS Tax Saver Fund - Direct Plan - Growth Option,Axis Mutual Fund,Open Ended Schemes,Equity Scheme - ELSS,10-11-2023,81.09780
120503,Axis ELSS Tax Saver Fund - Direct Plan - Growth Option,Axis Mutual Fund,Open Ended Schemes,Equity Scheme - ELSS,09-11-2023,80.94220
120503,Axis ELSS Tax Saver Fund - Direct Plan - Growth Option,Axis Mutual Fund,Open Ended Schemes,Equity Scheme - ELSS,08-11-2023,80.83720
120503,Axis ELSS Tax Saver Fund - Direct Plan - Growth Option,Axis Mutual Fund,Open Ended Schemes,Equity Scheme - ELSS,07-11-2023,80.45160
120503,Axis ELSS Tax Saver Fund - Direct Plan - Growth Option,Axis Mutual Fund,Open Ended Schemes,Equity Scheme - ELSS,06-11-2023,80.25390
120503,Axis ELSS Tax Saver Fund - Direct Plan - Growth Option,Axis Mutual Fund,Open Ended Schemes,Equity Scheme - ELSS,03-11-2023,79.46760
120503,Axis ELSS Tax Saver Fund - Direct Plan - Growth Option,Axis Mutual Fund,Open Ended Schemes,Equity Scheme - ELSS,02-11-2023,79.08110
120503,Axis ELSS Tax Saver Fund - Direct Plan - Growth Option,Axis Mutual Fund,Open Ended Schemes,Equity Scheme - ELSS,01-11-2023,78.44380
120503,Axis ELSS Tax Saver Fund - Direct Plan - Growth Option,Axis Mutual Fund,Open Ended Schemes,Equity Scheme - ELSS,31-10-2023,78.78760
120503,Axis ELSS Tax Saver Fund - Direct Plan - Growth Option,Axis Mutual Fund,Open Ended Schemes,Equity Scheme - ELSS,30-10-2023,78.65480
120503,Axis ELSS Tax Saver Fund - Direct Plan - Growth Option,Axis Mutual Fund,Open Ended Schemes,Equity Scheme - ELSS,27-10-2023,78.56180
120503,Axis ELSS Tax Saver Fund - Direct Plan - Growth Option,Axis Mutual Fund,Open Ended Schemes,Equity Scheme - ELSS,26-10-2023,77.82860
120503,Axis ELSS Tax Saver Fund - Direct Plan - Growth Option,Axis Mutual Fund,Open Ended Schemes,Equity Scheme - ELSS,25-10-2023,78.97280
120503,Axis ELSS Tax Saver Fund - Direct Plan - Growth Option,Axis Mutual Fund,Open Ended Schemes,Equity Scheme - ELSS,23-10-2023,79.39140
120503,Axis ELSS Tax Saver Fund - Direct Plan - Growth Option,Axis Mutual Fund,Open Ended Schemes,Equity Scheme - ELSS,20-10-2023,80.66560
120503,Axis ELSS Tax Saver Fund - Direct Plan - Growth Option,Axis Mutual Fund,Open Ended Schemes,Equity Scheme - ELSS,19-10-2023,80.76160
120503,Axis ELSS Tax Saver Fund - Direct Plan - Growth Option,Axis Mutual Fund,Open Ended Schemes,Equity Scheme - ELSS,18-10-2023,81.08830
120503,Axis ELSS Tax Saver Fund - Direct Plan - Growth Option,Axis Mutual Fund,Open Ended Schemes,Equity Scheme - ELSS,17-10-2023,81.62170
120503,Axis ELSS Tax Saver Fund - Direct Plan - Growth Option,Axis Mutual Fund,Open Ended Schemes,Equity Scheme - ELSS,16-10-2023,81.42910
120503,Axis ELSS Tax Saver Fund - Direct Plan - Growth Option,Axis Mutual Fund,Open Ended Schemes,Equity Scheme - ELSS,13-10-2023,81.85710
120503,Axis ELSS Tax Saver Fund - Direct Plan - Growth Option,Axis Mutual Fund,Open Ended Schemes,Equity Scheme - ELSS,12-10-2023,81.55680
120503,Axis ELSS Tax Saver Fund - Direct Plan - Growth Option,Axis Mutual Fund,Open Ended Schemes,Equity Scheme - ELSS,11-10-2023,81.93370
120503,Axis ELSS Tax Saver Fund - Direct Plan - Growth Option,Axis Mutual Fund,Open Ended Schemes,Equity Scheme - ELSS,10-10-2023,81.33120
120503,Axis ELSS Tax Saver Fund - Direct Plan - Growth Option,Axis Mutual Fund,Open Ended Schemes,Equity Scheme - ELSS,09-10-2023,80.66720
120503,Axis ELSS Tax Saver Fund - Direct Plan - Growth Option,Axis Mutual Fund,Open Ended Schemes,Equity Scheme - ELSS,06-10-2023,81.28100
120503,Axis ELSS Tax Saver Fund - Direct Plan - Growth Option,Axis Mutual Fund,Open Ended Schemes,Equity Scheme - ELSS,05-10-2023,80.58850
120503,Axis ELSS Tax Saver Fund - Direct Plan - Growth Option,Axis Mutual Fund,Open Ended Schemes,Equity Scheme - ELSS,04-10-2023,80.18730
120503,Axis ELSS Tax Saver Fund - Direct Plan - Growth Option,Axis Mutual Fund,Open Ended Schemes,Equity Scheme - ELSS,03-10-2023,80.48980
120503,Axis ELSS Tax Saver Fund - Direct Plan - Growth Option,Axis Mutual Fund,Open Ended Schemes,Equity Scheme - ELSS,29-09-2023,80.26230
120503,Axis ELSS Tax Saver Fund - Direct Plan - Growth Option,Axis Mutual Fund,Open Ended Schemes,Equity Scheme - ELSS,27-09-2023,80.94070
120503,Axis ELSS Tax Saver Fund - Direct Plan - Growth Option,Axis Mutual Fund,Open Ended Schemes,Equity Scheme - ELSS,26-09-2023,80.81380
120503,Axis ELSS Tax Saver Fund - Direct Plan - Growth Option,Axis Mutual Fund,Open Ended Schemes,Equity Scheme - ELSS,25-09-2023,80.54120
120503,Axis ELSS Tax Saver Fund - Direct Plan - Growth Option,Axis Mutual Fund,Open Ended Schemes,Equity Scheme - ELSS,22-09-2023,80.13590
120503,Axis ELSS Tax Saver Fund - Direct Plan - Growth Option,Axis Mutual Fund,Open Ended Schemes,Equity Scheme - ELSS,21-09-2023,80.45780
120503,Axis ELSS Tax Saver Fund - Direct Plan - Growth Option,Axis Mutual Fund,Open Ended Schemes,Equity Scheme - ELSS,20-09-2023,81.09450
120503,Axis ELSS Tax Saver Fund - Direct Plan - Growth Option,Axis Mutual Fund,Open Ended Schemes,Equity Scheme - ELSS,18-09-2023,81.66820
120503,Axis ELSS Tax Saver Fund - Direct Plan - Growth Option,Axis Mutual Fund,Open Ended Schemes,Equity Scheme - ELSS,15-09-2023,81.69740
120503,Axis ELSS Tax Saver Fund - Direct Plan - Growth Option,Axis Mutual Fund,Open Ended Schemes,Equity Scheme - ELSS,14-09-2023,81.40940
120503,Axis ELSS Tax Saver Fund - Direct Plan - Growth Option,Axis Mutual Fund,Open Ended Schemes,Equity Scheme - ELSS,13-09-2023,80.88000
120503,Axis ELSS Tax Saver Fund - Direct Plan - Growth Option,Axis Mutual Fund,Open Ended Schemes,Equity Scheme - ELSS,12-09-2023,80.91150
120503,Axis ELSS Tax Saver Fund - Direct Plan - Growth Option,Axis Mutual Fund,Open Ended Schemes,Equity Scheme - ELSS,11-09-2023,81.25720
120503,Axis ELSS Tax Saver Fund - Direct Plan - Growth Option,Axis Mutual Fund,Open Ended Schemes,Equity Scheme - ELSS,08-09-2023,80.64060
120503,Axis ELSS Tax Saver Fund - Direct Plan - Growth Option,Axis Mutual Fund,Open Ended Schemes,Equity Scheme - ELSS,07-09-2023,80.24450
120503,Axis ELSS Tax Saver Fund - Direct Plan - Growth Option,Axis Mutual Fund,Open Ended Schemes,Equity Scheme - ELSS,06-09-2023,79.90960
120503,Axis ELSS Tax Saver Fund - Direct Plan - Growth Option,Axis Mutual Fund,Open Ended Schemes,Equity Scheme - ELSS,05-09-2023,79.63220
120503,Axis ELSS Tax Saver Fund - Direct Plan - Growth Option,Axis Mutual Fund,Open Ended Schemes,Equity Scheme - ELSS,04-09-2023,79.21030
120503,Axis ELSS Tax Saver Fund - Direct Plan - Growth Option,Axis Mutual Fund,Open Ended Schemes,Equity Scheme - ELSS,01-09-2023,78.79310
120503,Axis ELSS Tax Saver Fund - Direct Plan - Growth Option,Axis Mutual Fund,Open Ended Schemes,Equity Scheme - ELSS,31-08-2023,78.33000
120503,Axis ELSS Tax Saver Fund - Direct Plan - Growth Option,Axis Mutual Fund,Open Ended Schemes,Equity Scheme - ELSS,30-08-2023,78.81460
120503,Axis ELSS Tax Saver Fund - Direct Plan - Growth Option,Axis Mutual Fund,Open Ended Schemes,Equity Scheme - ELSS,29-08-2023,78.45790
120503,Axis ELSS Tax Saver Fund - Direct Plan - Growth Option,Axis Mutual Fund,Open Ended Schemes,Equity Scheme - ELSS,28-08-2023,77.93430
120503,Axis ELSS Tax Saver Fund - Direct Plan - Growth Option,Axis Mutual Fund,Open Ended Schemes,Equity Scheme - ELSS,25-08-2023,77.79060
120503,Axis ELSS Tax Saver Fund - Direct Plan - Growth Option,Axis Mutual Fund,Open Ended Schemes,Equity Scheme - ELSS,24-08-2023,77.96470
120503,Axis ELSS Tax Saver Fund - Direct Plan - Growth Option,Axis Mutual Fund,Open Ended Schemes,Equity Scheme - ELSS,23-08-2023,77.76810
120503,Axis ELSS Tax Saver Fund - Direct Plan - Growth Option,Axis Mutual Fund,Open Ended Schemes,Equity Scheme - ELSS,22-08-2023,77.61520
120503,Axis ELSS Tax Saver Fund - Direct Plan - Growth Option,Axis Mutual Fund,Open Ended Schemes,Equity Scheme - ELSS,21-08-2023,77.30890
120503,Axis ELSS Tax Saver Fund - Direct Plan - Growth Option,Axis Mutual Fund,Open Ended Schemes,Equity Scheme - ELSS,18-08-2023,76.68330
120503,Axis ELSS Tax Saver Fund - Direct Plan - Growth Option,Axis Mutual Fund,Open Ended Schemes,Equity Scheme - ELSS,17-08-2023,77.14350
120503,Axis ELSS Tax Saver Fund - Direct Plan - Growth Option,Axis Mutual Fund,Open Ended Schemes,Equity Scheme - ELSS,16-08-2023,77.54650
120503,Axis ELSS Tax Saver Fund - Direct Plan - Growth Option,Axis Mutual Fund,Open Ended Schemes,Equity Scheme - ELSS,14-08-2023,77.62840
120503,Axis ELSS Tax Saver Fund - Direct Plan - Growth Option,Axis Mutual Fund,Open Ended Schemes,Equity Scheme - ELSS,11-08-2023,78.08660
120503,Axis ELSS Tax Saver Fund - Direct Plan - Growth Option,Axis Mutual Fund,Open Ended Schemes,Equity Scheme - ELSS,10-08-2023,78.84570
120503,Axis ELSS Tax Saver Fund - Direct Plan - Growth Option,Axis Mutual Fund,Open Ended Schemes,Equity Scheme - ELSS,09-08-2023,79.17150
120503,Axis ELSS Tax Saver Fund - Direct Plan - Growth Option,Axis Mutual Fund,Open Ended Schemes,Equity Scheme - ELSS,08-08-2023,79.33590
120503,Axis ELSS Tax Saver Fund - Direct Plan - Growth Option,Axis Mutual Fund,Open Ended Schemes,Equity Scheme - ELSS,07-08-2023,79.60010
120503,Axis ELSS Tax Saver Fund - Direct Plan - Growth Option,Axis Mutual Fund,Open Ended Schemes,Equity Scheme - ELSS,04-08-2023,79.40550
120503,Axis ELSS Tax Saver Fund - Direct Plan - Growth Option,Axis Mutual Fund,Open Ended Schemes,Equity Scheme - ELSS,03-08-2023,78.64860
120503,Axis ELSS Tax Saver Fund - Direct Plan - Growth Option,Axis Mutual Fund,Open Ended Schemes,Equity Scheme - ELSS,02-08-2023,79.16480
120503,Axis ELSS Tax Saver Fund - Direct Plan - Growth Option,Axis Mutual Fund,Open Ended Schemes,Equity Scheme - ELSS,01-08-2023,79.80180
120503,Axis ELSS Tax Saver Fund - Direct Plan - Growth Option,Axis Mutual Fund,Open Ended Schemes,Equity Scheme - ELSS,31-07-2023,79.69690
120503,Axis ELSS Tax Saver Fund - Direct Plan - Growth Option,Axis Mutual Fund,Open Ended Schemes,Equity Scheme - ELSS,28-07-2023,79.58130
120503,Axis ELSS Tax Saver Fund - Direct Plan - Growth Option,Axis Mutual Fund,Open Ended Schemes,Equity Scheme - ELSS,27-07-2023,79.22790
120503,Axis ELSS Tax Saver Fund - Direct Plan - Growth Option,Axis Mutual Fund,Open Ended Schemes,Equity Scheme - ELSS,26-07-2023,79.74240
120503,Axis ELSS Tax Saver Fund - Direct Plan - Growth Option,Axis Mutual Fund,Open Ended Schemes,Equity Scheme - ELSS,25-07-2023,79.73520
120503,Axis ELSS Tax Saver Fund - Direct Plan - Growth Option,Axis Mutual Fund,Open Ended Schemes,Equity Scheme - ELSS,24-07-2023,79.67200
120503,Axis ELSS Tax Saver Fund - Direct Plan - Growth Option,Axis Mutual Fund,Open Ended Schemes,Equity Scheme - ELSS,21-07-2023,79.91040
120503,Axis ELSS Tax Saver Fund - Direct Plan - Growth Option,Axis Mutual Fund,Open Ended Schemes,Equity Scheme - ELSS,20-07-2023,80.24200
120503,Axis ELSS Tax Saver Fund - Direct Plan - Growth Option,Axis Mutual Fund,Open Ended Schemes,Equity Scheme - ELSS,19-07-2023,80.41380
120503,Axis ELSS Tax Saver Fund - Direct Plan - Growth Option,Axis Mutual Fund,Open Ended Schemes,Equity Scheme - ELSS,18-07-2023,79.83050
120503,Axis ELSS Tax Saver Fund - Direct Plan - Growth Option,Axis Mutual Fund,Open Ended Schemes,Equity Scheme - ELSS,17-07-2023,80.18990
120503,Axis ELSS Tax Saver Fund - Direct Plan - Growth Option,Axis Mutual Fund,Open Ended Schemes,Equity Scheme - ELSS,14-07-2023,80.29970
120503,Axis ELSS Tax Saver Fund - Direct Plan - Growth Option,Axis Mutual Fund,Open Ended Schemes,Equity Scheme - ELSS,13-07-2023,79.50800
120503,Axis ELSS Tax Saver Fund - Direct Plan - Growth Option,Axis Mutual Fund,Open Ended Schemes,Equity Scheme - ELSS,12-07-2023,79.32020
120503,Axis ELSS Tax Saver Fund - Direct Plan - Growth Option,Axis Mutual Fund,Open Ended Schemes,Equity Scheme - ELSS,11-07-2023,79.14980
120503,Axis ELSS Tax Saver Fund - Direct Plan - Growth Option,Axis Mutual Fund,Open Ended Schemes,Equity Scheme - ELSS,10-07-2023,78.88910
120503,Axis ELSS Tax Saver Fund - Direct Plan - Growth Option,Axis Mutual Fund,Open Ended Schemes,Equity Scheme - ELSS,07-07-2023,79.68890
120503,Axis ELSS Tax Saver Fund - Direct Plan - Growth Option,Axis Mutual Fund,Open Ended Schemes,Equity Scheme - ELSS,06-07-2023,80.37880
120503,Axis ELSS Tax Saver Fund - Direct Plan - Growth Option,Axis Mutual Fund,Open Ended Schemes,Equity Scheme - ELSS,05-07-2023,79.99620
120503,Axis ELSS Tax Saver Fund - Direct Plan - Growth Option,Axis Mutual Fund,Open Ended Schemes,Equity Scheme - ELSS,04-07-2023,79.78790
120503,Axis ELSS Tax Saver Fund - Direct Plan - Growth Option,Axis Mutual Fund,Open Ended Schemes,Equity Scheme - ELSS,03-07-2023,79.14170
120503,Axis ELSS Tax Saver Fund - Direct Plan - Growth Option,Axis Mutual Fund,Open Ended Schemes,Equity Scheme - ELSS,30-06-2023,79.08150
120503,Axis ELSS Tax Saver Fund - Direct Plan - Growth Option,Axis Mutual Fund,Open Ended Schemes,Equity Scheme - ELSS,28-06-2023,78.64240
120503,Axis ELSS Tax Saver Fund - Direct Plan - Growth Option,Axis Mutual Fund,Open Ended Schemes,Equity Scheme - ELSS,27-06-2023,78.15010
120503,Axis ELSS Tax Saver Fund - Direct Plan - Growth Option,Axis Mutual Fund,Open Ended Schemes,Equity Scheme - ELSS,26-06-2023,77.80000
120503,Axis ELSS Tax Saver Fund - Direct Plan - Growth Option,Axis Mutual Fund,Open Ended Schemes,Equity Scheme - ELSS,23-06-2023,77.64830
120503,Axis ELSS Tax Saver Fund - Direct Plan - Growth Option,Axis Mutual Fund,Open Ended Schemes,Equity Scheme - ELSS,22-06-2023,78.33750
120503,Axis ELSS Tax Saver Fund - Direct Plan - Growth Option,Axis Mutual Fund,Open Ended Schemes,Equity Scheme - ELSS,21-06-2023,79.29990
120503,Axis ELSS Tax Saver Fund - Direct Plan - Growth Option,Axis Mutual Fund,Open Ended Schemes,Equity Scheme - ELSS,20-06-2023,79.25900
120503,Axis ELSS Tax Saver Fund - Direct Plan - Growth Option,Axis Mutual Fund,Open Ended Schemes,Equity Scheme - ELSS,19-06-2023,79.33490
120503,Axis ELSS Tax Saver Fund - Direct Plan - Growth Option,Axis Mutual Fund,Open Ended Schemes,Equity Scheme - ELSS,16-06-2023,79.38260
120503,Axis ELSS Tax Saver Fund - Direct Plan - Growth Option,Axis Mutual Fund,Open Ended Schemes,Equity Scheme - ELSS,15-06-2023,78.52730
120503,Axis ELSS Tax Saver Fund - Direct Plan - Growth Option,Axis Mutual Fund,Open Ended Schemes,Equity Scheme - ELSS,14-06-2023,77.96510
120503,Axis ELSS Tax Saver Fund - Direct Plan - Growth Option,Axis Mutual Fund,Open Ended Schemes,Equity Scheme - ELSS,13-06-2023,77.95650
120503,Axis ELSS Tax Saver Fund - Direct Plan - Growth Option,Axis Mutual Fund,Open Ended Schemes,Equity Scheme - ELSS,12-06-2023,77.42860
120503,Axis ELSS Tax Saver Fund - Direct Plan - Growth Option,Axis Mutual Fund,Open Ended Schemes,Equity Scheme - ELSS,09-06-2023,76.92040
120503,Axis ELSS Tax Saver Fund - Direct Plan - Growth Option,Axis Mutual Fund,Open Ended Schemes,Equity Scheme - ELSS,08-06-2023,76.83570
120503,Axis ELSS Tax Saver Fund - Direct Plan - Growth Option,Axis Mutual Fund,Open Ended Schemes,Equity Scheme - ELSS,07-06-2023,77.60090
120503,Axis ELSS Tax Saver Fund - Direct Plan - Growth Option,Axis Mutual Fund,Open Ended Schemes,Equity Scheme - ELSS,06-06-2023,76.56040
120503,Axis ELSS Tax Saver Fund - Direct Plan - Growth Option,Axis Mutual Fund,Open Ended Schemes,Equity Scheme - ELSS,05-06-2023,76.14440
120503,Axis ELSS Tax Saver Fund - Direct Plan - Growth Option,Axis Mutual Fund,Open Ended Schemes,Equity Scheme - ELSS,02-06-2023,76.11860
120503,Axis ELSS Tax Saver Fund - Direct Plan - Growth Option,Axis Mutual Fund,Open Ended Schemes,Equity Scheme - ELSS,01-06-2023,75.94640
120503,Axis ELSS Tax Saver Fund - Direct Plan - Growth Option,Axis Mutual Fund,Open Ended Schemes,Equity Scheme - ELSS,31-05-2023,75.57680
120503,Axis ELSS Tax Saver Fund - Direct Plan - Growth Option,Axis Mutual Fund,Open Ended Schemes,Equity Scheme - ELSS,30-05-2023,75.62530
120503,Axis ELSS Tax Saver Fund - Direct Plan - Growth Option,Axis Mutual Fund,Open Ended Schemes,Equity Scheme - ELSS,29-05-2023,75.57850
120503,Axis ELSS Tax Saver Fund - Direct Plan - Growth Option,Axis Mutual Fund,Open Ended Schemes,Equity Scheme - ELSS,26-05-2023,75.25490
120503,Axis ELSS Tax Saver Fund - Direct Plan - Growth Option,Axis Mutual Fund,Open Ended Schemes,Equity Scheme - ELSS,25-05-2023,74.21470
120503,Axis ELSS Tax Saver Fund - Direct Plan - Growth Option,Axis Mutual Fund,Open Ended Schemes,Equity Scheme - ELSS,24-05-2023,73.90940
120503,Axis ELSS Tax Saver Fund - Direct Plan - Growth Option,Axis Mutual Fund,Open Ended Schemes,Equity Scheme - ELSS,23-05-2023,74.11110
120503,Axis ELSS Tax Saver Fund - Direct Plan - Growth Option,Axis Mutual Fund,Open Ended Schemes,Equity Scheme - ELSS,22-05-2023,73.76220
120503,Axis ELSS Tax Saver Fund - Direct Plan - Growth Option,Axis Mutual Fund,Open Ended Schemes,Equity Scheme - ELSS,19-05-2023,73.29150
120503,Axis ELSS Tax Saver Fund - Direct Plan - Growth Option,Axis Mutual Fund,Open Ended Schemes,Equity Scheme - ELSS,18-05-2023,73.05670
120503,Axis ELSS Tax Saver Fund - Direct Plan - Growth Option,Axis Mutual Fund,Open Ended Schemes,Equity Scheme - ELSS,17-05-2023,73.25580
120503,Axis ELSS Tax Saver Fund - Direct Plan - Growth Option,Axis Mutual Fund,Open Ended Schemes,Equity Scheme - ELSS,16-05-2023,73.87300
120503,Axis ELSS Tax Saver Fund - Direct Plan - Growth Option,Axis Mutual Fund,Open Ended Schemes,Equity Scheme - ELSS,15-05-2023,73.92060
120503,Axis ELSS Tax Saver Fund - Direct Plan - Growth Option,Axis Mutual Fund,Open Ended Schemes,Equity Scheme - ELSS,12-05-2023,74.20780
120503,Axis ELSS Tax Saver Fund - Direct Plan - Growth Option,Axis Mutual Fund,Open Ended Schemes,Equity Scheme - ELSS,11-05-2023,74.26380
120503,Axis ELSS Tax Saver Fund - Direct Plan - Growth Option,Axis Mutual Fund,Open Ended Schemes,Equity Scheme - ELSS,10-05-2023,74.11240
120503,Axis ELSS Tax Saver Fund - Direct Plan - Growth Option,Axis Mutual Fund,Open Ended Schemes,Equity Scheme - ELSS,09-05-2023,73.70850
120503,Axis ELSS Tax Saver Fund - Direct Plan - Growth Option,Axis Mutual Fund,Open Ended Schemes,Equity Scheme - ELSS,08-05-2023,73.70650
120503,Axis ELSS Tax Saver Fund - Direct Plan - Growth Option,Axis Mutual Fund,Open Ended Schemes,Equity Scheme - ELSS,05-05-2023,72.79810
120503,Axis ELSS Tax Saver Fund - Direct Plan - Growth Option,Axis Mutual Fund,Open Ended Schemes,Equity Scheme - ELSS,04-05-2023,72.91850
120503,Axis ELSS Tax Saver Fund - Direct Plan - Growth Option,Axis Mutual Fund,Open Ended Schemes,Equity Scheme - ELSS,03-05-2023,72.01980
120503,Axis ELSS Tax Saver Fund - Direct Plan - Growth Option,Axis Mutual Fund,Open Ended Schemes,Equity Scheme - ELSS,02-05-2023,71.94510
120503,Axis ELSS Tax Saver Fund - Direct Plan - Growth Option,Axis Mutual Fund,Open Ended Schemes,Equity Scheme - ELSS,28-04-2023,71.97980
120503,Axis ELSS Tax Saver Fund - Direct Plan - Growth Option,Axis Mutual Fund,Open Ended Schemes,Equity Scheme - ELSS,27-04-2023,70.83280
120503,Axis ELSS Tax Saver Fund - Direct Plan - Growth Option,Axis Mutual Fund,Open Ended Schemes,Equity Scheme - ELSS,26-04-2023,70.26510
120503,Axis ELSS Tax Saver Fund - Direct Plan - Growth Option,Axis Mutual Fund,Open Ended Schemes,Equity Scheme - ELSS,25-04-2023,70.26220
120503,Axis ELSS Tax Saver Fund - Direct Plan - Growth Option,Axis Mutual Fund,Open Ended Schemes,Equity Scheme - ELSS,24-04-2023,70.13510
120503,Axis ELSS Tax Saver Fund - Direct Plan - Growth Option,Axis Mutual Fund,Open Ended Schemes,Equity Scheme - ELSS,21-04-2023,70.04720
120503,Axis ELSS Tax Saver Fund - Direct Plan - Growth Option,Axis Mutual Fund,Open Ended Schemes,Equity Scheme - ELSS,20-04-2023,69.88400
120503,Axis ELSS Tax Saver Fund - Direct Plan - Growth Option,Axis Mutual Fund,Open Ended Schemes,Equity Scheme - ELSS,19-04-2023,70.09910
120503,Axis ELSS Tax Saver Fund - Direct Plan - Growth Option,Axis Mutual Fund,Open Ended Schemes,Equity Scheme - ELSS,18-04-2023,70.28520
120503,Axis ELSS Tax Saver Fund - Direct Plan - Growth Option,Axis Mutual Fund,Open Ended Schemes,Equity Scheme - ELSS,17-04-2023,69.92520
120503,Axis ELSS Tax Saver Fund - Direct Plan - Growth Option,Axis Mutual Fund,Open Ended Schemes,Equity Scheme - ELSS,13-04-2023,70.00080
120503,Axis ELSS Tax Saver Fund - Direct Plan - Growth Option,Axis Mutual Fund,Open Ended Schemes,Equity Scheme - ELSS,12-04-2023,69.88810
120503,Axis ELSS Tax Saver Fund - Direct Plan - Growth Option,Axis Mutual Fund,Open Ended Schemes,Equity Scheme - ELSS,11-04-2023,69.47780
120503,Axis ELSS Tax Saver Fund - Direct Plan - Growth Option,Axis Mutual Fund,Open Ended Schemes,Equity Scheme - ELSS,10-04-2023,68.87530
120503,Axis ELSS Tax Saver Fund - Direct Plan - Growth Option,Axis Mutual Fund,Open Ended Schemes,Equity Scheme - ELSS,06-04-2023,69.07300
120503,Axis ELSS Tax Saver Fund - Direct Plan - Growth Option,Axis Mutual Fund,Open Ended Schemes,Equity Scheme - ELSS,05-04-2023,68.80800
120503,Axis ELSS Tax Saver Fund - Direct Plan - Growth Option,Axis Mutual Fund,Open Ended Schemes,Equity Scheme - ELSS,03-04-2023,68.13510
120503,Axis ELSS Tax Saver Fund - Direct Plan - Growth Option,Axis Mutual Fund,Open Ended Schemes,Equity Scheme - ELSS,31-03-2023,67.54880
120503,Axis ELSS Tax Saver Fund - Direct Plan - Growth Option,Axis Mutual Fund,Open Ended Schemes,Equity Scheme - ELSS,29-03-2023,66.72650
120503,Axis ELSS Tax Saver Fund - Direct Plan - Growth Option,Axis Mutual Fund,Open Ended Schemes,Equity Scheme - ELSS,28-03-2023,65.99990
120503,Axis ELSS Tax Saver Fund - Direct Plan - Growth Option,Axis Mutual Fund,Open Ended Schemes,Equity Scheme - ELSS,27-03-2023,66.02370
120503,Axis ELSS Tax Saver Fund - Direct Plan - Growth Option,Axis Mutual Fund,Open Ended Schemes,Equity Scheme - ELSS,24-03-2023,66.23640
120503,Axis ELSS Tax Saver Fund - Direct Plan - Growth Option,Axis Mutual Fund,Open Ended Schemes,Equity Scheme - ELSS,23-03-2023,66.78880
120503,Axis ELSS Tax Saver Fund - Direct Plan - Growth Option,Axis Mutual Fund,Open Ended Schemes,Equity Scheme - ELSS,22-03-2023,66.89340
120503,Axis ELSS Tax Saver Fund - Direct Plan - Growth Option,Axis Mutual Fund,Open Ended Schemes,Equity Scheme - ELSS,21-03-2023,66.50760
120503,Axis ELSS Tax Saver Fund - Direct Plan - Growth Option,Axis Mutual Fund,Open Ended Schemes,Equity Scheme - ELSS,20-03-2023,66.32910
120503,Axis ELSS Tax Saver Fund - Direct Plan - Growth Option,Axis Mutual Fund,Open Ended Schemes,Equity Scheme - ELSS,17-03-2023,66.87840
120503,Axis ELSS Tax Saver Fund - Direct Plan - Growth Option,Axis Mutual Fund,Open Ended Schemes,Equity Scheme - ELSS,16-03-2023,66.68610
120503,Axis ELSS Tax Saver Fund - Direct Plan - Growth Option,Axis Mutual Fund,Open Ended Schemes,Equity Scheme - ELSS,15-03-2023,66.40410
120503,Axis ELSS Tax Saver Fund - Direct Plan - Growth Option,Axis Mutual Fund,Open Ended Schemes,Equity Scheme - ELSS,14-03-2023,66.48650
120503,Axis ELSS Tax Saver Fund - Direct Plan - Growth Option,Axis Mutual Fund,Open Ended Schemes,Equity Scheme - ELSS,13-03-2023,67.03930
120503,Axis ELSS Tax Saver Fund - Direct Plan - Growth Option,Axis Mutual Fund,Open Ended Schemes,Equity Scheme - ELSS,10-03-2023,67.96650
120503,Axis ELSS Tax Saver Fund - Direct Plan - Growth Option,Axis Mutual Fund,Open Ended Schemes,Equity Scheme - ELSS,09-03-2023,68.44960
120503,Axis ELSS Tax Saver Fund - Direct Plan - Growth Option,Axis Mutual Fund,Open Ended Schemes,Equity Scheme - ELSS,08-03-2023,69.03080
120503,Axis ELSS Tax Saver Fund - Direct Plan - Growth Option,Axis Mutual Fund,Open Ended Schemes,Equity Scheme - ELSS,06-03-2023,69.15850
120503,Axis ELSS Tax Saver Fund - Direct Plan - Growth Option,Axis Mutual Fund,Open Ended Schemes,Equity Scheme - ELSS,03-03-2023,68.72090
120503,Axis ELSS Tax Saver Fund - Direct Plan - Growth Option,Axis Mutual Fund,Open Ended Schemes,Equity Scheme - ELSS,02-03-2023,68.54250
120503,Axis ELSS Tax Saver Fund - Direct Plan - Growth Option,Axis Mutual Fund,Open Ended Schemes,Equity Scheme - ELSS,01-03-2023,68.92110
120503,Axis ELSS Tax Saver Fund - Direct Plan - Growth Option,Axis Mutual Fund,Open Ended Schemes,Equity Scheme - ELSS,28-02-2023,68.38050
120503,Axis ELSS Tax Saver Fund - Direct Plan - Growth Option,Axis Mutual Fund,Open Ended Schemes,Equity Scheme - ELSS,27-02-2023,68.48240
120503,Axis ELSS Tax Saver Fund - Direct Plan - Growth Option,Axis Mutual Fund,Open Ended Schemes,Equity Scheme - ELSS,24-02-2023,68.71260
120503,Axis ELSS Tax Saver Fund - Direct Plan - Growth Option,Axis Mutual Fund,Open Ended Schemes,Equity Scheme - ELSS,23-02-2023,68.70630
120503,Axis ELSS Tax Saver Fund - Direct Plan - Growth Option,Axis Mutual Fund,Open Ended Schemes,Equity Scheme - ELSS,22-02-2023,68.92480
120503,Axis ELSS Tax Saver Fund - Direct Plan - Growth Option,Axis Mutual Fund,Open Ended Schemes,Equity Scheme - ELSS,21-02-2023,69.94270
120503,Axis ELSS Tax Saver Fund - Direct Plan - Growth Option,Axis Mutual Fund,Open Ended Schemes,Equity Scheme - ELSS,20-02-2023,69.94590
120503,Axis ELSS Tax Saver Fund - Direct Plan - Growth Option,Axis Mutual Fund,Open Ended Schemes,Equity Scheme - ELSS,17-02-2023,70.00190
120503,Axis ELSS Tax Saver Fund - Direct Plan - Growth Option,Axis Mutual Fund,Open Ended Schemes,Equity Scheme - ELSS,16-02-2023,70.58160
120503,Axis ELSS Tax Saver Fund - Direct Plan - Growth Option,Axis Mutual Fund,Open Ended Schemes,Equity Scheme - ELSS,15-02-2023,70.06320
120503,Axis ELSS Tax Saver Fund - Direct Plan - Growth Option,Axis Mutual Fund,Open Ended Schemes,Equity Scheme - ELSS,14-02-2023,69.18660
120503,Axis ELSS Tax Saver Fund - Direct Plan - Growth Option,Axis Mutual Fund,Open Ended Schemes,Equity Scheme - ELSS,13-02-2023,68.96610
120503,Axis ELSS Tax Saver Fund - Direct Plan - Growth Option,Axis Mutual Fund,Open Ended Schemes,Equity Scheme - ELSS,10-02-2023,69.81540
120503,Axis ELSS Tax Saver Fund - Direct Plan - Growth Option,Axis Mutual Fund,Open Ended Schemes,Equity Scheme - ELSS,09-02-2023,69.81430
120503,Axis ELSS Tax Saver Fund - Direct Plan - Growth Option,Axis Mutual Fund,Open Ended Schemes,Equity Scheme - ELSS,08-02-2023,69.66560
120503,Axis ELSS Tax Saver Fund - Direct Plan - Growth Option,Axis Mutual Fund,Open Ended Schemes,Equity Scheme - ELSS,07-02-2023,68.88480
120503,Axis ELSS Tax Saver Fund - Direct Plan - Growth Option,Axis Mutual Fund,Open Ended Schemes,Equity Scheme - ELSS,06-02-2023,68.79950
120503,Axis ELSS Tax Saver Fund - Direct Plan - Growth Option,Axis Mutual Fund,Open Ended Schemes,Equity Scheme - ELSS,03-02-2023,68.93600
120503,Axis ELSS Tax Saver Fund - Direct Plan - Growth Option,Axis Mutual Fund,Open Ended Schemes,Equity Scheme - ELSS,02-02-2023,68.52720
120503,Axis ELSS Tax Saver Fund - Direct Plan - Growth Option,Axis Mutual Fund,Open Ended Schemes,Equity Scheme - ELSS,01-02-2023,68.57510
120503,Axis ELSS Tax Saver Fund - Direct Plan - Growth Option,Axis Mutual Fund,Open Ended Schemes,Equity Scheme - ELSS,31-01-2023,68.34420
120503,Axis ELSS Tax Saver Fund - Direct Plan - Growth Option,Axis Mutual Fund,Open Ended Schemes,Equity Scheme - ELSS,30-01-2023,68.48190
120503,Axis ELSS Tax Saver Fund - Direct Plan - Growth Option,Axis Mutual Fund,Open Ended Schemes,Equity Scheme - ELSS,27-01-2023,68.05930
120503,Axis ELSS Tax Saver Fund - Direct Plan - Growth Option,Axis Mutual Fund,Open Ended Schemes,Equity Scheme - ELSS,25-01-2023,68.44870
120503,Axis ELSS Tax Saver Fund - Direct Plan - Growth Option,Axis Mutual Fund,Open Ended Schemes,Equity Scheme - ELSS,24-01-2023,69.23820
120503,Axis ELSS Tax Saver Fund - Direct Plan - Growth Option,Axis Mutual Fund,Open Ended Schemes,Equity Scheme - ELSS,23-01-2023,69.36240
120503,Axis ELSS Tax Saver Fund - Direct Plan - Growth Option,Axis Mutual Fund,Open Ended Schemes,Equity Scheme - ELSS,20-01-2023,69.02390
120503,Axis ELSS Tax Saver Fund - Direct Plan - Growth Option,Axis Mutual Fund,Open Ended Schemes,Equity Scheme - ELSS,19-01-2023,69.49720
120503,Axis ELSS Tax Saver Fund - Direct Plan - Growth Option,Axis Mutual Fund,Open Ended Schemes,Equity Scheme - ELSS,18-01-2023,70.04820
120503,Axis ELSS Tax Saver Fund - Direct Plan - Growth Option,Axis Mutual Fund,Open Ended Schemes,Equity Scheme - ELSS,17-01-2023,69.86920
120503,Axis ELSS Tax Saver Fund - Direct Plan - Growth Option,Axis Mutual Fund,Open Ended Schemes,Equity Scheme - ELSS,16-01-2023,69.65900
120503,Axis ELSS Tax Saver Fund - Direct Plan - Growth Option,Axis Mutual Fund,Open Ended Schemes,Equity Scheme - ELSS,13-01-2023,70.26300
120503,Axis ELSS Tax Saver Fund - Direct Plan - Growth Option,Axis Mutual Fund,Open Ended Schemes,Equity Scheme - ELSS,12-01-2023,70.10170
120503,Axis ELSS Tax Saver Fund - Direct Plan - Growth Option,Axis Mutual Fund,Open Ended Schemes,Equity Scheme - ELSS,11-01-2023,70.03020
120503,Axis ELSS Tax Saver Fund - Direct Plan - Growth Option,Axis Mutual Fund,Open Ended Schemes,Equity Scheme - ELSS,10-01-2023,70.32950
120503,Axis ELSS Tax Saver Fund - Direct Plan - Growth Option,Axis Mutual Fund,Open Ended Schemes,Equity Scheme - ELSS,09-01-2023,70.68000
120503,Axis ELSS Tax Saver Fund - Direct Plan - Growth Option,Axis Mutual Fund,Open Ended Schemes,Equity Scheme - ELSS,06-01-2023,70.00520
120503,Axis ELSS Tax Saver Fund - Direct Plan - Growth Option,Axis Mutual Fund,Open Ended Schemes,Equity Scheme - ELSS,05-01-2023,70.78170
120503,Axis ELSS Tax Saver Fund - Direct Plan - Growth Option,Axis Mutual Fund,Open Ended Schemes,Equity Scheme - ELSS,04-01-2023,71.62330
120503,Axis ELSS Tax Saver Fund - Direct Plan - Growth Option,Axis Mutual Fund,Open Ended Schemes,Equity Scheme - ELSS,03-01-2023,72.43880
120503,Axis ELSS Tax Saver Fund - Direct Plan - Growth Option,Axis Mutual Fund,Open Ended Schemes,Equity Scheme - ELSS,02-01-2023,72.14870
120503,Axis ELSS Tax Saver Fund - Direct Plan - Growth Option,Axis Mutual Fund,Open Ended Schemes,Equity Scheme - ELSS,30-12-2022,72.11330
120503,Axis ELSS Tax Saver Fund - Direct Plan - Growth Option,Axis Mutual Fund,Open Ended Schemes,Equity Scheme - ELSS,29-12-2022,72.32600
120503,Axis ELSS Tax Saver Fund - Direct Plan - Growth Option,Axis Mutual Fund,Open Ended Schemes,Equity Scheme - ELSS,28-12-2022,72.23900
120503,Axis ELSS Tax Saver Fund - Direct Plan - Growth Option,Axis Mutual Fund,Open Ended Schemes,Equity Scheme - ELSS,27-12-2022,72.26960
120503,Axis ELSS Tax Saver Fund - Direct Plan - Growth Option,Axis Mutual Fund,Open Ended Schemes,Equity Scheme - ELSS,26-12-2022,71.80640
120503,Axis ELSS Tax Saver Fund - Direct Plan - Growth Option,Axis Mutual Fund,Open Ended Schemes,Equity Scheme - ELSS,23-12-2022,70.96870
120503,Axis ELSS Tax Saver Fund - Direct Plan - Growth Option,Axis Mutual Fund,Open Ended Schemes,Equity Scheme - ELSS,22-12-2022,72.42650
120503,Axis ELSS Tax Saver Fund - Direct Plan - Growth Option,Axis Mutual Fund,Open Ended Schemes,Equity Scheme - ELSS,21-12-2022,72.99390
120503,Axis ELSS Tax Saver Fund - Direct Plan - Growth Option,Axis Mutual Fund,Open Ended Schemes,Equity Scheme - ELSS,20-12-2022,73.60850
120503,Axis ELSS Tax Saver Fund - Direct Plan - Growth Option,Axis Mutual Fund,Open Ended Schemes,Equity Scheme - ELSS,19-12-2022,73.75650
120503,Axis ELSS Tax Saver Fund - Direct Plan - Growth Option,Axis Mutual Fund,Open Ended Schemes,Equity Scheme - ELSS,16-12-2022,73.05350
120503,Axis ELSS Tax Saver Fund - Direct Plan - Growth Option,Axis Mutual Fund,Open Ended Schemes,Equity Scheme - ELSS,15-12-2022,74.00030
120503,Axis ELSS Tax Saver Fund - Direct Plan - Growth Option,Axis Mutual Fund,Open Ended Schemes,Equity Scheme - ELSS,14-12-2022,74.79810
120503,Axis ELSS Tax Saver Fund - Direct Plan - Growth Option,Axis Mutual Fund,Open Ended Schemes,Equity Scheme - ELSS,13-12-2022,74.29430
120503,Axis ELSS Tax Saver Fund - Direct Plan - Growth Option,Axis Mutual Fund,Open Ended Schemes,Equity Scheme - ELSS,12-12-2022,73.81440
120503,Axis ELSS Tax Saver Fund - Direct Plan - Growth Option,Axis Mutual Fund,Open Ended Schemes,Equity Scheme - ELSS,09-12-2022,73.72580
120503,Axis ELSS Tax Saver Fund - Direct Plan - Growth Option,Axis Mutual Fund,Open Ended Schemes,Equity Scheme - ELSS,08-12-2022,74.08090
120503,Axis ELSS Tax Saver Fund - Direct Plan - Growth Option,Axis Mutual Fund,Open Ended Schemes,Equity Scheme - ELSS,07-12-2022,74.20840
120503,Axis ELSS Tax Saver Fund - Direct Plan - Growth Option,Axis Mutual Fund,Open Ended Schemes,Equity Scheme - ELSS,06-12-2022,74.57490
120503,Axis ELSS Tax Saver Fund - Direct Plan - Growth Option,Axis Mutual Fund,Open Ended Schemes,Equity Scheme - ELSS,05-12-2022,74.58970
120503,Axis ELSS Tax Saver Fund - Direct Plan - Growth Option,Axis Mutual Fund,Open Ended Schemes,Equity Scheme - ELSS,02-12-2022,74.55480
120503,Axis ELSS Tax Saver Fund - Direct Plan - Growth Option,Axis Mutual Fund,Open Ended Schemes,Equity Scheme - ELSS,01-12-2022,74.71240
120503,Axis ELSS Tax Saver Fund - Direct Plan - Growth Option,Axis Mutual Fund,Open Ended Schemes,Equity Scheme - ELSS,30-11-2022,74.36070
120503,Axis ELSS Tax Saver Fund - Direct Plan - Growth Option,Axis Mutual Fund,Open Ended Schemes,Equity Scheme - ELSS,29-11-2022,73.80420
120503,Axis ELSS Tax Saver Fund - Direct Plan - Growth Option,Axis Mutual Fund,Open Ended Schemes,Equity Scheme - ELSS,28-11-2022,73.75880
120503,Axis ELSS Tax Saver Fund - Direct Plan - Growth Option,Axis Mutual Fund,Open Ended Schemes,Equity Scheme - ELSS,25-11-2022,73.40580
120503,Axis ELSS Tax Saver Fund - Direct Plan - Growth Option,Axis Mutual Fund,Open Ended Schemes,Equity Scheme - ELSS,24-11-2022,73.48420
120503,Axis ELSS Tax Saver Fund - Direct Plan - Growth Option,Axis Mutual Fund,Open Ended Schemes,Equity Scheme - ELSS,23-11-2022,73.08080
120503,Axis ELSS Tax Saver Fund - Direct Plan - Growth Option,Axis Mutual Fund,Open Ended Schemes,Equity Scheme - ELSS,22-11-2022,72.83930
120503,Axis ELSS Tax Saver Fund - Direct Plan - Growth Option,Axis Mutual Fund,Open Ended Schemes,Equity Scheme - ELSS,21-11-2022,72.52270
120503,Axis ELSS Tax Saver Fund - Direct Plan - Growth Option,Axis Mutual Fund,Open Ended Schemes,Equity Scheme - ELSS,18-11-2022,73.03310
120503,Axis ELSS Tax Saver Fund - Direct Plan - Growth Option,Axis Mutual Fund,Open Ended Schemes,Equity Scheme - ELSS,17-11-2022,73.30320
120503,Axis ELSS Tax Saver Fund - Direct Plan - Growth Option,Axis Mutual Fund,Open Ended Schemes,Equity Scheme - ELSS,16-11-2022,73.97990
120503,Axis ELSS Tax Saver Fund - Direct Plan - Growth Option,Axis Mutual Fund,Open Ended Schemes,Equity Scheme - ELSS,15-11-2022,74.22660
120503,Axis ELSS Tax Saver Fund - Direct Plan - Growth Option,Axis Mutual Fund,Open Ended Schemes,Equity Scheme - ELSS,14-11-2022,74.43360
120503,Axis ELSS Tax Saver Fund - Direct Plan - Growth Option,Axis Mutual Fund,Open Ended Schemes,Equity Scheme - ELSS,11-11-2022,74.23790
120503,Axis ELSS Tax Saver Fund - Direct Plan - Growth Option,Axis Mutual Fund,Open Ended Schemes,Equity Scheme - ELSS,10-11-2022,73.28770
120503,Axis ELSS Tax Saver Fund - Direct Plan - Growth Option,Axis Mutual Fund,Open Ended Schemes,Equity Scheme - ELSS,09-11-2022,74.06950
120503,Axis ELSS Tax Saver Fund - Direct Plan - Growth Option,Axis Mutual Fund,Open Ended Schemes,Equity Scheme - ELSS,07-11-2022,74.36830
120503,Axis ELSS Tax Saver Fund - Direct Plan - Growth Option,Axis Mutual Fund,Open Ended Schemes,Equity Scheme - ELSS,04-11-2022,74.63550
120503,Axis ELSS Tax Saver Fund - Direct Plan - Growth Option,Axis Mutual Fund,Open Ended Schemes,Equity Scheme - ELSS,03-11-2022,74.45120
120503,Axis ELSS Tax Saver Fund - Direct Plan - Growth Option,Axis Mutual Fund,Open Ended Schemes,Equity Scheme - ELSS,02-11-2022,74.56260
120503,Axis ELSS Tax Saver Fund - Direct Plan - Growth Option,Axis Mutual Fund,Open Ended Schemes,Equity Scheme - ELSS,01-11-2022,74.82900
120503,Axis ELSS Tax Saver Fund - Direct Plan - Growth Option,Axis Mutual Fund,Open Ended Schemes,Equity Scheme - ELSS,31-10-2022,73.99840
120503,Axis ELSS Tax Saver Fund - Direct Plan - Growth Option,Axis Mutual Fund,Open Ended Schemes,Equity Scheme - ELSS,28-10-2022,73.01080
120503,Axis ELSS Tax Saver Fund - Direct Plan - Growth Option,Axis Mutual Fund,Open Ended Schemes,Equity Scheme - ELSS,27-10-2022,73.08330
120503,Axis ELSS Tax Saver Fund - Direct Plan - Growth Option,Axis Mutual Fund,Open Ended Schemes,Equity Scheme - ELSS,25-10-2022,73.21240
120503,Axis ELSS Tax Saver Fund - Direct Plan - Growth Option,Axis Mutual Fund,Open Ended Schemes,Equity Scheme - ELSS,21-10-2022,73.15740
120503,Axis ELSS Tax Saver Fund - Direct Plan - Growth Option,Axis Mutual Fund,Open Ended Schemes,Equity Scheme - ELSS,20-10-2022,74.00230
120503,Axis ELSS Tax Saver Fund - Direct Plan - Growth Option,Axis Mutual Fund,Open Ended Schemes,Equity Scheme - ELSS,19-10-2022,73.52500
120503,Axis ELSS Tax Saver Fund - Direct Plan - Growth Option,Axis Mutual Fund,Open Ended Schemes,Equity Scheme - ELSS,18-10-2022,73.31220
120503,Axis ELSS Tax Saver Fund - Direct Plan - Growth Option,Axis Mutual Fund,Open Ended Schemes,Equity Scheme - ELSS,17-10-2022,72.93900
120503,Axis ELSS Tax Saver Fund - Direct Plan - Growth Option,Axis Mutual Fund,Open Ended Schemes,Equity Scheme - ELSS,14-10-2022,72.69220
120503,Axis ELSS Tax Saver Fund - Direct Plan - Growth Option,Axis Mutual Fund,Open Ended Schemes,Equity Scheme - ELSS,13-10-2022,72.26930
120503,Axis ELSS Tax Saver Fund - Direct Plan - Growth Option,Axis Mutual Fund,Open Ended Schemes,Equity Scheme - ELSS,12-10-2022,72.74050
120503,Axis ELSS Tax Saver Fund - Direct Plan - Growth Option,Axis Mutual Fund,Open Ended Schemes,Equity Scheme - ELSS,11-10-2022,72.13440
120503,Axis ELSS Tax Saver Fund - Direct Plan - Growth Option,Axis Mutual Fund,Open Ended Schemes,Equity Scheme - ELSS,10-10-2022,73.32590
120503,Axis ELSS Tax Saver Fund - Direct Plan - Growth Option,Axis Mutual Fund,Open Ended Schemes,Equity Scheme - ELSS,07-10-2022,73.88030
120503,Axis ELSS Tax Saver Fund - Direct Plan - Growth Option,Axis Mutual Fund,Open Ended Schemes,Equity Scheme - ELSS,06-10-2022,74.07280
120503,Axis ELSS Tax Saver Fund - Direct Plan - Growth Option,Axis Mutual Fund,Open Ended Schemes,Equity Scheme - ELSS,04-10-2022,74.19160
120503,Axis ELSS Tax Saver Fund - Direct Plan - Growth Option,Axis Mutual Fund,Open Ended Schemes,Equity Scheme - ELSS,03-10-2022,72.51150
120503,Axis ELSS Tax Saver Fund - Direct Plan - Growth Option,Axis Mutual Fund,Open Ended Schemes,Equity Scheme - ELSS,30-09-2022,73.17400
120503,Axis ELSS Tax Saver Fund - Direct Plan - Growth Option,Axis Mutual Fund,Open Ended Schemes,Equity Scheme - ELSS,29-09-2022,72.14390
120503,Axis ELSS Tax Saver Fund - Direct Plan - Growth Option,Axis Mutual Fund,Open Ended Schemes,Equity Scheme - ELSS,28-09-2022,72.52380
120503,Axis ELSS Tax Saver Fund - Direct Plan - Growth Option,Axis Mutual Fund,Open Ended Schemes,Equity Scheme - ELSS,27-09-2022,72.79360
120503,Axis ELSS Tax Saver Fund - Direct Plan - Growth Option,Axis Mutual Fund,Open Ended Schemes,Equity Scheme - ELSS,26-09-2022,72.71490
120503,Axis ELSS Tax Saver Fund - Direct Plan - Growth Option,Axis Mutual Fund,Open Ended Schemes,Equity Scheme - ELSS,23-09-2022,74.13280
120503,Axis ELSS Tax Saver Fund - Direct Plan - Growth Option,Axis Mutual Fund,Open Ended Schemes,Equity Scheme - ELSS,22-09-2022,75.55080
120503,Axis ELSS Tax Saver Fund - Direct Plan - Growth Option,Axis Mutual Fund,Open Ended Schemes,Equity Scheme - ELSS,21-09-2022,75.55460
120503,Axis ELSS Tax Saver Fund - Direct Plan - Growth Option,Axis Mutual Fund,Open Ended Schemes,Equity Scheme - ELSS,20-09-2022,76.15360
120503,Axis ELSS Tax Saver Fund - Direct Plan - Growth Option,Axis Mutual Fund,Open Ended Schemes,Equity Scheme - ELSS,19-09-2022,75.47710
120503,Axis ELSS Tax Saver Fund - Direct Plan - Growth Option,Axis Mutual Fund,Open Ended Schemes,Equity Scheme - ELSS,16-09-2022,74.95100
120503,Axis ELSS Tax Saver Fund - Direct Plan - Growth Option,Axis Mutual Fund,Open Ended Schemes,Equity Scheme - ELSS,15-09-2022,76.91840
120503,Axis ELSS Tax Saver Fund - Direct Plan - Growth Option,Axis Mutual Fund,Open Ended Schemes,Equity Scheme - ELSS,14-09-2022,77.09200
120503,Axis ELSS Tax Saver Fund - Direct Plan - Growth Option,Axis Mutual Fund,Open Ended Schemes,Equity Scheme - ELSS,13-09-2022,77.34550
120503,Axis ELSS Tax Saver Fund - Direct Plan - Growth Option,Axis Mutual Fund,Open Ended Schemes,Equity Scheme - ELSS,12-09-2022,76.92530
120503,Axis ELSS Tax Saver Fund - Direct Plan - Growth Option,Axis Mutual Fund,Open Ended Schemes,Equity Scheme - ELSS,09-09-2022,76.64100
120503,Axis ELSS Tax Saver Fund - Direct Plan - Growth Option,Axis Mutual Fund,Open Ended Schemes,Equity Scheme - ELSS,08-09-2022,76.62770
120503,Axis ELSS Tax Saver Fund - Direct Plan - Growth Option,Axis Mutual Fund,Open Ended Schemes,Equity Scheme - ELSS,07-09-2022,76.05210
120503,Axis ELSS Tax Saver Fund - Direct Plan - Growth Option,Axis Mutual Fund,Open Ended Schemes,Equity Scheme - ELSS,06-09-2022,75.95210
120503,Axis ELSS Tax Saver Fund - Direct Plan - Growth Option,Axis Mutual Fund,Open Ended Schemes,Equity Scheme - ELSS,05-09-2022,76.34280
120503,Axis ELSS Tax Saver Fund - Direct Plan - Growth Option,Axis Mutual Fund,Open Ended Schemes,Equity Scheme - ELSS,02-09-2022,76.29540
120503,Axis ELSS Tax Saver Fund - Direct Plan - Growth Option,Axis Mutual Fund,Open Ended Schemes,Equity Scheme - ELSS,01-09-2022,76.04560
120503,Axis ELSS Tax Saver Fund - Direct Plan - Growth Option,Axis Mutual Fund,Open Ended Schemes,Equity Scheme - ELSS,30-08-2022,76.22110
120503,Axis ELSS Tax Saver Fund - Direct Plan - Growth Option,Axis Mutual Fund,Open Ended Schemes,Equity Scheme - ELSS,29-08-2022,74.33210
120503,Axis ELSS Tax Saver Fund - Direct Plan - Growth Option,Axis Mutual Fund,Open Ended Schemes,Equity Scheme - ELSS,26-08-2022,75.27540
120503,Axis ELSS Tax Saver Fund - Direct Plan - Growth Option,Axis Mutual Fund,Open Ended Schemes,Equity Scheme - ELSS,25-08-2022,74.95460
120503,Axis ELSS Tax Saver Fund - Direct Plan - Growth Option,Axis Mutual Fund,Open Ended Schemes,Equity Scheme - ELSS,24-08-2022,75.10450
120503,Axis ELSS Tax Saver Fund - Direct Plan - Growth Option,Axis Mutual Fund,Open Ended Schemes,Equity Scheme - ELSS,23-08-2022,74.72550
120503,Axis ELSS Tax Saver Fund - Direct Plan - Growth Option,Axis Mutual Fund,Open Ended Schemes,Equity Scheme - ELSS,22-08-2022,74.40930
120503,Axis ELSS Tax Saver Fund - Direct Plan - Growth Option,Axis Mutual Fund,Open Ended Schemes,Equity Scheme - ELSS,19-08-2022,75.79180
120503,Axis ELSS Tax Saver Fund - Direct Plan - Growth Option,Axis Mutual Fund,Open Ended Schemes,Equity Scheme - ELSS,18-08-2022,76.67290
120503,Axis ELSS Tax Saver Fund - Direct Plan - Growth Option,Axis Mutual Fund,Open Ended Schemes,Equity Scheme - ELSS,17-08-2022,76.52860
120503,Axis ELSS Tax Saver Fund - Direct Plan - Growth Option,Axis Mutual Fund,Open Ended Schemes,Equity Scheme - ELSS,16-08-2022,75.85120
120503,Axis ELSS Tax Saver Fund - Direct Plan - Growth Option,Axis Mutual Fund,Open Ended Schemes,Equity Scheme - ELSS,12-08-2022,75.32280
120503,Axis ELSS Tax Saver Fund - Direct Plan - Growth Option,Axis Mutual Fund,Open Ended Schemes,Equity Scheme - ELSS,11-08-2022,75.32370
120503,Axis ELSS Tax Saver Fund - Direct Plan - Growth Option,Axis Mutual Fund,Open Ended Schemes,Equity Scheme - ELSS,10-08-2022,74.45440
120503,Axis ELSS Tax Saver Fund - Direct Plan - Growth Option,Axis Mutual Fund,Open Ended Schemes,Equity Scheme - ELSS,08-08-2022,74.89760
120503,Axis ELSS Tax Saver Fund - Direct Plan - Growth Option,Axis Mutual Fund,Open Ended Schemes,Equity Scheme - ELSS,05-08-2022,74.60440
120503,Axis ELSS Tax Saver Fund - Direct Plan - Growth Option,Axis Mutual Fund,Open Ended Schemes,Equity Scheme - ELSS,04-08-2022,74.22720
120503,Axis ELSS Tax Saver Fund - Direct Plan - Growth Option,Axis Mutual Fund,Open Ended Schemes,Equity Scheme - ELSS,03-08-2022,73.88280
120503,Axis ELSS Tax Saver Fund - Direct Plan - Growth Option,Axis Mutual Fund,Open Ended Schemes,Equity Scheme - ELSS,02-08-2022,74.03040
120503,Axis ELSS Tax Saver Fund - Direct Plan - Growth Option,Axis Mutual Fund,Open Ended Schemes,Equity Scheme - ELSS,01-08-2022,73.70950
120503,Axis ELSS Tax Saver Fund - Direct Plan - Growth Option,Axis Mutual Fund,Open Ended Schemes,Equity Scheme - ELSS,29-07-2022,72.99470
120503,Axis ELSS Tax Saver Fund - Direct Plan - Growth Option,Axis Mutual Fund,Open Ended Schemes,Equity Scheme - ELSS,28-07-2022,71.90630
120503,Axis ELSS Tax Saver Fund - Direct Plan - Growth Option,Axis Mutual Fund,Open Ended Schemes,Equity Scheme - ELSS,27-07-2022,69.85250
120503,Axis ELSS Tax Saver Fund - Direct Plan - Growth Option,Axis Mutual Fund,Open Ended Schemes,Equity Scheme - ELSS,26-07-2022,69.13260
120503,Axis ELSS Tax Saver Fund - Direct Plan - Growth Option,Axis Mutual Fund,Open Ended Schemes,Equity Scheme - ELSS,25-07-2022,69.76730
120503,Axis ELSS Tax Saver Fund - Direct Plan - Growth Option,Axis Mutual Fund,Open Ended Schemes,Equity Scheme - ELSS,22-07-2022,69.96010
120503,Axis ELSS Tax Saver Fund - Direct Plan - Growth Option,Axis Mutual Fund,Open Ended Schemes,Equity Scheme - ELSS,21-07-2022,69.96090
120503,Axis ELSS Tax Saver Fund - Direct Plan - Growth Option,Axis Mutual Fund,Open Ended Schemes,Equity Scheme - ELSS,20-07-2022,69.12520
120503,Axis ELSS Tax Saver Fund - Direct Plan - Growth Option,Axis Mutual Fund,Open Ended Schemes,Equity Scheme - ELSS,19-07-2022,68.92500
120503,Axis ELSS Tax Saver Fund - Direct Plan - Growth Option,Axis Mutual Fund,Open Ended Schemes,Equity Scheme - ELSS,18-07-2022,68.61550
120503,Axis ELSS Tax Saver Fund - Direct Plan - Growth Option,Axis Mutual Fund,Open Ended Schemes,Equity Scheme - ELSS,15-07-2022,67.56910
120503,Axis ELSS Tax Saver Fund - Direct Plan - Growth Option,Axis Mutual Fund,Open Ended Schemes,Equity Scheme - ELSS,14-07-2022,67.00150
120503,Axis ELSS Tax Saver Fund - Direct Plan - Growth Option,Axis Mutual Fund,Open Ended Schemes,Equity Scheme - ELSS,13-07-2022,67.10570
120503,Axis ELSS Tax Saver Fund - Direct Plan - Growth Option,Axis Mutual Fund,Open Ended Schemes,Equity Scheme - ELSS,12-07-2022,66.94950
120503,Axis ELSS Tax Saver Fund - Direct Plan - Growth Option,Axis Mutual Fund,Open Ended Schemes,Equity Scheme - ELSS,11-07-2022,67.74320
120503,Axis ELSS Tax Saver Fund - Direct Plan - Growth Option,Axis Mutual Fund,Open Ended Schemes,Equity Scheme - ELSS,08-07-2022,67.70090
120503,Axis ELSS Tax Saver Fund - Direct Plan - Growth Option,Axis Mutual Fund,Open Ended Schemes,Equity Scheme - ELSS,07-07-2022,67.53700
120503,Axis ELSS Tax Saver Fund - Direct Plan - Growth Option,Axis Mutual Fund,Open Ended Schemes,Equity Scheme - ELSS,06-07-2022,67.14820
120503,Axis ELSS Tax Saver Fund - Direct Plan - Growth Option,Axis Mutual Fund,Open Ended Schemes,Equity Scheme - ELSS,05-07-2022,65.71510
120503,Axis ELSS Tax Saver Fund - Direct Plan - Growth Option,Axis Mutual Fund,Open Ended Schemes,Equity Scheme - ELSS,04-07-2022,65.61050
120503,Axis ELSS Tax Saver Fund - Direct Plan - Growth Option,Axis Mutual Fund,Open Ended Schemes,Equity Scheme - ELSS,01-07-2022,65.08770
120503,Axis ELSS Tax Saver Fund - Direct Plan - Growth Option,Axis Mutual Fund,Open Ended Schemes,Equity Scheme - ELSS,30-06-2022,64.36040
120503,Axis ELSS Tax Saver Fund - Direct Plan - Growth Option,Axis Mutual Fund,Open Ended Schemes,Equity Scheme - ELSS,29-06-2022,64.81330
120503,Axis ELSS Tax Saver Fund - Direct Plan - Growth Option,Axis Mutual Fund,Open Ended Schemes,Equity Scheme - ELSS,28-06-2022,65.42750
120503,Axis ELSS Tax Saver Fund - Direct Plan - Growth Option,Axis Mutual Fund,Open Ended Schemes,Equity Scheme - ELSS,27-06-2022,65.52880
120503,Axis ELSS Tax Saver Fund - Direct Plan - Growth Option,Axis Mutual Fund,Open Ended Schemes,Equity Scheme - ELSS,24-06-2022,65.24310
120503,Axis ELSS Tax Saver Fund - Direct Plan - Growth Option,Axis Mutual Fund,Open Ended Schemes,Equity Scheme - ELSS,23-06-2022,64.47000
120503,Axis ELSS Tax Saver Fund - Direct Plan - Growth Option,Axis Mutual Fund,Open Ended Schemes,Equity Scheme - ELSS,22-06-2022,63.70740
120503,Axis ELSS Tax Saver Fund - Direct Plan - Growth Option,Axis Mutual Fund,Open Ended Schemes,Equity Scheme - ELSS,21-06-2022,64.42330
120503,Axis ELSS Tax Saver Fund - Direct Plan - Growth Option,Axis Mutual Fund,Open Ended Schemes,Equity Scheme - ELSS,20-06-2022,63.37800
120503,Axis ELSS Tax Saver Fund - Direct Plan - Growth Option,Axis Mutual Fund,Open Ended Schemes,Equity Scheme - ELSS,17-06-2022,62.98520
120503,Axis ELSS Tax Saver Fund - Direct Plan - Growth Option,Axis Mutual Fund,Open Ended Schemes,Equity Scheme - ELSS,16-06-2022,63.74590
120503,Axis ELSS Tax Saver Fund - Direct Plan - Growth Option,Axis Mutual Fund,Open Ended Schemes,Equity Scheme - ELSS,15-06-2022,64.85680
120503,Axis ELSS Tax Saver Fund - Direct Plan - Growth Option,Axis Mutual Fund,Open Ended Schemes,Equity Scheme - ELSS,14-06-2022,64.39930
120503,Axis ELSS Tax Saver Fund - Direct Plan - Growth Option,Axis Mutual Fund,Open Ended Schemes,Equity Scheme - ELSS,13-06-2022,64.43390
120503,Axis ELSS Tax Saver Fund - Direct Plan - Growth Option,Axis Mutual Fund,Open Ended Schemes,Equity Scheme - ELSS,10-06-2022,66.13390
120503,Axis ELSS Tax Saver Fund - Direct Plan - Growth Option,Axis Mutual Fund,Open Ended Schemes,Equity Scheme - ELSS,09-06-2022,67.26040
120503,Axis ELSS Tax Saver Fund - Direct Plan - Growth Option,Axis Mutual Fund,Open Ended Schemes,Equity Scheme - ELSS,08-06-2022,66.93370
120503,Axis ELSS Tax Saver Fund - Direct Plan - Growth Option,Axis Mutual Fund,Open Ended Schemes,Equity Scheme - ELSS,07-06-2022,66.74120
120503,Axis ELSS Tax Saver Fund - Direct Plan - Growth Option,Axis Mutual Fund,Open Ended Schemes,Equity Scheme - ELSS,06-06-2022,67.54800
120503,Axis ELSS Tax Saver Fund - Direct Plan - Growth Option,Axis Mutual Fund,Open Ended Schemes,Equity Scheme - ELSS,03-06-2022,68.07170
120503,Axis ELSS Tax Saver Fund - Direct Plan - Growth Option,Axis Mutual Fund,Open Ended Schemes,Equity Scheme - ELSS,02-06-2022,68.82760
120503,Axis ELSS Tax Saver Fund - Direct Plan - Growth Option,Axis Mutual Fund,Open Ended Schemes,Equity Scheme - ELSS,01-06-2022,68.83190
120503,Axis ELSS Tax Saver Fund - Direct Plan - Growth Option,Axis Mutual Fund,Open Ended Schemes,Equity Scheme - ELSS,31-05-2022,69.13610
120503,Axis ELSS Tax Saver Fund - Direct Plan - Growth Option,Axis Mutual Fund,Open Ended Schemes,Equity Scheme - ELSS,30-05-2022,68.53300
120503,Axis ELSS Tax Saver Fund - Direct Plan - Growth Option,Axis Mutual Fund,Open Ended Schemes,Equity Scheme - ELSS,27-05-2022,67.22910
120503,Axis ELSS Tax Saver Fund - Direct Plan - Growth Option,Axis Mutual Fund,Open Ended Schemes,Equity Scheme - ELSS,26-05-2022,66.16100
120503,Axis ELSS Tax Saver Fund - Direct Plan - Growth Option,Axis Mutual Fund,Open Ended Schemes,Equity Scheme - ELSS,25-05-2022,65.45570
120503,Axis ELSS Tax Saver Fund - Direct Plan - Growth Option,Axis Mutual Fund,Open Ended Schemes,Equity Scheme - ELSS,24-05-2022,66.36280
120503,Axis ELSS Tax Saver Fund - Direct Plan - Growth Option,Axis Mutual Fund,Open Ended Schemes,Equity Scheme - ELSS,23-05-2022,66.65120
120503,Axis ELSS Tax Saver Fund - Direct Plan - Growth Option,Axis Mutual Fund,Open Ended Schemes,Equity Scheme - ELSS,20-05-2022,66.84720
120503,Axis ELSS Tax Saver Fund - Direct Plan - Growth Option,Axis Mutual Fund,Open Ended Schemes,Equity Scheme - ELSS,19-05-2022,65.84960
120503,Axis ELSS Tax Saver Fund - Direct Plan - Growth Option,Axis Mutual Fund,Open Ended Schemes,Equity Scheme - ELSS,18-05-2022,67.77200
120503,Axis ELSS Tax Saver Fund - Direct Plan - Growth Option,Axis Mutual Fund,Open Ended Schemes,Equity Scheme - ELSS,17-05-2022,67.82710
120503,Axis ELSS Tax Saver Fund - Direct Plan - Growth Option,Axis Mutual Fund,Open Ended Schemes,Equity Scheme - ELSS,16-05-2022,66.29380
120503,Axis ELSS Tax Saver Fund - Direct Plan - Growth Option,Axis Mutual Fund,Open Ended Schemes,Equity Scheme - ELSS,13-05-2022,65.43730
120503,Axis ELSS Tax Saver Fund - Direct Plan - Growth Option,Axis Mutual Fund,Open Ended Schemes,Equity Scheme - ELSS,12-05-2022,65.40830
120503,Axis ELSS Tax Saver Fund - Direct Plan - Growth Option,Axis Mutual Fund,Open Ended Schemes,Equity Scheme - ELSS,11-05-2022,66.86230
120503,Axis ELSS Tax Saver Fund - Direct Plan - Growth Option,Axis Mutual Fund,Open Ended Schemes,Equity Scheme - ELSS,10-05-2022,67.74910
120503,Axis ELSS Tax Saver Fund - Direct Plan - Growth Option,Axis Mutual Fund,Open Ended Schemes,Equity Scheme - ELSS,09-05-2022,68.38160
120503,Axis ELSS Tax Saver Fund - Direct Plan - Growth Option,Axis Mutual Fund,Open Ended Schemes,Equity Scheme - ELSS,06-05-2022,68.97380
120503,Axis ELSS Tax Saver Fund - Direct Plan - Growth Option,Axis Mutual Fund,Open Ended Schemes,Equity Scheme - ELSS,05-05-2022,71.89040
120503,Axis ELSS Tax Saver Fund - Direct Plan - Growth Option,Axis Mutual Fund,Open Ended Schemes,Equity Scheme - ELSS,04-05-2022,71.97290
120503,Axis ELSS Tax Saver Fund - Direct Plan - Growth Option,Axis Mutual Fund,Open Ended Schemes,Equity Scheme - ELSS,02-05-2022,74.10480
120503,Axis ELSS Tax Saver Fund - Direct Plan - Growth Option,Axis Mutual Fund,Open Ended Schemes,Equity Scheme - ELSS,29-04-2022,74.25350
120503,Axis ELSS Tax Saver Fund - Direct Plan - Growth Option,Axis Mutual Fund,Open Ended Schemes,Equity Scheme - ELSS,28-04-2022,74.74580
120503,Axis ELSS Tax Saver Fund - Direct Plan - Growth Option,Axis Mutual Fund,Open Ended Schemes,Equity Scheme - ELSS,27-04-2022,73.97440
120503,Axis ELSS Tax Saver Fund - Direct Plan - Growth Option,Axis Mutual Fund,Open Ended Schemes,Equity Scheme - ELSS,26-04-2022,75.21450
120503,Axis ELSS Tax Saver Fund - Direct Plan - Growth Option,Axis Mutual Fund,Open Ended Schemes,Equity Scheme - ELSS,25-04-2022,74.17430
120503,Axis ELSS Tax Saver Fund - Direct Plan - Growth Option,Axis Mutual Fund,Open Ended Schemes,Equity Scheme - ELSS,22-04-2022,75.03450
120503,Axis ELSS Tax Saver Fund - Direct Plan - Growth Option,Axis Mutual Fund,Open Ended Schemes,Equity Scheme - ELSS,21-04-2022,75.48050
120503,Axis ELSS Tax Saver Fund - Direct Plan - Growth Option,Axis Mutual Fund,Open Ended Schemes,Equity Scheme - ELSS,20-04-2022,74.53450
120503,Axis ELSS Tax Saver Fund - Direct Plan - Growth Option,Axis Mutual Fund,Open Ended Schemes,Equity Scheme - ELSS,19-04-2022,74.11820
120503,Axis ELSS Tax Saver Fund - Direct Plan - Growth Option,Axis Mutual Fund,Open Ended Schemes,Equity Scheme - ELSS,18-04-2022,75.40110
120503,Axis ELSS Tax Saver Fund - Direct Plan - Growth Option,Axis Mutual Fund,Open Ended Schemes,Equity Scheme - ELSS,13-04-2022,76.35840
120503,Axis ELSS Tax Saver Fund - Direct Plan - Growth Option,Axis Mutual Fund,Open Ended Schemes,Equity Scheme - ELSS,12-04-2022,76.64420
120503,Axis ELSS Tax Saver Fund - Direct Plan - Growth Option,Axis Mutual Fund,Open Ended Schemes,Equity Scheme - ELSS,11-04-2022,77.40230
120503,Axis ELSS Tax Saver Fund - Direct Plan - Growth Option,Axis Mutual Fund,Open Ended Schemes,Equity Scheme - ELSS,08-04-2022,77.50070
120503,Axis ELSS Tax Saver Fund - Direct Plan - Growth Option,Axis Mutual Fund,Open Ended Schemes,Equity Scheme - ELSS,07-04-2022,76.77960
120503,Axis ELSS Tax Saver Fund - Direct Plan - Growth Option,Axis Mutual Fund,Open Ended Schemes,Equity Scheme - ELSS,06-04-2022,77.28410
120503,Axis ELSS Tax Saver Fund - Direct Plan - Growth Option,Axis Mutual Fund,Open Ended Schemes,Equity Scheme - ELSS,05-04-2022,77.86180
120503,Axis ELSS Tax Saver Fund - Direct Plan - Growth Option,Axis Mutual Fund,Open Ended Schemes,Equity Scheme - ELSS,04-04-2022,77.74010
120503,Axis ELSS Tax Saver Fund - Direct Plan - Growth Option,Axis Mutual Fund,Open Ended Schemes,Equity Scheme - ELSS,01-04-2022,76.36310
120503,Axis ELSS Tax Saver Fund - Direct Plan - Growth Option,Axis Mutual Fund,Open Ended Schemes,Equity Scheme - ELSS,31-03-2022,75.50610
120503,Axis ELSS Tax Saver Fund - Direct Plan - Growth Option,Axis Mutual Fund,Open Ended Schemes,Equity Scheme - ELSS,30-03-2022,75.66820
120503,Axis ELSS Tax Saver Fund - Direct Plan - Growth Option,Axis Mutual Fund,Open Ended Schemes,Equity Scheme - ELSS,29-03-2022,74.66490
120503,Axis ELSS Tax Saver Fund - Direct Plan - Growth Option,Axis Mutual Fund,Open Ended Schemes,Equity Scheme - ELSS,28-03-2022,74.16410
120503,Axis ELSS Tax Saver Fund - Direct Plan - Growth Option,Axis Mutual Fund,Open Ended Schemes,Equity Scheme - ELSS,25-03-2022,74.33200
120503,Axis ELSS Tax Saver Fund - Direct Plan - Growth Option,Axis Mutual Fund,Open Ended Schemes,Equity Scheme - ELSS,24-03-2022,74.67810
120503,Axis ELSS Tax Saver Fund - Direct Plan - Growth Option,Axis Mutual Fund,Open Ended Schemes,Equity Scheme - ELSS,23-03-2022,75.03770
120503,Axis ELSS Tax Saver Fund - Direct Plan - Growth Option,Axis Mutual Fund,Open Ended Schemes,Equity Scheme - ELSS,22-03-2022,75.20750
120503,Axis ELSS Tax Saver Fund - Direct Plan - Growth Option,Axis Mutual Fund,Open Ended Schemes,Equity Scheme - ELSS,21-03-2022,74.81650
120503,Axis ELSS Tax Saver Fund - Direct Plan - Growth Option,Axis Mutual Fund,Open Ended Schemes,Equity Scheme - ELSS,17-03-2022,75.71670
120503,Axis ELSS Tax Saver Fund - Direct Plan - Growth Option,Axis Mutual Fund,Open Ended Schemes,Equity Scheme - ELSS,16-03-2022,74.35800
120503,Axis ELSS Tax Saver Fund - Direct Plan - Growth Option,Axis Mutual Fund,Open Ended Schemes,Equity Scheme - ELSS,15-03-2022,73.18990
120503,Axis ELSS Tax Saver Fund - Direct Plan - Growth Option,Axis Mutual Fund,Open Ended Schemes,Equity Scheme - ELSS,14-03-2022,73.53180
120503,Axis ELSS Tax Saver Fund - Direct Plan - Growth Option,Axis Mutual Fund,Open Ended Schemes,Equity Scheme - ELSS,11-03-2022,73.13080
120503,Axis ELSS Tax Saver Fund - Direct Plan - Growth Option,Axis Mutual Fund,Open Ended Schemes,Equity Scheme - ELSS,10-03-2022,73.00610
120503,Axis ELSS Tax Saver Fund - Direct Plan - Growth Option,Axis Mutual Fund,Open Ended Schemes,Equity Scheme - ELSS,09-03-2022,71.75080
120503,Axis ELSS Tax Saver Fund - Direct Plan - Growth Option,Axis Mutual Fund,Open Ended Schemes,Equity Scheme - ELSS,08-03-2022,70.62140
120503,Axis ELSS Tax Saver Fund - Direct Plan - Growth Option,Axis Mutual Fund,Open Ended Schemes,Equity Scheme - ELSS,07-03-2022,69.73580
120503,Axis ELSS Tax Saver Fund - Direct Plan - Growth Option,Axis Mutual Fund,Open Ended Schemes,Equity Scheme - ELSS,04-03-2022,71.69860
120503,Axis ELSS Tax Saver Fund - Direct Plan - Growth Option,Axis Mutual Fund,Open Ended Schemes,Equity Scheme - ELSS,03-03-2022,73.31420
120503,Axis ELSS Tax Saver Fund - Direct Plan - Growth Option,Axis Mutual Fund,Open Ended Schemes,Equity Scheme - ELSS,02-03-2022,73.82040
120503,Axis ELSS Tax Saver Fund - Direct Plan - Growth Option,Axis Mutual Fund,Open Ended Schemes,Equity Scheme - ELSS,28-02-2022,74.48830
120503,Axis ELSS Tax Saver Fund - Direct Plan - Growth Option,Axis Mutual Fund,Open Ended Schemes,Equity Scheme - ELSS,25-02-2022,73.93280
120503,Axis ELSS Tax Saver Fund - Direct Plan - Growth Option,Axis Mutual Fund,Open Ended Schemes,Equity Scheme - ELSS,24-02-2022,71.37780
120503,Axis ELSS Tax Saver Fund - Direct Plan - Growth Option,Axis Mutual Fund,Open Ended Schemes,Equity Scheme - ELSS,23-02-2022,74.82890
120503,Axis ELSS Tax Saver Fund - Direct Plan - Growth Option,Axis Mutual Fund,Open Ended Schemes,Equity Scheme - ELSS,22-02-2022,74.67770
120503,Axis ELSS Tax Saver Fund - Direct Plan - Growth Option,Axis Mutual Fund,Open Ended Schemes,Equity Scheme - ELSS,21-02-2022,74.93570
120503,Axis ELSS Tax Saver Fund - Direct Plan - Growth Option,Axis Mutual Fund,Open Ended Schemes,Equity Scheme - ELSS,18-02-2022,75.21520
120503,Axis ELSS Tax Saver Fund - Direct Plan - Growth Option,Axis Mutual Fund,Open Ended Schemes,Equity Scheme - ELSS,17-02-2022,75.85910
120503,Axis ELSS Tax Saver Fund - Direct Plan - Growth Option,Axis Mutual Fund,Open Ended Schemes,Equity Scheme - ELSS,16-02-2022,75.89940
120503,Axis ELSS Tax Saver Fund - Direct Plan - Growth Option,Axis Mutual Fund,Open Ended Schemes,Equity Scheme - ELSS,15-02-2022,76.05540
120503,Axis ELSS Tax Saver Fund - Direct Plan - Growth Option,Axis Mutual Fund,Open Ended Schemes,Equity Scheme - ELSS,14-02-2022,74.13050
120503,Axis ELSS Tax Saver Fund - Direct Plan - Growth Option,Axis Mutual Fund,Open Ended Schemes,Equity Scheme - ELSS,11-02-2022,76.05300
120503,Axis ELSS Tax Saver Fund - Direct Plan - Growth Option,Axis Mutual Fund,Open Ended Schemes,Equity Scheme - ELSS,10-02-2022,77.56560
120503,Axis ELSS Tax Saver Fund - Direct Plan - Growth Option,Axis Mutual Fund,Open Ended Schemes,Equity Scheme - ELSS,09-02-2022,77.12800
120503,Axis ELSS Tax Saver Fund - Direct Plan - Growth Option,Axis Mutual Fund,Open Ended Schemes,Equity Scheme - ELSS,08-02-2022,76.27510
120503,Axis ELSS Tax Saver Fund - Direct Plan - Growth Option,Axis Mutual Fund,Open Ended Schemes,Equity Scheme - ELSS,07-02-2022,76.52250
120503,Axis ELSS Tax Saver Fund - Direct Plan - Growth Option,Axis Mutual Fund,Open Ended Schemes,Equity Scheme - ELSS,04-02-2022,78.12710
120503,Axis ELSS Tax Saver Fund - Direct Plan - Growth Option,Axis Mutual Fund,Open Ended Schemes,Equity Scheme - ELSS,03-02-2022,78.10870
120503,Axis ELSS Tax Saver Fund - Direct Plan - Growth Option,Axis Mutual Fund,Open Ended Schemes,Equity Scheme - ELSS,02-02-2022,79.10570
120503,Axis ELSS Tax Saver Fund - Direct Plan - Growth Option,Axis Mutual Fund,Open Ended Schemes,Equity Scheme - ELSS,01-02-2022,77.88700
120503,Axis ELSS Tax Saver Fund - Direct Plan - Growth Option,Axis Mutual Fund,Open Ended Schemes,Equity Scheme - ELSS,31-01-2022,76.87410
120503,Axis ELSS Tax Saver Fund - Direct Plan - Growth Option,Axis Mutual Fund,Open Ended Schemes,Equity Scheme - ELSS,28-01-2022,75.64280
120503,Axis ELSS Tax Saver Fund - Direct Plan - Growth Option,Axis Mutual Fund,Open Ended Schemes,Equity Scheme - ELSS,27-01-2022,75.32740
120503,Axis ELSS Tax Saver Fund - Direct Plan - Growth Option,Axis Mutual Fund,Open Ended Schemes,Equity Scheme - ELSS,25-01-2022,76.71270
120503,Axis ELSS Tax Saver Fund - Direct Plan - Growth Option,Axis Mutual Fund,Open Ended Schemes,Equity Scheme - ELSS,24-01-2022,76.68050
120503,Axis ELSS Tax Saver Fund - Direct Plan - Growth Option,Axis Mutual Fund,Open Ended Schemes,Equity Scheme - ELSS,21-01-2022,79.75720
120503,Axis ELSS Tax Saver Fund - Direct Plan - Growth Option,Axis Mutual Fund,Open Ended Schemes,Equity Scheme - ELSS,20-01-2022,81.23800
120503,Axis ELSS Tax Saver Fund - Direct Plan - Growth Option,Axis Mutual Fund,Open Ended Schemes,Equity Scheme - ELSS,19-01-2022,81.85370
120503,Axis ELSS Tax Saver Fund - Direct Plan - Growth Option,Axis Mutual Fund,Open Ended Schemes,Equity Scheme - ELSS,18-01-2022,83.01090
120503,Axis ELSS Tax Saver Fund - Direct Plan - Growth Option,Axis Mutual Fund,Open Ended Schemes,Equity Scheme - ELSS,17-01-2022,84.10110
120503,Axis ELSS Tax Saver Fund - Direct Plan - Growth Option,Axis Mutual Fund,Open Ended Schemes,Equity Scheme - ELSS,14-01-2022,83.73250
120503,Axis ELSS Tax Saver Fund - Direct Plan - Growth Option,Axis Mutual Fund,Open Ended Schemes,Equity Scheme - ELSS,13-01-2022,83.46060
120503,Axis ELSS Tax Saver Fund - Direct Plan - Growth Option,Axis Mutual Fund,Open Ended Schemes,Equity Scheme - ELSS,12-01-2022,83.61590
120503,Axis ELSS Tax Saver Fund - Direct Plan - Growth Option,Axis Mutual Fund,Open Ended Schemes,Equity Scheme - ELSS,11-01-2022,83.93200
120503,Axis ELSS Tax Saver Fund - Direct Plan - Growth Option,Axis Mutual Fund,Open Ended Schemes,Equity Scheme - ELSS,10-01-2022,83.70010
120503,Axis ELSS Tax Saver Fund - Direct Plan - Growth Option,Axis Mutual Fund,Open Ended Schemes,Equity Scheme - ELSS,07-01-2022,83.86260
120503,Axis ELSS Tax Saver Fund - Direct Plan - Growth Option,Axis Mutual Fund,Open Ended Schemes,Equity Scheme - ELSS,06-01-2022,83.50370
120503,Axis ELSS Tax Saver Fund - Direct Plan - Growth Option,Axis Mutual Fund,Open Ended Schemes,Equity Scheme - ELSS,05-01-2022,83.84750
120503,Axis ELSS Tax Saver Fund - Direct Plan - Growth Option,Axis Mutual Fund,Open Ended Schemes,Equity Scheme - ELSS,04-01-2022,83.28700
120503,Axis ELSS Tax Saver Fund - Direct Plan - Growth Option,Axis Mutual Fund,Open Ended Schemes,Equity Scheme - ELSS,03-01-2022,82.42890
120503,Axis ELSS Tax Saver Fund - Direct Plan - Growth Option,Axis Mutual Fund,Open Ended Schemes,Equity Scheme - ELSS,31-12-2021,81.24020
120503,Axis ELSS Tax Saver Fund - Direct Plan - Growth Option,Axis Mutual Fund,Open Ended Schemes,Equity Scheme - ELSS,30-12-2021,80.22210
120503,Axis ELSS Tax Saver Fund - Direct Plan - Growth Option,Axis Mutual Fund,Open Ended Schemes,Equity Scheme - ELSS,29-12-2021,80.29770
120503,Axis ELSS Tax Saver Fund - Direct Plan - Growth Option,Axis Mutual Fund,Open Ended Schemes,Equity Scheme - ELSS,28-12-2021,80.31390
120503,Axis ELSS Tax Saver Fund - Direct Plan - Growth Option,Axis Mutual Fund,Open Ended Schemes,Equity Scheme - ELSS,27-12-2021,79.53750
120503,Axis ELSS Tax Saver Fund - Direct Plan - Growth Option,Axis Mutual Fund,Open Ended Schemes,Equity Scheme - ELSS,24-12-2021,79.18950
120503,Axis ELSS Tax Saver Fund - Direct Plan - Growth Option,Axis Mutual Fund,Open Ended Schemes,Equity Scheme - ELSS,23-12-2021,79.62870
120503,Axis ELSS Tax Saver Fund - Direct Plan - Growth Option,Axis Mutual Fund,Open Ended Schemes,Equity Scheme - ELSS,22-12-2021,79.12610
120503,Axis ELSS Tax Saver Fund - Direct Plan - Growth Option,Axis Mutual Fund,Open Ended Schemes,Equity Scheme - ELSS,21-12-2021,78.03460
120503,Axis ELSS Tax Saver Fund - Direct Plan - Growth Option,Axis Mutual Fund,Open Ended Schemes,Equity Scheme - ELSS,20-12-2021,77.59310
120503,Axis ELSS Tax Saver Fund - Direct Plan - Growth Option,Axis Mutual Fund,Open Ended Schemes,Equity Scheme - ELSS,17-12-2021,79.66940
120503,Axis ELSS Tax Saver Fund - Direct Plan - Growth Option,Axis Mutual Fund,Open Ended Schemes,Equity Scheme - ELSS,16-12-2021,81.03600
120503,Axis ELSS Tax Saver Fund - Direct Plan - Growth Option,Axis Mutual Fund,Open Ended Schemes,Equity Scheme - ELSS,15-12-2021,81.05880
120503,Axis ELSS Tax Saver Fund - Direct Plan - Growth Option,Axis Mutual Fund,Open Ended Schemes,Equity Scheme - ELSS,14-12-2021,81.56860
120503,Axis ELSS Tax Saver Fund - Direct Plan - Growth Option,Axis Mutual Fund,Open Ended Schemes,Equity Scheme - ELSS,13-12-2021,81.77870
120503,Axis ELSS Tax Saver Fund - Direct Plan - Growth Option,Axis Mutual Fund,Open Ended Schemes,Equity Scheme - ELSS,10-12-2021,82.44180
120503,Axis ELSS Tax Saver Fund - Direct Plan - Growth Option,Axis Mutual Fund,Open Ended Schemes,Equity Scheme - ELSS,09-12-2021,82.40780
120503,Axis ELSS Tax Saver Fund - Direct Plan - Growth Option,Axis Mutual Fund,Open Ended Schemes,Equity Scheme - ELSS,08-12-2021,82.32530
120503,Axis ELSS Tax Saver Fund - Direct Plan - Growth Option,Axis Mutual Fund,Open Ended Schemes,Equity Scheme - ELSS,07-12-2021,81.26360
120503,Axis ELSS Tax Saver Fund - Direct Plan - Growth Option,Axis Mutual Fund,Open Ended Schemes,Equity Scheme - ELSS,06-12-2021,80.14110
120503,Axis ELSS Tax Saver Fund - Direct Plan - Growth Option,Axis Mutual Fund,Open Ended Schemes,Equity Scheme - ELSS,03-12-2021,81.73670
120503,Axis ELSS Tax Saver Fund - Direct Plan - Growth Option,Axis Mutual Fund,Open Ended Schemes,Equity Scheme - ELSS,02-12-2021,82.34680
120503,Axis ELSS Tax Saver Fund - Direct Plan - Growth Option,Axis Mutual Fund,Open Ended Schemes,Equity Scheme - ELSS,01-12-2021,81.24940
120503,Axis ELSS Tax Saver Fund - Direct Plan - Growth Option,Axis Mutual Fund,Open Ended Schemes,Equity Scheme - ELSS,30-11-2021,80.81040
120503,Axis ELSS Tax Saver Fund - Direct Plan - Growth Option,Axis Mutual Fund,Open Ended Schemes,Equity Scheme - ELSS,29-11-2021,80.64960
120503,Axis ELSS Tax Saver Fund - Direct Plan - Growth Option,Axis Mutual Fund,Open Ended Schemes,Equity Scheme - ELSS,26-11-2021,80.55810
120503,Axis ELSS Tax Saver Fund - Direct Plan - Growth Option,Axis Mutual Fund,Open Ended Schemes,Equity Scheme - ELSS,25-11-2021,82.64050
120503,Axis ELSS Tax Saver Fund - Direct Plan - Growth Option,Axis Mutual Fund,Open Ended Schemes,Equity Scheme - ELSS,24-11-2021,82.38180
120503,Axis ELSS Tax Saver Fund - Direct Plan - Growth Option,Axis Mutual Fund,Open Ended Schemes,Equity Scheme - ELSS,23-11-2021,82.45350
120503,Axis ELSS Tax Saver Fund - Direct Plan - Growth Option,Axis Mutual Fund,Open Ended Schemes,Equity Scheme - ELSS,22-11-2021,81.86610
120503,Axis ELSS Tax Saver Fund - Direct Plan - Growth Option,Axis Mutual Fund,Open Ended Schemes,Equity Scheme - ELSS,18-11-2021,84.46090
120503,Axis ELSS Tax Saver Fund - Direct Plan - Growth Option,Axis Mutual Fund,Open Ended Schemes,Equity Scheme - ELSS,17-11-2021,85.38390
120503,Axis ELSS Tax Saver Fund - Direct Plan - Growth Option,Axis Mutual Fund,Open Ended Schemes,Equity Scheme - ELSS,16-11-2021,85.72940
120503,Axis ELSS Tax Saver Fund - Direct Plan - Growth Option,Axis Mutual Fund,Open Ended Schemes,Equity Scheme - ELSS,15-11-2021,85.46380
120503,Axis ELSS Tax Saver Fund - Direct Plan - Growth Option,Axis Mutual Fund,Open Ended Schemes,Equity Scheme - ELSS,12-11-2021,85.34850
120503,Axis ELSS Tax Saver Fund - Direct Plan - Growth Option,Axis Mutual Fund,Open Ended Schemes,Equity Scheme - ELSS,11-11-2021,84.22450
120503,Axis ELSS Tax Saver Fund - Direct Plan - Growth Option,Axis Mutual Fund,Open Ended Schemes,Equity Scheme - ELSS,10-11-2021,84.63630
120503,Axis ELSS Tax Saver Fund - Direct Plan - Growth Option,Axis Mutual Fund,Open Ended Schemes,Equity Scheme - ELSS,09-11-2021,84.46670
120503,Axis ELSS Tax Saver Fund - Direct Plan - Growth Option,Axis Mutual Fund,Open Ended Schemes,Equity Scheme - ELSS,08-11-2021,84.55360
120503,Axis ELSS Tax Saver Fund - Direct Plan - Growth Option,Axis Mutual Fund,Open Ended Schemes,Equity Scheme - ELSS,03-11-2021,83.35460
120503,Axis ELSS Tax Saver Fund - Direct Plan - Growth Option,Axis Mutual Fund,Open Ended Schemes,Equity Scheme - ELSS,02-11-2021,83.39710
120503,Axis ELSS Tax Saver Fund - Direct Plan - Growth Option,Axis Mutual Fund,Open Ended Schemes,Equity Scheme - ELSS,01-11-2021,83.47440
120503,Axis ELSS Tax Saver Fund - Direct Plan - Growth Option,Axis Mutual Fund,Open Ended Schemes,Equity Scheme - ELSS,29-10-2021,82.63970
120503,Axis ELSS Tax Saver Fund - Direct Plan - Growth Option,Axis Mutual Fund,Open Ended Schemes,Equity Scheme - ELSS,28-10-2021,83.23160
120503,Axis ELSS Tax Saver Fund - Direct Plan - Growth Option,Axis Mutual Fund,Open Ended Schemes,Equity Scheme - ELSS,27-10-2021,84.00770
120503,Axis ELSS Tax Saver Fund - Direct Plan - Growth Option,Axis Mutual Fund,Open Ended Schemes,Equity Scheme - ELSS,26-10-2021,83.76370
120503,Axis ELSS Tax Saver Fund - Direct Plan - Growth Option,Axis Mutual Fund,Open Ended Schemes,Equity Scheme - ELSS,25-10-2021,82.46210
120503,Axis ELSS Tax Saver Fund - Direct Plan - Growth Option,Axis Mutual Fund,Open Ended Schemes,Equity Scheme - ELSS,22-10-2021,83.97380
120503,Axis ELSS Tax Saver Fund - Direct Plan - Growth Option,Axis Mutual Fund,Open Ended Schemes,Equity Scheme - ELSS,21-10-2021,84.61130
120503,Axis ELSS Tax Saver Fund - Direct Plan - Growth Option,Axis Mutual Fund,Open Ended Schemes,Equity Scheme - ELSS,20-10-2021,84.89230
120503,Axis ELSS Tax Saver Fund - Direct Plan - Growth Option,Axis Mutual Fund,Open Ended Schemes,Equity Scheme - ELSS,19-10-2021,86.14440
120503,Axis ELSS Tax Saver Fund - Direct Plan - Growth Option,Axis Mutual Fund,Open Ended Schemes,Equity Scheme - ELSS,18-10-2021,86.90600
120503,Axis ELSS Tax Saver Fund - Direct Plan - Growth Option,Axis Mutual Fund,Open Ended Schemes,Equity Scheme - ELSS,14-10-2021,87.46590
120503,Axis ELSS Tax Saver Fund - Direct Plan - Growth Option,Axis Mutual Fund,Open Ended Schemes,Equity Scheme - ELSS,13-10-2021,86.62020
120503,Axis ELSS Tax Saver Fund - Direct Plan - Growth Option,Axis Mutual Fund,Open Ended Schemes,Equity Scheme - ELSS,12-10-2021,85.27210
120503,Axis ELSS Tax Saver Fund - Direct Plan - Growth Option,Axis Mutual Fund,Open Ended Schemes,Equity Scheme - ELSS,11-10-2021,84.95350
120503,Axis ELSS Tax Saver Fund - Direct Plan - Growth Option,Axis Mutual Fund,Open Ended Schemes,Equity Scheme - ELSS,08-10-2021,84.27220
120503,Axis ELSS Tax Saver Fund - Direct Plan - Growth Option,Axis Mutual Fund,Open Ended Schemes,Equity Scheme - ELSS,07-10-2021,84.11600
120503,Axis ELSS Tax Saver Fund - Direct Plan - Growth Option,Axis Mutual Fund,Open Ended Schemes,Equity Scheme - ELSS,06-10-2021,83.39560
120503,Axis ELSS Tax Saver Fund - Direct Plan - Growth Option,Axis Mutual Fund,Open Ended Schemes,Equity Scheme - ELSS,05-10-2021,83.94340
120503,Axis ELSS Tax Saver Fund - Direct Plan - Growth Option,Axis Mutual Fund,Open Ended Schemes,Equity Scheme - ELSS,04-10-2021,83.61990
120503,Axis ELSS Tax Saver Fund - Direct Plan - Growth Option,Axis Mutual Fund,Open Ended Schemes,Equity Scheme - ELSS,01-10-2021,82.35330
120503,Axis ELSS Tax Saver Fund - Direct Plan - Growth Option,Axis Mutual Fund,Open Ended Schemes,Equity Scheme - ELSS,30-09-2021,82.84970
120503,Axis ELSS Tax Saver Fund - Direct Plan - Growth Option,Axis Mutual Fund,Open Ended Schemes,Equity Scheme - ELSS,29-09-2021,82.96260
120503,Axis ELSS Tax Saver Fund - Direct Plan - Growth Option,Axis Mutual Fund,Open Ended Schemes,Equity Scheme - ELSS,28-09-2021,83.29620
120503,Axis ELSS Tax Saver Fund - Direct Plan - Growth Option,Axis Mutual Fund,Open Ended Schemes,Equity Scheme - ELSS,27-09-2021,84.31820
120503,Axis ELSS Tax Saver Fund - Direct Plan - Growth Option,Axis Mutual Fund,Open Ended Schemes,Equity Scheme - ELSS,24-09-2021,84.76600
120503,Axis ELSS Tax Saver Fund - Direct Plan - Growth Option,Axis Mutual Fund,Open Ended Schemes,Equity Scheme - ELSS,23-09-2021,85.18460
120503,Axis ELSS Tax Saver Fund - Direct Plan - Growth Option,Axis Mutual Fund,Open Ended Schemes,Equity Scheme - ELSS,22-09-2021,84.22830
120503,Axis ELSS Tax Saver Fund - Direct Plan - Growth Option,Axis Mutual Fund,Open Ended Schemes,Equity Scheme - ELSS,21-09-2021,84.28970
120503,Axis ELSS Tax Saver Fund - Direct Plan - Growth Option,Axis Mutual Fund,Open Ended Schemes,Equity Scheme - ELSS,20-09-2021,83.20590
120503,Axis ELSS Tax Saver Fund - Direct Plan - Growth Option,Axis Mutual Fund,Open Ended Schemes,Equity Scheme - ELSS,17-09-2021,83.71540
120503,Axis ELSS Tax Saver Fund - Direct Plan - Growth Option,Axis Mutual Fund,Open Ended Schemes,Equity Scheme - ELSS,16-09-2021,83.81020
120503,Axis ELSS Tax Saver Fund - Direct Plan - Growth Option,Axis Mutual Fund,Open Ended Schemes,Equity Scheme - ELSS,15-09-2021,83.38850
120503,Axis ELSS Tax Saver Fund - Direct Plan - Growth Option,Axis Mutual Fund,Open Ended Schemes,Equity Scheme - ELSS,14-09-2021,83.01890
120503,Axis ELSS Tax Saver Fund - Direct Plan - Growth Option,Axis Mutual Fund,Open Ended Schemes,Equity Scheme - ELSS,13-09-2021,82.68540
120503,Axis ELSS Tax Saver Fund - Direct Plan - Growth Option,Axis Mutual Fund,Open Ended Schemes,Equity Scheme - ELSS,09-09-2021,82.25500
120503,Axis ELSS Tax Saver Fund - Direct Plan - Growth Option,Axis Mutual Fund,Open Ended Schemes,Equity Scheme - ELSS,08-09-2021,82.07390
120503,Axis ELSS Tax Saver Fund - Direct Plan - Growth Option,Axis Mutual Fund,Open Ended Schemes,Equity Scheme - ELSS,07-09-2021,81.79860
120503,Axis ELSS Tax Saver Fund - Direct Plan - Growth Option,Axis Mutual Fund,Open Ended Schemes,Equity Scheme - ELSS,06-09-2021,81.97260
120503,Axis ELSS Tax Saver Fund - Direct Plan - Growth Option,Axis Mutual Fund,Open Ended Schemes,Equity Scheme - ELSS,03-09-2021,82.01040
120503,Axis ELSS Tax Saver Fund - Direct Plan - Growth Option,Axis Mutual Fund,Open Ended Schemes,Equity Scheme - ELSS,02-09-2021,81.86400
120503,Axis ELSS Tax Saver Fund - Direct Plan - Growth Option,Axis Mutual Fund,Open Ended Schemes,Equity Scheme - ELSS,01-09-2021,81.30880
120503,Axis ELSS Tax Saver Fund - Direct Plan - Growth Option,Axis Mutual Fund,Open Ended Schemes,Equity Scheme - ELSS,31-08-2021,81.28690
120503,Axis ELSS Tax Saver Fund - Direct Plan - Growth Option,Axis Mutual Fund,Open Ended Schemes,Equity Scheme - ELSS,30-08-2021,80.04450
120503,Axis ELSS Tax Saver Fund - Direct Plan - Growth Option,Axis Mutual Fund,Open Ended Schemes,Equity Scheme - ELSS,27-08-2021,78.81440
120503,Axis ELSS Tax Saver Fund - Direct Plan - Growth Option,Axis Mutual Fund,Open Ended Schemes,Equity Scheme - ELSS,26-08-2021,78.26800
120503,Axis ELSS Tax Saver Fund - Direct Plan - Growth Option,Axis Mutual Fund,Open Ended Schemes,Equity Scheme - ELSS,25-08-2021,77.98290
120503,Axis ELSS Tax Saver Fund - Direct Plan - Growth Option,Axis Mutual Fund,Open Ended Schemes,Equity Scheme - ELSS,24-08-2021,77.68420
120503,Axis ELSS Tax Saver Fund - Direct Plan - Growth Option,Axis Mutual Fund,Open Ended Schemes,Equity Scheme - ELSS,23-08-2021,76.71500
120503,Axis ELSS Tax Saver Fund - Direct Plan - Growth Option,Axis Mutual Fund,Open Ended Schemes,Equity Scheme - ELSS,20-08-2021,76.35210
120503,Axis ELSS Tax Saver Fund - Direct Plan - Growth Option,Axis Mutual Fund,Open Ended Schemes,Equity Scheme - ELSS,18-08-2021,76.62040
120503,Axis ELSS Tax Saver Fund - Direct Plan - Growth Option,Axis Mutual Fund,Open Ended Schemes,Equity Scheme - ELSS,17-08-2021,76.41590
120503,Axis ELSS Tax Saver Fund - Direct Plan - Growth Option,Axis Mutual Fund,Open Ended Schemes,Equity Scheme - ELSS,16-08-2021,76.03970
120503,Axis ELSS Tax Saver Fund - Direct Plan - Growth Option,Axis Mutual Fund,Open Ended Schemes,Equity Scheme - ELSS,13-08-2021,75.96530
120503,Axis ELSS Tax Saver Fund - Direct Plan - Growth Option,Axis Mutual Fund,Open Ended Schemes,Equity Scheme - ELSS,12-08-2021,75.66080
120503,Axis ELSS Tax Saver Fund - Direct Plan - Growth Option,Axis Mutual Fund,Open Ended Schemes,Equity Scheme - ELSS,11-08-2021,75.30450
120503,Axis ELSS Tax Saver Fund - Direct Plan - Growth Option,Axis Mutual Fund,Open Ended Schemes,Equity Scheme - ELSS,10-08-2021,75.58590
120503,Axis ELSS Tax Saver Fund - Direct Plan - Growth Option,Axis Mutual Fund,Open Ended Schemes,Equity Scheme - ELSS,09-08-2021,75.58040
120503,Axis ELSS Tax Saver Fund - Direct Plan - Growth Option,Axis Mutual Fund,Open Ended Schemes,Equity Scheme - ELSS,06-08-2021,75.81310
120503,Axis ELSS Tax Saver Fund - Direct Plan - Growth Option,Axis Mutual Fund,Open Ended Schemes,Equity Scheme - ELSS,05-08-2021,76.00800
120503,Axis ELSS Tax Saver Fund - Direct Plan - Growth Option,Axis Mutual Fund,Open Ended Schemes,Equity Scheme - ELSS,04-08-2021,76.02100
120503,Axis ELSS Tax Saver Fund - Direct Plan - Growth Option,Axis Mutual Fund,Open Ended Schemes,Equity Scheme - ELSS,03-08-2021,75.93970
120503,Axis ELSS Tax Saver Fund - Direct Plan - Growth Option,Axis Mutual Fund,Open Ended Schemes,Equity Scheme - ELSS,02-08-2021,75.04370
120503,Axis ELSS Tax Saver Fund - Direct Plan - Growth Option,Axis Mutual Fund,Open Ended Schemes,Equity Scheme - ELSS,30-07-2021,74.22110
120503,Axis ELSS Tax Saver Fund - Direct Plan - Growth Option,Axis Mutual Fund,Open Ended Schemes,Equity Scheme - ELSS,29-07-2021,74.52880
120503,Axis ELSS Tax Saver Fund - Direct Plan - Growth Option,Axis Mutual Fund,Open Ended Schemes,Equity Scheme - ELSS,28-07-2021,74.12840
120503,Axis ELSS Tax Saver Fund - Direct Plan - Growth Option,Axis Mutual Fund,Open Ended Schemes,Equity Scheme - ELSS,27-07-2021,74.29400
120503,Axis ELSS Tax Saver Fund - Direct Plan - Growth Option,Axis Mutual Fund,Open Ended Schemes,Equity Scheme - ELSS,26-07-2021,74.45440
120503,Axis ELSS Tax Saver Fund - Direct Plan - Growth Option,Axis Mutual Fund,Open Ended Schemes,Equity Scheme - ELSS,23-07-2021,74.50250
120503,Axis ELSS Tax Saver Fund - Direct Plan - Growth Option,Axis Mutual Fund,Open Ended Schemes,Equity Scheme - ELSS,22-07-2021,74.58760
120503,Axis ELSS Tax Saver Fund - Direct Plan - Growth Option,Axis Mutual Fund,Open Ended Schemes,Equity Scheme - ELSS,20-07-2021,73.81280
120503,Axis ELSS Tax Saver Fund - Direct Plan - Growth Option,Axis Mutual Fund,Open Ended Schemes,Equity Scheme - ELSS,19-07-2021,73.99380
120503,Axis ELSS Tax Saver Fund - Direct Plan - Growth Option,Axis Mutual Fund,Open Ended Schemes,Equity Scheme - ELSS,16-07-2021,74.36360
120503,Axis ELSS Tax Saver Fund - Direct Plan - Growth Option,Axis Mutual Fund,Open Ended Schemes,Equity Scheme - ELSS,15-07-2021,74.29240
120503,Axis ELSS Tax Saver Fund - Direct Plan - Growth Option,Axis Mutual Fund,Open Ended Schemes,Equity Scheme - ELSS,14-07-2021,74.21800
120503,Axis ELSS Tax Saver Fund - Direct Plan - Growth Option,Axis Mutual Fund,Open Ended Schemes,Equity Scheme - ELSS,13-07-2021,74.04380
120503,Axis ELSS Tax Saver Fund - Direct Plan - Growth Option,Axis Mutual Fund,Open Ended Schemes,Equity Scheme - ELSS,12-07-2021,74.04740
120503,Axis ELSS Tax Saver Fund - Direct Plan - Growth Option,Axis Mutual Fund,Open Ended Schemes,Equity Scheme - ELSS,09-07-2021,74.07950
120503,Axis ELSS Tax Saver Fund - Direct Plan - Growth Option,Axis Mutual Fund,Open Ended Schemes,Equity Scheme - ELSS,08-07-2021,73.93630
120503,Axis ELSS Tax Saver Fund - Direct Plan - Growth Option,Axis Mutual Fund,Open Ended Schemes,Equity Scheme - ELSS,07-07-2021,74.23310
120503,Axis ELSS Tax Saver Fund - Direct Plan - Growth Option,Axis Mutual Fund,Open Ended Schemes,Equity Scheme - ELSS,06-07-2021,73.99220
120503,Axis ELSS Tax Saver Fund - Direct Plan - Growth Option,Axis Mutual Fund,Open Ended Schemes,Equity Scheme - ELSS,05-07-2021,74.02000
120503,Axis ELSS Tax Saver Fund - Direct Plan - Growth Option,Axis Mutual Fund,Open Ended Schemes,Equity Scheme - ELSS,02-07-2021,73.43830
120503,Axis ELSS Tax Saver Fund - Direct Plan - Growth Option,Axis Mutual Fund,Open Ended Schemes,Equity Scheme - ELSS,01-07-2021,73.12560
120503,Axis ELSS Tax Saver Fund - Direct Plan - Growth Option,Axis Mutual Fund,Open Ended Schemes,Equity Scheme - ELSS,30-06-2021,72.87230
120503,Axis ELSS Tax Saver Fund - Direct Plan - Growth Option,Axis Mutual Fund,Open Ended Schemes,Equity Scheme - ELSS,29-06-2021,72.72600
120503,Axis ELSS Tax Saver Fund - Direct Plan - Growth Option,Axis Mutual Fund,Open Ended Schemes,Equity Scheme - ELSS,28-06-2021,72.85310
120503,Axis ELSS Tax Saver Fund - Direct Plan - Growth Option,Axis Mutual Fund,Open Ended Schemes,Equity Scheme - ELSS,25-06-2021,72.87840
120503,Axis ELSS Tax Saver Fund - Direct Plan - Growth Option,Axis Mutual Fund,Open Ended Schemes,Equity Scheme - ELSS,24-06-2021,72.52260
120503,Axis ELSS Tax Saver Fund - Direct Plan - Growth Option,Axis Mutual Fund,Open Ended Schemes,Equity Scheme - ELSS,23-06-2021,72.13870
120503,Axis ELSS Tax Saver Fund - Direct Plan - Growth Option,Axis Mutual Fund,Open Ended Schemes,Equity Scheme - ELSS,22-06-2021,72.52650
120503,Axis ELSS Tax Saver Fund - Direct Plan - Growth Option,Axis Mutual Fund,Open Ended Schemes,Equity Scheme - ELSS,21-06-2021,72.38460
120503,Axis ELSS Tax Saver Fund - Direct Plan - Growth Option,Axis Mutual Fund,Open Ended Schemes,Equity Scheme - ELSS,18-06-2021,72.19310
120503,Axis ELSS Tax Saver Fund - Direct Plan - Growth Option,Axis Mutual Fund,Open Ended Schemes,Equity Scheme - ELSS,17-06-2021,72.36830
120503,Axis ELSS Tax Saver Fund - Direct Plan - Growth Option,Axis Mutual Fund,Open Ended Schemes,Equity Scheme - ELSS,16-06-2021,72.63850
120503,Axis ELSS Tax Saver Fund - Direct Plan - Growth Option,Axis Mutual Fund,Open Ended Schemes,Equity Scheme - ELSS,15-06-2021,72.85870
120503,Axis ELSS Tax Saver Fund - Direct Plan - Growth Option,Axis Mutual Fund,Open Ended Schemes,Equity Scheme - ELSS,14-06-2021,72.45230
120503,Axis ELSS Tax Saver Fund - Direct Plan - Growth Option,Axis Mutual Fund,Open Ended Schemes,Equity Scheme - ELSS,11-06-2021,72.25290
120503,Axis ELSS Tax Saver Fund - Direct Plan - Growth Option,Axis Mutual Fund,Open Ended Schemes,Equity Scheme - ELSS,10-06-2021,72.36120
120503,Axis ELSS Tax Saver Fund - Direct Plan - Growth Option,Axis Mutual Fund,Open Ended Schemes,Equity Scheme - ELSS,09-06-2021,71.40790
120503,Axis ELSS Tax Saver Fund - Direct Plan - Growth Option,Axis Mutual Fund,Open Ended Schemes,Equity Scheme - ELSS,08-06-2021,71.68200
120503,Axis ELSS Tax Saver Fund - Direct Plan - Growth Option,Axis Mutual Fund,Open Ended Schemes,Equity Scheme - ELSS,07-06-2021,71.68210
120503,Axis ELSS Tax Saver Fund - Direct Plan - Growth Option,Axis Mutual Fund,Open Ended Schemes,Equity Scheme - ELSS,04-06-2021,71.58200
120503,Axis ELSS Tax Saver Fund - Direct Plan - Growth Option,Axis Mutual Fund,Open Ended Schemes,Equity Scheme - ELSS,03-06-2021,71.49500
120503,Axis ELSS Tax Saver Fund - Direct Plan - Growth Option,Axis Mutual Fund,Open Ended Schemes,Equity Scheme - ELSS,02-06-2021,70.94710
120503,Axis ELSS Tax Saver Fund - Direct Plan - Growth Option,Axis Mutual Fund,Open Ended Schemes,Equity Scheme - ELSS,01-06-2021,70.38080
120503,Axis ELSS Tax Saver Fund - Direct Plan - Growth Option,Axis Mutual Fund,Open Ended Schemes,Equity Scheme - ELSS,31-05-2021,70.24530
120503,Axis ELSS Tax Saver Fund - Direct Plan - Growth Option,Axis Mutual Fund,Open Ended Schemes,Equity Scheme - ELSS,28-05-2021,69.84830
120503,Axis ELSS Tax Saver Fund - Direct Plan - Growth Option,Axis Mutual Fund,Open Ended Schemes,Equity Scheme - ELSS,27-05-2021,70.01340
120503,Axis ELSS Tax Saver Fund - Direct Plan - Growth Option,Axis Mutual Fund,Open Ended Schemes,Equity Scheme - ELSS,26-05-2021,69.89610
120503,Axis ELSS Tax Saver Fund - Direct Plan - Growth Option,Axis Mutual Fund,Open Ended Schemes,Equity Scheme - ELSS,25-05-2021,69.31040
120503,Axis ELSS Tax Saver Fund - Direct Plan - Growth Option,Axis Mutual Fund,Open Ended Schemes,Equity Scheme - ELSS,24-05-2021,69.08210
120503,Axis ELSS Tax Saver Fund - Direct Plan - Growth Option,Axis Mutual Fund,Open Ended Schemes,Equity Scheme - ELSS,21-05-2021,69.05250
120503,Axis ELSS Tax Saver Fund - Direct Plan - Growth Option,Axis Mutual Fund,Open Ended Schemes,Equity Scheme - ELSS,20-05-2021,68.11950
120503,Axis ELSS Tax Saver Fund - Direct Plan - Growth Option,Axis Mutual Fund,Open Ended Schemes,Equity Scheme - ELSS,19-05-2021,68.42750
120503,Axis ELSS Tax Saver Fund - Direct Plan - Growth Option,Axis Mutual Fund,Open Ended Schemes,Equity Scheme - ELSS,18-05-2021,68.70870
120503,Axis ELSS Tax Saver Fund - Direct Plan - Growth Option,Axis Mutual Fund,Open Ended Schemes,Equity Scheme - ELSS,17-05-2021,67.36970
120503,Axis ELSS Tax Saver Fund - Direct Plan - Growth Option,Axis Mutual Fund,Open Ended Schemes,Equity Scheme - ELSS,14-05-2021,66.53560
120503,Axis ELSS Tax Saver Fund - Direct Plan - Growth Option,Axis Mutual Fund,Open Ended Schemes,Equity Scheme - ELSS,12-05-2021,66.96750
120503,Axis ELSS Tax Saver Fund - Direct Plan - Growth Option,Axis Mutual Fund,Open Ended Schemes,Equity Scheme - ELSS,11-05-2021,67.54220
120503,Axis ELSS Tax Saver Fund - Direct Plan - Growth Option,Axis Mutual Fund,Open Ended Schemes,Equity Scheme - ELSS,10-05-2021,68.10780
120503,Axis ELSS Tax Saver Fund - Direct Plan - Growth Option,Axis Mutual Fund,Open Ended Schemes,Equity Scheme - ELSS,07-05-2021,67.55800
120503,Axis ELSS Tax Saver Fund - Direct Plan - Growth Option,Axis Mutual Fund,Open Ended Schemes,Equity Scheme - ELSS,06-05-2021,67.50740
120503,Axis ELSS Tax Saver Fund - Direct Plan - Growth Option,Axis Mutual Fund,Open Ended Schemes,Equity Scheme - ELSS,05-05-2021,67.16500
120503,Axis ELSS Tax Saver Fund - Direct Plan - Growth Option,Axis Mutual Fund,Open Ended Schemes,Equity Scheme - ELSS,04-05-2021,66.65410
120503,Axis ELSS Tax Saver Fund - Direct Plan - Growth Option,Axis Mutual Fund,Open Ended Schemes,Equity Scheme - ELSS,03-05-2021,67.08750
120503,Axis ELSS Tax Saver Fund - Direct Plan - Growth Option,Axis Mutual Fund,Open Ended Schemes,Equity Scheme - ELSS,30-04-2021,66.92640
120503,Axis ELSS Tax Saver Fund - Direct Plan - Growth Option,Axis Mutual Fund,Open Ended Schemes,Equity Scheme - ELSS,29-04-2021,68.02920
120503,Axis ELSS Tax Saver Fund - Direct Plan - Growth Option,Axis Mutual Fund,Open Ended Schemes,Equity Scheme - ELSS,28-04-2021,67.93580
120503,Axis ELSS Tax Saver Fund - Direct Plan - Growth Option,Axis Mutual Fund,Open Ended Schemes,Equity Scheme - ELSS,27-04-2021,66.59240
120503,Axis ELSS Tax Saver Fund - Direct Plan - Growth Option,Axis Mutual Fund,Open Ended Schemes,Equity Scheme - ELSS,26-04-2021,65.85620
120503,Axis ELSS Tax Saver Fund - Direct Plan - Growth Option,Axis Mutual Fund,Open Ended Schemes,Equity Scheme - ELSS,23-04-2021,65.46560
120503,Axis ELSS Tax Saver Fund - Direct Plan - Growth Option,Axis Mutual Fund,Open Ended Schemes,Equity Scheme - ELSS,22-04-2021,65.40390
120503,Axis ELSS Tax Saver Fund - Direct Plan - Growth Option,Axis Mutual Fund,Open Ended Schemes,Equity Scheme - ELSS,20-04-2021,65.01740
120503,Axis ELSS Tax Saver Fund - Direct Plan - Growth Option,Axis Mutual Fund,Open Ended Schemes,Equity Scheme - ELSS,19-04-2021,65.09080
120503,Axis ELSS Tax Saver Fund - Direct Plan - Growth Option,Axis Mutual Fund,Open Ended Schemes,Equity Scheme - ELSS,16-04-2021,66.37230
120503,Axis ELSS Tax Saver Fund - Direct Plan - Growth Option,Axis Mutual Fund,Open Ended Schemes,Equity Scheme - ELSS,15-04-2021,65.77740
120503,Axis ELSS Tax Saver Fund - Direct Plan - Growth Option,Axis Mutual Fund,Open Ended Schemes,Equity Scheme - ELSS,13-04-2021,65.59480
120503,Axis ELSS Tax Saver Fund - Direct Plan - Growth Option,Axis Mutual Fund,Open Ended Schemes,Equity Scheme - ELSS,12-04-2021,65.22200
120503,Axis ELSS Tax Saver Fund - Direct Plan - Growth Option,Axis Mutual Fund,Open Ended Schemes,Equity Scheme - ELSS,09-04-2021,67.70330
120503,Axis ELSS Tax Saver Fund - Direct Plan - Growth Option,Axis Mutual Fund,Open Ended Schemes,Equity Scheme - ELSS,08-04-2021,67.89580
120503,Axis ELSS Tax Saver Fund - Direct Plan - Growth Option,Axis Mutual Fund,Open Ended Schemes,Equity Scheme - ELSS,07-04-2021,67.41550
120503,Axis ELSS Tax Saver Fund - Direct Plan - Growth Option,Axis Mutual Fund,Open Ended Schemes,Equity Scheme - ELSS,06-04-2021,66.39850
120503,Axis ELSS Tax Saver Fund - Direct Plan - Growth Option,Axis Mutual Fund,Open Ended Schemes,Equity Scheme - ELSS,05-04-2021,66.11320
120503,Axis ELSS Tax Saver Fund - Direct Plan - Growth Option,Axis Mutual Fund,Open Ended Schemes,Equity Scheme - ELSS,01-04-2021,67.03710
120503,Axis ELSS Tax Saver Fund - Direct Plan - Growth Option,Axis Mutual Fund,Open Ended Schemes,Equity Scheme - ELSS,31-03-2021,66.34990
120503,Axis ELSS Tax Saver Fund - Direct Plan - Growth Option,Axis Mutual Fund,Open Ended Schemes,Equity Scheme - ELSS,30-03-2021,66.56790
120503,Axis ELSS Tax Saver Fund - Direct Plan - Growth Option,Axis Mutual Fund,Open Ended Schemes,Equity Scheme - ELSS,26-03-2021,65.79040
120503,Axis ELSS Tax Saver Fund - Direct Plan - Growth Option,Axis Mutual Fund,Open Ended Schemes,Equity Scheme - ELSS,25-03-2021,64.86400
120503,Axis ELSS Tax Saver Fund - Direct Plan - Growth Option,Axis Mutual Fund,Open Ended Schemes,Equity Scheme - ELSS,24-03-2021,66.14120
120503,Axis ELSS Tax Saver Fund - Direct Plan - Growth Option,Axis Mutual Fund,Open Ended Schemes,Equity Scheme - ELSS,23-03-2021,67.25210
120503,Axis ELSS Tax Saver Fund - Direct Plan - Growth Option,Axis Mutual Fund,Open Ended Schemes,Equity Scheme - ELSS,22-03-2021,66.80210
120503,Axis ELSS Tax Saver Fund - Direct Plan - Growth Option,Axis Mutual Fund,Open Ended Schemes,Equity Scheme - ELSS,19-03-2021,66.75290
120503,Axis ELSS Tax Saver Fund - Direct Plan - Growth Option,Axis Mutual Fund,Open Ended Schemes,Equity Scheme - ELSS,18-03-2021,66.27190
120503,Axis ELSS Tax Saver Fund - Direct Plan - Growth Option,Axis Mutual Fund,Open Ended Schemes,Equity Scheme - ELSS,17-03-2021,67.23230
120503,Axis ELSS Tax Saver Fund - Direct Plan - Growth Option,Axis Mutual Fund,Open Ended Schemes,Equity Scheme - ELSS,16-03-2021,68.03440
120503,Axis ELSS Tax Saver Fund - Direct Plan - Growth Option,Axis Mutual Fund,Open Ended Schemes,Equity Scheme - ELSS,15-03-2021,67.98140
120503,Axis ELSS Tax Saver Fund - Direct Plan - Growth Option,Axis Mutual Fund,Open Ended Schemes,Equity Scheme - ELSS,12-03-2021,68.38530
120503,Axis ELSS Tax Saver Fund - Direct Plan - Growth Option,Axis Mutual Fund,Open Ended Schemes,Equity Scheme - ELSS,10-03-2021,68.90640
120503,Axis ELSS Tax Saver Fund - Direct Plan - Growth Option,Axis Mutual Fund,Open Ended Schemes,Equity Scheme - ELSS,09-03-2021,68.54100
120503,Axis ELSS Tax Saver Fund - Direct Plan - Growth Option,Axis Mutual Fund,Open Ended Schemes,Equity Scheme - ELSS,08-03-2021,68.05120
120503,Axis ELSS Tax Saver Fund - Direct Plan - Growth Option,Axis Mutual Fund,Open Ended Schemes,Equity Scheme - ELSS,05-03-2021,68.45400
120503,Axis ELSS Tax Saver Fund - Direct Plan - Growth Option,Axis Mutual Fund,Open Ended Schemes,Equity Scheme - ELSS,04-03-2021,68.94310
120503,Axis ELSS Tax Saver Fund - Direct Plan - Growth Option,Axis Mutual Fund,Open Ended Schemes,Equity Scheme - ELSS,03-03-2021,69.12730
120503,Axis ELSS Tax Saver Fund - Direct Plan - Growth Option,Axis Mutual Fund,Open Ended Schemes,Equity Scheme - ELSS,02-03-2021,67.81400
120503,Axis ELSS Tax Saver Fund - Direct Plan - Growth Option,Axis Mutual Fund,Open Ended Schemes,Equity Scheme - ELSS,01-03-2021,66.63360
120503,Axis ELSS Tax Saver Fund - Direct Plan - Growth Option,Axis Mutual Fund,Open Ended Schemes,Equity Scheme - ELSS,26-02-2021,65.79060
120503,Axis ELSS Tax Saver Fund - Direct Plan - Growth Option,Axis Mutual Fund,Open Ended Schemes,Equity Scheme - ELSS,25-02-2021,67.54930
120503,Axis ELSS Tax Saver Fund - Direct Plan - Growth Option,Axis Mutual Fund,Open Ended Schemes,Equity Scheme - ELSS,24-02-2021,67.37510
120503,Axis ELSS Tax Saver Fund - Direct Plan - Growth Option,Axis Mutual Fund,Open Ended Schemes,Equity Scheme - ELSS,23-02-2021,66.86440
120503,Axis ELSS Tax Saver Fund - Direct Plan - Growth Option,Axis Mutual Fund,Open Ended Schemes,Equity Scheme - ELSS,22-02-2021,66.78850
120503,Axis ELSS Tax Saver Fund - Direct Plan - Growth Option,Axis Mutual Fund,Open Ended Schemes,Equity Scheme - ELSS,19-02-2021,67.92120
120503,Axis ELSS Tax Saver Fund - Direct Plan - Growth Option,Axis Mutual Fund,Open Ended Schemes,Equity Scheme - ELSS,18-02-2021,68.51850
120503,Axis ELSS Tax Saver Fund - Direct Plan - Growth Option,Axis Mutual Fund,Open Ended Schemes,Equity Scheme - ELSS,17-02-2021,68.69670
120503,Axis ELSS Tax Saver Fund - Direct Plan - Growth Option,Axis Mutual Fund,Open Ended Schemes,Equity Scheme - ELSS,16-02-2021,69.34180
120503,Axis ELSS Tax Saver Fund - Direct Plan - Growth Option,Axis Mutual Fund,Open Ended Schemes,Equity Scheme - ELSS,15-02-2021,69.39970
120503,Axis ELSS Tax Saver Fund - Direct Plan - Growth Option,Axis Mutual Fund,Open Ended Schemes,Equity Scheme - ELSS,12-02-2021,68.10070
120503,Axis ELSS Tax Saver Fund - Direct Plan - Growth Option,Axis Mutual Fund,Open Ended Schemes,Equity Scheme - ELSS,11-02-2021,68.11780
120503,Axis ELSS Tax Saver Fund - Direct Plan - Growth Option,Axis Mutual Fund,Open Ended Schemes,Equity Scheme - ELSS,10-02-2021,67.59000
120503,Axis ELSS Tax Saver Fund - Direct Plan - Growth Option,Axis Mutual Fund,Open Ended Schemes,Equity Scheme - ELSS,09-02-2021,66.95630
120503,Axis ELSS Tax Saver Fund - Direct Plan - Growth Option,Axis Mutual Fund,Open Ended Schemes,Equity Scheme - ELSS,08-02-2021,67.12980
120503,Axis ELSS Tax Saver Fund - Direct Plan - Growth Option,Axis Mutual Fund,Open Ended Schemes,Equity Scheme - ELSS,05-02-2021,66.37720
120503,Axis ELSS Tax Saver Fund - Direct Plan - Growth Option,Axis Mutual Fund,Open Ended Schemes,Equity Scheme - ELSS,04-02-2021,66.21600
120503,Axis ELSS Tax Saver Fund - Direct Plan - Growth Option,Axis Mutual Fund,Open Ended Schemes,Equity Scheme - ELSS,03-02-2021,65.46140
120503,Axis ELSS Tax Saver Fund - Direct Plan - Growth Option,Axis Mutual Fund,Open Ended Schemes,Equity Scheme - ELSS,02-02-2021,64.98170
120503,Axis ELSS Tax Saver Fund - Direct Plan - Growth Option,Axis Mutual Fund,Open Ended Schemes,Equity Scheme - ELSS,01-02-2021,63.29090
120503,Axis ELSS Tax Saver Fund - Direct Plan - Growth Option,Axis Mutual Fund,Open Ended Schemes,Equity Scheme - ELSS,29-01-2021,61.01280
120503,Axis ELSS Tax Saver Fund - Direct Plan - Growth Option,Axis Mutual Fund,Open Ended Schemes,Equity Scheme - ELSS,28-01-2021,62.26460
120503,Axis ELSS Tax Saver Fund - Direct Plan - Growth Option,Axis Mutual Fund,Open Ended Schemes,Equity Scheme - ELSS,27-01-2021,63.20010
120503,Axis ELSS Tax Saver Fund - Direct Plan - Growth Option,Axis Mutual Fund,Open Ended Schemes,Equity Scheme - ELSS,25-01-2021,64.42040
120503,Axis ELSS Tax Saver Fund - Direct Plan - Growth Option,Axis Mutual Fund,Open Ended Schemes,Equity Scheme - ELSS,22-01-2021,65.04580
120503,Axis ELSS Tax Saver Fund - Direct Plan - Growth Option,Axis Mutual Fund,Open Ended Schemes,Equity Scheme - ELSS,21-01-2021,65.36360
120503,Axis ELSS Tax Saver Fund - Direct Plan - Growth Option,Axis Mutual Fund,Open Ended Schemes,Equity Scheme - ELSS,20-01-2021,65.64150
120503,Axis ELSS Tax Saver Fund - Direct Plan - Growth Option,Axis Mutual Fund,Open Ended Schemes,Equity Scheme - ELSS,19-01-2021,65.16440
120503,Axis ELSS Tax Saver Fund - Direct Plan - Growth Option,Axis Mutual Fund,Open Ended Schemes,Equity Scheme - ELSS,18-01-2021,63.96970
120503,Axis ELSS Tax Saver Fund - Direct Plan - Growth Option,Axis Mutual Fund,Open Ended Schemes,Equity Scheme - ELSS,15-01-2021,65.18070
120503,Axis ELSS Tax Saver Fund - Direct Plan - Growth Option,Axis Mutual Fund,Open Ended Schemes,Equity Scheme - ELSS,14-01-2021,66.07550
120503,Axis ELSS Tax Saver Fund - Direct Plan - Growth Option,Axis Mutual Fund,Open Ended Schemes,Equity Scheme - ELSS,13-01-2021,66.05340
120503,Axis ELSS Tax Saver Fund - Direct Plan - Growth Option,Axis Mutual Fund,Open Ended Schemes,Equity Scheme - ELSS,12-01-2021,66.90930
120503,Axis ELSS Tax Saver Fund - Direct Plan - Growth Option,Axis Mutual Fund,Open Ended Schemes,Equity Scheme - ELSS,11-01-2021,67.18550
120503,Axis ELSS Tax Saver Fund - Direct Plan - Growth Option,Axis Mutual Fund,Open Ended Schemes,Equity Scheme - ELSS,08-01-2021,66.77000
120503,Axis ELSS Tax Saver Fund - Direct Plan - Growth Option,Axis Mutual Fund,Open Ended Schemes,Equity Scheme - ELSS,07-01-2021,65.75040
120503,Axis ELSS Tax Saver Fund - Direct Plan - Growth Option,Axis Mutual Fund,Open Ended Schemes,Equity Scheme - ELSS,06-01-2021,65.87410
120503,Axis ELSS Tax Saver Fund - Direct Plan - Growth Option,Axis Mutual Fund,Open Ended Schemes,Equity Scheme - ELSS,05-01-2021,66.38710
120503,Axis ELSS Tax Saver Fund - Direct Plan - Growth Option,Axis Mutual Fund,Open Ended Schemes,Equity Scheme - ELSS,04-01-2021,65.56810
120503,Axis ELSS Tax Saver Fund - Direct Plan - Growth Option,Axis Mutual Fund,Open Ended Schemes,Equity Scheme - ELSS,01-01-2021,64.98200
120503,Axis ELSS Tax Saver Fund - Direct Plan - Growth Option,Axis Mutual Fund,Open Ended Schemes,Equity Scheme - ELSS,31-12-2020,64.68050
120503,Axis ELSS Tax Saver Fund - Direct Plan - Growth Option,Axis Mutual Fund,Open Ended Schemes,Equity Scheme - ELSS,30-12-2020,64.54470
120503,Axis ELSS Tax Saver Fund - Direct Plan - Growth Option,Axis Mutual Fund,Open Ended Schemes,Equity Scheme - ELSS,29-12-2020,64.01140
120503,Axis ELSS Tax Saver Fund - Direct Plan - Growth Option,Axis Mutual Fund,Open Ended Schemes,Equity Scheme - ELSS,28-12-2020,63.94890
120503,Axis ELSS Tax Saver Fund - Direct Plan - Growth Option,Axis Mutual Fund,Open Ended Schemes,Equity Scheme - ELSS,24-12-2020,63.46840
120503,Axis ELSS Tax Saver Fund - Direct Plan - Growth Option,Axis Mutual Fund,Open Ended Schemes,Equity Scheme - ELSS,23-12-2020,63.04420
120503,Axis ELSS Tax Saver Fund - Direct Plan - Growth Option,Axis Mutual Fund,Open Ended Schemes,Equity Scheme - ELSS,22-12-2020,62.37500
120503,Axis ELSS Tax Saver Fund - Direct Plan - Growth Option,Axis Mutual Fund,Open Ended Schemes,Equity Scheme - ELSS,21-12-2020,61.97540
120503,Axis ELSS Tax Saver Fund - Direct Plan - Growth Option,Axis Mutual Fund,Open Ended Schemes,Equity Scheme - ELSS,18-12-2020,63.65400
120503,Axis ELSS Tax Saver Fund - Direct Plan - Growth Option,Axis Mutual Fund,Open Ended Schemes,Equity Scheme - ELSS,17-12-2020,63.30900
120503,Axis ELSS Tax Saver Fund - Direct Plan - Growth Option,Axis Mutual Fund,Open Ended Schemes,Equity Scheme - ELSS,16-12-2020,62.98740
120503,Axis ELSS Tax Saver Fund - Direct Plan - Growth Option,Axis Mutual Fund,Open Ended Schemes,Equity Scheme - ELSS,15-12-2020,62.62150
120503,Axis ELSS Tax Saver Fund - Direct Plan - Growth Option,Axis Mutual Fund,Open Ended Schemes,Equity Scheme - ELSS,14-12-2020,62.26950
120503,Axis ELSS Tax Saver Fund - Direct Plan - Growth Option,Axis Mutual Fund,Open Ended Schemes,Equity Scheme - ELSS,11-12-2020,61.96060
120503,Axis ELSS Tax Saver Fund - Direct Plan - Growth Option,Axis Mutual Fund,Open Ended Schemes,Equity Scheme - ELSS,10-12-2020,61.94250
120503,Axis ELSS Tax Saver Fund - Direct Plan - Growth Option,Axis Mutual Fund,Open Ended Schemes,Equity Scheme - ELSS,09-12-2020,61.85660
120503,Axis ELSS Tax Saver Fund - Direct Plan - Growth Option,Axis Mutual Fund,Open Ended Schemes,Equity Scheme - ELSS,08-12-2020,61.36440
120503,Axis ELSS Tax Saver Fund - Direct Plan - Growth Option,Axis Mutual Fund,Open Ended Schemes,Equity Scheme - ELSS,07-12-2020,61.17340
120503,Axis ELSS Tax Saver Fund - Direct Plan - Growth Option,Axis Mutual Fund,Open Ended Schemes,Equity Scheme - ELSS,04-12-2020,61.02140
120503,Axis ELSS Tax Saver Fund - Direct Plan - Growth Option,Axis Mutual Fund,Open Ended Schemes,Equity Scheme - ELSS,03-12-2020,60.73940
120503,Axis ELSS Tax Saver Fund - Direct Plan - Growth Option,Axis Mutual Fund,Open Ended Schemes,Equity Scheme - ELSS,02-12-2020,60.35070
120503,Axis ELSS Tax Saver Fund - Direct Plan - Growth Option,Axis Mutual Fund,Open Ended Schemes,Equity Scheme - ELSS,01-12-2020,60.50830
120503,Axis ELSS Tax Saver Fund - Direct Plan - Growth Option,Axis Mutual Fund,Open Ended Schemes,Equity Scheme - ELSS,27-11-2020,60.23530
120503,Axis ELSS Tax Saver Fund - Direct Plan - Growth Option,Axis Mutual Fund,Open Ended Schemes,Equity Scheme - ELSS,26-11-2020,59.79820
120503,Axis ELSS Tax Saver Fund - Direct Plan - Growth Option,Axis Mutual Fund,Open Ended Schemes,Equity Scheme - ELSS,25-11-2020,59.10820
120503,Axis ELSS Tax Saver Fund - Direct Plan - Growth Option,Axis Mutual Fund,Open Ended Schemes,Equity Scheme - ELSS,24-11-2020,60.10290
120503,Axis ELSS Tax Saver Fund - Direct Plan - Growth Option,Axis Mutual Fund,Open Ended Schemes,Equity Scheme - ELSS,23-11-2020,59.82240
120503,Axis ELSS Tax Saver Fund - Direct Plan - Growth Option,Axis Mutual Fund,Open Ended Schemes,Equity Scheme - ELSS,20-11-2020,59.13440
120503,Axis ELSS Tax Saver Fund - Direct Plan - Growth Option,Axis Mutual Fund,Open Ended Schemes,Equity Scheme - ELSS,19-11-2020,58.07420
120503,Axis ELSS Tax Saver Fund - Direct Plan - Growth Option,Axis Mutual Fund,Open Ended Schemes,Equity Scheme - ELSS,18-11-2020,58.58990
120503,Axis ELSS Tax Saver Fund - Direct Plan - Growth Option,Axis Mutual Fund,Open Ended Schemes,Equity Scheme - ELSS,17-11-2020,58.22120
120503,Axis ELSS Tax Saver Fund - Direct Plan - Growth Option,Axis Mutual Fund,Open Ended Schemes,Equity Scheme - ELSS,13-11-2020,57.22810
120503,Axis ELSS Tax Saver Fund - Direct Plan - Growth Option,Axis Mutual Fund,Open Ended Schemes,Equity Scheme - ELSS,12-11-2020,56.95530
120503,Axis ELSS Tax Saver Fund - Direct Plan - Growth Option,Axis Mutual Fund,Open Ended Schemes,Equity Scheme - ELSS,11-11-2020,56.94310
120503,Axis ELSS Tax Saver Fund - Direct Plan - Growth Option,Axis Mutual Fund,Open Ended Schemes,Equity Scheme - ELSS,10-11-2020,56.29030
120503,Axis ELSS Tax Saver Fund - Direct Plan - Growth Option,Axis Mutual Fund,Open Ended Schemes,Equity Scheme - ELSS,09-11-2020,55.96570
120503,Axis ELSS Tax Saver Fund - Direct Plan - Growth Option,Axis Mutual Fund,Open Ended Schemes,Equity Scheme - ELSS,06-11-2020,55.31690
120503,Axis ELSS Tax Saver Fund - Direct Plan - Growth Option,Axis Mutual Fund,Open Ended Schemes,Equity Scheme - ELSS,05-11-2020,54.90990
120503,Axis ELSS Tax Saver Fund - Direct Plan - Growth Option,Axis Mutual Fund,Open Ended Schemes,Equity Scheme - ELSS,04-11-2020,54.03520
120503,Axis ELSS Tax Saver Fund - Direct Plan - Growth Option,Axis Mutual Fund,Open Ended Schemes,Equity Scheme - ELSS,03-11-2020,53.45320
120503,Axis ELSS Tax Saver Fund - Direct Plan - Growth Option,Axis Mutual Fund,Open Ended Schemes,Equity Scheme - ELSS,02-11-2020,52.89320
120503,Axis ELSS Tax Saver Fund - Direct Plan - Growth Option,Axis Mutual Fund,Open Ended Schemes,Equity Scheme - ELSS,30-10-2020,52.64320
120503,Axis ELSS Tax Saver Fund - Direct Plan - Growth Option,Axis Mutual Fund,Open Ended Schemes,Equity Scheme - ELSS,29-10-2020,52.82080
120503,Axis ELSS Tax Saver Fund - Direct Plan - Growth Option,Axis Mutual Fund,Open Ended Schemes,Equity Scheme - ELSS,28-10-2020,52.73350
120503,Axis ELSS Tax Saver Fund - Direct Plan - Growth Option,Axis Mutual Fund,Open Ended Schemes,Equity Scheme - ELSS,27-10-2020,53.33190
120503,Axis ELSS Tax Saver Fund - Direct Plan - Growth Option,Axis Mutual Fund,Open Ended Schemes,Equity Scheme - ELSS,26-10-2020,52.05460
120503,Axis ELSS Tax Saver Fund - Direct Plan - Growth Option,Axis Mutual Fund,Open Ended Schemes,Equity Scheme - ELSS,23-10-2020,52.38180
120503,Axis ELSS Tax Saver Fund - Direct Plan - Growth Option,Axis Mutual Fund,Open Ended Schemes,Equity Scheme - ELSS,22-10-2020,51.87350
120503,Axis ELSS Tax Saver Fund - Direct Plan - Growth Option,Axis Mutual Fund,Open Ended Schemes,Equity Scheme - ELSS,21-10-2020,51.85580
120503,Axis ELSS Tax Saver Fund - Direct Plan - Growth Option,Axis Mutual Fund,Open Ended Schemes,Equity Scheme - ELSS,20-10-2020,51.97590
120503,Axis ELSS Tax Saver Fund - Direct Plan - Growth Option,Axis Mutual Fund,Open Ended Schemes,Equity Scheme - ELSS,19-10-2020,51.79390
120503,Axis ELSS Tax Saver Fund - Direct Plan - Growth Option,Axis Mutual Fund,Open Ended Schemes,Equity Scheme - ELSS,16-10-2020,51.50000
120503,Axis ELSS Tax Saver Fund - Direct Plan - Growth Option,Axis Mutual Fund,Open Ended Schemes,Equity Scheme - ELSS,15-10-2020,51.03830
120503,Axis ELSS Tax Saver Fund - Direct Plan - Growth Option,Axis Mutual Fund,Open Ended Schemes,Equity Scheme - ELSS,14-10-2020,52.16710
120503,Axis ELSS Tax Saver Fund - Direct Plan - Growth Option,Axis Mutual Fund,Open Ended Schemes,Equity Scheme - ELSS,13-10-2020,51.78950
120503,Axis ELSS Tax Saver Fund - Direct Plan - Growth Option,Axis Mutual Fund,Open Ended Schemes,Equity Scheme - ELSS,12-10-2020,52.00310
120503,Axis ELSS Tax Saver Fund - Direct Plan - Growth Option,Axis Mutual Fund,Open Ended Schemes,Equity Scheme - ELSS,09-10-2020,52.06840
120503,Axis ELSS Tax Saver Fund - Direct Plan - Growth Option,Axis Mutual Fund,Open Ended Schemes,Equity Scheme - ELSS,08-10-2020,52.08170
120503,Axis ELSS Tax Saver Fund - Direct Plan - Growth Option,Axis Mutual Fund,Open Ended Schemes,Equity Scheme - ELSS,07-10-2020,51.76900
120503,Axis ELSS Tax Saver Fund - Direct Plan - Growth Option,Axis Mutual Fund,Open Ended Schemes,Equity Scheme - ELSS,06-10-2020,51.84710
120503,Axis ELSS Tax Saver Fund - Direct Plan - Growth Option,Axis Mutual Fund,Open Ended Schemes,Equity Scheme - ELSS,05-10-2020,51.34160
120503,Axis ELSS Tax Saver Fund - Direct Plan - Growth Option,Axis Mutual Fund,Open Ended Schemes,Equity Scheme - ELSS,01-10-2020,51.24880
120503,Axis ELSS Tax Saver Fund - Direct Plan - Growth Option,Axis Mutual Fund,Open Ended Schemes,Equity Scheme - ELSS,30-09-2020,50.57190
120503,Axis ELSS Tax Saver Fund - Direct Plan - Growth Option,Axis Mutual Fund,Open Ended Schemes,Equity Scheme - ELSS,29-09-2020,50.33040
120503,Axis ELSS Tax Saver Fund - Direct Plan - Growth Option,Axis Mutual Fund,Open Ended Schemes,Equity Scheme - ELSS,28-09-2020,50.19290
120503,Axis ELSS Tax Saver Fund - Direct Plan - Growth Option,Axis Mutual Fund,Open Ended Schemes,Equity Scheme - ELSS,25-09-2020,49.17430
120503,Axis ELSS Tax Saver Fund - Direct Plan - Growth Option,Axis Mutual Fund,Open Ended Schemes,Equity Scheme - ELSS,24-09-2020,48.05020
120503,Axis ELSS Tax Saver Fund - Direct Plan - Growth Option,Axis Mutual Fund,Open Ended Schemes,Equity Scheme - ELSS,23-09-2020,49.33470
120503,Axis ELSS Tax Saver Fund - Direct Plan - Growth Option,Axis Mutual Fund,Open Ended Schemes,Equity Scheme - ELSS,22-09-2020,49.52750
120503,Axis ELSS Tax Saver Fund - Direct Plan - Growth Option,Axis Mutual Fund,Open Ended Schemes,Equity Scheme - ELSS,21-09-2020,49.88140
120503,Axis ELSS Tax Saver Fund - Direct Plan - Growth Option,Axis Mutual Fund,Open Ended Schemes,Equity Scheme - ELSS,18-09-2020,51.10810
120503,Axis ELSS Tax Saver Fund - Direct Plan - Growth Option,Axis Mutual Fund,Open Ended Schemes,Equity Scheme - ELSS,17-09-2020,51.24360
120503,Axis ELSS Tax Saver Fund - Direct Plan - Growth Option,Axis Mutual Fund,Open Ended Schemes,Equity Scheme - ELSS,16-09-2020,51.52360
120503,Axis ELSS Tax Saver Fund - Direct Plan - Growth Option,Axis Mutual Fund,Open Ended Schemes,Equity Scheme - ELSS,15-09-2020,51.24060
120503,Axis ELSS Tax Saver Fund - Direct Plan - Growth Option,Axis Mutual Fund,Open Ended Schemes,Equity Scheme - ELSS,14-09-2020,50.83300
120503,Axis ELSS Tax Saver Fund - Direct Plan - Growth Option,Axis Mutual Fund,Open Ended Schemes,Equity Scheme - ELSS,11-09-2020,50.74720
120503,Axis ELSS Tax Saver Fund - Direct Plan - Growth Option,Axis Mutual Fund,Open Ended Schemes,Equity Scheme - ELSS,10-09-2020,50.66510
120503,Axis ELSS Tax Saver Fund - Direct Plan - Growth Option,Axis Mutual Fund,Open Ended Schemes,Equity Scheme - ELSS,09-09-2020,50.32180
120503,Axis ELSS Tax Saver Fund - Direct Plan - Growth Option,Axis Mutual Fund,Open Ended Schemes,Equity Scheme - ELSS,08-09-2020,50.68460
120503,Axis ELSS Tax Saver Fund - Direct Plan - Growth Option,Axis Mutual Fund,Open Ended Schemes,Equity Scheme - ELSS,07-09-2020,50.99700
120503,Axis ELSS Tax Saver Fund - Direct Plan - Growth Option,Axis Mutual Fund,Open Ended Schemes,Equity Scheme - ELSS,04-09-2020,51.13270
120503,Axis ELSS Tax Saver Fund - Direct Plan - Growth Option,Axis Mutual Fund,Open Ended Schemes,Equity Scheme - ELSS,03-09-2020,51.76690
120503,Axis ELSS Tax Saver Fund - Direct Plan - Growth Option,Axis Mutual Fund,Open Ended Schemes,Equity Scheme - ELSS,02-09-2020,51.56320
120503,Axis ELSS Tax Saver Fund - Direct Plan - Growth Option,Axis Mutual Fund,Open Ended Schemes,Equity Scheme - ELSS,01-09-2020,51.26170
120503,Axis ELSS Tax Saver Fund - Direct Plan - Growth Option,Axis Mutual Fund,Open Ended Schemes,Equity Scheme - ELSS,31-08-2020,50.57800
120503,Axis ELSS Tax Saver Fund - Direct Plan - Growth Option,Axis Mutual Fund,Open Ended Schemes,Equity Scheme - ELSS,28-08-2020,52.15290
120503,Axis ELSS Tax Saver Fund - Direct Plan - Growth Option,Axis Mutual Fund,Open Ended Schemes,Equity Scheme - ELSS,27-08-2020,51.81770
120503,Axis ELSS Tax Saver Fund - Direct Plan - Growth Option,Axis Mutual Fund,Open Ended Schemes,Equity Scheme - ELSS,26-08-2020,51.91630
120503,Axis ELSS Tax Saver Fund - Direct Plan - Growth Option,Axis Mutual Fund,Open Ended Schemes,Equity Scheme - ELSS,25-08-2020,51.80470
120503,Axis ELSS Tax Saver Fund - Direct Plan - Growth Option,Axis Mutual Fund,Open Ended Schemes,Equity Scheme - ELSS,24-08-2020,51.52920
120503,Axis ELSS Tax Saver Fund - Direct Plan - Growth Option,Axis Mutual Fund,Open Ended Schemes,Equity Scheme - ELSS,21-08-2020,51.04600
120503,Axis ELSS Tax Saver Fund - Direct Plan - Growth Option,Axis Mutual Fund,Open Ended Schemes,Equity Scheme - ELSS,20-08-2020,50.78880
120503,Axis ELSS Tax Saver Fund - Direct Plan - Growth Option,Axis Mutual Fund,Open Ended Schemes,Equity Scheme - ELSS,19-08-2020,50.87470
120503,Axis ELSS Tax Saver Fund - Direct Plan - Growth Option,Axis Mutual Fund,Open Ended Schemes,Equity Scheme - ELSS,18-08-2020,50.73730
120503,Axis ELSS Tax Saver Fund - Direct Plan - Growth Option,Axis Mutual Fund,Open Ended Schemes,Equity Scheme - ELSS,17-08-2020,50.07810
120503,Axis ELSS Tax Saver Fund - Direct Plan - Growth Option,Axis Mutual Fund,Open Ended Schemes,Equity Scheme - ELSS,14-08-2020,49.64590
120503,Axis ELSS Tax Saver Fund - Direct Plan - Growth Option,Axis Mutual Fund,Open Ended Schemes,Equity Scheme - ELSS,13-08-2020,50.22080
120503,Axis ELSS Tax Saver Fund - Direct Plan - Growth Option,Axis Mutual Fund,Open Ended Schemes,Equity Scheme - ELSS,12-08-2020,50.11730
120503,Axis ELSS Tax Saver Fund - Direct Plan - Growth Option,Axis Mutual Fund,Open Ended Schemes,Equity Scheme - ELSS,11-08-2020,50.33300
120503,Axis ELSS Tax Saver Fund - Direct Plan - Growth Option,Axis Mutual Fund,Open Ended Schemes,Equity Scheme - ELSS,10-08-2020,50.33490
120503,Axis ELSS Tax Saver Fund - Direct Plan - Growth Option,Axis Mutual Fund,Open Ended Schemes,Equity Scheme - ELSS,07-08-2020,49.76960
120503,Axis ELSS Tax Saver Fund - Direct Plan - Growth Option,Axis Mutual Fund,Open Ended Schemes,Equity Scheme - ELSS,06-08-2020,49.37850
120503,Axis ELSS Tax Saver Fund - Direct Plan - Growth Option,Axis Mutual Fund,Open Ended Schemes,Equity Scheme - ELSS,05-08-2020,48.95440
120503,Axis ELSS Tax Saver Fund - Direct Plan - Growth Option,Axis Mutual Fund,Open Ended Schemes,Equity Scheme - ELSS,04-08-2020,48.75270
120503,Axis ELSS Tax Saver Fund - Direct Plan - Growth Option,Axis Mutual Fund,Open Ended Schemes,Equity Scheme - ELSS,03-08-2020,48.07670
120503,Axis ELSS Tax Saver Fund - Direct Plan - Growth Option,Axis Mutual Fund,Open Ended Schemes,Equity Scheme - ELSS,31-07-2020,48.62720
120503,Axis ELSS Tax Saver Fund - Direct Plan - Growth Option,Axis Mutual Fund,Open Ended Schemes,Equity Scheme - ELSS,30-07-2020,48.46340
120503,Axis ELSS Tax Saver Fund - Direct Plan - Growth Option,Axis Mutual Fund,Open Ended Schemes,Equity Scheme - ELSS,29-07-2020,48.61870
120503,Axis ELSS Tax Saver Fund - Direct Plan - Growth Option,Axis Mutual Fund,Open Ended Schemes,Equity Scheme - ELSS,28-07-2020,48.69650
120503,Axis ELSS Tax Saver Fund - Direct Plan - Growth Option,Axis Mutual Fund,Open Ended Schemes,Equity Scheme - ELSS,27-07-2020,47.93890
120503,Axis ELSS Tax Saver Fund - Direct Plan - Growth Option,Axis Mutual Fund,Open Ended Schemes,Equity Scheme - ELSS,24-07-2020,48.28860
120503,Axis ELSS Tax Saver Fund - Direct Plan - Growth Option,Axis Mutual Fund,Open Ended Schemes,Equity Scheme - ELSS,23-07-2020,48.86020
120503,Axis ELSS Tax Saver Fund - Direct Plan - Growth Option,Axis Mutual Fund,Open Ended Schemes,Equity Scheme - ELSS,22-07-2020,48.52530
120503,Axis ELSS Tax Saver Fund - Direct Plan - Growth Option,Axis Mutual Fund,Open Ended Schemes,Equity Scheme - ELSS,21-07-2020,48.85790
120503,Axis ELSS Tax Saver Fund - Direct Plan - Growth Option,Axis Mutual Fund,Open Ended Schemes,Equity Scheme - ELSS,20-07-2020,48.73710
120503,Axis ELSS Tax Saver Fund - Direct Plan - Growth Option,Axis Mutual Fund,Open Ended Schemes,Equity Scheme - ELSS,17-07-2020,48.01030
120503,Axis ELSS Tax Saver Fund - Direct Plan - Growth Option,Axis Mutual Fund,Open Ended Schemes,Equity Scheme - ELSS,16-07-2020,47.57820
120503,Axis ELSS Tax Saver Fund - Direct Plan - Growth Option,Axis Mutual Fund,Open Ended Schemes,Equity Scheme - ELSS,15-07-2020,47.35820
120503,Axis ELSS Tax Saver Fund - Direct Plan - Growth Option,Axis Mutual Fund,Open Ended Schemes,Equity Scheme - ELSS,14-07-2020,47.26940
120503,Axis ELSS Tax Saver Fund - Direct Plan - Growth Option,Axis Mutual Fund,Open Ended Schemes,Equity Scheme - ELSS,13-07-2020,48.02250
120503,Axis ELSS Tax Saver Fund - Direct Plan - Growth Option,Axis Mutual Fund,Open Ended Schemes,Equity Scheme - ELSS,10-07-2020,48.35860
120503,Axis ELSS Tax Saver Fund - Direct Plan - Growth Option,Axis Mutual Fund,Open Ended Schemes,Equity Scheme - ELSS,09-07-2020,48.64520
120503,Axis ELSS Tax Saver Fund - Direct Plan - Growth Option,Axis Mutual Fund,Open Ended Schemes,Equity Scheme - ELSS,08-07-2020,48.28970
120503,Axis ELSS Tax Saver Fund - Direct Plan - Growth Option,Axis Mutual Fund,Open Ended Schemes,Equity Scheme - ELSS,07-07-2020,49.00730
120503,Axis ELSS Tax Saver Fund - Direct Plan - Growth Option,Axis Mutual Fund,Open Ended Schemes,Equity Scheme - ELSS,06-07-2020,48.23510
120503,Axis ELSS Tax Saver Fund - Direct Plan - Growth Option,Axis Mutual Fund,Open Ended Schemes,Equity Scheme - ELSS,03-07-2020,47.57850
120503,Axis ELSS Tax Saver Fund - Direct Plan - Growth Option,Axis Mutual Fund,Open Ended Schemes,Equity Scheme - ELSS,02-07-2020,47.62970
120503,Axis ELSS Tax Saver Fund - Direct Plan - Growth Option,Axis Mutual Fund,Open Ended Schemes,Equity Scheme - ELSS,01-07-2020,47.25750
120503,Axis ELSS Tax Saver Fund - Direct Plan - Growth Option,Axis Mutual Fund,Open Ended Schemes,Equity Scheme - ELSS,30-06-2020,47.03990
120503,Axis ELSS Tax Saver Fund - Direct Plan - Growth Option,Axis Mutual Fund,Open Ended Schemes,Equity Scheme - ELSS,29-06-2020,46.97650
120503,Axis ELSS Tax Saver Fund - Direct Plan - Growth Option,Axis Mutual Fund,Open Ended Schemes,Equity Scheme - ELSS,26-06-2020,47.17400
120503,Axis ELSS Tax Saver Fund - Direct Plan - Growth Option,Axis Mutual Fund,Open Ended Schemes,Equity Scheme - ELSS,25-06-2020,47.08160
120503,Axis ELSS Tax Saver Fund - Direct Plan - Growth Option,Axis Mutual Fund,Open Ended Schemes,Equity Scheme - ELSS,24-06-2020,47.03490
120503,Axis ELSS Tax Saver Fund - Direct Plan - Growth Option,Axis Mutual Fund,Open Ended Schemes,Equity Scheme - ELSS,23-06-2020,47.71310
120503,Axis ELSS Tax Saver Fund - Direct Plan - Growth Option,Axis Mutual Fund,Open Ended Schemes,Equity Scheme - ELSS,22-06-2020,46.91440
120503,Axis ELSS Tax Saver Fund - Direct Plan - Growth Option,Axis Mutual Fund,Open Ended Schemes,Equity Scheme - ELSS,19-06-2020,46.54000
120503,Axis ELSS Tax Saver Fund - Direct Plan - Growth Option,Axis Mutual Fund,Open Ended Schemes,Equity Scheme - ELSS,18-06-2020,46.20210
120503,Axis ELSS Tax Saver Fund - Direct Plan - Growth Option,Axis Mutual Fund,Open Ended Schemes,Equity Scheme - ELSS,17-06-2020,45.73570
120503,Axis ELSS Tax Saver Fund - Direct Plan - Growth Option,Axis Mutual Fund,Open Ended Schemes,Equity Scheme - ELSS,16-06-2020,45.84540
120503,Axis ELSS Tax Saver Fund - Direct Plan - Growth Option,Axis Mutual Fund,Open Ended Schemes,Equity Scheme - ELSS,15-06-2020,45.42100
120503,Axis ELSS Tax Saver Fund - Direct Plan - Growth Option,Axis Mutual Fund,Open Ended Schemes,Equity Scheme - ELSS,12-06-2020,46.14030
120503,Axis ELSS Tax Saver Fund - Direct Plan - Growth Option,Axis Mutual Fund,Open Ended Schemes,Equity Scheme - ELSS,11-06-2020,45.77060
120503,Axis ELSS Tax Saver Fund - Direct Plan - Growth Option,Axis Mutual Fund,Open Ended Schemes,Equity Scheme - ELSS,10-06-2020,46.46330
120503,Axis ELSS Tax Saver Fund - Direct Plan - Growth Option,Axis Mutual Fund,Open Ended Schemes,Equity Scheme - ELSS,09-06-2020,46.21800
120503,Axis ELSS Tax Saver Fund - Direct Plan - Growth Option,Axis Mutual Fund,Open Ended Schemes,Equity Scheme - ELSS,08-06-2020,46.72920
120503,Axis ELSS Tax Saver Fund - Direct Plan - Growth Option,Axis Mutual Fund,Open Ended Schemes,Equity Scheme - ELSS,05-06-2020,46.77590
120503,Axis ELSS Tax Saver Fund - Direct Plan - Growth Option,Axis Mutual Fund,Open Ended Schemes,Equity Scheme - ELSS,04-06-2020,46.27980
120503,Axis ELSS Tax Saver Fund - Direct Plan - Growth Option,Axis Mutual Fund,Open Ended Schemes,Equity Scheme - ELSS,03-06-2020,46.59340
120503,Axis ELSS Tax Saver Fund - Direct Plan - Growth Option,Axis Mutual Fund,Open Ended Schemes,Equity Scheme - ELSS,02-06-2020,46.26770
120503,Axis ELSS Tax Saver Fund - Direct Plan - Growth Option,Axis Mutual Fund,Open Ended Schemes,Equity Scheme - ELSS,01-06-2020,45.60820
120503,Axis ELSS Tax Saver Fund - Direct Plan - Growth Option,Axis Mutual Fund,Open Ended Schemes,Equity Scheme - ELSS,29-05-2020,44.64620
120503,Axis ELSS Tax Saver Fund - Direct Plan - Growth Option,Axis Mutual Fund,Open Ended Schemes,Equity Scheme - ELSS,28-05-2020,44.02030
120503,Axis ELSS Tax Saver Fund - Direct Plan - Growth Option,Axis Mutual Fund,Open Ended Schemes,Equity Scheme - ELSS,27-05-2020,43.15920
120503,Axis ELSS Tax Saver Fund - Direct Plan - Growth Option,Axis Mutual Fund,Open Ended Schemes,Equity Scheme - ELSS,26-05-2020,42.61590
120503,Axis ELSS Tax Saver Fund - Direct Plan - Growth Option,Axis Mutual Fund,Open Ended Schemes,Equity Scheme - ELSS,22-05-2020,42.82720
120503,Axis ELSS Tax Saver Fund - Direct Plan - Growth Option,Axis Mutual Fund,Open Ended Schemes,Equity Scheme - ELSS,21-05-2020,43.28270
120503,Axis ELSS Tax Saver Fund - Direct Plan - Growth Option,Axis Mutual Fund,Open Ended Schemes,Equity Scheme - ELSS,20-05-2020,43.10690
120503,Axis ELSS Tax Saver Fund - Direct Plan - Growth Option,Axis Mutual Fund,Open Ended Schemes,Equity Scheme - ELSS,19-05-2020,42.33840
120503,Axis ELSS Tax Saver Fund - Direct Plan - Growth Option,Axis Mutual Fund,Open Ended Schemes,Equity Scheme - ELSS,18-05-2020,41.88820
120503,Axis ELSS Tax Saver Fund - Direct Plan - Growth Option,Axis Mutual Fund,Open Ended Schemes,Equity Scheme - ELSS,15-05-2020,43.22280
120503,Axis ELSS Tax Saver Fund - Direct Plan - Growth Option,Axis Mutual Fund,Open Ended Schemes,Equity Scheme - ELSS,14-05-2020,43.32730
120503,Axis ELSS Tax Saver Fund - Direct Plan - Growth Option,Axis Mutual Fund,Open Ended Schemes,Equity Scheme - ELSS,13-05-2020,43.87870
120503,Axis ELSS Tax Saver Fund - Direct Plan - Growth Option,Axis Mutual Fund,Open Ended Schemes,Equity Scheme - ELSS,12-05-2020,43.34660
120503,Axis ELSS Tax Saver Fund - Direct Plan - Growth Option,Axis Mutual Fund,Open Ended Schemes,Equity Scheme - ELSS,11-05-2020,43.44780
120503,Axis ELSS Tax Saver Fund - Direct Plan - Growth Option,Axis Mutual Fund,Open Ended Schemes,Equity Scheme - ELSS,08-05-2020,43.48670
120503,Axis ELSS Tax Saver Fund - Direct Plan - Growth Option,Axis Mutual Fund,Open Ended Schemes,Equity Scheme - ELSS,07-05-2020,43.19380
120503,Axis ELSS Tax Saver Fund - Direct Plan - Growth Option,Axis Mutual Fund,Open Ended Schemes,Equity Scheme - ELSS,06-05-2020,43.86600
120503,Axis ELSS Tax Saver Fund - Direct Plan - Growth Option,Axis Mutual Fund,Open Ended Schemes,Equity Scheme - ELSS,05-05-2020,43.44310
120503,Axis ELSS Tax Saver Fund - Direct Plan - Growth Option,Axis Mutual Fund,Open Ended Schemes,Equity Scheme - ELSS,04-05-2020,43.97750
120503,Axis ELSS Tax Saver Fund - Direct Plan - Growth Option,Axis Mutual Fund,Open Ended Schemes,Equity Scheme - ELSS,30-04-2020,46.24030
120503,Axis ELSS Tax Saver Fund - Direct Plan - Growth Option,Axis Mutual Fund,Open Ended Schemes,Equity Scheme - ELSS,29-04-2020,45.17960
120503,Axis ELSS Tax Saver Fund - Direct Plan - Growth Option,Axis Mutual Fund,Open Ended Schemes,Equity Scheme - ELSS,28-04-2020,44.47920
120503,Axis ELSS Tax Saver Fund - Direct Plan - Growth Option,Axis Mutual Fund,Open Ended Schemes,Equity Scheme - ELSS,27-04-2020,43.93170
120503,Axis ELSS Tax Saver Fund - Direct Plan - Growth Option,Axis Mutual Fund,Open Ended Schemes,Equity Scheme - ELSS,24-04-2020,43.32210
120503,Axis ELSS Tax Saver Fund - Direct Plan - Growth Option,Axis Mutual Fund,Open Ended Schemes,Equity Scheme - ELSS,23-04-2020,44.29080
120503,Axis ELSS Tax Saver Fund - Direct Plan - Growth Option,Axis Mutual Fund,Open Ended Schemes,Equity Scheme - ELSS,22-04-2020,43.62920
120503,Axis ELSS Tax Saver Fund - Direct Plan - Growth Option,Axis Mutual Fund,Open Ended Schemes,Equity Scheme - ELSS,21-04-2020,42.85460
120503,Axis ELSS Tax Saver Fund - Direct Plan - Growth Option,Axis Mutual Fund,Open Ended Schemes,Equity Scheme - ELSS,20-04-2020,44.05350
120503,Axis ELSS Tax Saver Fund - Direct Plan - Growth Option,Axis Mutual Fund,Open Ended Schemes,Equity Scheme - ELSS,17-04-2020,44.12630
120503,Axis ELSS Tax Saver Fund - Direct Plan - Growth Option,Axis Mutual Fund,Open Ended Schemes,Equity Scheme - ELSS,16-04-2020,42.87120
120503,Axis ELSS Tax Saver Fund - Direct Plan - Growth Option,Axis Mutual Fund,Open Ended Schemes,Equity Scheme - ELSS,15-04-2020,42.74580
120503,Axis ELSS Tax Saver Fund - Direct Plan - Growth Option,Axis Mutual Fund,Open Ended Schemes,Equity Scheme - ELSS,13-04-2020,42.89580
120503,Axis ELSS Tax Saver Fund - Direct Plan - Growth Option,Axis Mutual Fund,Open Ended Schemes,Equity Scheme - ELSS,09-04-2020,43.82900
120503,Axis ELSS Tax Saver Fund - Direct Plan - Growth Option,Axis Mutual Fund,Open Ended Schemes,Equity Scheme - ELSS,08-04-2020,41.96530
120503,Axis ELSS Tax Saver Fund - Direct Plan - Growth Option,Axis Mutual Fund,Open Ended Schemes,Equity Scheme - ELSS,07-04-2020,41.83350
120503,Axis ELSS Tax Saver Fund - Direct Plan - Growth Option,Axis Mutual Fund,Open Ended Schemes,Equity Scheme - ELSS,03-04-2020,39.25760
120503,Axis ELSS Tax Saver Fund - Direct Plan - Growth Option,Axis Mutual Fund,Open Ended Schemes,Equity Scheme - ELSS,01-04-2020,40.27420
120503,Axis ELSS Tax Saver Fund - Direct Plan - Growth Option,Axis Mutual Fund,Open Ended Schemes,Equity Scheme - ELSS,31-03-2020,41.73640
120503,Axis ELSS Tax Saver Fund - Direct Plan - Growth Option,Axis Mutual Fund,Open Ended Schemes,Equity Scheme - ELSS,30-03-2020,40.91030
120503,Axis ELSS Tax Saver Fund - Direct Plan - Growth Option,Axis Mutual Fund,Open Ended Schemes,Equity Scheme - ELSS,27-03-2020,42.47780
120503,Axis ELSS Tax Saver Fund - Direct Plan - Growth Option,Axis Mutual Fund,Open Ended Schemes,Equity Scheme - ELSS,26-03-2020,42.25080
120503,Axis ELSS Tax Saver Fund - Direct Plan - Growth Option,Axis Mutual Fund,Open Ended Schemes,Equity Scheme - ELSS,25-03-2020,40.40840
120503,Axis ELSS Tax Saver Fund - Direct Plan - Growth Option,Axis Mutual Fund,Open Ended Schemes,Equity Scheme - ELSS,24-03-2020,38.44600
120503,Axis ELSS Tax Saver Fund - Direct Plan - Growth Option,Axis Mutual Fund,Open Ended Schemes,Equity Scheme - ELSS,23-03-2020,37.64630
120503,Axis ELSS Tax Saver Fund - Direct Plan - Growth Option,Axis Mutual Fund,Open Ended Schemes,Equity Scheme - ELSS,20-03-2020,42.89500
120503,Axis ELSS Tax Saver Fund - Direct Plan - Growth Option,Axis Mutual Fund,Open Ended Schemes,Equity Scheme - ELSS,19-03-2020,41.03760
120503,Axis ELSS Tax Saver Fund - Direct Plan - Growth Option,Axis Mutual Fund,Open Ended Schemes,Equity Scheme - ELSS,18-03-2020,42.34580
120503,Axis ELSS Tax Saver Fund - Direct Plan - Growth Option,Axis Mutual Fund,Open Ended Schemes,Equity Scheme - ELSS,17-03-2020,44.89100
120503,Axis ELSS Tax Saver Fund - Direct Plan - Growth Option,Axis Mutual Fund,Open Ended Schemes,Equity Scheme - ELSS,16-03-2020,45.85880
120503,Axis ELSS Tax Saver Fund - Direct Plan - Growth Option,Axis Mutual Fund,Open Ended Schemes,Equity Scheme - ELSS,13-03-2020,48.59990
120503,Axis ELSS Tax Saver Fund - Direct Plan - Growth Option,Axis Mutual Fund,Open Ended Schemes,Equity Scheme - ELSS,12-03-2020,47.80390
120503,Axis ELSS Tax Saver Fund - Direct Plan - Growth Option,Axis Mutual Fund,Open Ended Schemes,Equity Scheme - ELSS,11-03-2020,51.34490
120503,Axis ELSS Tax Saver Fund - Direct Plan - Growth Option,Axis Mutual Fund,Open Ended Schemes,Equity Scheme - ELSS,09-03-2020,51.29940
120503,Axis ELSS Tax Saver Fund - Direct Plan - Growth Option,Axis Mutual Fund,Open Ended Schemes,Equity Scheme - ELSS,06-03-2020,53.09870
120503,Axis ELSS Tax Saver Fund - Direct Plan - Growth Option,Axis Mutual Fund,Open Ended Schemes,Equity Scheme - ELSS,05-03-2020,53.64500
120503,Axis ELSS Tax Saver Fund - Direct Plan - Growth Option,Axis Mutual Fund,Open Ended Schemes,Equity Scheme - ELSS,04-03-2020,53.08250
120503,Axis ELSS Tax Saver Fund - Direct Plan - Growth Option,Axis Mutual Fund,Open Ended Schemes,Equity Scheme - ELSS,03-03-2020,53.55050
120503,Axis ELSS Tax Saver Fund - Direct Plan - Growth Option,Axis Mutual Fund,Open Ended Schemes,Equity Scheme - ELSS,02-03-2020,52.80090
120503,Axis ELSS Tax Saver Fund - Direct Plan - Growth Option,Axis Mutual Fund,Open Ended Schemes,Equity Scheme - ELSS,28-02-2020,52.89070
120503,Axis ELSS Tax Saver Fund - Direct Plan - Growth Option,Axis Mutual Fund,Open Ended Schemes,Equity Scheme - ELSS,27-02-2020,54.33070
120503,Axis ELSS Tax Saver Fund - Direct Plan - Growth Option,Axis Mutual Fund,Open Ended Schemes,Equity Scheme - ELSS,26-02-2020,54.46160
120503,Axis ELSS Tax Saver Fund - Direct Plan - Growth Option,Axis Mutual Fund,Open Ended Schemes,Equity Scheme - ELSS,25-02-2020,54.87410
120503,Axis ELSS Tax Saver Fund - Direct Plan - Growth Option,Axis Mutual Fund,Open Ended Schemes,Equity Scheme - ELSS,24-02-2020,55.07390
120503,Axis ELSS Tax Saver Fund - Direct Plan - Growth Option,Axis Mutual Fund,Open Ended Schemes,Equity Scheme - ELSS,20-02-2020,56.08370
120503,Axis ELSS Tax Saver Fund - Direct Plan - Growth Option,Axis Mutual Fund,Open Ended Schemes,Equity Scheme - ELSS,19-02-2020,56.18320
120503,Axis ELSS Tax Saver Fund - Direct Plan - Growth Option,Axis Mutual Fund,Open Ended Schemes,Equity Scheme - ELSS,18-02-2020,55.59300
120503,Axis ELSS Tax Saver Fund - Direct Plan - Growth Option,Axis Mutual Fund,Open Ended Schemes,Equity Scheme - ELSS,17-02-2020,55.85250
120503,Axis ELSS Tax Saver Fund - Direct Plan - Growth Option,Axis Mutual Fund,Open Ended Schemes,Equity Scheme - ELSS,14-02-2020,56.14370
120503,Axis ELSS Tax Saver Fund - Direct Plan - Growth Option,Axis Mutual Fund,Open Ended Schemes,Equity Scheme - ELSS,13-02-2020,56.60340
120503,Axis ELSS Tax Saver Fund - Direct Plan - Growth Option,Axis Mutual Fund,Open Ended Schemes,Equity Scheme - ELSS,12-02-2020,56.61940
120503,Axis ELSS Tax Saver Fund - Direct Plan - Growth Option,Axis Mutual Fund,Open Ended Schemes,Equity Scheme - ELSS,11-02-2020,56.13760
120503,Axis ELSS Tax Saver Fund - Direct Plan - Growth Option,Axis Mutual Fund,Open Ended Schemes,Equity Scheme - ELSS,10-02-2020,56.09310
120503,Axis ELSS Tax Saver Fund - Direct Plan - Growth Option,Axis Mutual Fund,Open Ended Schemes,Equity Scheme - ELSS,07-02-2020,55.73580
120503,Axis ELSS Tax Saver Fund - Direct Plan - Growth Option,Axis Mutual Fund,Open Ended Schemes,Equity Scheme - ELSS,06-02-2020,55.69570
120503,Axis ELSS Tax Saver Fund - Direct Plan - Growth Option,Axis Mutual Fund,Open Ended Schemes,Equity Scheme - ELSS,05-02-2020,55.43900
120503,Axis ELSS Tax Saver Fund - Direct Plan - Growth Option,Axis Mutual Fund,Open Ended Schemes,Equity Scheme - ELSS,04-02-2020,54.99170
120503,Axis ELSS Tax Saver Fund - Direct Plan - Growth Option,Axis Mutual Fund,Open Ended Schemes,Equity Scheme - ELSS,03-02-2020,53.99140
120503,Axis ELSS Tax Saver Fund - Direct Plan - Growth Option,Axis Mutual Fund,Open Ended Schemes,Equity Scheme - ELSS,31-01-2020,54.33880
120503,Axis ELSS Tax Saver Fund - Direct Plan - Growth Option,Axis Mutual Fund,Open Ended Schemes,Equity Scheme - ELSS,30-01-2020,54.23540
120503,Axis ELSS Tax Saver Fund - Direct Plan - Growth Option,Axis Mutual Fund,Open Ended Schemes,Equity Scheme - ELSS,29-01-2020,54.48930
120503,Axis ELSS Tax Saver Fund - Direct Plan - Growth Option,Axis Mutual Fund,Open Ended Schemes,Equity Scheme - ELSS,28-01-2020,54.02790
120503,Axis ELSS Tax Saver Fund - Direct Plan - Growth Option,Axis Mutual Fund,Open Ended Schemes,Equity Scheme - ELSS,27-01-2020,54.04080
120503,Axis ELSS Tax Saver Fund - Direct Plan - Growth Option,Axis Mutual Fund,Open Ended Schemes,Equity Scheme - ELSS,24-01-2020,54.32190
120503,Axis ELSS Tax Saver Fund - Direct Plan - Growth Option,Axis Mutual Fund,Open Ended Schemes,Equity Scheme - ELSS,23-01-2020,53.68220
120503,Axis ELSS Tax Saver Fund - Direct Plan - Growth Option,Axis Mutual Fund,Open Ended Schemes,Equity Scheme - ELSS,22-01-2020,53.39440
120503,Axis ELSS Tax Saver Fund - Direct Plan - Growth Option,Axis Mutual Fund,Open Ended Schemes,Equity Scheme - ELSS,21-01-2020,53.56850
120503,Axis ELSS Tax Saver Fund - Direct Plan - Growth Option,Axis Mutual Fund,Open Ended Schemes,Equity Scheme - ELSS,20-01-2020,53.87850
120503,Axis ELSS Tax Saver Fund - Direct Plan - Growth Option,Axis Mutual Fund,Open Ended Schemes,Equity Scheme - ELSS,17-01-2020,54.44490
120503,Axis ELSS Tax Saver Fund - Direct Plan - Growth Option,Axis Mutual Fund,Open Ended Schemes,Equity Scheme - ELSS,16-01-2020,54.31850
120503,Axis ELSS Tax Saver Fund - Direct Plan - Growth Option,Axis Mutual Fund,Open Ended Schemes,Equity Scheme - ELSS,15-01-2020,54.02220
120503,Axis ELSS Tax Saver Fund - Direct Plan - Growth Option,Axis Mutual Fund,Open Ended Schemes,Equity Scheme - ELSS,14-01-2020,54.11310
120503,Axis ELSS Tax Saver Fund - Direct Plan - Growth Option,Axis Mutual Fund,Open Ended Schemes,Equity Scheme - ELSS,13-01-2020,53.86020
120503,Axis ELSS Tax Saver Fund - Direct Plan - Growth Option,Axis Mutual Fund,Open Ended Schemes,Equity Scheme - ELSS,10-01-2020,53.61880
120503,Axis ELSS Tax Saver Fund - Direct Plan - Growth Option,Axis Mutual Fund,Open Ended Schemes,Equity Scheme - ELSS,09-01-2020,53.34850
120503,Axis ELSS Tax Saver Fund - Direct Plan - Growth Option,Axis Mutual Fund,Open Ended Schemes,Equity Scheme - ELSS,08-01-2020,52.74380
120503,Axis ELSS Tax Saver Fund - Direct Plan - Growth Option,Axis Mutual Fund,Open Ended Schemes,Equity Scheme - ELSS,07-01-2020,52.69920
120503,Axis ELSS Tax Saver Fund - Direct Plan - Growth Option,Axis Mutual Fund,Open Ended Schemes,Equity Scheme - ELSS,06-01-2020,52.32690
120503,Axis ELSS Tax Saver Fund - Direct Plan - Growth Option,Axis Mutual Fund,Open Ended Schemes,Equity Scheme - ELSS,03-01-2020,53.33710
120503,Axis ELSS Tax Saver Fund - Direct Plan - Growth Option,Axis Mutual Fund,Open Ended Schemes,Equity Scheme - ELSS,02-01-2020,53.36120
120503,Axis ELSS Tax Saver Fund - Direct Plan - Growth Option,Axis Mutual Fund,Open Ended Schemes,Equity Scheme - ELSS,01-01-2020,53.26230
120503,Axis ELSS Tax Saver Fund - Direct Plan - Growth Option,Axis Mutual Fund,Open Ended Schemes,Equity Scheme - ELSS,31-12-2019,53.23570
120503,Axis ELSS Tax Saver Fund - Direct Plan - Growth Option,Axis Mutual Fund,Open Ended Schemes,Equity Scheme - ELSS,30-12-2019,53.58440
120503,Axis ELSS Tax Saver Fund - Direct Plan - Growth Option,Axis Mutual Fund,Open Ended Schemes,Equity Scheme - ELSS,27-12-2019,53.55870
120503,Axis ELSS Tax Saver Fund - Direct Plan - Growth Option,Axis Mutual Fund,Open Ended Schemes,Equity Scheme - ELSS,26-12-2019,53.17930
120503,Axis ELSS Tax Saver Fund - Direct Plan - Growth Option,Axis Mutual Fund,Open Ended Schemes,Equity Scheme - ELSS,24-12-2019,53.23310
120503,Axis ELSS Tax Saver Fund - Direct Plan - Growth Option,Axis Mutual Fund,Open Ended Schemes,Equity Scheme - ELSS,23-12-2019,53.49770
120503,Axis ELSS Tax Saver Fund - Direct Plan - Growth Option,Axis Mutual Fund,Open Ended Schemes,Equity Scheme - ELSS,20-12-2019,53.56510
120503,Axis ELSS Tax Saver Fund - Direct Plan - Growth Option,Axis Mutual Fund,Open Ended Schemes,Equity Scheme - ELSS,19-12-2019,53.44830
120503,Axis ELSS Tax Saver Fund - Direct Plan - Growth Option,Axis Mutual Fund,Open Ended Schemes,Equity Scheme - ELSS,18-12-2019,53.22010
120503,Axis ELSS Tax Saver Fund - Direct Plan - Growth Option,Axis Mutual Fund,Open Ended Schemes,Equity Scheme - ELSS,17-12-2019,52.82300
120503,Axis ELSS Tax Saver Fund - Direct Plan - Growth Option,Axis Mutual Fund,Open Ended Schemes,Equity Scheme - ELSS,16-12-2019,52.22650
120503,Axis ELSS Tax Saver Fund - Direct Plan - Growth Option,Axis Mutual Fund,Open Ended Schemes,Equity Scheme - ELSS,13-12-2019,52.38850
120503,Axis ELSS Tax Saver Fund - Direct Plan - Growth Option,Axis Mutual Fund,Open Ended Schemes,Equity Scheme - ELSS,12-12-2019,51.93710
120503,Axis ELSS Tax Saver Fund - Direct Plan - Growth Option,Axis Mutual Fund,Open Ended Schemes,Equity Scheme - ELSS,11-12-2019,51.66080
120503,Axis ELSS Tax Saver Fund - Direct Plan - Growth Option,Axis Mutual Fund,Open Ended Schemes,Equity Scheme - ELSS,10-12-2019,51.38840
120503,Axis ELSS Tax Saver Fund - Direct Plan - Growth Option,Axis Mutual Fund,Open Ended Schemes,Equity Scheme - ELSS,09-12-2019,51.71650
120503,Axis ELSS Tax Saver Fund - Direct Plan - Growth Option,Axis Mutual Fund,Open Ended Schemes,Equity Scheme - ELSS,06-12-2019,51.75740
120503,Axis ELSS Tax Saver Fund - Direct Plan - Growth Option,Axis Mutual Fund,Open Ended Schemes,Equity Scheme - ELSS,05-12-2019,52.17390
120503,Axis ELSS Tax Saver Fund - Direct Plan - Growth Option,Axis Mutual Fund,Open Ended Schemes,Equity Scheme - ELSS,04-12-2019,52.17580
120503,Axis ELSS Tax Saver Fund - Direct Plan - Growth Option,Axis Mutual Fund,Open Ended Schemes,Equity Scheme - ELSS,03-12-2019,52.13910
120503,Axis ELSS Tax Saver Fund - Direct Plan - Growth Option,Axis Mutual Fund,Open Ended Schemes,Equity Scheme - ELSS,02-12-2019,52.08310
120503,Axis ELSS Tax Saver Fund - Direct Plan - Growth Option,Axis Mutual Fund,Open Ended Schemes,Equity Scheme - ELSS,29-11-2019,52.52020
120503,Axis ELSS Tax Saver Fund - Direct Plan - Growth Option,Axis Mutual Fund,Open Ended Schemes,Equity Scheme - ELSS,28-11-2019,52.65510
120503,Axis ELSS Tax Saver Fund - Direct Plan - Growth Option,Axis Mutual Fund,Open Ended Schemes,Equity Scheme - ELSS,27-11-2019,52.55410
120503,Axis ELSS Tax Saver Fund - Direct Plan - Growth Option,Axis Mutual Fund,Open Ended Schemes,Equity Scheme - ELSS,26-11-2019,52.18190
120503,Axis ELSS Tax Saver Fund - Direct Plan - Growth Option,Axis Mutual Fund,Open Ended Schemes,Equity Scheme - ELSS,25-11-2019,52.40580
120503,Axis ELSS Tax Saver Fund - Direct Plan - Growth Option,Axis Mutual Fund,Open Ended Schemes,Equity Scheme - ELSS,22-11-2019,51.80550
120503,Axis ELSS Tax Saver Fund - Direct Plan - Growth Option,Axis Mutual Fund,Open Ended Schemes,Equity Scheme - ELSS,21-11-2019,51.97490
120503,Axis ELSS Tax Saver Fund - Direct Plan - Growth Option,Axis Mutual Fund,Open Ended Schemes,Equity Scheme - ELSS,20-11-2019,52.21970
120503,Axis ELSS Tax Saver Fund - Direct Plan - Growth Option,Axis Mutual Fund,Open Ended Schemes,Equity Scheme - ELSS,19-11-2019,52.30170
120503,Axis ELSS Tax Saver Fund - Direct Plan - Growth Option,Axis Mutual Fund,Open Ended Schemes,Equity Scheme - ELSS,18-11-2019,52.64580
120503,Axis ELSS Tax Saver Fund - Direct Plan - Growth Option,Axis Mutual Fund,Open Ended Schemes,Equity Scheme - ELSS,15-11-2019,52.85980
120503,Axis ELSS Tax Saver Fund - Direct Plan - Growth Option,Axis Mutual Fund,Open Ended Schemes,Equity Scheme - ELSS,14-11-2019,52.92160
120503,Axis ELSS Tax Saver Fund - Direct Plan - Growth Option,Axis Mutual Fund,Open Ended Schemes,Equity Scheme - ELSS,13-11-2019,52.75070
120503,Axis ELSS Tax Saver Fund - Direct Plan - Growth Option,Axis Mutual Fund,Open Ended Schemes,Equity Scheme - ELSS,11-11-2019,52.77470
120503,Axis ELSS Tax Saver Fund - Direct Plan - Growth Option,Axis Mutual Fund,Open Ended Schemes,Equity Scheme - ELSS,08-11-2019,52.66910
120503,Axis ELSS Tax Saver Fund - Direct Plan - Growth Option,Axis Mutual Fund,Open Ended Schemes,Equity Scheme - ELSS,07-11-2019,53.14690
120503,Axis ELSS Tax Saver Fund - Direct Plan - Growth Option,Axis Mutual Fund,Open Ended Schemes,Equity Scheme - ELSS,06-11-2019,53.02730
120503,Axis ELSS Tax Saver Fund - Direct Plan - Growth Option,Axis Mutual Fund,Open Ended Schemes,Equity Scheme - ELSS,05-11-2019,52.87080
120503,Axis ELSS Tax Saver Fund - Direct Plan - Growth Option,Axis Mutual Fund,Open Ended Schemes,Equity Scheme - ELSS,04-11-2019,52.98460
120503,Axis ELSS Tax Saver Fund - Direct Plan - Growth Option,Axis Mutual Fund,Open Ended Schemes,Equity Scheme - ELSS,01-11-2019,53.10650
120503,Axis ELSS Tax Saver Fund - Direct Plan - Growth Option,Axis Mutual Fund,Open Ended Schemes,Equity Scheme - ELSS,31-10-2019,53.19530
120503,Axis ELSS Tax Saver Fund - Direct Plan - Growth Option,Axis Mutual Fund,Open Ended Schemes,Equity Scheme - ELSS,30-10-2019,52.92630
120503,Axis ELSS Tax Saver Fund - Direct Plan - Growth Option,Axis Mutual Fund,Open Ended Schemes,Equity Scheme - ELSS,29-10-2019,52.78750
120503,Axis ELSS Tax Saver Fund - Direct Plan - Growth Option,Axis Mutual Fund,Open Ended Schemes,Equity Scheme - ELSS,25-10-2019,51.78900
120503,Axis ELSS Tax Saver Fund - Direct Plan - Growth Option,Axis Mutual Fund,Open Ended Schemes,Equity Scheme - ELSS,24-10-2019,51.87550
120503,Axis ELSS Tax Saver Fund - Direct Plan - Growth Option,Axis Mutual Fund,Open Ended Schemes,Equity Scheme - ELSS,23-10-2019,51.85530
120503,Axis ELSS Tax Saver Fund - Direct Plan - Growth Option,Axis Mutual Fund,Open Ended Schemes,Equity Scheme - ELSS,22-10-2019,51.91240
120503,Axis ELSS Tax Saver Fund - Direct Plan - Growth Option,Axis Mutual Fund,Open Ended Schemes,Equity Scheme - ELSS,18-10-2019,51.79650
120503,Axis ELSS Tax Saver Fund - Direct Plan - Growth Option,Axis Mutual Fund,Open Ended Schemes,Equity Scheme - ELSS,17-10-2019,51.56370
120503,Axis ELSS Tax Saver Fund - Direct Plan - Growth Option,Axis Mutual Fund,Open Ended Schemes,Equity Scheme - ELSS,16-10-2019,51.14310
120503,Axis ELSS Tax Saver Fund - Direct Plan - Growth Option,Axis Mutual Fund,Open Ended Schemes,Equity Scheme - ELSS,15-10-2019,50.89060
120503,Axis ELSS Tax Saver Fund - Direct Plan - Growth Option,Axis Mutual Fund,Open Ended Schemes,Equity Scheme - ELSS,14-10-2019,50.35610
120503,Axis ELSS Tax Saver Fund - Direct Plan - Growth Option,Axis Mutual Fund,Open Ended Schemes,Equity Scheme - ELSS,11-10-2019,50.38240
120503,Axis ELSS Tax Saver Fund - Direct Plan - Growth Option,Axis Mutual Fund,Open Ended Schemes,Equity Scheme - ELSS,10-10-2019,49.83710
120503,Axis ELSS Tax Saver Fund - Direct Plan - Growth Option,Axis Mutual Fund,Open Ended Schemes,Equity Scheme - ELSS,09-10-2019,50.16860
120503,Axis ELSS Tax Saver Fund - Direct Plan - Growth Option,Axis Mutual Fund,Open Ended Schemes,Equity Scheme - ELSS,07-10-2019,49.65320
120503,Axis ELSS Tax Saver Fund - Direct Plan - Growth Option,Axis Mutual Fund,Open Ended Schemes,Equity Scheme - ELSS,04-10-2019,49.76320
120503,Axis ELSS Tax Saver Fund - Direct Plan - Growth Option,Axis Mutual Fund,Open Ended Schemes,Equity Scheme - ELSS,03-10-2019,50.03720
120503,Axis ELSS Tax Saver Fund - Direct Plan - Growth Option,Axis Mutual Fund,Open Ended Schemes,Equity Scheme - ELSS,01-10-2019,50.35690
120503,Axis ELSS Tax Saver Fund - Direct Plan - Growth Option,Axis Mutual Fund,Open Ended Schemes,Equity Scheme - ELSS,30-09-2019,50.56550
120503,Axis ELSS Tax Saver Fund - Direct Plan - Growth Option,Axis Mutual Fund,Open Ended Schemes,Equity Scheme - ELSS,27-09-2019,50.92520
120503,Axis ELSS Tax Saver Fund - Direct Plan - Growth Option,Axis Mutual Fund,Open Ended Schemes,Equity Scheme - ELSS,26-09-2019,50.96550
120503,Axis ELSS Tax Saver Fund - Direct Plan - Growth Option,Axis Mutual Fund,Open Ended Schemes,Equity Scheme - ELSS,25-09-2019,50.50100
120503,Axis ELSS Tax Saver Fund - Direct Plan - Growth Option,Axis Mutual Fund,Open Ended Schemes,Equity Scheme - ELSS,24-09-2019,50.96650
120503,Axis ELSS Tax Saver Fund - Direct Plan - Growth Option,Axis Mutual Fund,Open Ended Schemes,Equity Scheme - ELSS,23-09-2019,51.45230
120503,Axis ELSS Tax Saver Fund - Direct Plan - Growth Option,Axis Mutual Fund,Open Ended Schemes,Equity Scheme - ELSS,20-09-2019,49.50490
120503,Axis ELSS Tax Saver Fund - Direct Plan - Growth Option,Axis Mutual Fund,Open Ended Schemes,Equity Scheme - ELSS,19-09-2019,46.57930
120503,Axis ELSS Tax Saver Fund - Direct Plan - Growth Option,Axis Mutual Fund,Open Ended Schemes,Equity Scheme - ELSS,18-09-2019,47.09250
120503,Axis ELSS Tax Saver Fund - Direct Plan - Growth Option,Axis Mutual Fund,Open Ended Schemes,Equity Scheme - ELSS,17-09-2019,46.87500
120503,Axis ELSS Tax Saver Fund - Direct Plan - Growth Option,Axis Mutual Fund,Open Ended Schemes,Equity Scheme - ELSS,16-09-2019,47.68120
120503,Axis ELSS Tax Saver Fund - Direct Plan - Growth Option,Axis Mutual Fund,Open Ended Schemes,Equity Scheme - ELSS,13-09-2019,47.74890
120503,Axis ELSS Tax Saver Fund - Direct Plan - Growth Option,Axis Mutual Fund,Open Ended Schemes,Equity Scheme - ELSS,12-09-2019,47.50260
120503,Axis ELSS Tax Saver Fund - Direct Plan - Growth Option,Axis Mutual Fund,Open Ended Schemes,Equity Scheme - ELSS,11-09-2019,47.74910
120503,Axis ELSS Tax Saver Fund - Direct Plan - Growth Option,Axis Mutual Fund,Open Ended Schemes,Equity Scheme - ELSS,09-09-2019,47.68890
120503,Axis ELSS Tax Saver Fund - Direct Plan - Growth Option,Axis Mutual Fund,Open Ended Schemes,Equity Scheme - ELSS,06-09-2019,47.18050
120503,Axis ELSS Tax Saver Fund - Direct Plan - Growth Option,Axis Mutual Fund,Open Ended Schemes,Equity Scheme - ELSS,05-09-2019,46.97160
120503,Axis ELSS Tax Saver Fund - Direct Plan - Growth Option,Axis Mutual Fund,Open Ended Schemes,Equity Scheme - ELSS,04-09-2019,46.99080
120503,Axis ELSS Tax Saver Fund - Direct Plan - Growth Option,Axis Mutual Fund,Open Ended Schemes,Equity Scheme - ELSS,03-09-2019,46.86600
120503,Axis ELSS Tax Saver Fund - Direct Plan - Growth Option,Axis Mutual Fund,Open Ended Schemes,Equity Scheme - ELSS,30-08-2019,47.68460
120503,Axis ELSS Tax Saver Fund - Direct Plan - Growth Option,Axis Mutual Fund,Open Ended Schemes,Equity Scheme - ELSS,29-08-2019,47.30710
120503,Axis ELSS Tax Saver Fund - Direct Plan - Growth Option,Axis Mutual Fund,Open Ended Schemes,Equity Scheme - ELSS,28-08-2019,47.63850
120503,Axis ELSS Tax Saver Fund - Direct Plan - Growth Option,Axis Mutual Fund,Open Ended Schemes,Equity Scheme - ELSS,27-08-2019,47.72290
120503,Axis ELSS Tax Saver Fund - Direct Plan - Growth Option,Axis Mutual Fund,Open Ended Schemes,Equity Scheme - ELSS,26-08-2019,47.56020
120503,Axis ELSS Tax Saver Fund - Direct Plan - Growth Option,Axis Mutual Fund,Open Ended Schemes,Equity Scheme - ELSS,23-08-2019,46.53520
120503,Axis ELSS Tax Saver Fund - Direct Plan - Growth Option,Axis Mutual Fund,Open Ended Schemes,Equity Scheme - ELSS,22-08-2019,46.55430
120503,Axis ELSS Tax Saver Fund - Direct Plan - Growth Option,Axis Mutual Fund,Open Ended Schemes,Equity Scheme - ELSS,21-08-2019,47.20660
120503,Axis ELSS Tax Saver Fund - Direct Plan - Growth Option,Axis Mutual Fund,Open Ended Schemes,Equity Scheme - ELSS,20-08-2019,47.47910
120503,Axis ELSS Tax Saver Fund - Direct Plan - Growth Option,Axis Mutual Fund,Open Ended Schemes,Equity Scheme - ELSS,19-08-2019,47.54580
120503,Axis ELSS Tax Saver Fund - Direct Plan - Growth Option,Axis Mutual Fund,Open Ended Schemes,Equity Scheme - ELSS,16-08-2019,47.58760
120503,Axis ELSS Tax Saver Fund - Direct Plan - Growth Option,Axis Mutual Fund,Open Ended Schemes,Equity Scheme - ELSS,14-08-2019,47.45790
120503,Axis ELSS Tax Saver Fund - Direct Plan - Growth Option,Axis Mutual Fund,Open Ended Schemes,Equity Scheme - ELSS,13-08-2019,47.28550
120503,Axis ELSS Tax Saver Fund - Direct Plan - Growth Option,Axis Mutual Fund,Open Ended Schemes,Equity Scheme - ELSS,09-08-2019,48.28490
120503,Axis ELSS Tax Saver Fund - Direct Plan - Growth Option,Axis Mutual Fund,Open Ended Schemes,Equity Scheme - ELSS,08-08-2019,47.48730
120503,Axis ELSS Tax Saver Fund - Direct Plan - Growth Option,Axis Mutual Fund,Open Ended Schemes,Equity Scheme - ELSS,07-08-2019,47.07730
120503,Axis ELSS Tax Saver Fund - Direct Plan - Growth Option,Axis Mutual Fund,Open Ended Schemes,Equity Scheme - ELSS,06-08-2019,47.37880
120503,Axis ELSS Tax Saver Fund - Direct Plan - Growth Option,Axis Mutual Fund,Open Ended Schemes,Equity Scheme - ELSS,05-08-2019,46.65360
120503,Axis ELSS Tax Saver Fund - Direct Plan - Growth Option,Axis Mutual Fund,Open Ended Schemes,Equity Scheme - ELSS,02-08-2019,47.03930
120503,Axis ELSS Tax Saver Fund - Direct Plan - Growth Option,Axis Mutual Fund,Open Ended Schemes,Equity Scheme - ELSS,01-08-2019,46.84640
120503,Axis ELSS Tax Saver Fund - Direct Plan - Growth Option,Axis Mutual Fund,Open Ended Schemes,Equity Scheme - ELSS,31-07-2019,47.27590
120503,Axis ELSS Tax Saver Fund - Direct Plan - Growth Option,Axis Mutual Fund,Open Ended Schemes,Equity Scheme - ELSS,30-07-2019,46.93790
120503,Axis ELSS Tax Saver Fund - Direct Plan - Growth Option,Axis Mutual Fund,Open Ended Schemes,Equity Scheme - ELSS,29-07-2019,47.25170
120503,Axis ELSS Tax Saver Fund - Direct Plan - Growth Option,Axis Mutual Fund,Open Ended Schemes,Equity Scheme - ELSS,26-07-2019,47.50060
120503,Axis ELSS Tax Saver Fund - Direct Plan - Growth Option,Axis Mutual Fund,Open Ended Schemes,Equity Scheme - ELSS,25-07-2019,47.10990
120503,Axis ELSS Tax Saver Fund - Direct Plan - Growth Option,Axis Mutual Fund,Open Ended Schemes,Equity Scheme - ELSS,24-07-2019,46.98590
120503,Axis ELSS Tax Saver Fund - Direct Plan - Growth Option,Axis Mutual Fund,Open Ended Schemes,Equity Scheme - ELSS,23-07-2019,47.26820
120503,Axis ELSS Tax Saver Fund - Direct Plan - Growth Option,Axis Mutual Fund,Open Ended Schemes,Equity Scheme - ELSS,22-07-2019,47.40190
120503,Axis ELSS Tax Saver Fund - Direct Plan - Growth Option,Axis Mutual Fund,Open Ended Schemes,Equity Scheme - ELSS,19-07-2019,47.96650
120503,Axis ELSS Tax Saver Fund - Direct Plan - Growth Option,Axis Mutual Fund,Open Ended Schemes,Equity Scheme - ELSS,18-07-2019,48.69950
120503,Axis ELSS Tax Saver Fund - Direct Plan - Growth Option,Axis Mutual Fund,Open Ended Schemes,Equity Scheme - ELSS,17-07-2019,48.98590
120503,Axis ELSS Tax Saver Fund - Direct Plan - Growth Option,Axis Mutual Fund,Open Ended Schemes,Equity Scheme - ELSS,16-07-2019,48.90220
120503,Axis ELSS Tax Saver Fund - Direct Plan - Growth Option,Axis Mutual Fund,Open Ended Schemes,Equity Scheme - ELSS,15-07-2019,48.71390
120503,Axis ELSS Tax Saver Fund - Direct Plan - Growth Option,Axis Mutual Fund,Open Ended Schemes,Equity Scheme - ELSS,12-07-2019,48.39580
120503,Axis ELSS Tax Saver Fund - Direct Plan - Growth Option,Axis Mutual Fund,Open Ended Schemes,Equity Scheme - ELSS,11-07-2019,48.62310
120503,Axis ELSS Tax Saver Fund - Direct Plan - Growth Option,Axis Mutual Fund,Open Ended Schemes,Equity Scheme - ELSS,10-07-2019,48.12320
120503,Axis ELSS Tax Saver Fund - Direct Plan - Growth Option,Axis Mutual Fund,Open Ended Schemes,Equity Scheme - ELSS,09-07-2019,48.49800
120503,Axis ELSS Tax Saver Fund - Direct Plan - Growth Option,Axis Mutual Fund,Open Ended Schemes,Equity Scheme - ELSS,08-07-2019,48.57930
120503,Axis ELSS Tax Saver Fund - Direct Plan - Growth Option,Axis Mutual Fund,Open Ended Schemes,Equity Scheme - ELSS,05-07-2019,49.56380
120503,Axis ELSS Tax Saver Fund - Direct Plan - Growth Option,Axis Mutual Fund,Open Ended Schemes,Equity Scheme - ELSS,04-07-2019,50.25800
120503,Axis ELSS Tax Saver Fund - Direct Plan - Growth Option,Axis Mutual Fund,Open Ended Schemes,Equity Scheme - ELSS,03-07-2019,50.17940
120503,Axis ELSS Tax Saver Fund - Direct Plan - Growth Option,Axis Mutual Fund,Open Ended Schemes,Equity Scheme - ELSS,02-07-2019,50.15150
120503,Axis ELSS Tax Saver Fund - Direct Plan - Growth Option,Axis Mutual Fund,Open Ended Schemes,Equity Scheme - ELSS,01-07-2019,49.77160
120503,Axis ELSS Tax Saver Fund - Direct Plan - Growth Option,Axis Mutual Fund,Open Ended Schemes,Equity Scheme - ELSS,28-06-2019,49.37560
120503,Axis ELSS Tax Saver Fund - Direct Plan - Growth Option,Axis Mutual Fund,Open Ended Schemes,Equity Scheme - ELSS,27-06-2019,49.36600
120503,Axis ELSS Tax Saver Fund - Direct Plan - Growth Option,Axis Mutual Fund,Open Ended Schemes,Equity Scheme - ELSS,26-06-2019,49.28970
120503,Axis ELSS Tax Saver Fund - Direct Plan - Growth Option,Axis Mutual Fund,Open Ended Schemes,Equity Scheme - ELSS,25-06-2019,48.99600
120503,Axis ELSS Tax Saver Fund - Direct Plan - Growth Option,Axis Mutual Fund,Open Ended Schemes,Equity Scheme - ELSS,24-06-2019,48.59220
120503,Axis ELSS Tax Saver Fund - Direct Plan - Growth Option,Axis Mutual Fund,Open Ended Schemes,Equity Scheme - ELSS,21-06-2019,48.53170
120503,Axis ELSS Tax Saver Fund - Direct Plan - Growth Option,Axis Mutual Fund,Open Ended Schemes,Equity Scheme - ELSS,20-06-2019,48.88210
120503,Axis ELSS Tax Saver Fund - Direct Plan - Growth Option,Axis Mutual Fund,Open Ended Schemes,Equity Scheme - ELSS,19-06-2019,48.40360
120503,Axis ELSS Tax Saver Fund - Direct Plan - Growth Option,Axis Mutual Fund,Open Ended Schemes,Equity Scheme - ELSS,18-06-2019,48.45020
120503,Axis ELSS Tax Saver Fund - Direct Plan - Growth Option,Axis Mutual Fund,Open Ended Schemes,Equity Scheme - ELSS,17-06-2019,48.51410
120503,Axis ELSS Tax Saver Fund - Direct Plan - Growth Option,Axis Mutual Fund,Open Ended Schemes,Equity Scheme - ELSS,14-06-2019,48.89090
120503,Axis ELSS Tax Saver Fund - Direct Plan - Growth Option,Axis Mutual Fund,Open Ended Schemes,Equity Scheme - ELSS,13-06-2019,49.29070
120503,Axis ELSS Tax Saver Fund - Direct Plan - Growth Option,Axis Mutual Fund,Open Ended Schemes,Equity Scheme - ELSS,12-06-2019,49.23400
120503,Axis ELSS Tax Saver Fund - Direct Plan - Growth Option,Axis Mutual Fund,Open Ended Schemes,Equity Scheme - ELSS,11-06-2019,49.65300
120503,Axis ELSS Tax Saver Fund - Direct Plan - Growth Option,Axis Mutual Fund,Open Ended Schemes,Equity Scheme - ELSS,10-06-2019,49.54390
120503,Axis ELSS Tax Saver Fund - Direct Plan - Growth Option,Axis Mutual Fund,Open Ended Schemes,Equity Scheme - ELSS,07-06-2019,49.44300
120503,Axis ELSS Tax Saver Fund - Direct Plan - Growth Option,Axis Mutual Fund,Open Ended Schemes,Equity Scheme - ELSS,06-06-2019,49.48510
120503,Axis ELSS Tax Saver Fund - Direct Plan - Growth Option,Axis Mutual Fund,Open Ended Schemes,Equity Scheme - ELSS,04-06-2019,50.04100
120503,Axis ELSS Tax Saver Fund - Direct Plan - Growth Option,Axis Mutual Fund,Open Ended Schemes,Equity Scheme - ELSS,03-06-2019,50.21600
120503,Axis ELSS Tax Saver Fund - Direct Plan - Growth Option,Axis Mutual Fund,Open Ended Schemes,Equity Scheme - ELSS,31-05-2019,49.60090
120503,Axis ELSS Tax Saver Fund - Direct Plan - Growth Option,Axis Mutual Fund,Open Ended Schemes,Equity Scheme - ELSS,30-05-2019,49.50430
120503,Axis ELSS Tax Saver Fund - Direct Plan - Growth Option,Axis Mutual Fund,Open Ended Schemes,Equity Scheme - ELSS,29-05-2019,48.96490
120503,Axis ELSS Tax Saver Fund - Direct Plan - Growth Option,Axis Mutual Fund,Open Ended Schemes,Equity Scheme - ELSS,28-05-2019,48.85920
120503,Axis ELSS Tax Saver Fund - Direct Plan - Growth Option,Axis Mutual Fund,Open Ended Schemes,Equity Scheme - ELSS,27-05-2019,48.74810
120503,Axis ELSS Tax Saver Fund - Direct Plan - Growth Option,Axis Mutual Fund,Open Ended Schemes,Equity Scheme - ELSS,24-05-2019,48.46890
120503,Axis ELSS Tax Saver Fund - Direct Plan - Growth Option,Axis Mutual Fund,Open Ended Schemes,Equity Scheme - ELSS,23-05-2019,47.92700
120503,Axis ELSS Tax Saver Fund - Direct Plan - Growth Option,Axis Mutual Fund,Open Ended Schemes,Equity Scheme - ELSS,22-05-2019,48.12880
120503,Axis ELSS Tax Saver Fund - Direct Plan - Growth Option,Axis Mutual Fund,Open Ended Schemes,Equity Scheme - ELSS,21-05-2019,47.89680
120503,Axis ELSS Tax Saver Fund - Direct Plan - Growth Option,Axis Mutual Fund,Open Ended Schemes,Equity Scheme - ELSS,20-05-2019,48.48830
120503,Axis ELSS Tax Saver Fund - Direct Plan - Growth Option,Axis Mutual Fund,Open Ended Schemes,Equity Scheme - ELSS,17-05-2019,46.75490
120503,Axis ELSS Tax Saver Fund - Direct Plan - Growth Option,Axis Mutual Fund,Open Ended Schemes,Equity Scheme - ELSS,16-05-2019,46.22500
120503,Axis ELSS Tax Saver Fund - Direct Plan - Growth Option,Axis Mutual Fund,Open Ended Schemes,Equity Scheme - ELSS,15-05-2019,45.98770
120503,Axis ELSS Tax Saver Fund - Direct Plan - Growth Option,Axis Mutual Fund,Open Ended Schemes,Equity Scheme - ELSS,14-05-2019,45.58710
120503,Axis ELSS Tax Saver Fund - Direct Plan - Growth Option,Axis Mutual Fund,Open Ended Schemes,Equity Scheme - ELSS,13-05-2019,45.84070
120503,Axis ELSS Tax Saver Fund - Direct Plan - Growth Option,Axis Mutual Fund,Open Ended Schemes,Equity Scheme - ELSS,10-05-2019,46.25510
120503,Axis ELSS Tax Saver Fund - Direct Plan - Growth Option,Axis Mutual Fund,Open Ended Schemes,Equity Scheme - ELSS,09-05-2019,46.22160
120503,Axis ELSS Tax Saver Fund - Direct Plan - Growth Option,Axis Mutual Fund,Open Ended Schemes,Equity Scheme - ELSS,08-05-2019,46.38920
120503,Axis ELSS Tax Saver Fund - Direct Plan - Growth Option,Axis Mutual Fund,Open Ended Schemes,Equity Scheme - ELSS,07-05-2019,46.91540
120503,Axis ELSS Tax Saver Fund - Direct Plan - Growth Option,Axis Mutual Fund,Open Ended Schemes,Equity Scheme - ELSS,06-05-2019,47.14990
120503,Axis ELSS Tax Saver Fund - Direct Plan - Growth Option,Axis Mutual Fund,Open Ended Schemes,Equity Scheme - ELSS,03-05-2019,47.55390
120503,Axis ELSS Tax Saver Fund - Direct Plan - Growth Option,Axis Mutual Fund,Open Ended Schemes,Equity Scheme - ELSS,02-05-2019,47.76800
120503,Axis ELSS Tax Saver Fund - Direct Plan - Growth Option,Axis Mutual Fund,Open Ended Schemes,Equity Scheme - ELSS,30-04-2019,47.72290
120503,Axis ELSS Tax Saver Fund - Direct Plan - Growth Option,Axis Mutual Fund,Open Ended Schemes,Equity Scheme - ELSS,26-04-2019,47.58700
120503,Axis ELSS Tax Saver Fund - Direct Plan - Growth Option,Axis Mutual Fund,Open Ended Schemes,Equity Scheme - ELSS,25-04-2019,47.42530
120503,Axis ELSS Tax Saver Fund - Direct Plan - Growth Option,Axis Mutual Fund,Open Ended Schemes,Equity Scheme - ELSS,24-04-2019,47.70320
120503,Axis ELSS Tax Saver Fund - Direct Plan - Growth Option,Axis Mutual Fund,Open Ended Schemes,Equity Scheme - ELSS,23-04-2019,47.03970
120503,Axis ELSS Tax Saver Fund - Direct Plan - Growth Option,Axis Mutual Fund,Open Ended Schemes,Equity Scheme - ELSS,22-04-2019,47.06810
120503,Axis ELSS Tax Saver Fund - Direct Plan - Growth Option,Axis Mutual Fund,Open Ended Schemes,Equity Scheme - ELSS,18-04-2019,47.57290
120503,Axis ELSS Tax Saver Fund - Direct Plan - Growth Option,Axis Mutual Fund,Open Ended Schemes,Equity Scheme - ELSS,16-04-2019,47.94520
120503,Axis ELSS Tax Saver Fund - Direct Plan - Growth Option,Axis Mutual Fund,Open Ended Schemes,Equity Scheme - ELSS,15-04-2019,47.68700
120503,Axis ELSS Tax Saver Fund - Direct Plan - Growth Option,Axis Mutual Fund,Open Ended Schemes,Equity Scheme - ELSS,12-04-2019,47.26010
120503,Axis ELSS Tax Saver Fund - Direct Plan - Growth Option,Axis Mutual Fund,Open Ended Schemes,Equity Scheme - ELSS,11-04-2019,47.17500
120503,Axis ELSS Tax Saver Fund - Direct Plan - Growth Option,Axis Mutual Fund,Open Ended Schemes,Equity Scheme - ELSS,10-04-2019,47.25480
120503,Axis ELSS Tax Saver Fund - Direct Plan - Growth Option,Axis Mutual Fund,Open Ended Schemes,Equity Scheme - ELSS,09-04-2019,47.44870
120503,Axis ELSS Tax Saver Fund - Direct Plan - Growth Option,Axis Mutual Fund,Open Ended Schemes,Equity Scheme - ELSS,08-04-2019,47.37170
120503,Axis ELSS Tax Saver Fund - Direct Plan - Growth Option,Axis Mutual Fund,Open Ended Schemes,Equity Scheme - ELSS,05-04-2019,47.48870
120503,Axis ELSS Tax Saver Fund - Direct Plan - Growth Option,Axis Mutual Fund,Open Ended Schemes,Equity Scheme - ELSS,04-04-2019,47.15820
120503,Axis ELSS Tax Saver Fund - Direct Plan - Growth Option,Axis Mutual Fund,Open Ended Schemes,Equity Scheme - ELSS,03-04-2019,47.30760
120503,Axis ELSS Tax Saver Fund - Direct Plan - Growth Option,Axis Mutual Fund,Open Ended Schemes,Equity Scheme - ELSS,02-04-2019,47.31530
120503,Axis ELSS Tax Saver Fund - Direct Plan - Growth Option,Axis Mutual Fund,Open Ended Schemes,Equity Scheme - ELSS,01-04-2019,47.19590
120503,Axis ELSS Tax Saver Fund - Direct Plan - Growth Option,Axis Mutual Fund,Open Ended Schemes,Equity Scheme - ELSS,29-03-2019,46.98100
120503,Axis ELSS Tax Saver Fund - Direct Plan - Growth Option,Axis Mutual Fund,Open Ended Schemes,Equity Scheme - ELSS,28-03-2019,46.65510
120503,Axis ELSS Tax Saver Fund - Direct Plan - Growth Option,Axis Mutual Fund,Open Ended Schemes,Equity Scheme - ELSS,27-03-2019,46.29360
120503,Axis ELSS Tax Saver Fund - Direct Plan - Growth Option,Axis Mutual Fund,Open Ended Schemes,Equity Scheme - ELSS,26-03-2019,46.30960
120503,Axis ELSS Tax Saver Fund - Direct Plan - Growth Option,Axis Mutual Fund,Open Ended Schemes,Equity Scheme - ELSS,25-03-2019,45.80640
120503,Axis ELSS Tax Saver Fund - Direct Plan - Growth Option,Axis Mutual Fund,Open Ended Schemes,Equity Scheme - ELSS,22-03-2019,46.08600
120503,Axis ELSS Tax Saver Fund - Direct Plan - Growth Option,Axis Mutual Fund,Open Ended Schemes,Equity Scheme - ELSS,20-03-2019,46.23490
120503,Axis ELSS Tax Saver Fund - Direct Plan - Growth Option,Axis Mutual Fund,Open Ended Schemes,Equity Scheme - ELSS,19-03-2019,46.51130
120503,Axis ELSS Tax Saver Fund - Direct Plan - Growth Option,Axis Mutual Fund,Open Ended Schemes,Equity Scheme - ELSS,18-03-2019,46.51150
120503,Axis ELSS Tax Saver Fund - Direct Plan - Growth Option,Axis Mutual Fund,Open Ended Schemes,Equity Scheme - ELSS,15-03-2019,46.66690
120503,Axis ELSS Tax Saver Fund - Direct Plan - Growth Option,Axis Mutual Fund,Open Ended Schemes,Equity Scheme - ELSS,14-03-2019,46.38530
120503,Axis ELSS Tax Saver Fund - Direct Plan - Growth Option,Axis Mutual Fund,Open Ended Schemes,Equity Scheme - ELSS,13-03-2019,46.51120
120503,Axis ELSS Tax Saver Fund - Direct Plan - Growth Option,Axis Mutual Fund,Open Ended Schemes,Equity Scheme - ELSS,12-03-2019,46.25280
120503,Axis ELSS Tax Saver Fund - Direct Plan - Growth Option,Axis Mutual Fund,Open Ended Schemes,Equity Scheme - ELSS,11-03-2019,45.98780
120503,Axis ELSS Tax Saver Fund - Direct Plan - Growth Option,Axis Mutual Fund,Open Ended Schemes,Equity Scheme - ELSS,08-03-2019,45.33680
120503,Axis ELSS Tax Saver Fund - Direct Plan - Growth Option,Axis Mutual Fund,Open Ended Schemes,Equity Scheme - ELSS,07-03-2019,45.22680
120503,Axis ELSS Tax Saver Fund - Direct Plan - Growth Option,Axis Mutual Fund,Open Ended Schemes,Equity Scheme - ELSS,06-03-2019,45.39190
120503,Axis ELSS Tax Saver Fund - Direct Plan - Growth Option,Axis Mutual Fund,Open Ended Schemes,Equity Scheme - ELSS,05-03-2019,45.15330
120503,Axis ELSS Tax Saver Fund - Direct Plan - Growth Option,Axis Mutual Fund,Open Ended Schemes,Equity Scheme - ELSS,01-03-2019,44.61980
120503,Axis ELSS Tax Saver Fund - Direct Plan - Growth Option,Axis Mutual Fund,Open Ended Schemes,Equity Scheme - ELSS,28-02-2019,44.43960
120503,Axis ELSS Tax Saver Fund - Direct Plan - Growth Option,Axis Mutual Fund,Open Ended Schemes,Equity Scheme - ELSS,27-02-2019,44.56670
120503,Axis ELSS Tax Saver Fund - Direct Plan - Growth Option,Axis Mutual Fund,Open Ended Schemes,Equity Scheme - ELSS,26-02-2019,44.57330
120503,Axis ELSS Tax Saver Fund - Direct Plan - Growth Option,Axis Mutual Fund,Open Ended Schemes,Equity Scheme - ELSS,25-02-2019,44.29600
120503,Axis ELSS Tax Saver Fund - Direct Plan - Growth Option,Axis Mutual Fund,Open Ended Schemes,Equity Scheme - ELSS,22-02-2019,43.70490
120503,Axis ELSS Tax Saver Fund - Direct Plan - Growth Option,Axis Mutual Fund,Open Ended Schemes,Equity Scheme - ELSS,21-02-2019,43.75670
120503,Axis ELSS Tax Saver Fund - Direct Plan - Growth Option,Axis Mutual Fund,Open Ended Schemes,Equity Scheme - ELSS,20-02-2019,43.68510
120503,Axis ELSS Tax Saver Fund - Direct Plan - Growth Option,Axis Mutual Fund,Open Ended Schemes,Equity Scheme - ELSS,19-02-2019,43.19580
120503,Axis ELSS Tax Saver Fund - Direct Plan - Growth Option,Axis Mutual Fund,Open Ended Schemes,Equity Scheme - ELSS,18-02-2019,43.30060
120503,Axis ELSS Tax Saver Fund - Direct Plan - Growth Option,Axis Mutual Fund,Open Ended Schemes,Equity Scheme - ELSS,15-02-2019,43.77050
120503,Axis ELSS Tax Saver Fund - Direct Plan - Growth Option,Axis Mutual Fund,Open Ended Schemes,Equity Scheme - ELSS,14-02-2019,44.06900
120503,Axis ELSS Tax Saver Fund - Direct Plan - Growth Option,Axis Mutual Fund,Open Ended Schemes,Equity Scheme - ELSS,13-02-2019,44.28710
120503,Axis ELSS Tax Saver Fund - Direct Plan - Growth Option,Axis Mutual Fund,Open Ended Schemes,Equity Scheme - ELSS,12-02-2019,44.31090
120503,Axis ELSS Tax Saver Fund - Direct Plan - Growth Option,Axis Mutual Fund,Open Ended Schemes,Equity Scheme - ELSS,11-02-2019,44.54220
120503,Axis ELSS Tax Saver Fund - Direct Plan - Growth Option,Axis Mutual Fund,Open Ended Schemes,Equity Scheme - ELSS,08-02-2019,44.88230
120503,Axis ELSS Tax Saver Fund - Direct Plan - Growth Option,Axis Mutual Fund,Open Ended Schemes,Equity Scheme - ELSS,07-02-2019,45.18300
120503,Axis ELSS Tax Saver Fund - Direct Plan - Growth Option,Axis Mutual Fund,Open Ended Schemes,Equity Scheme - ELSS,06-02-2019,44.85550
120503,Axis ELSS Tax Saver Fund - Direct Plan - Growth Option,Axis Mutual Fund,Open Ended Schemes,Equity Scheme - ELSS,05-02-2019,44.36370
120503,Axis ELSS Tax Saver Fund - Direct Plan - Growth Option,Axis Mutual Fund,Open Ended Schemes,Equity Scheme - ELSS,04-02-2019,44.11720
120503,Axis ELSS Tax Saver Fund - Direct Plan - Growth Option,Axis Mutual Fund,Open Ended Schemes,Equity Scheme - ELSS,01-02-2019,43.95090
120503,Axis ELSS Tax Saver Fund - Direct Plan - Growth Option,Axis Mutual Fund,Open Ended Schemes,Equity Scheme - ELSS,31-01-2019,43.51030
120503,Axis ELSS Tax Saver Fund - Direct Plan - Growth Option,Axis Mutual Fund,Open Ended Schemes,Equity Scheme - ELSS,30-01-2019,43.20350
120503,Axis ELSS Tax Saver Fund - Direct Plan - Growth Option,Axis Mutual Fund,Open Ended Schemes,Equity Scheme - ELSS,29-01-2019,43.23290
120503,Axis ELSS Tax Saver Fund - Direct Plan - Growth Option,Axis Mutual Fund,Open Ended Schemes,Equity Scheme - ELSS,28-01-2019,43.26650
120503,Axis ELSS Tax Saver Fund - Direct Plan - Growth Option,Axis Mutual Fund,Open Ended Schemes,Equity Scheme - ELSS,25-01-2019,43.78550
120503,Axis ELSS Tax Saver Fund - Direct Plan - Growth Option,Axis Mutual Fund,Open Ended Schemes,Equity Scheme - ELSS,24-01-2019,44.10540
120503,Axis ELSS Tax Saver Fund - Direct Plan - Growth Option,Axis Mutual Fund,Open Ended Schemes,Equity Scheme - ELSS,23-01-2019,44.27500
120503,Axis ELSS Tax Saver Fund - Direct Plan - Growth Option,Axis Mutual Fund,Open Ended Schemes,Equity Scheme - ELSS,22-01-2019,44.17530
120503,Axis ELSS Tax Saver Fund - Direct Plan - Growth Option,Axis Mutual Fund,Open Ended Schemes,Equity Scheme - ELSS,21-01-2019,44.26450
120503,Axis ELSS Tax Saver Fund - Direct Plan - Growth Option,Axis Mutual Fund,Open Ended Schemes,Equity Scheme - ELSS,18-01-2019,44.33530
120503,Axis ELSS Tax Saver Fund - Direct Plan - Growth Option,Axis Mutual Fund,Open Ended Schemes,Equity Scheme - ELSS,17-01-2019,44.37410
120503,Axis ELSS Tax Saver Fund - Direct Plan - Growth Option,Axis Mutual Fund,Open Ended Schemes,Equity Scheme - ELSS,16-01-2019,44.37570
120503,Axis ELSS Tax Saver Fund - Direct Plan - Growth Option,Axis Mutual Fund,Open Ended Schemes,Equity Scheme - ELSS,15-01-2019,44.62950
120503,Axis ELSS Tax Saver Fund - Direct Plan - Growth Option,Axis Mutual Fund,Open Ended Schemes,Equity Scheme - ELSS,14-01-2019,44.19200
120503,Axis ELSS Tax Saver Fund - Direct Plan - Growth Option,Axis Mutual Fund,Open Ended Schemes,Equity Scheme - ELSS,11-01-2019,44.45100
120503,Axis ELSS Tax Saver Fund - Direct Plan - Growth Option,Axis Mutual Fund,Open Ended Schemes,Equity Scheme - ELSS,10-01-2019,44.70780
120503,Axis ELSS Tax Saver Fund - Direct Plan - Growth Option,Axis Mutual Fund,Open Ended Schemes,Equity Scheme - ELSS,09-01-2019,44.66900
120503,Axis ELSS Tax Saver Fund - Direct Plan - Growth Option,Axis Mutual Fund,Open Ended Schemes,Equity Scheme - ELSS,08-01-2019,44.69350
120503,Axis ELSS Tax Saver Fund - Direct Plan - Growth Option,Axis Mutual Fund,Open Ended Schemes,Equity Scheme - ELSS,07-01-2019,45.16890
120503,Axis ELSS Tax Saver Fund - Direct Plan - Growth Option,Axis Mutual Fund,Open Ended Schemes,Equity Scheme - ELSS,04-01-2019,45.31800
120503,Axis ELSS Tax Saver Fund - Direct Plan - Growth Option,Axis Mutual Fund,Open Ended Schemes,Equity Scheme - ELSS,03-01-2019,45.33340
120503,Axis ELSS Tax Saver Fund - Direct Plan - Growth Option,Axis Mutual Fund,Open Ended Schemes,Equity Scheme - ELSS,02-01-2019,45.60030
120503,Axis ELSS Tax Saver Fund - Direct Plan - Growth Option,Axis Mutual Fund,Open Ended Schemes,Equity Scheme - ELSS,01-01-2019,46.02960
120503,Axis ELSS Tax Saver Fund - Direct Plan - Growth Option,Axis Mutual Fund,Open Ended Schemes,Equity Scheme - ELSS,31-12-2018,45.94870
120503,Axis ELSS Tax Saver Fund - Direct Plan - Growth Option,Axis Mutual Fund,Open Ended Schemes,Equity Scheme - ELSS,28-12-2018,45.84940
120503,Axis ELSS Tax Saver Fund - Direct Plan - Growth Option,Axis Mutual Fund,Open Ended Schemes,Equity Scheme - ELSS,27-12-2018,45.46020
120503,Axis ELSS Tax Saver Fund - Direct Plan - Growth Option,Axis Mutual Fund,Open Ended Schemes,Equity Scheme - ELSS,26-12-2018,45.34840
120503,Axis ELSS Tax Saver Fund - Direct Plan - Growth Option,Axis Mutual Fund,Open Ended Schemes,Equity Scheme - ELSS,24-12-2018,45.31300
120503,Axis ELSS Tax Saver Fund - Direct Plan - Growth Option,Axis Mutual Fund,Open Ended Schemes,Equity Scheme - ELSS,21-12-2018,45.81270
120503,Axis ELSS Tax Saver Fund - Direct Plan - Growth Option,Axis Mutual Fund,Open Ended Schemes,Equity Scheme - ELSS,20-12-2018,46.46990
120503,Axis ELSS Tax Saver Fund - Direct Plan - Growth Option,Axis Mutual Fund,Open Ended Schemes,Equity Scheme - ELSS,19-12-2018,46.56530
120503,Axis ELSS Tax Saver Fund - Direct Plan - Growth Option,Axis Mutual Fund,Open Ended Schemes,Equity Scheme - ELSS,18-12-2018,46.29210
120503,Axis ELSS Tax Saver Fund - Direct Plan - Growth Option,Axis Mutual Fund,Open Ended Schemes,Equity Scheme - ELSS,17-12-2018,46.21570
120503,Axis ELSS Tax Saver Fund - Direct Plan - Growth Option,Axis Mutual Fund,Open Ended Schemes,Equity Scheme - ELSS,14-12-2018,45.86280
120503,Axis ELSS Tax Saver Fund - Direct Plan - Growth Option,Axis Mutual Fund,Open Ended Schemes,Equity Scheme - ELSS,13-12-2018,45.83820
120503,Axis ELSS Tax Saver Fund - Direct Plan - Growth Option,Axis Mutual Fund,Open Ended Schemes,Equity Scheme - ELSS,12-12-2018,45.42280
120503,Axis ELSS Tax Saver Fund - Direct Plan - Growth Option,Axis Mutual Fund,Open Ended Schemes,Equity Scheme - ELSS,11-12-2018,44.44370
120503,Axis ELSS Tax Saver Fund - Direct Plan - Growth Option,Axis Mutual Fund,Open Ended Schemes,Equity Scheme - ELSS,10-12-2018,44.05450
120503,Axis ELSS Tax Saver Fund - Direct Plan - Growth Option,Axis Mutual Fund,Open Ended Schemes,Equity Scheme - ELSS,07-12-2018,44.81300
120503,Axis ELSS Tax Saver Fund - Direct Plan - Growth Option,Axis Mutual Fund,Open Ended Schemes,Equity Scheme - ELSS,06-12-2018,44.43630
120503,Axis ELSS Tax Saver Fund - Direct Plan - Growth Option,Axis Mutual Fund,Open Ended Schemes,Equity Scheme - ELSS,05-12-2018,45.02360
120503,Axis ELSS Tax Saver Fund - Direct Plan - Growth Option,Axis Mutual Fund,Open Ended Schemes,Equity Scheme - ELSS,04-12-2018,45.46450
120503,Axis ELSS Tax Saver Fund - Direct Plan - Growth Option,Axis Mutual Fund,Open Ended Schemes,Equity Scheme - ELSS,03-12-2018,45.51420
120503,Axis ELSS Tax Saver Fund - Direct Plan - Growth Option,Axis Mutual Fund,Open Ended Schemes,Equity Scheme - ELSS,30-11-2018,45.54280
120503,Axis ELSS Tax Saver Fund - Direct Plan - Growth Option,Axis Mutual Fund,Open Ended Schemes,Equity Scheme - ELSS,29-11-2018,45.16520
120503,Axis ELSS Tax Saver Fund - Direct Plan - Growth Option,Axis Mutual Fund,Open Ended Schemes,Equity Scheme - ELSS,28-11-2018,44.63300
120503,Axis ELSS Tax Saver Fund - Direct Plan - Growth Option,Axis Mutual Fund,Open Ended Schemes,Equity Scheme - ELSS,27-11-2018,44.41780
120503,Axis ELSS Tax Saver Fund - Direct Plan - Growth Option,Axis Mutual Fund,Open Ended Schemes,Equity Scheme - ELSS,26-11-2018,44.10620
120503,Axis ELSS Tax Saver Fund - Direct Plan - Growth Option,Axis Mutual Fund,Open Ended Schemes,Equity Scheme - ELSS,22-11-2018,43.92820
120503,Axis ELSS Tax Saver Fund - Direct Plan - Growth Option,Axis Mutual Fund,Open Ended Schemes,Equity Scheme - ELSS,21-11-2018,44.18770
120503,Axis ELSS Tax Saver Fund - Direct Plan - Growth Option,Axis Mutual Fund,Open Ended Schemes,Equity Scheme - ELSS,20-11-2018,44.19110
120503,Axis ELSS Tax Saver Fund - Direct Plan - Growth Option,Axis Mutual Fund,Open Ended Schemes,Equity Scheme - ELSS,19-11-2018,44.46650
120503,Axis ELSS Tax Saver Fund - Direct Plan - Growth Option,Axis Mutual Fund,Open Ended Schemes,Equity Scheme - ELSS,16-11-2018,44.30220
120503,Axis ELSS Tax Saver Fund - Direct Plan - Growth Option,Axis Mutual Fund,Open Ended Schemes,Equity Scheme - ELSS,15-11-2018,43.97660
120503,Axis ELSS Tax Saver Fund - Direct Plan - Growth Option,Axis Mutual Fund,Open Ended Schemes,Equity Scheme - ELSS,14-11-2018,43.71000
120503,Axis ELSS Tax Saver Fund - Direct Plan - Growth Option,Axis Mutual Fund,Open Ended Schemes,Equity Scheme - ELSS,13-11-2018,43.84500
120503,Axis ELSS Tax Saver Fund - Direct Plan - Growth Option,Axis Mutual Fund,Open Ended Schemes,Equity Scheme - ELSS,12-11-2018,43.55240
120503,Axis ELSS Tax Saver Fund - Direct Plan - Growth Option,Axis Mutual Fund,Open Ended Schemes,Equity Scheme - ELSS,09-11-2018,44.10230
120503,Axis ELSS Tax Saver Fund - Direct Plan - Growth Option,Axis Mutual Fund,Open Ended Schemes,Equity Scheme - ELSS,06-11-2018,43.71980
120503,Axis ELSS Tax Saver Fund - Direct Plan - Growth Option,Axis Mutual Fund,Open Ended Schemes,Equity Scheme - ELSS,05-11-2018,43.81000
120503,Axis ELSS Tax Saver Fund - Direct Plan - Growth Option,Axis Mutual Fund,Open Ended Schemes,Equity Scheme - ELSS,02-11-2018,43.85000
120503,Axis ELSS Tax Saver Fund - Direct Plan - Growth Option,Axis Mutual Fund,Open Ended Schemes,Equity Scheme - ELSS,01-11-2018,43.11710
120503,Axis ELSS Tax Saver Fund - Direct Plan - Growth Option,Axis Mutual Fund,Open Ended Schemes,Equity Scheme - ELSS,31-10-2018,42.85280
120503,Axis ELSS Tax Saver Fund - Direct Plan - Growth Option,Axis Mutual Fund,Open Ended Schemes,Equity Scheme - ELSS,30-10-2018,41.93060
120503,Axis ELSS Tax Saver Fund - Direct Plan - Growth Option,Axis Mutual Fund,Open Ended Schemes,Equity Scheme - ELSS,29-10-2018,42.15270
120503,Axis ELSS Tax Saver Fund - Direct Plan - Growth Option,Axis Mutual Fund,Open Ended Schemes,Equity Scheme - ELSS,26-10-2018,41.56340
120503,Axis ELSS Tax Saver Fund - Direct Plan - Growth Option,Axis Mutual Fund,Open Ended Schemes,Equity Scheme - ELSS,25-10-2018,41.72280
120503,Axis ELSS Tax Saver Fund - Direct Plan - Growth Option,Axis Mutual Fund,Open Ended Schemes,Equity Scheme - ELSS,24-10-2018,41.89340
120503,Axis ELSS Tax Saver Fund - Direct Plan - Growth Option,Axis Mutual Fund,Open Ended Schemes,Equity Scheme - ELSS,23-10-2018,41.21020
120503,Axis ELSS Tax Saver Fund - Direct Plan - Growth Option,Axis Mutual Fund,Open Ended Schemes,Equity Scheme - ELSS,22-10-2018,41.84480
120503,Axis ELSS Tax Saver Fund - Direct Plan - Growth Option,Axis Mutual Fund,Open Ended Schemes,Equity Scheme - ELSS,19-10-2018,42.22540
120503,Axis ELSS Tax Saver Fund - Direct Plan - Growth Option,Axis Mutual Fund,Open Ended Schemes,Equity Scheme - ELSS,17-10-2018,42.60980
120503,Axis ELSS Tax Saver Fund - Direct Plan - Growth Option,Axis Mutual Fund,Open Ended Schemes,Equity Scheme - ELSS,16-10-2018,43.43510
120503,Axis ELSS Tax Saver Fund - Direct Plan - Growth Option,Axis Mutual Fund,Open Ended Schemes,Equity Scheme - ELSS,15-10-2018,43.25150
120503,Axis ELSS Tax Saver Fund - Direct Plan - Growth Option,Axis Mutual Fund,Open Ended Schemes,Equity Scheme - ELSS,12-10-2018,43.17840
120503,Axis ELSS Tax Saver Fund - Direct Plan - Growth Option,Axis Mutual Fund,Open Ended Schemes,Equity Scheme - ELSS,11-10-2018,42.07720
120503,Axis ELSS Tax Saver Fund - Direct Plan - Growth Option,Axis Mutual Fund,Open Ended Schemes,Equity Scheme - ELSS,10-10-2018,42.95470
120503,Axis ELSS Tax Saver Fund - Direct Plan - Growth Option,Axis Mutual Fund,Open Ended Schemes,Equity Scheme - ELSS,09-10-2018,41.99310
120503,Axis ELSS Tax Saver Fund - Direct Plan - Growth Option,Axis Mutual Fund,Open Ended Schemes,Equity Scheme - ELSS,08-10-2018,41.91640
120503,Axis ELSS Tax Saver Fund - Direct Plan - Growth Option,Axis Mutual Fund,Open Ended Schemes,Equity Scheme - ELSS,05-10-2018,42.10070
120503,Axis ELSS Tax Saver Fund - Direct Plan - Growth Option,Axis Mutual Fund,Open Ended Schemes,Equity Scheme - ELSS,04-10-2018,42.71510
120503,Axis ELSS Tax Saver Fund - Direct Plan - Growth Option,Axis Mutual Fund,Open Ended Schemes,Equity Scheme - ELSS,03-10-2018,43.59840
120503,Axis ELSS Tax Saver Fund - Direct Plan - Growth Option,Axis Mutual Fund,Open Ended Schemes,Equity Scheme - ELSS,01-10-2018,44.42050
120503,Axis ELSS Tax Saver Fund - Direct Plan - Growth Option,Axis Mutual Fund,Open Ended Schemes,Equity Scheme - ELSS,28-09-2018,44.65960
120503,Axis ELSS Tax Saver Fund - Direct Plan - Growth Option,Axis Mutual Fund,Open Ended Schemes,Equity Scheme - ELSS,27-09-2018,44.84500
120503,Axis ELSS Tax Saver Fund - Direct Plan - Growth Option,Axis Mutual Fund,Open Ended Schemes,Equity Scheme - ELSS,26-09-2018,45.35220
120503,Axis ELSS Tax Saver Fund - Direct Plan - Growth Option,Axis Mutual Fund,Open Ended Schemes,Equity Scheme - ELSS,25-09-2018,45.69570
120503,Axis ELSS Tax Saver Fund - Direct Plan - Growth Option,Axis Mutual Fund,Open Ended Schemes,Equity Scheme - ELSS,24-09-2018,45.38020
120503,Axis ELSS Tax Saver Fund - Direct Plan - Growth Option,Axis Mutual Fund,Open Ended Schemes,Equity Scheme - ELSS,21-09-2018,46.52310
120503,Axis ELSS Tax Saver Fund - Direct Plan - Growth Option,Axis Mutual Fund,Open Ended Schemes,Equity Scheme - ELSS,19-09-2018,46.99480
120503,Axis ELSS Tax Saver Fund - Direct Plan - Growth Option,Axis Mutual Fund,Open Ended Schemes,Equity Scheme - ELSS,18-09-2018,47.30090
120503,Axis ELSS Tax Saver Fund - Direct Plan - Growth Option,Axis Mutual Fund,Open Ended Schemes,Equity Scheme - ELSS,17-09-2018,47.68170
120503,Axis ELSS Tax Saver Fund - Direct Plan - Growth Option,Axis Mutual Fund,Open Ended Schemes,Equity Scheme - ELSS,14-09-2018,48.21190
120503,Axis ELSS Tax Saver Fund - Direct Plan - Growth Option,Axis Mutual Fund,Open Ended Schemes,Equity Scheme - ELSS,12-09-2018,47.55560
120503,Axis ELSS Tax Saver Fund - Direct Plan - Growth Option,Axis Mutual Fund,Open Ended Schemes,Equity Scheme - ELSS,11-09-2018,47.25670
120503,Axis ELSS Tax Saver Fund - Direct Plan - Growth Option,Axis Mutual Fund,Open Ended Schemes,Equity Scheme - ELSS,10-09-2018,47.89530
120503,Axis ELSS Tax Saver Fund - Direct Plan - Growth Option,Axis Mutual Fund,Open Ended Schemes,Equity Scheme - ELSS,07-09-2018,48.73080
120503,Axis ELSS Tax Saver Fund - Direct Plan - Growth Option,Axis Mutual Fund,Open Ended Schemes,Equity Scheme - ELSS,06-09-2018,48.73090
120503,Axis ELSS Tax Saver Fund - Direct Plan - Growth Option,Axis Mutual Fund,Open Ended Schemes,Equity Scheme - ELSS,05-09-2018,48.43230
120503,Axis ELSS Tax Saver Fund - Direct Plan - Growth Option,Axis Mutual Fund,Open Ended Schemes,Equity Scheme - ELSS,04-09-2018,48.70220
120503,Axis ELSS Tax Saver Fund - Direct Plan - Growth Option,Axis Mutual Fund,Open Ended Schemes,Equity Scheme - ELSS,03-09-2018,49.16300
120503,Axis ELSS Tax Saver Fund - Direct Plan - Growth Option,Axis Mutual Fund,Open Ended Schemes,Equity Scheme - ELSS,31-08-2018,49.54140
120503,Axis ELSS Tax Saver Fund - Direct Plan - Growth Option,Axis Mutual Fund,Open Ended Schemes,Equity Scheme - ELSS,30-08-2018,49.49870
120503,Axis ELSS Tax Saver Fund - Direct Plan - Growth Option,Axis Mutual Fund,Open Ended Schemes,Equity Scheme - ELSS,29-08-2018,49.63690
120503,Axis ELSS Tax Saver Fund - Direct Plan - Growth Option,Axis Mutual Fund,Open Ended Schemes,Equity Scheme - ELSS,28-08-2018,49.46110
120503,Axis ELSS Tax Saver Fund - Direct Plan - Growth Option,Axis Mutual Fund,Open Ended Schemes,Equity Scheme - ELSS,27-08-2018,49.25140
120503,Axis ELSS Tax Saver Fund - Direct Plan - Growth Option,Axis Mutual Fund,Open Ended Schemes,Equity Scheme - ELSS,24-08-2018,48.65830
120503,Axis ELSS Tax Saver Fund - Direct Plan - Growth Option,Axis Mutual Fund,Open Ended Schemes,Equity Scheme - ELSS,23-08-2018,48.76100
120503,Axis ELSS Tax Saver Fund - Direct Plan - Growth Option,Axis Mutual Fund,Open Ended Schemes,Equity Scheme - ELSS,21-08-2018,48.60480
120503,Axis ELSS Tax Saver Fund - Direct Plan - Growth Option,Axis Mutual Fund,Open Ended Schemes,Equity Scheme - ELSS,20-08-2018,48.38370
120503,Axis ELSS Tax Saver Fund - Direct Plan - Growth Option,Axis Mutual Fund,Open Ended Schemes,Equity Scheme - ELSS,17-08-2018,48.14440
120503,Axis ELSS Tax Saver Fund - Direct Plan - Growth Option,Axis Mutual Fund,Open Ended Schemes,Equity Scheme - ELSS,16-08-2018,47.88630
120503,Axis ELSS Tax Saver Fund - Direct Plan - Growth Option,Axis Mutual Fund,Open Ended Schemes,Equity Scheme - ELSS,14-08-2018,48.16200
120503,Axis ELSS Tax Saver Fund - Direct Plan - Growth Option,Axis Mutual Fund,Open Ended Schemes,Equity Scheme - ELSS,13-08-2018,47.76770
120503,Axis ELSS Tax Saver Fund - Direct Plan - Growth Option,Axis Mutual Fund,Open Ended Schemes,Equity Scheme - ELSS,10-08-2018,48.11970
120503,Axis ELSS Tax Saver Fund - Direct Plan - Growth Option,Axis Mutual Fund,Open Ended Schemes,Equity Scheme - ELSS,09-08-2018,48.31090
120503,Axis ELSS Tax Saver Fund - Direct Plan - Growth Option,Axis Mutual Fund,Open Ended Schemes,Equity Scheme - ELSS,08-08-2018,48.20430
120503,Axis ELSS Tax Saver Fund - Direct Plan - Growth Option,Axis Mutual Fund,Open Ended Schemes,Equity Scheme - ELSS,07-08-2018,48.03290
120503,Axis ELSS Tax Saver Fund - Direct Plan - Growth Option,Axis Mutual Fund,Open Ended Schemes,Equity Scheme - ELSS,06-08-2018,48.01920
120503,Axis ELSS Tax Saver Fund - Direct Plan - Growth Option,Axis Mutual Fund,Open Ended Schemes,Equity Scheme - ELSS,03-08-2018,48.12290
120503,Axis ELSS Tax Saver Fund - Direct Plan - Growth Option,Axis Mutual Fund,Open Ended Schemes,Equity Scheme - ELSS,02-08-2018,47.67400
120503,Axis ELSS Tax Saver Fund - Direct Plan - Growth Option,Axis Mutual Fund,Open Ended Schemes,Equity Scheme - ELSS,01-08-2018,48.26500
120503,Axis ELSS Tax Saver Fund - Direct Plan - Growth Option,Axis Mutual Fund,Open Ended Schemes,Equity Scheme - ELSS,31-07-2018,48.26680
120503,Axis ELSS Tax Saver Fund - Direct Plan - Growth Option,Axis Mutual Fund,Open Ended Schemes,Equity Scheme - ELSS,30-07-2018,48.07050
120503,Axis ELSS Tax Saver Fund - Direct Plan - Growth Option,Axis Mutual Fund,Open Ended Schemes,Equity Scheme - ELSS,27-07-2018,48.22320
120503,Axis ELSS Tax Saver Fund - Direct Plan - Growth Option,Axis Mutual Fund,Open Ended Schemes,Equity Scheme - ELSS,26-07-2018,47.96720
120503,Axis ELSS Tax Saver Fund - Direct Plan - Growth Option,Axis Mutual Fund,Open Ended Schemes,Equity Scheme - ELSS,25-07-2018,48.10910
120503,Axis ELSS Tax Saver Fund - Direct Plan - Growth Option,Axis Mutual Fund,Open Ended Schemes,Equity Scheme - ELSS,24-07-2018,48.13100
120503,Axis ELSS Tax Saver Fund - Direct Plan - Growth Option,Axis Mutual Fund,Open Ended Schemes,Equity Scheme - ELSS,23-07-2018,47.82920
120503,Axis ELSS Tax Saver Fund - Direct Plan - Growth Option,Axis Mutual Fund,Open Ended Schemes,Equity Scheme - ELSS,20-07-2018,47.47610
120503,Axis ELSS Tax Saver Fund - Direct Plan - Growth Option,Axis Mutual Fund,Open Ended Schemes,Equity Scheme - ELSS,19-07-2018,46.95840
120503,Axis ELSS Tax Saver Fund - Direct Plan - Growth Option,Axis Mutual Fund,Open Ended Schemes,Equity Scheme - ELSS,18-07-2018,47.26940
120503,Axis ELSS Tax Saver Fund - Direct Plan - Growth Option,Axis Mutual Fund,Open Ended Schemes,Equity Scheme - ELSS,17-07-2018,47.16880
120503,Axis ELSS Tax Saver Fund - Direct Plan - Growth Option,Axis Mutual Fund,Open Ended Schemes,Equity Scheme - ELSS,16-07-2018,46.79600
120503,Axis ELSS Tax Saver Fund - Direct Plan - Growth Option,Axis Mutual Fund,Open Ended Schemes,Equity Scheme - ELSS,13-07-2018,47.36260
120503,Axis ELSS Tax Saver Fund - Direct Plan - Growth Option,Axis Mutual Fund,Open Ended Schemes,Equity Scheme - ELSS,12-07-2018,47.46690
120503,Axis ELSS Tax Saver Fund - Direct Plan - Growth Option,Axis Mutual Fund,Open Ended Schemes,Equity Scheme - ELSS,11-07-2018,47.33000
120503,Axis ELSS Tax Saver Fund - Direct Plan - Growth Option,Axis Mutual Fund,Open Ended Schemes,Equity Scheme - ELSS,10-07-2018,47.28060
120503,Axis ELSS Tax Saver Fund - Direct Plan - Growth Option,Axis Mutual Fund,Open Ended Schemes,Equity Scheme - ELSS,09-07-2018,46.91850
120503,Axis ELSS Tax Saver Fund - Direct Plan - Growth Option,Axis Mutual Fund,Open Ended Schemes,Equity Scheme - ELSS,06-07-2018,46.69490
120503,Axis ELSS Tax Saver Fund - Direct Plan - Growth Option,Axis Mutual Fund,Open Ended Schemes,Equity Scheme - ELSS,05-07-2018,46.55070
120503,Axis ELSS Tax Saver Fund - Direct Plan - Growth Option,Axis Mutual Fund,Open Ended Schemes,Equity Scheme - ELSS,04-07-2018,46.44180
120503,Axis ELSS Tax Saver Fund - Direct Plan - Growth Option,Axis Mutual Fund,Open Ended Schemes,Equity Scheme - ELSS,03-07-2018,46.04730
120503,Axis ELSS Tax Saver Fund - Direct Plan - Growth Option,Axis Mutual Fund,Open Ended Schemes,Equity Scheme - ELSS,02-07-2018,45.75140
120503,Axis ELSS Tax Saver Fund - Direct Plan - Growth Option,Axis Mutual Fund,Open Ended Schemes,Equity Scheme - ELSS,29-06-2018,45.81720
120503,Axis ELSS Tax Saver Fund - Direct Plan - Growth Option,Axis Mutual Fund,Open Ended Schemes,Equity Scheme - ELSS,28-06-2018,45.47150
120503,Axis ELSS Tax Saver Fund - Direct Plan - Growth Option,Axis Mutual Fund,Open Ended Schemes,Equity Scheme - ELSS,27-06-2018,45.70510
120503,Axis ELSS Tax Saver Fund - Direct Plan - Growth Option,Axis Mutual Fund,Open Ended Schemes,Equity Scheme - ELSS,26-06-2018,46.03820
120503,Axis ELSS Tax Saver Fund - Direct Plan - Growth Option,Axis Mutual Fund,Open Ended Schemes,Equity Scheme - ELSS,25-06-2018,46.03840
120503,Axis ELSS Tax Saver Fund - Direct Plan - Growth Option,Axis Mutual Fund,Open Ended Schemes,Equity Scheme - ELSS,22-06-2018,46.24050
120503,Axis ELSS Tax Saver Fund - Direct Plan - Growth Option,Axis Mutual Fund,Open Ended Schemes,Equity Scheme - ELSS,21-06-2018,45.89650
120503,Axis ELSS Tax Saver Fund - Direct Plan - Growth Option,Axis Mutual Fund,Open Ended Schemes,Equity Scheme - ELSS,20-06-2018,46.07520
120503,Axis ELSS Tax Saver Fund - Direct Plan - Growth Option,Axis Mutual Fund,Open Ended Schemes,Equity Scheme - ELSS,19-06-2018,45.85210
120503,Axis ELSS Tax Saver Fund - Direct Plan - Growth Option,Axis Mutual Fund,Open Ended Schemes,Equity Scheme - ELSS,18-06-2018,46.19410
120503,Axis ELSS Tax Saver Fund - Direct Plan - Growth Option,Axis Mutual Fund,Open Ended Schemes,Equity Scheme - ELSS,15-06-2018,46.61020
120503,Axis ELSS Tax Saver Fund - Direct Plan - Growth Option,Axis Mutual Fund,Open Ended Schemes,Equity Scheme - ELSS,14-06-2018,46.62970
120503,Axis ELSS Tax Saver Fund - Direct Plan - Growth Option,Axis Mutual Fund,Open Ended Schemes,Equity Scheme - ELSS,13-06-2018,46.68060
120503,Axis ELSS Tax Saver Fund - Direct Plan - Growth Option,Axis Mutual Fund,Open Ended Schemes,Equity Scheme - ELSS,12-06-2018,46.69210
120503,Axis ELSS Tax Saver Fund - Direct Plan - Growth Option,Axis Mutual Fund,Open Ended Schemes,Equity Scheme - ELSS,11-06-2018,46.40370
120503,Axis ELSS Tax Saver Fund - Direct Plan - Growth Option,Axis Mutual Fund,Open Ended Schemes,Equity Scheme - ELSS,08-06-2018,46.37720
120503,Axis ELSS Tax Saver Fund - Direct Plan - Growth Option,Axis Mutual Fund,Open Ended Schemes,Equity Scheme - ELSS,07-06-2018,46.27760
120503,Axis ELSS Tax Saver Fund - Direct Plan - Growth Option,Axis Mutual Fund,Open Ended Schemes,Equity Scheme - ELSS,06-06-2018,46.06110
120503,Axis ELSS Tax Saver Fund - Direct Plan - Growth Option,Axis Mutual Fund,Open Ended Schemes,Equity Scheme - ELSS,05-06-2018,45.43770
120503,Axis ELSS Tax Saver Fund - Direct Plan - Growth Option,Axis Mutual Fund,Open Ended Schemes,Equity Scheme - ELSS,04-06-2018,45.79100
120503,Axis ELSS Tax Saver Fund - Direct Plan - Growth Option,Axis Mutual Fund,Open Ended Schemes,Equity Scheme - ELSS,01-06-2018,46.29360
120503,Axis ELSS Tax Saver Fund - Direct Plan - Growth Option,Axis Mutual Fund,Open Ended Schemes,Equity Scheme - ELSS,31-05-2018,46.74530
120503,Axis ELSS Tax Saver Fund - Direct Plan - Growth Option,Axis Mutual Fund,Open Ended Schemes,Equity Scheme - ELSS,30-05-2018,46.43140
120503,Axis ELSS Tax Saver Fund - Direct Plan - Growth Option,Axis Mutual Fund,Open Ended Schemes,Equity Scheme - ELSS,29-05-2018,46.16640
120503,Axis ELSS Tax Saver Fund - Direct Plan - Growth Option,Axis Mutual Fund,Open Ended Schemes,Equity Scheme - ELSS,28-05-2018,46.09730
120503,Axis ELSS Tax Saver Fund - Direct Plan - Growth Option,Axis Mutual Fund,Open Ended Schemes,Equity Scheme - ELSS,25-05-2018,45.70530
120503,Axis ELSS Tax Saver Fund - Direct Plan - Growth Option,Axis Mutual Fund,Open Ended Schemes,Equity Scheme - ELSS,24-05-2018,44.92050
120503,Axis ELSS Tax Saver Fund - Direct Plan - Growth Option,Axis Mutual Fund,Open Ended Schemes,Equity Scheme - ELSS,23-05-2018,44.58820
120503,Axis ELSS Tax Saver Fund - Direct Plan - Growth Option,Axis Mutual Fund,Open Ended Schemes,Equity Scheme - ELSS,22-05-2018,45.04470
120503,Axis ELSS Tax Saver Fund - Direct Plan - Growth Option,Axis Mutual Fund,Open Ended Schemes,Equity Scheme - ELSS,21-05-2018,44.96000
120503,Axis ELSS Tax Saver Fund - Direct Plan - Growth Option,Axis Mutual Fund,Open Ended Schemes,Equity Scheme - ELSS,18-05-2018,45.59030
120503,Axis ELSS Tax Saver Fund - Direct Plan - Growth Option,Axis Mutual Fund,Open Ended Schemes,Equity Scheme - ELSS,17-05-2018,45.83240
120503,Axis ELSS Tax Saver Fund - Direct Plan - Growth Option,Axis Mutual Fund,Open Ended Schemes,Equity Scheme - ELSS,16-05-2018,45.83040
120503,Axis ELSS Tax Saver Fund - Direct Plan - Growth Option,Axis Mutual Fund,Open Ended Schemes,Equity Scheme - ELSS,15-05-2018,45.89850
120503,Axis ELSS Tax Saver Fund - Direct Plan - Growth Option,Axis Mutual Fund,Open Ended Schemes,Equity Scheme - ELSS,14-05-2018,45.81610
120503,Axis ELSS Tax Saver Fund - Direct Plan - Growth Option,Axis Mutual Fund,Open Ended Schemes,Equity Scheme - ELSS,11-05-2018,46.05800
120503,Axis ELSS Tax Saver Fund - Direct Plan - Growth Option,Axis Mutual Fund,Open Ended Schemes,Equity Scheme - ELSS,10-05-2018,45.81150
120503,Axis ELSS Tax Saver Fund - Direct Plan - Growth Option,Axis Mutual Fund,Open Ended Schemes,Equity Scheme - ELSS,09-05-2018,46.03530
120503,Axis ELSS Tax Saver Fund - Direct Plan - Growth Option,Axis Mutual Fund,Open Ended Schemes,Equity Scheme - ELSS,08-05-2018,46.19870
120503,Axis ELSS Tax Saver Fund - Direct Plan - Growth Option,Axis Mutual Fund,Open Ended Schemes,Equity Scheme - ELSS,07-05-2018,45.98420
120503,Axis ELSS Tax Saver Fund - Direct Plan - Growth Option,Axis Mutual Fund,Open Ended Schemes,Equity Scheme - ELSS,04-05-2018,45.82910
120503,Axis ELSS Tax Saver Fund - Direct Plan - Growth Option,Axis Mutual Fund,Open Ended Schemes,Equity Scheme - ELSS,03-05-2018,46.01620
120503,Axis ELSS Tax Saver Fund - Direct Plan - Growth Option,Axis Mutual Fund,Open Ended Schemes,Equity Scheme - ELSS,02-05-2018,46.42300
120503,Axis ELSS Tax Saver Fund - Direct Plan - Growth Option,Axis Mutual Fund,Open Ended Schemes,Equity Scheme - ELSS,30-04-2018,46.35850
120503,Axis ELSS Tax Saver Fund - Direct Plan - Growth Option,Axis Mutual Fund,Open Ended Schemes,Equity Scheme - ELSS,27-04-2018,45.91630
120503,Axis ELSS Tax Saver Fund - Direct Plan - Growth Option,Axis Mutual Fund,Open Ended Schemes,Equity Scheme - ELSS,26-04-2018,45.92460
120503,Axis ELSS Tax Saver Fund - Direct Plan - Growth Option,Axis Mutual Fund,Open Ended Schemes,Equity Scheme - ELSS,25-04-2018,45.66840
120503,Axis ELSS Tax Saver Fund - Direct Plan - Growth Option,Axis Mutual Fund,Open Ended Schemes,Equity Scheme - ELSS,24-04-2018,45.85660
120503,Axis ELSS Tax Saver Fund - Direct Plan - Growth Option,Axis Mutual Fund,Open Ended Schemes,Equity Scheme - ELSS,23-04-2018,45.76220
120503,Axis ELSS Tax Saver Fund - Direct Plan - Growth Option,Axis Mutual Fund,Open Ended Schemes,Equity Scheme - ELSS,20-04-2018,45.54330
120503,Axis ELSS Tax Saver Fund - Direct Plan - Growth Option,Axis Mutual Fund,Open Ended Schemes,Equity Scheme - ELSS,19-04-2018,45.54480
120503,Axis ELSS Tax Saver Fund - Direct Plan - Growth Option,Axis Mutual Fund,Open Ended Schemes,Equity Scheme - ELSS,18-04-2018,45.37240
120503,Axis ELSS Tax Saver Fund - Direct Plan - Growth Option,Axis Mutual Fund,Open Ended Schemes,Equity Scheme - ELSS,17-04-2018,45.56500
120503,Axis ELSS Tax Saver Fund - Direct Plan - Growth Option,Axis Mutual Fund,Open Ended Schemes,Equity Scheme - ELSS,16-04-2018,45.57420
120503,Axis ELSS Tax Saver Fund - Direct Plan - Growth Option,Axis Mutual Fund,Open Ended Schemes,Equity Scheme - ELSS,13-04-2018,45.18520
120503,Axis ELSS Tax Saver Fund - Direct Plan - Growth Option,Axis Mutual Fund,Open Ended Schemes,Equity Scheme - ELSS,12-04-2018,45.10190
120503,Axis ELSS Tax Saver Fund - Direct Plan - Growth Option,Axis Mutual Fund,Open Ended Schemes,Equity Scheme - ELSS,11-04-2018,44.85790
120503,Axis ELSS Tax Saver Fund - Direct Plan - Growth Option,Axis Mutual Fund,Open Ended Schemes,Equity Scheme - ELSS,10-04-2018,44.66070
120503,Axis ELSS Tax Saver Fund - Direct Plan - Growth Option,Axis Mutual Fund,Open Ended Schemes,Equity Scheme - ELSS,09-04-2018,44.67440
120503,Axis ELSS Tax Saver Fund - Direct Plan - Growth Option,Axis Mutual Fund,Open Ended Schemes,Equity Scheme - ELSS,06-04-2018,44.51880
120503,Axis ELSS Tax Saver Fund - Direct Plan - Growth Option,Axis Mutual Fund,Open Ended Schemes,Equity Scheme - ELSS,05-04-2018,44.31330
120503,Axis ELSS Tax Saver Fund - Direct Plan - Growth Option,Axis Mutual Fund,Open Ended Schemes,Equity Scheme - ELSS,04-04-2018,43.63920
120503,Axis ELSS Tax Saver Fund - Direct Plan - Growth Option,Axis Mutual Fund,Open Ended Schemes,Equity Scheme - ELSS,03-04-2018,43.89220
120503,Axis ELSS Tax Saver Fund - Direct Plan - Growth Option,Axis Mutual Fund,Open Ended Schemes,Equity Scheme - ELSS,02-04-2018,43.72990
120503,Axis ELSS Tax Saver Fund - Direct Plan - Growth Option,Axis Mutual Fund,Open Ended Schemes,Equity Scheme - ELSS,28-03-2018,42.85890
120503,Axis ELSS Tax Saver Fund - Direct Plan - Growth Option,Axis Mutual Fund,Open Ended Schemes,Equity Scheme - ELSS,27-03-2018,42.89560
120503,Axis ELSS Tax Saver Fund - Direct Plan - Growth Option,Axis Mutual Fund,Open Ended Schemes,Equity Scheme - ELSS,26-03-2018,42.42930
120503,Axis ELSS Tax Saver Fund - Direct Plan - Growth Option,Axis Mutual Fund,Open Ended Schemes,Equity Scheme - ELSS,23-03-2018,41.88100
120503,Axis ELSS Tax Saver Fund - Direct Plan - Growth Option,Axis Mutual Fund,Open Ended Schemes,Equity Scheme - ELSS,22-03-2018,42.26150
120503,Axis ELSS Tax Saver Fund - Direct Plan - Growth Option,Axis Mutual Fund,Open Ended Schemes,Equity Scheme - ELSS,21-03-2018,42.42110
120503,Axis ELSS Tax Saver Fund - Direct Plan - Growth Option,Axis Mutual Fund,Open Ended Schemes,Equity Scheme - ELSS,20-03-2018,42.28340
120503,Axis ELSS Tax Saver Fund - Direct Plan - Growth Option,Axis Mutual Fund,Open Ended Schemes,Equity Scheme - ELSS,19-03-2018,42.19860
120503,Axis ELSS Tax Saver Fund - Direct Plan - Growth Option,Axis Mutual Fund,Open Ended Schemes,Equity Scheme - ELSS,16-03-2018,42.58130
120503,Axis ELSS Tax Saver Fund - Direct Plan - Growth Option,Axis Mutual Fund,Open Ended Schemes,Equity Scheme - ELSS,15-03-2018,43.21540
120503,Axis ELSS Tax Saver Fund - Direct Plan - Growth Option,Axis Mutual Fund,Open Ended Schemes,Equity Scheme - ELSS,14-03-2018,43.19760
120503,Axis ELSS Tax Saver Fund - Direct Plan - Growth Option,Axis Mutual Fund,Open Ended Schemes,Equity Scheme - ELSS,13-03-2018,43.16800
120503,Axis ELSS Tax Saver Fund - Direct Plan - Growth Option,Axis Mutual Fund,Open Ended Schemes,Equity Scheme - ELSS,12-03-2018,43.16460
120503,Axis ELSS Tax Saver Fund - Direct Plan - Growth Option,Axis Mutual Fund,Open Ended Schemes,Equity Scheme - ELSS,09-03-2018,42.82560
120503,Axis ELSS Tax Saver Fund - Direct Plan - Growth Option,Axis Mutual Fund,Open Ended Schemes,Equity Scheme - ELSS,08-03-2018,42.62260
120503,Axis ELSS Tax Saver Fund - Direct Plan - Growth Option,Axis Mutual Fund,Open Ended Schemes,Equity Scheme - ELSS,07-03-2018,42.48530
120503,Axis ELSS Tax Saver Fund - Direct Plan - Growth Option,Axis Mutual Fund,Open Ended Schemes,Equity Scheme - ELSS,06-03-2018,42.82490
120503,Axis ELSS Tax Saver Fund - Direct Plan - Growth Option,Axis Mutual Fund,Open Ended Schemes,Equity Scheme - ELSS,05-03-2018,43.18630
120503,Axis ELSS Tax Saver Fund - Direct Plan - Growth Option,Axis Mutual Fund,Open Ended Schemes,Equity Scheme - ELSS,01-03-2018,43.47610
120503,Axis ELSS Tax Saver Fund - Direct Plan - Growth Option,Axis Mutual Fund,Open Ended Schemes,Equity Scheme - ELSS,28-02-2018,43.62160
120503,Axis ELSS Tax Saver Fund - Direct Plan - Growth Option,Axis Mutual Fund,Open Ended Schemes,Equity Scheme - ELSS,27-02-2018,43.73460
120503,Axis ELSS Tax Saver Fund - Direct Plan - Growth Option,Axis Mutual Fund,Open Ended Schemes,Equity Scheme - ELSS,26-02-2018,43.62980
120503,Axis ELSS Tax Saver Fund - Direct Plan - Growth Option,Axis Mutual Fund,Open Ended Schemes,Equity Scheme - ELSS,23-02-2018,43.13780
120503,Axis ELSS Tax Saver Fund - Direct Plan - Growth Option,Axis Mutual Fund,Open Ended Schemes,Equity Scheme - ELSS,22-02-2018,42.51320
120503,Axis ELSS Tax Saver Fund - Direct Plan - Growth Option,Axis Mutual Fund,Open Ended Schemes,Equity Scheme - ELSS,21-02-2018,42.71130
120503,Axis ELSS Tax Saver Fund - Direct Plan - Growth Option,Axis Mutual Fund,Open Ended Schemes,Equity Scheme - ELSS,20-02-2018,42.63500
120503,Axis ELSS Tax Saver Fund - Direct Plan - Growth Option,Axis Mutual Fund,Open Ended Schemes,Equity Scheme - ELSS,19-02-2018,42.71440
120503,Axis ELSS Tax Saver Fund - Direct Plan - Growth Option,Axis Mutual Fund,Open Ended Schemes,Equity Scheme - ELSS,16-02-2018,42.94660
120503,Axis ELSS Tax Saver Fund - Direct Plan - Growth Option,Axis Mutual Fund,Open Ended Schemes,Equity Scheme - ELSS,15-02-2018,43.15270
120503,Axis ELSS Tax Saver Fund - Direct Plan - Growth Option,Axis Mutual Fund,Open Ended Schemes,Equity Scheme - ELSS,14-02-2018,43.21790
120503,Axis ELSS Tax Saver Fund - Direct Plan - Growth Option,Axis Mutual Fund,Open Ended Schemes,Equity Scheme - ELSS,12-02-2018,43.19830
120503,Axis ELSS Tax Saver Fund - Direct Plan - Growth Option,Axis Mutual Fund,Open Ended Schemes,Equity Scheme - ELSS,09-02-2018,42.77550
120503,Axis ELSS Tax Saver Fund - Direct Plan - Growth Option,Axis Mutual Fund,Open Ended Schemes,Equity Scheme - ELSS,08-02-2018,42.97760
120503,Axis ELSS Tax Saver Fund - Direct Plan - Growth Option,Axis Mutual Fund,Open Ended Schemes,Equity Scheme - ELSS,07-02-2018,42.32190
120503,Axis ELSS Tax Saver Fund - Direct Plan - Growth Option,Axis Mutual Fund,Open Ended Schemes,Equity Scheme - ELSS,06-02-2018,42.36870
120503,Axis ELSS Tax Saver Fund - Direct Plan - Growth Option,Axis Mutual Fund,Open Ended Schemes,Equity Scheme - ELSS,05-02-2018,43.05710
120503,Axis ELSS Tax Saver Fund - Direct Plan - Growth Option,Axis Mutual Fund,Open Ended Schemes,Equity Scheme - ELSS,02-02-2018,43.66760
120503,Axis ELSS Tax Saver Fund - Direct Plan - Growth Option,Axis Mutual Fund,Open Ended Schemes,Equity Scheme - ELSS,01-02-2018,44.89340
120503,Axis ELSS Tax Saver Fund - Direct Plan - Growth Option,Axis Mutual Fund,Open Ended Schemes,Equity Scheme - ELSS,31-01-2018,44.89380
120503,Axis ELSS Tax Saver Fund - Direct Plan - Growth Option,Axis Mutual Fund,Open Ended Schemes,Equity Scheme - ELSS,30-01-2018,44.89180
120503,Axis ELSS Tax Saver Fund - Direct Plan - Growth Option,Axis Mutual Fund,Open Ended Schemes,Equity Scheme - ELSS,29-01-2018,45.31000
120503,Axis ELSS Tax Saver Fund - Direct Plan - Growth Option,Axis Mutual Fund,Open Ended Schemes,Equity Scheme - ELSS,25-01-2018,45.12460
120503,Axis ELSS Tax Saver Fund - Direct Plan - Growth Option,Axis Mutual Fund,Open Ended Schemes,Equity Scheme - ELSS,24-01-2018,45.32950
120503,Axis ELSS Tax Saver Fund - Direct Plan - Growth Option,Axis Mutual Fund,Open Ended Schemes,Equity Scheme - ELSS,23-01-2018,45.64400
120503,Axis ELSS Tax Saver Fund - Direct Plan - Growth Option,Axis Mutual Fund,Open Ended Schemes,Equity Scheme - ELSS,22-01-2018,45.78910
120503,Axis ELSS Tax Saver Fund - Direct Plan - Growth Option,Axis Mutual Fund,Open Ended Schemes,Equity Scheme - ELSS,19-01-2018,45.90920
120503,Axis ELSS Tax Saver Fund - Direct Plan - Growth Option,Axis Mutual Fund,Open Ended Schemes,Equity Scheme - ELSS,18-01-2018,45.24560
120503,Axis ELSS Tax Saver Fund - Direct Plan - Growth Option,Axis Mutual Fund,Open Ended Schemes,Equity Scheme - ELSS,17-01-2018,45.05570
120503,Axis ELSS Tax Saver Fund - Direct Plan - Growth Option,Axis Mutual Fund,Open Ended Schemes,Equity Scheme - ELSS,16-01-2018,44.81100
120503,Axis ELSS Tax Saver Fund - Direct Plan - Growth Option,Axis Mutual Fund,Open Ended Schemes,Equity Scheme - ELSS,15-01-2018,45.14350
120503,Axis ELSS Tax Saver Fund - Direct Plan - Growth Option,Axis Mutual Fund,Open Ended Schemes,Equity Scheme - ELSS,12-01-2018,45.06020
120503,Axis ELSS Tax Saver Fund - Direct Plan - Growth Option,Axis Mutual Fund,Open Ended Schemes,Equity Scheme - ELSS,11-01-2018,44.89820
120503,Axis ELSS Tax Saver Fund - Direct Plan - Growth Option,Axis Mutual Fund,Open Ended Schemes,Equity Scheme - ELSS,10-01-2018,44.79810
120503,Axis ELSS Tax Saver Fund - Direct Plan - Growth Option,Axis Mutual Fund,Open Ended Schemes,Equity Scheme - ELSS,09-01-2018,44.72300
120503,Axis ELSS Tax Saver Fund - Direct Plan - Growth Option,Axis Mutual Fund,Open Ended Schemes,Equity Scheme - ELSS,08-01-2018,44.81300
120503,Axis ELSS Tax Saver Fund - Direct Plan - Growth Option,Axis Mutual Fund,Open Ended Schemes,Equity Scheme - ELSS,05-01-2018,44.65440
120503,Axis ELSS Tax Saver Fund - Direct Plan - Growth Option,Axis Mutual Fund,Open Ended Schemes,Equity Scheme - ELSS,04-01-2018,44.10720
120503,Axis ELSS Tax Saver Fund - Direct Plan - Growth Option,Axis Mutual Fund,Open Ended Schemes,Equity Scheme - ELSS,03-01-2018,43.92370
120503,Axis ELSS Tax Saver Fund - Direct Plan - Growth Option,Axis Mutual Fund,Open Ended Schemes,Equity Scheme - ELSS,02-01-2018,43.85110
120503,Axis ELSS Tax Saver Fund - Direct Plan - Growth Option,Axis Mutual Fund,Open Ended Schemes,Equity Scheme - ELSS,01-01-2018,44.04530
120503,Axis ELSS Tax Saver Fund - Direct Plan - Growth Option,Axis Mutual Fund,Open Ended Schemes,Equity Scheme - ELSS,29-12-2017,44.29770
120503,Axis ELSS Tax Saver Fund - Direct Plan - Growth Option,Axis Mutual Fund,Open Ended Schemes,Equity Scheme - ELSS,28-12-2017,43.87860
120503,Axis ELSS Tax Saver Fund - Direct Plan - Growth Option,Axis Mutual Fund,Open Ended Schemes,Equity Scheme - ELSS,27-12-2017,43.96020
120503,Axis ELSS Tax Saver Fund - Direct Plan - Growth Option,Axis Mutual Fund,Open Ended Schemes,Equity Scheme - ELSS,26-12-2017,44.11430
120503,Axis ELSS Tax Saver Fund - Direct Plan - Growth Option,Axis Mutual Fund,Open Ended Schemes,Equity Scheme - ELSS,22-12-2017,44.09270
120503,Axis ELSS Tax Saver Fund - Direct Plan - Growth Option,Axis Mutual Fund,Open Ended Schemes,Equity Scheme - ELSS,21-12-2017,43.92540
120503,Axis ELSS Tax Saver Fund - Direct Plan - Growth Option,Axis Mutual Fund,Open Ended Schemes,Equity Scheme - ELSS,20-12-2017,43.83320
120503,Axis ELSS Tax Saver Fund - Direct Plan - Growth Option,Axis Mutual Fund,Open Ended Schemes,Equity Scheme - ELSS,19-12-2017,43.90350
120503,Axis ELSS Tax Saver Fund - Direct Plan - Growth Option,Axis Mutual Fund,Open Ended Schemes,Equity Scheme - ELSS,18-12-2017,43.59650
120503,Axis ELSS Tax Saver Fund - Direct Plan - Growth Option,Axis Mutual Fund,Open Ended Schemes,Equity Scheme - ELSS,15-12-2017,43.07310
120503,Axis ELSS Tax Saver Fund - Direct Plan - Growth Option,Axis Mutual Fund,Open Ended Schemes,Equity Scheme - ELSS,14-12-2017,42.61190
120503,Axis ELSS Tax Saver Fund - Direct Plan - Growth Option,Axis Mutual Fund,Open Ended Schemes,Equity Scheme - ELSS,13-12-2017,42.60970
120503,Axis ELSS Tax Saver Fund - Direct Plan - Growth Option,Axis Mutual Fund,Open Ended Schemes,Equity Scheme - ELSS,12-12-2017,42.87210
120503,Axis ELSS Tax Saver Fund - Direct Plan - Growth Option,Axis Mutual Fund,Open Ended Schemes,Equity Scheme - ELSS,11-12-2017,43.07510
120503,Axis ELSS Tax Saver Fund - Direct Plan - Growth Option,Axis Mutual Fund,Open Ended Schemes,Equity Scheme - ELSS,08-12-2017,42.80270
120503,Axis ELSS Tax Saver Fund - Direct Plan - Growth Option,Axis Mutual Fund,Open Ended Schemes,Equity Scheme - ELSS,07-12-2017,42.36860
120503,Axis ELSS Tax Saver Fund - Direct Plan - Growth Option,Axis Mutual Fund,Open Ended Schemes,Equity Scheme - ELSS,06-12-2017,41.98620
120503,Axis ELSS Tax Saver Fund - Direct Plan - Growth Option,Axis Mutual Fund,Open Ended Schemes,Equity Scheme - ELSS,05-12-2017,42.24720
120503,Axis ELSS Tax Saver Fund - Direct Plan - Growth Option,Axis Mutual Fund,Open Ended Schemes,Equity Scheme - ELSS,04-12-2017,42.41910
120503,Axis ELSS Tax Saver Fund - Direct Plan - Growth Option,Axis Mutual Fund,Open Ended Schemes,Equity Scheme - ELSS,01-12-2017,42.41950
120503,Axis ELSS Tax Saver Fund - Direct Plan - Growth Option,Axis Mutual Fund,Open Ended Schemes,Equity Scheme - ELSS,30-11-2017,42.60160
120503,Axis ELSS Tax Saver Fund - Direct Plan - Growth Option,Axis Mutual Fund,Open Ended Schemes,Equity Scheme - ELSS,29-11-2017,42.89640
120503,Axis ELSS Tax Saver Fund - Direct Plan - Growth Option,Axis Mutual Fund,Open Ended Schemes,Equity Scheme - ELSS,28-11-2017,42.89530
120503,Axis ELSS Tax Saver Fund - Direct Plan - Growth Option,Axis Mutual Fund,Open Ended Schemes,Equity Scheme - ELSS,27-11-2017,42.70380
120503,Axis ELSS Tax Saver Fund - Direct Plan - Growth Option,Axis Mutual Fund,Open Ended Schemes,Equity Scheme - ELSS,24-11-2017,42.59550
120503,Axis ELSS Tax Saver Fund - Direct Plan - Growth Option,Axis Mutual Fund,Open Ended Schemes,Equity Scheme - ELSS,23-11-2017,42.34610
120503,Axis ELSS Tax Saver Fund - Direct Plan - Growth Option,Axis Mutual Fund,Open Ended Schemes,Equity Scheme - ELSS,22-11-2017,42.41110
120503,Axis ELSS Tax Saver Fund - Direct Plan - Growth Option,Axis Mutual Fund,Open Ended Schemes,Equity Scheme - ELSS,21-11-2017,42.39030
120503,Axis ELSS Tax Saver Fund - Direct Plan - Growth Option,Axis Mutual Fund,Open Ended Schemes,Equity Scheme - ELSS,20-11-2017,42.38490
120503,Axis ELSS Tax Saver Fund - Direct Plan - Growth Option,Axis Mutual Fund,Open Ended Schemes,Equity Scheme - ELSS,17-11-2017,42.20270
120503,Axis ELSS Tax Saver Fund - Direct Plan - Growth Option,Axis Mutual Fund,Open Ended Schemes,Equity Scheme - ELSS,16-11-2017,41.87980
120503,Axis ELSS Tax Saver Fund - Direct Plan - Growth Option,Axis Mutual Fund,Open Ended Schemes,Equity Scheme - ELSS,15-11-2017,41.46900
120503,Axis ELSS Tax Saver Fund - Direct Plan - Growth Option,Axis Mutual Fund,Open Ended Schemes,Equity Scheme - ELSS,14-11-2017,41.73770
120503,Axis ELSS Tax Saver Fund - Direct Plan - Growth Option,Axis Mutual Fund,Open Ended Schemes,Equity Scheme - ELSS,13-11-2017,41.91210
120503,Axis ELSS Tax Saver Fund - Direct Plan - Growth Option,Axis Mutual Fund,Open Ended Schemes,Equity Scheme - ELSS,10-11-2017,42.16250
120503,Axis ELSS Tax Saver Fund - Direct Plan - Growth Option,Axis Mutual Fund,Open Ended Schemes,Equity Scheme - ELSS,09-11-2017,42.20210
120503,Axis ELSS Tax Saver Fund - Direct Plan - Growth Option,Axis Mutual Fund,Open Ended Schemes,Equity Scheme - ELSS,08-11-2017,42.05100
120503,Axis ELSS Tax Saver Fund - Direct Plan - Growth Option,Axis Mutual Fund,Open Ended Schemes,Equity Scheme - ELSS,07-11-2017,42.19680
120503,Axis ELSS Tax Saver Fund - Direct Plan - Growth Option,Axis Mutual Fund,Open Ended Schemes,Equity Scheme - ELSS,06-11-2017,42.42190
120503,Axis ELSS Tax Saver Fund - Direct Plan - Growth Option,Axis Mutual Fund,Open Ended Schemes,Equity Scheme - ELSS,03-11-2017,42.44200
120503,Axis ELSS Tax Saver Fund - Direct Plan - Growth Option,Axis Mutual Fund,Open Ended Schemes,Equity Scheme - ELSS,02-11-2017,42.43880
120503,Axis ELSS Tax Saver Fund - Direct Plan - Growth Option,Axis Mutual Fund,Open Ended Schemes,Equity Scheme - ELSS,01-11-2017,42.43350
120503,Axis ELSS Tax Saver Fund - Direct Plan - Growth Option,Axis Mutual Fund,Open Ended Schemes,Equity Scheme - ELSS,31-10-2017,42.19590
120503,Axis ELSS Tax Saver Fund - Direct Plan - Growth Option,Axis Mutual Fund,Open Ended Schemes,Equity Scheme - ELSS,30-10-2017,42.22950
120503,Axis ELSS Tax Saver Fund - Direct Plan - Growth Option,Axis Mutual Fund,Open Ended Schemes,Equity Scheme - ELSS,27-10-2017,41.86380
120503,Axis ELSS Tax Saver Fund - Direct Plan - Growth Option,Axis Mutual Fund,Open Ended Schemes,Equity Scheme - ELSS,26-10-2017,41.62510
120503,Axis ELSS Tax Saver Fund - Direct Plan - Growth Option,Axis Mutual Fund,Open Ended Schemes,Equity Scheme - ELSS,25-10-2017,41.65260
120503,Axis ELSS Tax Saver Fund - Direct Plan - Growth Option,Axis Mutual Fund,Open Ended Schemes,Equity Scheme - ELSS,24-10-2017,41.82010
120503,Axis ELSS Tax Saver Fund - Direct Plan - Growth Option,Axis Mutual Fund,Open Ended Schemes,Equity Scheme - ELSS,23-10-2017,41.85920
120503,Axis ELSS Tax Saver Fund - Direct Plan - Growth Option,Axis Mutual Fund,Open Ended Schemes,Equity Scheme - ELSS,18-10-2017,42.07820
120503,Axis ELSS Tax Saver Fund - Direct Plan - Growth Option,Axis Mutual Fund,Open Ended Schemes,Equity Scheme - ELSS,17-10-2017,42.15030
120503,Axis ELSS Tax Saver Fund - Direct Plan - Growth Option,Axis Mutual Fund,Open Ended Schemes,Equity Scheme - ELSS,16-10-2017,42.19650
120503,Axis ELSS Tax Saver Fund - Direct Plan - Growth Option,Axis Mutual Fund,Open Ended Schemes,Equity Scheme - ELSS,13-10-2017,42.19960
120503,Axis ELSS Tax Saver Fund - Direct Plan - Growth Option,Axis Mutual Fund,Open Ended Schemes,Equity Scheme - ELSS,12-10-2017,41.97760
120503,Axis ELSS Tax Saver Fund - Direct Plan - Growth Option,Axis Mutual Fund,Open Ended Schemes,Equity Scheme - ELSS,11-10-2017,41.55340
120503,Axis ELSS Tax Saver Fund - Direct Plan - Growth Option,Axis Mutual Fund,Open Ended Schemes,Equity Scheme - ELSS,10-10-2017,41.65870
120503,Axis ELSS Tax Saver Fund - Direct Plan - Growth Option,Axis Mutual Fund,Open Ended Schemes,Equity Scheme - ELSS,09-10-2017,41.46510
120503,Axis ELSS Tax Saver Fund - Direct Plan - Growth Option,Axis Mutual Fund,Open Ended Schemes,Equity Scheme - ELSS,06-10-2017,41.41150
120503,Axis ELSS Tax Saver Fund - Direct Plan - Growth Option,Axis Mutual Fund,Open Ended Schemes,Equity Scheme - ELSS,05-10-2017,41.19970
120503,Axis ELSS Tax Saver Fund - Direct Plan - Growth Option,Axis Mutual Fund,Open Ended Schemes,Equity Scheme - ELSS,04-10-2017,41.20080
120503,Axis ELSS Tax Saver Fund - Direct Plan - Growth Option,Axis Mutual Fund,Open Ended Schemes,Equity Scheme - ELSS,03-10-2017,41.07540
120503,Axis ELSS Tax Saver Fund - Direct Plan - Growth Option,Axis Mutual Fund,Open Ended Schemes,Equity Scheme - ELSS,29-09-2017,40.91770
120503,Axis ELSS Tax Saver Fund - Direct Plan - Growth Option,Axis Mutual Fund,Open Ended Schemes,Equity Scheme - ELSS,28-09-2017,40.65900
120503,Axis ELSS Tax Saver Fund - Direct Plan - Growth Option,Axis Mutual Fund,Open Ended Schemes,Equity Scheme - ELSS,27-09-2017,40.46350
120503,Axis ELSS Tax Saver Fund - Direct Plan - Growth Option,Axis Mutual Fund,Open Ended Schemes,Equity Scheme - ELSS,26-09-2017,41.11040
120503,Axis ELSS Tax Saver Fund - Direct Plan - Growth Option,Axis Mutual Fund,Open Ended Schemes,Equity Scheme - ELSS,25-09-2017,41.02160
120503,Axis ELSS Tax Saver Fund - Direct Plan - Growth Option,Axis Mutual Fund,Open Ended Schemes,Equity Scheme - ELSS,22-09-2017,41.55790
120503,Axis ELSS Tax Saver Fund - Direct Plan - Growth Option,Axis Mutual Fund,Open Ended Schemes,Equity Scheme - ELSS,21-09-2017,42.14470
120503,Axis ELSS Tax Saver Fund - Direct Plan - Growth Option,Axis Mutual Fund,Open Ended Schemes,Equity Scheme - ELSS,20-09-2017,42.17470
120503,Axis ELSS Tax Saver Fund - Direct Plan - Growth Option,Axis Mutual Fund,Open Ended Schemes,Equity Scheme - ELSS,19-09-2017,42.25490
120503,Axis ELSS Tax Saver Fund - Direct Plan - Growth Option,Axis Mutual Fund,Open Ended Schemes,Equity Scheme - ELSS,18-09-2017,42.22540
120503,Axis ELSS Tax Saver Fund - Direct Plan - Growth Option,Axis Mutual Fund,Open Ended Schemes,Equity Scheme - ELSS,15-09-2017,41.97280
120503,Axis ELSS Tax Saver Fund - Direct Plan - Growth Option,Axis Mutual Fund,Open Ended Schemes,Equity Scheme - ELSS,14-09-2017,41.87460
120503,Axis ELSS Tax Saver Fund - Direct Plan - Growth Option,Axis Mutual Fund,Open Ended Schemes,Equity Scheme - ELSS,13-09-2017,41.85370
120503,Axis ELSS Tax Saver Fund - Direct Plan - Growth Option,Axis Mutual Fund,Open Ended Schemes,Equity Scheme - ELSS,12-09-2017,42.00570
120503,Axis ELSS Tax Saver Fund - Direct Plan - Growth Option,Axis Mutual Fund,Open Ended Schemes,Equity Scheme - ELSS,11-09-2017,41.71300
120503,Axis ELSS Tax Saver Fund - Direct Plan - Growth Option,Axis Mutual Fund,Open Ended Schemes,Equity Scheme - ELSS,08-09-2017,41.39390
120503,Axis ELSS Tax Saver Fund - Direct Plan - Growth Option,Axis Mutual Fund,Open Ended Schemes,Equity Scheme - ELSS,07-09-2017,41.27460
120503,Axis ELSS Tax Saver Fund - Direct Plan - Growth Option,Axis Mutual Fund,Open Ended Schemes,Equity Scheme - ELSS,06-09-2017,40.82490
120503,Axis ELSS Tax Saver Fund - Direct Plan - Growth Option,Axis Mutual Fund,Open Ended Schemes,Equity Scheme - ELSS,05-09-2017,40.76170
120503,Axis ELSS Tax Saver Fund - Direct Plan - Growth Option,Axis Mutual Fund,Open Ended Schemes,Equity Scheme - ELSS,04-09-2017,40.52610
120503,Axis ELSS Tax Saver Fund - Direct Plan - Growth Option,Axis Mutual Fund,Open Ended Schemes,Equity Scheme - ELSS,01-09-2017,40.71170
120503,Axis ELSS Tax Saver Fund - Direct Plan - Growth Option,Axis Mutual Fund,Open Ended Schemes,Equity Scheme - ELSS,31-08-2017,40.48390
120503,Axis ELSS Tax Saver Fund - Direct Plan - Growth Option,Axis Mutual Fund,Open Ended Schemes,Equity Scheme - ELSS,30-08-2017,40.34330
120503,Axis ELSS Tax Saver Fund - Direct Plan - Growth Option,Axis Mutual Fund,Open Ended Schemes,Equity Scheme - ELSS,29-08-2017,39.97210
120503,Axis ELSS Tax Saver Fund - Direct Plan - Growth Option,Axis Mutual Fund,Open Ended Schemes,Equity Scheme - ELSS,28-08-2017,40.44180
120503,Axis ELSS Tax Saver Fund - Direct Plan - Growth Option,Axis Mutual Fund,Open Ended Schemes,Equity Scheme - ELSS,24-08-2017,40.08030
120503,Axis ELSS Tax Saver Fund - Direct Plan - Growth Option,Axis Mutual Fund,Open Ended Schemes,Equity Scheme - ELSS,23-08-2017,39.98410
120503,Axis ELSS Tax Saver Fund - Direct Plan - Growth Option,Axis Mutual Fund,Open Ended Schemes,Equity Scheme - ELSS,22-08-2017,39.72180
120503,Axis ELSS Tax Saver Fund - Direct Plan - Growth Option,Axis Mutual Fund,Open Ended Schemes,Equity Scheme - ELSS,21-08-2017,39.74260
120503,Axis ELSS Tax Saver Fund - Direct Plan - Growth Option,Axis Mutual Fund,Open Ended Schemes,Equity Scheme - ELSS,18-08-2017,39.93520
120503,Axis ELSS Tax Saver Fund - Direct Plan - Growth Option,Axis Mutual Fund,Open Ended Schemes,Equity Scheme - ELSS,17-08-2017,40.04260
120503,Axis ELSS Tax Saver Fund - Direct Plan - Growth Option,Axis Mutual Fund,Open Ended Schemes,Equity Scheme - ELSS,16-08-2017,40.16790
120503,Axis ELSS Tax Saver Fund - Direct Plan - Growth Option,Axis Mutual Fund,Open Ended Schemes,Equity Scheme - ELSS,14-08-2017,39.72540
120503,Axis ELSS Tax Saver Fund - Direct Plan - Growth Option,Axis Mutual Fund,Open Ended Schemes,Equity Scheme - ELSS,11-08-2017,39.32750
120503,Axis ELSS Tax Saver Fund - Direct Plan - Growth Option,Axis Mutual Fund,Open Ended Schemes,Equity Scheme - ELSS,10-08-2017,39.38850
120503,Axis ELSS Tax Saver Fund - Direct Plan - Growth Option,Axis Mutual Fund,Open Ended Schemes,Equity Scheme - ELSS,09-08-2017,40.06020
120503,Axis ELSS Tax Saver Fund - Direct Plan - Growth Option,Axis Mutual Fund,Open Ended Schemes,Equity Scheme - ELSS,08-08-2017,40.61500
120503,Axis ELSS Tax Saver Fund - Direct Plan - Growth Option,Axis Mutual Fund,Open Ended Schemes,Equity Scheme - ELSS,07-08-2017,40.90320
120503,Axis ELSS Tax Saver Fund - Direct Plan - Growth Option,Axis Mutual Fund,Open Ended Schemes,Equity Scheme - ELSS,04-08-2017,40.62410
120503,Axis ELSS Tax Saver Fund - Direct Plan - Growth Option,Axis Mutual Fund,Open Ended Schemes,Equity Scheme - ELSS,03-08-2017,40.43070
120503,Axis ELSS Tax Saver Fund - Direct Plan - Growth Option,Axis Mutual Fund,Open Ended Schemes,Equity Scheme - ELSS,02-08-2017,40.76860
120503,Axis ELSS Tax Saver Fund - Direct Plan - Growth Option,Axis Mutual Fund,Open Ended Schemes,Equity Scheme - ELSS,01-08-2017,40.83710
120503,Axis ELSS Tax Saver Fund - Direct Plan - Growth Option,Axis Mutual Fund,Open Ended Schemes,Equity Scheme - ELSS,31-07-2017,40.75450
120503,Axis ELSS Tax Saver Fund - Direct Plan - Growth Option,Axis Mutual Fund,Open Ended Schemes,Equity Scheme - ELSS,28-07-2017,40.52410
120503,Axis ELSS Tax Saver Fund - Direct Plan - Growth Option,Axis Mutual Fund,Open Ended Schemes,Equity Scheme - ELSS,27-07-2017,40.34210
120503,Axis ELSS Tax Saver Fund - Direct Plan - Growth Option,Axis Mutual Fund,Open Ended Schemes,Equity Scheme - ELSS,26-07-2017,40.14130
120503,Axis ELSS Tax Saver Fund - Direct Plan - Growth Option,Axis Mutual Fund,Open Ended Schemes,Equity Scheme - ELSS,25-07-2017,40.07580
120503,Axis ELSS Tax Saver Fund - Direct Plan - Growth Option,Axis Mutual Fund,Open Ended Schemes,Equity Scheme - ELSS,24-07-2017,40.04440
120503,Axis ELSS Tax Saver Fund - Direct Plan - Growth Option,Axis Mutual Fund,Open Ended Schemes,Equity Scheme - ELSS,21-07-2017,39.94360
120503,Axis ELSS Tax Saver Fund - Direct Plan - Growth Option,Axis Mutual Fund,Open Ended Schemes,Equity Scheme - ELSS,20-07-2017,39.77290
120503,Axis ELSS Tax Saver Fund - Direct Plan - Growth Option,Axis Mutual Fund,Open Ended Schemes,Equity Scheme - ELSS,19-07-2017,39.84420
120503,Axis ELSS Tax Saver Fund - Direct Plan - Growth Option,Axis Mutual Fund,Open Ended Schemes,Equity Scheme - ELSS,18-07-2017,39.52800
120503,Axis ELSS Tax Saver Fund - Direct Plan - Growth Option,Axis Mutual Fund,Open Ended Schemes,Equity Scheme - ELSS,17-07-2017,39.64400
120503,Axis ELSS Tax Saver Fund - Direct Plan - Growth Option,Axis Mutual Fund,Open Ended Schemes,Equity Scheme - ELSS,14-07-2017,39.50380
120503,Axis ELSS Tax Saver Fund - Direct Plan - Growth Option,Axis Mutual Fund,Open Ended Schemes,Equity Scheme - ELSS,13-07-2017,39.58490
120503,Axis ELSS Tax Saver Fund - Direct Plan - Growth Option,Axis Mutual Fund,Open Ended Schemes,Equity Scheme - ELSS,12-07-2017,39.30910
120503,Axis ELSS Tax Saver Fund - Direct Plan - Growth Option,Axis Mutual Fund,Open Ended Schemes,Equity Scheme - ELSS,11-07-2017,39.20340
120503,Axis ELSS Tax Saver Fund - Direct Plan - Growth Option,Axis Mutual Fund,Open Ended Schemes,Equity Scheme - ELSS,10-07-2017,39.31340
120503,Axis ELSS Tax Saver Fund - Direct Plan - Growth Option,Axis Mutual Fund,Open Ended Schemes,Equity Scheme - ELSS,07-07-2017,38.99920
120503,Axis ELSS Tax Saver Fund - Direct Plan - Growth Option,Axis Mutual Fund,Open Ended Schemes,Equity Scheme - ELSS,06-07-2017,39.07620
120503,Axis ELSS Tax Saver Fund - Direct Plan - Growth Option,Axis Mutual Fund,Open Ended Schemes,Equity Scheme - ELSS,05-07-2017,38.87880
120503,Axis ELSS Tax Saver Fund - Direct Plan - Growth Option,Axis Mutual Fund,Open Ended Schemes,Equity Scheme - ELSS,04-07-2017,38.75750
120503,Axis ELSS Tax Saver Fund - Direct Plan - Growth Option,Axis Mutual Fund,Open Ended Schemes,Equity Scheme - ELSS,03-07-2017,38.74370
120503,Axis ELSS Tax Saver Fund - Direct Plan - Growth Option,Axis Mutual Fund,Open Ended Schemes,Equity Scheme - ELSS,30-06-2017,38.59570
120503,Axis ELSS Tax Saver Fund - Direct Plan - Growth Option,Axis Mutual Fund,Open Ended Schemes,Equity Scheme - ELSS,29-06-2017,38.40200
120503,Axis ELSS Tax Saver Fund - Direct Plan - Growth Option,Axis Mutual Fund,Open Ended Schemes,Equity Scheme - ELSS,28-06-2017,38.42840
120503,Axis ELSS Tax Saver Fund - Direct Plan - Growth Option,Axis Mutual Fund,Open Ended Schemes,Equity Scheme - ELSS,27-06-2017,38.48890
120503,Axis ELSS Tax Saver Fund - Direct Plan - Growth Option,Axis Mutual Fund,Open Ended Schemes,Equity Scheme - ELSS,23-06-2017,38.81320
120503,Axis ELSS Tax Saver Fund - Direct Plan - Growth Option,Axis Mutual Fund,Open Ended Schemes,Equity Scheme - ELSS,22-06-2017,39.13030
120503,Axis ELSS Tax Saver Fund - Direct Plan - Growth Option,Axis Mutual Fund,Open Ended Schemes,Equity Scheme - ELSS,21-06-2017,39.10560
120503,Axis ELSS Tax Saver Fund - Direct Plan - Growth Option,Axis Mutual Fund,Open Ended Schemes,Equity Scheme - ELSS,20-06-2017,39.15200
120503,Axis ELSS Tax Saver Fund - Direct Plan - Growth Option,Axis Mutual Fund,Open Ended Schemes,Equity Scheme - ELSS,19-06-2017,39.29610
120503,Axis ELSS Tax Saver Fund - Direct Plan - Growth Option,Axis Mutual Fund,Open Ended Schemes,Equity Scheme - ELSS,16-06-2017,39.06650
120503,Axis ELSS Tax Saver Fund - Direct Plan - Growth Option,Axis Mutual Fund,Open Ended Schemes,Equity Scheme - ELSS,15-06-2017,39.00560
120503,Axis ELSS Tax Saver Fund - Direct Plan - Growth Option,Axis Mutual Fund,Open Ended Schemes,Equity Scheme - ELSS,14-06-2017,39.10420
120503,Axis ELSS Tax Saver Fund - Direct Plan - Growth Option,Axis Mutual Fund,Open Ended Schemes,Equity Scheme - ELSS,13-06-2017,39.07990
120503,Axis ELSS Tax Saver Fund - Direct Plan - Growth Option,Axis Mutual Fund,Open Ended Schemes,Equity Scheme - ELSS,12-06-2017,39.00690
120503,Axis ELSS Tax Saver Fund - Direct Plan - Growth Option,Axis Mutual Fund,Open Ended Schemes,Equity Scheme - ELSS,09-06-2017,39.08010
120503,Axis ELSS Tax Saver Fund - Direct Plan - Growth Option,Axis Mutual Fund,Open Ended Schemes,Equity Scheme - ELSS,08-06-2017,38.81850
120503,Axis ELSS Tax Saver Fund - Direct Plan - Growth Option,Axis Mutual Fund,Open Ended Schemes,Equity Scheme - ELSS,07-06-2017,38.70540
120503,Axis ELSS Tax Saver Fund - Direct Plan - Growth Option,Axis Mutual Fund,Open Ended Schemes,Equity Scheme - ELSS,06-06-2017,38.50890
120503,Axis ELSS Tax Saver Fund - Direct Plan - Growth Option,Axis Mutual Fund,Open Ended Schemes,Equity Scheme - ELSS,05-06-2017,38.57610
120503,Axis ELSS Tax Saver Fund - Direct Plan - Growth Option,Axis Mutual Fund,Open Ended Schemes,Equity Scheme - ELSS,02-06-2017,38.43720
120503,Axis ELSS Tax Saver Fund - Direct Plan - Growth Option,Axis Mutual Fund,Open Ended Schemes,Equity Scheme - ELSS,01-06-2017,38.14560
120503,Axis ELSS Tax Saver Fund - Direct Plan - Growth Option,Axis Mutual Fund,Open Ended Schemes,Equity Scheme - ELSS,31-05-2017,38.04660
120503,Axis ELSS Tax Saver Fund - Direct Plan - Growth Option,Axis Mutual Fund,Open Ended Schemes,Equity Scheme - ELSS,30-05-2017,37.79150
120503,Axis ELSS Tax Saver Fund - Direct Plan - Growth Option,Axis Mutual Fund,Open Ended Schemes,Equity Scheme - ELSS,29-05-2017,37.77260
120503,Axis ELSS Tax Saver Fund - Direct Plan - Growth Option,Axis Mutual Fund,Open Ended Schemes,Equity Scheme - ELSS,26-05-2017,37.90050
120503,Axis ELSS Tax Saver Fund - Direct Plan - Growth Option,Axis Mutual Fund,Open Ended Schemes,Equity Scheme - ELSS,25-05-2017,37.45220
120503,Axis ELSS Tax Saver Fund - Direct Plan - Growth Option,Axis Mutual Fund,Open Ended Schemes,Equity Scheme - ELSS,24-05-2017,36.84080
120503,Axis ELSS Tax Saver Fund - Direct Plan - Growth Option,Axis Mutual Fund,Open Ended Schemes,Equity Scheme - ELSS,23-05-2017,36.96110
120503,Axis ELSS Tax Saver Fund - Direct Plan - Growth Option,Axis Mutual Fund,Open Ended Schemes,Equity Scheme - ELSS,22-05-2017,37.23910
120503,Axis ELSS Tax Saver Fund - Direct Plan - Growth Option,Axis Mutual Fund,Open Ended Schemes,Equity Scheme - ELSS,19-05-2017,37.46120
120503,Axis ELSS Tax Saver Fund - Direct Plan - Growth Option,Axis Mutual Fund,Open Ended Schemes,Equity Scheme - ELSS,18-05-2017,37.76360
120503,Axis ELSS Tax Saver Fund - Direct Plan - Growth Option,Axis Mutual Fund,Open Ended Schemes,Equity Scheme - ELSS,17-05-2017,38.18860
120503,Axis ELSS Tax Saver Fund - Direct Plan - Growth Option,Axis Mutual Fund,Open Ended Schemes,Equity Scheme - ELSS,16-05-2017,38.40420
120503,Axis ELSS Tax Saver Fund - Direct Plan - Growth Option,Axis Mutual Fund,Open Ended Schemes,Equity Scheme - ELSS,15-05-2017,38.27890
120503,Axis ELSS Tax Saver Fund - Direct Plan - Growth Option,Axis Mutual Fund,Open Ended Schemes,Equity Scheme - ELSS,12-05-2017,38.04290
120503,Axis ELSS Tax Saver Fund - Direct Plan - Growth Option,Axis Mutual Fund,Open Ended Schemes,Equity Scheme - ELSS,11-05-2017,38.18680
120503,Axis ELSS Tax Saver Fund - Direct Plan - Growth Option,Axis Mutual Fund,Open Ended Schemes,Equity Scheme - ELSS,10-05-2017,38.13310
120503,Axis ELSS Tax Saver Fund - Direct Plan - Growth Option,Axis Mutual Fund,Open Ended Schemes,Equity Scheme - ELSS,09-05-2017,37.73570
120503,Axis ELSS Tax Saver Fund - Direct Plan - Growth Option,Axis Mutual Fund,Open Ended Schemes,Equity Scheme - ELSS,08-05-2017,37.60890
120503,Axis ELSS Tax Saver Fund - Direct Plan - Growth Option,Axis Mutual Fund,Open Ended Schemes,Equity Scheme - ELSS,05-05-2017,37.52390
120503,Axis ELSS Tax Saver Fund - Direct Plan - Growth Option,Axis Mutual Fund,Open Ended Schemes,Equity Scheme - ELSS,04-05-2017,37.70640
120503,Axis ELSS Tax Saver Fund - Direct Plan - Growth Option,Axis Mutual Fund,Open Ended Schemes,Equity Scheme - ELSS,03-05-2017,37.58410
120503,Axis ELSS Tax Saver Fund - Direct Plan - Growth Option,Axis Mutual Fund,Open Ended Schemes,Equity Scheme - ELSS,02-05-2017,37.57270
120503,Axis ELSS Tax Saver Fund - Direct Plan - Growth Option,Axis Mutual Fund,Open Ended Schemes,Equity Scheme - ELSS,28-04-2017,37.41360
120503,Axis ELSS Tax Saver Fund - Direct Plan - Growth Option,Axis Mutual Fund,Open Ended Schemes,Equity Scheme - ELSS,27-04-2017,37.47580
120503,Axis ELSS Tax Saver Fund - Direct Plan - Growth Option,Axis Mutual Fund,Open Ended Schemes,Equity Scheme - ELSS,26-04-2017,37.44890
120503,Axis ELSS Tax Saver Fund - Direct Plan - Growth Option,Axis Mutual Fund,Open Ended Schemes,Equity Scheme - ELSS,25-04-2017,37.38470
120503,Axis ELSS Tax Saver Fund - Direct Plan - Growth Option,Axis Mutual Fund,Open Ended Schemes,Equity Scheme - ELSS,24-04-2017,37.17640
120503,Axis ELSS Tax Saver Fund - Direct Plan - Growth Option,Axis Mutual Fund,Open Ended Schemes,Equity Scheme - ELSS,21-04-2017,36.73250
120503,Axis ELSS Tax Saver Fund - Direct Plan - Growth Option,Axis Mutual Fund,Open Ended Schemes,Equity Scheme - ELSS,20-04-2017,36.80380
120503,Axis ELSS Tax Saver Fund - Direct Plan - Growth Option,Axis Mutual Fund,Open Ended Schemes,Equity Scheme - ELSS,19-04-2017,36.48900
120503,Axis ELSS Tax Saver Fund - Direct Plan - Growth Option,Axis Mutual Fund,Open Ended Schemes,Equity Scheme - ELSS,18-04-2017,36.44120
120503,Axis ELSS Tax Saver Fund - Direct Plan - Growth Option,Axis Mutual Fund,Open Ended Schemes,Equity Scheme - ELSS,17-04-2017,36.50940
120503,Axis ELSS Tax Saver Fund - Direct Plan - Growth Option,Axis Mutual Fund,Open Ended Schemes,Equity Scheme - ELSS,13-04-2017,36.69360
120503,Axis ELSS Tax Saver Fund - Direct Plan - Growth Option,Axis Mutual Fund,Open Ended Schemes,Equity Scheme - ELSS,12-04-2017,36.82130
120503,Axis ELSS Tax Saver Fund - Direct Plan - Growth Option,Axis Mutual Fund,Open Ended Schemes,Equity Scheme - ELSS,11-04-2017,36.90070
120503,Axis ELSS Tax Saver Fund - Direct Plan - Growth Option,Axis Mutual Fund,Open Ended Schemes,Equity Scheme - ELSS,10-04-2017,36.67780
120503,Axis ELSS Tax Saver Fund - Direct Plan - Growth Option,Axis Mutual Fund,Open Ended Schemes,Equity Scheme - ELSS,07-04-2017,36.64540
120503,Axis ELSS Tax Saver Fund - Direct Plan - Growth Option,Axis Mutual Fund,Open Ended Schemes,Equity Scheme - ELSS,06-04-2017,36.77850
120503,Axis ELSS Tax Saver Fund - Direct Plan - Growth Option,Axis Mutual Fund,Open Ended Schemes,Equity Scheme - ELSS,05-04-2017,36.79970
120503,Axis ELSS Tax Saver Fund - Direct Plan - Growth Option,Axis Mutual Fund,Open Ended Schemes,Equity Scheme - ELSS,03-04-2017,36.55860
120503,Axis ELSS Tax Saver Fund - Direct Plan - Growth Option,Axis Mutual Fund,Open Ended Schemes,Equity Scheme - ELSS,31-03-2017,36.29910
120503,Axis ELSS Tax Saver Fund - Direct Plan - Growth Option,Axis Mutual Fund,Open Ended Schemes,Equity Scheme - ELSS,30-03-2017,36.35770
120503,Axis ELSS Tax Saver Fund - Direct Plan - Growth Option,Axis Mutual Fund,Open Ended Schemes,Equity Scheme - ELSS,29-03-2017,36.12910
120503,Axis ELSS Tax Saver Fund - Direct Plan - Growth Option,Axis Mutual Fund,Open Ended Schemes,Equity Scheme - ELSS,28-03-2017,36.03970
120503,Axis ELSS Tax Saver Fund - Direct Plan - Growth Option,Axis Mutual Fund,Open Ended Schemes,Equity Scheme - ELSS,27-03-2017,35.94970
120503,Axis ELSS Tax Saver Fund - Direct Plan - Growth Option,Axis Mutual Fund,Open Ended Schemes,Equity Scheme - ELSS,24-03-2017,36.03630
120503,Axis ELSS Tax Saver Fund - Direct Plan - Growth Option,Axis Mutual Fund,Open Ended Schemes,Equity Scheme - ELSS,23-03-2017,35.90470
120503,Axis ELSS Tax Saver Fund - Direct Plan - Growth Option,Axis Mutual Fund,Open Ended Schemes,Equity Scheme - ELSS,22-03-2017,35.72990
120503,Axis ELSS Tax Saver Fund - Direct Plan - Growth Option,Axis Mutual Fund,Open Ended Schemes,Equity Scheme - ELSS,21-03-2017,35.89090
120503,Axis ELSS Tax Saver Fund - Direct Plan - Growth Option,Axis Mutual Fund,Open Ended Schemes,Equity Scheme - ELSS,20-03-2017,35.92690
120503,Axis ELSS Tax Saver Fund - Direct Plan - Growth Option,Axis Mutual Fund,Open Ended Schemes,Equity Scheme - ELSS,17-03-2017,35.84510
120503,Axis ELSS Tax Saver Fund - Direct Plan - Growth Option,Axis Mutual Fund,Open Ended Schemes,Equity Scheme - ELSS,16-03-2017,35.75100
120503,Axis ELSS Tax Saver Fund - Direct Plan - Growth Option,Axis Mutual Fund,Open Ended Schemes,Equity Scheme - ELSS,15-03-2017,35.45950
120503,Axis ELSS Tax Saver Fund - Direct Plan - Growth Option,Axis Mutual Fund,Open Ended Schemes,Equity Scheme - ELSS,14-03-2017,35.24930
120503,Axis ELSS Tax Saver Fund - Direct Plan - Growth Option,Axis Mutual Fund,Open Ended Schemes,Equity Scheme - ELSS,10-03-2017,34.67420
120503,Axis ELSS Tax Saver Fund - Direct Plan - Growth Option,Axis Mutual Fund,Open Ended Schemes,Equity Scheme - ELSS,09-03-2017,34.58380
120503,Axis ELSS Tax Saver Fund - Direct Plan - Growth Option,Axis Mutual Fund,Open Ended Schemes,Equity Scheme - ELSS,08-03-2017,34.45060
120503,Axis ELSS Tax Saver Fund - Direct Plan - Growth Option,Axis Mutual Fund,Open Ended Schemes,Equity Scheme - ELSS,07-03-2017,34.33560
120503,Axis ELSS Tax Saver Fund - Direct Plan - Growth Option,Axis Mutual Fund,Open Ended Schemes,Equity Scheme - ELSS,06-03-2017,34.43050
120503,Axis ELSS Tax Saver Fund - Direct Plan - Growth Option,Axis Mutual Fund,Open Ended Schemes,Equity Scheme - ELSS,03-03-2017,34.29380
120503,Axis ELSS Tax Saver Fund - Direct Plan - Growth Option,Axis Mutual Fund,Open Ended Schemes,Equity Scheme - ELSS,02-03-2017,34.43180
120503,Axis ELSS Tax Saver Fund - Direct Plan - Growth Option,Axis Mutual Fund,Open Ended Schemes,Equity Scheme - ELSS,01-03-2017,34.70510
120503,Axis ELSS Tax Saver Fund - Direct Plan - Growth Option,Axis Mutual Fund,Open Ended Schemes,Equity Scheme - ELSS,28-02-2017,34.53000
120503,Axis ELSS Tax Saver Fund - Direct Plan - Growth Option,Axis Mutual Fund,Open Ended Schemes,Equity Scheme - ELSS,27-02-2017,34.47800
120503,Axis ELSS Tax Saver Fund - Direct Plan - Growth Option,Axis Mutual Fund,Open Ended Schemes,Equity Scheme - ELSS,23-02-2017,34.59830
120503,Axis ELSS Tax Saver Fund - Direct Plan - Growth Option,Axis Mutual Fund,Open Ended Schemes,Equity Scheme - ELSS,22-02-2017,34.57870
120503,Axis ELSS Tax Saver Fund - Direct Plan - Growth Option,Axis Mutual Fund,Open Ended Schemes,Equity Scheme - ELSS,21-02-2017,34.74340
120503,Axis ELSS Tax Saver Fund - Direct Plan - Growth Option,Axis Mutual Fund,Open Ended Schemes,Equity Scheme - ELSS,20-02-2017,34.70320
120503,Axis ELSS Tax Saver Fund - Direct Plan - Growth Option,Axis Mutual Fund,Open Ended Schemes,Equity Scheme - ELSS,17-02-2017,34.56050
120503,Axis ELSS Tax Saver Fund - Direct Plan - Growth Option,Axis Mutual Fund,Open Ended Schemes,Equity Scheme - ELSS,16-02-2017,34.33740
120503,Axis ELSS Tax Saver Fund - Direct Plan - Growth Option,Axis Mutual Fund,Open Ended Schemes,Equity Scheme - ELSS,15-02-2017,33.95910
120503,Axis ELSS Tax Saver Fund - Direct Plan - Growth Option,Axis Mutual Fund,Open Ended Schemes,Equity Scheme - ELSS,14-02-2017,34.29810
120503,Axis ELSS Tax Saver Fund - Direct Plan - Growth Option,Axis Mutual Fund,Open Ended Schemes,Equity Scheme - ELSS,13-02-2017,34.30260
120503,Axis ELSS Tax Saver Fund - Direct Plan - Growth Option,Axis Mutual Fund,Open Ended Schemes,Equity Scheme - ELSS,10-02-2017,34.26660
120503,Axis ELSS Tax Saver Fund - Direct Plan - Growth Option,Axis Mutual Fund,Open Ended Schemes,Equity Scheme - ELSS,09-02-2017,34.16330
120503,Axis ELSS Tax Saver Fund - Direct Plan - Growth Option,Axis Mutual Fund,Open Ended Schemes,Equity Scheme - ELSS,08-02-2017,34.24620
120503,Axis ELSS Tax Saver Fund - Direct Plan - Growth Option,Axis Mutual Fund,Open Ended Schemes,Equity Scheme - ELSS,07-02-2017,34.28790
120503,Axis ELSS Tax Saver Fund - Direct Plan - Growth Option,Axis Mutual Fund,Open Ended Schemes,Equity Scheme - ELSS,06-02-2017,34.25160
120503,Axis ELSS Tax Saver Fund - Direct Plan - Growth Option,Axis Mutual Fund,Open Ended Schemes,Equity Scheme - ELSS,03-02-2017,34.05240
120503,Axis ELSS Tax Saver Fund - Direct Plan - Growth Option,Axis Mutual Fund,Open Ended Schemes,Equity Scheme - ELSS,02-02-2017,33.97410
120503,Axis ELSS Tax Saver Fund - Direct Plan - Growth Option,Axis Mutual Fund,Open Ended Schemes,Equity Scheme - ELSS,01-02-2017,33.98050
120503,Axis ELSS Tax Saver Fund - Direct Plan - Growth Option,Axis Mutual Fund,Open Ended Schemes,Equity Scheme - ELSS,31-01-2017,33.40180
120503,Axis ELSS Tax Saver Fund - Direct Plan - Growth Option,Axis Mutual Fund,Open Ended Schemes,Equity Scheme - ELSS,30-01-2017,33.68730
120503,Axis ELSS Tax Saver Fund - Direct Plan - Growth Option,Axis Mutual Fund,Open Ended Schemes,Equity Scheme - ELSS,27-01-2017,33.69210
120503,Axis ELSS Tax Saver Fund - Direct Plan - Growth Option,Axis Mutual Fund,Open Ended Schemes,Equity Scheme - ELSS,25-01-2017,33.47470
120503,Axis ELSS Tax Saver Fund - Direct Plan - Growth Option,Axis Mutual Fund,Open Ended Schemes,Equity Scheme - ELSS,24-01-2017,32.90950
120503,Axis ELSS Tax Saver Fund - Direct Plan - Growth Option,Axis Mutual Fund,Open Ended Schemes,Equity Scheme - ELSS,23-01-2017,32.50120
120503,Axis ELSS Tax Saver Fund - Direct Plan - Growth Option,Axis Mutual Fund,Open Ended Schemes,Equity Scheme - ELSS,20-01-2017,32.41280
120503,Axis ELSS Tax Saver Fund - Direct Plan - Growth Option,Axis Mutual Fund,Open Ended Schemes,Equity Scheme - ELSS,19-01-2017,32.68480
120503,Axis ELSS Tax Saver Fund - Direct Plan - Growth Option,Axis Mutual Fund,Open Ended Schemes,Equity Scheme - ELSS,18-01-2017,32.61170
120503,Axis ELSS Tax Saver Fund - Direct Plan - Growth Option,Axis Mutual Fund,Open Ended Schemes,Equity Scheme - ELSS,17-01-2017,32.43420
120503,Axis ELSS Tax Saver Fund - Direct Plan - Growth Option,Axis Mutual Fund,Open Ended Schemes,Equity Scheme - ELSS,16-01-2017,32.43970
120503,Axis ELSS Tax Saver Fund - Direct Plan - Growth Option,Axis Mutual Fund,Open Ended Schemes,Equity Scheme - ELSS,13-01-2017,32.42580
120503,Axis ELSS Tax Saver Fund - Direct Plan - Growth Option,Axis Mutual Fund,Open Ended Schemes,Equity Scheme - ELSS,12-01-2017,32.46910
120503,Axis ELSS Tax Saver Fund - Direct Plan - Growth Option,Axis Mutual Fund,Open Ended Schemes,Equity Scheme - ELSS,11-01-2017,32.41370
120503,Axis ELSS Tax Saver Fund - Direct Plan - Growth Option,Axis Mutual Fund,Open Ended Schemes,Equity Scheme - ELSS,10-01-2017,32.14110
120503,Axis ELSS Tax Saver Fund - Direct Plan - Growth Option,Axis Mutual Fund,Open Ended Schemes,Equity Scheme - ELSS,09-01-2017,31.99120
120503,Axis ELSS Tax Saver Fund - Direct Plan - Growth Option,Axis Mutual Fund,Open Ended Schemes,Equity Scheme - ELSS,06-01-2017,32.06930
120503,Axis ELSS Tax Saver Fund - Direct Plan - Growth Option,Axis Mutual Fund,Open Ended Schemes,Equity Scheme - ELSS,05-01-2017,32.03260
120503,Axis ELSS Tax Saver Fund - Direct Plan - Growth Option,Axis Mutual Fund,Open Ended Schemes,Equity Scheme - ELSS,04-01-2017,31.82720
120503,Axis ELSS Tax Saver Fund - Direct Plan - Growth Option,Axis Mutual Fund,Open Ended Schemes,Equity Scheme - ELSS,03-01-2017,31.95370
120503,Axis ELSS Tax Saver Fund - Direct Plan - Growth Option,Axis Mutual Fund,Open Ended Schemes,Equity Scheme - ELSS,02-01-2017,31.94560
120503,Axis ELSS Tax Saver Fund - Direct Plan - Growth Option,Axis Mutual Fund,Open Ended Schemes,Equity Scheme - ELSS,30-12-2016,31.87090
120503,Axis ELSS Tax Saver Fund - Direct Plan - Growth Option,Axis Mutual Fund,Open Ended Schemes,Equity Scheme - ELSS,29-12-2016,31.73070
120503,Axis ELSS Tax Saver Fund - Direct Plan - Growth Option,Axis Mutual Fund,Open Ended Schemes,Equity Scheme - ELSS,28-12-2016,31.38400
120503,Axis ELSS Tax Saver Fund - Direct Plan - Growth Option,Axis Mutual Fund,Open Ended Schemes,Equity Scheme - ELSS,27-12-2016,31.13930
120503,Axis ELSS Tax Saver Fund - Direct Plan - Growth Option,Axis Mutual Fund,Open Ended Schemes,Equity Scheme - ELSS,26-12-2016,30.82570
120503,Axis ELSS Tax Saver Fund - Direct Plan - Growth Option,Axis Mutual Fund,Open Ended Schemes,Equity Scheme - ELSS,23-12-2016,31.18780
120503,Axis ELSS Tax Saver Fund - Direct Plan - Growth Option,Axis Mutual Fund,Open Ended Schemes,Equity Scheme - ELSS,22-12-2016,31.26330
120503,Axis ELSS Tax Saver Fund - Direct Plan - Growth Option,Axis Mutual Fund,Open Ended Schemes,Equity Scheme - ELSS,21-12-2016,31.57780
120503,Axis ELSS Tax Saver Fund - Direct Plan - Growth Option,Axis Mutual Fund,Open Ended Schemes,Equity Scheme - ELSS,20-12-2016,31.61730
120503,Axis ELSS Tax Saver Fund - Direct Plan - Growth Option,Axis Mutual Fund,Open Ended Schemes,Equity Scheme - ELSS,19-12-2016,31.80540
120503,Axis ELSS Tax Saver Fund - Direct Plan - Growth Option,Axis Mutual Fund,Open Ended Schemes,Equity Scheme - ELSS,16-12-2016,32.09190
120503,Axis ELSS Tax Saver Fund - Direct Plan - Growth Option,Axis Mutual Fund,Open Ended Schemes,Equity Scheme - ELSS,15-12-2016,32.07760
120503,Axis ELSS Tax Saver Fund - Direct Plan - Growth Option,Axis Mutual Fund,Open Ended Schemes,Equity Scheme - ELSS,14-12-2016,32.15760
120503,Axis ELSS Tax Saver Fund - Direct Plan - Growth Option,Axis Mutual Fund,Open Ended Schemes,Equity Scheme - ELSS,13-12-2016,32.36190
120503,Axis ELSS Tax Saver Fund - Direct Plan - Growth Option,Axis Mutual Fund,Open Ended Schemes,Equity Scheme - ELSS,12-12-2016,32.25000
120503,Axis ELSS Tax Saver Fund - Direct Plan - Growth Option,Axis Mutual Fund,Open Ended Schemes,Equity Scheme - ELSS,09-12-2016,32.50930
120503,Axis ELSS Tax Saver Fund - Direct Plan - Growth Option,Axis Mutual Fund,Open Ended Schemes,Equity Scheme - ELSS,08-12-2016,32.63710
120503,Axis ELSS Tax Saver Fund - Direct Plan - Growth Option,Axis Mutual Fund,Open Ended Schemes,Equity Scheme - ELSS,07-12-2016,32.09040
120503,Axis ELSS Tax Saver Fund - Direct Plan - Growth Option,Axis Mutual Fund,Open Ended Schemes,Equity Scheme - ELSS,06-12-2016,32.27360
120503,Axis ELSS Tax Saver Fund - Direct Plan - Growth Option,Axis Mutual Fund,Open Ended Schemes,Equity Scheme - ELSS,05-12-2016,32.22030
120503,Axis ELSS Tax Saver Fund - Direct Plan - Growth Option,Axis Mutual Fund,Open Ended Schemes,Equity Scheme - ELSS,02-12-2016,32.17060
120503,Axis ELSS Tax Saver Fund - Direct Plan - Growth Option,Axis Mutual Fund,Open Ended Schemes,Equity Scheme - ELSS,01-12-2016,32.64710
120503,Axis ELSS Tax Saver Fund - Direct Plan - Growth Option,Axis Mutual Fund,Open Ended Schemes,Equity Scheme - ELSS,30-11-2016,32.79380
120503,Axis ELSS Tax Saver Fund - Direct Plan - Growth Option,Axis Mutual Fund,Open Ended Schemes,Equity Scheme - ELSS,29-11-2016,32.38520
120503,Axis ELSS Tax Saver Fund - Direct Plan - Growth Option,Axis Mutual Fund,Open Ended Schemes,Equity Scheme - ELSS,28-11-2016,32.29540
120503,Axis ELSS Tax Saver Fund - Direct Plan - Growth Option,Axis Mutual Fund,Open Ended Schemes,Equity Scheme - ELSS,25-11-2016,32.26960
120503,Axis ELSS Tax Saver Fund - Direct Plan - Growth Option,Axis Mutual Fund,Open Ended Schemes,Equity Scheme - ELSS,24-11-2016,31.65580
120503,Axis ELSS Tax Saver Fund - Direct Plan - Growth Option,Axis Mutual Fund,Open Ended Schemes,Equity Scheme - ELSS,23-11-2016,31.89690
120503,Axis ELSS Tax Saver Fund - Direct Plan - Growth Option,Axis Mutual Fund,Open Ended Schemes,Equity Scheme - ELSS,22-11-2016,31.79870
120503,Axis ELSS Tax Saver Fund - Direct Plan - Growth Option,Axis Mutual Fund,Open Ended Schemes,Equity Scheme - ELSS,21-11-2016,31.46500
120503,Axis ELSS Tax Saver Fund - Direct Plan - Growth Option,Axis Mutual Fund,Open Ended Schemes,Equity Scheme - ELSS,18-11-2016,32.03240
120503,Axis ELSS Tax Saver Fund - Direct Plan - Growth Option,Axis Mutual Fund,Open Ended Schemes,Equity Scheme - ELSS,17-11-2016,31.97250
120503,Axis ELSS Tax Saver Fund - Direct Plan - Growth Option,Axis Mutual Fund,Open Ended Schemes,Equity Scheme - ELSS,16-11-2016,32.09170
120503,Axis ELSS Tax Saver Fund - Direct Plan - Growth Option,Axis Mutual Fund,Open Ended Schemes,Equity Scheme - ELSS,15-11-2016,31.92940
120503,Axis ELSS Tax Saver Fund - Direct Plan - Growth Option,Axis Mutual Fund,Open Ended Schemes,Equity Scheme - ELSS,11-11-2016,33.04250
120503,Axis ELSS Tax Saver Fund - Direct Plan - Growth Option,Axis Mutual Fund,Open Ended Schemes,Equity Scheme - ELSS,10-11-2016,33.91220
120503,Axis ELSS Tax Saver Fund - Direct Plan - Growth Option,Axis Mutual Fund,Open Ended Schemes,Equity Scheme - ELSS,09-11-2016,33.70790
120503,Axis ELSS Tax Saver Fund - Direct Plan - Growth Option,Axis Mutual Fund,Open Ended Schemes,Equity Scheme - ELSS,08-11-2016,34.17940
120503,Axis ELSS Tax Saver Fund - Direct Plan - Growth Option,Axis Mutual Fund,Open Ended Schemes,Equity Scheme - ELSS,07-11-2016,34.19120
120503,Axis ELSS Tax Saver Fund - Direct Plan - Growth Option,Axis Mutual Fund,Open Ended Schemes,Equity Scheme - ELSS,04-11-2016,34.11180
120503,Axis ELSS Tax Saver Fund - Direct Plan - Growth Option,Axis Mutual Fund,Open Ended Schemes,Equity Scheme - ELSS,03-11-2016,34.68740
120503,Axis ELSS Tax Saver Fund - Direct Plan - Growth Option,Axis Mutual Fund,Open Ended Schemes,Equity Scheme - ELSS,02-11-2016,34.87630
120503,Axis ELSS Tax Saver Fund - Direct Plan - Growth Option,Axis Mutual Fund,Open Ended Schemes,Equity Scheme - ELSS,01-11-2016,35.36920
120503,Axis ELSS Tax Saver Fund - Direct Plan - Growth Option,Axis Mutual Fund,Open Ended Schemes,Equity Scheme - ELSS,28-10-2016,35.27420
120503,Axis ELSS Tax Saver Fund - Direct Plan - Growth Option,Axis Mutual Fund,Open Ended Schemes,Equity Scheme - ELSS,27-10-2016,35.10560
120503,Axis ELSS Tax Saver Fund - Direct Plan - Growth Option,Axis Mutual Fund,Open Ended Schemes,Equity Scheme - ELSS,26-10-2016,35.19000
120503,Axis ELSS Tax Saver Fund - Direct Plan - Growth Option,Axis Mutual Fund,Open Ended Schemes,Equity Scheme - ELSS,25-10-2016,35.06450
120503,Axis ELSS Tax Saver Fund - Direct Plan - Growth Option,Axis Mutual Fund,Open Ended Schemes,Equity Scheme - ELSS,24-10-2016,35.00940
120503,Axis ELSS Tax Saver Fund - Direct Plan - Growth Option,Axis Mutual Fund,Open Ended Schemes,Equity Scheme - ELSS,21-10-2016,35.02130
120503,Axis ELSS Tax Saver Fund - Direct Plan - Growth Option,Axis Mutual Fund,Open Ended Schemes,Equity Scheme - ELSS,20-10-2016,34.81730
120503,Axis ELSS Tax Saver Fund - Direct Plan - Growth Option,Axis Mutual Fund,Open Ended Schemes,Equity Scheme - ELSS,19-10-2016,34.76160
120503,Axis ELSS Tax Saver Fund - Direct Plan - Growth Option,Axis Mutual Fund,Open Ended Schemes,Equity Scheme - ELSS,18-10-2016,34.83960
120503,Axis ELSS Tax Saver Fund - Direct Plan - Growth Option,Axis Mutual Fund,Open Ended Schemes,Equity Scheme - ELSS,17-10-2016,34.34140
120503,Axis ELSS Tax Saver Fund - Direct Plan - Growth Option,Axis Mutual Fund,Open Ended Schemes,Equity Scheme - ELSS,14-10-2016,34.76820
120503,Axis ELSS Tax Saver Fund - Direct Plan - Growth Option,Axis Mutual Fund,Open Ended Schemes,Equity Scheme - ELSS,13-10-2016,34.70140
120503,Axis ELSS Tax Saver Fund - Direct Plan - Growth Option,Axis Mutual Fund,Open Ended Schemes,Equity Scheme - ELSS,10-10-2016,35.19070
120503,Axis ELSS Tax Saver Fund - Direct Plan - Growth Option,Axis Mutual Fund,Open Ended Schemes,Equity Scheme - ELSS,07-10-2016,35.18690
120503,Axis ELSS Tax Saver Fund - Direct Plan - Growth Option,Axis Mutual Fund,Open Ended Schemes,Equity Scheme - ELSS,06-10-2016,35.29640
120503,Axis ELSS Tax Saver Fund - Direct Plan - Growth Option,Axis Mutual Fund,Open Ended Schemes,Equity Scheme - ELSS,05-10-2016,35.32560
120503,Axis ELSS Tax Saver Fund - Direct Plan - Growth Option,Axis Mutual Fund,Open Ended Schemes,Equity Scheme - ELSS,04-10-2016,35.35350
120503,Axis ELSS Tax Saver Fund - Direct Plan - Growth Option,Axis Mutual Fund,Open Ended Schemes,Equity Scheme - ELSS,03-10-2016,35.27220
120503,Axis ELSS Tax Saver Fund - Direct Plan - Growth Option,Axis Mutual Fund,Open Ended Schemes,Equity Scheme - ELSS,30-09-2016,34.57580
120503,Axis ELSS Tax Saver Fund - Direct Plan - Growth Option,Axis Mutual Fund,Open Ended Schemes,Equity Scheme - ELSS,29-09-2016,34.32780
120503,Axis ELSS Tax Saver Fund - Direct Plan - Growth Option,Axis Mutual Fund,Open Ended Schemes,Equity Scheme - ELSS,28-09-2016,34.86250
120503,Axis ELSS Tax Saver Fund - Direct Plan - Growth Option,Axis Mutual Fund,Open Ended Schemes,Equity Scheme - ELSS,27-09-2016,34.74970
120503,Axis ELSS Tax Saver Fund - Direct Plan - Growth Option,Axis Mutual Fund,Open Ended Schemes,Equity Scheme - ELSS,26-09-2016,34.75290
120503,Axis ELSS Tax Saver Fund - Direct Plan - Growth Option,Axis Mutual Fund,Open Ended Schemes,Equity Scheme - ELSS,23-09-2016,34.99910
120503,Axis ELSS Tax Saver Fund - Direct Plan - Growth Option,Axis Mutual Fund,Open Ended Schemes,Equity Scheme - ELSS,22-09-2016,35.02270
120503,Axis ELSS Tax Saver Fund - Direct Plan - Growth Option,Axis Mutual Fund,Open Ended Schemes,Equity Scheme - ELSS,21-09-2016,34.68590
120503,Axis ELSS Tax Saver Fund - Direct Plan - Growth Option,Axis Mutual Fund,Open Ended Schemes,Equity Scheme - ELSS,20-09-2016,34.68320
120503,Axis ELSS Tax Saver Fund - Direct Plan - Growth Option,Axis Mutual Fund,Open Ended Schemes,Equity Scheme - ELSS,19-09-2016,34.75580
120503,Axis ELSS Tax Saver Fund - Direct Plan - Growth Option,Axis Mutual Fund,Open Ended Schemes,Equity Scheme - ELSS,16-09-2016,34.82830
120503,Axis ELSS Tax Saver Fund - Direct Plan - Growth Option,Axis Mutual Fund,Open Ended Schemes,Equity Scheme - ELSS,15-09-2016,34.63040
120503,Axis ELSS Tax Saver Fund - Direct Plan - Growth Option,Axis Mutual Fund,Open Ended Schemes,Equity Scheme - ELSS,14-09-2016,34.52550
120503,Axis ELSS Tax Saver Fund - Direct Plan - Growth Option,Axis Mutual Fund,Open Ended Schemes,Equity Scheme - ELSS,12-09-2016,34.58720
120503,Axis ELSS Tax Saver Fund - Direct Plan - Growth Option,Axis Mutual Fund,Open Ended Schemes,Equity Scheme - ELSS,09-09-2016,35.15910
120503,Axis ELSS Tax Saver Fund - Direct Plan - Growth Option,Axis Mutual Fund,Open Ended Schemes,Equity Scheme - ELSS,08-09-2016,35.38050
120503,Axis ELSS Tax Saver Fund - Direct Plan - Growth Option,Axis Mutual Fund,Open Ended Schemes,Equity Scheme - ELSS,07-09-2016,35.16750
120503,Axis ELSS Tax Saver Fund - Direct Plan - Growth Option,Axis Mutual Fund,Open Ended Schemes,Equity Scheme - ELSS,06-09-2016,35.29770
120503,Axis ELSS Tax Saver Fund - Direct Plan - Growth Option,Axis Mutual Fund,Open Ended Schemes,Equity Scheme - ELSS,02-09-2016,34.96560
120503,Axis ELSS Tax Saver Fund - Direct Plan - Growth Option,Axis Mutual Fund,Open Ended Schemes,Equity Scheme - ELSS,01-09-2016,34.87990
120503,Axis ELSS Tax Saver Fund - Direct Plan - Growth Option,Axis Mutual Fund,Open Ended Schemes,Equity Scheme - ELSS,31-08-2016,34.86690
120503,Axis ELSS Tax Saver Fund - Direct Plan - Growth Option,Axis Mutual Fund,Open Ended Schemes,Equity Scheme - ELSS,30-08-2016,34.72600
120503,Axis ELSS Tax Saver Fund - Direct Plan - Growth Option,Axis Mutual Fund,Open Ended Schemes,Equity Scheme - ELSS,29-08-2016,34.30490
120503,Axis ELSS Tax Saver Fund - Direct Plan - Growth Option,Axis Mutual Fund,Open Ended Schemes,Equity Scheme - ELSS,26-08-2016,34.39230
120503,Axis ELSS Tax Saver Fund - Direct Plan - Growth Option,Axis Mutual Fund,Open Ended Schemes,Equity Scheme - ELSS,25-08-2016,34.37440
120503,Axis ELSS Tax Saver Fund - Direct Plan - Growth Option,Axis Mutual Fund,Open Ended Schemes,Equity Scheme - ELSS,24-08-2016,34.46180
120503,Axis ELSS Tax Saver Fund - Direct Plan - Growth Option,Axis Mutual Fund,Open Ended Schemes,Equity Scheme - ELSS,23-08-2016,34.30650
120503,Axis ELSS Tax Saver Fund - Direct Plan - Growth Option,Axis Mutual Fund,Open Ended Schemes,Equity Scheme - ELSS,22-08-2016,34.28590
120503,Axis ELSS Tax Saver Fund - Direct Plan - Growth Option,Axis Mutual Fund,Open Ended Schemes,Equity Scheme - ELSS,19-08-2016,34.42090
120503,Axis ELSS Tax Saver Fund - Direct Plan - Growth Option,Axis Mutual Fund,Open Ended Schemes,Equity Scheme - ELSS,18-08-2016,34.49240
120503,Axis ELSS Tax Saver Fund - Direct Plan - Growth Option,Axis Mutual Fund,Open Ended Schemes,Equity Scheme - ELSS,17-08-2016,34.35080
120503,Axis ELSS Tax Saver Fund - Direct Plan - Growth Option,Axis Mutual Fund,Open Ended Schemes,Equity Scheme - ELSS,16-08-2016,34.34040
120503,Axis ELSS Tax Saver Fund - Direct Plan - Growth Option,Axis Mutual Fund,Open Ended Schemes,Equity Scheme - ELSS,12-08-2016,34.45150
120503,Axis ELSS Tax Saver Fund - Direct Plan - Growth Option,Axis Mutual Fund,Open Ended Schemes,Equity Scheme - ELSS,11-08-2016,34.31640
120503,Axis ELSS Tax Saver Fund - Direct Plan - Growth Option,Axis Mutual Fund,Open Ended Schemes,Equity Scheme - ELSS,10-08-2016,34.29880
120503,Axis ELSS Tax Saver Fund - Direct Plan - Growth Option,Axis Mutual Fund,Open Ended Schemes,Equity Scheme - ELSS,09-08-2016,34.73660
120503,Axis ELSS Tax Saver Fund - Direct Plan - Growth Option,Axis Mutual Fund,Open Ended Schemes,Equity Scheme - ELSS,08-08-2016,34.82290
120503,Axis ELSS Tax Saver Fund - Direct Plan - Growth Option,Axis Mutual Fund,Open Ended Schemes,Equity Scheme - ELSS,05-08-2016,34.65990
120503,Axis ELSS Tax Saver Fund - Direct Plan - Growth Option,Axis Mutual Fund,Open Ended Schemes,Equity Scheme - ELSS,04-08-2016,34.31860
120503,Axis ELSS Tax Saver Fund - Direct Plan - Growth Option,Axis Mutual Fund,Open Ended Schemes,Equity Scheme - ELSS,03-08-2016,34.26690
120503,Axis ELSS Tax Saver Fund - Direct Plan - Growth Option,Axis Mutual Fund,Open Ended Schemes,Equity Scheme - ELSS,02-08-2016,34.72680
120503,Axis ELSS Tax Saver Fund - Direct Plan - Growth Option,Axis Mutual Fund,Open Ended Schemes,Equity Scheme - ELSS,01-08-2016,34.79830
120503,Axis ELSS Tax Saver Fund - Direct Plan - Growth Option,Axis Mutual Fund,Open Ended Schemes,Equity Scheme - ELSS,29-07-2016,34.77030
120503,Axis ELSS Tax Saver Fund - Direct Plan - Growth Option,Axis Mutual Fund,Open Ended Schemes,Equity Scheme - ELSS,28-07-2016,34.74970
120503,Axis ELSS Tax Saver Fund - Direct Plan - Growth Option,Axis Mutual Fund,Open Ended Schemes,Equity Scheme - ELSS,27-07-2016,34.26830
120503,Axis ELSS Tax Saver Fund - Direct Plan - Growth Option,Axis Mutual Fund,Open Ended Schemes,Equity Scheme - ELSS,26-07-2016,34.04960
120503,Axis ELSS Tax Saver Fund - Direct Plan - Growth Option,Axis Mutual Fund,Open Ended Schemes,Equity Scheme - ELSS,25-07-2016,34.22160
120503,Axis ELSS Tax Saver Fund - Direct Plan - Growth Option,Axis Mutual Fund,Open Ended Schemes,Equity Scheme - ELSS,22-07-2016,33.87530
120503,Axis ELSS Tax Saver Fund - Direct Plan - Growth Option,Axis Mutual Fund,Open Ended Schemes,Equity Scheme - ELSS,21-07-2016,33.68390
120503,Axis ELSS Tax Saver Fund - Direct Plan - Growth Option,Axis Mutual Fund,Open Ended Schemes,Equity Scheme - ELSS,20-07-2016,33.79240
120503,Axis ELSS Tax Saver Fund - Direct Plan - Growth Option,Axis Mutual Fund,Open Ended Schemes,Equity Scheme - ELSS,19-07-2016,33.48570
120503,Axis ELSS Tax Saver Fund - Direct Plan - Growth Option,Axis Mutual Fund,Open Ended Schemes,Equity Scheme - ELSS,18-07-2016,33.46800
120503,Axis ELSS Tax Saver Fund - Direct Plan - Growth Option,Axis Mutual Fund,Open Ended Schemes,Equity Scheme - ELSS,15-07-2016,33.56250
120503,Axis ELSS Tax Saver Fund - Direct Plan - Growth Option,Axis Mutual Fund,Open Ended Schemes,Equity Scheme - ELSS,14-07-2016,33.47040
120503,Axis ELSS Tax Saver Fund - Direct Plan - Growth Option,Axis Mutual Fund,Open Ended Schemes,Equity Scheme - ELSS,13-07-2016,33.30000
120503,Axis ELSS Tax Saver Fund - Direct Plan - Growth Option,Axis Mutual Fund,Open Ended Schemes,Equity Scheme - ELSS,12-07-2016,33.34300
120503,Axis ELSS Tax Saver Fund - Direct Plan - Growth Option,Axis Mutual Fund,Open Ended Schemes,Equity Scheme - ELSS,11-07-2016,33.19520
120503,Axis ELSS Tax Saver Fund - Direct Plan - Growth Option,Axis Mutual Fund,Open Ended Schemes,Equity Scheme - ELSS,08-07-2016,32.72910
120503,Axis ELSS Tax Saver Fund - Direct Plan - Growth Option,Axis Mutual Fund,Open Ended Schemes,Equity Scheme - ELSS,07-07-2016,32.79020
120503,Axis ELSS Tax Saver Fund - Direct Plan - Growth Option,Axis Mutual Fund,Open Ended Schemes,Equity Scheme - ELSS,05-07-2016,32.80670
120503,Axis ELSS Tax Saver Fund - Direct Plan - Growth Option,Axis Mutual Fund,Open Ended Schemes,Equity Scheme - ELSS,04-07-2016,32.92700
120503,Axis ELSS Tax Saver Fund - Direct Plan - Growth Option,Axis Mutual Fund,Open Ended Schemes,Equity Scheme - ELSS,01-07-2016,32.83120
120503,Axis ELSS Tax Saver Fund - Direct Plan - Growth Option,Axis Mutual Fund,Open Ended Schemes,Equity Scheme - ELSS,30-06-2016,32.83160
120503,Axis ELSS Tax Saver Fund - Direct Plan - Growth Option,Axis Mutual Fund,Open Ended Schemes,Equity Scheme - ELSS,29-06-2016,32.57810
120503,Axis ELSS Tax Saver Fund - Direct Plan - Growth Option,Axis Mutual Fund,Open Ended Schemes,Equity Scheme - ELSS,28-06-2016,32.25370
120503,Axis ELSS Tax Saver Fund - Direct Plan - Growth Option,Axis Mutual Fund,Open Ended Schemes,Equity Scheme - ELSS,27-06-2016,32.03210
120503,Axis ELSS Tax Saver Fund - Direct Plan - Growth Option,Axis Mutual Fund,Open Ended Schemes,Equity Scheme - ELSS,24-06-2016,31.85320
120503,Axis ELSS Tax Saver Fund - Direct Plan - Growth Option,Axis Mutual Fund,Open Ended Schemes,Equity Scheme - ELSS,23-06-2016,32.41230
120503,Axis ELSS Tax Saver Fund - Direct Plan - Growth Option,Axis Mutual Fund,Open Ended Schemes,Equity Scheme - ELSS,22-06-2016,32.32070
120503,Axis ELSS Tax Saver Fund - Direct Plan - Growth Option,Axis Mutual Fund,Open Ended Schemes,Equity Scheme - ELSS,21-06-2016,32.40780
120503,Axis ELSS Tax Saver Fund - Direct Plan - Growth Option,Axis Mutual Fund,Open Ended Schemes,Equity Scheme - ELSS,20-06-2016,32.41900
120503,Axis ELSS Tax Saver Fund - Direct Plan - Growth Option,Axis Mutual Fund,Open Ended Schemes,Equity Scheme - ELSS,17-06-2016,32.27880
120503,Axis ELSS Tax Saver Fund - Direct Plan - Growth Option,Axis Mutual Fund,Open Ended Schemes,Equity Scheme - ELSS,16-06-2016,32.22030
120503,Axis ELSS Tax Saver Fund - Direct Plan - Growth Option,Axis Mutual Fund,Open Ended Schemes,Equity Scheme - ELSS,15-06-2016,32.38290
120503,Axis ELSS Tax Saver Fund - Direct Plan - Growth Option,Axis Mutual Fund,Open Ended Schemes,Equity Scheme - ELSS,14-06-2016,32.12060
120503,Axis ELSS Tax Saver Fund - Direct Plan - Growth Option,Axis Mutual Fund,Open Ended Schemes,Equity Scheme - ELSS,13-06-2016,32.05920
120503,Axis ELSS Tax Saver Fund - Direct Plan - Growth Option,Axis Mutual Fund,Open Ended Schemes,Equity Scheme - ELSS,10-06-2016,32.24190
120503,Axis ELSS Tax Saver Fund - Direct Plan - Growth Option,Axis Mutual Fund,Open Ended Schemes,Equity Scheme - ELSS,09-06-2016,32.33370
120503,Axis ELSS Tax Saver Fund - Direct Plan - Growth Option,Axis Mutual Fund,Open Ended Schemes,Equity Scheme - ELSS,08-06-2016,32.50670
120503,Axis ELSS Tax Saver Fund - Direct Plan - Growth Option,Axis Mutual Fund,Open Ended Schemes,Equity Scheme - ELSS,07-06-2016,32.50250
120503,Axis ELSS Tax Saver Fund - Direct Plan - Growth Option,Axis Mutual Fund,Open Ended Schemes,Equity Scheme - ELSS,06-06-2016,32.36090
120503,Axis ELSS Tax Saver Fund - Direct Plan - Growth Option,Axis Mutual Fund,Open Ended Schemes,Equity Scheme - ELSS,03-06-2016,32.35400
120503,Axis ELSS Tax Saver Fund - Direct Plan - Growth Option,Axis Mutual Fund,Open Ended Schemes,Equity Scheme - ELSS,02-06-2016,32.44160
120503,Axis ELSS Tax Saver Fund - Direct Plan - Growth Option,Axis Mutual Fund,Open Ended Schemes,Equity Scheme - ELSS,01-06-2016,32.40080
120503,Axis ELSS Tax Saver Fund - Direct Plan - Growth Option,Axis Mutual Fund,Open Ended Schemes,Equity Scheme - ELSS,31-05-2016,32.24970
120503,Axis ELSS Tax Saver Fund - Direct Plan - Growth Option,Axis Mutual Fund,Open Ended Schemes,Equity Scheme - ELSS,30-05-2016,32.35770
120503,Axis ELSS Tax Saver Fund - Direct Plan - Growth Option,Axis Mutual Fund,Open Ended Schemes,Equity Scheme - ELSS,27-05-2016,32.22140
120503,Axis ELSS Tax Saver Fund - Direct Plan - Growth Option,Axis Mutual Fund,Open Ended Schemes,Equity Scheme - ELSS,26-05-2016,31.84980
120503,Axis ELSS Tax Saver Fund - Direct Plan - Growth Option,Axis Mutual Fund,Open Ended Schemes,Equity Scheme - ELSS,25-05-2016,31.34030
120503,Axis ELSS Tax Saver Fund - Direct Plan - Growth Option,Axis Mutual Fund,Open Ended Schemes,Equity Scheme - ELSS,24-05-2016,30.78110
120503,Axis ELSS Tax Saver Fund - Direct Plan - Growth Option,Axis Mutual Fund,Open Ended Schemes,Equity Scheme - ELSS,23-05-2016,30.93090
120503,Axis ELSS Tax Saver Fund - Direct Plan - Growth Option,Axis Mutual Fund,Open Ended Schemes,Equity Scheme - ELSS,20-05-2016,31.00050
120503,Axis ELSS Tax Saver Fund - Direct Plan - Growth Option,Axis Mutual Fund,Open Ended Schemes,Equity Scheme - ELSS,19-05-2016,31.06270
120503,Axis ELSS Tax Saver Fund - Direct Plan - Growth Option,Axis Mutual Fund,Open Ended Schemes,Equity Scheme - ELSS,18-05-2016,31.37720
120503,Axis ELSS Tax Saver Fund - Direct Plan - Growth Option,Axis Mutual Fund,Open Ended Schemes,Equity Scheme - ELSS,17-05-2016,31.47940
120503,Axis ELSS Tax Saver Fund - Direct Plan - Growth Option,Axis Mutual Fund,Open Ended Schemes,Equity Scheme - ELSS,16-05-2016,31.34380
120503,Axis ELSS Tax Saver Fund - Direct Plan - Growth Option,Axis Mutual Fund,Open Ended Schemes,Equity Scheme - ELSS,13-05-2016,31.16100
120503,Axis ELSS Tax Saver Fund - Direct Plan - Growth Option,Axis Mutual Fund,Open Ended Schemes,Equity Scheme - ELSS,12-05-2016,31.39660
120503,Axis ELSS Tax Saver Fund - Direct Plan - Growth Option,Axis Mutual Fund,Open Ended Schemes,Equity Scheme - ELSS,11-05-2016,31.20780
120503,Axis ELSS Tax Saver Fund - Direct Plan - Growth Option,Axis Mutual Fund,Open Ended Schemes,Equity Scheme - ELSS,10-05-2016,31.21900
120503,Axis ELSS Tax Saver Fund - Direct Plan - Growth Option,Axis Mutual Fund,Open Ended Schemes,Equity Scheme - ELSS,09-05-2016,31.12300
120503,Axis ELSS Tax Saver Fund - Direct Plan - Growth Option,Axis Mutual Fund,Open Ended Schemes,Equity Scheme - ELSS,06-05-2016,30.75280
120503,Axis ELSS Tax Saver Fund - Direct Plan - Growth Option,Axis Mutual Fund,Open Ended Schemes,Equity Scheme - ELSS,05-05-2016,30.81170
120503,Axis ELSS Tax Saver Fund - Direct Plan - Growth Option,Axis Mutual Fund,Open Ended Schemes,Equity Scheme - ELSS,04-05-2016,30.69170
120503,Axis ELSS Tax Saver Fund - Direct Plan - Growth Option,Axis Mutual Fund,Open Ended Schemes,Equity Scheme - ELSS,03-05-2016,30.79310
120503,Axis ELSS Tax Saver Fund - Direct Plan - Growth Option,Axis Mutual Fund,Open Ended Schemes,Equity Scheme - ELSS,02-05-2016,30.99720
120503,Axis ELSS Tax Saver Fund - Direct Plan - Growth Option,Axis Mutual Fund,Open Ended Schemes,Equity Scheme - ELSS,29-04-2016,30.95250
120503,Axis ELSS Tax Saver Fund - Direct Plan - Growth Option,Axis Mutual Fund,Open Ended Schemes,Equity Scheme - ELSS,28-04-2016,30.82090
120503,Axis ELSS Tax Saver Fund - Direct Plan - Growth Option,Axis Mutual Fund,Open Ended Schemes,Equity Scheme - ELSS,27-04-2016,31.20750
120503,Axis ELSS Tax Saver Fund - Direct Plan - Growth Option,Axis Mutual Fund,Open Ended Schemes,Equity Scheme - ELSS,26-04-2016,31.15080
120503,Axis ELSS Tax Saver Fund - Direct Plan - Growth Option,Axis Mutual Fund,Open Ended Schemes,Equity Scheme - ELSS,25-04-2016,30.73730
120503,Axis ELSS Tax Saver Fund - Direct Plan - Growth Option,Axis Mutual Fund,Open Ended Schemes,Equity Scheme - ELSS,22-04-2016,30.96380
120503,Axis ELSS Tax Saver Fund - Direct Plan - Growth Option,Axis Mutual Fund,Open Ended Schemes,Equity Scheme - ELSS,21-04-2016,31.05800
120503,Axis ELSS Tax Saver Fund - Direct Plan - Growth Option,Axis Mutual Fund,Open Ended Schemes,Equity Scheme - ELSS,20-04-2016,31.16380
120503,Axis ELSS Tax Saver Fund - Direct Plan - Growth Option,Axis Mutual Fund,Open Ended Schemes,Equity Scheme - ELSS,18-04-2016,31.11230
120503,Axis ELSS Tax Saver Fund - Direct Plan - Growth Option,Axis Mutual Fund,Open Ended Schemes,Equity Scheme - ELSS,13-04-2016,30.94700
120503,Axis ELSS Tax Saver Fund - Direct Plan - Growth Option,Axis Mutual Fund,Open Ended Schemes,Equity Scheme - ELSS,12-04-2016,30.46710
120503,Axis ELSS Tax Saver Fund - Direct Plan - Growth Option,Axis Mutual Fund,Open Ended Schemes,Equity Scheme - ELSS,11-04-2016,30.20980
120503,Axis ELSS Tax Saver Fund - Direct Plan - Growth Option,Axis Mutual Fund,Open Ended Schemes,Equity Scheme - ELSS,08-04-2016,29.94380
120503,Axis ELSS Tax Saver Fund - Direct Plan - Growth Option,Axis Mutual Fund,Open Ended Schemes,Equity Scheme - ELSS,07-04-2016,29.87220
120503,Axis ELSS Tax Saver Fund - Direct Plan - Growth Option,Axis Mutual Fund,Open Ended Schemes,Equity Scheme - ELSS,06-04-2016,30.05950
120503,Axis ELSS Tax Saver Fund - Direct Plan - Growth Option,Axis Mutual Fund,Open Ended Schemes,Equity Scheme - ELSS,05-04-2016,29.96760
120503,Axis ELSS Tax Saver Fund - Direct Plan - Growth Option,Axis Mutual Fund,Open Ended Schemes,Equity Scheme - ELSS,04-04-2016,30.35380
120503,Axis ELSS Tax Saver Fund - Direct Plan - Growth Option,Axis Mutual Fund,Open Ended Schemes,Equity Scheme - ELSS,01-04-2016,30.31410
120503,Axis ELSS Tax Saver Fund - Direct Plan - Growth Option,Axis Mutual Fund,Open Ended Schemes,Equity Scheme - ELSS,31-03-2016,30.34260
120503,Axis ELSS Tax Saver Fund - Direct Plan - Growth Option,Axis Mutual Fund,Open Ended Schemes,Equity Scheme - ELSS,30-03-2016,30.20390
120503,Axis ELSS Tax Saver Fund - Direct Plan - Growth Option,Axis Mutual Fund,Open Ended Schemes,Equity Scheme - ELSS,29-03-2016,29.85800
120503,Axis ELSS Tax Saver Fund - Direct Plan - Growth Option,Axis Mutual Fund,Open Ended Schemes,Equity Scheme - ELSS,28-03-2016,29.90160
120503,Axis ELSS Tax Saver Fund - Direct Plan - Growth Option,Axis Mutual Fund,Open Ended Schemes,Equity Scheme - ELSS,23-03-2016,30.26390
120503,Axis ELSS Tax Saver Fund - Direct Plan - Growth Option,Axis Mutual Fund,Open Ended Schemes,Equity Scheme - ELSS,22-03-2016,30.25600
120503,Axis ELSS Tax Saver Fund - Direct Plan - Growth Option,Axis Mutual Fund,Open Ended Schemes,Equity Scheme - ELSS,21-03-2016,30.19550
120503,Axis ELSS Tax Saver Fund - Direct Plan - Growth Option,Axis Mutual Fund,Open Ended Schemes,Equity Scheme - ELSS,18-03-2016,29.67950
120503,Axis ELSS Tax Saver Fund - Direct Plan - Growth Option,Axis Mutual Fund,Open Ended Schemes,Equity Scheme - ELSS,17-03-2016,29.45530
120503,Axis ELSS Tax Saver Fund - Direct Plan - Growth Option,Axis Mutual Fund,Open Ended Schemes,Equity Scheme - ELSS,16-03-2016,29.37250
120503,Axis ELSS Tax Saver Fund - Direct Plan - Growth Option,Axis Mutual Fund,Open Ended Schemes,Equity Scheme - ELSS,15-03-2016,29.37130
120503,Axis ELSS Tax Saver Fund - Direct Plan - Growth Option,Axis Mutual Fund,Open Ended Schemes,Equity Scheme - ELSS,14-03-2016,29.73990
120503,Axis ELSS Tax Saver Fund - Direct Plan - Growth Option,Axis Mutual Fund,Open Ended Schemes,Equity Scheme - ELSS,11-03-2016,29.64760
120503,Axis ELSS Tax Saver Fund - Direct Plan - Growth Option,Axis Mutual Fund,Open Ended Schemes,Equity Scheme - ELSS,10-03-2016,29.58120
120503,Axis ELSS Tax Saver Fund - Direct Plan - Growth Option,Axis Mutual Fund,Open Ended Schemes,Equity Scheme - ELSS,09-03-2016,29.57130
120503,Axis ELSS Tax Saver Fund - Direct Plan - Growth Option,Axis Mutual Fund,Open Ended Schemes,Equity Scheme - ELSS,08-03-2016,29.53970
120503,Axis ELSS Tax Saver Fund - Direct Plan - Growth Option,Axis Mutual Fund,Open Ended Schemes,Equity Scheme - ELSS,04-03-2016,29.56970
120503,Axis ELSS Tax Saver Fund - Direct Plan - Growth Option,Axis Mutual Fund,Open Ended Schemes,Equity Scheme - ELSS,03-03-2016,29.56790
120503,Axis ELSS Tax Saver Fund - Direct Plan - Growth Option,Axis Mutual Fund,Open Ended Schemes,Equity Scheme - ELSS,02-03-2016,29.20890
120503,Axis ELSS Tax Saver Fund - Direct Plan - Growth Option,Axis Mutual Fund,Open Ended Schemes,Equity Scheme - ELSS,01-03-2016,28.77370
120503,Axis ELSS Tax Saver Fund - Direct Plan - Growth Option,Axis Mutual Fund,Open Ended Schemes,Equity Scheme - ELSS,29-02-2016,28.13030
120503,Axis ELSS Tax Saver Fund - Direct Plan - Growth Option,Axis Mutual Fund,Open Ended Schemes,Equity Scheme - ELSS,26-02-2016,28.07740
120503,Axis ELSS Tax Saver Fund - Direct Plan - Growth Option,Axis Mutual Fund,Open Ended Schemes,Equity Scheme - ELSS,25-02-2016,28.05210
120503,Axis ELSS Tax Saver Fund - Direct Plan - Growth Option,Axis Mutual Fund,Open Ended Schemes,Equity Scheme - ELSS,24-02-2016,28.24350
120503,Axis ELSS Tax Saver Fund - Direct Plan - Growth Option,Axis Mutual Fund,Open Ended Schemes,Equity Scheme - ELSS,23-02-2016,28.63820
120503,Axis ELSS Tax Saver Fund - Direct Plan - Growth Option,Axis Mutual Fund,Open Ended Schemes,Equity Scheme - ELSS,22-02-2016,29.00030
120503,Axis ELSS Tax Saver Fund - Direct Plan - Growth Option,Axis Mutual Fund,Open Ended Schemes,Equity Scheme - ELSS,19-02-2016,28.89740
120503,Axis ELSS Tax Saver Fund - Direct Plan - Growth Option,Axis Mutual Fund,Open Ended Schemes,Equity Scheme - ELSS,18-02-2016,28.89280
120503,Axis ELSS Tax Saver Fund - Direct Plan - Growth Option,Axis Mutual Fund,Open Ended Schemes,Equity Scheme - ELSS,17-02-2016,28.69260
120503,Axis ELSS Tax Saver Fund - Direct Plan - Growth Option,Axis Mutual Fund,Open Ended Schemes,Equity Scheme - ELSS,16-02-2016,28.51580
120503,Axis ELSS Tax Saver Fund - Direct Plan - Growth Option,Axis Mutual Fund,Open Ended Schemes,Equity Scheme - ELSS,15-02-2016,29.01240
120503,Axis ELSS Tax Saver Fund - Direct Plan - Growth Option,Axis Mutual Fund,Open Ended Schemes,Equity Scheme - ELSS,12-02-2016,28.54670
120503,Axis ELSS Tax Saver Fund - Direct Plan - Growth Option,Axis Mutual Fund,Open Ended Schemes,Equity Scheme - ELSS,11-02-2016,28.67780
120503,Axis ELSS Tax Saver Fund - Direct Plan - Growth Option,Axis Mutual Fund,Open Ended Schemes,Equity Scheme - ELSS,10-02-2016,29.63190
120503,Axis ELSS Tax Saver Fund - Direct Plan - Growth Option,Axis Mutual Fund,Open Ended Schemes,Equity Scheme - ELSS,09-02-2016,29.87390
120503,Axis ELSS Tax Saver Fund - Direct Plan - Growth Option,Axis Mutual Fund,Open Ended Schemes,Equity Scheme - ELSS,08-02-2016,30.29050
120503,Axis ELSS Tax Saver Fund - Direct Plan - Growth Option,Axis Mutual Fund,Open Ended Schemes,Equity Scheme - ELSS,05-02-2016,30.51410
120503,Axis ELSS Tax Saver Fund - Direct Plan - Growth Option,Axis Mutual Fund,Open Ended Schemes,Equity Scheme - ELSS,04-02-2016,30.15000
120503,Axis ELSS Tax Saver Fund - Direct Plan - Growth Option,Axis Mutual Fund,Open Ended Schemes,Equity Scheme - ELSS,03-02-2016,29.96330
120503,Axis ELSS Tax Saver Fund - Direct Plan - Growth Option,Axis Mutual Fund,Open Ended Schemes,Equity Scheme - ELSS,02-02-2016,30.22850
120503,Axis ELSS Tax Saver Fund - Direct Plan - Growth Option,Axis Mutual Fund,Open Ended Schemes,Equity Scheme - ELSS,01-02-2016,30.66240
120503,Axis ELSS Tax Saver Fund - Direct Plan - Growth Option,Axis Mutual Fund,Open Ended Schemes,Equity Scheme - ELSS,29-01-2016,30.62680
120503,Axis ELSS Tax Saver Fund - Direct Plan - Growth Option,Axis Mutual Fund,Open Ended Schemes,Equity Scheme - ELSS,28-01-2016,29.98320
120503,Axis ELSS Tax Saver Fund - Direct Plan - Growth Option,Axis Mutual Fund,Open Ended Schemes,Equity Scheme - ELSS,27-01-2016,30.10790
120503,Axis ELSS Tax Saver Fund - Direct Plan - Growth Option,Axis Mutual Fund,Open Ended Schemes,Equity Scheme - ELSS,25-01-2016,29.98930
120503,Axis ELSS Tax Saver Fund - Direct Plan - Growth Option,Axis Mutual Fund,Open Ended Schemes,Equity Scheme - ELSS,22-01-2016,29.75420
120503,Axis ELSS Tax Saver Fund - Direct Plan - Growth Option,Axis Mutual Fund,Open Ended Schemes,Equity Scheme - ELSS,21-01-2016,29.21320
120503,Axis ELSS Tax Saver Fund - Direct Plan - Growth Option,Axis Mutual Fund,Open Ended Schemes,Equity Scheme - ELSS,20-01-2016,29.32190
120503,Axis ELSS Tax Saver Fund - Direct Plan - Growth Option,Axis Mutual Fund,Open Ended Schemes,Equity Scheme - ELSS,19-01-2016,29.61930
120503,Axis ELSS Tax Saver Fund - Direct Plan - Growth Option,Axis Mutual Fund,Open Ended Schemes,Equity Scheme - ELSS,18-01-2016,29.35800
120503,Axis ELSS Tax Saver Fund - Direct Plan - Growth Option,Axis Mutual Fund,Open Ended Schemes,Equity Scheme - ELSS,15-01-2016,30.00610
120503,Axis ELSS Tax Saver Fund - Direct Plan - Growth Option,Axis Mutual Fund,Open Ended Schemes,Equity Scheme - ELSS,14-01-2016,30.41790
120503,Axis ELSS Tax Saver Fund - Direct Plan - Growth Option,Axis Mutual Fund,Open Ended Schemes,Equity Scheme - ELSS,13-01-2016,30.65320
120503,Axis ELSS Tax Saver Fund - Direct Plan - Growth Option,Axis Mutual Fund,Open Ended Schemes,Equity Scheme - ELSS,12-01-2016,30.66960
120503,Axis ELSS Tax Saver Fund - Direct Plan - Growth Option,Axis Mutual Fund,Open Ended Schemes,Equity Scheme - ELSS,11-01-2016,30.89950
120503,Axis ELSS Tax Saver Fund - Direct Plan - Growth Option,Axis Mutual Fund,Open Ended Schemes,Equity Scheme - ELSS,08-01-2016,31.11000
120503,Axis ELSS Tax Saver Fund - Direct Plan - Growth Option,Axis Mutual Fund,Open Ended Schemes,Equity Scheme - ELSS,07-01-2016,30.93560
120503,Axis ELSS Tax Saver Fund - Direct Plan - Growth Option,Axis Mutual Fund,Open Ended Schemes,Equity Scheme - ELSS,06-01-2016,31.43290
120503,Axis ELSS Tax Saver Fund - Direct Plan - Growth Option,Axis Mutual Fund,Open Ended Schemes,Equity Scheme - ELSS,05-01-2016,31.42370
120503,Axis ELSS Tax Saver Fund - Direct Plan - Growth Option,Axis Mutual Fund,Open Ended Schemes,Equity Scheme - ELSS,04-01-2016,31.48080
120503,Axis ELSS Tax Saver Fund - Direct Plan - Growth Option,Axis Mutual Fund,Open Ended Schemes,Equity Scheme - ELSS,01-01-2016,31.91470
120503,Axis ELSS Tax Saver Fund - Direct Plan - Growth Option,Axis Mutual Fund,Open Ended Schemes,Equity Scheme - ELSS,31-12-2015,31.74240
120503,Axis ELSS Tax Saver Fund - Direct Plan - Growth Option,Axis Mutual Fund,Open Ended Schemes,Equity Scheme - ELSS,30-12-2015,31.56050
120503,Axis ELSS Tax Saver Fund - Direct Plan - Growth Option,Axis Mutual Fund,Open Ended Schemes,Equity Scheme - ELSS,29-12-2015,31.64540
120503,Axis ELSS Tax Saver Fund - Direct Plan - Growth Option,Axis Mutual Fund,Open Ended Schemes,Equity Scheme - ELSS,28-12-2015,31.52300
120503,Axis ELSS Tax Saver Fund - Direct Plan - Growth Option,Axis Mutual Fund,Open Ended Schemes,Equity Scheme - ELSS,24-12-2015,31.32570
120503,Axis ELSS Tax Saver Fund - Direct Plan - Growth Option,Axis Mutual Fund,Open Ended Schemes,Equity Scheme - ELSS,23-12-2015,31.29910
120503,Axis ELSS Tax Saver Fund - Direct Plan - Growth Option,Axis Mutual Fund,Open Ended Schemes,Equity Scheme - ELSS,22-12-2015,31.05840
120503,Axis ELSS Tax Saver Fund - Direct Plan - Growth Option,Axis Mutual Fund,Open Ended Schemes,Equity Scheme - ELSS,21-12-2015,31.06220
120503,Axis ELSS Tax Saver Fund - Direct Plan - Growth Option,Axis Mutual Fund,Open Ended Schemes,Equity Scheme - ELSS,18-12-2015,31.08750
120503,Axis ELSS Tax Saver Fund - Direct Plan - Growth Option,Axis Mutual Fund,Open Ended Schemes,Equity Scheme - ELSS,17-12-2015,31.26500
120503,Axis ELSS Tax Saver Fund - Direct Plan - Growth Option,Axis Mutual Fund,Open Ended Schemes,Equity Scheme - ELSS,16-12-2015,30.80230
120503,Axis ELSS Tax Saver Fund - Direct Plan - Growth Option,Axis Mutual Fund,Open Ended Schemes,Equity Scheme - ELSS,15-12-2015,30.64590
120503,Axis ELSS Tax Saver Fund - Direct Plan - Growth Option,Axis Mutual Fund,Open Ended Schemes,Equity Scheme - ELSS,14-12-2015,30.40390
120503,Axis ELSS Tax Saver Fund - Direct Plan - Growth Option,Axis Mutual Fund,Open Ended Schemes,Equity Scheme - ELSS,11-12-2015,30.28250
120503,Axis ELSS Tax Saver Fund - Direct Plan - Growth Option,Axis Mutual Fund,Open Ended Schemes,Equity Scheme - ELSS,10-12-2015,30.54990
120503,Axis ELSS Tax Saver Fund - Direct Plan - Growth Option,Axis Mutual Fund,Open Ended Schemes,Equity Scheme - ELSS,09-12-2015,30.37660
120503,Axis ELSS Tax Saver Fund - Direct Plan - Growth Option,Axis Mutual Fund,Open Ended Schemes,Equity Scheme - ELSS,08-12-2015,30.67970
120503,Axis ELSS Tax Saver Fund - Direct Plan - Growth Option,Axis Mutual Fund,Open Ended Schemes,Equity Scheme - ELSS,07-12-2015,30.86440
120503,Axis ELSS Tax Saver Fund - Direct Plan - Growth Option,Axis Mutual Fund,Open Ended Schemes,Equity Scheme - ELSS,04-12-2015,30.78050
120503,Axis ELSS Tax Saver Fund - Direct Plan - Growth Option,Axis Mutual Fund,Open Ended Schemes,Equity Scheme - ELSS,03-12-2015,30.98600
120503,Axis ELSS Tax Saver Fund - Direct Plan - Growth Option,Axis Mutual Fund,Open Ended Schemes,Equity Scheme - ELSS,02-12-2015,31.14980
120503,Axis ELSS Tax Saver Fund - Direct Plan - Growth Option,Axis Mutual Fund,Open Ended Schemes,Equity Scheme - ELSS,01-12-2015,31.27890
120503,Axis ELSS Tax Saver Fund - Direct Plan - Growth Option,Axis Mutual Fund,Open Ended Schemes,Equity Scheme - ELSS,30-11-2015,31.19530
120503,Axis ELSS Tax Saver Fund - Direct Plan - Growth Option,Axis Mutual Fund,Open Ended Schemes,Equity Scheme - ELSS,27-11-2015,31.23580
120503,Axis ELSS Tax Saver Fund - Direct Plan - Growth Option,Axis Mutual Fund,Open Ended Schemes,Equity Scheme - ELSS,26-11-2015,31.01370
120503,Axis ELSS Tax Saver Fund - Direct Plan - Growth Option,Axis Mutual Fund,Open Ended Schemes,Equity Scheme - ELSS,24-11-2015,31.01880
120503,Axis ELSS Tax Saver Fund - Direct Plan - Growth Option,Axis Mutual Fund,Open Ended Schemes,Equity Scheme - ELSS,23-11-2015,31.15610
120503,Axis ELSS Tax Saver Fund - Direct Plan - Growth Option,Axis Mutual Fund,Open Ended Schemes,Equity Scheme - ELSS,20-11-2015,31.26540
120503,Axis ELSS Tax Saver Fund - Direct Plan - Growth Option,Axis Mutual Fund,Open Ended Schemes,Equity Scheme - ELSS,19-11-2015,31.15860
120503,Axis ELSS Tax Saver Fund - Direct Plan - Growth Option,Axis Mutual Fund,Open Ended Schemes,Equity Scheme - ELSS,18-11-2015,30.68240
120503,Axis ELSS Tax Saver Fund - Direct Plan - Growth Option,Axis Mutual Fund,Open Ended Schemes,Equity Scheme - ELSS,17-11-2015,30.78130
120503,Axis ELSS Tax Saver Fund - Direct Plan - Growth Option,Axis Mutual Fund,Open Ended Schemes,Equity Scheme - ELSS,16-11-2015,30.56760
120503,Axis ELSS Tax Saver Fund - Direct Plan - Growth Option,Axis Mutual Fund,Open Ended Schemes,Equity Scheme - ELSS,13-11-2015,30.59010
120503,Axis ELSS Tax Saver Fund - Direct Plan - Growth Option,Axis Mutual Fund,Open Ended Schemes,Equity Scheme - ELSS,10-11-2015,30.58020
120503,Axis ELSS Tax Saver Fund - Direct Plan - Growth Option,Axis Mutual Fund,Open Ended Schemes,Equity Scheme - ELSS,09-11-2015,30.95350
120503,Axis ELSS Tax Saver Fund - Direct Plan - Growth Option,Axis Mutual Fund,Open Ended Schemes,Equity Scheme - ELSS,06-11-2015,31.06760
120503,Axis ELSS Tax Saver Fund - Direct Plan - Growth Option,Axis Mutual Fund,Open Ended Schemes,Equity Scheme - ELSS,05-11-2015,31.22150
120503,Axis ELSS Tax Saver Fund - Direct Plan - Growth Option,Axis Mutual Fund,Open Ended Schemes,Equity Scheme - ELSS,04-11-2015,31.71510
120503,Axis ELSS Tax Saver Fund - Direct Plan - Growth Option,Axis Mutual Fund,Open Ended Schemes,Equity Scheme - ELSS,03-11-2015,31.87700
120503,Axis ELSS Tax Saver Fund - Direct Plan - Growth Option,Axis Mutual Fund,Open Ended Schemes,Equity Scheme - ELSS,02-11-2015,31.86130
120503,Axis ELSS Tax Saver Fund - Direct Plan - Growth Option,Axis Mutual Fund,Open Ended Schemes,Equity Scheme - ELSS,30-10-2015,32.01370
120503,Axis ELSS Tax Saver Fund - Direct Plan - Growth Option,Axis Mutual Fund,Open Ended Schemes,Equity Scheme - ELSS,29-10-2015,31.93640
120503,Axis ELSS Tax Saver Fund - Direct Plan - Growth Option,Axis Mutual Fund,Open Ended Schemes,Equity Scheme - ELSS,28-10-2015,32.11790
120503,Axis ELSS Tax Saver Fund - Direct Plan - Growth Option,Axis Mutual Fund,Open Ended Schemes,Equity Scheme - ELSS,27-10-2015,32.20860
120503,Axis ELSS Tax Saver Fund - Direct Plan - Growth Option,Axis Mutual Fund,Open Ended Schemes,Equity Scheme - ELSS,26-10-2015,32.19700
120503,Axis ELSS Tax Saver Fund - Direct Plan - Growth Option,Axis Mutual Fund,Open Ended Schemes,Equity Scheme - ELSS,23-10-2015,32.30060
120503,Axis ELSS Tax Saver Fund - Direct Plan - Growth Option,Axis Mutual Fund,Open Ended Schemes,Equity Scheme - ELSS,21-10-2015,32.28410
120503,Axis ELSS Tax Saver Fund - Direct Plan - Growth Option,Axis Mutual Fund,Open Ended Schemes,Equity Scheme - ELSS,20-10-2015,32.39400
120503,Axis ELSS Tax Saver Fund - Direct Plan - Growth Option,Axis Mutual Fund,Open Ended Schemes,Equity Scheme - ELSS,19-10-2015,32.20970
120503,Axis ELSS Tax Saver Fund - Direct Plan - Growth Option,Axis Mutual Fund,Open Ended Schemes,Equity Scheme - ELSS,16-10-2015,32.16440
120503,Axis ELSS Tax Saver Fund - Direct Plan - Growth Option,Axis Mutual Fund,Open Ended Schemes,Equity Scheme - ELSS,15-10-2015,32.01800
120503,Axis ELSS Tax Saver Fund - Direct Plan - Growth Option,Axis Mutual Fund,Open Ended Schemes,Equity Scheme - ELSS,14-10-2015,31.95080
120503,Axis ELSS Tax Saver Fund - Direct Plan - Growth Option,Axis Mutual Fund,Open Ended Schemes,Equity Scheme - ELSS,13-10-2015,31.91820
120503,Axis ELSS Tax Saver Fund - Direct Plan - Growth Option,Axis Mutual Fund,Open Ended Schemes,Equity Scheme - ELSS,12-10-2015,32.00150
120503,Axis ELSS Tax Saver Fund - Direct Plan - Growth Option,Axis Mutual Fund,Open Ended Schemes,Equity Scheme - ELSS,09-10-2015,32.06190
120503,Axis ELSS Tax Saver Fund - Direct Plan - Growth Option,Axis Mutual Fund,Open Ended Schemes,Equity Scheme - ELSS,08-10-2015,32.01080
120503,Axis ELSS Tax Saver Fund - Direct Plan - Growth Option,Axis Mutual Fund,Open Ended Schemes,Equity Scheme - ELSS,07-10-2015,32.13950
120503,Axis ELSS Tax Saver Fund - Direct Plan - Growth Option,Axis Mutual Fund,Open Ended Schemes,Equity Scheme - ELSS,06-10-2015,32.07780
120503,Axis ELSS Tax Saver Fund - Direct Plan - Growth Option,Axis Mutual Fund,Open Ended Schemes,Equity Scheme - ELSS,05-10-2015,32.08540
120503,Axis ELSS Tax Saver Fund - Direct Plan - Growth Option,Axis Mutual Fund,Open Ended Schemes,Equity Scheme - ELSS,01-10-2015,31.67070
120503,Axis ELSS Tax Saver Fund - Direct Plan - Growth Option,Axis Mutual Fund,Open Ended Schemes,Equity Scheme - ELSS,30-09-2015,31.66340
120503,Axis ELSS Tax Saver Fund - Direct Plan - Growth Option,Axis Mutual Fund,Open Ended Schemes,Equity Scheme - ELSS,29-09-2015,31.50430
120503,Axis ELSS Tax Saver Fund - Direct Plan - Growth Option,Axis Mutual Fund,Open Ended Schemes,Equity Scheme - ELSS,28-09-2015,31.41180
120503,Axis ELSS Tax Saver Fund - Direct Plan - Growth Option,Axis Mutual Fund,Open Ended Schemes,Equity Scheme - ELSS,24-09-2015,31.64220
120503,Axis ELSS Tax Saver Fund - Direct Plan - Growth Option,Axis Mutual Fund,Open Ended Schemes,Equity Scheme - ELSS,23-09-2015,31.46790
120503,Axis ELSS Tax Saver Fund - Direct Plan - Growth Option,Axis Mutual Fund,Open Ended Schemes,Equity Scheme - ELSS,22-09-2015,31.33240
120503,Axis ELSS Tax Saver Fund - Direct Plan - Growth Option,Axis Mutual Fund,Open Ended Schemes,Equity Scheme - ELSS,21-09-2015,31.85380
120503,Axis ELSS Tax Saver Fund - Direct Plan - Growth Option,Axis Mutual Fund,Open Ended Schemes,Equity Scheme - ELSS,18-09-2015,31.77320
120503,Axis ELSS Tax Saver Fund - Direct Plan - Growth Option,Axis Mutual Fund,Open Ended Schemes,Equity Scheme - ELSS,16-09-2015,31.32230
120503,Axis ELSS Tax Saver Fund - Direct Plan - Growth Option,Axis Mutual Fund,Open Ended Schemes,Equity Scheme - ELSS,15-09-2015,31.27330
120503,Axis ELSS Tax Saver Fund - Direct Plan - Growth Option,Axis Mutual Fund,Open Ended Schemes,Equity Scheme - ELSS,14-09-2015,31.35150
120503,Axis ELSS Tax Saver Fund - Direct Plan - Growth Option,Axis Mutual Fund,Open Ended Schemes,Equity Scheme - ELSS,11-09-2015,31.14770
120503,Axis ELSS Tax Saver Fund - Direct Plan - Growth Option,Axis Mutual Fund,Open Ended Schemes,Equity Scheme - ELSS,10-09-2015,31.15560
120503,Axis ELSS Tax Saver Fund - Direct Plan - Growth Option,Axis Mutual Fund,Open Ended Schemes,Equity Scheme - ELSS,09-09-2015,31.16320
120503,Axis ELSS Tax Saver Fund - Direct Plan - Growth Option,Axis Mutual Fund,Open Ended Schemes,Equity Scheme - ELSS,08-09-2015,30.68460
120503,Axis ELSS Tax Saver Fund - Direct Plan - Growth Option,Axis Mutual Fund,Open Ended Schemes,Equity Scheme - ELSS,07-09-2015,30.50630
120503,Axis ELSS Tax Saver Fund - Direct Plan - Growth Option,Axis Mutual Fund,Open Ended Schemes,Equity Scheme - ELSS,04-09-2015,30.91800
120503,Axis ELSS Tax Saver Fund - Direct Plan - Growth Option,Axis Mutual Fund,Open Ended Schemes,Equity Scheme - ELSS,03-09-2015,31.53280
120503,Axis ELSS Tax Saver Fund - Direct Plan - Growth Option,Axis Mutual Fund,Open Ended Schemes,Equity Scheme - ELSS,02-09-2015,31.19150
120503,Axis ELSS Tax Saver Fund - Direct Plan - Growth Option,Axis Mutual Fund,Open Ended Schemes,Equity Scheme - ELSS,01-09-2015,31.17410
120503,Axis ELSS Tax Saver Fund - Direct Plan - Growth Option,Axis Mutual Fund,Open Ended Schemes,Equity Scheme - ELSS,31-08-2015,31.79040
120503,Axis ELSS Tax Saver Fund - Direct Plan - Growth Option,Axis Mutual Fund,Open Ended Schemes,Equity Scheme - ELSS,28-08-2015,31.88360
120503,Axis ELSS Tax Saver Fund - Direct Plan - Growth Option,Axis Mutual Fund,Open Ended Schemes,Equity Scheme - ELSS,27-08-2015,31.82710
120503,Axis ELSS Tax Saver Fund - Direct Plan - Growth Option,Axis Mutual Fund,Open Ended Schemes,Equity Scheme - ELSS,26-08-2015,31.02870
120503,Axis ELSS Tax Saver Fund - Direct Plan - Growth Option,Axis Mutual Fund,Open Ended Schemes,Equity Scheme - ELSS,25-08-2015,31.32890
120503,Axis ELSS Tax Saver Fund - Direct Plan - Growth Option,Axis Mutual Fund,Open Ended Schemes,Equity Scheme - ELSS,24-08-2015,31.22140
120503,Axis ELSS Tax Saver Fund - Direct Plan - Growth Option,Axis Mutual Fund,Open Ended Schemes,Equity Scheme - ELSS,21-08-2015,33.25790
120503,Axis ELSS Tax Saver Fund - Direct Plan - Growth Option,Axis Mutual Fund,Open Ended Schemes,Equity Scheme - ELSS,20-08-2015,33.49630
120503,Axis ELSS Tax Saver Fund - Direct Plan - Growth Option,Axis Mutual Fund,Open Ended Schemes,Equity Scheme - ELSS,19-08-2015,33.91520
120503,Axis ELSS Tax Saver Fund - Direct Plan - Growth Option,Axis Mutual Fund,Open Ended Schemes,Equity Scheme - ELSS,18-08-2015,33.64600
120503,Axis ELSS Tax Saver Fund - Direct Plan - Growth Option,Axis Mutual Fund,Open Ended Schemes,Equity Scheme - ELSS,17-08-2015,33.55120
120503,Axis ELSS Tax Saver Fund - Direct Plan - Growth Option,Axis Mutual Fund,Open Ended Schemes,Equity Scheme - ELSS,14-08-2015,33.50720
120503,Axis ELSS Tax Saver Fund - Direct Plan - Growth Option,Axis Mutual Fund,Open Ended Schemes,Equity Scheme - ELSS,13-08-2015,32.88640
120503,Axis ELSS Tax Saver Fund - Direct Plan - Growth Option,Axis Mutual Fund,Open Ended Schemes,Equity Scheme - ELSS,12-08-2015,32.84220
120503,Axis ELSS Tax Saver Fund - Direct Plan - Growth Option,Axis Mutual Fund,Open Ended Schemes,Equity Scheme - ELSS,11-08-2015,33.23140
120503,Axis ELSS Tax Saver Fund - Direct Plan - Growth Option,Axis Mutual Fund,Open Ended Schemes,Equity Scheme - ELSS,10-08-2015,33.32640
120503,Axis ELSS Tax Saver Fund - Direct Plan - Growth Option,Axis Mutual Fund,Open Ended Schemes,Equity Scheme - ELSS,07-08-2015,33.41990
120503,Axis ELSS Tax Saver Fund - Direct Plan - Growth Option,Axis Mutual Fund,Open Ended Schemes,Equity Scheme - ELSS,06-08-2015,33.37430
120503,Axis ELSS Tax Saver Fund - Direct Plan - Growth Option,Axis Mutual Fund,Open Ended Schemes,Equity Scheme - ELSS,05-08-2015,33.25220
120503,Axis ELSS Tax Saver Fund - Direct Plan - Growth Option,Axis Mutual Fund,Open Ended Schemes,Equity Scheme - ELSS,04-08-2015,32.81230
120503,Axis ELSS Tax Saver Fund - Direct Plan - Growth Option,Axis Mutual Fund,Open Ended Schemes,Equity Scheme - ELSS,03-08-2015,32.46810
120503,Axis ELSS Tax Saver Fund - Direct Plan - Growth Option,Axis Mutual Fund,Open Ended Schemes,Equity Scheme - ELSS,31-07-2015,32.46700
120503,Axis ELSS Tax Saver Fund - Direct Plan - Growth Option,Axis Mutual Fund,Open Ended Schemes,Equity Scheme - ELSS,30-07-2015,32.34040
120503,Axis ELSS Tax Saver Fund - Direct Plan - Growth Option,Axis Mutual Fund,Open Ended Schemes,Equity Scheme - ELSS,29-07-2015,32.21030
120503,Axis ELSS Tax Saver Fund - Direct Plan - Growth Option,Axis Mutual Fund,Open Ended Schemes,Equity Scheme - ELSS,28-07-2015,31.92810
120503,Axis ELSS Tax Saver Fund - Direct Plan - Growth Option,Axis Mutual Fund,Open Ended Schemes,Equity Scheme - ELSS,27-07-2015,31.92800
120503,Axis ELSS Tax Saver Fund - Direct Plan - Growth Option,Axis Mutual Fund,Open Ended Schemes,Equity Scheme - ELSS,24-07-2015,32.32350
120503,Axis ELSS Tax Saver Fund - Direct Plan - Growth Option,Axis Mutual Fund,Open Ended Schemes,Equity Scheme - ELSS,23-07-2015,32.33570
120503,Axis ELSS Tax Saver Fund - Direct Plan - Growth Option,Axis Mutual Fund,Open Ended Schemes,Equity Scheme - ELSS,22-07-2015,32.49320
120503,Axis ELSS Tax Saver Fund - Direct Plan - Growth Option,Axis Mutual Fund,Open Ended Schemes,Equity Scheme - ELSS,21-07-2015,32.30620
120503,Axis ELSS Tax Saver Fund - Direct Plan - Growth Option,Axis Mutual Fund,Open Ended Schemes,Equity Scheme - ELSS,20-07-2015,32.80680
120503,Axis ELSS Tax Saver Fund - Direct Plan - Growth Option,Axis Mutual Fund,Open Ended Schemes,Equity Scheme - ELSS,17-07-2015,32.77460
120503,Axis ELSS Tax Saver Fund - Direct Plan - Growth Option,Axis Mutual Fund,Open Ended Schemes,Equity Scheme - ELSS,16-07-2015,32.75100
120503,Axis ELSS Tax Saver Fund - Direct Plan - Growth Option,Axis Mutual Fund,Open Ended Schemes,Equity Scheme - ELSS,15-07-2015,32.38620
120503,Axis ELSS Tax Saver Fund - Direct Plan - Growth Option,Axis Mutual Fund,Open Ended Schemes,Equity Scheme - ELSS,14-07-2015,32.13180
120503,Axis ELSS Tax Saver Fund - Direct Plan - Growth Option,Axis Mutual Fund,Open Ended Schemes,Equity Scheme - ELSS,13-07-2015,32.18290
120503,Axis ELSS Tax Saver Fund - Direct Plan - Growth Option,Axis Mutual Fund,Open Ended Schemes,Equity Scheme - ELSS,10-07-2015,31.81180
120503,Axis ELSS Tax Saver Fund - Direct Plan - Growth Option,Axis Mutual Fund,Open Ended Schemes,Equity Scheme - ELSS,09-07-2015,31.66630
120503,Axis ELSS Tax Saver Fund - Direct Plan - Growth Option,Axis Mutual Fund,Open Ended Schemes,Equity Scheme - ELSS,08-07-2015,31.78190
120503,Axis ELSS Tax Saver Fund - Direct Plan - Growth Option,Axis Mutual Fund,Open Ended Schemes,Equity Scheme - ELSS,07-07-2015,32.19240
120503,Axis ELSS Tax Saver Fund - Direct Plan - Growth Option,Axis Mutual Fund,Open Ended Schemes,Equity Scheme - ELSS,06-07-2015,32.10550
120503,Axis ELSS Tax Saver Fund - Direct Plan - Growth Option,Axis Mutual Fund,Open Ended Schemes,Equity Scheme - ELSS,03-07-2015,32.01960
120503,Axis ELSS Tax Saver Fund - Direct Plan - Growth Option,Axis Mutual Fund,Open Ended Schemes,Equity Scheme - ELSS,02-07-2015,32.01660
120503,Axis ELSS Tax Saver Fund - Direct Plan - Growth Option,Axis Mutual Fund,Open Ended Schemes,Equity Scheme - ELSS,01-07-2015,31.93870
120503,Axis ELSS Tax Saver Fund - Direct Plan - Growth Option,Axis Mutual Fund,Open Ended Schemes,Equity Scheme - ELSS,30-06-2015,31.65040
120503,Axis ELSS Tax Saver Fund - Direct Plan - Growth Option,Axis Mutual Fund,Open Ended Schemes,Equity Scheme - ELSS,29-06-2015,31.42680
120503,Axis ELSS Tax Saver Fund - Direct Plan - Growth Option,Axis Mutual Fund,Open Ended Schemes,Equity Scheme - ELSS,26-06-2015,31.79730
120503,Axis ELSS Tax Saver Fund - Direct Plan - Growth Option,Axis Mutual Fund,Open Ended Schemes,Equity Scheme - ELSS,25-06-2015,31.79980
120503,Axis ELSS Tax Saver Fund - Direct Plan - Growth Option,Axis Mutual Fund,Open Ended Schemes,Equity Scheme - ELSS,24-06-2015,31.61010
120503,Axis ELSS Tax Saver Fund - Direct Plan - Growth Option,Axis Mutual Fund,Open Ended Schemes,Equity Scheme - ELSS,23-06-2015,31.66850
120503,Axis ELSS Tax Saver Fund - Direct Plan - Growth Option,Axis Mutual Fund,Open Ended Schemes,Equity Scheme - ELSS,22-06-2015,31.54460
120503,Axis ELSS Tax Saver Fund - Direct Plan - Growth Option,Axis Mutual Fund,Open Ended Schemes,Equity Scheme - ELSS,19-06-2015,31.14880
120503,Axis ELSS Tax Saver Fund - Direct Plan - Growth Option,Axis Mutual Fund,Open Ended Schemes,Equity Scheme - ELSS,18-06-2015,31.00280
120503,Axis ELSS Tax Saver Fund - Direct Plan - Growth Option,Axis Mutual Fund,Open Ended Schemes,Equity Scheme - ELSS,17-06-2015,30.58070
120503,Axis ELSS Tax Saver Fund - Direct Plan - Growth Option,Axis Mutual Fund,Open Ended Schemes,Equity Scheme - ELSS,16-06-2015,30.28840
120503,Axis ELSS Tax Saver Fund - Direct Plan - Growth Option,Axis Mutual Fund,Open Ended Schemes,Equity Scheme - ELSS,15-06-2015,30.20650
120503,Axis ELSS Tax Saver Fund - Direct Plan - Growth Option,Axis Mutual Fund,Open Ended Schemes,Equity Scheme - ELSS,12-06-2015,30.09240
120503,Axis ELSS Tax Saver Fund - Direct Plan - Growth Option,Axis Mutual Fund,Open Ended Schemes,Equity Scheme - ELSS,11-06-2015,30.22490
120503,Axis ELSS Tax Saver Fund - Direct Plan - Growth Option,Axis Mutual Fund,Open Ended Schemes,Equity Scheme - ELSS,10-06-2015,30.68970
120503,Axis ELSS Tax Saver Fund - Direct Plan - Growth Option,Axis Mutual Fund,Open Ended Schemes,Equity Scheme - ELSS,09-06-2015,30.29000
120503,Axis ELSS Tax Saver Fund - Direct Plan - Growth Option,Axis Mutual Fund,Open Ended Schemes,Equity Scheme - ELSS,08-06-2015,30.42780
120503,Axis ELSS Tax Saver Fund - Direct Plan - Growth Option,Axis Mutual Fund,Open Ended Schemes,Equity Scheme - ELSS,05-06-2015,30.77980
120503,Axis ELSS Tax Saver Fund - Direct Plan - Growth Option,Axis Mutual Fund,Open Ended Schemes,Equity Scheme - ELSS,04-06-2015,30.81500
120503,Axis ELSS Tax Saver Fund - Direct Plan - Growth Option,Axis Mutual Fund,Open Ended Schemes,Equity Scheme - ELSS,03-06-2015,30.75760
120503,Axis ELSS Tax Saver Fund - Direct Plan - Growth Option,Axis Mutual Fund,Open Ended Schemes,Equity Scheme - ELSS,02-06-2015,31.11660
120503,Axis ELSS Tax Saver Fund - Direct Plan - Growth Option,Axis Mutual Fund,Open Ended Schemes,Equity Scheme - ELSS,01-06-2015,31.65860
120503,Axis ELSS Tax Saver Fund - Direct Plan - Growth Option,Axis Mutual Fund,Open Ended Schemes,Equity Scheme - ELSS,29-05-2015,31.84160
120503,Axis ELSS Tax Saver Fund - Direct Plan - Growth Option,Axis Mutual Fund,Open Ended Schemes,Equity Scheme - ELSS,28-05-2015,31.36620
120503,Axis ELSS Tax Saver Fund - Direct Plan - Growth Option,Axis Mutual Fund,Open Ended Schemes,Equity Scheme - ELSS,27-05-2015,31.47930
120503,Axis ELSS Tax Saver Fund - Direct Plan - Growth Option,Axis Mutual Fund,Open Ended Schemes,Equity Scheme - ELSS,26-05-2015,31.71680
120503,Axis ELSS Tax Saver Fund - Direct Plan - Growth Option,Axis Mutual Fund,Open Ended Schemes,Equity Scheme - ELSS,25-05-2015,31.92210
120503,Axis ELSS Tax Saver Fund - Direct Plan - Growth Option,Axis Mutual Fund,Open Ended Schemes,Equity Scheme - ELSS,22-05-2015,32.09020
120503,Axis ELSS Tax Saver Fund - Direct Plan - Growth Option,Axis Mutual Fund,Open Ended Schemes,Equity Scheme - ELSS,21-05-2015,31.91790
120503,Axis ELSS Tax Saver Fund - Direct Plan - Growth Option,Axis Mutual Fund,Open Ended Schemes,Equity Scheme - ELSS,20-05-2015,31.86500
120503,Axis ELSS Tax Saver Fund - Direct Plan - Growth Option,Axis Mutual Fund,Open Ended Schemes,Equity Scheme - ELSS,19-05-2015,31.69870
120503,Axis ELSS Tax Saver Fund - Direct Plan - Growth Option,Axis Mutual Fund,Open Ended Schemes,Equity Scheme - ELSS,18-05-2015,31.71150
120503,Axis ELSS Tax Saver Fund - Direct Plan - Growth Option,Axis Mutual Fund,Open Ended Schemes,Equity Scheme - ELSS,15-05-2015,31.47030
120503,Axis ELSS Tax Saver Fund - Direct Plan - Growth Option,Axis Mutual Fund,Open Ended Schemes,Equity Scheme - ELSS,14-05-2015,31.19690
120503,Axis ELSS Tax Saver Fund - Direct Plan - Growth Option,Axis Mutual Fund,Open Ended Schemes,Equity Scheme - ELSS,13-05-2015,31.12840
120503,Axis ELSS Tax Saver Fund - Direct Plan - Growth Option,Axis Mutual Fund,Open Ended Schemes,Equity Scheme - ELSS,12-05-2015,30.73200
120503,Axis ELSS Tax Saver Fund - Direct Plan - Growth Option,Axis Mutual Fund,Open Ended Schemes,Equity Scheme - ELSS,11-05-2015,31.22580
120503,Axis ELSS Tax Saver Fund - Direct Plan - Growth Option,Axis Mutual Fund,Open Ended Schemes,Equity Scheme - ELSS,08-05-2015,30.70780
120503,Axis ELSS Tax Saver Fund - Direct Plan - Growth Option,Axis Mutual Fund,Open Ended Schemes,Equity Scheme - ELSS,07-05-2015,30.17060
120503,Axis ELSS Tax Saver Fund - Direct Plan - Growth Option,Axis Mutual Fund,Open Ended Schemes,Equity Scheme - ELSS,06-05-2015,30.49400
120503,Axis ELSS Tax Saver Fund - Direct Plan - Growth Option,Axis Mutual Fund,Open Ended Schemes,Equity Scheme - ELSS,05-05-2015,31.32280
120503,Axis ELSS Tax Saver Fund - Direct Plan - Growth Option,Axis Mutual Fund,Open Ended Schemes,Equity Scheme - ELSS,04-05-2015,31.23590
120503,Axis ELSS Tax Saver Fund - Direct Plan - Growth Option,Axis Mutual Fund,Open Ended Schemes,Equity Scheme - ELSS,30-04-2015,30.89660
120503,Axis ELSS Tax Saver Fund - Direct Plan - Growth Option,Axis Mutual Fund,Open Ended Schemes,Equity Scheme - ELSS,29-04-2015,30.82900
120503,Axis ELSS Tax Saver Fund - Direct Plan - Growth Option,Axis Mutual Fund,Open Ended Schemes,Equity Scheme - ELSS,28-04-2015,30.63720
120503,Axis ELSS Tax Saver Fund - Direct Plan - Growth Option,Axis Mutual Fund,Open Ended Schemes,Equity Scheme - ELSS,27-04-2015,30.38030
120503,Axis ELSS Tax Saver Fund - Direct Plan - Growth Option,Axis Mutual Fund,Open Ended Schemes,Equity Scheme - ELSS,24-04-2015,30.86480
120503,Axis ELSS Tax Saver Fund - Direct Plan - Growth Option,Axis Mutual Fund,Open Ended Schemes,Equity Scheme - ELSS,23-04-2015,31.47370
120503,Axis ELSS Tax Saver Fund - Direct Plan - Growth Option,Axis Mutual Fund,Open Ended Schemes,Equity Scheme - ELSS,22-04-2015,31.51420
120503,Axis ELSS Tax Saver Fund - Direct Plan - Growth Option,Axis Mutual Fund,Open Ended Schemes,Equity Scheme - ELSS,21-04-2015,31.50930
120503,Axis ELSS Tax Saver Fund - Direct Plan - Growth Option,Axis Mutual Fund,Open Ended Schemes,Equity Scheme - ELSS,20-04-2015,31.87380
120503,Axis ELSS Tax Saver Fund - Direct Plan - Growth Option,Axis Mutual Fund,Open Ended Schemes,Equity Scheme - ELSS,17-04-2015,32.30580
120503,Axis ELSS Tax Saver Fund - Direct Plan - Growth Option,Axis Mutual Fund,Open Ended Schemes,Equity Scheme - ELSS,16-04-2015,32.82640
120503,Axis ELSS Tax Saver Fund - Direct Plan - Growth Option,Axis Mutual Fund,Open Ended Schemes,Equity Scheme - ELSS,15-04-2015,33.05150
120503,Axis ELSS Tax Saver Fund - Direct Plan - Growth Option,Axis Mutual Fund,Open Ended Schemes,Equity Scheme - ELSS,13-04-2015,33.28230
120503,Axis ELSS Tax Saver Fund - Direct Plan - Growth Option,Axis Mutual Fund,Open Ended Schemes,Equity Scheme - ELSS,10-04-2015,33.13600
120503,Axis ELSS Tax Saver Fund - Direct Plan - Growth Option,Axis Mutual Fund,Open Ended Schemes,Equity Scheme - ELSS,09-04-2015,33.19820
120503,Axis ELSS Tax Saver Fund - Direct Plan - Growth Option,Axis Mutual Fund,Open Ended Schemes,Equity Scheme - ELSS,08-04-2015,32.92730
120503,Axis ELSS Tax Saver Fund - Direct Plan - Growth Option,Axis Mutual Fund,Open Ended Schemes,Equity Scheme - ELSS,07-04-2015,32.68570
120503,Axis ELSS Tax Saver Fund - Direct Plan - Growth Option,Axis Mutual Fund,Open Ended Schemes,Equity Scheme - ELSS,06-04-2015,32.68690
120503,Axis ELSS Tax Saver Fund - Direct Plan - Growth Option,Axis Mutual Fund,Open Ended Schemes,Equity Scheme - ELSS,01-04-2015,32.33010
120503,Axis ELSS Tax Saver Fund - Direct Plan - Growth Option,Axis Mutual Fund,Open Ended Schemes,Equity Scheme - ELSS,31-03-2015,31.94630
120503,Axis ELSS Tax Saver Fund - Direct Plan - Growth Option,Axis Mutual Fund,Open Ended Schemes,Equity Scheme - ELSS,30-03-2015,31.90600
120503,Axis ELSS Tax Saver Fund - Direct Plan - Growth Option,Axis Mutual Fund,Open Ended Schemes,Equity Scheme - ELSS,27-03-2015,31.41440
120503,Axis ELSS Tax Saver Fund - Direct Plan - Growth Option,Axis Mutual Fund,Open Ended Schemes,Equity Scheme - ELSS,26-03-2015,31.38850
120503,Axis ELSS Tax Saver Fund - Direct Plan - Growth Option,Axis Mutual Fund,Open Ended Schemes,Equity Scheme - ELSS,25-03-2015,31.88630
120503,Axis ELSS Tax Saver Fund - Direct Plan - Growth Option,Axis Mutual Fund,Open Ended Schemes,Equity Scheme - ELSS,24-03-2015,32.16880
120503,Axis ELSS Tax Saver Fund - Direct Plan - Growth Option,Axis Mutual Fund,Open Ended Schemes,Equity Scheme - ELSS,23-03-2015,32.22280
120503,Axis ELSS Tax Saver Fund - Direct Plan - Growth Option,Axis Mutual Fund,Open Ended Schemes,Equity Scheme - ELSS,20-03-2015,32.36910
120503,Axis ELSS Tax Saver Fund - Direct Plan - Growth Option,Axis Mutual Fund,Open Ended Schemes,Equity Scheme - ELSS,19-03-2015,32.48660
120503,Axis ELSS Tax Saver Fund - Direct Plan - Growth Option,Axis Mutual Fund,Open Ended Schemes,Equity Scheme - ELSS,18-03-2015,32.55530
120503,Axis ELSS Tax Saver Fund - Direct Plan - Growth Option,Axis Mutual Fund,Open Ended Schemes,Equity Scheme - ELSS,17-03-2015,32.58960
120503,Axis ELSS Tax Saver Fund - Direct Plan - Growth Option,Axis Mutual Fund,Open Ended Schemes,Equity Scheme - ELSS,16-03-2015,32.20820
120503,Axis ELSS Tax Saver Fund - Direct Plan - Growth Option,Axis Mutual Fund,Open Ended Schemes,Equity Scheme - ELSS,13-03-2015,32.30250
120503,Axis ELSS Tax Saver Fund - Direct Plan - Growth Option,Axis Mutual Fund,Open Ended Schemes,Equity Scheme - ELSS,12-03-2015,32.69530
120503,Axis ELSS Tax Saver Fund - Direct Plan - Growth Option,Axis Mutual Fund,Open Ended Schemes,Equity Scheme - ELSS,11-03-2015,32.42260
120503,Axis ELSS Tax Saver Fund - Direct Plan - Growth Option,Axis Mutual Fund,Open Ended Schemes,Equity Scheme - ELSS,10-03-2015,32.43920
120503,Axis ELSS Tax Saver Fund - Direct Plan - Growth Option,Axis Mutual Fund,Open Ended Schemes,Equity Scheme - ELSS,09-03-2015,32.65330
120503,Axis ELSS Tax Saver Fund - Direct Plan - Growth Option,Axis Mutual Fund,Open Ended Schemes,Equity Scheme - ELSS,05-03-2015,33.09070
120503,Axis ELSS Tax Saver Fund - Direct Plan - Growth Option,Axis Mutual Fund,Open Ended Schemes,Equity Scheme - ELSS,04-03-2015,32.68890
120503,Axis ELSS Tax Saver Fund - Direct Plan - Growth Option,Axis Mutual Fund,Open Ended Schemes,Equity Scheme - ELSS,03-03-2015,32.75110
120503,Axis ELSS Tax Saver Fund - Direct Plan - Growth Option,Axis Mutual Fund,Open Ended Schemes,Equity Scheme - ELSS,02-03-2015,32.33200
120503,Axis ELSS Tax Saver Fund - Direct Plan - Growth Option,Axis Mutual Fund,Open Ended Schemes,Equity Scheme - ELSS,27-02-2015,31.61000
120503,Axis ELSS Tax Saver Fund - Direct Plan - Growth Option,Axis Mutual Fund,Open Ended Schemes,Equity Scheme - ELSS,26-02-2015,31.14190
120503,Axis ELSS Tax Saver Fund - Direct Plan - Growth Option,Axis Mutual Fund,Open Ended Schemes,Equity Scheme - ELSS,25-02-2015,31.52830
120503,Axis ELSS Tax Saver Fund - Direct Plan - Growth Option,Axis Mutual Fund,Open Ended Schemes,Equity Scheme - ELSS,24-02-2015,31.67260
120503,Axis ELSS Tax Saver Fund - Direct Plan - Growth Option,Axis Mutual Fund,Open Ended Schemes,Equity Scheme - ELSS,23-02-2015,31.64490
120503,Axis ELSS Tax Saver Fund - Direct Plan - Growth Option,Axis Mutual Fund,Open Ended Schemes,Equity Scheme - ELSS,20-02-2015,31.78860
120503,Axis ELSS Tax Saver Fund - Direct Plan - Growth Option,Axis Mutual Fund,Open Ended Schemes,Equity Scheme - ELSS,19-02-2015,31.95220
120503,Axis ELSS Tax Saver Fund - Direct Plan - Growth Option,Axis Mutual Fund,Open Ended Schemes,Equity Scheme - ELSS,18-02-2015,31.89780
120503,Axis ELSS Tax Saver Fund - Direct Plan - Growth Option,Axis Mutual Fund,Open Ended Schemes,Equity Scheme - ELSS,16-02-2015,31.44580
120503,Axis ELSS Tax Saver Fund - Direct Plan - Growth Option,Axis Mutual Fund,Open Ended Schemes,Equity Scheme - ELSS,13-02-2015,31.41800
120503,Axis ELSS Tax Saver Fund - Direct Plan - Growth Option,Axis Mutual Fund,Open Ended Schemes,Equity Scheme - ELSS,12-02-2015,31.10780
120503,Axis ELSS Tax Saver Fund - Direct Plan - Growth Option,Axis Mutual Fund,Open Ended Schemes,Equity Scheme - ELSS,11-02-2015,30.77710
120503,Axis ELSS Tax Saver Fund - Direct Plan - Growth Option,Axis Mutual Fund,Open Ended Schemes,Equity Scheme - ELSS,10-02-2015,30.33350
120503,Axis ELSS Tax Saver Fund - Direct Plan - Growth Option,Axis Mutual Fund,Open Ended Schemes,Equity Scheme - ELSS,09-02-2015,30.23650
120503,Axis ELSS Tax Saver Fund - Direct Plan - Growth Option,Axis Mutual Fund,Open Ended Schemes,Equity Scheme - ELSS,06-02-2015,30.57130
120503,Axis ELSS Tax Saver Fund - Direct Plan - Growth Option,Axis Mutual Fund,Open Ended Schemes,Equity Scheme - ELSS,05-02-2015,30.88050
120503,Axis ELSS Tax Saver Fund - Direct Plan - Growth Option,Axis Mutual Fund,Open Ended Schemes,Equity Scheme - ELSS,04-02-2015,30.88190
120503,Axis ELSS Tax Saver Fund - Direct Plan - Growth Option,Axis Mutual Fund,Open Ended Schemes,Equity Scheme - ELSS,03-02-2015,31.12230
120503,Axis ELSS Tax Saver Fund - Direct Plan - Growth Option,Axis Mutual Fund,Open Ended Schemes,Equity Scheme - ELSS,02-02-2015,31.32090
120503,Axis ELSS Tax Saver Fund - Direct Plan - Growth Option,Axis Mutual Fund,Open Ended Schemes,Equity Scheme - ELSS,30-01-2015,31.25530
120503,Axis ELSS Tax Saver Fund - Direct Plan - Growth Option,Axis Mutual Fund,Open Ended Schemes,Equity Scheme - ELSS,29-01-2015,31.56770
120503,Axis ELSS Tax Saver Fund - Direct Plan - Growth Option,Axis Mutual Fund,Open Ended Schemes,Equity Scheme - ELSS,28-01-2015,31.67080
120503,Axis ELSS Tax Saver Fund - Direct Plan - Growth Option,Axis Mutual Fund,Open Ended Schemes,Equity Scheme - ELSS,27-01-2015,31.70960
120503,Axis ELSS Tax Saver Fund - Direct Plan - Growth Option,Axis Mutual Fund,Open Ended Schemes,Equity Scheme - ELSS,23-01-2015,31.29090
120503,Axis ELSS Tax Saver Fund - Direct Plan - Growth Option,Axis Mutual Fund,Open Ended Schemes,Equity Scheme - ELSS,22-01-2015,31.15370
120503,Axis ELSS Tax Saver Fund - Direct Plan - Growth Option,Axis Mutual Fund,Open Ended Schemes,Equity Scheme - ELSS,21-01-2015,31.12530
120503,Axis ELSS Tax Saver Fund - Direct Plan - Growth Option,Axis Mutual Fund,Open Ended Schemes,Equity Scheme - ELSS,20-01-2015,31.08590
120503,Axis ELSS Tax Saver Fund - Direct Plan - Growth Option,Axis Mutual Fund,Open Ended Schemes,Equity Scheme - ELSS,19-01-2015,30.95490
120503,Axis ELSS Tax Saver Fund - Direct Plan - Growth Option,Axis Mutual Fund,Open Ended Schemes,Equity Scheme - ELSS,16-01-2015,30.81470
120503,Axis ELSS Tax Saver Fund - Direct Plan - Growth Option,Axis Mutual Fund,Open Ended Schemes,Equity Scheme - ELSS,15-01-2015,30.61780
120503,Axis ELSS Tax Saver Fund - Direct Plan - Growth Option,Axis Mutual Fund,Open Ended Schemes,Equity Scheme - ELSS,14-01-2015,30.18170
120503,Axis ELSS Tax Saver Fund - Direct Plan - Growth Option,Axis Mutual Fund,Open Ended Schemes,Equity Scheme - ELSS,13-01-2015,30.05810
120503,Axis ELSS Tax Saver Fund - Direct Plan - Growth Option,Axis Mutual Fund,Open Ended Schemes,Equity Scheme - ELSS,12-01-2015,30.03420
120503,Axis ELSS Tax Saver Fund - Direct Plan - Growth Option,Axis Mutual Fund,Open Ended Schemes,Equity Scheme - ELSS,09-01-2015,29.82060
120503,Axis ELSS Tax Saver Fund - Direct Plan - Growth Option,Axis Mutual Fund,Open Ended Schemes,Equity Scheme - ELSS,08-01-2015,29.70280
120503,Axis ELSS Tax Saver Fund - Direct Plan - Growth Option,Axis Mutual Fund,Open Ended Schemes,Equity Scheme - ELSS,07-01-2015,29.27480
120503,Axis ELSS Tax Saver Fund - Direct Plan - Growth Option,Axis Mutual Fund,Open Ended Schemes,Equity Scheme - ELSS,06-01-2015,29.26770
120503,Axis ELSS Tax Saver Fund - Direct Plan - Growth Option,Axis Mutual Fund,Open Ended Schemes,Equity Scheme - ELSS,05-01-2015,29.98410
120503,Axis ELSS Tax Saver Fund - Direct Plan - Growth Option,Axis Mutual Fund,Open Ended Schemes,Equity Scheme - ELSS,02-01-2015,29.98720
120503,Axis ELSS Tax Saver Fund - Direct Plan - Growth Option,Axis Mutual Fund,Open Ended Schemes,Equity Scheme - ELSS,01-01-2015,29.57610
120503,Axis ELSS Tax Saver Fund - Direct Plan - Growth Option,Axis Mutual Fund,Open Ended Schemes,Equity Scheme - ELSS,31-12-2014,29.42760
120503,Axis ELSS Tax Saver Fund - Direct Plan - Growth Option,Axis Mutual Fund,Open Ended Schemes,Equity Scheme - ELSS,30-12-2014,29.19870
120503,Axis ELSS Tax Saver Fund - Direct Plan - Growth Option,Axis Mutual Fund,Open Ended Schemes,Equity Scheme - ELSS,29-12-2014,29.08450
120503,Axis ELSS Tax Saver Fund - Direct Plan - Growth Option,Axis Mutual Fund,Open Ended Schemes,Equity Scheme - ELSS,26-12-2014,28.83590
120503,Axis ELSS Tax Saver Fund - Direct Plan - Growth Option,Axis Mutual Fund,Open Ended Schemes,Equity Scheme - ELSS,24-12-2014,28.70470
120503,Axis ELSS Tax Saver Fund - Direct Plan - Growth Option,Axis Mutual Fund,Open Ended Schemes,Equity Scheme - ELSS,23-12-2014,28.92680
120503,Axis ELSS Tax Saver Fund - Direct Plan - Growth Option,Axis Mutual Fund,Open Ended Schemes,Equity Scheme - ELSS,22-12-2014,29.01770
120503,Axis ELSS Tax Saver Fund - Direct Plan - Growth Option,Axis Mutual Fund,Open Ended Schemes,Equity Scheme - ELSS,19-12-2014,28.79400
120503,Axis ELSS Tax Saver Fund - Direct Plan - Growth Option,Axis Mutual Fund,Open Ended Schemes,Equity Scheme - ELSS,18-12-2014,28.65290
120503,Axis ELSS Tax Saver Fund - Direct Plan - Growth Option,Axis Mutual Fund,Open Ended Schemes,Equity Scheme - ELSS,17-12-2014,27.99850
120503,Axis ELSS Tax Saver Fund - Direct Plan - Growth Option,Axis Mutual Fund,Open Ended Schemes,Equity Scheme - ELSS,16-12-2014,28.15710
120503,Axis ELSS Tax Saver Fund - Direct Plan - Growth Option,Axis Mutual Fund,Open Ended Schemes,Equity Scheme - ELSS,15-12-2014,28.66020
120503,Axis ELSS Tax Saver Fund - Direct Plan - Growth Option,Axis Mutual Fund,Open Ended Schemes,Equity Scheme - ELSS,12-12-2014,28.69580
120503,Axis ELSS Tax Saver Fund - Direct Plan - Growth Option,Axis Mutual Fund,Open Ended Schemes,Equity Scheme - ELSS,11-12-2014,28.90820
120503,Axis ELSS Tax Saver Fund - Direct Plan - Growth Option,Axis Mutual Fund,Open Ended Schemes,Equity Scheme - ELSS,10-12-2014,28.88660
120503,Axis ELSS Tax Saver Fund - Direct Plan - Growth Option,Axis Mutual Fund,Open Ended Schemes,Equity Scheme - ELSS,09-12-2014,28.88650
120503,Axis ELSS Tax Saver Fund - Direct Plan - Growth Option,Axis Mutual Fund,Open Ended Schemes,Equity Scheme - ELSS,08-12-2014,29.18790
120503,Axis ELSS Tax Saver Fund - Direct Plan - Growth Option,Axis Mutual Fund,Open Ended Schemes,Equity Scheme - ELSS,05-12-2014,29.33890
120503,Axis ELSS Tax Saver Fund - Direct Plan - Growth Option,Axis Mutual Fund,Open Ended Schemes,Equity Scheme - ELSS,04-12-2014,29.39110
120503,Axis ELSS Tax Saver Fund - Direct Plan - Growth Option,Axis Mutual Fund,Open Ended Schemes,Equity Scheme - ELSS,03-12-2014,29.24350
120503,Axis ELSS Tax Saver Fund - Direct Plan - Growth Option,Axis Mutual Fund,Open Ended Schemes,Equity Scheme - ELSS,02-12-2014,29.03150
120503,Axis ELSS Tax Saver Fund - Direct Plan - Growth Option,Axis Mutual Fund,Open Ended Schemes,Equity Scheme - ELSS,01-12-2014,28.98300
120503,Axis ELSS Tax Saver Fund - Direct Plan - Growth Option,Axis Mutual Fund,Open Ended Schemes,Equity Scheme - ELSS,28-11-2014,29.03110
120503,Axis ELSS Tax Saver Fund - Direct Plan - Growth Option,Axis Mutual Fund,Open Ended Schemes,Equity Scheme - ELSS,27-11-2014,28.70320
120503,Axis ELSS Tax Saver Fund - Direct Plan - Growth Option,Axis Mutual Fund,Open Ended Schemes,Equity Scheme - ELSS,26-11-2014,28.71610
120503,Axis ELSS Tax Saver Fund - Direct Plan - Growth Option,Axis Mutual Fund,Open Ended Schemes,Equity Scheme - ELSS,25-11-2014,28.70350
120503,Axis ELSS Tax Saver Fund - Direct Plan - Growth Option,Axis Mutual Fund,Open Ended Schemes,Equity Scheme - ELSS,24-11-2014,29.02430
120503,Axis ELSS Tax Saver Fund - Direct Plan - Growth Option,Axis Mutual Fund,Open Ended Schemes,Equity Scheme - ELSS,21-11-2014,28.98010
120503,Axis ELSS Tax Saver Fund - Direct Plan - Growth Option,Axis Mutual Fund,Open Ended Schemes,Equity Scheme - ELSS,20-11-2014,28.81980
120503,Axis ELSS Tax Saver Fund - Direct Plan - Growth Option,Axis Mutual Fund,Open Ended Schemes,Equity Scheme - ELSS,19-11-2014,28.73730
120503,Axis ELSS Tax Saver Fund - Direct Plan - Growth Option,Axis Mutual Fund,Open Ended Schemes,Equity Scheme - ELSS,18-11-2014,28.71000
120503,Axis ELSS Tax Saver Fund - Direct Plan - Growth Option,Axis Mutual Fund,Open Ended Schemes,Equity Scheme - ELSS,17-11-2014,28.61390
120503,Axis ELSS Tax Saver Fund - Direct Plan - Growth Option,Axis Mutual Fund,Open Ended Schemes,Equity Scheme - ELSS,14-11-2014,28.49320
120503,Axis ELSS Tax Saver Fund - Direct Plan - Growth Option,Axis Mutual Fund,Open Ended Schemes,Equity Scheme - ELSS,13-11-2014,28.34920
120503,Axis ELSS Tax Saver Fund - Direct Plan - Growth Option,Axis Mutual Fund,Open Ended Schemes,Equity Scheme - ELSS,12-11-2014,28.31930
120503,Axis ELSS Tax Saver Fund - Direct Plan - Growth Option,Axis Mutual Fund,Open Ended Schemes,Equity Scheme - ELSS,11-11-2014,28.23910
120503,Axis ELSS Tax Saver Fund - Direct Plan - Growth Option,Axis Mutual Fund,Open Ended Schemes,Equity Scheme - ELSS,10-11-2014,28.00420
120503,Axis ELSS Tax Saver Fund - Direct Plan - Growth Option,Axis Mutual Fund,Open Ended Schemes,Equity Scheme - ELSS,07-11-2014,28.00490
120503,Axis ELSS Tax Saver Fund - Direct Plan - Growth Option,Axis Mutual Fund,Open Ended Schemes,Equity Scheme - ELSS,05-11-2014,27.88470
120503,Axis ELSS Tax Saver Fund - Direct Plan - Growth Option,Axis Mutual Fund,Open Ended Schemes,Equity Scheme - ELSS,03-11-2014,27.77220
120503,Axis ELSS Tax Saver Fund - Direct Plan - Growth Option,Axis Mutual Fund,Open Ended Schemes,Equity Scheme - ELSS,31-10-2014,27.70750
120503,Axis ELSS Tax Saver Fund - Direct Plan - Growth Option,Axis Mutual Fund,Open Ended Schemes,Equity Scheme - ELSS,30-10-2014,27.29170
120503,Axis ELSS Tax Saver Fund - Direct Plan - Growth Option,Axis Mutual Fund,Open Ended Schemes,Equity Scheme - ELSS,29-10-2014,27.05440
120503,Axis ELSS Tax Saver Fund - Direct Plan - Growth Option,Axis Mutual Fund,Open Ended Schemes,Equity Scheme - ELSS,28-10-2014,26.97100
120503,Axis ELSS Tax Saver Fund - Direct Plan - Growth Option,Axis Mutual Fund,Open Ended Schemes,Equity Scheme - ELSS,27-10-2014,26.80940
120503,Axis ELSS Tax Saver Fund - Direct Plan - Growth Option,Axis Mutual Fund,Open Ended Schemes,Equity Scheme - ELSS,22-10-2014,26.56010
120503,Axis ELSS Tax Saver Fund - Direct Plan - Growth Option,Axis Mutual Fund,Open Ended Schemes,Equity Scheme - ELSS,21-10-2014,26.20670
120503,Axis ELSS Tax Saver Fund - Direct Plan - Growth Option,Axis Mutual Fund,Open Ended Schemes,Equity Scheme - ELSS,20-10-2014,25.90580
120503,Axis ELSS Tax Saver Fund - Direct Plan - Growth Option,Axis Mutual Fund,Open Ended Schemes,Equity Scheme - ELSS,17-10-2014,25.54070
120503,Axis ELSS Tax Saver Fund - Direct Plan - Growth Option,Axis Mutual Fund,Open Ended Schemes,Equity Scheme - ELSS,16-10-2014,25.54400
120503,Axis ELSS Tax Saver Fund - Direct Plan - Growth Option,Axis Mutual Fund,Open Ended Schemes,Equity Scheme - ELSS,14-10-2014,26.02960
120503,Axis ELSS Tax Saver Fund - Direct Plan - Growth Option,Axis Mutual Fund,Open Ended Schemes,Equity Scheme - ELSS,13-10-2014,26.13950
120503,Axis ELSS Tax Saver Fund - Direct Plan - Growth Option,Axis Mutual Fund,Open Ended Schemes,Equity Scheme - ELSS,10-10-2014,25.93560
120503,Axis ELSS Tax Saver Fund - Direct Plan - Growth Option,Axis Mutual Fund,Open Ended Schemes,Equity Scheme - ELSS,09-10-2014,26.36470
120503,Axis ELSS Tax Saver Fund - Direct Plan - Growth Option,Axis Mutual Fund,Open Ended Schemes,Equity Scheme - ELSS,08-10-2014,26.01090
120503,Axis ELSS Tax Saver Fund - Direct Plan - Growth Option,Axis Mutual Fund,Open Ended Schemes,Equity Scheme - ELSS,07-10-2014,26.13570
120503,Axis ELSS Tax Saver Fund - Direct Plan - Growth Option,Axis Mutual Fund,Open Ended Schemes,Equity Scheme - ELSS,01-10-2014,26.42620
120503,Axis ELSS Tax Saver Fund - Direct Plan - Growth Option,Axis Mutual Fund,Open Ended Schemes,Equity Scheme - ELSS,30-09-2014,26.50270
120503,Axis ELSS Tax Saver Fund - Direct Plan - Growth Option,Axis Mutual Fund,Open Ended Schemes,Equity Scheme - ELSS,29-09-2014,26.35270
120503,Axis ELSS Tax Saver Fund - Direct Plan - Growth Option,Axis Mutual Fund,Open Ended Schemes,Equity Scheme - ELSS,26-09-2014,26.19730
120503,Axis ELSS Tax Saver Fund - Direct Plan - Growth Option,Axis Mutual Fund,Open Ended Schemes,Equity Scheme - ELSS,25-09-2014,26.04410
120503,Axis ELSS Tax Saver Fund - Direct Plan - Growth Option,Axis Mutual Fund,Open Ended Schemes,Equity Scheme - ELSS,24-09-2014,26.32010
120503,Axis ELSS Tax Saver Fund - Direct Plan - Growth Option,Axis Mutual Fund,Open Ended Schemes,Equity Scheme - ELSS,23-09-2014,26.48860
120503,Axis ELSS Tax Saver Fund - Direct Plan - Growth Option,Axis Mutual Fund,Open Ended Schemes,Equity Scheme - ELSS,22-09-2014,26.85720
120503,Axis ELSS Tax Saver Fund - Direct Plan - Growth Option,Axis Mutual Fund,Open Ended Schemes,Equity Scheme - ELSS,19-09-2014,26.94570
120503,Axis ELSS Tax Saver Fund - Direct Plan - Growth Option,Axis Mutual Fund,Open Ended Schemes,Equity Scheme - ELSS,18-09-2014,26.74140
120503,Axis ELSS Tax Saver Fund - Direct Plan - Growth Option,Axis Mutual Fund,Open Ended Schemes,Equity Scheme - ELSS,17-09-2014,26.30400
120503,Axis ELSS Tax Saver Fund - Direct Plan - Growth Option,Axis Mutual Fund,Open Ended Schemes,Equity Scheme - ELSS,16-09-2014,26.28750
120503,Axis ELSS Tax Saver Fund - Direct Plan - Growth Option,Axis Mutual Fund,Open Ended Schemes,Equity Scheme - ELSS,15-09-2014,26.93390
120503,Axis ELSS Tax Saver Fund - Direct Plan - Growth Option,Axis Mutual Fund,Open Ended Schemes,Equity Scheme - ELSS,12-09-2014,27.02590
120503,Axis ELSS Tax Saver Fund - Direct Plan - Growth Option,Axis Mutual Fund,Open Ended Schemes,Equity Scheme - ELSS,11-09-2014,26.95130
120503,Axis ELSS Tax Saver Fund - Direct Plan - Growth Option,Axis Mutual Fund,Open Ended Schemes,Equity Scheme - ELSS,10-09-2014,26.69550
120503,Axis ELSS Tax Saver Fund - Direct Plan - Growth Option,Axis Mutual Fund,Open Ended Schemes,Equity Scheme - ELSS,09-09-2014,26.71980
120503,Axis ELSS Tax Saver Fund - Direct Plan - Growth Option,Axis Mutual Fund,Open Ended Schemes,Equity Scheme - ELSS,08-09-2014,26.67560
120503,Axis ELSS Tax Saver Fund - Direct Plan - Growth Option,Axis Mutual Fund,Open Ended Schemes,Equity Scheme - ELSS,05-09-2014,26.36540
120503,Axis ELSS Tax Saver Fund - Direct Plan - Growth Option,Axis Mutual Fund,Open Ended Schemes,Equity Scheme - ELSS,04-09-2014,26.32660
120503,Axis ELSS Tax Saver Fund - Direct Plan - Growth Option,Axis Mutual Fund,Open Ended Schemes,Equity Scheme - ELSS,03-09-2014,26.29960
120503,Axis ELSS Tax Saver Fund - Direct Plan - Growth Option,Axis Mutual Fund,Open Ended Schemes,Equity Scheme - ELSS,02-09-2014,26.11270
120503,Axis ELSS Tax Saver Fund - Direct Plan - Growth Option,Axis Mutual Fund,Open Ended Schemes,Equity Scheme - ELSS,01-09-2014,25.85670
120503,Axis ELSS Tax Saver Fund - Direct Plan - Growth Option,Axis Mutual Fund,Open Ended Schemes,Equity Scheme - ELSS,28-08-2014,25.64270
120503,Axis ELSS Tax Saver Fund - Direct Plan - Growth Option,Axis Mutual Fund,Open Ended Schemes,Equity Scheme - ELSS,27-08-2014,25.64230
120503,Axis ELSS Tax Saver Fund - Direct Plan - Growth Option,Axis Mutual Fund,Open Ended Schemes,Equity Scheme - ELSS,26-08-2014,25.48980
120503,Axis ELSS Tax Saver Fund - Direct Plan - Growth Option,Axis Mutual Fund,Open Ended Schemes,Equity Scheme - ELSS,25-08-2014,25.50330
120503,Axis ELSS Tax Saver Fund - Direct Plan - Growth Option,Axis Mutual Fund,Open Ended Schemes,Equity Scheme - ELSS,22-08-2014,25.36970
120503,Axis ELSS Tax Saver Fund - Direct Plan - Growth Option,Axis Mutual Fund,Open Ended Schemes,Equity Scheme - ELSS,21-08-2014,25.26490
120503,Axis ELSS Tax Saver Fund - Direct Plan - Growth Option,Axis Mutual Fund,Open Ended Schemes,Equity Scheme - ELSS,20-08-2014,25.11070
120503,Axis ELSS Tax Saver Fund - Direct Plan - Growth Option,Axis Mutual Fund,Open Ended Schemes,Equity Scheme - ELSS,19-08-2014,25.03090
120503,Axis ELSS Tax Saver Fund - Direct Plan - Growth Option,Axis Mutual Fund,Open Ended Schemes,Equity Scheme - ELSS,18-08-2014,24.75530
120503,Axis ELSS Tax Saver Fund - Direct Plan - Growth Option,Axis Mutual Fund,Open Ended Schemes,Equity Scheme - ELSS,14-08-2014,24.51980
120503,Axis ELSS Tax Saver Fund - Direct Plan - Growth Option,Axis Mutual Fund,Open Ended Schemes,Equity Scheme - ELSS,13-08-2014,24.38640
120503,Axis ELSS Tax Saver Fund - Direct Plan - Growth Option,Axis Mutual Fund,Open Ended Schemes,Equity Scheme - ELSS,12-08-2014,24.33870
120503,Axis ELSS Tax Saver Fund - Direct Plan - Growth Option,Axis Mutual Fund,Open Ended Schemes,Equity Scheme - ELSS,11-08-2014,24.08080
120503,Axis ELSS Tax Saver Fund - Direct Plan - Growth Option,Axis Mutual Fund,Open Ended Schemes,Equity Scheme - ELSS,08-08-2014,23.88910
120503,Axis ELSS Tax Saver Fund - Direct Plan - Growth Option,Axis Mutual Fund,Open Ended Schemes,Equity Scheme - ELSS,07-08-2014,24.17820
120503,Axis ELSS Tax Saver Fund - Direct Plan - Growth Option,Axis Mutual Fund,Open Ended Schemes,Equity Scheme - ELSS,06-08-2014,24.24790
120503,Axis ELSS Tax Saver Fund - Direct Plan - Growth Option,Axis Mutual Fund,Open Ended Schemes,Equity Scheme - ELSS,05-08-2014,24.30070
120503,Axis ELSS Tax Saver Fund - Direct Plan - Growth Option,Axis Mutual Fund,Open Ended Schemes,Equity Scheme - ELSS,04-08-2014,24.11190
120503,Axis ELSS Tax Saver Fund - Direct Plan - Growth Option,Axis Mutual Fund,Open Ended Schemes,Equity Scheme - ELSS,01-08-2014,23.93060
120503,Axis ELSS Tax Saver Fund - Direct Plan - Growth Option,Axis Mutual Fund,Open Ended Schemes,Equity Scheme - ELSS,31-07-2014,24.34420
120503,Axis ELSS Tax Saver Fund - Direct Plan - Growth Option,Axis Mutual Fund,Open Ended Schemes,Equity Scheme - ELSS,30-07-2014,24.49220
120503,Axis ELSS Tax Saver Fund - Direct Plan - Growth Option,Axis Mutual Fund,Open Ended Schemes,Equity Scheme - ELSS,28-07-2014,24.37900
120503,Axis ELSS Tax Saver Fund - Direct Plan - Growth Option,Axis Mutual Fund,Open Ended Schemes,Equity Scheme - ELSS,25-07-2014,24.40780
120503,Axis ELSS Tax Saver Fund - Direct Plan - Growth Option,Axis Mutual Fund,Open Ended Schemes,Equity Scheme - ELSS,24-07-2014,24.39070
120503,Axis ELSS Tax Saver Fund - Direct Plan - Growth Option,Axis Mutual Fund,Open Ended Schemes,Equity Scheme - ELSS,23-07-2014,24.33820
120503,Axis ELSS Tax Saver Fund - Direct Plan - Growth Option,Axis Mutual Fund,Open Ended Schemes,Equity Scheme - ELSS,22-07-2014,24.41440
120503,Axis ELSS Tax Saver Fund - Direct Plan - Growth Option,Axis Mutual Fund,Open Ended Schemes,Equity Scheme - ELSS,21-07-2014,24.32760
120503,Axis ELSS Tax Saver Fund - Direct Plan - Growth Option,Axis Mutual Fund,Open Ended Schemes,Equity Scheme - ELSS,18-07-2014,24.26640
120503,Axis ELSS Tax Saver Fund - Direct Plan - Growth Option,Axis Mutual Fund,Open Ended Schemes,Equity Scheme - ELSS,17-07-2014,24.22630
120503,Axis ELSS Tax Saver Fund - Direct Plan - Growth Option,Axis Mutual Fund,Open Ended Schemes,Equity Scheme - ELSS,16-07-2014,23.90100
120503,Axis ELSS Tax Saver Fund - Direct Plan - Growth Option,Axis Mutual Fund,Open Ended Schemes,Equity Scheme - ELSS,15-07-2014,23.60000
120503,Axis ELSS Tax Saver Fund - Direct Plan - Growth Option,Axis Mutual Fund,Open Ended Schemes,Equity Scheme - ELSS,14-07-2014,23.20510
120503,Axis ELSS Tax Saver Fund - Direct Plan - Growth Option,Axis Mutual Fund,Open Ended Schemes,Equity Scheme - ELSS,11-07-2014,23.23460
120503,Axis ELSS Tax Saver Fund - Direct Plan - Growth Option,Axis Mutual Fund,Open Ended Schemes,Equity Scheme - ELSS,10-07-2014,23.51460
120503,Axis ELSS Tax Saver Fund - Direct Plan - Growth Option,Axis Mutual Fund,Open Ended Schemes,Equity Scheme - ELSS,09-07-2014,23.43130
120503,Axis ELSS Tax Saver Fund - Direct Plan - Growth Option,Axis Mutual Fund,Open Ended Schemes,Equity Scheme - ELSS,08-07-2014,23.71860
120503,Axis ELSS Tax Saver Fund - Direct Plan - Growth Option,Axis Mutual Fund,Open Ended Schemes,Equity Scheme - ELSS,07-07-2014,24.27500
120503,Axis ELSS Tax Saver Fund - Direct Plan - Growth Option,Axis Mutual Fund,Open Ended Schemes,Equity Scheme - ELSS,04-07-2014,24.29670
120503,Axis ELSS Tax Saver Fund - Direct Plan - Growth Option,Axis Mutual Fund,Open Ended Schemes,Equity Scheme - ELSS,03-07-2014,24.19790
120503,Axis ELSS Tax Saver Fund - Direct Plan - Growth Option,Axis Mutual Fund,Open Ended Schemes,Equity Scheme - ELSS,02-07-2014,24.01600
120503,Axis ELSS Tax Saver Fund - Direct Plan - Growth Option,Axis Mutual Fund,Open Ended Schemes,Equity Scheme - ELSS,01-07-2014,23.65440
120503,Axis ELSS Tax Saver Fund - Direct Plan - Growth Option,Axis Mutual Fund,Open Ended Schemes,Equity Scheme - ELSS,30-06-2014,23.40510
120503,Axis ELSS Tax Saver Fund - Direct Plan - Growth Option,Axis Mutual Fund,Open Ended Schemes,Equity Scheme - ELSS,27-06-2014,23.05600
120503,Axis ELSS Tax Saver Fund - Direct Plan - Growth Option,Axis Mutual Fund,Open Ended Schemes,Equity Scheme - ELSS,26-06-2014,22.85920
120503,Axis ELSS Tax Saver Fund - Direct Plan - Growth Option,Axis Mutual Fund,Open Ended Schemes,Equity Scheme - ELSS,25-06-2014,22.86440
120503,Axis ELSS Tax Saver Fund - Direct Plan - Growth Option,Axis Mutual Fund,Open Ended Schemes,Equity Scheme - ELSS,24-06-2014,22.86800
120503,Axis ELSS Tax Saver Fund - Direct Plan - Growth Option,Axis Mutual Fund,Open Ended Schemes,Equity Scheme - ELSS,23-06-2014,22.73500
120503,Axis ELSS Tax Saver Fund - Direct Plan - Growth Option,Axis Mutual Fund,Open Ended Schemes,Equity Scheme - ELSS,20-06-2014,22.71200
120503,Axis ELSS Tax Saver Fund - Direct Plan - Growth Option,Axis Mutual Fund,Open Ended Schemes,Equity Scheme - ELSS,19-06-2014,22.84130
120503,Axis ELSS Tax Saver Fund - Direct Plan - Growth Option,Axis Mutual Fund,Open Ended Schemes,Equity Scheme - ELSS,18-06-2014,22.95730
120503,Axis ELSS Tax Saver Fund - Direct Plan - Growth Option,Axis Mutual Fund,Open Ended Schemes,Equity Scheme - ELSS,17-06-2014,22.96200
120503,Axis ELSS Tax Saver Fund - Direct Plan - Growth Option,Axis Mutual Fund,Open Ended Schemes,Equity Scheme - ELSS,16-06-2014,22.65190
120503,Axis ELSS Tax Saver Fund - Direct Plan - Growth Option,Axis Mutual Fund,Open Ended Schemes,Equity Scheme - ELSS,13-06-2014,22.65720
120503,Axis ELSS Tax Saver Fund - Direct Plan - Growth Option,Axis Mutual Fund,Open Ended Schemes,Equity Scheme - ELSS,12-06-2014,22.91220
120503,Axis ELSS Tax Saver Fund - Direct Plan - Growth Option,Axis Mutual Fund,Open Ended Schemes,Equity Scheme - ELSS,11-06-2014,22.75280
120503,Axis ELSS Tax Saver Fund - Direct Plan - Growth Option,Axis Mutual Fund,Open Ended Schemes,Equity Scheme - ELSS,10-06-2014,22.93650
120503,Axis ELSS Tax Saver Fund - Direct Plan - Growth Option,Axis Mutual Fund,Open Ended Schemes,Equity Scheme - ELSS,09-06-2014,22.74650
120503,Axis ELSS Tax Saver Fund - Direct Plan - Growth Option,Axis Mutual Fund,Open Ended Schemes,Equity Scheme - ELSS,06-06-2014,22.53200
120503,Axis ELSS Tax Saver Fund - Direct Plan - Growth Option,Axis Mutual Fund,Open Ended Schemes,Equity Scheme - ELSS,05-06-2014,22.31830
120503,Axis ELSS Tax Saver Fund - Direct Plan - Growth Option,Axis Mutual Fund,Open Ended Schemes,Equity Scheme - ELSS,04-06-2014,22.20000
120503,Axis ELSS Tax Saver Fund - Direct Plan - Growth Option,Axis Mutual Fund,Open Ended Schemes,Equity Scheme - ELSS,03-06-2014,22.10670
120503,Axis ELSS Tax Saver Fund - Direct Plan - Growth Option,Axis Mutual Fund,Open Ended Schemes,Equity Scheme - ELSS,02-06-2014,21.93870
120503,Axis ELSS Tax Saver Fund - Direct Plan - Growth Option,Axis Mutual Fund,Open Ended Schemes,Equity Scheme - ELSS,30-05-2014,21.58670
120503,Axis ELSS Tax Saver Fund - Direct Plan - Growth Option,Axis Mutual Fund,Open Ended Schemes,Equity Scheme - ELSS,29-05-2014,21.44300
120503,Axis ELSS Tax Saver Fund - Direct Plan - Growth Option,Axis Mutual Fund,Open Ended Schemes,Equity Scheme - ELSS,28-05-2014,21.56620
120503,Axis ELSS Tax Saver Fund - Direct Plan - Growth Option,Axis Mutual Fund,Open Ended Schemes,Equity Scheme - ELSS,27-05-2014,21.58160
120503,Axis ELSS Tax Saver Fund - Direct Plan - Growth Option,Axis Mutual Fund,Open Ended Schemes,Equity Scheme - ELSS,26-05-2014,21.52440
120503,Axis ELSS Tax Saver Fund - Direct Plan - Growth Option,Axis Mutual Fund,Open Ended Schemes,Equity Scheme - ELSS,23-05-2014,21.63340
120503,Axis ELSS Tax Saver Fund - Direct Plan - Growth Option,Axis Mutual Fund,Open Ended Schemes,Equity Scheme - ELSS,22-05-2014,21.47460
120503,Axis ELSS Tax Saver Fund - Direct Plan - Growth Option,Axis Mutual Fund,Open Ended Schemes,Equity Scheme - ELSS,21-05-2014,21.24380
120503,Axis ELSS Tax Saver Fund - Direct Plan - Growth Option,Axis Mutual Fund,Open Ended Schemes,Equity Scheme - ELSS,20-05-2014,21.13220
120503,Axis ELSS Tax Saver Fund - Direct Plan - Growth Option,Axis Mutual Fund,Open Ended Schemes,Equity Scheme - ELSS,19-05-2014,20.99730
120503,Axis ELSS Tax Saver Fund - Direct Plan - Growth Option,Axis Mutual Fund,Open Ended Schemes,Equity Scheme - ELSS,16-05-2014,20.68920
120503,Axis ELSS Tax Saver Fund - Direct Plan - Growth Option,Axis Mutual Fund,Open Ended Schemes,Equity Scheme - ELSS,15-05-2014,20.49440
120503,Axis ELSS Tax Saver Fund - Direct Plan - Growth Option,Axis Mutual Fund,Open Ended Schemes,Equity Scheme - ELSS,14-05-2014,20.47530
120503,Axis ELSS Tax Saver Fund - Direct Plan - Growth Option,Axis Mutual Fund,Open Ended Schemes,Equity Scheme - ELSS,13-05-2014,20.55300
120503,Axis ELSS Tax Saver Fund - Direct Plan - Growth Option,Axis Mutual Fund,Open Ended Schemes,Equity Scheme - ELSS,12-05-2014,20.42040
120503,Axis ELSS Tax Saver Fund - Direct Plan - Growth Option,Axis Mutual Fund,Open Ended Schemes,Equity Scheme - ELSS,09-05-2014,20.09940
120503,Axis ELSS Tax Saver Fund - Direct Plan - Growth Option,Axis Mutual Fund,Open Ended Schemes,Equity Scheme - ELSS,08-05-2014,19.70600
120503,Axis ELSS Tax Saver Fund - Direct Plan - Growth Option,Axis Mutual Fund,Open Ended Schemes,Equity Scheme - ELSS,07-05-2014,19.63960
120503,Axis ELSS Tax Saver Fund - Direct Plan - Growth Option,Axis Mutual Fund,Open Ended Schemes,Equity Scheme - ELSS,06-05-2014,19.66230
120503,Axis ELSS Tax Saver Fund - Direct Plan - Growth Option,Axis Mutual Fund,Open Ended Schemes,Equity Scheme - ELSS,05-05-2014,19.61500
120503,Axis ELSS Tax Saver Fund - Direct Plan - Growth Option,Axis Mutual Fund,Open Ended Schemes,Equity Scheme - ELSS,02-05-2014,19.60010
120503,Axis ELSS Tax Saver Fund - Direct Plan - Growth Option,Axis Mutual Fund,Open Ended Schemes,Equity Scheme - ELSS,30-04-2014,19.57690
120503,Axis ELSS Tax Saver Fund - Direct Plan - Growth Option,Axis Mutual Fund,Open Ended Schemes,Equity Scheme - ELSS,29-04-2014,19.65880
120503,Axis ELSS Tax Saver Fund - Direct Plan - Growth Option,Axis Mutual Fund,Open Ended Schemes,Equity Scheme - ELSS,28-04-2014,19.75650
120503,Axis ELSS Tax Saver Fund - Direct Plan - Growth Option,Axis Mutual Fund,Open Ended Schemes,Equity Scheme - ELSS,25-04-2014,19.68630
120503,Axis ELSS Tax Saver Fund - Direct Plan - Growth Option,Axis Mutual Fund,Open Ended Schemes,Equity Scheme - ELSS,23-04-2014,19.85230
120503,Axis ELSS Tax Saver Fund - Direct Plan - Growth Option,Axis Mutual Fund,Open Ended Schemes,Equity Scheme - ELSS,22-04-2014,19.67410
120503,Axis ELSS Tax Saver Fund - Direct Plan - Growth Option,Axis Mutual Fund,Open Ended Schemes,Equity Scheme - ELSS,21-04-2014,19.58910
120503,Axis ELSS Tax Saver Fund - Direct Plan - Growth Option,Axis Mutual Fund,Open Ended Schemes,Equity Scheme - ELSS,17-04-2014,19.43830
120503,Axis ELSS Tax Saver Fund - Direct Plan - Growth Option,Axis Mutual Fund,Open Ended Schemes,Equity Scheme - ELSS,16-04-2014,19.22660
120503,Axis ELSS Tax Saver Fund - Direct Plan - Growth Option,Axis Mutual Fund,Open Ended Schemes,Equity Scheme - ELSS,15-04-2014,19.43040
120503,Axis ELSS Tax Saver Fund - Direct Plan - Growth Option,Axis Mutual Fund,Open Ended Schemes,Equity Scheme - ELSS,11-04-2014,19.46650
120503,Axis ELSS Tax Saver Fund - Direct Plan - Growth Option,Axis Mutual Fund,Open Ended Schemes,Equity Scheme - ELSS,10-04-2014,19.50230
120503,Axis ELSS Tax Saver Fund - Direct Plan - Growth Option,Axis Mutual Fund,Open Ended Schemes,Equity Scheme - ELSS,09-04-2014,19.47870
120503,Axis ELSS Tax Saver Fund - Direct Plan - Growth Option,Axis Mutual Fund,Open Ended Schemes,Equity Scheme - ELSS,07-04-2014,19.22700
120503,Axis ELSS Tax Saver Fund - Direct Plan - Growth Option,Axis Mutual Fund,Open Ended Schemes,Equity Scheme - ELSS,04-04-2014,19.22740
120503,Axis ELSS Tax Saver Fund - Direct Plan - Growth Option,Axis Mutual Fund,Open Ended Schemes,Equity Scheme - ELSS,03-04-2014,19.33310
120503,Axis ELSS Tax Saver Fund - Direct Plan - Growth Option,Axis Mutual Fund,Open Ended Schemes,Equity Scheme - ELSS,02-04-2014,19.35110
120503,Axis ELSS Tax Saver Fund - Direct Plan - Growth Option,Axis Mutual Fund,Open Ended Schemes,Equity Scheme - ELSS,01-04-2014,19.28090
120503,Axis ELSS Tax Saver Fund - Direct Plan - Growth Option,Axis Mutual Fund,Open Ended Schemes,Equity Scheme - ELSS,31-03-2014,19.41920
120503,Axis ELSS Tax Saver Fund - Direct Plan - Growth Option,Axis Mutual Fund,Open Ended Schemes,Equity Scheme - ELSS,28-03-2014,19.30060
120503,Axis ELSS Tax Saver Fund - Direct Plan - Growth Option,Axis Mutual Fund,Open Ended Schemes,Equity Scheme - ELSS,27-03-2014,19.17140
120503,Axis ELSS Tax Saver Fund - Direct Plan - Growth Option,Axis Mutual Fund,Open Ended Schemes,Equity Scheme - ELSS,26-03-2014,19.13210
120503,Axis ELSS Tax Saver Fund - Direct Plan - Growth Option,Axis Mutual Fund,Open Ended Schemes,Equity Scheme - ELSS,25-03-2014,19.15590
120503,Axis ELSS Tax Saver Fund - Direct Plan - Growth Option,Axis Mutual Fund,Open Ended Schemes,Equity Scheme - ELSS,24-03-2014,19.05590
120503,Axis ELSS Tax Saver Fund - Direct Plan - Growth Option,Axis Mutual Fund,Open Ended Schemes,Equity Scheme - ELSS,21-03-2014,18.82670
120503,Axis ELSS Tax Saver Fund - Direct Plan - Growth Option,Axis Mutual Fund,Open Ended Schemes,Equity Scheme - ELSS,20-03-2014,18.80540
120503,Axis ELSS Tax Saver Fund - Direct Plan - Growth Option,Axis Mutual Fund,Open Ended Schemes,Equity Scheme - ELSS,19-03-2014,18.84260
120503,Axis ELSS Tax Saver Fund - Direct Plan - Growth Option,Axis Mutual Fund,Open Ended Schemes,Equity Scheme - ELSS,18-03-2014,18.79050
120503,Axis ELSS Tax Saver Fund - Direct Plan - Growth Option,Axis Mutual Fund,Open Ended Schemes,Equity Scheme - ELSS,14-03-2014,18.66360
120503,Axis ELSS Tax Saver Fund - Direct Plan - Growth Option,Axis Mutual Fund,Open Ended Schemes,Equity Scheme - ELSS,13-03-2014,18.63540
120503,Axis ELSS Tax Saver Fund - Direct Plan - Growth Option,Axis Mutual Fund,Open Ended Schemes,Equity Scheme - ELSS,12-03-2014,18.65350
120503,Axis ELSS Tax Saver Fund - Direct Plan - Growth Option,Axis Mutual Fund,Open Ended Schemes,Equity Scheme - ELSS,11-03-2014,18.54570
120503,Axis ELSS Tax Saver Fund - Direct Plan - Growth Option,Axis Mutual Fund,Open Ended Schemes,Equity Scheme - ELSS,10-03-2014,18.54980
120503,Axis ELSS Tax Saver Fund - Direct Plan - Growth Option,Axis Mutual Fund,Open Ended Schemes,Equity Scheme - ELSS,07-03-2014,18.49120
120503,Axis ELSS Tax Saver Fund - Direct Plan - Growth Option,Axis Mutual Fund,Open Ended Schemes,Equity Scheme - ELSS,06-03-2014,18.33800
120503,Axis ELSS Tax Saver Fund - Direct Plan - Growth Option,Axis Mutual Fund,Open Ended Schemes,Equity Scheme - ELSS,05-03-2014,18.17570
120503,Axis ELSS Tax Saver Fund - Direct Plan - Growth Option,Axis Mutual Fund,Open Ended Schemes,Equity Scheme - ELSS,04-03-2014,18.06370
120503,Axis ELSS Tax Saver Fund - Direct Plan - Growth Option,Axis Mutual Fund,Open Ended Schemes,Equity Scheme - ELSS,03-03-2014,17.92480
120503,Axis ELSS Tax Saver Fund - Direct Plan - Growth Option,Axis Mutual Fund,Open Ended Schemes,Equity Scheme - ELSS,28-02-2014,17.99860
120503,Axis ELSS Tax Saver Fund - Direct Plan - Growth Option,Axis Mutual Fund,Open Ended Schemes,Equity Scheme - ELSS,26-02-2014,17.84350
120503,Axis ELSS Tax Saver Fund - Direct Plan - Growth Option,Axis Mutual Fund,Open Ended Schemes,Equity Scheme - ELSS,25-02-2014,17.75070
120503,Axis ELSS Tax Saver Fund - Direct Plan - Growth Option,Axis Mutual Fund,Open Ended Schemes,Equity Scheme - ELSS,24-02-2014,17.68290
120503,Axis ELSS Tax Saver Fund - Direct Plan - Growth Option,Axis Mutual Fund,Open Ended Schemes,Equity Scheme - ELSS,21-02-2014,17.53400
120503,Axis ELSS Tax Saver Fund - Direct Plan - Growth Option,Axis Mutual Fund,Open Ended Schemes,Equity Scheme - ELSS,20-02-2014,17.36020
120503,Axis ELSS Tax Saver Fund - Direct Plan - Growth Option,Axis Mutual Fund,Open Ended Schemes,Equity Scheme - ELSS,19-02-2014,17.45580
120503,Axis ELSS Tax Saver Fund - Direct Plan - Growth Option,Axis Mutual Fund,Open Ended Schemes,Equity Scheme - ELSS,18-02-2014,17.34480
120503,Axis ELSS Tax Saver Fund - Direct Plan - Growth Option,Axis Mutual Fund,Open Ended Schemes,Equity Scheme - ELSS,17-02-2014,17.12450
120503,Axis ELSS Tax Saver Fund - Direct Plan - Growth Option,Axis Mutual Fund,Open Ended Schemes,Equity Scheme - ELSS,14-02-2014,17.09330
120503,Axis ELSS Tax Saver Fund - Direct Plan - Growth Option,Axis Mutual Fund,Open Ended Schemes,Equity Scheme - ELSS,13-02-2014,16.96220
120503,Axis ELSS Tax Saver Fund - Direct Plan - Growth Option,Axis Mutual Fund,Open Ended Schemes,Equity Scheme - ELSS,12-02-2014,17.15040
120503,Axis ELSS Tax Saver Fund - Direct Plan - Growth Option,Axis Mutual Fund,Open Ended Schemes,Equity Scheme - ELSS,11-02-2014,17.08380
120503,Axis ELSS Tax Saver Fund - Direct Plan - Growth Option,Axis Mutual Fund,Open Ended Schemes,Equity Scheme - ELSS,10-02-2014,17.00940
120503,Axis ELSS Tax Saver Fund - Direct Plan - Growth Option,Axis Mutual Fund,Open Ended Schemes,Equity Scheme - ELSS,07-02-2014,17.03490
120503,Axis ELSS Tax Saver Fund - Direct Plan - Growth Option,Axis Mutual Fund,Open Ended Schemes,Equity Scheme - ELSS,06-02-2014,16.97460
120503,Axis ELSS Tax Saver Fund - Direct Plan - Growth Option,Axis Mutual Fund,Open Ended Schemes,Equity Scheme - ELSS,05-02-2014,16.96230
120503,Axis ELSS Tax Saver Fund - Direct Plan - Growth Option,Axis Mutual Fund,Open Ended Schemes,Equity Scheme - ELSS,04-02-2014,16.88600
120503,Axis ELSS Tax Saver Fund - Direct Plan - Growth Option,Axis Mutual Fund,Open Ended Schemes,Equity Scheme - ELSS,03-02-2014,16.86430
120503,Axis ELSS Tax Saver Fund - Direct Plan - Growth Option,Axis Mutual Fund,Open Ended Schemes,Equity Scheme - ELSS,31-01-2014,16.96550
120503,Axis ELSS Tax Saver Fund - Direct Plan - Growth Option,Axis Mutual Fund,Open Ended Schemes,Equity Scheme - ELSS,30-01-2014,16.83030
120503,Axis ELSS Tax Saver Fund - Direct Plan - Growth Option,Axis Mutual Fund,Open Ended Schemes,Equity Scheme - ELSS,29-01-2014,16.93150
120503,Axis ELSS Tax Saver Fund - Direct Plan - Growth Option,Axis Mutual Fund,Open Ended Schemes,Equity Scheme - ELSS,28-01-2014,16.90290
120503,Axis ELSS Tax Saver Fund - Direct Plan - Growth Option,Axis Mutual Fund,Open Ended Schemes,Equity Scheme - ELSS,27-01-2014,16.94900
120503,Axis ELSS Tax Saver Fund - Direct Plan - Growth Option,Axis Mutual Fund,Open Ended Schemes,Equity Scheme - ELSS,24-01-2014,17.22930
120503,Axis ELSS Tax Saver Fund - Direct Plan - Growth Option,Axis Mutual Fund,Open Ended Schemes,Equity Scheme - ELSS,23-01-2014,17.45900
120503,Axis ELSS Tax Saver Fund - Direct Plan - Growth Option,Axis Mutual Fund,Open Ended Schemes,Equity Scheme - ELSS,22-01-2014,17.42530
120503,Axis ELSS Tax Saver Fund - Direct Plan - Growth Option,Axis Mutual Fund,Open Ended Schemes,Equity Scheme - ELSS,21-01-2014,17.41360
120503,Axis ELSS Tax Saver Fund - Direct Plan - Growth Option,Axis Mutual Fund,Open Ended Schemes,Equity Scheme - ELSS,20-01-2014,17.43200
120503,Axis ELSS Tax Saver Fund - Direct Plan - Growth Option,Axis Mutual Fund,Open Ended Schemes,Equity Scheme - ELSS,17-01-2014,17.29040
120503,Axis ELSS Tax Saver Fund - Direct Plan - Growth Option,Axis Mutual Fund,Open Ended Schemes,Equity Scheme - ELSS,16-01-2014,17.55590
120503,Axis ELSS Tax Saver Fund - Direct Plan - Growth Option,Axis Mutual Fund,Open Ended Schemes,Equity Scheme - ELSS,15-01-2014,17.61560
120503,Axis ELSS Tax Saver Fund - Direct Plan - Growth Option,Axis Mutual Fund,Open Ended Schemes,Equity Scheme - ELSS,14-01-2014,17.45040
120503,Axis ELSS Tax Saver Fund - Direct Plan - Growth Option,Axis Mutual Fund,Open Ended Schemes,Equity Scheme - ELSS,13-01-2014,17.49150
120503,Axis ELSS Tax Saver Fund - Direct Plan - Growth Option,Axis Mutual Fund,Open Ended Schemes,Equity Scheme - ELSS,10-01-2014,17.34700
120503,Axis ELSS Tax Saver Fund - Direct Plan - Growth Option,Axis Mutual Fund,Open Ended Schemes,Equity Scheme - ELSS,09-01-2014,17.39680
120503,Axis ELSS Tax Saver Fund - Direct Plan - Growth Option,Axis Mutual Fund,Open Ended Schemes,Equity Scheme - ELSS,08-01-2014,17.44010
120503,Axis ELSS Tax Saver Fund - Direct Plan - Growth Option,Axis Mutual Fund,Open Ended Schemes,Equity Scheme - ELSS,07-01-2014,17.34280
120503,Axis ELSS Tax Saver Fund - Direct Plan - Growth Option,Axis Mutual Fund,Open Ended Schemes,Equity Scheme - ELSS,06-01-2014,17.37260
120503,Axis ELSS Tax Saver Fund - Direct Plan - Growth Option,Axis Mutual Fund,Open Ended Schemes,Equity Scheme - ELSS,03-01-2014,17.30620
120503,Axis ELSS Tax Saver Fund - Direct Plan - Growth Option,Axis Mutual Fund,Open Ended Schemes,Equity Scheme - ELSS,02-01-2014,17.24650
120503,Axis ELSS Tax Saver Fund - Direct Plan - Growth Option,Axis Mutual Fund,Open Ended Schemes,Equity Scheme - ELSS,01-01-2014,17.46060
120503,Axis ELSS Tax Saver Fund - Direct Plan - Growth Option,Axis Mutual Fund,Open Ended Schemes,Equity Scheme - ELSS,31-12-2013,17.42790
120503,Axis ELSS Tax Saver Fund - Direct Plan - Growth Option,Axis Mutual Fund,Open Ended Schemes,Equity Scheme - ELSS,30-12-2013,17.39060
120503,Axis ELSS Tax Saver Fund - Direct Plan - Growth Option,Axis Mutual Fund,Open Ended Schemes,Equity Scheme - ELSS,27-12-2013,17.42950
120503,Axis ELSS Tax Saver Fund - Direct Plan - Growth Option,Axis Mutual Fund,Open Ended Schemes,Equity Scheme - ELSS,26-12-2013,17.29180
120503,Axis ELSS Tax Saver Fund - Direct Plan - Growth Option,Axis Mutual Fund,Open Ended Schemes,Equity Scheme - ELSS,24-12-2013,17.28480
120503,Axis ELSS Tax Saver Fund - Direct Plan - Growth Option,Axis Mutual Fund,Open Ended Schemes,Equity Scheme - ELSS,23-12-2013,17.32230
120503,Axis ELSS Tax Saver Fund - Direct Plan - Growth Option,Axis Mutual Fund,Open Ended Schemes,Equity Scheme - ELSS,20-12-2013,17.34080
120503,Axis ELSS Tax Saver Fund - Direct Plan - Growth Option,Axis Mutual Fund,Open Ended Schemes,Equity Scheme - ELSS,19-12-2013,17.10410
120503,Axis ELSS Tax Saver Fund - Direct Plan - Growth Option,Axis Mutual Fund,Open Ended Schemes,Equity Scheme - ELSS,18-12-2013,17.14420
120503,Axis ELSS Tax Saver Fund - Direct Plan - Growth Option,Axis Mutual Fund,Open Ended Schemes,Equity Scheme - ELSS,17-12-2013,16.95280
120503,Axis ELSS Tax Saver Fund - Direct Plan - Growth Option,Axis Mutual Fund,Open Ended Schemes,Equity Scheme - ELSS,16-12-2013,16.96740
120503,Axis ELSS Tax Saver Fund - Direct Plan - Growth Option,Axis Mutual Fund,Open Ended Schemes,Equity Scheme - ELSS,13-12-2013,16.97440
120503,Axis ELSS Tax Saver Fund - Direct Plan - Growth Option,Axis Mutual Fund,Open Ended Schemes,Equity Scheme - ELSS,12-12-2013,17.12210
120503,Axis ELSS Tax Saver Fund - Direct Plan - Growth Option,Axis Mutual Fund,Open Ended Schemes,Equity Scheme - ELSS,11-12-2013,17.16140
120503,Axis ELSS Tax Saver Fund - Direct Plan - Growth Option,Axis Mutual Fund,Open Ended Schemes,Equity Scheme - ELSS,10-12-2013,17.13090
120503,Axis ELSS Tax Saver Fund - Direct Plan - Growth Option,Axis Mutual Fund,Open Ended Schemes,Equity Scheme - ELSS,09-12-2013,17.14510
120503,Axis ELSS Tax Saver Fund - Direct Plan - Growth Option,Axis Mutual Fund,Open Ended Schemes,Equity Scheme - ELSS,06-12-2013,17.00860
120503,Axis ELSS Tax Saver Fund - Direct Plan - Growth Option,Axis Mutual Fund,Open Ended Schemes,Equity Scheme - ELSS,05-12-2013,16.97900
120503,Axis ELSS Tax Saver Fund - Direct Plan - Growth Option,Axis Mutual Fund,Open Ended Schemes,Equity Scheme - ELSS,04-12-2013,16.86190
120503,Axis ELSS Tax Saver Fund - Direct Plan - Growth Option,Axis Mutual Fund,Open Ended Schemes,Equity Scheme - ELSS,03-12-2013,17.01920
120503,Axis ELSS Tax Saver Fund - Direct Plan - Growth Option,Axis Mutual Fund,Open Ended Schemes,Equity Scheme - ELSS,02-12-2013,17.01940
120503,Axis ELSS Tax Saver Fund - Direct Plan - Growth Option,Axis Mutual Fund,Open Ended Schemes,Equity Scheme - ELSS,29-11-2013,16.87090
120503,Axis ELSS Tax Saver Fund - Direct Plan - Growth Option,Axis Mutual Fund,Open Ended Schemes,Equity Scheme - ELSS,28-11-2013,16.76020
120503,Axis ELSS Tax Saver Fund - Direct Plan - Growth Option,Axis Mutual Fund,Open Ended Schemes,Equity Scheme - ELSS,27-11-2013,16.69860
120503,Axis ELSS Tax Saver Fund - Direct Plan - Growth Option,Axis Mutual Fund,Open Ended Schemes,Equity Scheme - ELSS,26-11-2013,16.60840
120503,Axis ELSS Tax Saver Fund - Direct Plan - Growth Option,Axis Mutual Fund,Open Ended Schemes,Equity Scheme - ELSS,25-11-2013,16.57180
120503,Axis ELSS Tax Saver Fund - Direct Plan - Growth Option,Axis Mutual Fund,Open Ended Schemes,Equity Scheme - ELSS,22-11-2013,16.28970
120503,Axis ELSS Tax Saver Fund - Direct Plan - Growth Option,Axis Mutual Fund,Open Ended Schemes,Equity Scheme - ELSS,21-11-2013,16.19330
120503,Axis ELSS Tax Saver Fund - Direct Plan - Growth Option,Axis Mutual Fund,Open Ended Schemes,Equity Scheme - ELSS,20-11-2013,16.44400
120503,Axis ELSS Tax Saver Fund - Direct Plan - Growth Option,Axis Mutual Fund,Open Ended Schemes,Equity Scheme - ELSS,19-11-2013,16.53340
120503,Axis ELSS Tax Saver Fund - Direct Plan - Growth Option,Axis Mutual Fund,Open Ended Schemes,Equity Scheme - ELSS,18-11-2013,16.52260
120503,Axis ELSS Tax Saver Fund - Direct Plan - Growth Option,Axis Mutual Fund,Open Ended Schemes,Equity Scheme - ELSS,14-11-2013,16.26130
120503,Axis ELSS Tax Saver Fund - Direct Plan - Growth Option,Axis Mutual Fund,Open Ended Schemes,Equity Scheme - ELSS,13-11-2013,16.17000
120503,Axis ELSS Tax Saver Fund - Direct Plan - Growth Option,Axis Mutual Fund,Open Ended Schemes,Equity Scheme - ELSS,12-11-2013,16.23700
120503,Axis ELSS Tax Saver Fund - Direct Plan - Growth Option,Axis Mutual Fund,Open Ended Schemes,Equity Scheme - ELSS,11-11-2013,16.24000
120503,Axis ELSS Tax Saver Fund - Direct Plan - Growth Option,Axis Mutual Fund,Open Ended Schemes,Equity Scheme - ELSS,08-11-2013,16.27050
120503,Axis ELSS Tax Saver Fund - Direct Plan - Growth Option,Axis Mutual Fund,Open Ended Schemes,Equity Scheme - ELSS,07-11-2013,16.31040
120503,Axis ELSS Tax Saver Fund - Direct Plan - Growth Option,Axis Mutual Fund,Open Ended Schemes,Equity Scheme - ELSS,06-11-2013,16.34850
120503,Axis ELSS Tax Saver Fund - Direct Plan - Growth Option,Axis Mutual Fund,Open Ended Schemes,Equity Scheme - ELSS,05-11-2013,16.28530
120503,Axis ELSS Tax Saver Fund - Direct Plan - Growth Option,Axis Mutual Fund,Open Ended Schemes,Equity Scheme - ELSS,01-11-2013,16.29550
120503,Axis ELSS Tax Saver Fund - Direct Plan - Growth Option,Axis Mutual Fund,Open Ended Schemes,Equity Scheme - ELSS,31-10-2013,16.27360
120503,Axis ELSS Tax Saver Fund - Direct Plan - Growth Option,Axis Mutual Fund,Open Ended Schemes,Equity Scheme - ELSS,30-10-2013,16.18020
120503,Axis ELSS Tax Saver Fund - Direct Plan - Growth Option,Axis Mutual Fund,Open Ended Schemes,Equity Scheme - ELSS,29-10-2013,16.15850
120503,Axis ELSS Tax Saver Fund - Direct Plan - Growth Option,Axis Mutual Fund,Open Ended Schemes,Equity Scheme - ELSS,28-10-2013,15.81940
120503,Axis ELSS Tax Saver Fund - Direct Plan - Growth Option,Axis Mutual Fund,Open Ended Schemes,Equity Scheme - ELSS,25-10-2013,15.86750
120503,Axis ELSS Tax Saver Fund - Direct Plan - Growth Option,Axis Mutual Fund,Open Ended Schemes,Equity Scheme - ELSS,24-10-2013,15.94150
120503,Axis ELSS Tax Saver Fund - Direct Plan - Growth Option,Axis Mutual Fund,Open Ended Schemes,Equity Scheme - ELSS,23-10-2013,15.86770
120503,Axis ELSS Tax Saver Fund - Direct Plan - Growth Option,Axis Mutual Fund,Open Ended Schemes,Equity Scheme - ELSS,22-10-2013,15.87700
120503,Axis ELSS Tax Saver Fund - Direct Plan - Growth Option,Axis Mutual Fund,Open Ended Schemes,Equity Scheme - ELSS,21-10-2013,15.88940
120503,Axis ELSS Tax Saver Fund - Direct Plan - Growth Option,Axis Mutual Fund,Open Ended Schemes,Equity Scheme - ELSS,18-10-2013,15.78090
120503,Axis ELSS Tax Saver Fund - Direct Plan - Growth Option,Axis Mutual Fund,Open Ended Schemes,Equity Scheme - ELSS,17-10-2013,15.54530
120503,Axis ELSS Tax Saver Fund - Direct Plan - Growth Option,Axis Mutual Fund,Open Ended Schemes,Equity Scheme - ELSS,15-10-2013,15.67900
120503,Axis ELSS Tax Saver Fund - Direct Plan - Growth Option,Axis Mutual Fund,Open Ended Schemes,Equity Scheme - ELSS,14-10-2013,15.73240
120503,Axis ELSS Tax Saver Fund - Direct Plan - Growth Option,Axis Mutual Fund,Open Ended Schemes,Equity Scheme - ELSS,11-10-2013,15.74150
120503,Axis ELSS Tax Saver Fund - Direct Plan - Growth Option,Axis Mutual Fund,Open Ended Schemes,Equity Scheme - ELSS,10-10-2013,15.64470
120503,Axis ELSS Tax Saver Fund - Direct Plan - Growth Option,Axis Mutual Fund,Open Ended Schemes,Equity Scheme - ELSS,09-10-2013,15.60880
120503,Axis ELSS Tax Saver Fund - Direct Plan - Growth Option,Axis Mutual Fund,Open Ended Schemes,Equity Scheme - ELSS,08-10-2013,15.38690
120503,Axis ELSS Tax Saver Fund - Direct Plan - Growth Option,Axis Mutual Fund,Open Ended Schemes,Equity Scheme - ELSS,07-10-2013,15.34390
120503,Axis ELSS Tax Saver Fund - Direct Plan - Growth Option,Axis Mutual Fund,Open Ended Schemes,Equity Scheme - ELSS,04-10-2013,15.26720
120503,Axis ELSS Tax Saver Fund - Direct Plan - Growth Option,Axis Mutual Fund,Open Ended Schemes,Equity Scheme - ELSS,03-10-2013,15.19160
120503,Axis ELSS Tax Saver Fund - Direct Plan - Growth Option,Axis Mutual Fund,Open Ended Schemes,Equity Scheme - ELSS,01-10-2013,14.95750
120503,Axis ELSS Tax Saver Fund - Direct Plan - Growth Option,Axis Mutual Fund,Open Ended Schemes,Equity Scheme - ELSS,30-09-2013,14.83430
120503,Axis ELSS Tax Saver Fund - Direct Plan - Growth Option,Axis Mutual Fund,Open Ended Schemes,Equity Scheme - ELSS,27-09-2013,14.93890
120503,Axis ELSS Tax Saver Fund - Direct Plan - Growth Option,Axis Mutual Fund,Open Ended Schemes,Equity Scheme - ELSS,26-09-2013,14.98040
120503,Axis ELSS Tax Saver Fund - Direct Plan - Growth Option,Axis Mutual Fund,Open Ended Schemes,Equity Scheme - ELSS,25-09-2013,14.99670
120503,Axis ELSS Tax Saver Fund - Direct Plan - Growth Option,Axis Mutual Fund,Open Ended Schemes,Equity Scheme - ELSS,24-09-2013,15.06450
120503,Axis ELSS Tax Saver Fund - Direct Plan - Growth Option,Axis Mutual Fund,Open Ended Schemes,Equity Scheme - ELSS,23-09-2013,14.99490
120503,Axis ELSS Tax Saver Fund - Direct Plan - Growth Option,Axis Mutual Fund,Open Ended Schemes,Equity Scheme - ELSS,20-09-2013,15.20640
120503,Axis ELSS Tax Saver Fund - Direct Plan - Growth Option,Axis Mutual Fund,Open Ended Schemes,Equity Scheme - ELSS,19-09-2013,15.39620
120503,Axis ELSS Tax Saver Fund - Direct Plan - Growth Option,Axis Mutual Fund,Open Ended Schemes,Equity Scheme - ELSS,18-09-2013,14.99350
120503,Axis ELSS Tax Saver Fund - Direct Plan - Growth Option,Axis Mutual Fund,Open Ended Schemes,Equity Scheme - ELSS,17-09-2013,14.90420
120503,Axis ELSS Tax Saver Fund - Direct Plan - Growth Option,Axis Mutual Fund,Open Ended Schemes,Equity Scheme - ELSS,16-09-2013,14.87830
120503,Axis ELSS Tax Saver Fund - Direct Plan - Growth Option,Axis Mutual Fund,Open Ended Schemes,Equity Scheme - ELSS,13-09-2013,14.89140
120503,Axis ELSS Tax Saver Fund - Direct Plan - Growth Option,Axis Mutual Fund,Open Ended Schemes,Equity Scheme - ELSS,12-09-2013,14.88350
120503,Axis ELSS Tax Saver Fund - Direct Plan - Growth Option,Axis Mutual Fund,Open Ended Schemes,Equity Scheme - ELSS,11-09-2013,14.94580
120503,Axis ELSS Tax Saver Fund - Direct Plan - Growth Option,Axis Mutual Fund,Open Ended Schemes,Equity Scheme - ELSS,10-09-2013,14.86130
120503,Axis ELSS Tax Saver Fund - Direct Plan - Growth Option,Axis Mutual Fund,Open Ended Schemes,Equity Scheme - ELSS,06-09-2013,14.42840
120503,Axis ELSS Tax Saver Fund - Direct Plan - Growth Option,Axis Mutual Fund,Open Ended Schemes,Equity Scheme - ELSS,05-09-2013,14.31290
120503,Axis ELSS Tax Saver Fund - Direct Plan - Growth Option,Axis Mutual Fund,Open Ended Schemes,Equity Scheme - ELSS,04-09-2013,14.01060
120503,Axis ELSS Tax Saver Fund - Direct Plan - Growth Option,Axis Mutual Fund,Open Ended Schemes,Equity Scheme - ELSS,03-09-2013,13.90140
120503,Axis ELSS Tax Saver Fund - Direct Plan - Growth Option,Axis Mutual Fund,Open Ended Schemes,Equity Scheme - ELSS,02-09-2013,14.23650
120503,Axis ELSS Tax Saver Fund - Direct Plan - Growth Option,Axis Mutual Fund,Open Ended Schemes,Equity Scheme - ELSS,30-08-2013,14.14970
120503,Axis ELSS Tax Saver Fund - Direct Plan - Growth Option,Axis Mutual Fund,Open Ended Schemes,Equity Scheme - ELSS,29-08-2013,13.89910
120503,Axis ELSS Tax Saver Fund - Direct Plan - Growth Option,Axis Mutual Fund,Open Ended Schemes,Equity Scheme - ELSS,28-08-2013,13.63180
120503,Axis ELSS Tax Saver Fund - Direct Plan - Growth Option,Axis Mutual Fund,Open Ended Schemes,Equity Scheme - ELSS,27-08-2013,13.76140
120503,Axis ELSS Tax Saver Fund - Direct Plan - Growth Option,Axis Mutual Fund,Open Ended Schemes,Equity Scheme - ELSS,26-08-2013,14.16950
120503,Axis ELSS Tax Saver Fund - Direct Plan - Growth Option,Axis Mutual Fund,Open Ended Schemes,Equity Scheme - ELSS,23-08-2013,14.06600
120503,Axis ELSS Tax Saver Fund - Direct Plan - Growth Option,Axis Mutual Fund,Open Ended Schemes,Equity Scheme - ELSS,22-08-2013,13.89440
120503,Axis ELSS Tax Saver Fund - Direct Plan - Growth Option,Axis Mutual Fund,Open Ended Schemes,Equity Scheme - ELSS,21-08-2013,13.82490
120503,Axis ELSS Tax Saver Fund - Direct Plan - Growth Option,Axis Mutual Fund,Open Ended Schemes,Equity Scheme - ELSS,20-08-2013,13.99560
120503,Axis ELSS Tax Saver Fund - Direct Plan - Growth Option,Axis Mutual Fund,Open Ended Schemes,Equity Scheme - ELSS,19-08-2013,14.10200
120503,Axis ELSS Tax Saver Fund - Direct Plan - Growth Option,Axis Mutual Fund,Open Ended Schemes,Equity Scheme - ELSS,16-08-2013,14.38180
120503,Axis ELSS Tax Saver Fund - Direct Plan - Growth Option,Axis Mutual Fund,Open Ended Schemes,Equity Scheme - ELSS,14-08-2013,14.80300
120503,Axis ELSS Tax Saver Fund - Direct Plan - Growth Option,Axis Mutual Fund,Open Ended Schemes,Equity Scheme - ELSS,13-08-2013,14.76770
120503,Axis ELSS Tax Saver Fund - Direct Plan - Growth Option,Axis Mutual Fund,Open Ended Schemes,Equity Scheme - ELSS,12-08-2013,14.58060
120503,Axis ELSS Tax Saver Fund - Direct Plan - Growth Option,Axis Mutual Fund,Open Ended Schemes,Equity Scheme - ELSS,08-08-2013,14.38940
120503,Axis ELSS Tax Saver Fund - Direct Plan - Growth Option,Axis Mutual Fund,Open Ended Schemes,Equity Scheme - ELSS,07-08-2013,14.23450
120503,Axis ELSS Tax Saver Fund - Direct Plan - Growth Option,Axis Mutual Fund,Open Ended Schemes,Equity Scheme - ELSS,06-08-2013,14.36330
120503,Axis ELSS Tax Saver Fund - Direct Plan - Growth Option,Axis Mutual Fund,Open Ended Schemes,Equity Scheme - ELSS,05-08-2013,14.67530
120503,Axis ELSS Tax Saver Fund - Direct Plan - Growth Option,Axis Mutual Fund,Open Ended Schemes,Equity Scheme - ELSS,02-08-2013,14.66390
120503,Axis ELSS Tax Saver Fund - Direct Plan - Growth Option,Axis Mutual Fund,Open Ended Schemes,Equity Scheme - ELSS,01-08-2013,14.75150
120503,Axis ELSS Tax Saver Fund - Direct Plan - Growth Option,Axis Mutual Fund,Open Ended Schemes,Equity Scheme - ELSS,31-07-2013,14.75670
120503,Axis ELSS Tax Saver Fund - Direct Plan - Growth Option,Axis Mutual Fund,Open Ended Schemes,Equity Scheme - ELSS,30-07-2013,14.80600
120503,Axis ELSS Tax Saver Fund - Direct Plan - Growth Option,Axis Mutual Fund,Open Ended Schemes,Equity Scheme - ELSS,29-07-2013,14.93060
120503,Axis ELSS Tax Saver Fund - Direct Plan - Growth Option,Axis Mutual Fund,Open Ended Schemes,Equity Scheme - ELSS,26-07-2013,15.02500
120503,Axis ELSS Tax Saver Fund - Direct Plan - Growth Option,Axis Mutual Fund,Open Ended Schemes,Equity Scheme - ELSS,25-07-2013,15.02590
120503,Axis ELSS Tax Saver Fund - Direct Plan - Growth Option,Axis Mutual Fund,Open Ended Schemes,Equity Scheme - ELSS,24-07-2013,15.18370
120503,Axis ELSS Tax Saver Fund - Direct Plan - Growth Option,Axis Mutual Fund,Open Ended Schemes,Equity Scheme - ELSS,23-07-2013,15.35020
120503,Axis ELSS Tax Saver Fund - Direct Plan - Growth Option,Axis Mutual Fund,Open Ended Schemes,Equity Scheme - ELSS,22-07-2013,15.31720
120503,Axis ELSS Tax Saver Fund - Direct Plan - Growth Option,Axis Mutual Fund,Open Ended Schemes,Equity Scheme - ELSS,19-07-2013,15.34250
120503,Axis ELSS Tax Saver Fund - Direct Plan - Growth Option,Axis Mutual Fund,Open Ended Schemes,Equity Scheme - ELSS,18-07-2013,15.45580
120503,Axis ELSS Tax Saver Fund - Direct Plan - Growth Option,Axis Mutual Fund,Open Ended Schemes,Equity Scheme - ELSS,17-07-2013,15.35510
120503,Axis ELSS Tax Saver Fund - Direct Plan - Growth Option,Axis Mutual Fund,Open Ended Schemes,Equity Scheme - ELSS,16-07-2013,15.41070
120503,Axis ELSS Tax Saver Fund - Direct Plan - Growth Option,Axis Mutual Fund,Open Ended Schemes,Equity Scheme - ELSS,15-07-2013,15.66100
120503,Axis ELSS Tax Saver Fund - Direct Plan - Growth Option,Axis Mutual Fund,Open Ended Schemes,Equity Scheme - ELSS,12-07-2013,15.60220
120503,Axis ELSS Tax Saver Fund - Direct Plan - Growth Option,Axis Mutual Fund,Open Ended Schemes,Equity Scheme - ELSS,11-07-2013,15.47090
120503,Axis ELSS Tax Saver Fund - Direct Plan - Growth Option,Axis Mutual Fund,Open Ended Schemes,Equity Scheme - ELSS,10-07-2013,15.27300
120503,Axis ELSS Tax Saver Fund - Direct Plan - Growth Option,Axis Mutual Fund,Open Ended Schemes,Equity Scheme - ELSS,09-07-2013,15.27410
120503,Axis ELSS Tax Saver Fund - Direct Plan - Growth Option,Axis Mutual Fund,Open Ended Schemes,Equity Scheme - ELSS,08-07-2013,15.06390
120503,Axis ELSS Tax Saver Fund - Direct Plan - Growth Option,Axis Mutual Fund,Open Ended Schemes,Equity Scheme - ELSS,05-07-2013,15.14720
120503,Axis ELSS Tax Saver Fund - Direct Plan - Growth Option,Axis Mutual Fund,Open Ended Schemes,Equity Scheme - ELSS,04-07-2013,15.08430
120503,Axis ELSS Tax Saver Fund - Direct Plan - Growth Option,Axis Mutual Fund,Open Ended Schemes,Equity Scheme - ELSS,03-07-2013,14.88740
120503,Axis ELSS Tax Saver Fund - Direct Plan - Growth Option,Axis Mutual Fund,Open Ended Schemes,Equity Scheme - ELSS,02-07-2013,15.04050
120503,Axis ELSS Tax Saver Fund - Direct Plan - Growth Option,Axis Mutual Fund,Open Ended Schemes,Equity Scheme - ELSS,01-07-2013,15.06430
120503,Axis ELSS Tax Saver Fund - Direct Plan - Growth Option,Axis Mutual Fund,Open Ended Schemes,Equity Scheme - ELSS,28-06-2013,14.93220
120503,Axis ELSS Tax Saver Fund - Direct Plan - Growth Option,Axis Mutual Fund,Open Ended Schemes,Equity Scheme - ELSS,27-06-2013,14.58560
120503,Axis ELSS Tax Saver Fund - Direct Plan - Growth Option,Axis Mutual Fund,Open Ended Schemes,Equity Scheme - ELSS,26-06-2013,14.46610
120503,Axis ELSS Tax Saver Fund - Direct Plan - Growth Option,Axis Mutual Fund,Open Ended Schemes,Equity Scheme - ELSS,25-06-2013,14.49390
120503,Axis ELSS Tax Saver Fund - Direct Plan - Growth Option,Axis Mutual Fund,Open Ended Schemes,Equity Scheme - ELSS,24-06-2013,14.47070
120503,Axis ELSS Tax Saver Fund - Direct Plan - Growth Option,Axis Mutual Fund,Open Ended Schemes,Equity Scheme - ELSS,21-06-2013,14.73060
120503,Axis ELSS Tax Saver Fund - Direct Plan - Growth Option,Axis Mutual Fund,Open Ended Schemes,Equity Scheme - ELSS,20-06-2013,14.72840
120503,Axis ELSS Tax Saver Fund - Direct Plan - Growth Option,Axis Mutual Fund,Open Ended Schemes,Equity Scheme - ELSS,19-06-2013,15.02090
120503,Axis ELSS Tax Saver Fund - Direct Plan - Growth Option,Axis Mutual Fund,Open Ended Schemes,Equity Scheme - ELSS,18-06-2013,14.95320
120503,Axis ELSS Tax Saver Fund - Direct Plan - Growth Option,Axis Mutual Fund,Open Ended Schemes,Equity Scheme - ELSS,17-06-2013,14.96130
120503,Axis ELSS Tax Saver Fund - Direct Plan - Growth Option,Axis Mutual Fund,Open Ended Schemes,Equity Scheme - ELSS,14-06-2013,14.88520
120503,Axis ELSS Tax Saver Fund - Direct Plan - Growth Option,Axis Mutual Fund,Open Ended Schemes,Equity Scheme - ELSS,13-06-2013,14.69360
120503,Axis ELSS Tax Saver Fund - Direct Plan - Growth Option,Axis Mutual Fund,Open Ended Schemes,Equity Scheme - ELSS,12-06-2013,14.85270
120503,Axis ELSS Tax Saver Fund - Direct Plan - Growth Option,Axis Mutual Fund,Open Ended Schemes,Equity Scheme - ELSS,11-06-2013,14.90650
120503,Axis ELSS Tax Saver Fund - Direct Plan - Growth Option,Axis Mutual Fund,Open Ended Schemes,Equity Scheme - ELSS,10-06-2013,15.13680
120503,Axis ELSS Tax Saver Fund - Direct Plan - Growth Option,Axis Mutual Fund,Open Ended Schemes,Equity Scheme - ELSS,07-06-2013,15.20150
120503,Axis ELSS Tax Saver Fund - Direct Plan - Growth Option,Axis Mutual Fund,Open Ended Schemes,Equity Scheme - ELSS,06-06-2013,15.23910
120503,Axis ELSS Tax Saver Fund - Direct Plan - Growth Option,Axis Mutual Fund,Open Ended Schemes,Equity Scheme - ELSS,05-06-2013,15.24560
120503,Axis ELSS Tax Saver Fund - Direct Plan - Growth Option,Axis Mutual Fund,Open Ended Schemes,Equity Scheme - ELSS,04-06-2013,15.21420
120503,Axis ELSS Tax Saver Fund - Direct Plan - Growth Option,Axis Mutual Fund,Open Ended Schemes,Equity Scheme - ELSS,03-06-2013,15.25780
120503,Axis ELSS Tax Saver Fund - Direct Plan - Growth Option,Axis Mutual Fund,Open Ended Schemes,Equity Scheme - ELSS,31-05-2013,15.43350
120503,Axis ELSS Tax Saver Fund - Direct Plan - Growth Option,Axis Mutual Fund,Open Ended Schemes,Equity Scheme - ELSS,30-05-2013,15.66040
120503,Axis ELSS Tax Saver Fund - Direct Plan - Growth Option,Axis Mutual Fund,Open Ended Schemes,Equity Scheme - ELSS,29-05-2013,15.59960
120503,Axis ELSS Tax Saver Fund - Direct Plan - Growth Option,Axis Mutual Fund,Open Ended Schemes,Equity Scheme - ELSS,28-05-2013,15.56320
120503,Axis ELSS Tax Saver Fund - Direct Plan - Growth Option,Axis Mutual Fund,Open Ended Schemes,Equity Scheme - ELSS,27-05-2013,15.50800
120503,Axis ELSS Tax Saver Fund - Direct Plan - Growth Option,Axis Mutual Fund,Open Ended Schemes,Equity Scheme - ELSS,24-05-2013,15.35940
120503,Axis ELSS Tax Saver Fund - Direct Plan - Growth Option,Axis Mutual Fund,Open Ended Schemes,Equity Scheme - ELSS,23-05-2013,15.21940
120503,Axis ELSS Tax Saver Fund - Direct Plan - Growth Option,Axis Mutual Fund,Open Ended Schemes,Equity Scheme - ELSS,22-05-2013,15.40890
120503,Axis ELSS Tax Saver Fund - Direct Plan - Growth Option,Axis Mutual Fund,Open Ended Schemes,Equity Scheme - ELSS,21-05-2013,15.47530
120503,Axis ELSS Tax Saver Fund - Direct Plan - Growth Option,Axis Mutual Fund,Open Ended Schemes,Equity Scheme - ELSS,20-05-2013,15.59630
120503,Axis ELSS Tax Saver Fund - Direct Plan - Growth Option,Axis Mutual Fund,Open Ended Schemes,Equity Scheme - ELSS,17-05-2013,15.68110
120503,Axis ELSS Tax Saver Fund - Direct Plan - Growth Option,Axis Mutual Fund,Open Ended Schemes,Equity Scheme - ELSS,16-05-2013,15.59170
120503,Axis ELSS Tax Saver Fund - Direct Plan - Growth Option,Axis Mutual Fund,Open Ended Schemes,Equity Scheme - ELSS,15-05-2013,15.56170
120503,Axis ELSS Tax Saver Fund - Direct Plan - Growth Option,Axis Mutual Fund,Open Ended Schemes,Equity Scheme - ELSS,14-05-2013,15.23360
120503,Axis ELSS Tax Saver Fund - Direct Plan - Growth Option,Axis Mutual Fund,Open Ended Schemes,Equity Scheme - ELSS,13-05-2013,15.12840
120503,Axis ELSS Tax Saver Fund - Direct Plan - Growth Option,Axis Mutual Fund,Open Ended Schemes,Equity Scheme - ELSS,10-05-2013,15.33580
120503,Axis ELSS Tax Saver Fund - Direct Plan - Growth Option,Axis Mutual Fund,Open Ended Schemes,Equity Scheme - ELSS,09-05-2013,15.26340
120503,Axis ELSS Tax Saver Fund - Direct Plan - Growth Option,Axis Mutual Fund,Open Ended Schemes,Equity Scheme - ELSS,08-05-2013,15.35970
120503,Axis ELSS Tax Saver Fund - Direct Plan - Growth Option,Axis Mutual Fund,Open Ended Schemes,Equity Scheme - ELSS,07-05-2013,15.27040
120503,Axis ELSS Tax Saver Fund - Direct Plan - Growth Option,Axis Mutual Fund,Open Ended Schemes,Equity Scheme - ELSS,06-05-2013,15.14970
120503,Axis ELSS Tax Saver Fund - Direct Plan - Growth Option,Axis Mutual Fund,Open Ended Schemes,Equity Scheme - ELSS,03-05-2013,15.05180
120503,Axis ELSS Tax Saver Fund - Direct Plan - Growth Option,Axis Mutual Fund,Open Ended Schemes,Equity Scheme - ELSS,02-05-2013,15.10320
120503,Axis ELSS Tax Saver Fund - Direct Plan - Growth Option,Axis Mutual Fund,Open Ended Schemes,Equity Scheme - ELSS,30-04-2013,14.89450
120503,Axis ELSS Tax Saver Fund - Direct Plan - Growth Option,Axis Mutual Fund,Open Ended Schemes,Equity Scheme - ELSS,29-04-2013,14.82890
120503,Axis ELSS Tax Saver Fund - Direct Plan - Growth Option,Axis Mutual Fund,Open Ended Schemes,Equity Scheme - ELSS,26-04-2013,14.70580
120503,Axis ELSS Tax Saver Fund - Direct Plan - Growth Option,Axis Mutual Fund,Open Ended Schemes,Equity Scheme - ELSS,25-04-2013,14.75860
120503,Axis ELSS Tax Saver Fund - Direct Plan - Growth Option,Axis Mutual Fund,Open Ended Schemes,Equity Scheme - ELSS,23-04-2013,14.58010
120503,Axis ELSS Tax Saver Fund - Direct Plan - Growth Option,Axis Mutual Fund,Open Ended Schemes,Equity Scheme - ELSS,22-04-2013,14.62590
120503,Axis ELSS Tax Saver Fund - Direct Plan - Growth Option,Axis Mutual Fund,Open Ended Schemes,Equity Scheme - ELSS,18-04-2013,14.44010
120503,Axis ELSS Tax Saver Fund - Direct Plan - Growth Option,Axis Mutual Fund,Open Ended Schemes,Equity Scheme - ELSS,17-04-2013,14.26700
120503,Axis ELSS Tax Saver Fund - Direct Plan - Growth Option,Axis Mutual Fund,Open Ended Schemes,Equity Scheme - ELSS,16-04-2013,14.24360
120503,Axis ELSS Tax Saver Fund - Direct Plan - Growth Option,Axis Mutual Fund,Open Ended Schemes,Equity Scheme - ELSS,15-04-2013,13.98500
120503,Axis ELSS Tax Saver Fund - Direct Plan - Growth Option,Axis Mutual Fund,Open Ended Schemes,Equity Scheme - ELSS,12-04-2013,14.04260
120503,Axis ELSS Tax Saver Fund - Direct Plan - Growth Option,Axis Mutual Fund,Open Ended Schemes,Equity Scheme - ELSS,11-04-2013,14.09940
120503,Axis ELSS Tax Saver Fund - Direct Plan - Growth Option,Axis Mutual Fund,Open Ended Schemes,Equity Scheme - ELSS,10-04-2013,13.98260
120503,Axis ELSS Tax Saver Fund - Direct Plan - Growth Option,Axis Mutual Fund,Open Ended Schemes,Equity Scheme - ELSS,09-04-2013,13.93890
120503,Axis ELSS Tax Saver Fund - Direct Plan - Growth Option,Axis Mutual Fund,Open Ended Schemes,Equity Scheme - ELSS,08-04-2013,14.02240
120503,Axis ELSS Tax Saver Fund - Direct Plan - Growth Option,Axis Mutual Fund,Open Ended Schemes,Equity Scheme - ELSS,07-04-2013,0.00000
120503,Axis ELSS Tax Saver Fund - Direct Plan - Growth Option,Axis Mutual Fund,Open Ended Schemes,Equity Scheme - ELSS,05-04-2013,14.04790
120503,Axis ELSS Tax Saver Fund - Direct Plan - Growth Option,Axis Mutual Fund,Open Ended Schemes,Equity Scheme - ELSS,04-04-2013,14.06010
120503,Axis ELSS Tax Saver Fund - Direct Plan - Growth Option,Axis Mutual Fund,Open Ended Schemes,Equity Scheme - ELSS,03-04-2013,14.29290
120503,Axis ELSS Tax Saver Fund - Direct Plan - Growth Option,Axis Mutual Fund,Open Ended Schemes,Equity Scheme - ELSS,02-04-2013,14.37680
120503,Axis ELSS Tax Saver Fund - Direct Plan - Growth Option,Axis Mutual Fund,Open Ended Schemes,Equity Scheme - ELSS,01-04-2013,14.23100
120503,Axis ELSS Tax Saver Fund - Direct Plan - Growth Option,Axis Mutual Fund,Open Ended Schemes,Equity Scheme - ELSS,28-03-2013,14.19910
120503,Axis ELSS Tax Saver Fund - Direct Plan - Growth Option,Axis Mutual Fund,Open Ended Schemes,Equity Scheme - ELSS,26-03-2013,14.09450
120503,Axis ELSS Tax Saver Fund - Direct Plan - Growth Option,Axis Mutual Fund,Open Ended Schemes,Equity Scheme - ELSS,25-03-2013,14.02110
120503,Axis ELSS Tax Saver Fund - Direct Plan - Growth Option,Axis Mutual Fund,Open Ended Schemes,Equity Scheme - ELSS,22-03-2013,14.06380
120503,Axis ELSS Tax Saver Fund - Direct Plan - Growth Option,Axis Mutual Fund,Open Ended Schemes,Equity Scheme - ELSS,21-03-2013,14.12870
120503,Axis ELSS Tax Saver Fund - Direct Plan - Growth Option,Axis Mutual Fund,Open Ended Schemes,Equity Scheme - ELSS,20-03-2013,14.19180
120503,Axis ELSS Tax Saver Fund - Direct Plan - Growth Option,Axis Mutual Fund,Open Ended Schemes,Equity Scheme - ELSS,19-03-2013,14.37560
120503,Axis ELSS Tax Saver Fund - Direct Plan - Growth Option,Axis Mutual Fund,Open Ended Schemes,Equity Scheme - ELSS,18-03-2013,14.57160
120503,Axis ELSS Tax Saver Fund - Direct Plan - Growth Option,Axis Mutual Fund,Open Ended Schemes,Equity Scheme - ELSS,15-03-2013,14.65030
120503,Axis ELSS Tax Saver Fund - Direct Plan - Growth Option,Axis Mutual Fund,Open Ended Schemes,Equity Scheme - ELSS,14-03-2013,14.66880
120503,Axis ELSS Tax Saver Fund - Direct Plan - Growth Option,Axis Mutual Fund,Open Ended Schemes,Equity Scheme - ELSS,13-03-2013,14.53840
120503,Axis ELSS Tax Saver Fund - Direct Plan - Growth Option,Axis Mutual Fund,Open Ended Schemes,Equity Scheme - ELSS,12-03-2013,14.69000
120503,Axis ELSS Tax Saver Fund - Direct Plan - Growth Option,Axis Mutual Fund,Open Ended Schemes,Equity Scheme - ELSS,11-03-2013,14.73090
120503,Axis ELSS Tax Saver Fund - Direct Plan - Growth Option,Axis Mutual Fund,Open Ended Schemes,Equity Scheme - ELSS,08-03-2013,14.69710
120503,Axis ELSS Tax Saver Fund - Direct Plan - Growth Option,Axis Mutual Fund,Open Ended Schemes,Equity Scheme - ELSS,07-03-2013,14.49210
120503,Axis ELSS Tax Saver Fund - Direct Plan - Growth Option,Axis Mutual Fund,Open Ended Schemes,Equity Scheme - ELSS,06-03-2013,14.36690
120503,Axis ELSS Tax Saver Fund - Direct Plan - Growth Option,Axis Mutual Fund,Open Ended Schemes,Equity Scheme - ELSS,05-03-2013,14.30510
120503,Axis ELSS Tax Saver Fund - Direct Plan - Growth Option,Axis Mutual Fund,Open Ended Schemes,Equity Scheme - ELSS,04-03-2013,14.15350
120503,Axis ELSS Tax Saver Fund - Direct Plan - Growth Option,Axis Mutual Fund,Open Ended Schemes,Equity Scheme - ELSS,01-03-2013,14.23800
120503,Axis ELSS Tax Saver Fund - Direct Plan - Growth Option,Axis Mutual Fund,Open Ended Schemes,Equity Scheme - ELSS,28-02-2013,14.10920
120503,Axis ELSS Tax Saver Fund - Direct Plan - Growth Option,Axis Mutual Fund,Open Ended Schemes,Equity Scheme - ELSS,27-02-2013,14.28790
120503,Axis ELSS Tax Saver Fund - Direct Plan - Growth Option,Axis Mutual Fund,Open Ended Schemes,Equity Scheme - ELSS,26-02-2013,14.20490
120503,Axis ELSS Tax Saver Fund - Direct Plan - Growth Option,Axis Mutual Fund,Open Ended Schemes,Equity Scheme - ELSS,25-02-2013,14.40100
120503,Axis ELSS Tax Saver Fund - Direct Plan - Growth Option,Axis Mutual Fund,Open Ended Schemes,Equity Scheme - ELSS,22-02-2013,14.44230
120503,Axis ELSS Tax Saver Fund - Direct Plan - Growth Option,Axis Mutual Fund,Open Ended Schemes,Equity Scheme - ELSS,21-02-2013,14.41630
120503,Axis ELSS Tax Saver Fund - Direct Plan - Growth Option,Axis Mutual Fund,Open Ended Schemes,Equity Scheme - ELSS,20-02-2013,14.61590
120503,Axis ELSS Tax Saver Fund - Direct Plan - Growth Option,Axis Mutual Fund,Open Ended Schemes,Equity Scheme - ELSS,19-02-2013,14.61140
120503,Axis ELSS Tax Saver Fund - Direct Plan - Growth Option,Axis Mutual Fund,Open Ended Schemes,Equity Scheme - ELSS,18-02-2013,14.49150
120503,Axis ELSS Tax Saver Fund - Direct Plan - Growth Option,Axis Mutual Fund,Open Ended Schemes,Equity Scheme - ELSS,15-02-2013,14.46660
120503,Axis ELSS Tax Saver Fund - Direct Plan - Growth Option,Axis Mutual Fund,Open Ended Schemes,Equity Scheme - ELSS,14-02-2013,14.50470
120503,Axis ELSS Tax Saver Fund - Direct Plan - Growth Option,Axis Mutual Fund,Open Ended Schemes,Equity Scheme - ELSS,13-02-2013,14.61060
120503,Axis ELSS Tax Saver Fund - Direct Plan - Growth Option,Axis Mutual Fund,Open Ended Schemes,Equity Scheme - ELSS,12-02-2013,14.55460
120503,Axis ELSS Tax Saver Fund - Direct Plan - Growth Option,Axis Mutual Fund,Open Ended Schemes,Equity Scheme - ELSS,11-02-2013,14.54890
120503,Axis ELSS Tax Saver Fund - Direct Plan - Growth Option,Axis Mutual Fund,Open Ended Schemes,Equity Scheme - ELSS,08-02-2013,14.61450
120503,Axis ELSS Tax Saver Fund - Direct Plan - Growth Option,Axis Mutual Fund,Open Ended Schemes,Equity Scheme - ELSS,07-02-2013,14.68220
120503,Axis ELSS Tax Saver Fund - Direct Plan - Growth Option,Axis Mutual Fund,Open Ended Schemes,Equity Scheme - ELSS,06-02-2013,14.70260
120503,Axis ELSS Tax Saver Fund - Direct Plan - Growth Option,Axis Mutual Fund,Open Ended Schemes,Equity Scheme - ELSS,05-02-2013,14.64350
120503,Axis ELSS Tax Saver Fund - Direct Plan - Growth Option,Axis Mutual Fund,Open Ended Schemes,Equity Scheme - ELSS,04-02-2013,14.70650
120503,Axis ELSS Tax Saver Fund - Direct Plan - Growth Option,Axis Mutual Fund,Open Ended Schemes,Equity Scheme - ELSS,01-02-2013,14.69610
120503,Axis ELSS Tax Saver Fund - Direct Plan - Growth Option,Axis Mutual Fund,Open Ended Schemes,Equity Scheme - ELSS,31-01-2013,14.73260
120503,Axis ELSS Tax Saver Fund - Direct Plan - Growth Option,Axis Mutual Fund,Open Ended Schemes,Equity Scheme - ELSS,30-01-2013,14.77060
120503,Axis ELSS Tax Saver Fund - Direct Plan - Growth Option,Axis Mutual Fund,Open Ended Schemes,Equity Scheme - ELSS,29-01-2013,14.79460
120503,Axis ELSS Tax Saver Fund - Direct Plan - Growth Option,Axis Mutual Fund,Open Ended Schemes,Equity Scheme - ELSS,28-01-2013,14.77690
120503,Axis ELSS Tax Saver Fund - Direct Plan - Growth Option,Axis Mutual Fund,Open Ended Schemes,Equity Scheme - ELSS,25-01-2013,14.76950
120503,Axis ELSS Tax Saver Fund - Direct Plan - Growth Option,Axis Mutual Fund,Open Ended Schemes,Equity Scheme - ELSS,24-01-2013,14.61240
120503,Axis ELSS Tax Saver Fund - Direct Plan - Growth Option,Axis Mutual Fund,Open Ended Schemes,Equity Scheme - ELSS,23-01-2013,14.69610
120503,Axis ELSS Tax Saver Fund - Direct Plan - Growth Option,Axis Mutual Fund,Open Ended Schemes,Equity Scheme - ELSS,22-01-2013,14.70720
120503,Axis ELSS Tax Saver Fund - Direct Plan - Growth Option,Axis Mutual Fund,Open Ended Schemes,Equity Scheme - ELSS,21-01-2013,14.75380
120503,Axis ELSS Tax Saver Fund - Direct Plan - Growth Option,Axis Mutual Fund,Open Ended Schemes,Equity Scheme - ELSS,18-01-2013,14.79540
120503,Axis ELSS Tax Saver Fund - Direct Plan - Growth Option,Axis Mutual Fund,Open Ended Schemes,Equity Scheme - ELSS,17-01-2013,14.82140
120503,Axis ELSS Tax Saver Fund - Direct Plan - Growth Option,Axis Mutual Fund,Open Ended Schemes,Equity Scheme - ELSS,16-01-2013,14.87520
120503,Axis ELSS Tax Saver Fund - Direct Plan - Growth Option,Axis Mutual Fund,Open Ended Schemes,Equity Scheme - ELSS,15-01-2013,14.98130
120503,Axis ELSS Tax Saver Fund - Direct Plan - Growth Option,Axis Mutual Fund,Open Ended Schemes,Equity Scheme - ELSS,14-01-2013,14.97670
120503,Axis ELSS Tax Saver Fund - Direct Plan - Growth Option,Axis Mutual Fund,Open Ended Schemes,Equity Scheme - ELSS,11-01-2013,14.88860
120503,Axis ELSS Tax Saver Fund - Direct Plan - Growth Option,Axis Mutual Fund,Open Ended Schemes,Equity Scheme - ELSS,10-01-2013,15.06190
120503,Axis ELSS Tax Saver Fund - Direct Plan - Growth Option,Axis Mutual Fund,Open Ended Schemes,Equity Scheme - ELSS,09-01-2013,15.05170
120503,Axis ELSS Tax Saver Fund - Direct Plan - Growth Option,Axis Mutual Fund,Open Ended Schemes,Equity Scheme - ELSS,08-01-2013,15.11460
120503,Axis ELSS Tax Saver Fund - Direct Plan - Growth Option,Axis Mutual Fund,Open Ended Schemes,Equity Scheme - ELSS,07-01-2013,15.09130
120503,Axis ELSS Tax Saver Fund - Direct Plan - Growth Option,Axis Mutual Fund,Open Ended Schemes,Equity Scheme - ELSS,04-01-2013,15.07020
120503,Axis ELSS Tax Saver Fund - Direct Plan - Growth Option,Axis Mutual Fund,Open Ended Schemes,Equity Scheme - ELSS,03-01-2013,15.07370
120503,Axis ELSS Tax Saver Fund - Direct Plan - Growth Option,Axis Mutual Fund,Open Ended Schemes,Equity Scheme - ELSS,02-01-2013,15.02530
