amfi_code,scheme_name,fund_house,scheme_type,scheme_category,date,nav
118632,Nippon India Large Cap Fund - Direct Plan Growth Plan - Growth Option,Nippon India Mutual Fund,Open Ended Schemes,Equity Scheme - Large Cap Fund,01-06-2026,97.19440
118632,Nippon India Large Cap Fund - Direct Plan Growth Plan - Growth Option,Nippon India Mutual Fund,Open Ended Schemes,Equity Scheme - Large Cap Fund,29-05-2026,98.46560
118632,Nippon India Large Cap Fund - Direct Plan Growth Plan - Growth Option,Nippon India Mutual Fund,Open Ended Schemes,Equity Scheme - Large Cap Fund,27-05-2026,99.80920
118632,Nippon India Large Cap Fund - Direct Plan Growth Plan - Growth Option,Nippon India Mutual Fund,Open Ended Schemes,Equity Scheme - Large Cap Fund,26-05-2026,99.43560
118632,Nippon India Large Cap Fund - Direct Plan Growth Plan - Growth Option,Nippon India Mutual Fund,Open Ended Schemes,Equity Scheme - Large Cap Fund,25-05-2026,99.80470
118632,Nippon India Large Cap Fund - Direct Plan Growth Plan - Growth Option,Nippon India Mutual Fund,Open Ended Schemes,Equity Scheme - Large Cap Fund,22-05-2026,98.74970
118632,Nippon India Large Cap Fund - Direct Plan Growth Plan - Growth Option,Nippon India Mutual Fund,Open Ended Schemes,Equity Scheme - Large Cap Fund,21-05-2026,98.37810
118632,Nippon India Large Cap Fund - Direct Plan Growth Plan - Growth Option,Nippon India Mutual Fund,Open Ended Schemes,Equity Scheme - Large Cap Fund,20-05-2026,98.39330
118632,Nippon India Large Cap Fund - Direct Plan Growth Plan - Growth Option,Nippon India Mutual Fund,Open Ended Schemes,Equity Scheme - Large Cap Fund,19-05-2026,98.12890
118632,Nippon India Large Cap Fund - Direct Plan Growth Plan - Growth Option,Nippon India Mutual Fund,Open Ended Schemes,Equity Scheme - Large Cap Fund,18-05-2026,97.93720
118632,Nippon India Large Cap Fund - Direct Plan Growth Plan - Growth Option,Nippon India Mutual Fund,Open Ended Schemes,Equity Scheme - Large Cap Fund,15-05-2026,98.00590
118632,Nippon India Large Cap Fund - Direct Plan Growth Plan - Growth Option,Nippon India Mutual Fund,Open Ended Schemes,Equity Scheme - Large Cap Fund,14-05-2026,98.06060
118632,Nippon India Large Cap Fund - Direct Plan Growth Plan - Growth Option,Nippon India Mutual Fund,Open Ended Schemes,Equity Scheme - Large Cap Fund,13-05-2026,97.16900
118632,Nippon India Large Cap Fund - Direct Plan Growth Plan - Growth Option,Nippon India Mutual Fund,Open Ended Schemes,Equity Scheme - Large Cap Fund,12-05-2026,97.18460
118632,Nippon India Large Cap Fund - Direct Plan Growth Plan - Growth Option,Nippon India Mutual Fund,Open Ended Schemes,Equity Scheme - Large Cap Fund,11-05-2026,99.20070
118632,Nippon India Large Cap Fund - Direct Plan Growth Plan - Growth Option,Nippon India Mutual Fund,Open Ended Schemes,Equity Scheme - Large Cap Fund,08-05-2026,100.49810
118632,Nippon India Large Cap Fund - Direct Plan Growth Plan - Growth Option,Nippon India Mutual Fund,Open Ended Schemes,Equity Scheme - Large Cap Fund,07-05-2026,101.29170
118632,Nippon India Large Cap Fund - Direct Plan Growth Plan - Growth Option,Nippon India Mutual Fund,Open Ended Schemes,Equity Scheme - Large Cap Fund,06-05-2026,101.17250
118632,Nippon India Large Cap Fund - Direct Plan Growth Plan - Growth Option,Nippon India Mutual Fund,Open Ended Schemes,Equity Scheme - Large Cap Fund,05-05-2026,99.90720
118632,Nippon India Large Cap Fund - Direct Plan Growth Plan - Growth Option,Nippon India Mutual Fund,Open Ended Schemes,Equity Scheme - Large Cap Fund,04-05-2026,100.09320
118632,Nippon India Large Cap Fund - Direct Plan Growth Plan - Growth Option,Nippon India Mutual Fund,Open Ended Schemes,Equity Scheme - Large Cap Fund,30-04-2026,99.55020
118632,Nippon India Large Cap Fund - Direct Plan Growth Plan - Growth Option,Nippon India Mutual Fund,Open Ended Schemes,Equity Scheme - Large Cap Fund,29-04-2026,100.39280
118632,Nippon India Large Cap Fund - Direct Plan Growth Plan - Growth Option,Nippon India Mutual Fund,Open Ended Schemes,Equity Scheme - Large Cap Fund,28-04-2026,99.97820
118632,Nippon India Large Cap Fund - Direct Plan Growth Plan - Growth Option,Nippon India Mutual Fund,Open Ended Schemes,Equity Scheme - Large Cap Fund,27-04-2026,100.60930
118632,Nippon India Large Cap Fund - Direct Plan Growth Plan - Growth Option,Nippon India Mutual Fund,Open Ended Schemes,Equity Scheme - Large Cap Fund,24-04-2026,99.76000
118632,Nippon India Large Cap Fund - Direct Plan Growth Plan - Growth Option,Nippon India Mutual Fund,Open Ended Schemes,Equity Scheme - Large Cap Fund,23-04-2026,100.80160
118632,Nippon India Large Cap Fund - Direct Plan Growth Plan - Growth Option,Nippon India Mutual Fund,Open Ended Schemes,Equity Scheme - Large Cap Fund,22-04-2026,101.58030
118632,Nippon India Large Cap Fund - Direct Plan Growth Plan - Growth Option,Nippon India Mutual Fund,Open Ended Schemes,Equity Scheme - Large Cap Fund,21-04-2026,101.96450
118632,Nippon India Large Cap Fund - Direct Plan Growth Plan - Growth Option,Nippon India Mutual Fund,Open Ended Schemes,Equity Scheme - Large Cap Fund,20-04-2026,100.95660
118632,Nippon India Large Cap Fund - Direct Plan Growth Plan - Growth Option,Nippon India Mutual Fund,Open Ended Schemes,Equity Scheme - Large Cap Fund,17-04-2026,100.79030
118632,Nippon India Large Cap Fund - Direct Plan Growth Plan - Growth Option,Nippon India Mutual Fund,Open Ended Schemes,Equity Scheme - Large Cap Fund,16-04-2026,99.92630
118632,Nippon India Large Cap Fund - Direct Plan Growth Plan - Growth Option,Nippon India Mutual Fund,Open Ended Schemes,Equity Scheme - Large Cap Fund,15-04-2026,99.88430
118632,Nippon India Large Cap Fund - Direct Plan Growth Plan - Growth Option,Nippon India Mutual Fund,Open Ended Schemes,Equity Scheme - Large Cap Fund,13-04-2026,98.18510
118632,Nippon India Large Cap Fund - Direct Plan Growth Plan - Growth Option,Nippon India Mutual Fund,Open Ended Schemes,Equity Scheme - Large Cap Fund,10-04-2026,98.88860
118632,Nippon India Large Cap Fund - Direct Plan Growth Plan - Growth Option,Nippon India Mutual Fund,Open Ended Schemes,Equity Scheme - Large Cap Fund,09-04-2026,97.49480
118632,Nippon India Large Cap Fund - Direct Plan Growth Plan - Growth Option,Nippon India Mutual Fund,Open Ended Schemes,Equity Scheme - Large Cap Fund,08-04-2026,98.18610
118632,Nippon India Large Cap Fund - Direct Plan Growth Plan - Growth Option,Nippon India Mutual Fund,Open Ended Schemes,Equity Scheme - Large Cap Fund,07-04-2026,94.75840
118632,Nippon India Large Cap Fund - Direct Plan Growth Plan - Growth Option,Nippon India Mutual Fund,Open Ended Schemes,Equity Scheme - Large Cap Fund,06-04-2026,94.35300
118632,Nippon India Large Cap Fund - Direct Plan Growth Plan - Growth Option,Nippon India Mutual Fund,Open Ended Schemes,Equity Scheme - Large Cap Fund,02-04-2026,93.23610
118632,Nippon India Large Cap Fund - Direct Plan Growth Plan - Growth Option,Nippon India Mutual Fund,Open Ended Schemes,Equity Scheme - Large Cap Fund,01-04-2026,92.92110
118632,Nippon India Large Cap Fund - Direct Plan Growth Plan - Growth Option,Nippon India Mutual Fund,Open Ended Schemes,Equity Scheme - Large Cap Fund,31-03-2026,91.45390
118632,Nippon India Large Cap Fund - Direct Plan Growth Plan - Growth Option,Nippon India Mutual Fund,Open Ended Schemes,Equity Scheme - Large Cap Fund,30-03-2026,91.45500
118632,Nippon India Large Cap Fund - Direct Plan Growth Plan - Growth Option,Nippon India Mutual Fund,Open Ended Schemes,Equity Scheme - Large Cap Fund,27-03-2026,93.57900
118632,Nippon India Large Cap Fund - Direct Plan Growth Plan - Growth Option,Nippon India Mutual Fund,Open Ended Schemes,Equity Scheme - Large Cap Fund,25-03-2026,95.62170
118632,Nippon India Large Cap Fund - Direct Plan Growth Plan - Growth Option,Nippon India Mutual Fund,Open Ended Schemes,Equity Scheme - Large Cap Fund,24-03-2026,93.83540
118632,Nippon India Large Cap Fund - Direct Plan Growth Plan - Growth Option,Nippon India Mutual Fund,Open Ended Schemes,Equity Scheme - Large Cap Fund,23-03-2026,92.15230
118632,Nippon India Large Cap Fund - Direct Plan Growth Plan - Growth Option,Nippon India Mutual Fund,Open Ended Schemes,Equity Scheme - Large Cap Fund,20-03-2026,94.82760
118632,Nippon India Large Cap Fund - Direct Plan Growth Plan - Growth Option,Nippon India Mutual Fund,Open Ended Schemes,Equity Scheme - Large Cap Fund,19-03-2026,94.54580
118632,Nippon India Large Cap Fund - Direct Plan Growth Plan - Growth Option,Nippon India Mutual Fund,Open Ended Schemes,Equity Scheme - Large Cap Fund,18-03-2026,97.54880
118632,Nippon India Large Cap Fund - Direct Plan Growth Plan - Growth Option,Nippon India Mutual Fund,Open Ended Schemes,Equity Scheme - Large Cap Fund,17-03-2026,96.61460
118632,Nippon India Large Cap Fund - Direct Plan Growth Plan - Growth Option,Nippon India Mutual Fund,Open Ended Schemes,Equity Scheme - Large Cap Fund,16-03-2026,95.94410
118632,Nippon India Large Cap Fund - Direct Plan Growth Plan - Growth Option,Nippon India Mutual Fund,Open Ended Schemes,Equity Scheme - Large Cap Fund,13-03-2026,95.18440
118632,Nippon India Large Cap Fund - Direct Plan Growth Plan - Growth Option,Nippon India Mutual Fund,Open Ended Schemes,Equity Scheme - Large Cap Fund,12-03-2026,97.31000
118632,Nippon India Large Cap Fund - Direct Plan Growth Plan - Growth Option,Nippon India Mutual Fund,Open Ended Schemes,Equity Scheme - Large Cap Fund,11-03-2026,98.11390
118632,Nippon India Large Cap Fund - Direct Plan Growth Plan - Growth Option,Nippon India Mutual Fund,Open Ended Schemes,Equity Scheme - Large Cap Fund,10-03-2026,99.47250
118632,Nippon India Large Cap Fund - Direct Plan Growth Plan - Growth Option,Nippon India Mutual Fund,Open Ended Schemes,Equity Scheme - Large Cap Fund,09-03-2026,98.28950
118632,Nippon India Large Cap Fund - Direct Plan Growth Plan - Growth Option,Nippon India Mutual Fund,Open Ended Schemes,Equity Scheme - Large Cap Fund,06-03-2026,100.08290
118632,Nippon India Large Cap Fund - Direct Plan Growth Plan - Growth Option,Nippon India Mutual Fund,Open Ended Schemes,Equity Scheme - Large Cap Fund,05-03-2026,101.14220
118632,Nippon India Large Cap Fund - Direct Plan Growth Plan - Growth Option,Nippon India Mutual Fund,Open Ended Schemes,Equity Scheme - Large Cap Fund,04-03-2026,99.95100
118632,Nippon India Large Cap Fund - Direct Plan Growth Plan - Growth Option,Nippon India Mutual Fund,Open Ended Schemes,Equity Scheme - Large Cap Fund,02-03-2026,101.85410
118632,Nippon India Large Cap Fund - Direct Plan Growth Plan - Growth Option,Nippon India Mutual Fund,Open Ended Schemes,Equity Scheme - Large Cap Fund,27-02-2026,103.30520
118632,Nippon India Large Cap Fund - Direct Plan Growth Plan - Growth Option,Nippon India Mutual Fund,Open Ended Schemes,Equity Scheme - Large Cap Fund,26-02-2026,104.50750
118632,Nippon India Large Cap Fund - Direct Plan Growth Plan - Growth Option,Nippon India Mutual Fund,Open Ended Schemes,Equity Scheme - Large Cap Fund,25-02-2026,104.46410
118632,Nippon India Large Cap Fund - Direct Plan Growth Plan - Growth Option,Nippon India Mutual Fund,Open Ended Schemes,Equity Scheme - Large Cap Fund,24-02-2026,103.95640
118632,Nippon India Large Cap Fund - Direct Plan Growth Plan - Growth Option,Nippon India Mutual Fund,Open Ended Schemes,Equity Scheme - Large Cap Fund,23-02-2026,104.82030
118632,Nippon India Large Cap Fund - Direct Plan Growth Plan - Growth Option,Nippon India Mutual Fund,Open Ended Schemes,Equity Scheme - Large Cap Fund,20-02-2026,104.23510
118632,Nippon India Large Cap Fund - Direct Plan Growth Plan - Growth Option,Nippon India Mutual Fund,Open Ended Schemes,Equity Scheme - Large Cap Fund,19-02-2026,103.59180
118632,Nippon India Large Cap Fund - Direct Plan Growth Plan - Growth Option,Nippon India Mutual Fund,Open Ended Schemes,Equity Scheme - Large Cap Fund,18-02-2026,105.25590
118632,Nippon India Large Cap Fund - Direct Plan Growth Plan - Growth Option,Nippon India Mutual Fund,Open Ended Schemes,Equity Scheme - Large Cap Fund,17-02-2026,104.70840
118632,Nippon India Large Cap Fund - Direct Plan Growth Plan - Growth Option,Nippon India Mutual Fund,Open Ended Schemes,Equity Scheme - Large Cap Fund,16-02-2026,104.53610
118632,Nippon India Large Cap Fund - Direct Plan Growth Plan - Growth Option,Nippon India Mutual Fund,Open Ended Schemes,Equity Scheme - Large Cap Fund,13-02-2026,103.81480
118632,Nippon India Large Cap Fund - Direct Plan Growth Plan - Growth Option,Nippon India Mutual Fund,Open Ended Schemes,Equity Scheme - Large Cap Fund,12-02-2026,104.99220
118632,Nippon India Large Cap Fund - Direct Plan Growth Plan - Growth Option,Nippon India Mutual Fund,Open Ended Schemes,Equity Scheme - Large Cap Fund,11-02-2026,105.54260
118632,Nippon India Large Cap Fund - Direct Plan Growth Plan - Growth Option,Nippon India Mutual Fund,Open Ended Schemes,Equity Scheme - Large Cap Fund,10-02-2026,105.35720
118632,Nippon India Large Cap Fund - Direct Plan Growth Plan - Growth Option,Nippon India Mutual Fund,Open Ended Schemes,Equity Scheme - Large Cap Fund,09-02-2026,104.89980
118632,Nippon India Large Cap Fund - Direct Plan Growth Plan - Growth Option,Nippon India Mutual Fund,Open Ended Schemes,Equity Scheme - Large Cap Fund,06-02-2026,103.92040
118632,Nippon India Large Cap Fund - Direct Plan Growth Plan - Growth Option,Nippon India Mutual Fund,Open Ended Schemes,Equity Scheme - Large Cap Fund,05-02-2026,103.75900
118632,Nippon India Large Cap Fund - Direct Plan Growth Plan - Growth Option,Nippon India Mutual Fund,Open Ended Schemes,Equity Scheme - Large Cap Fund,04-02-2026,104.07640
118632,Nippon India Large Cap Fund - Direct Plan Growth Plan - Growth Option,Nippon India Mutual Fund,Open Ended Schemes,Equity Scheme - Large Cap Fund,03-02-2026,103.85380
118632,Nippon India Large Cap Fund - Direct Plan Growth Plan - Growth Option,Nippon India Mutual Fund,Open Ended Schemes,Equity Scheme - Large Cap Fund,02-02-2026,101.24560
118632,Nippon India Large Cap Fund - Direct Plan Growth Plan - Growth Option,Nippon India Mutual Fund,Open Ended Schemes,Equity Scheme - Large Cap Fund,30-01-2026,102.23550
118632,Nippon India Large Cap Fund - Direct Plan Growth Plan - Growth Option,Nippon India Mutual Fund,Open Ended Schemes,Equity Scheme - Large Cap Fund,29-01-2026,102.39490
118632,Nippon India Large Cap Fund - Direct Plan Growth Plan - Growth Option,Nippon India Mutual Fund,Open Ended Schemes,Equity Scheme - Large Cap Fund,28-01-2026,101.84160
118632,Nippon India Large Cap Fund - Direct Plan Growth Plan - Growth Option,Nippon India Mutual Fund,Open Ended Schemes,Equity Scheme - Large Cap Fund,27-01-2026,100.89520
118632,Nippon India Large Cap Fund - Direct Plan Growth Plan - Growth Option,Nippon India Mutual Fund,Open Ended Schemes,Equity Scheme - Large Cap Fund,23-01-2026,100.51270
118632,Nippon India Large Cap Fund - Direct Plan Growth Plan - Growth Option,Nippon India Mutual Fund,Open Ended Schemes,Equity Scheme - Large Cap Fund,22-01-2026,101.53930
118632,Nippon India Large Cap Fund - Direct Plan Growth Plan - Growth Option,Nippon India Mutual Fund,Open Ended Schemes,Equity Scheme - Large Cap Fund,21-01-2026,100.89630
118632,Nippon India Large Cap Fund - Direct Plan Growth Plan - Growth Option,Nippon India Mutual Fund,Open Ended Schemes,Equity Scheme - Large Cap Fund,20-01-2026,101.29080
118632,Nippon India Large Cap Fund - Direct Plan Growth Plan - Growth Option,Nippon India Mutual Fund,Open Ended Schemes,Equity Scheme - Large Cap Fund,19-01-2026,102.92260
118632,Nippon India Large Cap Fund - Direct Plan Growth Plan - Growth Option,Nippon India Mutual Fund,Open Ended Schemes,Equity Scheme - Large Cap Fund,16-01-2026,103.21360
118632,Nippon India Large Cap Fund - Direct Plan Growth Plan - Growth Option,Nippon India Mutual Fund,Open Ended Schemes,Equity Scheme - Large Cap Fund,14-01-2026,103.31770
118632,Nippon India Large Cap Fund - Direct Plan Growth Plan - Growth Option,Nippon India Mutual Fund,Open Ended Schemes,Equity Scheme - Large Cap Fund,13-01-2026,103.37350
118632,Nippon India Large Cap Fund - Direct Plan Growth Plan - Growth Option,Nippon India Mutual Fund,Open Ended Schemes,Equity Scheme - Large Cap Fund,12-01-2026,103.62180
118632,Nippon India Large Cap Fund - Direct Plan Growth Plan - Growth Option,Nippon India Mutual Fund,Open Ended Schemes,Equity Scheme - Large Cap Fund,09-01-2026,103.46540
118632,Nippon India Large Cap Fund - Direct Plan Growth Plan - Growth Option,Nippon India Mutual Fund,Open Ended Schemes,Equity Scheme - Large Cap Fund,08-01-2026,104.33270
118632,Nippon India Large Cap Fund - Direct Plan Growth Plan - Growth Option,Nippon India Mutual Fund,Open Ended Schemes,Equity Scheme - Large Cap Fund,07-01-2026,105.60780
118632,Nippon India Large Cap Fund - Direct Plan Growth Plan - Growth Option,Nippon India Mutual Fund,Open Ended Schemes,Equity Scheme - Large Cap Fund,06-01-2026,105.70060
118632,Nippon India Large Cap Fund - Direct Plan Growth Plan - Growth Option,Nippon India Mutual Fund,Open Ended Schemes,Equity Scheme - Large Cap Fund,05-01-2026,105.71090
118632,Nippon India Large Cap Fund - Direct Plan Growth Plan - Growth Option,Nippon India Mutual Fund,Open Ended Schemes,Equity Scheme - Large Cap Fund,02-01-2026,106.12720
118632,Nippon India Large Cap Fund - Direct Plan Growth Plan - Growth Option,Nippon India Mutual Fund,Open Ended Schemes,Equity Scheme - Large Cap Fund,01-01-2026,105.40010
118632,Nippon India Large Cap Fund - Direct Plan Growth Plan - Growth Option,Nippon India Mutual Fund,Open Ended Schemes,Equity Scheme - Large Cap Fund,31-12-2025,105.34210
118632,Nippon India Large Cap Fund - Direct Plan Growth Plan - Growth Option,Nippon India Mutual Fund,Open Ended Schemes,Equity Scheme - Large Cap Fund,30-12-2025,104.59350
118632,Nippon India Large Cap Fund - Direct Plan Growth Plan - Growth Option,Nippon India Mutual Fund,Open Ended Schemes,Equity Scheme - Large Cap Fund,29-12-2025,104.71880
118632,Nippon India Large Cap Fund - Direct Plan Growth Plan - Growth Option,Nippon India Mutual Fund,Open Ended Schemes,Equity Scheme - Large Cap Fund,26-12-2025,104.99120
118632,Nippon India Large Cap Fund - Direct Plan Growth Plan - Growth Option,Nippon India Mutual Fund,Open Ended Schemes,Equity Scheme - Large Cap Fund,24-12-2025,105.35480
118632,Nippon India Large Cap Fund - Direct Plan Growth Plan - Growth Option,Nippon India Mutual Fund,Open Ended Schemes,Equity Scheme - Large Cap Fund,23-12-2025,105.53810
118632,Nippon India Large Cap Fund - Direct Plan Growth Plan - Growth Option,Nippon India Mutual Fund,Open Ended Schemes,Equity Scheme - Large Cap Fund,22-12-2025,105.33800
118632,Nippon India Large Cap Fund - Direct Plan Growth Plan - Growth Option,Nippon India Mutual Fund,Open Ended Schemes,Equity Scheme - Large Cap Fund,19-12-2025,104.74950
118632,Nippon India Large Cap Fund - Direct Plan Growth Plan - Growth Option,Nippon India Mutual Fund,Open Ended Schemes,Equity Scheme - Large Cap Fund,18-12-2025,104.06780
118632,Nippon India Large Cap Fund - Direct Plan Growth Plan - Growth Option,Nippon India Mutual Fund,Open Ended Schemes,Equity Scheme - Large Cap Fund,17-12-2025,104.19180
118632,Nippon India Large Cap Fund - Direct Plan Growth Plan - Growth Option,Nippon India Mutual Fund,Open Ended Schemes,Equity Scheme - Large Cap Fund,16-12-2025,104.47820
118632,Nippon India Large Cap Fund - Direct Plan Growth Plan - Growth Option,Nippon India Mutual Fund,Open Ended Schemes,Equity Scheme - Large Cap Fund,15-12-2025,105.18210
118632,Nippon India Large Cap Fund - Direct Plan Growth Plan - Growth Option,Nippon India Mutual Fund,Open Ended Schemes,Equity Scheme - Large Cap Fund,12-12-2025,105.27380
118632,Nippon India Large Cap Fund - Direct Plan Growth Plan - Growth Option,Nippon India Mutual Fund,Open Ended Schemes,Equity Scheme - Large Cap Fund,11-12-2025,104.65900
118632,Nippon India Large Cap Fund - Direct Plan Growth Plan - Growth Option,Nippon India Mutual Fund,Open Ended Schemes,Equity Scheme - Large Cap Fund,10-12-2025,104.01400
118632,Nippon India Large Cap Fund - Direct Plan Growth Plan - Growth Option,Nippon India Mutual Fund,Open Ended Schemes,Equity Scheme - Large Cap Fund,09-12-2025,104.26350
118632,Nippon India Large Cap Fund - Direct Plan Growth Plan - Growth Option,Nippon India Mutual Fund,Open Ended Schemes,Equity Scheme - Large Cap Fund,08-12-2025,104.37210
118632,Nippon India Large Cap Fund - Direct Plan Growth Plan - Growth Option,Nippon India Mutual Fund,Open Ended Schemes,Equity Scheme - Large Cap Fund,05-12-2025,105.41420
118632,Nippon India Large Cap Fund - Direct Plan Growth Plan - Growth Option,Nippon India Mutual Fund,Open Ended Schemes,Equity Scheme - Large Cap Fund,04-12-2025,105.04260
118632,Nippon India Large Cap Fund - Direct Plan Growth Plan - Growth Option,Nippon India Mutual Fund,Open Ended Schemes,Equity Scheme - Large Cap Fund,03-12-2025,105.02140
118632,Nippon India Large Cap Fund - Direct Plan Growth Plan - Growth Option,Nippon India Mutual Fund,Open Ended Schemes,Equity Scheme - Large Cap Fund,02-12-2025,105.23670
118632,Nippon India Large Cap Fund - Direct Plan Growth Plan - Growth Option,Nippon India Mutual Fund,Open Ended Schemes,Equity Scheme - Large Cap Fund,01-12-2025,105.53890
118632,Nippon India Large Cap Fund - Direct Plan Growth Plan - Growth Option,Nippon India Mutual Fund,Open Ended Schemes,Equity Scheme - Large Cap Fund,28-11-2025,105.68440
118632,Nippon India Large Cap Fund - Direct Plan Growth Plan - Growth Option,Nippon India Mutual Fund,Open Ended Schemes,Equity Scheme - Large Cap Fund,27-11-2025,105.68400
118632,Nippon India Large Cap Fund - Direct Plan Growth Plan - Growth Option,Nippon India Mutual Fund,Open Ended Schemes,Equity Scheme - Large Cap Fund,26-11-2025,105.57550
118632,Nippon India Large Cap Fund - Direct Plan Growth Plan - Growth Option,Nippon India Mutual Fund,Open Ended Schemes,Equity Scheme - Large Cap Fund,25-11-2025,104.17120
118632,Nippon India Large Cap Fund - Direct Plan Growth Plan - Growth Option,Nippon India Mutual Fund,Open Ended Schemes,Equity Scheme - Large Cap Fund,24-11-2025,104.32300
118632,Nippon India Large Cap Fund - Direct Plan Growth Plan - Growth Option,Nippon India Mutual Fund,Open Ended Schemes,Equity Scheme - Large Cap Fund,21-11-2025,104.86640
118632,Nippon India Large Cap Fund - Direct Plan Growth Plan - Growth Option,Nippon India Mutual Fund,Open Ended Schemes,Equity Scheme - Large Cap Fund,20-11-2025,105.60470
118632,Nippon India Large Cap Fund - Direct Plan Growth Plan - Growth Option,Nippon India Mutual Fund,Open Ended Schemes,Equity Scheme - Large Cap Fund,19-11-2025,105.13920
118632,Nippon India Large Cap Fund - Direct Plan Growth Plan - Growth Option,Nippon India Mutual Fund,Open Ended Schemes,Equity Scheme - Large Cap Fund,18-11-2025,104.60870
118632,Nippon India Large Cap Fund - Direct Plan Growth Plan - Growth Option,Nippon India Mutual Fund,Open Ended Schemes,Equity Scheme - Large Cap Fund,17-11-2025,105.12030
118632,Nippon India Large Cap Fund - Direct Plan Growth Plan - Growth Option,Nippon India Mutual Fund,Open Ended Schemes,Equity Scheme - Large Cap Fund,14-11-2025,104.68640
118632,Nippon India Large Cap Fund - Direct Plan Growth Plan - Growth Option,Nippon India Mutual Fund,Open Ended Schemes,Equity Scheme - Large Cap Fund,13-11-2025,104.66240
118632,Nippon India Large Cap Fund - Direct Plan Growth Plan - Growth Option,Nippon India Mutual Fund,Open Ended Schemes,Equity Scheme - Large Cap Fund,12-11-2025,104.68290
118632,Nippon India Large Cap Fund - Direct Plan Growth Plan - Growth Option,Nippon India Mutual Fund,Open Ended Schemes,Equity Scheme - Large Cap Fund,11-11-2025,104.12420
118632,Nippon India Large Cap Fund - Direct Plan Growth Plan - Growth Option,Nippon India Mutual Fund,Open Ended Schemes,Equity Scheme - Large Cap Fund,10-11-2025,103.89120
118632,Nippon India Large Cap Fund - Direct Plan Growth Plan - Growth Option,Nippon India Mutual Fund,Open Ended Schemes,Equity Scheme - Large Cap Fund,07-11-2025,103.67120
118632,Nippon India Large Cap Fund - Direct Plan Growth Plan - Growth Option,Nippon India Mutual Fund,Open Ended Schemes,Equity Scheme - Large Cap Fund,06-11-2025,103.66830
118632,Nippon India Large Cap Fund - Direct Plan Growth Plan - Growth Option,Nippon India Mutual Fund,Open Ended Schemes,Equity Scheme - Large Cap Fund,04-11-2025,104.29600
118632,Nippon India Large Cap Fund - Direct Plan Growth Plan - Growth Option,Nippon India Mutual Fund,Open Ended Schemes,Equity Scheme - Large Cap Fund,03-11-2025,104.84940
118632,Nippon India Large Cap Fund - Direct Plan Growth Plan - Growth Option,Nippon India Mutual Fund,Open Ended Schemes,Equity Scheme - Large Cap Fund,31-10-2025,104.51020
118632,Nippon India Large Cap Fund - Direct Plan Growth Plan - Growth Option,Nippon India Mutual Fund,Open Ended Schemes,Equity Scheme - Large Cap Fund,30-10-2025,105.23760
118632,Nippon India Large Cap Fund - Direct Plan Growth Plan - Growth Option,Nippon India Mutual Fund,Open Ended Schemes,Equity Scheme - Large Cap Fund,29-10-2025,105.79850
118632,Nippon India Large Cap Fund - Direct Plan Growth Plan - Growth Option,Nippon India Mutual Fund,Open Ended Schemes,Equity Scheme - Large Cap Fund,28-10-2025,105.14300
118632,Nippon India Large Cap Fund - Direct Plan Growth Plan - Growth Option,Nippon India Mutual Fund,Open Ended Schemes,Equity Scheme - Large Cap Fund,27-10-2025,105.19740
118632,Nippon India Large Cap Fund - Direct Plan Growth Plan - Growth Option,Nippon India Mutual Fund,Open Ended Schemes,Equity Scheme - Large Cap Fund,24-10-2025,104.64410
118632,Nippon India Large Cap Fund - Direct Plan Growth Plan - Growth Option,Nippon India Mutual Fund,Open Ended Schemes,Equity Scheme - Large Cap Fund,23-10-2025,105.04290
118632,Nippon India Large Cap Fund - Direct Plan Growth Plan - Growth Option,Nippon India Mutual Fund,Open Ended Schemes,Equity Scheme - Large Cap Fund,20-10-2025,104.88000
118632,Nippon India Large Cap Fund - Direct Plan Growth Plan - Growth Option,Nippon India Mutual Fund,Open Ended Schemes,Equity Scheme - Large Cap Fund,17-10-2025,104.46730
118632,Nippon India Large Cap Fund - Direct Plan Growth Plan - Growth Option,Nippon India Mutual Fund,Open Ended Schemes,Equity Scheme - Large Cap Fund,16-10-2025,104.15940
118632,Nippon India Large Cap Fund - Direct Plan Growth Plan - Growth Option,Nippon India Mutual Fund,Open Ended Schemes,Equity Scheme - Large Cap Fund,15-10-2025,103.28250
118632,Nippon India Large Cap Fund - Direct Plan Growth Plan - Growth Option,Nippon India Mutual Fund,Open Ended Schemes,Equity Scheme - Large Cap Fund,14-10-2025,102.54390
118632,Nippon India Large Cap Fund - Direct Plan Growth Plan - Growth Option,Nippon India Mutual Fund,Open Ended Schemes,Equity Scheme - Large Cap Fund,13-10-2025,102.96800
118632,Nippon India Large Cap Fund - Direct Plan Growth Plan - Growth Option,Nippon India Mutual Fund,Open Ended Schemes,Equity Scheme - Large Cap Fund,10-10-2025,103.23600
118632,Nippon India Large Cap Fund - Direct Plan Growth Plan - Growth Option,Nippon India Mutual Fund,Open Ended Schemes,Equity Scheme - Large Cap Fund,09-10-2025,102.79680
118632,Nippon India Large Cap Fund - Direct Plan Growth Plan - Growth Option,Nippon India Mutual Fund,Open Ended Schemes,Equity Scheme - Large Cap Fund,08-10-2025,102.35640
118632,Nippon India Large Cap Fund - Direct Plan Growth Plan - Growth Option,Nippon India Mutual Fund,Open Ended Schemes,Equity Scheme - Large Cap Fund,07-10-2025,102.78830
118632,Nippon India Large Cap Fund - Direct Plan Growth Plan - Growth Option,Nippon India Mutual Fund,Open Ended Schemes,Equity Scheme - Large Cap Fund,06-10-2025,102.82960
118632,Nippon India Large Cap Fund - Direct Plan Growth Plan - Growth Option,Nippon India Mutual Fund,Open Ended Schemes,Equity Scheme - Large Cap Fund,03-10-2025,102.38350
118632,Nippon India Large Cap Fund - Direct Plan Growth Plan - Growth Option,Nippon India Mutual Fund,Open Ended Schemes,Equity Scheme - Large Cap Fund,01-10-2025,102.05810
118632,Nippon India Large Cap Fund - Direct Plan Growth Plan - Growth Option,Nippon India Mutual Fund,Open Ended Schemes,Equity Scheme - Large Cap Fund,30-09-2025,101.30000
118632,Nippon India Large Cap Fund - Direct Plan Growth Plan - Growth Option,Nippon India Mutual Fund,Open Ended Schemes,Equity Scheme - Large Cap Fund,26-09-2025,101.31250
118632,Nippon India Large Cap Fund - Direct Plan Growth Plan - Growth Option,Nippon India Mutual Fund,Open Ended Schemes,Equity Scheme - Large Cap Fund,25-09-2025,102.47420
118632,Nippon India Large Cap Fund - Direct Plan Growth Plan - Growth Option,Nippon India Mutual Fund,Open Ended Schemes,Equity Scheme - Large Cap Fund,24-09-2025,103.33380
118632,Nippon India Large Cap Fund - Direct Plan Growth Plan - Growth Option,Nippon India Mutual Fund,Open Ended Schemes,Equity Scheme - Large Cap Fund,23-09-2025,103.81340
118632,Nippon India Large Cap Fund - Direct Plan Growth Plan - Growth Option,Nippon India Mutual Fund,Open Ended Schemes,Equity Scheme - Large Cap Fund,22-09-2025,103.81050
118632,Nippon India Large Cap Fund - Direct Plan Growth Plan - Growth Option,Nippon India Mutual Fund,Open Ended Schemes,Equity Scheme - Large Cap Fund,19-09-2025,104.35090
118632,Nippon India Large Cap Fund - Direct Plan Growth Plan - Growth Option,Nippon India Mutual Fund,Open Ended Schemes,Equity Scheme - Large Cap Fund,18-09-2025,104.55310
118632,Nippon India Large Cap Fund - Direct Plan Growth Plan - Growth Option,Nippon India Mutual Fund,Open Ended Schemes,Equity Scheme - Large Cap Fund,17-09-2025,104.24380
118632,Nippon India Large Cap Fund - Direct Plan Growth Plan - Growth Option,Nippon India Mutual Fund,Open Ended Schemes,Equity Scheme - Large Cap Fund,16-09-2025,103.90140
118632,Nippon India Large Cap Fund - Direct Plan Growth Plan - Growth Option,Nippon India Mutual Fund,Open Ended Schemes,Equity Scheme - Large Cap Fund,15-09-2025,103.15000
118632,Nippon India Large Cap Fund - Direct Plan Growth Plan - Growth Option,Nippon India Mutual Fund,Open Ended Schemes,Equity Scheme - Large Cap Fund,12-09-2025,102.97640
118632,Nippon India Large Cap Fund - Direct Plan Growth Plan - Growth Option,Nippon India Mutual Fund,Open Ended Schemes,Equity Scheme - Large Cap Fund,11-09-2025,102.40330
118632,Nippon India Large Cap Fund - Direct Plan Growth Plan - Growth Option,Nippon India Mutual Fund,Open Ended Schemes,Equity Scheme - Large Cap Fund,10-09-2025,102.35120
118632,Nippon India Large Cap Fund - Direct Plan Growth Plan - Growth Option,Nippon India Mutual Fund,Open Ended Schemes,Equity Scheme - Large Cap Fund,09-09-2025,101.96770
118632,Nippon India Large Cap Fund - Direct Plan Growth Plan - Growth Option,Nippon India Mutual Fund,Open Ended Schemes,Equity Scheme - Large Cap Fund,08-09-2025,101.67650
118632,Nippon India Large Cap Fund - Direct Plan Growth Plan - Growth Option,Nippon India Mutual Fund,Open Ended Schemes,Equity Scheme - Large Cap Fund,05-09-2025,101.55170
118632,Nippon India Large Cap Fund - Direct Plan Growth Plan - Growth Option,Nippon India Mutual Fund,Open Ended Schemes,Equity Scheme - Large Cap Fund,04-09-2025,101.49650
118632,Nippon India Large Cap Fund - Direct Plan Growth Plan - Growth Option,Nippon India Mutual Fund,Open Ended Schemes,Equity Scheme - Large Cap Fund,03-09-2025,101.59090
118632,Nippon India Large Cap Fund - Direct Plan Growth Plan - Growth Option,Nippon India Mutual Fund,Open Ended Schemes,Equity Scheme - Large Cap Fund,02-09-2025,100.99070
118632,Nippon India Large Cap Fund - Direct Plan Growth Plan - Growth Option,Nippon India Mutual Fund,Open Ended Schemes,Equity Scheme - Large Cap Fund,01-09-2025,101.16640
118632,Nippon India Large Cap Fund - Direct Plan Growth Plan - Growth Option,Nippon India Mutual Fund,Open Ended Schemes,Equity Scheme - Large Cap Fund,29-08-2025,100.34960
118632,Nippon India Large Cap Fund - Direct Plan Growth Plan - Growth Option,Nippon India Mutual Fund,Open Ended Schemes,Equity Scheme - Large Cap Fund,28-08-2025,100.55230
118632,Nippon India Large Cap Fund - Direct Plan Growth Plan - Growth Option,Nippon India Mutual Fund,Open Ended Schemes,Equity Scheme - Large Cap Fund,26-08-2025,101.34000
118632,Nippon India Large Cap Fund - Direct Plan Growth Plan - Growth Option,Nippon India Mutual Fund,Open Ended Schemes,Equity Scheme - Large Cap Fund,25-08-2025,102.33870
118632,Nippon India Large Cap Fund - Direct Plan Growth Plan - Growth Option,Nippon India Mutual Fund,Open Ended Schemes,Equity Scheme - Large Cap Fund,22-08-2025,102.05200
118632,Nippon India Large Cap Fund - Direct Plan Growth Plan - Growth Option,Nippon India Mutual Fund,Open Ended Schemes,Equity Scheme - Large Cap Fund,21-08-2025,102.72800
118632,Nippon India Large Cap Fund - Direct Plan Growth Plan - Growth Option,Nippon India Mutual Fund,Open Ended Schemes,Equity Scheme - Large Cap Fund,20-08-2025,102.65580
118632,Nippon India Large Cap Fund - Direct Plan Growth Plan - Growth Option,Nippon India Mutual Fund,Open Ended Schemes,Equity Scheme - Large Cap Fund,19-08-2025,102.24210
118632,Nippon India Large Cap Fund - Direct Plan Growth Plan - Growth Option,Nippon India Mutual Fund,Open Ended Schemes,Equity Scheme - Large Cap Fund,18-08-2025,101.68670
118632,Nippon India Large Cap Fund - Direct Plan Growth Plan - Growth Option,Nippon India Mutual Fund,Open Ended Schemes,Equity Scheme - Large Cap Fund,14-08-2025,100.57410
118632,Nippon India Large Cap Fund - Direct Plan Growth Plan - Growth Option,Nippon India Mutual Fund,Open Ended Schemes,Equity Scheme - Large Cap Fund,13-08-2025,100.59140
118632,Nippon India Large Cap Fund - Direct Plan Growth Plan - Growth Option,Nippon India Mutual Fund,Open Ended Schemes,Equity Scheme - Large Cap Fund,12-08-2025,99.75360
118632,Nippon India Large Cap Fund - Direct Plan Growth Plan - Growth Option,Nippon India Mutual Fund,Open Ended Schemes,Equity Scheme - Large Cap Fund,11-08-2025,99.91600
118632,Nippon India Large Cap Fund - Direct Plan Growth Plan - Growth Option,Nippon India Mutual Fund,Open Ended Schemes,Equity Scheme - Large Cap Fund,08-08-2025,98.98840
118632,Nippon India Large Cap Fund - Direct Plan Growth Plan - Growth Option,Nippon India Mutual Fund,Open Ended Schemes,Equity Scheme - Large Cap Fund,07-08-2025,99.90910
118632,Nippon India Large Cap Fund - Direct Plan Growth Plan - Growth Option,Nippon India Mutual Fund,Open Ended Schemes,Equity Scheme - Large Cap Fund,06-08-2025,99.78860
118632,Nippon India Large Cap Fund - Direct Plan Growth Plan - Growth Option,Nippon India Mutual Fund,Open Ended Schemes,Equity Scheme - Large Cap Fund,05-08-2025,100.11120
118632,Nippon India Large Cap Fund - Direct Plan Growth Plan - Growth Option,Nippon India Mutual Fund,Open Ended Schemes,Equity Scheme - Large Cap Fund,04-08-2025,100.27790
118632,Nippon India Large Cap Fund - Direct Plan Growth Plan - Growth Option,Nippon India Mutual Fund,Open Ended Schemes,Equity Scheme - Large Cap Fund,01-08-2025,99.91130
118632,Nippon India Large Cap Fund - Direct Plan Growth Plan - Growth Option,Nippon India Mutual Fund,Open Ended Schemes,Equity Scheme - Large Cap Fund,31-07-2025,100.59410
118632,Nippon India Large Cap Fund - Direct Plan Growth Plan - Growth Option,Nippon India Mutual Fund,Open Ended Schemes,Equity Scheme - Large Cap Fund,30-07-2025,100.68860
118632,Nippon India Large Cap Fund - Direct Plan Growth Plan - Growth Option,Nippon India Mutual Fund,Open Ended Schemes,Equity Scheme - Large Cap Fund,29-07-2025,100.21010
118632,Nippon India Large Cap Fund - Direct Plan Growth Plan - Growth Option,Nippon India Mutual Fund,Open Ended Schemes,Equity Scheme - Large Cap Fund,28-07-2025,99.69810
118632,Nippon India Large Cap Fund - Direct Plan Growth Plan - Growth Option,Nippon India Mutual Fund,Open Ended Schemes,Equity Scheme - Large Cap Fund,25-07-2025,100.25980
118632,Nippon India Large Cap Fund - Direct Plan Growth Plan - Growth Option,Nippon India Mutual Fund,Open Ended Schemes,Equity Scheme - Large Cap Fund,24-07-2025,101.32810
118632,Nippon India Large Cap Fund - Direct Plan Growth Plan - Growth Option,Nippon India Mutual Fund,Open Ended Schemes,Equity Scheme - Large Cap Fund,23-07-2025,101.78940
118632,Nippon India Large Cap Fund - Direct Plan Growth Plan - Growth Option,Nippon India Mutual Fund,Open Ended Schemes,Equity Scheme - Large Cap Fund,22-07-2025,101.32720
118632,Nippon India Large Cap Fund - Direct Plan Growth Plan - Growth Option,Nippon India Mutual Fund,Open Ended Schemes,Equity Scheme - Large Cap Fund,21-07-2025,101.37350
118632,Nippon India Large Cap Fund - Direct Plan Growth Plan - Growth Option,Nippon India Mutual Fund,Open Ended Schemes,Equity Scheme - Large Cap Fund,18-07-2025,100.92860
118632,Nippon India Large Cap Fund - Direct Plan Growth Plan - Growth Option,Nippon India Mutual Fund,Open Ended Schemes,Equity Scheme - Large Cap Fund,17-07-2025,101.43180
118632,Nippon India Large Cap Fund - Direct Plan Growth Plan - Growth Option,Nippon India Mutual Fund,Open Ended Schemes,Equity Scheme - Large Cap Fund,16-07-2025,101.62300
118632,Nippon India Large Cap Fund - Direct Plan Growth Plan - Growth Option,Nippon India Mutual Fund,Open Ended Schemes,Equity Scheme - Large Cap Fund,15-07-2025,101.41680
118632,Nippon India Large Cap Fund - Direct Plan Growth Plan - Growth Option,Nippon India Mutual Fund,Open Ended Schemes,Equity Scheme - Large Cap Fund,14-07-2025,101.05870
118632,Nippon India Large Cap Fund - Direct Plan Growth Plan - Growth Option,Nippon India Mutual Fund,Open Ended Schemes,Equity Scheme - Large Cap Fund,11-07-2025,101.26860
118632,Nippon India Large Cap Fund - Direct Plan Growth Plan - Growth Option,Nippon India Mutual Fund,Open Ended Schemes,Equity Scheme - Large Cap Fund,10-07-2025,101.79900
118632,Nippon India Large Cap Fund - Direct Plan Growth Plan - Growth Option,Nippon India Mutual Fund,Open Ended Schemes,Equity Scheme - Large Cap Fund,09-07-2025,102.03900
118632,Nippon India Large Cap Fund - Direct Plan Growth Plan - Growth Option,Nippon India Mutual Fund,Open Ended Schemes,Equity Scheme - Large Cap Fund,08-07-2025,102.03640
118632,Nippon India Large Cap Fund - Direct Plan Growth Plan - Growth Option,Nippon India Mutual Fund,Open Ended Schemes,Equity Scheme - Large Cap Fund,07-07-2025,101.75400
118632,Nippon India Large Cap Fund - Direct Plan Growth Plan - Growth Option,Nippon India Mutual Fund,Open Ended Schemes,Equity Scheme - Large Cap Fund,04-07-2025,101.78830
118632,Nippon India Large Cap Fund - Direct Plan Growth Plan - Growth Option,Nippon India Mutual Fund,Open Ended Schemes,Equity Scheme - Large Cap Fund,03-07-2025,101.52310
118632,Nippon India Large Cap Fund - Direct Plan Growth Plan - Growth Option,Nippon India Mutual Fund,Open Ended Schemes,Equity Scheme - Large Cap Fund,02-07-2025,101.83910
118632,Nippon India Large Cap Fund - Direct Plan Growth Plan - Growth Option,Nippon India Mutual Fund,Open Ended Schemes,Equity Scheme - Large Cap Fund,01-07-2025,102.27380
118632,Nippon India Large Cap Fund - Direct Plan Growth Plan - Growth Option,Nippon India Mutual Fund,Open Ended Schemes,Equity Scheme - Large Cap Fund,30-06-2025,102.35010
118632,Nippon India Large Cap Fund - Direct Plan Growth Plan - Growth Option,Nippon India Mutual Fund,Open Ended Schemes,Equity Scheme - Large Cap Fund,27-06-2025,102.61480
118632,Nippon India Large Cap Fund - Direct Plan Growth Plan - Growth Option,Nippon India Mutual Fund,Open Ended Schemes,Equity Scheme - Large Cap Fund,26-06-2025,102.14580
118632,Nippon India Large Cap Fund - Direct Plan Growth Plan - Growth Option,Nippon India Mutual Fund,Open Ended Schemes,Equity Scheme - Large Cap Fund,25-06-2025,101.24390
118632,Nippon India Large Cap Fund - Direct Plan Growth Plan - Growth Option,Nippon India Mutual Fund,Open Ended Schemes,Equity Scheme - Large Cap Fund,24-06-2025,100.53250
118632,Nippon India Large Cap Fund - Direct Plan Growth Plan - Growth Option,Nippon India Mutual Fund,Open Ended Schemes,Equity Scheme - Large Cap Fund,23-06-2025,99.91290
118632,Nippon India Large Cap Fund - Direct Plan Growth Plan - Growth Option,Nippon India Mutual Fund,Open Ended Schemes,Equity Scheme - Large Cap Fund,20-06-2025,100.40750
118632,Nippon India Large Cap Fund - Direct Plan Growth Plan - Growth Option,Nippon India Mutual Fund,Open Ended Schemes,Equity Scheme - Large Cap Fund,19-06-2025,99.31230
118632,Nippon India Large Cap Fund - Direct Plan Growth Plan - Growth Option,Nippon India Mutual Fund,Open Ended Schemes,Equity Scheme - Large Cap Fund,18-06-2025,99.74480
118632,Nippon India Large Cap Fund - Direct Plan Growth Plan - Growth Option,Nippon India Mutual Fund,Open Ended Schemes,Equity Scheme - Large Cap Fund,17-06-2025,99.79990
118632,Nippon India Large Cap Fund - Direct Plan Growth Plan - Growth Option,Nippon India Mutual Fund,Open Ended Schemes,Equity Scheme - Large Cap Fund,16-06-2025,100.08180
118632,Nippon India Large Cap Fund - Direct Plan Growth Plan - Growth Option,Nippon India Mutual Fund,Open Ended Schemes,Equity Scheme - Large Cap Fund,13-06-2025,99.35280
118632,Nippon India Large Cap Fund - Direct Plan Growth Plan - Growth Option,Nippon India Mutual Fund,Open Ended Schemes,Equity Scheme - Large Cap Fund,12-06-2025,100.04530
118632,Nippon India Large Cap Fund - Direct Plan Growth Plan - Growth Option,Nippon India Mutual Fund,Open Ended Schemes,Equity Scheme - Large Cap Fund,11-06-2025,101.31510
118632,Nippon India Large Cap Fund - Direct Plan Growth Plan - Growth Option,Nippon India Mutual Fund,Open Ended Schemes,Equity Scheme - Large Cap Fund,10-06-2025,101.22560
118632,Nippon India Large Cap Fund - Direct Plan Growth Plan - Growth Option,Nippon India Mutual Fund,Open Ended Schemes,Equity Scheme - Large Cap Fund,09-06-2025,101.34810
118632,Nippon India Large Cap Fund - Direct Plan Growth Plan - Growth Option,Nippon India Mutual Fund,Open Ended Schemes,Equity Scheme - Large Cap Fund,06-06-2025,100.62690
118632,Nippon India Large Cap Fund - Direct Plan Growth Plan - Growth Option,Nippon India Mutual Fund,Open Ended Schemes,Equity Scheme - Large Cap Fund,05-06-2025,99.66170
118632,Nippon India Large Cap Fund - Direct Plan Growth Plan - Growth Option,Nippon India Mutual Fund,Open Ended Schemes,Equity Scheme - Large Cap Fund,04-06-2025,99.15510
118632,Nippon India Large Cap Fund - Direct Plan Growth Plan - Growth Option,Nippon India Mutual Fund,Open Ended Schemes,Equity Scheme - Large Cap Fund,03-06-2025,98.71610
118632,Nippon India Large Cap Fund - Direct Plan Growth Plan - Growth Option,Nippon India Mutual Fund,Open Ended Schemes,Equity Scheme - Large Cap Fund,02-06-2025,99.27360
118632,Nippon India Large Cap Fund - Direct Plan Growth Plan - Growth Option,Nippon India Mutual Fund,Open Ended Schemes,Equity Scheme - Large Cap Fund,30-05-2025,99.16110
118632,Nippon India Large Cap Fund - Direct Plan Growth Plan - Growth Option,Nippon India Mutual Fund,Open Ended Schemes,Equity Scheme - Large Cap Fund,29-05-2025,99.43410
118632,Nippon India Large Cap Fund - Direct Plan Growth Plan - Growth Option,Nippon India Mutual Fund,Open Ended Schemes,Equity Scheme - Large Cap Fund,28-05-2025,99.11180
118632,Nippon India Large Cap Fund - Direct Plan Growth Plan - Growth Option,Nippon India Mutual Fund,Open Ended Schemes,Equity Scheme - Large Cap Fund,27-05-2025,99.24310
118632,Nippon India Large Cap Fund - Direct Plan Growth Plan - Growth Option,Nippon India Mutual Fund,Open Ended Schemes,Equity Scheme - Large Cap Fund,26-05-2025,99.65360
118632,Nippon India Large Cap Fund - Direct Plan Growth Plan - Growth Option,Nippon India Mutual Fund,Open Ended Schemes,Equity Scheme - Large Cap Fund,23-05-2025,98.86110
118632,Nippon India Large Cap Fund - Direct Plan Growth Plan - Growth Option,Nippon India Mutual Fund,Open Ended Schemes,Equity Scheme - Large Cap Fund,22-05-2025,97.91010
118632,Nippon India Large Cap Fund - Direct Plan Growth Plan - Growth Option,Nippon India Mutual Fund,Open Ended Schemes,Equity Scheme - Large Cap Fund,21-05-2025,98.60380
118632,Nippon India Large Cap Fund - Direct Plan Growth Plan - Growth Option,Nippon India Mutual Fund,Open Ended Schemes,Equity Scheme - Large Cap Fund,20-05-2025,97.91130
118632,Nippon India Large Cap Fund - Direct Plan Growth Plan - Growth Option,Nippon India Mutual Fund,Open Ended Schemes,Equity Scheme - Large Cap Fund,19-05-2025,99.13250
118632,Nippon India Large Cap Fund - Direct Plan Growth Plan - Growth Option,Nippon India Mutual Fund,Open Ended Schemes,Equity Scheme - Large Cap Fund,16-05-2025,99.22250
118632,Nippon India Large Cap Fund - Direct Plan Growth Plan - Growth Option,Nippon India Mutual Fund,Open Ended Schemes,Equity Scheme - Large Cap Fund,15-05-2025,98.94530
118632,Nippon India Large Cap Fund - Direct Plan Growth Plan - Growth Option,Nippon India Mutual Fund,Open Ended Schemes,Equity Scheme - Large Cap Fund,14-05-2025,97.64730
118632,Nippon India Large Cap Fund - Direct Plan Growth Plan - Growth Option,Nippon India Mutual Fund,Open Ended Schemes,Equity Scheme - Large Cap Fund,13-05-2025,97.05400
118632,Nippon India Large Cap Fund - Direct Plan Growth Plan - Growth Option,Nippon India Mutual Fund,Open Ended Schemes,Equity Scheme - Large Cap Fund,12-05-2025,97.90990
118632,Nippon India Large Cap Fund - Direct Plan Growth Plan - Growth Option,Nippon India Mutual Fund,Open Ended Schemes,Equity Scheme - Large Cap Fund,09-05-2025,94.34820
118632,Nippon India Large Cap Fund - Direct Plan Growth Plan - Growth Option,Nippon India Mutual Fund,Open Ended Schemes,Equity Scheme - Large Cap Fund,08-05-2025,95.14870
118632,Nippon India Large Cap Fund - Direct Plan Growth Plan - Growth Option,Nippon India Mutual Fund,Open Ended Schemes,Equity Scheme - Large Cap Fund,07-05-2025,96.02080
118632,Nippon India Large Cap Fund - Direct Plan Growth Plan - Growth Option,Nippon India Mutual Fund,Open Ended Schemes,Equity Scheme - Large Cap Fund,06-05-2025,95.56480
118632,Nippon India Large Cap Fund - Direct Plan Growth Plan - Growth Option,Nippon India Mutual Fund,Open Ended Schemes,Equity Scheme - Large Cap Fund,05-05-2025,96.55520
118632,Nippon India Large Cap Fund - Direct Plan Growth Plan - Growth Option,Nippon India Mutual Fund,Open Ended Schemes,Equity Scheme - Large Cap Fund,02-05-2025,95.93890
118632,Nippon India Large Cap Fund - Direct Plan Growth Plan - Growth Option,Nippon India Mutual Fund,Open Ended Schemes,Equity Scheme - Large Cap Fund,30-04-2025,95.81470
118632,Nippon India Large Cap Fund - Direct Plan Growth Plan - Growth Option,Nippon India Mutual Fund,Open Ended Schemes,Equity Scheme - Large Cap Fund,29-04-2025,96.09290
118632,Nippon India Large Cap Fund - Direct Plan Growth Plan - Growth Option,Nippon India Mutual Fund,Open Ended Schemes,Equity Scheme - Large Cap Fund,28-04-2025,96.02820
118632,Nippon India Large Cap Fund - Direct Plan Growth Plan - Growth Option,Nippon India Mutual Fund,Open Ended Schemes,Equity Scheme - Large Cap Fund,25-04-2025,94.88440
118632,Nippon India Large Cap Fund - Direct Plan Growth Plan - Growth Option,Nippon India Mutual Fund,Open Ended Schemes,Equity Scheme - Large Cap Fund,24-04-2025,96.05970
118632,Nippon India Large Cap Fund - Direct Plan Growth Plan - Growth Option,Nippon India Mutual Fund,Open Ended Schemes,Equity Scheme - Large Cap Fund,23-04-2025,96.17080
118632,Nippon India Large Cap Fund - Direct Plan Growth Plan - Growth Option,Nippon India Mutual Fund,Open Ended Schemes,Equity Scheme - Large Cap Fund,22-04-2025,95.62040
118632,Nippon India Large Cap Fund - Direct Plan Growth Plan - Growth Option,Nippon India Mutual Fund,Open Ended Schemes,Equity Scheme - Large Cap Fund,21-04-2025,95.38690
118632,Nippon India Large Cap Fund - Direct Plan Growth Plan - Growth Option,Nippon India Mutual Fund,Open Ended Schemes,Equity Scheme - Large Cap Fund,17-04-2025,94.10550
118632,Nippon India Large Cap Fund - Direct Plan Growth Plan - Growth Option,Nippon India Mutual Fund,Open Ended Schemes,Equity Scheme - Large Cap Fund,16-04-2025,92.89830
118632,Nippon India Large Cap Fund - Direct Plan Growth Plan - Growth Option,Nippon India Mutual Fund,Open Ended Schemes,Equity Scheme - Large Cap Fund,15-04-2025,92.32680
118632,Nippon India Large Cap Fund - Direct Plan Growth Plan - Growth Option,Nippon India Mutual Fund,Open Ended Schemes,Equity Scheme - Large Cap Fund,11-04-2025,90.06930
118632,Nippon India Large Cap Fund - Direct Plan Growth Plan - Growth Option,Nippon India Mutual Fund,Open Ended Schemes,Equity Scheme - Large Cap Fund,09-04-2025,88.64100
118632,Nippon India Large Cap Fund - Direct Plan Growth Plan - Growth Option,Nippon India Mutual Fund,Open Ended Schemes,Equity Scheme - Large Cap Fund,08-04-2025,89.24090
118632,Nippon India Large Cap Fund - Direct Plan Growth Plan - Growth Option,Nippon India Mutual Fund,Open Ended Schemes,Equity Scheme - Large Cap Fund,07-04-2025,87.78020
118632,Nippon India Large Cap Fund - Direct Plan Growth Plan - Growth Option,Nippon India Mutual Fund,Open Ended Schemes,Equity Scheme - Large Cap Fund,04-04-2025,90.43330
118632,Nippon India Large Cap Fund - Direct Plan Growth Plan - Growth Option,Nippon India Mutual Fund,Open Ended Schemes,Equity Scheme - Large Cap Fund,03-04-2025,92.22430
118632,Nippon India Large Cap Fund - Direct Plan Growth Plan - Growth Option,Nippon India Mutual Fund,Open Ended Schemes,Equity Scheme - Large Cap Fund,02-04-2025,92.41650
118632,Nippon India Large Cap Fund - Direct Plan Growth Plan - Growth Option,Nippon India Mutual Fund,Open Ended Schemes,Equity Scheme - Large Cap Fund,01-04-2025,91.66290
118632,Nippon India Large Cap Fund - Direct Plan Growth Plan - Growth Option,Nippon India Mutual Fund,Open Ended Schemes,Equity Scheme - Large Cap Fund,31-03-2025,92.87020
118632,Nippon India Large Cap Fund - Direct Plan Growth Plan - Growth Option,Nippon India Mutual Fund,Open Ended Schemes,Equity Scheme - Large Cap Fund,28-03-2025,92.87350
118632,Nippon India Large Cap Fund - Direct Plan Growth Plan - Growth Option,Nippon India Mutual Fund,Open Ended Schemes,Equity Scheme - Large Cap Fund,27-03-2025,93.38840
118632,Nippon India Large Cap Fund - Direct Plan Growth Plan - Growth Option,Nippon India Mutual Fund,Open Ended Schemes,Equity Scheme - Large Cap Fund,26-03-2025,92.65700
118632,Nippon India Large Cap Fund - Direct Plan Growth Plan - Growth Option,Nippon India Mutual Fund,Open Ended Schemes,Equity Scheme - Large Cap Fund,25-03-2025,93.51580
118632,Nippon India Large Cap Fund - Direct Plan Growth Plan - Growth Option,Nippon India Mutual Fund,Open Ended Schemes,Equity Scheme - Large Cap Fund,24-03-2025,93.81230
118632,Nippon India Large Cap Fund - Direct Plan Growth Plan - Growth Option,Nippon India Mutual Fund,Open Ended Schemes,Equity Scheme - Large Cap Fund,21-03-2025,92.54300
118632,Nippon India Large Cap Fund - Direct Plan Growth Plan - Growth Option,Nippon India Mutual Fund,Open Ended Schemes,Equity Scheme - Large Cap Fund,20-03-2025,91.67670
118632,Nippon India Large Cap Fund - Direct Plan Growth Plan - Growth Option,Nippon India Mutual Fund,Open Ended Schemes,Equity Scheme - Large Cap Fund,19-03-2025,90.97110
118632,Nippon India Large Cap Fund - Direct Plan Growth Plan - Growth Option,Nippon India Mutual Fund,Open Ended Schemes,Equity Scheme - Large Cap Fund,18-03-2025,90.25440
118632,Nippon India Large Cap Fund - Direct Plan Growth Plan - Growth Option,Nippon India Mutual Fund,Open Ended Schemes,Equity Scheme - Large Cap Fund,17-03-2025,88.67460
118632,Nippon India Large Cap Fund - Direct Plan Growth Plan - Growth Option,Nippon India Mutual Fund,Open Ended Schemes,Equity Scheme - Large Cap Fund,13-03-2025,88.06560
118632,Nippon India Large Cap Fund - Direct Plan Growth Plan - Growth Option,Nippon India Mutual Fund,Open Ended Schemes,Equity Scheme - Large Cap Fund,12-03-2025,88.37380
118632,Nippon India Large Cap Fund - Direct Plan Growth Plan - Growth Option,Nippon India Mutual Fund,Open Ended Schemes,Equity Scheme - Large Cap Fund,11-03-2025,88.50420
118632,Nippon India Large Cap Fund - Direct Plan Growth Plan - Growth Option,Nippon India Mutual Fund,Open Ended Schemes,Equity Scheme - Large Cap Fund,10-03-2025,88.58790
118632,Nippon India Large Cap Fund - Direct Plan Growth Plan - Growth Option,Nippon India Mutual Fund,Open Ended Schemes,Equity Scheme - Large Cap Fund,07-03-2025,89.11950
118632,Nippon India Large Cap Fund - Direct Plan Growth Plan - Growth Option,Nippon India Mutual Fund,Open Ended Schemes,Equity Scheme - Large Cap Fund,06-03-2025,89.17400
118632,Nippon India Large Cap Fund - Direct Plan Growth Plan - Growth Option,Nippon India Mutual Fund,Open Ended Schemes,Equity Scheme - Large Cap Fund,05-03-2025,88.25350
118632,Nippon India Large Cap Fund - Direct Plan Growth Plan - Growth Option,Nippon India Mutual Fund,Open Ended Schemes,Equity Scheme - Large Cap Fund,04-03-2025,87.16430
118632,Nippon India Large Cap Fund - Direct Plan Growth Plan - Growth Option,Nippon India Mutual Fund,Open Ended Schemes,Equity Scheme - Large Cap Fund,03-03-2025,86.98300
118632,Nippon India Large Cap Fund - Direct Plan Growth Plan - Growth Option,Nippon India Mutual Fund,Open Ended Schemes,Equity Scheme - Large Cap Fund,28-02-2025,86.92220
118632,Nippon India Large Cap Fund - Direct Plan Growth Plan - Growth Option,Nippon India Mutual Fund,Open Ended Schemes,Equity Scheme - Large Cap Fund,27-02-2025,88.43210
118632,Nippon India Large Cap Fund - Direct Plan Growth Plan - Growth Option,Nippon India Mutual Fund,Open Ended Schemes,Equity Scheme - Large Cap Fund,25-02-2025,88.76050
118632,Nippon India Large Cap Fund - Direct Plan Growth Plan - Growth Option,Nippon India Mutual Fund,Open Ended Schemes,Equity Scheme - Large Cap Fund,24-02-2025,88.93340
118632,Nippon India Large Cap Fund - Direct Plan Growth Plan - Growth Option,Nippon India Mutual Fund,Open Ended Schemes,Equity Scheme - Large Cap Fund,21-02-2025,89.84950
118632,Nippon India Large Cap Fund - Direct Plan Growth Plan - Growth Option,Nippon India Mutual Fund,Open Ended Schemes,Equity Scheme - Large Cap Fund,20-02-2025,90.34890
118632,Nippon India Large Cap Fund - Direct Plan Growth Plan - Growth Option,Nippon India Mutual Fund,Open Ended Schemes,Equity Scheme - Large Cap Fund,19-02-2025,90.04040
118632,Nippon India Large Cap Fund - Direct Plan Growth Plan - Growth Option,Nippon India Mutual Fund,Open Ended Schemes,Equity Scheme - Large Cap Fund,18-02-2025,89.53540
118632,Nippon India Large Cap Fund - Direct Plan Growth Plan - Growth Option,Nippon India Mutual Fund,Open Ended Schemes,Equity Scheme - Large Cap Fund,17-02-2025,89.56930
118632,Nippon India Large Cap Fund - Direct Plan Growth Plan - Growth Option,Nippon India Mutual Fund,Open Ended Schemes,Equity Scheme - Large Cap Fund,14-02-2025,89.57410
118632,Nippon India Large Cap Fund - Direct Plan Growth Plan - Growth Option,Nippon India Mutual Fund,Open Ended Schemes,Equity Scheme - Large Cap Fund,13-02-2025,90.36840
118632,Nippon India Large Cap Fund - Direct Plan Growth Plan - Growth Option,Nippon India Mutual Fund,Open Ended Schemes,Equity Scheme - Large Cap Fund,12-02-2025,90.34080
118632,Nippon India Large Cap Fund - Direct Plan Growth Plan - Growth Option,Nippon India Mutual Fund,Open Ended Schemes,Equity Scheme - Large Cap Fund,11-02-2025,90.54430
118632,Nippon India Large Cap Fund - Direct Plan Growth Plan - Growth Option,Nippon India Mutual Fund,Open Ended Schemes,Equity Scheme - Large Cap Fund,10-02-2025,92.17730
118632,Nippon India Large Cap Fund - Direct Plan Growth Plan - Growth Option,Nippon India Mutual Fund,Open Ended Schemes,Equity Scheme - Large Cap Fund,07-02-2025,93.31900
118632,Nippon India Large Cap Fund - Direct Plan Growth Plan - Growth Option,Nippon India Mutual Fund,Open Ended Schemes,Equity Scheme - Large Cap Fund,06-02-2025,93.48960
118632,Nippon India Large Cap Fund - Direct Plan Growth Plan - Growth Option,Nippon India Mutual Fund,Open Ended Schemes,Equity Scheme - Large Cap Fund,05-02-2025,93.88830
118632,Nippon India Large Cap Fund - Direct Plan Growth Plan - Growth Option,Nippon India Mutual Fund,Open Ended Schemes,Equity Scheme - Large Cap Fund,04-02-2025,93.92310
118632,Nippon India Large Cap Fund - Direct Plan Growth Plan - Growth Option,Nippon India Mutual Fund,Open Ended Schemes,Equity Scheme - Large Cap Fund,03-02-2025,92.42370
118632,Nippon India Large Cap Fund - Direct Plan Growth Plan - Growth Option,Nippon India Mutual Fund,Open Ended Schemes,Equity Scheme - Large Cap Fund,31-01-2025,92.87720
118632,Nippon India Large Cap Fund - Direct Plan Growth Plan - Growth Option,Nippon India Mutual Fund,Open Ended Schemes,Equity Scheme - Large Cap Fund,30-01-2025,91.73790
118632,Nippon India Large Cap Fund - Direct Plan Growth Plan - Growth Option,Nippon India Mutual Fund,Open Ended Schemes,Equity Scheme - Large Cap Fund,29-01-2025,91.46880
118632,Nippon India Large Cap Fund - Direct Plan Growth Plan - Growth Option,Nippon India Mutual Fund,Open Ended Schemes,Equity Scheme - Large Cap Fund,28-01-2025,90.22270
118632,Nippon India Large Cap Fund - Direct Plan Growth Plan - Growth Option,Nippon India Mutual Fund,Open Ended Schemes,Equity Scheme - Large Cap Fund,27-01-2025,89.96940
118632,Nippon India Large Cap Fund - Direct Plan Growth Plan - Growth Option,Nippon India Mutual Fund,Open Ended Schemes,Equity Scheme - Large Cap Fund,24-01-2025,91.45880
118632,Nippon India Large Cap Fund - Direct Plan Growth Plan - Growth Option,Nippon India Mutual Fund,Open Ended Schemes,Equity Scheme - Large Cap Fund,23-01-2025,92.26670
118632,Nippon India Large Cap Fund - Direct Plan Growth Plan - Growth Option,Nippon India Mutual Fund,Open Ended Schemes,Equity Scheme - Large Cap Fund,22-01-2025,91.92290
118632,Nippon India Large Cap Fund - Direct Plan Growth Plan - Growth Option,Nippon India Mutual Fund,Open Ended Schemes,Equity Scheme - Large Cap Fund,21-01-2025,91.90080
118632,Nippon India Large Cap Fund - Direct Plan Growth Plan - Growth Option,Nippon India Mutual Fund,Open Ended Schemes,Equity Scheme - Large Cap Fund,20-01-2025,93.63390
118632,Nippon India Large Cap Fund - Direct Plan Growth Plan - Growth Option,Nippon India Mutual Fund,Open Ended Schemes,Equity Scheme - Large Cap Fund,17-01-2025,93.41580
118632,Nippon India Large Cap Fund - Direct Plan Growth Plan - Growth Option,Nippon India Mutual Fund,Open Ended Schemes,Equity Scheme - Large Cap Fund,16-01-2025,93.57640
118632,Nippon India Large Cap Fund - Direct Plan Growth Plan - Growth Option,Nippon India Mutual Fund,Open Ended Schemes,Equity Scheme - Large Cap Fund,15-01-2025,92.94630
118632,Nippon India Large Cap Fund - Direct Plan Growth Plan - Growth Option,Nippon India Mutual Fund,Open Ended Schemes,Equity Scheme - Large Cap Fund,14-01-2025,92.59510
118632,Nippon India Large Cap Fund - Direct Plan Growth Plan - Growth Option,Nippon India Mutual Fund,Open Ended Schemes,Equity Scheme - Large Cap Fund,13-01-2025,91.92200
118632,Nippon India Large Cap Fund - Direct Plan Growth Plan - Growth Option,Nippon India Mutual Fund,Open Ended Schemes,Equity Scheme - Large Cap Fund,10-01-2025,93.72710
118632,Nippon India Large Cap Fund - Direct Plan Growth Plan - Growth Option,Nippon India Mutual Fund,Open Ended Schemes,Equity Scheme - Large Cap Fund,09-01-2025,94.58100
118632,Nippon India Large Cap Fund - Direct Plan Growth Plan - Growth Option,Nippon India Mutual Fund,Open Ended Schemes,Equity Scheme - Large Cap Fund,08-01-2025,95.41380
118632,Nippon India Large Cap Fund - Direct Plan Growth Plan - Growth Option,Nippon India Mutual Fund,Open Ended Schemes,Equity Scheme - Large Cap Fund,07-01-2025,95.74360
118632,Nippon India Large Cap Fund - Direct Plan Growth Plan - Growth Option,Nippon India Mutual Fund,Open Ended Schemes,Equity Scheme - Large Cap Fund,06-01-2025,95.32660
118632,Nippon India Large Cap Fund - Direct Plan Growth Plan - Growth Option,Nippon India Mutual Fund,Open Ended Schemes,Equity Scheme - Large Cap Fund,03-01-2025,97.16710
118632,Nippon India Large Cap Fund - Direct Plan Growth Plan - Growth Option,Nippon India Mutual Fund,Open Ended Schemes,Equity Scheme - Large Cap Fund,02-01-2025,97.56810
118632,Nippon India Large Cap Fund - Direct Plan Growth Plan - Growth Option,Nippon India Mutual Fund,Open Ended Schemes,Equity Scheme - Large Cap Fund,01-01-2025,96.11130
118632,Nippon India Large Cap Fund - Direct Plan Growth Plan - Growth Option,Nippon India Mutual Fund,Open Ended Schemes,Equity Scheme - Large Cap Fund,31-12-2024,95.69320
118632,Nippon India Large Cap Fund - Direct Plan Growth Plan - Growth Option,Nippon India Mutual Fund,Open Ended Schemes,Equity Scheme - Large Cap Fund,30-12-2024,95.67770
118632,Nippon India Large Cap Fund - Direct Plan Growth Plan - Growth Option,Nippon India Mutual Fund,Open Ended Schemes,Equity Scheme - Large Cap Fund,27-12-2024,96.18190
118632,Nippon India Large Cap Fund - Direct Plan Growth Plan - Growth Option,Nippon India Mutual Fund,Open Ended Schemes,Equity Scheme - Large Cap Fund,26-12-2024,96.19010
118632,Nippon India Large Cap Fund - Direct Plan Growth Plan - Growth Option,Nippon India Mutual Fund,Open Ended Schemes,Equity Scheme - Large Cap Fund,24-12-2024,96.14670
118632,Nippon India Large Cap Fund - Direct Plan Growth Plan - Growth Option,Nippon India Mutual Fund,Open Ended Schemes,Equity Scheme - Large Cap Fund,23-12-2024,96.16940
118632,Nippon India Large Cap Fund - Direct Plan Growth Plan - Growth Option,Nippon India Mutual Fund,Open Ended Schemes,Equity Scheme - Large Cap Fund,20-12-2024,95.84150
118632,Nippon India Large Cap Fund - Direct Plan Growth Plan - Growth Option,Nippon India Mutual Fund,Open Ended Schemes,Equity Scheme - Large Cap Fund,19-12-2024,97.42750
118632,Nippon India Large Cap Fund - Direct Plan Growth Plan - Growth Option,Nippon India Mutual Fund,Open Ended Schemes,Equity Scheme - Large Cap Fund,18-12-2024,98.18270
118632,Nippon India Large Cap Fund - Direct Plan Growth Plan - Growth Option,Nippon India Mutual Fund,Open Ended Schemes,Equity Scheme - Large Cap Fund,17-12-2024,98.87600
118632,Nippon India Large Cap Fund - Direct Plan Growth Plan - Growth Option,Nippon India Mutual Fund,Open Ended Schemes,Equity Scheme - Large Cap Fund,16-12-2024,99.80500
118632,Nippon India Large Cap Fund - Direct Plan Growth Plan - Growth Option,Nippon India Mutual Fund,Open Ended Schemes,Equity Scheme - Large Cap Fund,13-12-2024,99.78470
118632,Nippon India Large Cap Fund - Direct Plan Growth Plan - Growth Option,Nippon India Mutual Fund,Open Ended Schemes,Equity Scheme - Large Cap Fund,12-12-2024,99.22260
118632,Nippon India Large Cap Fund - Direct Plan Growth Plan - Growth Option,Nippon India Mutual Fund,Open Ended Schemes,Equity Scheme - Large Cap Fund,11-12-2024,99.62890
118632,Nippon India Large Cap Fund - Direct Plan Growth Plan - Growth Option,Nippon India Mutual Fund,Open Ended Schemes,Equity Scheme - Large Cap Fund,10-12-2024,99.54600
118632,Nippon India Large Cap Fund - Direct Plan Growth Plan - Growth Option,Nippon India Mutual Fund,Open Ended Schemes,Equity Scheme - Large Cap Fund,09-12-2024,99.50740
118632,Nippon India Large Cap Fund - Direct Plan Growth Plan - Growth Option,Nippon India Mutual Fund,Open Ended Schemes,Equity Scheme - Large Cap Fund,06-12-2024,99.65090
118632,Nippon India Large Cap Fund - Direct Plan Growth Plan - Growth Option,Nippon India Mutual Fund,Open Ended Schemes,Equity Scheme - Large Cap Fund,05-12-2024,99.41470
118632,Nippon India Large Cap Fund - Direct Plan Growth Plan - Growth Option,Nippon India Mutual Fund,Open Ended Schemes,Equity Scheme - Large Cap Fund,04-12-2024,98.65360
118632,Nippon India Large Cap Fund - Direct Plan Growth Plan - Growth Option,Nippon India Mutual Fund,Open Ended Schemes,Equity Scheme - Large Cap Fund,03-12-2024,98.20220
118632,Nippon India Large Cap Fund - Direct Plan Growth Plan - Growth Option,Nippon India Mutual Fund,Open Ended Schemes,Equity Scheme - Large Cap Fund,02-12-2024,97.12050
118632,Nippon India Large Cap Fund - Direct Plan Growth Plan - Growth Option,Nippon India Mutual Fund,Open Ended Schemes,Equity Scheme - Large Cap Fund,29-11-2024,96.71970
118632,Nippon India Large Cap Fund - Direct Plan Growth Plan - Growth Option,Nippon India Mutual Fund,Open Ended Schemes,Equity Scheme - Large Cap Fund,28-11-2024,96.18240
118632,Nippon India Large Cap Fund - Direct Plan Growth Plan - Growth Option,Nippon India Mutual Fund,Open Ended Schemes,Equity Scheme - Large Cap Fund,27-11-2024,97.21270
118632,Nippon India Large Cap Fund - Direct Plan Growth Plan - Growth Option,Nippon India Mutual Fund,Open Ended Schemes,Equity Scheme - Large Cap Fund,26-11-2024,96.78950
118632,Nippon India Large Cap Fund - Direct Plan Growth Plan - Growth Option,Nippon India Mutual Fund,Open Ended Schemes,Equity Scheme - Large Cap Fund,25-11-2024,96.87980
118632,Nippon India Large Cap Fund - Direct Plan Growth Plan - Growth Option,Nippon India Mutual Fund,Open Ended Schemes,Equity Scheme - Large Cap Fund,22-11-2024,95.42970
118632,Nippon India Large Cap Fund - Direct Plan Growth Plan - Growth Option,Nippon India Mutual Fund,Open Ended Schemes,Equity Scheme - Large Cap Fund,21-11-2024,93.51820
118632,Nippon India Large Cap Fund - Direct Plan Growth Plan - Growth Option,Nippon India Mutual Fund,Open Ended Schemes,Equity Scheme - Large Cap Fund,19-11-2024,94.09980
118632,Nippon India Large Cap Fund - Direct Plan Growth Plan - Growth Option,Nippon India Mutual Fund,Open Ended Schemes,Equity Scheme - Large Cap Fund,18-11-2024,93.78940
118632,Nippon India Large Cap Fund - Direct Plan Growth Plan - Growth Option,Nippon India Mutual Fund,Open Ended Schemes,Equity Scheme - Large Cap Fund,14-11-2024,93.99270
118632,Nippon India Large Cap Fund - Direct Plan Growth Plan - Growth Option,Nippon India Mutual Fund,Open Ended Schemes,Equity Scheme - Large Cap Fund,13-11-2024,93.94050
118632,Nippon India Large Cap Fund - Direct Plan Growth Plan - Growth Option,Nippon India Mutual Fund,Open Ended Schemes,Equity Scheme - Large Cap Fund,12-11-2024,95.37990
118632,Nippon India Large Cap Fund - Direct Plan Growth Plan - Growth Option,Nippon India Mutual Fund,Open Ended Schemes,Equity Scheme - Large Cap Fund,11-11-2024,96.57380
118632,Nippon India Large Cap Fund - Direct Plan Growth Plan - Growth Option,Nippon India Mutual Fund,Open Ended Schemes,Equity Scheme - Large Cap Fund,08-11-2024,96.44060
118632,Nippon India Large Cap Fund - Direct Plan Growth Plan - Growth Option,Nippon India Mutual Fund,Open Ended Schemes,Equity Scheme - Large Cap Fund,07-11-2024,96.81120
118632,Nippon India Large Cap Fund - Direct Plan Growth Plan - Growth Option,Nippon India Mutual Fund,Open Ended Schemes,Equity Scheme - Large Cap Fund,06-11-2024,97.56140
118632,Nippon India Large Cap Fund - Direct Plan Growth Plan - Growth Option,Nippon India Mutual Fund,Open Ended Schemes,Equity Scheme - Large Cap Fund,05-11-2024,96.38910
118632,Nippon India Large Cap Fund - Direct Plan Growth Plan - Growth Option,Nippon India Mutual Fund,Open Ended Schemes,Equity Scheme - Large Cap Fund,04-11-2024,95.63660
118632,Nippon India Large Cap Fund - Direct Plan Growth Plan - Growth Option,Nippon India Mutual Fund,Open Ended Schemes,Equity Scheme - Large Cap Fund,31-10-2024,96.37890
118632,Nippon India Large Cap Fund - Direct Plan Growth Plan - Growth Option,Nippon India Mutual Fund,Open Ended Schemes,Equity Scheme - Large Cap Fund,30-10-2024,96.53300
118632,Nippon India Large Cap Fund - Direct Plan Growth Plan - Growth Option,Nippon India Mutual Fund,Open Ended Schemes,Equity Scheme - Large Cap Fund,29-10-2024,96.88810
118632,Nippon India Large Cap Fund - Direct Plan Growth Plan - Growth Option,Nippon India Mutual Fund,Open Ended Schemes,Equity Scheme - Large Cap Fund,28-10-2024,96.01720
118632,Nippon India Large Cap Fund - Direct Plan Growth Plan - Growth Option,Nippon India Mutual Fund,Open Ended Schemes,Equity Scheme - Large Cap Fund,25-10-2024,95.67050
118632,Nippon India Large Cap Fund - Direct Plan Growth Plan - Growth Option,Nippon India Mutual Fund,Open Ended Schemes,Equity Scheme - Large Cap Fund,24-10-2024,96.59010
118632,Nippon India Large Cap Fund - Direct Plan Growth Plan - Growth Option,Nippon India Mutual Fund,Open Ended Schemes,Equity Scheme - Large Cap Fund,23-10-2024,96.79280
118632,Nippon India Large Cap Fund - Direct Plan Growth Plan - Growth Option,Nippon India Mutual Fund,Open Ended Schemes,Equity Scheme - Large Cap Fund,22-10-2024,96.82630
118632,Nippon India Large Cap Fund - Direct Plan Growth Plan - Growth Option,Nippon India Mutual Fund,Open Ended Schemes,Equity Scheme - Large Cap Fund,21-10-2024,98.42470
118632,Nippon India Large Cap Fund - Direct Plan Growth Plan - Growth Option,Nippon India Mutual Fund,Open Ended Schemes,Equity Scheme - Large Cap Fund,18-10-2024,98.92480
118632,Nippon India Large Cap Fund - Direct Plan Growth Plan - Growth Option,Nippon India Mutual Fund,Open Ended Schemes,Equity Scheme - Large Cap Fund,17-10-2024,98.60030
118632,Nippon India Large Cap Fund - Direct Plan Growth Plan - Growth Option,Nippon India Mutual Fund,Open Ended Schemes,Equity Scheme - Large Cap Fund,16-10-2024,99.55250
118632,Nippon India Large Cap Fund - Direct Plan Growth Plan - Growth Option,Nippon India Mutual Fund,Open Ended Schemes,Equity Scheme - Large Cap Fund,15-10-2024,99.63550
118632,Nippon India Large Cap Fund - Direct Plan Growth Plan - Growth Option,Nippon India Mutual Fund,Open Ended Schemes,Equity Scheme - Large Cap Fund,14-10-2024,99.68390
118632,Nippon India Large Cap Fund - Direct Plan Growth Plan - Growth Option,Nippon India Mutual Fund,Open Ended Schemes,Equity Scheme - Large Cap Fund,11-10-2024,99.13900
118632,Nippon India Large Cap Fund - Direct Plan Growth Plan - Growth Option,Nippon India Mutual Fund,Open Ended Schemes,Equity Scheme - Large Cap Fund,10-10-2024,99.26850
118632,Nippon India Large Cap Fund - Direct Plan Growth Plan - Growth Option,Nippon India Mutual Fund,Open Ended Schemes,Equity Scheme - Large Cap Fund,09-10-2024,98.99230
118632,Nippon India Large Cap Fund - Direct Plan Growth Plan - Growth Option,Nippon India Mutual Fund,Open Ended Schemes,Equity Scheme - Large Cap Fund,08-10-2024,98.63810
118632,Nippon India Large Cap Fund - Direct Plan Growth Plan - Growth Option,Nippon India Mutual Fund,Open Ended Schemes,Equity Scheme - Large Cap Fund,07-10-2024,97.39870
118632,Nippon India Large Cap Fund - Direct Plan Growth Plan - Growth Option,Nippon India Mutual Fund,Open Ended Schemes,Equity Scheme - Large Cap Fund,04-10-2024,98.70980
118632,Nippon India Large Cap Fund - Direct Plan Growth Plan - Growth Option,Nippon India Mutual Fund,Open Ended Schemes,Equity Scheme - Large Cap Fund,03-10-2024,99.48890
118632,Nippon India Large Cap Fund - Direct Plan Growth Plan - Growth Option,Nippon India Mutual Fund,Open Ended Schemes,Equity Scheme - Large Cap Fund,01-10-2024,101.43230
118632,Nippon India Large Cap Fund - Direct Plan Growth Plan - Growth Option,Nippon India Mutual Fund,Open Ended Schemes,Equity Scheme - Large Cap Fund,30-09-2024,101.44750
118632,Nippon India Large Cap Fund - Direct Plan Growth Plan - Growth Option,Nippon India Mutual Fund,Open Ended Schemes,Equity Scheme - Large Cap Fund,27-09-2024,102.70610
118632,Nippon India Large Cap Fund - Direct Plan Growth Plan - Growth Option,Nippon India Mutual Fund,Open Ended Schemes,Equity Scheme - Large Cap Fund,26-09-2024,102.66580
118632,Nippon India Large Cap Fund - Direct Plan Growth Plan - Growth Option,Nippon India Mutual Fund,Open Ended Schemes,Equity Scheme - Large Cap Fund,25-09-2024,102.04130
118632,Nippon India Large Cap Fund - Direct Plan Growth Plan - Growth Option,Nippon India Mutual Fund,Open Ended Schemes,Equity Scheme - Large Cap Fund,24-09-2024,101.74560
118632,Nippon India Large Cap Fund - Direct Plan Growth Plan - Growth Option,Nippon India Mutual Fund,Open Ended Schemes,Equity Scheme - Large Cap Fund,23-09-2024,101.64330
118632,Nippon India Large Cap Fund - Direct Plan Growth Plan - Growth Option,Nippon India Mutual Fund,Open Ended Schemes,Equity Scheme - Large Cap Fund,20-09-2024,100.95980
118632,Nippon India Large Cap Fund - Direct Plan Growth Plan - Growth Option,Nippon India Mutual Fund,Open Ended Schemes,Equity Scheme - Large Cap Fund,19-09-2024,99.88420
118632,Nippon India Large Cap Fund - Direct Plan Growth Plan - Growth Option,Nippon India Mutual Fund,Open Ended Schemes,Equity Scheme - Large Cap Fund,18-09-2024,99.96800
118632,Nippon India Large Cap Fund - Direct Plan Growth Plan - Growth Option,Nippon India Mutual Fund,Open Ended Schemes,Equity Scheme - Large Cap Fund,17-09-2024,100.06530
118632,Nippon India Large Cap Fund - Direct Plan Growth Plan - Growth Option,Nippon India Mutual Fund,Open Ended Schemes,Equity Scheme - Large Cap Fund,16-09-2024,100.11400
118632,Nippon India Large Cap Fund - Direct Plan Growth Plan - Growth Option,Nippon India Mutual Fund,Open Ended Schemes,Equity Scheme - Large Cap Fund,13-09-2024,100.08900
118632,Nippon India Large Cap Fund - Direct Plan Growth Plan - Growth Option,Nippon India Mutual Fund,Open Ended Schemes,Equity Scheme - Large Cap Fund,12-09-2024,100.23730
118632,Nippon India Large Cap Fund - Direct Plan Growth Plan - Growth Option,Nippon India Mutual Fund,Open Ended Schemes,Equity Scheme - Large Cap Fund,11-09-2024,98.77240
118632,Nippon India Large Cap Fund - Direct Plan Growth Plan - Growth Option,Nippon India Mutual Fund,Open Ended Schemes,Equity Scheme - Large Cap Fund,10-09-2024,99.23190
118632,Nippon India Large Cap Fund - Direct Plan Growth Plan - Growth Option,Nippon India Mutual Fund,Open Ended Schemes,Equity Scheme - Large Cap Fund,09-09-2024,98.46750
118632,Nippon India Large Cap Fund - Direct Plan Growth Plan - Growth Option,Nippon India Mutual Fund,Open Ended Schemes,Equity Scheme - Large Cap Fund,06-09-2024,98.07600
118632,Nippon India Large Cap Fund - Direct Plan Growth Plan - Growth Option,Nippon India Mutual Fund,Open Ended Schemes,Equity Scheme - Large Cap Fund,05-09-2024,99.35690
118632,Nippon India Large Cap Fund - Direct Plan Growth Plan - Growth Option,Nippon India Mutual Fund,Open Ended Schemes,Equity Scheme - Large Cap Fund,04-09-2024,99.20670
118632,Nippon India Large Cap Fund - Direct Plan Growth Plan - Growth Option,Nippon India Mutual Fund,Open Ended Schemes,Equity Scheme - Large Cap Fund,03-09-2024,99.68050
118632,Nippon India Large Cap Fund - Direct Plan Growth Plan - Growth Option,Nippon India Mutual Fund,Open Ended Schemes,Equity Scheme - Large Cap Fund,02-09-2024,99.52270
118632,Nippon India Large Cap Fund - Direct Plan Growth Plan - Growth Option,Nippon India Mutual Fund,Open Ended Schemes,Equity Scheme - Large Cap Fund,30-08-2024,99.39960
118632,Nippon India Large Cap Fund - Direct Plan Growth Plan - Growth Option,Nippon India Mutual Fund,Open Ended Schemes,Equity Scheme - Large Cap Fund,29-08-2024,98.91270
118632,Nippon India Large Cap Fund - Direct Plan Growth Plan - Growth Option,Nippon India Mutual Fund,Open Ended Schemes,Equity Scheme - Large Cap Fund,28-08-2024,98.77890
118632,Nippon India Large Cap Fund - Direct Plan Growth Plan - Growth Option,Nippon India Mutual Fund,Open Ended Schemes,Equity Scheme - Large Cap Fund,27-08-2024,98.87470
118632,Nippon India Large Cap Fund - Direct Plan Growth Plan - Growth Option,Nippon India Mutual Fund,Open Ended Schemes,Equity Scheme - Large Cap Fund,26-08-2024,98.62680
118632,Nippon India Large Cap Fund - Direct Plan Growth Plan - Growth Option,Nippon India Mutual Fund,Open Ended Schemes,Equity Scheme - Large Cap Fund,23-08-2024,97.93850
118632,Nippon India Large Cap Fund - Direct Plan Growth Plan - Growth Option,Nippon India Mutual Fund,Open Ended Schemes,Equity Scheme - Large Cap Fund,22-08-2024,97.97380
118632,Nippon India Large Cap Fund - Direct Plan Growth Plan - Growth Option,Nippon India Mutual Fund,Open Ended Schemes,Equity Scheme - Large Cap Fund,21-08-2024,97.83260
118632,Nippon India Large Cap Fund - Direct Plan Growth Plan - Growth Option,Nippon India Mutual Fund,Open Ended Schemes,Equity Scheme - Large Cap Fund,20-08-2024,97.61250
118632,Nippon India Large Cap Fund - Direct Plan Growth Plan - Growth Option,Nippon India Mutual Fund,Open Ended Schemes,Equity Scheme - Large Cap Fund,19-08-2024,97.06110
118632,Nippon India Large Cap Fund - Direct Plan Growth Plan - Growth Option,Nippon India Mutual Fund,Open Ended Schemes,Equity Scheme - Large Cap Fund,16-08-2024,96.87960
118632,Nippon India Large Cap Fund - Direct Plan Growth Plan - Growth Option,Nippon India Mutual Fund,Open Ended Schemes,Equity Scheme - Large Cap Fund,14-08-2024,95.37830
118632,Nippon India Large Cap Fund - Direct Plan Growth Plan - Growth Option,Nippon India Mutual Fund,Open Ended Schemes,Equity Scheme - Large Cap Fund,13-08-2024,95.36300
118632,Nippon India Large Cap Fund - Direct Plan Growth Plan - Growth Option,Nippon India Mutual Fund,Open Ended Schemes,Equity Scheme - Large Cap Fund,12-08-2024,96.44310
118632,Nippon India Large Cap Fund - Direct Plan Growth Plan - Growth Option,Nippon India Mutual Fund,Open Ended Schemes,Equity Scheme - Large Cap Fund,09-08-2024,96.69150
118632,Nippon India Large Cap Fund - Direct Plan Growth Plan - Growth Option,Nippon India Mutual Fund,Open Ended Schemes,Equity Scheme - Large Cap Fund,08-08-2024,95.90360
118632,Nippon India Large Cap Fund - Direct Plan Growth Plan - Growth Option,Nippon India Mutual Fund,Open Ended Schemes,Equity Scheme - Large Cap Fund,07-08-2024,96.56170
118632,Nippon India Large Cap Fund - Direct Plan Growth Plan - Growth Option,Nippon India Mutual Fund,Open Ended Schemes,Equity Scheme - Large Cap Fund,06-08-2024,95.16420
118632,Nippon India Large Cap Fund - Direct Plan Growth Plan - Growth Option,Nippon India Mutual Fund,Open Ended Schemes,Equity Scheme - Large Cap Fund,05-08-2024,95.69950
118632,Nippon India Large Cap Fund - Direct Plan Growth Plan - Growth Option,Nippon India Mutual Fund,Open Ended Schemes,Equity Scheme - Large Cap Fund,02-08-2024,98.39920
118632,Nippon India Large Cap Fund - Direct Plan Growth Plan - Growth Option,Nippon India Mutual Fund,Open Ended Schemes,Equity Scheme - Large Cap Fund,01-08-2024,99.19050
118632,Nippon India Large Cap Fund - Direct Plan Growth Plan - Growth Option,Nippon India Mutual Fund,Open Ended Schemes,Equity Scheme - Large Cap Fund,31-07-2024,99.03800
118632,Nippon India Large Cap Fund - Direct Plan Growth Plan - Growth Option,Nippon India Mutual Fund,Open Ended Schemes,Equity Scheme - Large Cap Fund,30-07-2024,98.68020
118632,Nippon India Large Cap Fund - Direct Plan Growth Plan - Growth Option,Nippon India Mutual Fund,Open Ended Schemes,Equity Scheme - Large Cap Fund,29-07-2024,98.48390
118632,Nippon India Large Cap Fund - Direct Plan Growth Plan - Growth Option,Nippon India Mutual Fund,Open Ended Schemes,Equity Scheme - Large Cap Fund,26-07-2024,98.31110
118632,Nippon India Large Cap Fund - Direct Plan Growth Plan - Growth Option,Nippon India Mutual Fund,Open Ended Schemes,Equity Scheme - Large Cap Fund,25-07-2024,96.73230
118632,Nippon India Large Cap Fund - Direct Plan Growth Plan - Growth Option,Nippon India Mutual Fund,Open Ended Schemes,Equity Scheme - Large Cap Fund,24-07-2024,96.76170
118632,Nippon India Large Cap Fund - Direct Plan Growth Plan - Growth Option,Nippon India Mutual Fund,Open Ended Schemes,Equity Scheme - Large Cap Fund,23-07-2024,96.54450
118632,Nippon India Large Cap Fund - Direct Plan Growth Plan - Growth Option,Nippon India Mutual Fund,Open Ended Schemes,Equity Scheme - Large Cap Fund,22-07-2024,96.70130
118632,Nippon India Large Cap Fund - Direct Plan Growth Plan - Growth Option,Nippon India Mutual Fund,Open Ended Schemes,Equity Scheme - Large Cap Fund,19-07-2024,96.40900
118632,Nippon India Large Cap Fund - Direct Plan Growth Plan - Growth Option,Nippon India Mutual Fund,Open Ended Schemes,Equity Scheme - Large Cap Fund,18-07-2024,97.70550
118632,Nippon India Large Cap Fund - Direct Plan Growth Plan - Growth Option,Nippon India Mutual Fund,Open Ended Schemes,Equity Scheme - Large Cap Fund,16-07-2024,97.47130
118632,Nippon India Large Cap Fund - Direct Plan Growth Plan - Growth Option,Nippon India Mutual Fund,Open Ended Schemes,Equity Scheme - Large Cap Fund,15-07-2024,97.76710
118632,Nippon India Large Cap Fund - Direct Plan Growth Plan - Growth Option,Nippon India Mutual Fund,Open Ended Schemes,Equity Scheme - Large Cap Fund,12-07-2024,97.37850
118632,Nippon India Large Cap Fund - Direct Plan Growth Plan - Growth Option,Nippon India Mutual Fund,Open Ended Schemes,Equity Scheme - Large Cap Fund,11-07-2024,97.09600
118632,Nippon India Large Cap Fund - Direct Plan Growth Plan - Growth Option,Nippon India Mutual Fund,Open Ended Schemes,Equity Scheme - Large Cap Fund,10-07-2024,96.98450
118632,Nippon India Large Cap Fund - Direct Plan Growth Plan - Growth Option,Nippon India Mutual Fund,Open Ended Schemes,Equity Scheme - Large Cap Fund,09-07-2024,97.33110
118632,Nippon India Large Cap Fund - Direct Plan Growth Plan - Growth Option,Nippon India Mutual Fund,Open Ended Schemes,Equity Scheme - Large Cap Fund,08-07-2024,96.86470
118632,Nippon India Large Cap Fund - Direct Plan Growth Plan - Growth Option,Nippon India Mutual Fund,Open Ended Schemes,Equity Scheme - Large Cap Fund,05-07-2024,96.82970
118632,Nippon India Large Cap Fund - Direct Plan Growth Plan - Growth Option,Nippon India Mutual Fund,Open Ended Schemes,Equity Scheme - Large Cap Fund,04-07-2024,96.66880
118632,Nippon India Large Cap Fund - Direct Plan Growth Plan - Growth Option,Nippon India Mutual Fund,Open Ended Schemes,Equity Scheme - Large Cap Fund,03-07-2024,96.39880
118632,Nippon India Large Cap Fund - Direct Plan Growth Plan - Growth Option,Nippon India Mutual Fund,Open Ended Schemes,Equity Scheme - Large Cap Fund,02-07-2024,95.58240
118632,Nippon India Large Cap Fund - Direct Plan Growth Plan - Growth Option,Nippon India Mutual Fund,Open Ended Schemes,Equity Scheme - Large Cap Fund,01-07-2024,95.69960
118632,Nippon India Large Cap Fund - Direct Plan Growth Plan - Growth Option,Nippon India Mutual Fund,Open Ended Schemes,Equity Scheme - Large Cap Fund,28-06-2024,94.94160
118632,Nippon India Large Cap Fund - Direct Plan Growth Plan - Growth Option,Nippon India Mutual Fund,Open Ended Schemes,Equity Scheme - Large Cap Fund,27-06-2024,95.12370
118632,Nippon India Large Cap Fund - Direct Plan Growth Plan - Growth Option,Nippon India Mutual Fund,Open Ended Schemes,Equity Scheme - Large Cap Fund,26-06-2024,94.64300
118632,Nippon India Large Cap Fund - Direct Plan Growth Plan - Growth Option,Nippon India Mutual Fund,Open Ended Schemes,Equity Scheme - Large Cap Fund,25-06-2024,94.38140
118632,Nippon India Large Cap Fund - Direct Plan Growth Plan - Growth Option,Nippon India Mutual Fund,Open Ended Schemes,Equity Scheme - Large Cap Fund,24-06-2024,93.73920
118632,Nippon India Large Cap Fund - Direct Plan Growth Plan - Growth Option,Nippon India Mutual Fund,Open Ended Schemes,Equity Scheme - Large Cap Fund,21-06-2024,93.55370
118632,Nippon India Large Cap Fund - Direct Plan Growth Plan - Growth Option,Nippon India Mutual Fund,Open Ended Schemes,Equity Scheme - Large Cap Fund,20-06-2024,93.87530
118632,Nippon India Large Cap Fund - Direct Plan Growth Plan - Growth Option,Nippon India Mutual Fund,Open Ended Schemes,Equity Scheme - Large Cap Fund,19-06-2024,93.58490
118632,Nippon India Large Cap Fund - Direct Plan Growth Plan - Growth Option,Nippon India Mutual Fund,Open Ended Schemes,Equity Scheme - Large Cap Fund,18-06-2024,93.80300
118632,Nippon India Large Cap Fund - Direct Plan Growth Plan - Growth Option,Nippon India Mutual Fund,Open Ended Schemes,Equity Scheme - Large Cap Fund,14-06-2024,93.65670
118632,Nippon India Large Cap Fund - Direct Plan Growth Plan - Growth Option,Nippon India Mutual Fund,Open Ended Schemes,Equity Scheme - Large Cap Fund,13-06-2024,93.04000
118632,Nippon India Large Cap Fund - Direct Plan Growth Plan - Growth Option,Nippon India Mutual Fund,Open Ended Schemes,Equity Scheme - Large Cap Fund,12-06-2024,92.56120
118632,Nippon India Large Cap Fund - Direct Plan Growth Plan - Growth Option,Nippon India Mutual Fund,Open Ended Schemes,Equity Scheme - Large Cap Fund,11-06-2024,92.12060
118632,Nippon India Large Cap Fund - Direct Plan Growth Plan - Growth Option,Nippon India Mutual Fund,Open Ended Schemes,Equity Scheme - Large Cap Fund,10-06-2024,92.00970
118632,Nippon India Large Cap Fund - Direct Plan Growth Plan - Growth Option,Nippon India Mutual Fund,Open Ended Schemes,Equity Scheme - Large Cap Fund,07-06-2024,91.85620
118632,Nippon India Large Cap Fund - Direct Plan Growth Plan - Growth Option,Nippon India Mutual Fund,Open Ended Schemes,Equity Scheme - Large Cap Fund,06-06-2024,90.12670
118632,Nippon India Large Cap Fund - Direct Plan Growth Plan - Growth Option,Nippon India Mutual Fund,Open Ended Schemes,Equity Scheme - Large Cap Fund,05-06-2024,89.11720
118632,Nippon India Large Cap Fund - Direct Plan Growth Plan - Growth Option,Nippon India Mutual Fund,Open Ended Schemes,Equity Scheme - Large Cap Fund,04-06-2024,86.30420
118632,Nippon India Large Cap Fund - Direct Plan Growth Plan - Growth Option,Nippon India Mutual Fund,Open Ended Schemes,Equity Scheme - Large Cap Fund,03-06-2024,92.42710
118632,Nippon India Large Cap Fund - Direct Plan Growth Plan - Growth Option,Nippon India Mutual Fund,Open Ended Schemes,Equity Scheme - Large Cap Fund,31-05-2024,89.44810
118632,Nippon India Large Cap Fund - Direct Plan Growth Plan - Growth Option,Nippon India Mutual Fund,Open Ended Schemes,Equity Scheme - Large Cap Fund,30-05-2024,88.99330
118632,Nippon India Large Cap Fund - Direct Plan Growth Plan - Growth Option,Nippon India Mutual Fund,Open Ended Schemes,Equity Scheme - Large Cap Fund,29-05-2024,89.65030
118632,Nippon India Large Cap Fund - Direct Plan Growth Plan - Growth Option,Nippon India Mutual Fund,Open Ended Schemes,Equity Scheme - Large Cap Fund,28-05-2024,90.42020
118632,Nippon India Large Cap Fund - Direct Plan Growth Plan - Growth Option,Nippon India Mutual Fund,Open Ended Schemes,Equity Scheme - Large Cap Fund,27-05-2024,90.78770
118632,Nippon India Large Cap Fund - Direct Plan Growth Plan - Growth Option,Nippon India Mutual Fund,Open Ended Schemes,Equity Scheme - Large Cap Fund,24-05-2024,90.91400
118632,Nippon India Large Cap Fund - Direct Plan Growth Plan - Growth Option,Nippon India Mutual Fund,Open Ended Schemes,Equity Scheme - Large Cap Fund,23-05-2024,90.95720
118632,Nippon India Large Cap Fund - Direct Plan Growth Plan - Growth Option,Nippon India Mutual Fund,Open Ended Schemes,Equity Scheme - Large Cap Fund,22-05-2024,89.86400
118632,Nippon India Large Cap Fund - Direct Plan Growth Plan - Growth Option,Nippon India Mutual Fund,Open Ended Schemes,Equity Scheme - Large Cap Fund,21-05-2024,89.50670
118632,Nippon India Large Cap Fund - Direct Plan Growth Plan - Growth Option,Nippon India Mutual Fund,Open Ended Schemes,Equity Scheme - Large Cap Fund,17-05-2024,89.12560
118632,Nippon India Large Cap Fund - Direct Plan Growth Plan - Growth Option,Nippon India Mutual Fund,Open Ended Schemes,Equity Scheme - Large Cap Fund,16-05-2024,88.72590
118632,Nippon India Large Cap Fund - Direct Plan Growth Plan - Growth Option,Nippon India Mutual Fund,Open Ended Schemes,Equity Scheme - Large Cap Fund,15-05-2024,87.83770
118632,Nippon India Large Cap Fund - Direct Plan Growth Plan - Growth Option,Nippon India Mutual Fund,Open Ended Schemes,Equity Scheme - Large Cap Fund,14-05-2024,87.62740
118632,Nippon India Large Cap Fund - Direct Plan Growth Plan - Growth Option,Nippon India Mutual Fund,Open Ended Schemes,Equity Scheme - Large Cap Fund,13-05-2024,87.17400
118632,Nippon India Large Cap Fund - Direct Plan Growth Plan - Growth Option,Nippon India Mutual Fund,Open Ended Schemes,Equity Scheme - Large Cap Fund,10-05-2024,86.98910
118632,Nippon India Large Cap Fund - Direct Plan Growth Plan - Growth Option,Nippon India Mutual Fund,Open Ended Schemes,Equity Scheme - Large Cap Fund,09-05-2024,86.35470
118632,Nippon India Large Cap Fund - Direct Plan Growth Plan - Growth Option,Nippon India Mutual Fund,Open Ended Schemes,Equity Scheme - Large Cap Fund,08-05-2024,87.90400
118632,Nippon India Large Cap Fund - Direct Plan Growth Plan - Growth Option,Nippon India Mutual Fund,Open Ended Schemes,Equity Scheme - Large Cap Fund,07-05-2024,87.75610
118632,Nippon India Large Cap Fund - Direct Plan Growth Plan - Growth Option,Nippon India Mutual Fund,Open Ended Schemes,Equity Scheme - Large Cap Fund,06-05-2024,88.33160
118632,Nippon India Large Cap Fund - Direct Plan Growth Plan - Growth Option,Nippon India Mutual Fund,Open Ended Schemes,Equity Scheme - Large Cap Fund,03-05-2024,88.73900
118632,Nippon India Large Cap Fund - Direct Plan Growth Plan - Growth Option,Nippon India Mutual Fund,Open Ended Schemes,Equity Scheme - Large Cap Fund,02-05-2024,89.32460
118632,Nippon India Large Cap Fund - Direct Plan Growth Plan - Growth Option,Nippon India Mutual Fund,Open Ended Schemes,Equity Scheme - Large Cap Fund,30-04-2024,89.09260
118632,Nippon India Large Cap Fund - Direct Plan Growth Plan - Growth Option,Nippon India Mutual Fund,Open Ended Schemes,Equity Scheme - Large Cap Fund,29-04-2024,89.08300
118632,Nippon India Large Cap Fund - Direct Plan Growth Plan - Growth Option,Nippon India Mutual Fund,Open Ended Schemes,Equity Scheme - Large Cap Fund,26-04-2024,88.16580
118632,Nippon India Large Cap Fund - Direct Plan Growth Plan - Growth Option,Nippon India Mutual Fund,Open Ended Schemes,Equity Scheme - Large Cap Fund,25-04-2024,88.61250
118632,Nippon India Large Cap Fund - Direct Plan Growth Plan - Growth Option,Nippon India Mutual Fund,Open Ended Schemes,Equity Scheme - Large Cap Fund,24-04-2024,87.73080
118632,Nippon India Large Cap Fund - Direct Plan Growth Plan - Growth Option,Nippon India Mutual Fund,Open Ended Schemes,Equity Scheme - Large Cap Fund,23-04-2024,87.56550
118632,Nippon India Large Cap Fund - Direct Plan Growth Plan - Growth Option,Nippon India Mutual Fund,Open Ended Schemes,Equity Scheme - Large Cap Fund,22-04-2024,87.41540
118632,Nippon India Large Cap Fund - Direct Plan Growth Plan - Growth Option,Nippon India Mutual Fund,Open Ended Schemes,Equity Scheme - Large Cap Fund,19-04-2024,86.57410
118632,Nippon India Large Cap Fund - Direct Plan Growth Plan - Growth Option,Nippon India Mutual Fund,Open Ended Schemes,Equity Scheme - Large Cap Fund,18-04-2024,85.95440
118632,Nippon India Large Cap Fund - Direct Plan Growth Plan - Growth Option,Nippon India Mutual Fund,Open Ended Schemes,Equity Scheme - Large Cap Fund,16-04-2024,86.48440
118632,Nippon India Large Cap Fund - Direct Plan Growth Plan - Growth Option,Nippon India Mutual Fund,Open Ended Schemes,Equity Scheme - Large Cap Fund,15-04-2024,86.73510
118632,Nippon India Large Cap Fund - Direct Plan Growth Plan - Growth Option,Nippon India Mutual Fund,Open Ended Schemes,Equity Scheme - Large Cap Fund,12-04-2024,87.87480
118632,Nippon India Large Cap Fund - Direct Plan Growth Plan - Growth Option,Nippon India Mutual Fund,Open Ended Schemes,Equity Scheme - Large Cap Fund,10-04-2024,88.64870
118632,Nippon India Large Cap Fund - Direct Plan Growth Plan - Growth Option,Nippon India Mutual Fund,Open Ended Schemes,Equity Scheme - Large Cap Fund,09-04-2024,88.36090
118632,Nippon India Large Cap Fund - Direct Plan Growth Plan - Growth Option,Nippon India Mutual Fund,Open Ended Schemes,Equity Scheme - Large Cap Fund,08-04-2024,88.42120
118632,Nippon India Large Cap Fund - Direct Plan Growth Plan - Growth Option,Nippon India Mutual Fund,Open Ended Schemes,Equity Scheme - Large Cap Fund,05-04-2024,87.86560
118632,Nippon India Large Cap Fund - Direct Plan Growth Plan - Growth Option,Nippon India Mutual Fund,Open Ended Schemes,Equity Scheme - Large Cap Fund,04-04-2024,87.58460
118632,Nippon India Large Cap Fund - Direct Plan Growth Plan - Growth Option,Nippon India Mutual Fund,Open Ended Schemes,Equity Scheme - Large Cap Fund,03-04-2024,87.35910
118632,Nippon India Large Cap Fund - Direct Plan Growth Plan - Growth Option,Nippon India Mutual Fund,Open Ended Schemes,Equity Scheme - Large Cap Fund,02-04-2024,87.16710
118632,Nippon India Large Cap Fund - Direct Plan Growth Plan - Growth Option,Nippon India Mutual Fund,Open Ended Schemes,Equity Scheme - Large Cap Fund,01-04-2024,87.14470
118632,Nippon India Large Cap Fund - Direct Plan Growth Plan - Growth Option,Nippon India Mutual Fund,Open Ended Schemes,Equity Scheme - Large Cap Fund,31-03-2024,86.23240
118632,Nippon India Large Cap Fund - Direct Plan Growth Plan - Growth Option,Nippon India Mutual Fund,Open Ended Schemes,Equity Scheme - Large Cap Fund,28-03-2024,86.23560
118632,Nippon India Large Cap Fund - Direct Plan Growth Plan - Growth Option,Nippon India Mutual Fund,Open Ended Schemes,Equity Scheme - Large Cap Fund,27-03-2024,85.40680
118632,Nippon India Large Cap Fund - Direct Plan Growth Plan - Growth Option,Nippon India Mutual Fund,Open Ended Schemes,Equity Scheme - Large Cap Fund,26-03-2024,85.02020
118632,Nippon India Large Cap Fund - Direct Plan Growth Plan - Growth Option,Nippon India Mutual Fund,Open Ended Schemes,Equity Scheme - Large Cap Fund,22-03-2024,84.85350
118632,Nippon India Large Cap Fund - Direct Plan Growth Plan - Growth Option,Nippon India Mutual Fund,Open Ended Schemes,Equity Scheme - Large Cap Fund,21-03-2024,84.45610
118632,Nippon India Large Cap Fund - Direct Plan Growth Plan - Growth Option,Nippon India Mutual Fund,Open Ended Schemes,Equity Scheme - Large Cap Fund,20-03-2024,83.35380
118632,Nippon India Large Cap Fund - Direct Plan Growth Plan - Growth Option,Nippon India Mutual Fund,Open Ended Schemes,Equity Scheme - Large Cap Fund,19-03-2024,83.16390
118632,Nippon India Large Cap Fund - Direct Plan Growth Plan - Growth Option,Nippon India Mutual Fund,Open Ended Schemes,Equity Scheme - Large Cap Fund,18-03-2024,83.98510
118632,Nippon India Large Cap Fund - Direct Plan Growth Plan - Growth Option,Nippon India Mutual Fund,Open Ended Schemes,Equity Scheme - Large Cap Fund,15-03-2024,83.69020
118632,Nippon India Large Cap Fund - Direct Plan Growth Plan - Growth Option,Nippon India Mutual Fund,Open Ended Schemes,Equity Scheme - Large Cap Fund,14-03-2024,84.05680
118632,Nippon India Large Cap Fund - Direct Plan Growth Plan - Growth Option,Nippon India Mutual Fund,Open Ended Schemes,Equity Scheme - Large Cap Fund,13-03-2024,83.42000
118632,Nippon India Large Cap Fund - Direct Plan Growth Plan - Growth Option,Nippon India Mutual Fund,Open Ended Schemes,Equity Scheme - Large Cap Fund,12-03-2024,85.10580
118632,Nippon India Large Cap Fund - Direct Plan Growth Plan - Growth Option,Nippon India Mutual Fund,Open Ended Schemes,Equity Scheme - Large Cap Fund,11-03-2024,85.43840
118632,Nippon India Large Cap Fund - Direct Plan Growth Plan - Growth Option,Nippon India Mutual Fund,Open Ended Schemes,Equity Scheme - Large Cap Fund,07-03-2024,86.24290
118632,Nippon India Large Cap Fund - Direct Plan Growth Plan - Growth Option,Nippon India Mutual Fund,Open Ended Schemes,Equity Scheme - Large Cap Fund,06-03-2024,85.81000
118632,Nippon India Large Cap Fund - Direct Plan Growth Plan - Growth Option,Nippon India Mutual Fund,Open Ended Schemes,Equity Scheme - Large Cap Fund,05-03-2024,85.85360
118632,Nippon India Large Cap Fund - Direct Plan Growth Plan - Growth Option,Nippon India Mutual Fund,Open Ended Schemes,Equity Scheme - Large Cap Fund,04-03-2024,85.83890
118632,Nippon India Large Cap Fund - Direct Plan Growth Plan - Growth Option,Nippon India Mutual Fund,Open Ended Schemes,Equity Scheme - Large Cap Fund,01-03-2024,85.37180
118632,Nippon India Large Cap Fund - Direct Plan Growth Plan - Growth Option,Nippon India Mutual Fund,Open Ended Schemes,Equity Scheme - Large Cap Fund,29-02-2024,84.05690
118632,Nippon India Large Cap Fund - Direct Plan Growth Plan - Growth Option,Nippon India Mutual Fund,Open Ended Schemes,Equity Scheme - Large Cap Fund,28-02-2024,83.62310
118632,Nippon India Large Cap Fund - Direct Plan Growth Plan - Growth Option,Nippon India Mutual Fund,Open Ended Schemes,Equity Scheme - Large Cap Fund,27-02-2024,84.55430
118632,Nippon India Large Cap Fund - Direct Plan Growth Plan - Growth Option,Nippon India Mutual Fund,Open Ended Schemes,Equity Scheme - Large Cap Fund,26-02-2024,84.48020
118632,Nippon India Large Cap Fund - Direct Plan Growth Plan - Growth Option,Nippon India Mutual Fund,Open Ended Schemes,Equity Scheme - Large Cap Fund,23-02-2024,84.67450
118632,Nippon India Large Cap Fund - Direct Plan Growth Plan - Growth Option,Nippon India Mutual Fund,Open Ended Schemes,Equity Scheme - Large Cap Fund,22-02-2024,84.47390
118632,Nippon India Large Cap Fund - Direct Plan Growth Plan - Growth Option,Nippon India Mutual Fund,Open Ended Schemes,Equity Scheme - Large Cap Fund,21-02-2024,83.75970
118632,Nippon India Large Cap Fund - Direct Plan Growth Plan - Growth Option,Nippon India Mutual Fund,Open Ended Schemes,Equity Scheme - Large Cap Fund,20-02-2024,84.06110
118632,Nippon India Large Cap Fund - Direct Plan Growth Plan - Growth Option,Nippon India Mutual Fund,Open Ended Schemes,Equity Scheme - Large Cap Fund,19-02-2024,83.70030
118632,Nippon India Large Cap Fund - Direct Plan Growth Plan - Growth Option,Nippon India Mutual Fund,Open Ended Schemes,Equity Scheme - Large Cap Fund,16-02-2024,83.54780
118632,Nippon India Large Cap Fund - Direct Plan Growth Plan - Growth Option,Nippon India Mutual Fund,Open Ended Schemes,Equity Scheme - Large Cap Fund,15-02-2024,83.15570
118632,Nippon India Large Cap Fund - Direct Plan Growth Plan - Growth Option,Nippon India Mutual Fund,Open Ended Schemes,Equity Scheme - Large Cap Fund,14-02-2024,82.84330
118632,Nippon India Large Cap Fund - Direct Plan Growth Plan - Growth Option,Nippon India Mutual Fund,Open Ended Schemes,Equity Scheme - Large Cap Fund,13-02-2024,82.18780
118632,Nippon India Large Cap Fund - Direct Plan Growth Plan - Growth Option,Nippon India Mutual Fund,Open Ended Schemes,Equity Scheme - Large Cap Fund,12-02-2024,81.62870
118632,Nippon India Large Cap Fund - Direct Plan Growth Plan - Growth Option,Nippon India Mutual Fund,Open Ended Schemes,Equity Scheme - Large Cap Fund,09-02-2024,82.87520
118632,Nippon India Large Cap Fund - Direct Plan Growth Plan - Growth Option,Nippon India Mutual Fund,Open Ended Schemes,Equity Scheme - Large Cap Fund,08-02-2024,82.58970
118632,Nippon India Large Cap Fund - Direct Plan Growth Plan - Growth Option,Nippon India Mutual Fund,Open Ended Schemes,Equity Scheme - Large Cap Fund,07-02-2024,83.03130
118632,Nippon India Large Cap Fund - Direct Plan Growth Plan - Growth Option,Nippon India Mutual Fund,Open Ended Schemes,Equity Scheme - Large Cap Fund,06-02-2024,82.27200
118632,Nippon India Large Cap Fund - Direct Plan Growth Plan - Growth Option,Nippon India Mutual Fund,Open Ended Schemes,Equity Scheme - Large Cap Fund,05-02-2024,81.54160
118632,Nippon India Large Cap Fund - Direct Plan Growth Plan - Growth Option,Nippon India Mutual Fund,Open Ended Schemes,Equity Scheme - Large Cap Fund,02-02-2024,81.78410
118632,Nippon India Large Cap Fund - Direct Plan Growth Plan - Growth Option,Nippon India Mutual Fund,Open Ended Schemes,Equity Scheme - Large Cap Fund,01-02-2024,81.39170
118632,Nippon India Large Cap Fund - Direct Plan Growth Plan - Growth Option,Nippon India Mutual Fund,Open Ended Schemes,Equity Scheme - Large Cap Fund,31-01-2024,81.51480
118632,Nippon India Large Cap Fund - Direct Plan Growth Plan - Growth Option,Nippon India Mutual Fund,Open Ended Schemes,Equity Scheme - Large Cap Fund,30-01-2024,80.78130
118632,Nippon India Large Cap Fund - Direct Plan Growth Plan - Growth Option,Nippon India Mutual Fund,Open Ended Schemes,Equity Scheme - Large Cap Fund,29-01-2024,81.47800
118632,Nippon India Large Cap Fund - Direct Plan Growth Plan - Growth Option,Nippon India Mutual Fund,Open Ended Schemes,Equity Scheme - Large Cap Fund,25-01-2024,80.12330
118632,Nippon India Large Cap Fund - Direct Plan Growth Plan - Growth Option,Nippon India Mutual Fund,Open Ended Schemes,Equity Scheme - Large Cap Fund,24-01-2024,80.30790
118632,Nippon India Large Cap Fund - Direct Plan Growth Plan - Growth Option,Nippon India Mutual Fund,Open Ended Schemes,Equity Scheme - Large Cap Fund,23-01-2024,79.30970
118632,Nippon India Large Cap Fund - Direct Plan Growth Plan - Growth Option,Nippon India Mutual Fund,Open Ended Schemes,Equity Scheme - Large Cap Fund,19-01-2024,81.05210
118632,Nippon India Large Cap Fund - Direct Plan Growth Plan - Growth Option,Nippon India Mutual Fund,Open Ended Schemes,Equity Scheme - Large Cap Fund,18-01-2024,80.24850
118632,Nippon India Large Cap Fund - Direct Plan Growth Plan - Growth Option,Nippon India Mutual Fund,Open Ended Schemes,Equity Scheme - Large Cap Fund,17-01-2024,80.47610
118632,Nippon India Large Cap Fund - Direct Plan Growth Plan - Growth Option,Nippon India Mutual Fund,Open Ended Schemes,Equity Scheme - Large Cap Fund,16-01-2024,82.05350
118632,Nippon India Large Cap Fund - Direct Plan Growth Plan - Growth Option,Nippon India Mutual Fund,Open Ended Schemes,Equity Scheme - Large Cap Fund,15-01-2024,82.24570
118632,Nippon India Large Cap Fund - Direct Plan Growth Plan - Growth Option,Nippon India Mutual Fund,Open Ended Schemes,Equity Scheme - Large Cap Fund,12-01-2024,81.77450
118632,Nippon India Large Cap Fund - Direct Plan Growth Plan - Growth Option,Nippon India Mutual Fund,Open Ended Schemes,Equity Scheme - Large Cap Fund,11-01-2024,81.13640
118632,Nippon India Large Cap Fund - Direct Plan Growth Plan - Growth Option,Nippon India Mutual Fund,Open Ended Schemes,Equity Scheme - Large Cap Fund,10-01-2024,80.85020
118632,Nippon India Large Cap Fund - Direct Plan Growth Plan - Growth Option,Nippon India Mutual Fund,Open Ended Schemes,Equity Scheme - Large Cap Fund,09-01-2024,80.61450
118632,Nippon India Large Cap Fund - Direct Plan Growth Plan - Growth Option,Nippon India Mutual Fund,Open Ended Schemes,Equity Scheme - Large Cap Fund,08-01-2024,80.37280
118632,Nippon India Large Cap Fund - Direct Plan Growth Plan - Growth Option,Nippon India Mutual Fund,Open Ended Schemes,Equity Scheme - Large Cap Fund,05-01-2024,81.05900
118632,Nippon India Large Cap Fund - Direct Plan Growth Plan - Growth Option,Nippon India Mutual Fund,Open Ended Schemes,Equity Scheme - Large Cap Fund,04-01-2024,80.92620
118632,Nippon India Large Cap Fund - Direct Plan Growth Plan - Growth Option,Nippon India Mutual Fund,Open Ended Schemes,Equity Scheme - Large Cap Fund,03-01-2024,80.13180
118632,Nippon India Large Cap Fund - Direct Plan Growth Plan - Growth Option,Nippon India Mutual Fund,Open Ended Schemes,Equity Scheme - Large Cap Fund,02-01-2024,80.35850
118632,Nippon India Large Cap Fund - Direct Plan Growth Plan - Growth Option,Nippon India Mutual Fund,Open Ended Schemes,Equity Scheme - Large Cap Fund,01-01-2024,80.38770
118632,Nippon India Large Cap Fund - Direct Plan Growth Plan - Growth Option,Nippon India Mutual Fund,Open Ended Schemes,Equity Scheme - Large Cap Fund,29-12-2023,80.21430
118632,Nippon India Large Cap Fund - Direct Plan Growth Plan - Growth Option,Nippon India Mutual Fund,Open Ended Schemes,Equity Scheme - Large Cap Fund,28-12-2023,80.05700
118632,Nippon India Large Cap Fund - Direct Plan Growth Plan - Growth Option,Nippon India Mutual Fund,Open Ended Schemes,Equity Scheme - Large Cap Fund,27-12-2023,79.61450
118632,Nippon India Large Cap Fund - Direct Plan Growth Plan - Growth Option,Nippon India Mutual Fund,Open Ended Schemes,Equity Scheme - Large Cap Fund,26-12-2023,78.93120
118632,Nippon India Large Cap Fund - Direct Plan Growth Plan - Growth Option,Nippon India Mutual Fund,Open Ended Schemes,Equity Scheme - Large Cap Fund,22-12-2023,78.73630
118632,Nippon India Large Cap Fund - Direct Plan Growth Plan - Growth Option,Nippon India Mutual Fund,Open Ended Schemes,Equity Scheme - Large Cap Fund,21-12-2023,78.43130
118632,Nippon India Large Cap Fund - Direct Plan Growth Plan - Growth Option,Nippon India Mutual Fund,Open Ended Schemes,Equity Scheme - Large Cap Fund,20-12-2023,77.87400
118632,Nippon India Large Cap Fund - Direct Plan Growth Plan - Growth Option,Nippon India Mutual Fund,Open Ended Schemes,Equity Scheme - Large Cap Fund,19-12-2023,79.60310
118632,Nippon India Large Cap Fund - Direct Plan Growth Plan - Growth Option,Nippon India Mutual Fund,Open Ended Schemes,Equity Scheme - Large Cap Fund,18-12-2023,79.49040
118632,Nippon India Large Cap Fund - Direct Plan Growth Plan - Growth Option,Nippon India Mutual Fund,Open Ended Schemes,Equity Scheme - Large Cap Fund,15-12-2023,79.42300
118632,Nippon India Large Cap Fund - Direct Plan Growth Plan - Growth Option,Nippon India Mutual Fund,Open Ended Schemes,Equity Scheme - Large Cap Fund,14-12-2023,78.55520
118632,Nippon India Large Cap Fund - Direct Plan Growth Plan - Growth Option,Nippon India Mutual Fund,Open Ended Schemes,Equity Scheme - Large Cap Fund,13-12-2023,77.74740
118632,Nippon India Large Cap Fund - Direct Plan Growth Plan - Growth Option,Nippon India Mutual Fund,Open Ended Schemes,Equity Scheme - Large Cap Fund,12-12-2023,77.33490
118632,Nippon India Large Cap Fund - Direct Plan Growth Plan - Growth Option,Nippon India Mutual Fund,Open Ended Schemes,Equity Scheme - Large Cap Fund,11-12-2023,77.58400
118632,Nippon India Large Cap Fund - Direct Plan Growth Plan - Growth Option,Nippon India Mutual Fund,Open Ended Schemes,Equity Scheme - Large Cap Fund,08-12-2023,77.25760
118632,Nippon India Large Cap Fund - Direct Plan Growth Plan - Growth Option,Nippon India Mutual Fund,Open Ended Schemes,Equity Scheme - Large Cap Fund,07-12-2023,77.10940
118632,Nippon India Large Cap Fund - Direct Plan Growth Plan - Growth Option,Nippon India Mutual Fund,Open Ended Schemes,Equity Scheme - Large Cap Fund,06-12-2023,76.77910
118632,Nippon India Large Cap Fund - Direct Plan Growth Plan - Growth Option,Nippon India Mutual Fund,Open Ended Schemes,Equity Scheme - Large Cap Fund,05-12-2023,76.36520
118632,Nippon India Large Cap Fund - Direct Plan Growth Plan - Growth Option,Nippon India Mutual Fund,Open Ended Schemes,Equity Scheme - Large Cap Fund,04-12-2023,76.02970
118632,Nippon India Large Cap Fund - Direct Plan Growth Plan - Growth Option,Nippon India Mutual Fund,Open Ended Schemes,Equity Scheme - Large Cap Fund,01-12-2023,74.70300
118632,Nippon India Large Cap Fund - Direct Plan Growth Plan - Growth Option,Nippon India Mutual Fund,Open Ended Schemes,Equity Scheme - Large Cap Fund,30-11-2023,73.96780
118632,Nippon India Large Cap Fund - Direct Plan Growth Plan - Growth Option,Nippon India Mutual Fund,Open Ended Schemes,Equity Scheme - Large Cap Fund,29-11-2023,73.72590
118632,Nippon India Large Cap Fund - Direct Plan Growth Plan - Growth Option,Nippon India Mutual Fund,Open Ended Schemes,Equity Scheme - Large Cap Fund,28-11-2023,73.07920
118632,Nippon India Large Cap Fund - Direct Plan Growth Plan - Growth Option,Nippon India Mutual Fund,Open Ended Schemes,Equity Scheme - Large Cap Fund,24-11-2023,72.66770
118632,Nippon India Large Cap Fund - Direct Plan Growth Plan - Growth Option,Nippon India Mutual Fund,Open Ended Schemes,Equity Scheme - Large Cap Fund,23-11-2023,72.66590
118632,Nippon India Large Cap Fund - Direct Plan Growth Plan - Growth Option,Nippon India Mutual Fund,Open Ended Schemes,Equity Scheme - Large Cap Fund,22-11-2023,72.62290
118632,Nippon India Large Cap Fund - Direct Plan Growth Plan - Growth Option,Nippon India Mutual Fund,Open Ended Schemes,Equity Scheme - Large Cap Fund,21-11-2023,72.70490
118632,Nippon India Large Cap Fund - Direct Plan Growth Plan - Growth Option,Nippon India Mutual Fund,Open Ended Schemes,Equity Scheme - Large Cap Fund,20-11-2023,72.46750
118632,Nippon India Large Cap Fund - Direct Plan Growth Plan - Growth Option,Nippon India Mutual Fund,Open Ended Schemes,Equity Scheme - Large Cap Fund,17-11-2023,72.55600
118632,Nippon India Large Cap Fund - Direct Plan Growth Plan - Growth Option,Nippon India Mutual Fund,Open Ended Schemes,Equity Scheme - Large Cap Fund,16-11-2023,72.74960
118632,Nippon India Large Cap Fund - Direct Plan Growth Plan - Growth Option,Nippon India Mutual Fund,Open Ended Schemes,Equity Scheme - Large Cap Fund,15-11-2023,72.47390
118632,Nippon India Large Cap Fund - Direct Plan Growth Plan - Growth Option,Nippon India Mutual Fund,Open Ended Schemes,Equity Scheme - Large Cap Fund,13-11-2023,71.90870
118632,Nippon India Large Cap Fund - Direct Plan Growth Plan - Growth Option,Nippon India Mutual Fund,Open Ended Schemes,Equity Scheme - Large Cap Fund,10-11-2023,71.69760
118632,Nippon India Large Cap Fund - Direct Plan Growth Plan - Growth Option,Nippon India Mutual Fund,Open Ended Schemes,Equity Scheme - Large Cap Fund,09-11-2023,71.62230
118632,Nippon India Large Cap Fund - Direct Plan Growth Plan - Growth Option,Nippon India Mutual Fund,Open Ended Schemes,Equity Scheme - Large Cap Fund,08-11-2023,71.85820
118632,Nippon India Large Cap Fund - Direct Plan Growth Plan - Growth Option,Nippon India Mutual Fund,Open Ended Schemes,Equity Scheme - Large Cap Fund,07-11-2023,71.69200
118632,Nippon India Large Cap Fund - Direct Plan Growth Plan - Growth Option,Nippon India Mutual Fund,Open Ended Schemes,Equity Scheme - Large Cap Fund,06-11-2023,71.67170
118632,Nippon India Large Cap Fund - Direct Plan Growth Plan - Growth Option,Nippon India Mutual Fund,Open Ended Schemes,Equity Scheme - Large Cap Fund,03-11-2023,70.99840
118632,Nippon India Large Cap Fund - Direct Plan Growth Plan - Growth Option,Nippon India Mutual Fund,Open Ended Schemes,Equity Scheme - Large Cap Fund,02-11-2023,70.51270
118632,Nippon India Large Cap Fund - Direct Plan Growth Plan - Growth Option,Nippon India Mutual Fund,Open Ended Schemes,Equity Scheme - Large Cap Fund,01-11-2023,69.88430
118632,Nippon India Large Cap Fund - Direct Plan Growth Plan - Growth Option,Nippon India Mutual Fund,Open Ended Schemes,Equity Scheme - Large Cap Fund,31-10-2023,70.10220
118632,Nippon India Large Cap Fund - Direct Plan Growth Plan - Growth Option,Nippon India Mutual Fund,Open Ended Schemes,Equity Scheme - Large Cap Fund,30-10-2023,70.20940
118632,Nippon India Large Cap Fund - Direct Plan Growth Plan - Growth Option,Nippon India Mutual Fund,Open Ended Schemes,Equity Scheme - Large Cap Fund,27-10-2023,70.03430
118632,Nippon India Large Cap Fund - Direct Plan Growth Plan - Growth Option,Nippon India Mutual Fund,Open Ended Schemes,Equity Scheme - Large Cap Fund,26-10-2023,69.21510
118632,Nippon India Large Cap Fund - Direct Plan Growth Plan - Growth Option,Nippon India Mutual Fund,Open Ended Schemes,Equity Scheme - Large Cap Fund,25-10-2023,70.01110
118632,Nippon India Large Cap Fund - Direct Plan Growth Plan - Growth Option,Nippon India Mutual Fund,Open Ended Schemes,Equity Scheme - Large Cap Fund,23-10-2023,70.51590
118632,Nippon India Large Cap Fund - Direct Plan Growth Plan - Growth Option,Nippon India Mutual Fund,Open Ended Schemes,Equity Scheme - Large Cap Fund,20-10-2023,71.70260
118632,Nippon India Large Cap Fund - Direct Plan Growth Plan - Growth Option,Nippon India Mutual Fund,Open Ended Schemes,Equity Scheme - Large Cap Fund,19-10-2023,72.21820
118632,Nippon India Large Cap Fund - Direct Plan Growth Plan - Growth Option,Nippon India Mutual Fund,Open Ended Schemes,Equity Scheme - Large Cap Fund,18-10-2023,72.39490
118632,Nippon India Large Cap Fund - Direct Plan Growth Plan - Growth Option,Nippon India Mutual Fund,Open Ended Schemes,Equity Scheme - Large Cap Fund,17-10-2023,73.02380
118632,Nippon India Large Cap Fund - Direct Plan Growth Plan - Growth Option,Nippon India Mutual Fund,Open Ended Schemes,Equity Scheme - Large Cap Fund,16-10-2023,72.72530
118632,Nippon India Large Cap Fund - Direct Plan Growth Plan - Growth Option,Nippon India Mutual Fund,Open Ended Schemes,Equity Scheme - Large Cap Fund,13-10-2023,72.60090
118632,Nippon India Large Cap Fund - Direct Plan Growth Plan - Growth Option,Nippon India Mutual Fund,Open Ended Schemes,Equity Scheme - Large Cap Fund,12-10-2023,72.82060
118632,Nippon India Large Cap Fund - Direct Plan Growth Plan - Growth Option,Nippon India Mutual Fund,Open Ended Schemes,Equity Scheme - Large Cap Fund,11-10-2023,72.63580
118632,Nippon India Large Cap Fund - Direct Plan Growth Plan - Growth Option,Nippon India Mutual Fund,Open Ended Schemes,Equity Scheme - Large Cap Fund,10-10-2023,72.25010
118632,Nippon India Large Cap Fund - Direct Plan Growth Plan - Growth Option,Nippon India Mutual Fund,Open Ended Schemes,Equity Scheme - Large Cap Fund,09-10-2023,71.52300
118632,Nippon India Large Cap Fund - Direct Plan Growth Plan - Growth Option,Nippon India Mutual Fund,Open Ended Schemes,Equity Scheme - Large Cap Fund,06-10-2023,72.26660
118632,Nippon India Large Cap Fund - Direct Plan Growth Plan - Growth Option,Nippon India Mutual Fund,Open Ended Schemes,Equity Scheme - Large Cap Fund,05-10-2023,71.86910
118632,Nippon India Large Cap Fund - Direct Plan Growth Plan - Growth Option,Nippon India Mutual Fund,Open Ended Schemes,Equity Scheme - Large Cap Fund,04-10-2023,71.48280
118632,Nippon India Large Cap Fund - Direct Plan Growth Plan - Growth Option,Nippon India Mutual Fund,Open Ended Schemes,Equity Scheme - Large Cap Fund,03-10-2023,72.15800
118632,Nippon India Large Cap Fund - Direct Plan Growth Plan - Growth Option,Nippon India Mutual Fund,Open Ended Schemes,Equity Scheme - Large Cap Fund,29-09-2023,72.27250
118632,Nippon India Large Cap Fund - Direct Plan Growth Plan - Growth Option,Nippon India Mutual Fund,Open Ended Schemes,Equity Scheme - Large Cap Fund,27-09-2023,72.24870
118632,Nippon India Large Cap Fund - Direct Plan Growth Plan - Growth Option,Nippon India Mutual Fund,Open Ended Schemes,Equity Scheme - Large Cap Fund,26-09-2023,71.99230
118632,Nippon India Large Cap Fund - Direct Plan Growth Plan - Growth Option,Nippon India Mutual Fund,Open Ended Schemes,Equity Scheme - Large Cap Fund,25-09-2023,71.89460
118632,Nippon India Large Cap Fund - Direct Plan Growth Plan - Growth Option,Nippon India Mutual Fund,Open Ended Schemes,Equity Scheme - Large Cap Fund,22-09-2023,72.01960
118632,Nippon India Large Cap Fund - Direct Plan Growth Plan - Growth Option,Nippon India Mutual Fund,Open Ended Schemes,Equity Scheme - Large Cap Fund,21-09-2023,72.04630
118632,Nippon India Large Cap Fund - Direct Plan Growth Plan - Growth Option,Nippon India Mutual Fund,Open Ended Schemes,Equity Scheme - Large Cap Fund,20-09-2023,72.77310
118632,Nippon India Large Cap Fund - Direct Plan Growth Plan - Growth Option,Nippon India Mutual Fund,Open Ended Schemes,Equity Scheme - Large Cap Fund,18-09-2023,73.46810
118632,Nippon India Large Cap Fund - Direct Plan Growth Plan - Growth Option,Nippon India Mutual Fund,Open Ended Schemes,Equity Scheme - Large Cap Fund,15-09-2023,73.61580
118632,Nippon India Large Cap Fund - Direct Plan Growth Plan - Growth Option,Nippon India Mutual Fund,Open Ended Schemes,Equity Scheme - Large Cap Fund,14-09-2023,73.38080
118632,Nippon India Large Cap Fund - Direct Plan Growth Plan - Growth Option,Nippon India Mutual Fund,Open Ended Schemes,Equity Scheme - Large Cap Fund,13-09-2023,73.14410
118632,Nippon India Large Cap Fund - Direct Plan Growth Plan - Growth Option,Nippon India Mutual Fund,Open Ended Schemes,Equity Scheme - Large Cap Fund,12-09-2023,73.00490
118632,Nippon India Large Cap Fund - Direct Plan Growth Plan - Growth Option,Nippon India Mutual Fund,Open Ended Schemes,Equity Scheme - Large Cap Fund,11-09-2023,73.72560
118632,Nippon India Large Cap Fund - Direct Plan Growth Plan - Growth Option,Nippon India Mutual Fund,Open Ended Schemes,Equity Scheme - Large Cap Fund,08-09-2023,73.11250
118632,Nippon India Large Cap Fund - Direct Plan Growth Plan - Growth Option,Nippon India Mutual Fund,Open Ended Schemes,Equity Scheme - Large Cap Fund,07-09-2023,72.61740
118632,Nippon India Large Cap Fund - Direct Plan Growth Plan - Growth Option,Nippon India Mutual Fund,Open Ended Schemes,Equity Scheme - Large Cap Fund,06-09-2023,72.04600
118632,Nippon India Large Cap Fund - Direct Plan Growth Plan - Growth Option,Nippon India Mutual Fund,Open Ended Schemes,Equity Scheme - Large Cap Fund,05-09-2023,71.88020
118632,Nippon India Large Cap Fund - Direct Plan Growth Plan - Growth Option,Nippon India Mutual Fund,Open Ended Schemes,Equity Scheme - Large Cap Fund,04-09-2023,71.71700
118632,Nippon India Large Cap Fund - Direct Plan Growth Plan - Growth Option,Nippon India Mutual Fund,Open Ended Schemes,Equity Scheme - Large Cap Fund,01-09-2023,71.36640
118632,Nippon India Large Cap Fund - Direct Plan Growth Plan - Growth Option,Nippon India Mutual Fund,Open Ended Schemes,Equity Scheme - Large Cap Fund,31-08-2023,70.72760
118632,Nippon India Large Cap Fund - Direct Plan Growth Plan - Growth Option,Nippon India Mutual Fund,Open Ended Schemes,Equity Scheme - Large Cap Fund,30-08-2023,70.90190
118632,Nippon India Large Cap Fund - Direct Plan Growth Plan - Growth Option,Nippon India Mutual Fund,Open Ended Schemes,Equity Scheme - Large Cap Fund,29-08-2023,70.61850
118632,Nippon India Large Cap Fund - Direct Plan Growth Plan - Growth Option,Nippon India Mutual Fund,Open Ended Schemes,Equity Scheme - Large Cap Fund,28-08-2023,70.44550
118632,Nippon India Large Cap Fund - Direct Plan Growth Plan - Growth Option,Nippon India Mutual Fund,Open Ended Schemes,Equity Scheme - Large Cap Fund,25-08-2023,70.22940
118632,Nippon India Large Cap Fund - Direct Plan Growth Plan - Growth Option,Nippon India Mutual Fund,Open Ended Schemes,Equity Scheme - Large Cap Fund,24-08-2023,70.85940
118632,Nippon India Large Cap Fund - Direct Plan Growth Plan - Growth Option,Nippon India Mutual Fund,Open Ended Schemes,Equity Scheme - Large Cap Fund,23-08-2023,70.94200
118632,Nippon India Large Cap Fund - Direct Plan Growth Plan - Growth Option,Nippon India Mutual Fund,Open Ended Schemes,Equity Scheme - Large Cap Fund,22-08-2023,70.57860
118632,Nippon India Large Cap Fund - Direct Plan Growth Plan - Growth Option,Nippon India Mutual Fund,Open Ended Schemes,Equity Scheme - Large Cap Fund,21-08-2023,70.28400
118632,Nippon India Large Cap Fund - Direct Plan Growth Plan - Growth Option,Nippon India Mutual Fund,Open Ended Schemes,Equity Scheme - Large Cap Fund,18-08-2023,69.93310
118632,Nippon India Large Cap Fund - Direct Plan Growth Plan - Growth Option,Nippon India Mutual Fund,Open Ended Schemes,Equity Scheme - Large Cap Fund,17-08-2023,70.07850
118632,Nippon India Large Cap Fund - Direct Plan Growth Plan - Growth Option,Nippon India Mutual Fund,Open Ended Schemes,Equity Scheme - Large Cap Fund,16-08-2023,70.29730
118632,Nippon India Large Cap Fund - Direct Plan Growth Plan - Growth Option,Nippon India Mutual Fund,Open Ended Schemes,Equity Scheme - Large Cap Fund,14-08-2023,70.11000
118632,Nippon India Large Cap Fund - Direct Plan Growth Plan - Growth Option,Nippon India Mutual Fund,Open Ended Schemes,Equity Scheme - Large Cap Fund,11-08-2023,70.33000
118632,Nippon India Large Cap Fund - Direct Plan Growth Plan - Growth Option,Nippon India Mutual Fund,Open Ended Schemes,Equity Scheme - Large Cap Fund,10-08-2023,70.54980
118632,Nippon India Large Cap Fund - Direct Plan Growth Plan - Growth Option,Nippon India Mutual Fund,Open Ended Schemes,Equity Scheme - Large Cap Fund,09-08-2023,70.68520
118632,Nippon India Large Cap Fund - Direct Plan Growth Plan - Growth Option,Nippon India Mutual Fund,Open Ended Schemes,Equity Scheme - Large Cap Fund,08-08-2023,70.25740
118632,Nippon India Large Cap Fund - Direct Plan Growth Plan - Growth Option,Nippon India Mutual Fund,Open Ended Schemes,Equity Scheme - Large Cap Fund,07-08-2023,70.24920
118632,Nippon India Large Cap Fund - Direct Plan Growth Plan - Growth Option,Nippon India Mutual Fund,Open Ended Schemes,Equity Scheme - Large Cap Fund,04-08-2023,70.06450
118632,Nippon India Large Cap Fund - Direct Plan Growth Plan - Growth Option,Nippon India Mutual Fund,Open Ended Schemes,Equity Scheme - Large Cap Fund,03-08-2023,69.54710
118632,Nippon India Large Cap Fund - Direct Plan Growth Plan - Growth Option,Nippon India Mutual Fund,Open Ended Schemes,Equity Scheme - Large Cap Fund,02-08-2023,69.91060
118632,Nippon India Large Cap Fund - Direct Plan Growth Plan - Growth Option,Nippon India Mutual Fund,Open Ended Schemes,Equity Scheme - Large Cap Fund,01-08-2023,70.83980
118632,Nippon India Large Cap Fund - Direct Plan Growth Plan - Growth Option,Nippon India Mutual Fund,Open Ended Schemes,Equity Scheme - Large Cap Fund,31-07-2023,70.81070
118632,Nippon India Large Cap Fund - Direct Plan Growth Plan - Growth Option,Nippon India Mutual Fund,Open Ended Schemes,Equity Scheme - Large Cap Fund,28-07-2023,70.37680
118632,Nippon India Large Cap Fund - Direct Plan Growth Plan - Growth Option,Nippon India Mutual Fund,Open Ended Schemes,Equity Scheme - Large Cap Fund,27-07-2023,70.16860
118632,Nippon India Large Cap Fund - Direct Plan Growth Plan - Growth Option,Nippon India Mutual Fund,Open Ended Schemes,Equity Scheme - Large Cap Fund,26-07-2023,70.41410
118632,Nippon India Large Cap Fund - Direct Plan Growth Plan - Growth Option,Nippon India Mutual Fund,Open Ended Schemes,Equity Scheme - Large Cap Fund,25-07-2023,70.14930
118632,Nippon India Large Cap Fund - Direct Plan Growth Plan - Growth Option,Nippon India Mutual Fund,Open Ended Schemes,Equity Scheme - Large Cap Fund,24-07-2023,70.00570
118632,Nippon India Large Cap Fund - Direct Plan Growth Plan - Growth Option,Nippon India Mutual Fund,Open Ended Schemes,Equity Scheme - Large Cap Fund,21-07-2023,70.08010
118632,Nippon India Large Cap Fund - Direct Plan Growth Plan - Growth Option,Nippon India Mutual Fund,Open Ended Schemes,Equity Scheme - Large Cap Fund,20-07-2023,70.53030
118632,Nippon India Large Cap Fund - Direct Plan Growth Plan - Growth Option,Nippon India Mutual Fund,Open Ended Schemes,Equity Scheme - Large Cap Fund,19-07-2023,70.08350
118632,Nippon India Large Cap Fund - Direct Plan Growth Plan - Growth Option,Nippon India Mutual Fund,Open Ended Schemes,Equity Scheme - Large Cap Fund,18-07-2023,69.62200
118632,Nippon India Large Cap Fund - Direct Plan Growth Plan - Growth Option,Nippon India Mutual Fund,Open Ended Schemes,Equity Scheme - Large Cap Fund,17-07-2023,69.64520
118632,Nippon India Large Cap Fund - Direct Plan Growth Plan - Growth Option,Nippon India Mutual Fund,Open Ended Schemes,Equity Scheme - Large Cap Fund,14-07-2023,69.10920
118632,Nippon India Large Cap Fund - Direct Plan Growth Plan - Growth Option,Nippon India Mutual Fund,Open Ended Schemes,Equity Scheme - Large Cap Fund,13-07-2023,68.61280
118632,Nippon India Large Cap Fund - Direct Plan Growth Plan - Growth Option,Nippon India Mutual Fund,Open Ended Schemes,Equity Scheme - Large Cap Fund,12-07-2023,68.70790
118632,Nippon India Large Cap Fund - Direct Plan Growth Plan - Growth Option,Nippon India Mutual Fund,Open Ended Schemes,Equity Scheme - Large Cap Fund,11-07-2023,68.66730
118632,Nippon India Large Cap Fund - Direct Plan Growth Plan - Growth Option,Nippon India Mutual Fund,Open Ended Schemes,Equity Scheme - Large Cap Fund,10-07-2023,68.22290
118632,Nippon India Large Cap Fund - Direct Plan Growth Plan - Growth Option,Nippon India Mutual Fund,Open Ended Schemes,Equity Scheme - Large Cap Fund,07-07-2023,68.20280
118632,Nippon India Large Cap Fund - Direct Plan Growth Plan - Growth Option,Nippon India Mutual Fund,Open Ended Schemes,Equity Scheme - Large Cap Fund,06-07-2023,68.58850
118632,Nippon India Large Cap Fund - Direct Plan Growth Plan - Growth Option,Nippon India Mutual Fund,Open Ended Schemes,Equity Scheme - Large Cap Fund,05-07-2023,68.23100
118632,Nippon India Large Cap Fund - Direct Plan Growth Plan - Growth Option,Nippon India Mutual Fund,Open Ended Schemes,Equity Scheme - Large Cap Fund,04-07-2023,68.09200
118632,Nippon India Large Cap Fund - Direct Plan Growth Plan - Growth Option,Nippon India Mutual Fund,Open Ended Schemes,Equity Scheme - Large Cap Fund,03-07-2023,68.02110
118632,Nippon India Large Cap Fund - Direct Plan Growth Plan - Growth Option,Nippon India Mutual Fund,Open Ended Schemes,Equity Scheme - Large Cap Fund,30-06-2023,67.55520
118632,Nippon India Large Cap Fund - Direct Plan Growth Plan - Growth Option,Nippon India Mutual Fund,Open Ended Schemes,Equity Scheme - Large Cap Fund,28-06-2023,66.82200
118632,Nippon India Large Cap Fund - Direct Plan Growth Plan - Growth Option,Nippon India Mutual Fund,Open Ended Schemes,Equity Scheme - Large Cap Fund,27-06-2023,66.25750
118632,Nippon India Large Cap Fund - Direct Plan Growth Plan - Growth Option,Nippon India Mutual Fund,Open Ended Schemes,Equity Scheme - Large Cap Fund,26-06-2023,65.76730
118632,Nippon India Large Cap Fund - Direct Plan Growth Plan - Growth Option,Nippon India Mutual Fund,Open Ended Schemes,Equity Scheme - Large Cap Fund,23-06-2023,65.61570
118632,Nippon India Large Cap Fund - Direct Plan Growth Plan - Growth Option,Nippon India Mutual Fund,Open Ended Schemes,Equity Scheme - Large Cap Fund,22-06-2023,66.07670
118632,Nippon India Large Cap Fund - Direct Plan Growth Plan - Growth Option,Nippon India Mutual Fund,Open Ended Schemes,Equity Scheme - Large Cap Fund,21-06-2023,66.57740
118632,Nippon India Large Cap Fund - Direct Plan Growth Plan - Growth Option,Nippon India Mutual Fund,Open Ended Schemes,Equity Scheme - Large Cap Fund,20-06-2023,66.52800
118632,Nippon India Large Cap Fund - Direct Plan Growth Plan - Growth Option,Nippon India Mutual Fund,Open Ended Schemes,Equity Scheme - Large Cap Fund,19-06-2023,66.21770
118632,Nippon India Large Cap Fund - Direct Plan Growth Plan - Growth Option,Nippon India Mutual Fund,Open Ended Schemes,Equity Scheme - Large Cap Fund,16-06-2023,66.40950
118632,Nippon India Large Cap Fund - Direct Plan Growth Plan - Growth Option,Nippon India Mutual Fund,Open Ended Schemes,Equity Scheme - Large Cap Fund,15-06-2023,65.85560
118632,Nippon India Large Cap Fund - Direct Plan Growth Plan - Growth Option,Nippon India Mutual Fund,Open Ended Schemes,Equity Scheme - Large Cap Fund,14-06-2023,66.11790
118632,Nippon India Large Cap Fund - Direct Plan Growth Plan - Growth Option,Nippon India Mutual Fund,Open Ended Schemes,Equity Scheme - Large Cap Fund,13-06-2023,66.04580
118632,Nippon India Large Cap Fund - Direct Plan Growth Plan - Growth Option,Nippon India Mutual Fund,Open Ended Schemes,Equity Scheme - Large Cap Fund,12-06-2023,65.53780
118632,Nippon India Large Cap Fund - Direct Plan Growth Plan - Growth Option,Nippon India Mutual Fund,Open Ended Schemes,Equity Scheme - Large Cap Fund,09-06-2023,65.35660
118632,Nippon India Large Cap Fund - Direct Plan Growth Plan - Growth Option,Nippon India Mutual Fund,Open Ended Schemes,Equity Scheme - Large Cap Fund,08-06-2023,65.51020
118632,Nippon India Large Cap Fund - Direct Plan Growth Plan - Growth Option,Nippon India Mutual Fund,Open Ended Schemes,Equity Scheme - Large Cap Fund,07-06-2023,65.82090
118632,Nippon India Large Cap Fund - Direct Plan Growth Plan - Growth Option,Nippon India Mutual Fund,Open Ended Schemes,Equity Scheme - Large Cap Fund,06-06-2023,65.25440
118632,Nippon India Large Cap Fund - Direct Plan Growth Plan - Growth Option,Nippon India Mutual Fund,Open Ended Schemes,Equity Scheme - Large Cap Fund,05-06-2023,65.15360
118632,Nippon India Large Cap Fund - Direct Plan Growth Plan - Growth Option,Nippon India Mutual Fund,Open Ended Schemes,Equity Scheme - Large Cap Fund,02-06-2023,64.87090
118632,Nippon India Large Cap Fund - Direct Plan Growth Plan - Growth Option,Nippon India Mutual Fund,Open Ended Schemes,Equity Scheme - Large Cap Fund,01-06-2023,64.62000
118632,Nippon India Large Cap Fund - Direct Plan Growth Plan - Growth Option,Nippon India Mutual Fund,Open Ended Schemes,Equity Scheme - Large Cap Fund,31-05-2023,64.67050
118632,Nippon India Large Cap Fund - Direct Plan Growth Plan - Growth Option,Nippon India Mutual Fund,Open Ended Schemes,Equity Scheme - Large Cap Fund,30-05-2023,64.77990
118632,Nippon India Large Cap Fund - Direct Plan Growth Plan - Growth Option,Nippon India Mutual Fund,Open Ended Schemes,Equity Scheme - Large Cap Fund,29-05-2023,64.53600
118632,Nippon India Large Cap Fund - Direct Plan Growth Plan - Growth Option,Nippon India Mutual Fund,Open Ended Schemes,Equity Scheme - Large Cap Fund,26-05-2023,64.26310
118632,Nippon India Large Cap Fund - Direct Plan Growth Plan - Growth Option,Nippon India Mutual Fund,Open Ended Schemes,Equity Scheme - Large Cap Fund,25-05-2023,63.58850
118632,Nippon India Large Cap Fund - Direct Plan Growth Plan - Growth Option,Nippon India Mutual Fund,Open Ended Schemes,Equity Scheme - Large Cap Fund,24-05-2023,63.38530
118632,Nippon India Large Cap Fund - Direct Plan Growth Plan - Growth Option,Nippon India Mutual Fund,Open Ended Schemes,Equity Scheme - Large Cap Fund,23-05-2023,63.47990
118632,Nippon India Large Cap Fund - Direct Plan Growth Plan - Growth Option,Nippon India Mutual Fund,Open Ended Schemes,Equity Scheme - Large Cap Fund,22-05-2023,63.44050
118632,Nippon India Large Cap Fund - Direct Plan Growth Plan - Growth Option,Nippon India Mutual Fund,Open Ended Schemes,Equity Scheme - Large Cap Fund,19-05-2023,63.41900
118632,Nippon India Large Cap Fund - Direct Plan Growth Plan - Growth Option,Nippon India Mutual Fund,Open Ended Schemes,Equity Scheme - Large Cap Fund,18-05-2023,63.31710
118632,Nippon India Large Cap Fund - Direct Plan Growth Plan - Growth Option,Nippon India Mutual Fund,Open Ended Schemes,Equity Scheme - Large Cap Fund,17-05-2023,63.35430
118632,Nippon India Large Cap Fund - Direct Plan Growth Plan - Growth Option,Nippon India Mutual Fund,Open Ended Schemes,Equity Scheme - Large Cap Fund,16-05-2023,63.52840
118632,Nippon India Large Cap Fund - Direct Plan Growth Plan - Growth Option,Nippon India Mutual Fund,Open Ended Schemes,Equity Scheme - Large Cap Fund,15-05-2023,63.65710
118632,Nippon India Large Cap Fund - Direct Plan Growth Plan - Growth Option,Nippon India Mutual Fund,Open Ended Schemes,Equity Scheme - Large Cap Fund,12-05-2023,63.28100
118632,Nippon India Large Cap Fund - Direct Plan Growth Plan - Growth Option,Nippon India Mutual Fund,Open Ended Schemes,Equity Scheme - Large Cap Fund,11-05-2023,63.22040
118632,Nippon India Large Cap Fund - Direct Plan Growth Plan - Growth Option,Nippon India Mutual Fund,Open Ended Schemes,Equity Scheme - Large Cap Fund,10-05-2023,63.19040
118632,Nippon India Large Cap Fund - Direct Plan Growth Plan - Growth Option,Nippon India Mutual Fund,Open Ended Schemes,Equity Scheme - Large Cap Fund,09-05-2023,62.99790
118632,Nippon India Large Cap Fund - Direct Plan Growth Plan - Growth Option,Nippon India Mutual Fund,Open Ended Schemes,Equity Scheme - Large Cap Fund,08-05-2023,63.04190
118632,Nippon India Large Cap Fund - Direct Plan Growth Plan - Growth Option,Nippon India Mutual Fund,Open Ended Schemes,Equity Scheme - Large Cap Fund,05-05-2023,62.23300
118632,Nippon India Large Cap Fund - Direct Plan Growth Plan - Growth Option,Nippon India Mutual Fund,Open Ended Schemes,Equity Scheme - Large Cap Fund,04-05-2023,62.69080
118632,Nippon India Large Cap Fund - Direct Plan Growth Plan - Growth Option,Nippon India Mutual Fund,Open Ended Schemes,Equity Scheme - Large Cap Fund,03-05-2023,62.16950
118632,Nippon India Large Cap Fund - Direct Plan Growth Plan - Growth Option,Nippon India Mutual Fund,Open Ended Schemes,Equity Scheme - Large Cap Fund,02-05-2023,62.20820
118632,Nippon India Large Cap Fund - Direct Plan Growth Plan - Growth Option,Nippon India Mutual Fund,Open Ended Schemes,Equity Scheme - Large Cap Fund,28-04-2023,61.83780
118632,Nippon India Large Cap Fund - Direct Plan Growth Plan - Growth Option,Nippon India Mutual Fund,Open Ended Schemes,Equity Scheme - Large Cap Fund,27-04-2023,61.20760
118632,Nippon India Large Cap Fund - Direct Plan Growth Plan - Growth Option,Nippon India Mutual Fund,Open Ended Schemes,Equity Scheme - Large Cap Fund,26-04-2023,60.86360
118632,Nippon India Large Cap Fund - Direct Plan Growth Plan - Growth Option,Nippon India Mutual Fund,Open Ended Schemes,Equity Scheme - Large Cap Fund,25-04-2023,60.59320
118632,Nippon India Large Cap Fund - Direct Plan Growth Plan - Growth Option,Nippon India Mutual Fund,Open Ended Schemes,Equity Scheme - Large Cap Fund,24-04-2023,60.45130
118632,Nippon India Large Cap Fund - Direct Plan Growth Plan - Growth Option,Nippon India Mutual Fund,Open Ended Schemes,Equity Scheme - Large Cap Fund,21-04-2023,60.03480
118632,Nippon India Large Cap Fund - Direct Plan Growth Plan - Growth Option,Nippon India Mutual Fund,Open Ended Schemes,Equity Scheme - Large Cap Fund,20-04-2023,60.06650
118632,Nippon India Large Cap Fund - Direct Plan Growth Plan - Growth Option,Nippon India Mutual Fund,Open Ended Schemes,Equity Scheme - Large Cap Fund,19-04-2023,59.98730
118632,Nippon India Large Cap Fund - Direct Plan Growth Plan - Growth Option,Nippon India Mutual Fund,Open Ended Schemes,Equity Scheme - Large Cap Fund,18-04-2023,60.09990
118632,Nippon India Large Cap Fund - Direct Plan Growth Plan - Growth Option,Nippon India Mutual Fund,Open Ended Schemes,Equity Scheme - Large Cap Fund,17-04-2023,60.16190
118632,Nippon India Large Cap Fund - Direct Plan Growth Plan - Growth Option,Nippon India Mutual Fund,Open Ended Schemes,Equity Scheme - Large Cap Fund,13-04-2023,60.36090
118632,Nippon India Large Cap Fund - Direct Plan Growth Plan - Growth Option,Nippon India Mutual Fund,Open Ended Schemes,Equity Scheme - Large Cap Fund,12-04-2023,60.32050
118632,Nippon India Large Cap Fund - Direct Plan Growth Plan - Growth Option,Nippon India Mutual Fund,Open Ended Schemes,Equity Scheme - Large Cap Fund,11-04-2023,60.07530
118632,Nippon India Large Cap Fund - Direct Plan Growth Plan - Growth Option,Nippon India Mutual Fund,Open Ended Schemes,Equity Scheme - Large Cap Fund,10-04-2023,59.90270
118632,Nippon India Large Cap Fund - Direct Plan Growth Plan - Growth Option,Nippon India Mutual Fund,Open Ended Schemes,Equity Scheme - Large Cap Fund,06-04-2023,59.83190
118632,Nippon India Large Cap Fund - Direct Plan Growth Plan - Growth Option,Nippon India Mutual Fund,Open Ended Schemes,Equity Scheme - Large Cap Fund,05-04-2023,59.67060
118632,Nippon India Large Cap Fund - Direct Plan Growth Plan - Growth Option,Nippon India Mutual Fund,Open Ended Schemes,Equity Scheme - Large Cap Fund,03-04-2023,59.19360
118632,Nippon India Large Cap Fund - Direct Plan Growth Plan - Growth Option,Nippon India Mutual Fund,Open Ended Schemes,Equity Scheme - Large Cap Fund,31-03-2023,59.05530
118632,Nippon India Large Cap Fund - Direct Plan Growth Plan - Growth Option,Nippon India Mutual Fund,Open Ended Schemes,Equity Scheme - Large Cap Fund,29-03-2023,58.15410
118632,Nippon India Large Cap Fund - Direct Plan Growth Plan - Growth Option,Nippon India Mutual Fund,Open Ended Schemes,Equity Scheme - Large Cap Fund,28-03-2023,57.62870
118632,Nippon India Large Cap Fund - Direct Plan Growth Plan - Growth Option,Nippon India Mutual Fund,Open Ended Schemes,Equity Scheme - Large Cap Fund,27-03-2023,57.70580
118632,Nippon India Large Cap Fund - Direct Plan Growth Plan - Growth Option,Nippon India Mutual Fund,Open Ended Schemes,Equity Scheme - Large Cap Fund,24-03-2023,57.78850
118632,Nippon India Large Cap Fund - Direct Plan Growth Plan - Growth Option,Nippon India Mutual Fund,Open Ended Schemes,Equity Scheme - Large Cap Fund,23-03-2023,58.29790
118632,Nippon India Large Cap Fund - Direct Plan Growth Plan - Growth Option,Nippon India Mutual Fund,Open Ended Schemes,Equity Scheme - Large Cap Fund,22-03-2023,58.52990
118632,Nippon India Large Cap Fund - Direct Plan Growth Plan - Growth Option,Nippon India Mutual Fund,Open Ended Schemes,Equity Scheme - Large Cap Fund,21-03-2023,58.39860
118632,Nippon India Large Cap Fund - Direct Plan Growth Plan - Growth Option,Nippon India Mutual Fund,Open Ended Schemes,Equity Scheme - Large Cap Fund,20-03-2023,57.91340
118632,Nippon India Large Cap Fund - Direct Plan Growth Plan - Growth Option,Nippon India Mutual Fund,Open Ended Schemes,Equity Scheme - Large Cap Fund,17-03-2023,58.37140
118632,Nippon India Large Cap Fund - Direct Plan Growth Plan - Growth Option,Nippon India Mutual Fund,Open Ended Schemes,Equity Scheme - Large Cap Fund,16-03-2023,58.00080
118632,Nippon India Large Cap Fund - Direct Plan Growth Plan - Growth Option,Nippon India Mutual Fund,Open Ended Schemes,Equity Scheme - Large Cap Fund,15-03-2023,57.90360
118632,Nippon India Large Cap Fund - Direct Plan Growth Plan - Growth Option,Nippon India Mutual Fund,Open Ended Schemes,Equity Scheme - Large Cap Fund,14-03-2023,58.15640
118632,Nippon India Large Cap Fund - Direct Plan Growth Plan - Growth Option,Nippon India Mutual Fund,Open Ended Schemes,Equity Scheme - Large Cap Fund,13-03-2023,58.40310
118632,Nippon India Large Cap Fund - Direct Plan Growth Plan - Growth Option,Nippon India Mutual Fund,Open Ended Schemes,Equity Scheme - Large Cap Fund,10-03-2023,59.34200
118632,Nippon India Large Cap Fund - Direct Plan Growth Plan - Growth Option,Nippon India Mutual Fund,Open Ended Schemes,Equity Scheme - Large Cap Fund,09-03-2023,59.88040
118632,Nippon India Large Cap Fund - Direct Plan Growth Plan - Growth Option,Nippon India Mutual Fund,Open Ended Schemes,Equity Scheme - Large Cap Fund,08-03-2023,60.26200
118632,Nippon India Large Cap Fund - Direct Plan Growth Plan - Growth Option,Nippon India Mutual Fund,Open Ended Schemes,Equity Scheme - Large Cap Fund,06-03-2023,59.95730
118632,Nippon India Large Cap Fund - Direct Plan Growth Plan - Growth Option,Nippon India Mutual Fund,Open Ended Schemes,Equity Scheme - Large Cap Fund,03-03-2023,59.61320
118632,Nippon India Large Cap Fund - Direct Plan Growth Plan - Growth Option,Nippon India Mutual Fund,Open Ended Schemes,Equity Scheme - Large Cap Fund,02-03-2023,58.80320
118632,Nippon India Large Cap Fund - Direct Plan Growth Plan - Growth Option,Nippon India Mutual Fund,Open Ended Schemes,Equity Scheme - Large Cap Fund,01-03-2023,59.13520
118632,Nippon India Large Cap Fund - Direct Plan Growth Plan - Growth Option,Nippon India Mutual Fund,Open Ended Schemes,Equity Scheme - Large Cap Fund,28-02-2023,58.63030
118632,Nippon India Large Cap Fund - Direct Plan Growth Plan - Growth Option,Nippon India Mutual Fund,Open Ended Schemes,Equity Scheme - Large Cap Fund,27-02-2023,58.82670
118632,Nippon India Large Cap Fund - Direct Plan Growth Plan - Growth Option,Nippon India Mutual Fund,Open Ended Schemes,Equity Scheme - Large Cap Fund,24-02-2023,59.11050
118632,Nippon India Large Cap Fund - Direct Plan Growth Plan - Growth Option,Nippon India Mutual Fund,Open Ended Schemes,Equity Scheme - Large Cap Fund,23-02-2023,59.30360
118632,Nippon India Large Cap Fund - Direct Plan Growth Plan - Growth Option,Nippon India Mutual Fund,Open Ended Schemes,Equity Scheme - Large Cap Fund,22-02-2023,59.26410
118632,Nippon India Large Cap Fund - Direct Plan Growth Plan - Growth Option,Nippon India Mutual Fund,Open Ended Schemes,Equity Scheme - Large Cap Fund,21-02-2023,60.13180
118632,Nippon India Large Cap Fund - Direct Plan Growth Plan - Growth Option,Nippon India Mutual Fund,Open Ended Schemes,Equity Scheme - Large Cap Fund,20-02-2023,60.15570
118632,Nippon India Large Cap Fund - Direct Plan Growth Plan - Growth Option,Nippon India Mutual Fund,Open Ended Schemes,Equity Scheme - Large Cap Fund,17-02-2023,60.36540
118632,Nippon India Large Cap Fund - Direct Plan Growth Plan - Growth Option,Nippon India Mutual Fund,Open Ended Schemes,Equity Scheme - Large Cap Fund,16-02-2023,60.60470
118632,Nippon India Large Cap Fund - Direct Plan Growth Plan - Growth Option,Nippon India Mutual Fund,Open Ended Schemes,Equity Scheme - Large Cap Fund,15-02-2023,60.56210
118632,Nippon India Large Cap Fund - Direct Plan Growth Plan - Growth Option,Nippon India Mutual Fund,Open Ended Schemes,Equity Scheme - Large Cap Fund,14-02-2023,60.30020
118632,Nippon India Large Cap Fund - Direct Plan Growth Plan - Growth Option,Nippon India Mutual Fund,Open Ended Schemes,Equity Scheme - Large Cap Fund,13-02-2023,59.94030
118632,Nippon India Large Cap Fund - Direct Plan Growth Plan - Growth Option,Nippon India Mutual Fund,Open Ended Schemes,Equity Scheme - Large Cap Fund,10-02-2023,60.22590
118632,Nippon India Large Cap Fund - Direct Plan Growth Plan - Growth Option,Nippon India Mutual Fund,Open Ended Schemes,Equity Scheme - Large Cap Fund,09-02-2023,60.27390
118632,Nippon India Large Cap Fund - Direct Plan Growth Plan - Growth Option,Nippon India Mutual Fund,Open Ended Schemes,Equity Scheme - Large Cap Fund,08-02-2023,60.18860
118632,Nippon India Large Cap Fund - Direct Plan Growth Plan - Growth Option,Nippon India Mutual Fund,Open Ended Schemes,Equity Scheme - Large Cap Fund,07-02-2023,59.78850
118632,Nippon India Large Cap Fund - Direct Plan Growth Plan - Growth Option,Nippon India Mutual Fund,Open Ended Schemes,Equity Scheme - Large Cap Fund,06-02-2023,59.97180
118632,Nippon India Large Cap Fund - Direct Plan Growth Plan - Growth Option,Nippon India Mutual Fund,Open Ended Schemes,Equity Scheme - Large Cap Fund,03-02-2023,60.07870
118632,Nippon India Large Cap Fund - Direct Plan Growth Plan - Growth Option,Nippon India Mutual Fund,Open Ended Schemes,Equity Scheme - Large Cap Fund,02-02-2023,59.45910
118632,Nippon India Large Cap Fund - Direct Plan Growth Plan - Growth Option,Nippon India Mutual Fund,Open Ended Schemes,Equity Scheme - Large Cap Fund,01-02-2023,59.41790
118632,Nippon India Large Cap Fund - Direct Plan Growth Plan - Growth Option,Nippon India Mutual Fund,Open Ended Schemes,Equity Scheme - Large Cap Fund,31-01-2023,59.33000
118632,Nippon India Large Cap Fund - Direct Plan Growth Plan - Growth Option,Nippon India Mutual Fund,Open Ended Schemes,Equity Scheme - Large Cap Fund,30-01-2023,58.95420
118632,Nippon India Large Cap Fund - Direct Plan Growth Plan - Growth Option,Nippon India Mutual Fund,Open Ended Schemes,Equity Scheme - Large Cap Fund,27-01-2023,58.87040
118632,Nippon India Large Cap Fund - Direct Plan Growth Plan - Growth Option,Nippon India Mutual Fund,Open Ended Schemes,Equity Scheme - Large Cap Fund,25-01-2023,59.70490
118632,Nippon India Large Cap Fund - Direct Plan Growth Plan - Growth Option,Nippon India Mutual Fund,Open Ended Schemes,Equity Scheme - Large Cap Fund,24-01-2023,60.64720
118632,Nippon India Large Cap Fund - Direct Plan Growth Plan - Growth Option,Nippon India Mutual Fund,Open Ended Schemes,Equity Scheme - Large Cap Fund,23-01-2023,60.68050
118632,Nippon India Large Cap Fund - Direct Plan Growth Plan - Growth Option,Nippon India Mutual Fund,Open Ended Schemes,Equity Scheme - Large Cap Fund,20-01-2023,60.37140
118632,Nippon India Large Cap Fund - Direct Plan Growth Plan - Growth Option,Nippon India Mutual Fund,Open Ended Schemes,Equity Scheme - Large Cap Fund,19-01-2023,60.54590
118632,Nippon India Large Cap Fund - Direct Plan Growth Plan - Growth Option,Nippon India Mutual Fund,Open Ended Schemes,Equity Scheme - Large Cap Fund,18-01-2023,60.58310
118632,Nippon India Large Cap Fund - Direct Plan Growth Plan - Growth Option,Nippon India Mutual Fund,Open Ended Schemes,Equity Scheme - Large Cap Fund,17-01-2023,60.21450
118632,Nippon India Large Cap Fund - Direct Plan Growth Plan - Growth Option,Nippon India Mutual Fund,Open Ended Schemes,Equity Scheme - Large Cap Fund,16-01-2023,59.86480
118632,Nippon India Large Cap Fund - Direct Plan Growth Plan - Growth Option,Nippon India Mutual Fund,Open Ended Schemes,Equity Scheme - Large Cap Fund,13-01-2023,60.09270
118632,Nippon India Large Cap Fund - Direct Plan Growth Plan - Growth Option,Nippon India Mutual Fund,Open Ended Schemes,Equity Scheme - Large Cap Fund,12-01-2023,59.90490
118632,Nippon India Large Cap Fund - Direct Plan Growth Plan - Growth Option,Nippon India Mutual Fund,Open Ended Schemes,Equity Scheme - Large Cap Fund,11-01-2023,59.97850
118632,Nippon India Large Cap Fund - Direct Plan Growth Plan - Growth Option,Nippon India Mutual Fund,Open Ended Schemes,Equity Scheme - Large Cap Fund,10-01-2023,59.92860
118632,Nippon India Large Cap Fund - Direct Plan Growth Plan - Growth Option,Nippon India Mutual Fund,Open Ended Schemes,Equity Scheme - Large Cap Fund,09-01-2023,60.35550
118632,Nippon India Large Cap Fund - Direct Plan Growth Plan - Growth Option,Nippon India Mutual Fund,Open Ended Schemes,Equity Scheme - Large Cap Fund,06-01-2023,59.62990
118632,Nippon India Large Cap Fund - Direct Plan Growth Plan - Growth Option,Nippon India Mutual Fund,Open Ended Schemes,Equity Scheme - Large Cap Fund,05-01-2023,59.90270
118632,Nippon India Large Cap Fund - Direct Plan Growth Plan - Growth Option,Nippon India Mutual Fund,Open Ended Schemes,Equity Scheme - Large Cap Fund,04-01-2023,59.94200
118632,Nippon India Large Cap Fund - Direct Plan Growth Plan - Growth Option,Nippon India Mutual Fund,Open Ended Schemes,Equity Scheme - Large Cap Fund,03-01-2023,60.63080
118632,Nippon India Large Cap Fund - Direct Plan Growth Plan - Growth Option,Nippon India Mutual Fund,Open Ended Schemes,Equity Scheme - Large Cap Fund,02-01-2023,60.53290
118632,Nippon India Large Cap Fund - Direct Plan Growth Plan - Growth Option,Nippon India Mutual Fund,Open Ended Schemes,Equity Scheme - Large Cap Fund,30-12-2022,60.20660
118632,Nippon India Large Cap Fund - Direct Plan Growth Plan - Growth Option,Nippon India Mutual Fund,Open Ended Schemes,Equity Scheme - Large Cap Fund,29-12-2022,60.34230
118632,Nippon India Large Cap Fund - Direct Plan Growth Plan - Growth Option,Nippon India Mutual Fund,Open Ended Schemes,Equity Scheme - Large Cap Fund,28-12-2022,60.24110
118632,Nippon India Large Cap Fund - Direct Plan Growth Plan - Growth Option,Nippon India Mutual Fund,Open Ended Schemes,Equity Scheme - Large Cap Fund,27-12-2022,60.15910
118632,Nippon India Large Cap Fund - Direct Plan Growth Plan - Growth Option,Nippon India Mutual Fund,Open Ended Schemes,Equity Scheme - Large Cap Fund,26-12-2022,59.73940
118632,Nippon India Large Cap Fund - Direct Plan Growth Plan - Growth Option,Nippon India Mutual Fund,Open Ended Schemes,Equity Scheme - Large Cap Fund,23-12-2022,58.70860
118632,Nippon India Large Cap Fund - Direct Plan Growth Plan - Growth Option,Nippon India Mutual Fund,Open Ended Schemes,Equity Scheme - Large Cap Fund,22-12-2022,59.94580
118632,Nippon India Large Cap Fund - Direct Plan Growth Plan - Growth Option,Nippon India Mutual Fund,Open Ended Schemes,Equity Scheme - Large Cap Fund,21-12-2022,60.37150
118632,Nippon India Large Cap Fund - Direct Plan Growth Plan - Growth Option,Nippon India Mutual Fund,Open Ended Schemes,Equity Scheme - Large Cap Fund,20-12-2022,61.17080
118632,Nippon India Large Cap Fund - Direct Plan Growth Plan - Growth Option,Nippon India Mutual Fund,Open Ended Schemes,Equity Scheme - Large Cap Fund,19-12-2022,61.38390
118632,Nippon India Large Cap Fund - Direct Plan Growth Plan - Growth Option,Nippon India Mutual Fund,Open Ended Schemes,Equity Scheme - Large Cap Fund,16-12-2022,60.97430
118632,Nippon India Large Cap Fund - Direct Plan Growth Plan - Growth Option,Nippon India Mutual Fund,Open Ended Schemes,Equity Scheme - Large Cap Fund,15-12-2022,61.53090
118632,Nippon India Large Cap Fund - Direct Plan Growth Plan - Growth Option,Nippon India Mutual Fund,Open Ended Schemes,Equity Scheme - Large Cap Fund,14-12-2022,62.21390
118632,Nippon India Large Cap Fund - Direct Plan Growth Plan - Growth Option,Nippon India Mutual Fund,Open Ended Schemes,Equity Scheme - Large Cap Fund,13-12-2022,61.95660
118632,Nippon India Large Cap Fund - Direct Plan Growth Plan - Growth Option,Nippon India Mutual Fund,Open Ended Schemes,Equity Scheme - Large Cap Fund,12-12-2022,61.76560
118632,Nippon India Large Cap Fund - Direct Plan Growth Plan - Growth Option,Nippon India Mutual Fund,Open Ended Schemes,Equity Scheme - Large Cap Fund,09-12-2022,61.59930
118632,Nippon India Large Cap Fund - Direct Plan Growth Plan - Growth Option,Nippon India Mutual Fund,Open Ended Schemes,Equity Scheme - Large Cap Fund,08-12-2022,61.96500
118632,Nippon India Large Cap Fund - Direct Plan Growth Plan - Growth Option,Nippon India Mutual Fund,Open Ended Schemes,Equity Scheme - Large Cap Fund,07-12-2022,61.64930
118632,Nippon India Large Cap Fund - Direct Plan Growth Plan - Growth Option,Nippon India Mutual Fund,Open Ended Schemes,Equity Scheme - Large Cap Fund,06-12-2022,61.73690
118632,Nippon India Large Cap Fund - Direct Plan Growth Plan - Growth Option,Nippon India Mutual Fund,Open Ended Schemes,Equity Scheme - Large Cap Fund,05-12-2022,61.94120
118632,Nippon India Large Cap Fund - Direct Plan Growth Plan - Growth Option,Nippon India Mutual Fund,Open Ended Schemes,Equity Scheme - Large Cap Fund,02-12-2022,61.95670
118632,Nippon India Large Cap Fund - Direct Plan Growth Plan - Growth Option,Nippon India Mutual Fund,Open Ended Schemes,Equity Scheme - Large Cap Fund,01-12-2022,62.19390
118632,Nippon India Large Cap Fund - Direct Plan Growth Plan - Growth Option,Nippon India Mutual Fund,Open Ended Schemes,Equity Scheme - Large Cap Fund,30-11-2022,62.00740
118632,Nippon India Large Cap Fund - Direct Plan Growth Plan - Growth Option,Nippon India Mutual Fund,Open Ended Schemes,Equity Scheme - Large Cap Fund,29-11-2022,61.54720
118632,Nippon India Large Cap Fund - Direct Plan Growth Plan - Growth Option,Nippon India Mutual Fund,Open Ended Schemes,Equity Scheme - Large Cap Fund,28-11-2022,61.47370
118632,Nippon India Large Cap Fund - Direct Plan Growth Plan - Growth Option,Nippon India Mutual Fund,Open Ended Schemes,Equity Scheme - Large Cap Fund,25-11-2022,61.36140
118632,Nippon India Large Cap Fund - Direct Plan Growth Plan - Growth Option,Nippon India Mutual Fund,Open Ended Schemes,Equity Scheme - Large Cap Fund,24-11-2022,61.09130
118632,Nippon India Large Cap Fund - Direct Plan Growth Plan - Growth Option,Nippon India Mutual Fund,Open Ended Schemes,Equity Scheme - Large Cap Fund,23-11-2022,60.39640
118632,Nippon India Large Cap Fund - Direct Plan Growth Plan - Growth Option,Nippon India Mutual Fund,Open Ended Schemes,Equity Scheme - Large Cap Fund,22-11-2022,60.29460
118632,Nippon India Large Cap Fund - Direct Plan Growth Plan - Growth Option,Nippon India Mutual Fund,Open Ended Schemes,Equity Scheme - Large Cap Fund,21-11-2022,60.00890
118632,Nippon India Large Cap Fund - Direct Plan Growth Plan - Growth Option,Nippon India Mutual Fund,Open Ended Schemes,Equity Scheme - Large Cap Fund,18-11-2022,60.40630
118632,Nippon India Large Cap Fund - Direct Plan Growth Plan - Growth Option,Nippon India Mutual Fund,Open Ended Schemes,Equity Scheme - Large Cap Fund,17-11-2022,60.69650
118632,Nippon India Large Cap Fund - Direct Plan Growth Plan - Growth Option,Nippon India Mutual Fund,Open Ended Schemes,Equity Scheme - Large Cap Fund,16-11-2022,60.90490
118632,Nippon India Large Cap Fund - Direct Plan Growth Plan - Growth Option,Nippon India Mutual Fund,Open Ended Schemes,Equity Scheme - Large Cap Fund,15-11-2022,60.99130
118632,Nippon India Large Cap Fund - Direct Plan Growth Plan - Growth Option,Nippon India Mutual Fund,Open Ended Schemes,Equity Scheme - Large Cap Fund,14-11-2022,60.81770
118632,Nippon India Large Cap Fund - Direct Plan Growth Plan - Growth Option,Nippon India Mutual Fund,Open Ended Schemes,Equity Scheme - Large Cap Fund,11-11-2022,61.03100
118632,Nippon India Large Cap Fund - Direct Plan Growth Plan - Growth Option,Nippon India Mutual Fund,Open Ended Schemes,Equity Scheme - Large Cap Fund,10-11-2022,60.16950
118632,Nippon India Large Cap Fund - Direct Plan Growth Plan - Growth Option,Nippon India Mutual Fund,Open Ended Schemes,Equity Scheme - Large Cap Fund,09-11-2022,60.65810
118632,Nippon India Large Cap Fund - Direct Plan Growth Plan - Growth Option,Nippon India Mutual Fund,Open Ended Schemes,Equity Scheme - Large Cap Fund,07-11-2022,60.77990
118632,Nippon India Large Cap Fund - Direct Plan Growth Plan - Growth Option,Nippon India Mutual Fund,Open Ended Schemes,Equity Scheme - Large Cap Fund,04-11-2022,60.35650
118632,Nippon India Large Cap Fund - Direct Plan Growth Plan - Growth Option,Nippon India Mutual Fund,Open Ended Schemes,Equity Scheme - Large Cap Fund,03-11-2022,60.34160
118632,Nippon India Large Cap Fund - Direct Plan Growth Plan - Growth Option,Nippon India Mutual Fund,Open Ended Schemes,Equity Scheme - Large Cap Fund,02-11-2022,60.46810
118632,Nippon India Large Cap Fund - Direct Plan Growth Plan - Growth Option,Nippon India Mutual Fund,Open Ended Schemes,Equity Scheme - Large Cap Fund,01-11-2022,60.48320
118632,Nippon India Large Cap Fund - Direct Plan Growth Plan - Growth Option,Nippon India Mutual Fund,Open Ended Schemes,Equity Scheme - Large Cap Fund,31-10-2022,60.09290
118632,Nippon India Large Cap Fund - Direct Plan Growth Plan - Growth Option,Nippon India Mutual Fund,Open Ended Schemes,Equity Scheme - Large Cap Fund,28-10-2022,59.33510
118632,Nippon India Large Cap Fund - Direct Plan Growth Plan - Growth Option,Nippon India Mutual Fund,Open Ended Schemes,Equity Scheme - Large Cap Fund,27-10-2022,59.47580
118632,Nippon India Large Cap Fund - Direct Plan Growth Plan - Growth Option,Nippon India Mutual Fund,Open Ended Schemes,Equity Scheme - Large Cap Fund,25-10-2022,59.19570
118632,Nippon India Large Cap Fund - Direct Plan Growth Plan - Growth Option,Nippon India Mutual Fund,Open Ended Schemes,Equity Scheme - Large Cap Fund,21-10-2022,58.77790
118632,Nippon India Large Cap Fund - Direct Plan Growth Plan - Growth Option,Nippon India Mutual Fund,Open Ended Schemes,Equity Scheme - Large Cap Fund,20-10-2022,58.91490
118632,Nippon India Large Cap Fund - Direct Plan Growth Plan - Growth Option,Nippon India Mutual Fund,Open Ended Schemes,Equity Scheme - Large Cap Fund,19-10-2022,58.88040
118632,Nippon India Large Cap Fund - Direct Plan Growth Plan - Growth Option,Nippon India Mutual Fund,Open Ended Schemes,Equity Scheme - Large Cap Fund,18-10-2022,58.79430
118632,Nippon India Large Cap Fund - Direct Plan Growth Plan - Growth Option,Nippon India Mutual Fund,Open Ended Schemes,Equity Scheme - Large Cap Fund,17-10-2022,58.07790
118632,Nippon India Large Cap Fund - Direct Plan Growth Plan - Growth Option,Nippon India Mutual Fund,Open Ended Schemes,Equity Scheme - Large Cap Fund,14-10-2022,57.69030
118632,Nippon India Large Cap Fund - Direct Plan Growth Plan - Growth Option,Nippon India Mutual Fund,Open Ended Schemes,Equity Scheme - Large Cap Fund,13-10-2022,57.30170
118632,Nippon India Large Cap Fund - Direct Plan Growth Plan - Growth Option,Nippon India Mutual Fund,Open Ended Schemes,Equity Scheme - Large Cap Fund,12-10-2022,57.76000
118632,Nippon India Large Cap Fund - Direct Plan Growth Plan - Growth Option,Nippon India Mutual Fund,Open Ended Schemes,Equity Scheme - Large Cap Fund,11-10-2022,57.24070
118632,Nippon India Large Cap Fund - Direct Plan Growth Plan - Growth Option,Nippon India Mutual Fund,Open Ended Schemes,Equity Scheme - Large Cap Fund,10-10-2022,58.01590
118632,Nippon India Large Cap Fund - Direct Plan Growth Plan - Growth Option,Nippon India Mutual Fund,Open Ended Schemes,Equity Scheme - Large Cap Fund,07-10-2022,58.37470
118632,Nippon India Large Cap Fund - Direct Plan Growth Plan - Growth Option,Nippon India Mutual Fund,Open Ended Schemes,Equity Scheme - Large Cap Fund,06-10-2022,58.40780
118632,Nippon India Large Cap Fund - Direct Plan Growth Plan - Growth Option,Nippon India Mutual Fund,Open Ended Schemes,Equity Scheme - Large Cap Fund,04-10-2022,58.07730
118632,Nippon India Large Cap Fund - Direct Plan Growth Plan - Growth Option,Nippon India Mutual Fund,Open Ended Schemes,Equity Scheme - Large Cap Fund,03-10-2022,56.80060
118632,Nippon India Large Cap Fund - Direct Plan Growth Plan - Growth Option,Nippon India Mutual Fund,Open Ended Schemes,Equity Scheme - Large Cap Fund,30-09-2022,57.29550
118632,Nippon India Large Cap Fund - Direct Plan Growth Plan - Growth Option,Nippon India Mutual Fund,Open Ended Schemes,Equity Scheme - Large Cap Fund,29-09-2022,56.36870
118632,Nippon India Large Cap Fund - Direct Plan Growth Plan - Growth Option,Nippon India Mutual Fund,Open Ended Schemes,Equity Scheme - Large Cap Fund,28-09-2022,56.30030
118632,Nippon India Large Cap Fund - Direct Plan Growth Plan - Growth Option,Nippon India Mutual Fund,Open Ended Schemes,Equity Scheme - Large Cap Fund,27-09-2022,56.86730
118632,Nippon India Large Cap Fund - Direct Plan Growth Plan - Growth Option,Nippon India Mutual Fund,Open Ended Schemes,Equity Scheme - Large Cap Fund,26-09-2022,56.79170
118632,Nippon India Large Cap Fund - Direct Plan Growth Plan - Growth Option,Nippon India Mutual Fund,Open Ended Schemes,Equity Scheme - Large Cap Fund,23-09-2022,58.04240
118632,Nippon India Large Cap Fund - Direct Plan Growth Plan - Growth Option,Nippon India Mutual Fund,Open Ended Schemes,Equity Scheme - Large Cap Fund,22-09-2022,59.08470
118632,Nippon India Large Cap Fund - Direct Plan Growth Plan - Growth Option,Nippon India Mutual Fund,Open Ended Schemes,Equity Scheme - Large Cap Fund,21-09-2022,59.30530
118632,Nippon India Large Cap Fund - Direct Plan Growth Plan - Growth Option,Nippon India Mutual Fund,Open Ended Schemes,Equity Scheme - Large Cap Fund,20-09-2022,59.49540
118632,Nippon India Large Cap Fund - Direct Plan Growth Plan - Growth Option,Nippon India Mutual Fund,Open Ended Schemes,Equity Scheme - Large Cap Fund,19-09-2022,58.84680
118632,Nippon India Large Cap Fund - Direct Plan Growth Plan - Growth Option,Nippon India Mutual Fund,Open Ended Schemes,Equity Scheme - Large Cap Fund,16-09-2022,58.54080
118632,Nippon India Large Cap Fund - Direct Plan Growth Plan - Growth Option,Nippon India Mutual Fund,Open Ended Schemes,Equity Scheme - Large Cap Fund,15-09-2022,59.82140
118632,Nippon India Large Cap Fund - Direct Plan Growth Plan - Growth Option,Nippon India Mutual Fund,Open Ended Schemes,Equity Scheme - Large Cap Fund,14-09-2022,59.96780
118632,Nippon India Large Cap Fund - Direct Plan Growth Plan - Growth Option,Nippon India Mutual Fund,Open Ended Schemes,Equity Scheme - Large Cap Fund,13-09-2022,60.01680
118632,Nippon India Large Cap Fund - Direct Plan Growth Plan - Growth Option,Nippon India Mutual Fund,Open Ended Schemes,Equity Scheme - Large Cap Fund,12-09-2022,59.52750
118632,Nippon India Large Cap Fund - Direct Plan Growth Plan - Growth Option,Nippon India Mutual Fund,Open Ended Schemes,Equity Scheme - Large Cap Fund,09-09-2022,59.22610
118632,Nippon India Large Cap Fund - Direct Plan Growth Plan - Growth Option,Nippon India Mutual Fund,Open Ended Schemes,Equity Scheme - Large Cap Fund,08-09-2022,59.14300
118632,Nippon India Large Cap Fund - Direct Plan Growth Plan - Growth Option,Nippon India Mutual Fund,Open Ended Schemes,Equity Scheme - Large Cap Fund,07-09-2022,58.71600
118632,Nippon India Large Cap Fund - Direct Plan Growth Plan - Growth Option,Nippon India Mutual Fund,Open Ended Schemes,Equity Scheme - Large Cap Fund,06-09-2022,58.70720
118632,Nippon India Large Cap Fund - Direct Plan Growth Plan - Growth Option,Nippon India Mutual Fund,Open Ended Schemes,Equity Scheme - Large Cap Fund,05-09-2022,58.82580
118632,Nippon India Large Cap Fund - Direct Plan Growth Plan - Growth Option,Nippon India Mutual Fund,Open Ended Schemes,Equity Scheme - Large Cap Fund,02-09-2022,58.34720
118632,Nippon India Large Cap Fund - Direct Plan Growth Plan - Growth Option,Nippon India Mutual Fund,Open Ended Schemes,Equity Scheme - Large Cap Fund,01-09-2022,58.11660
118632,Nippon India Large Cap Fund - Direct Plan Growth Plan - Growth Option,Nippon India Mutual Fund,Open Ended Schemes,Equity Scheme - Large Cap Fund,30-08-2022,58.38730
118632,Nippon India Large Cap Fund - Direct Plan Growth Plan - Growth Option,Nippon India Mutual Fund,Open Ended Schemes,Equity Scheme - Large Cap Fund,29-08-2022,57.02990
118632,Nippon India Large Cap Fund - Direct Plan Growth Plan - Growth Option,Nippon India Mutual Fund,Open Ended Schemes,Equity Scheme - Large Cap Fund,26-08-2022,57.83500
118632,Nippon India Large Cap Fund - Direct Plan Growth Plan - Growth Option,Nippon India Mutual Fund,Open Ended Schemes,Equity Scheme - Large Cap Fund,25-08-2022,57.67110
118632,Nippon India Large Cap Fund - Direct Plan Growth Plan - Growth Option,Nippon India Mutual Fund,Open Ended Schemes,Equity Scheme - Large Cap Fund,24-08-2022,57.87010
118632,Nippon India Large Cap Fund - Direct Plan Growth Plan - Growth Option,Nippon India Mutual Fund,Open Ended Schemes,Equity Scheme - Large Cap Fund,23-08-2022,57.67260
118632,Nippon India Large Cap Fund - Direct Plan Growth Plan - Growth Option,Nippon India Mutual Fund,Open Ended Schemes,Equity Scheme - Large Cap Fund,22-08-2022,57.30500
118632,Nippon India Large Cap Fund - Direct Plan Growth Plan - Growth Option,Nippon India Mutual Fund,Open Ended Schemes,Equity Scheme - Large Cap Fund,19-08-2022,58.11300
118632,Nippon India Large Cap Fund - Direct Plan Growth Plan - Growth Option,Nippon India Mutual Fund,Open Ended Schemes,Equity Scheme - Large Cap Fund,18-08-2022,58.86930
118632,Nippon India Large Cap Fund - Direct Plan Growth Plan - Growth Option,Nippon India Mutual Fund,Open Ended Schemes,Equity Scheme - Large Cap Fund,17-08-2022,58.83830
118632,Nippon India Large Cap Fund - Direct Plan Growth Plan - Growth Option,Nippon India Mutual Fund,Open Ended Schemes,Equity Scheme - Large Cap Fund,16-08-2022,58.45530
118632,Nippon India Large Cap Fund - Direct Plan Growth Plan - Growth Option,Nippon India Mutual Fund,Open Ended Schemes,Equity Scheme - Large Cap Fund,12-08-2022,57.88350
118632,Nippon India Large Cap Fund - Direct Plan Growth Plan - Growth Option,Nippon India Mutual Fund,Open Ended Schemes,Equity Scheme - Large Cap Fund,11-08-2022,57.75470
118632,Nippon India Large Cap Fund - Direct Plan Growth Plan - Growth Option,Nippon India Mutual Fund,Open Ended Schemes,Equity Scheme - Large Cap Fund,10-08-2022,57.14100
118632,Nippon India Large Cap Fund - Direct Plan Growth Plan - Growth Option,Nippon India Mutual Fund,Open Ended Schemes,Equity Scheme - Large Cap Fund,08-08-2022,57.11910
118632,Nippon India Large Cap Fund - Direct Plan Growth Plan - Growth Option,Nippon India Mutual Fund,Open Ended Schemes,Equity Scheme - Large Cap Fund,05-08-2022,56.69690
118632,Nippon India Large Cap Fund - Direct Plan Growth Plan - Growth Option,Nippon India Mutual Fund,Open Ended Schemes,Equity Scheme - Large Cap Fund,04-08-2022,56.67340
118632,Nippon India Large Cap Fund - Direct Plan Growth Plan - Growth Option,Nippon India Mutual Fund,Open Ended Schemes,Equity Scheme - Large Cap Fund,03-08-2022,56.74170
118632,Nippon India Large Cap Fund - Direct Plan Growth Plan - Growth Option,Nippon India Mutual Fund,Open Ended Schemes,Equity Scheme - Large Cap Fund,02-08-2022,56.74890
118632,Nippon India Large Cap Fund - Direct Plan Growth Plan - Growth Option,Nippon India Mutual Fund,Open Ended Schemes,Equity Scheme - Large Cap Fund,01-08-2022,56.69400
118632,Nippon India Large Cap Fund - Direct Plan Growth Plan - Growth Option,Nippon India Mutual Fund,Open Ended Schemes,Equity Scheme - Large Cap Fund,29-07-2022,56.06890
118632,Nippon India Large Cap Fund - Direct Plan Growth Plan - Growth Option,Nippon India Mutual Fund,Open Ended Schemes,Equity Scheme - Large Cap Fund,28-07-2022,55.54480
118632,Nippon India Large Cap Fund - Direct Plan Growth Plan - Growth Option,Nippon India Mutual Fund,Open Ended Schemes,Equity Scheme - Large Cap Fund,27-07-2022,54.72230
118632,Nippon India Large Cap Fund - Direct Plan Growth Plan - Growth Option,Nippon India Mutual Fund,Open Ended Schemes,Equity Scheme - Large Cap Fund,26-07-2022,54.17380
118632,Nippon India Large Cap Fund - Direct Plan Growth Plan - Growth Option,Nippon India Mutual Fund,Open Ended Schemes,Equity Scheme - Large Cap Fund,25-07-2022,54.65530
118632,Nippon India Large Cap Fund - Direct Plan Growth Plan - Growth Option,Nippon India Mutual Fund,Open Ended Schemes,Equity Scheme - Large Cap Fund,22-07-2022,54.70100
118632,Nippon India Large Cap Fund - Direct Plan Growth Plan - Growth Option,Nippon India Mutual Fund,Open Ended Schemes,Equity Scheme - Large Cap Fund,21-07-2022,54.43280
118632,Nippon India Large Cap Fund - Direct Plan Growth Plan - Growth Option,Nippon India Mutual Fund,Open Ended Schemes,Equity Scheme - Large Cap Fund,20-07-2022,53.95250
118632,Nippon India Large Cap Fund - Direct Plan Growth Plan - Growth Option,Nippon India Mutual Fund,Open Ended Schemes,Equity Scheme - Large Cap Fund,19-07-2022,53.38690
118632,Nippon India Large Cap Fund - Direct Plan Growth Plan - Growth Option,Nippon India Mutual Fund,Open Ended Schemes,Equity Scheme - Large Cap Fund,18-07-2022,53.16270
118632,Nippon India Large Cap Fund - Direct Plan Growth Plan - Growth Option,Nippon India Mutual Fund,Open Ended Schemes,Equity Scheme - Large Cap Fund,15-07-2022,52.45600
118632,Nippon India Large Cap Fund - Direct Plan Growth Plan - Growth Option,Nippon India Mutual Fund,Open Ended Schemes,Equity Scheme - Large Cap Fund,14-07-2022,52.15860
118632,Nippon India Large Cap Fund - Direct Plan Growth Plan - Growth Option,Nippon India Mutual Fund,Open Ended Schemes,Equity Scheme - Large Cap Fund,13-07-2022,52.38340
118632,Nippon India Large Cap Fund - Direct Plan Growth Plan - Growth Option,Nippon India Mutual Fund,Open Ended Schemes,Equity Scheme - Large Cap Fund,12-07-2022,52.59950
118632,Nippon India Large Cap Fund - Direct Plan Growth Plan - Growth Option,Nippon India Mutual Fund,Open Ended Schemes,Equity Scheme - Large Cap Fund,11-07-2022,53.10470
118632,Nippon India Large Cap Fund - Direct Plan Growth Plan - Growth Option,Nippon India Mutual Fund,Open Ended Schemes,Equity Scheme - Large Cap Fund,08-07-2022,53.08550
118632,Nippon India Large Cap Fund - Direct Plan Growth Plan - Growth Option,Nippon India Mutual Fund,Open Ended Schemes,Equity Scheme - Large Cap Fund,07-07-2022,52.81200
118632,Nippon India Large Cap Fund - Direct Plan Growth Plan - Growth Option,Nippon India Mutual Fund,Open Ended Schemes,Equity Scheme - Large Cap Fund,06-07-2022,52.18070
118632,Nippon India Large Cap Fund - Direct Plan Growth Plan - Growth Option,Nippon India Mutual Fund,Open Ended Schemes,Equity Scheme - Large Cap Fund,05-07-2022,51.55800
118632,Nippon India Large Cap Fund - Direct Plan Growth Plan - Growth Option,Nippon India Mutual Fund,Open Ended Schemes,Equity Scheme - Large Cap Fund,04-07-2022,51.58910
118632,Nippon India Large Cap Fund - Direct Plan Growth Plan - Growth Option,Nippon India Mutual Fund,Open Ended Schemes,Equity Scheme - Large Cap Fund,01-07-2022,51.06200
118632,Nippon India Large Cap Fund - Direct Plan Growth Plan - Growth Option,Nippon India Mutual Fund,Open Ended Schemes,Equity Scheme - Large Cap Fund,30-06-2022,50.81610
118632,Nippon India Large Cap Fund - Direct Plan Growth Plan - Growth Option,Nippon India Mutual Fund,Open Ended Schemes,Equity Scheme - Large Cap Fund,29-06-2022,50.96960
118632,Nippon India Large Cap Fund - Direct Plan Growth Plan - Growth Option,Nippon India Mutual Fund,Open Ended Schemes,Equity Scheme - Large Cap Fund,28-06-2022,51.10040
118632,Nippon India Large Cap Fund - Direct Plan Growth Plan - Growth Option,Nippon India Mutual Fund,Open Ended Schemes,Equity Scheme - Large Cap Fund,27-06-2022,50.89400
118632,Nippon India Large Cap Fund - Direct Plan Growth Plan - Growth Option,Nippon India Mutual Fund,Open Ended Schemes,Equity Scheme - Large Cap Fund,24-06-2022,50.39560
118632,Nippon India Large Cap Fund - Direct Plan Growth Plan - Growth Option,Nippon India Mutual Fund,Open Ended Schemes,Equity Scheme - Large Cap Fund,23-06-2022,49.92490
118632,Nippon India Large Cap Fund - Direct Plan Growth Plan - Growth Option,Nippon India Mutual Fund,Open Ended Schemes,Equity Scheme - Large Cap Fund,22-06-2022,49.33730
118632,Nippon India Large Cap Fund - Direct Plan Growth Plan - Growth Option,Nippon India Mutual Fund,Open Ended Schemes,Equity Scheme - Large Cap Fund,21-06-2022,50.04410
118632,Nippon India Large Cap Fund - Direct Plan Growth Plan - Growth Option,Nippon India Mutual Fund,Open Ended Schemes,Equity Scheme - Large Cap Fund,20-06-2022,48.83100
118632,Nippon India Large Cap Fund - Direct Plan Growth Plan - Growth Option,Nippon India Mutual Fund,Open Ended Schemes,Equity Scheme - Large Cap Fund,17-06-2022,48.87040
118632,Nippon India Large Cap Fund - Direct Plan Growth Plan - Growth Option,Nippon India Mutual Fund,Open Ended Schemes,Equity Scheme - Large Cap Fund,16-06-2022,49.06560
118632,Nippon India Large Cap Fund - Direct Plan Growth Plan - Growth Option,Nippon India Mutual Fund,Open Ended Schemes,Equity Scheme - Large Cap Fund,15-06-2022,50.19850
118632,Nippon India Large Cap Fund - Direct Plan Growth Plan - Growth Option,Nippon India Mutual Fund,Open Ended Schemes,Equity Scheme - Large Cap Fund,14-06-2022,50.19110
118632,Nippon India Large Cap Fund - Direct Plan Growth Plan - Growth Option,Nippon India Mutual Fund,Open Ended Schemes,Equity Scheme - Large Cap Fund,13-06-2022,50.24440
118632,Nippon India Large Cap Fund - Direct Plan Growth Plan - Growth Option,Nippon India Mutual Fund,Open Ended Schemes,Equity Scheme - Large Cap Fund,10-06-2022,51.62310
118632,Nippon India Large Cap Fund - Direct Plan Growth Plan - Growth Option,Nippon India Mutual Fund,Open Ended Schemes,Equity Scheme - Large Cap Fund,09-06-2022,52.31770
118632,Nippon India Large Cap Fund - Direct Plan Growth Plan - Growth Option,Nippon India Mutual Fund,Open Ended Schemes,Equity Scheme - Large Cap Fund,08-06-2022,52.13420
118632,Nippon India Large Cap Fund - Direct Plan Growth Plan - Growth Option,Nippon India Mutual Fund,Open Ended Schemes,Equity Scheme - Large Cap Fund,07-06-2022,52.19240
118632,Nippon India Large Cap Fund - Direct Plan Growth Plan - Growth Option,Nippon India Mutual Fund,Open Ended Schemes,Equity Scheme - Large Cap Fund,06-06-2022,52.57360
118632,Nippon India Large Cap Fund - Direct Plan Growth Plan - Growth Option,Nippon India Mutual Fund,Open Ended Schemes,Equity Scheme - Large Cap Fund,03-06-2022,52.71320
118632,Nippon India Large Cap Fund - Direct Plan Growth Plan - Growth Option,Nippon India Mutual Fund,Open Ended Schemes,Equity Scheme - Large Cap Fund,02-06-2022,53.01680
118632,Nippon India Large Cap Fund - Direct Plan Growth Plan - Growth Option,Nippon India Mutual Fund,Open Ended Schemes,Equity Scheme - Large Cap Fund,01-06-2022,52.89580
118632,Nippon India Large Cap Fund - Direct Plan Growth Plan - Growth Option,Nippon India Mutual Fund,Open Ended Schemes,Equity Scheme - Large Cap Fund,31-05-2022,52.91280
118632,Nippon India Large Cap Fund - Direct Plan Growth Plan - Growth Option,Nippon India Mutual Fund,Open Ended Schemes,Equity Scheme - Large Cap Fund,30-05-2022,52.96360
118632,Nippon India Large Cap Fund - Direct Plan Growth Plan - Growth Option,Nippon India Mutual Fund,Open Ended Schemes,Equity Scheme - Large Cap Fund,27-05-2022,51.84610
118632,Nippon India Large Cap Fund - Direct Plan Growth Plan - Growth Option,Nippon India Mutual Fund,Open Ended Schemes,Equity Scheme - Large Cap Fund,26-05-2022,51.16830
118632,Nippon India Large Cap Fund - Direct Plan Growth Plan - Growth Option,Nippon India Mutual Fund,Open Ended Schemes,Equity Scheme - Large Cap Fund,25-05-2022,50.60710
118632,Nippon India Large Cap Fund - Direct Plan Growth Plan - Growth Option,Nippon India Mutual Fund,Open Ended Schemes,Equity Scheme - Large Cap Fund,24-05-2022,51.01280
118632,Nippon India Large Cap Fund - Direct Plan Growth Plan - Growth Option,Nippon India Mutual Fund,Open Ended Schemes,Equity Scheme - Large Cap Fund,23-05-2022,51.21030
118632,Nippon India Large Cap Fund - Direct Plan Growth Plan - Growth Option,Nippon India Mutual Fund,Open Ended Schemes,Equity Scheme - Large Cap Fund,20-05-2022,51.38770
118632,Nippon India Large Cap Fund - Direct Plan Growth Plan - Growth Option,Nippon India Mutual Fund,Open Ended Schemes,Equity Scheme - Large Cap Fund,19-05-2022,50.06080
118632,Nippon India Large Cap Fund - Direct Plan Growth Plan - Growth Option,Nippon India Mutual Fund,Open Ended Schemes,Equity Scheme - Large Cap Fund,18-05-2022,51.34800
118632,Nippon India Large Cap Fund - Direct Plan Growth Plan - Growth Option,Nippon India Mutual Fund,Open Ended Schemes,Equity Scheme - Large Cap Fund,17-05-2022,51.62280
118632,Nippon India Large Cap Fund - Direct Plan Growth Plan - Growth Option,Nippon India Mutual Fund,Open Ended Schemes,Equity Scheme - Large Cap Fund,16-05-2022,50.34520
118632,Nippon India Large Cap Fund - Direct Plan Growth Plan - Growth Option,Nippon India Mutual Fund,Open Ended Schemes,Equity Scheme - Large Cap Fund,13-05-2022,50.07510
118632,Nippon India Large Cap Fund - Direct Plan Growth Plan - Growth Option,Nippon India Mutual Fund,Open Ended Schemes,Equity Scheme - Large Cap Fund,12-05-2022,50.20570
118632,Nippon India Large Cap Fund - Direct Plan Growth Plan - Growth Option,Nippon India Mutual Fund,Open Ended Schemes,Equity Scheme - Large Cap Fund,11-05-2022,51.18510
118632,Nippon India Large Cap Fund - Direct Plan Growth Plan - Growth Option,Nippon India Mutual Fund,Open Ended Schemes,Equity Scheme - Large Cap Fund,10-05-2022,51.44110
118632,Nippon India Large Cap Fund - Direct Plan Growth Plan - Growth Option,Nippon India Mutual Fund,Open Ended Schemes,Equity Scheme - Large Cap Fund,09-05-2022,51.74560
118632,Nippon India Large Cap Fund - Direct Plan Growth Plan - Growth Option,Nippon India Mutual Fund,Open Ended Schemes,Equity Scheme - Large Cap Fund,06-05-2022,52.15220
118632,Nippon India Large Cap Fund - Direct Plan Growth Plan - Growth Option,Nippon India Mutual Fund,Open Ended Schemes,Equity Scheme - Large Cap Fund,05-05-2022,52.86480
118632,Nippon India Large Cap Fund - Direct Plan Growth Plan - Growth Option,Nippon India Mutual Fund,Open Ended Schemes,Equity Scheme - Large Cap Fund,04-05-2022,52.71600
118632,Nippon India Large Cap Fund - Direct Plan Growth Plan - Growth Option,Nippon India Mutual Fund,Open Ended Schemes,Equity Scheme - Large Cap Fund,02-05-2022,53.98040
118632,Nippon India Large Cap Fund - Direct Plan Growth Plan - Growth Option,Nippon India Mutual Fund,Open Ended Schemes,Equity Scheme - Large Cap Fund,29-04-2022,54.03450
118632,Nippon India Large Cap Fund - Direct Plan Growth Plan - Growth Option,Nippon India Mutual Fund,Open Ended Schemes,Equity Scheme - Large Cap Fund,28-04-2022,54.44900
118632,Nippon India Large Cap Fund - Direct Plan Growth Plan - Growth Option,Nippon India Mutual Fund,Open Ended Schemes,Equity Scheme - Large Cap Fund,27-04-2022,53.75660
118632,Nippon India Large Cap Fund - Direct Plan Growth Plan - Growth Option,Nippon India Mutual Fund,Open Ended Schemes,Equity Scheme - Large Cap Fund,26-04-2022,54.14080
118632,Nippon India Large Cap Fund - Direct Plan Growth Plan - Growth Option,Nippon India Mutual Fund,Open Ended Schemes,Equity Scheme - Large Cap Fund,25-04-2022,53.43280
118632,Nippon India Large Cap Fund - Direct Plan Growth Plan - Growth Option,Nippon India Mutual Fund,Open Ended Schemes,Equity Scheme - Large Cap Fund,22-04-2022,54.24670
118632,Nippon India Large Cap Fund - Direct Plan Growth Plan - Growth Option,Nippon India Mutual Fund,Open Ended Schemes,Equity Scheme - Large Cap Fund,21-04-2022,54.81440
118632,Nippon India Large Cap Fund - Direct Plan Growth Plan - Growth Option,Nippon India Mutual Fund,Open Ended Schemes,Equity Scheme - Large Cap Fund,20-04-2022,54.11330
118632,Nippon India Large Cap Fund - Direct Plan Growth Plan - Growth Option,Nippon India Mutual Fund,Open Ended Schemes,Equity Scheme - Large Cap Fund,19-04-2022,53.90440
118632,Nippon India Large Cap Fund - Direct Plan Growth Plan - Growth Option,Nippon India Mutual Fund,Open Ended Schemes,Equity Scheme - Large Cap Fund,18-04-2022,54.70580
118632,Nippon India Large Cap Fund - Direct Plan Growth Plan - Growth Option,Nippon India Mutual Fund,Open Ended Schemes,Equity Scheme - Large Cap Fund,13-04-2022,55.63300
118632,Nippon India Large Cap Fund - Direct Plan Growth Plan - Growth Option,Nippon India Mutual Fund,Open Ended Schemes,Equity Scheme - Large Cap Fund,12-04-2022,55.67510
118632,Nippon India Large Cap Fund - Direct Plan Growth Plan - Growth Option,Nippon India Mutual Fund,Open Ended Schemes,Equity Scheme - Large Cap Fund,11-04-2022,56.21160
118632,Nippon India Large Cap Fund - Direct Plan Growth Plan - Growth Option,Nippon India Mutual Fund,Open Ended Schemes,Equity Scheme - Large Cap Fund,08-04-2022,56.56180
118632,Nippon India Large Cap Fund - Direct Plan Growth Plan - Growth Option,Nippon India Mutual Fund,Open Ended Schemes,Equity Scheme - Large Cap Fund,07-04-2022,56.10150
118632,Nippon India Large Cap Fund - Direct Plan Growth Plan - Growth Option,Nippon India Mutual Fund,Open Ended Schemes,Equity Scheme - Large Cap Fund,06-04-2022,56.46940
118632,Nippon India Large Cap Fund - Direct Plan Growth Plan - Growth Option,Nippon India Mutual Fund,Open Ended Schemes,Equity Scheme - Large Cap Fund,05-04-2022,56.58480
118632,Nippon India Large Cap Fund - Direct Plan Growth Plan - Growth Option,Nippon India Mutual Fund,Open Ended Schemes,Equity Scheme - Large Cap Fund,04-04-2022,56.83260
118632,Nippon India Large Cap Fund - Direct Plan Growth Plan - Growth Option,Nippon India Mutual Fund,Open Ended Schemes,Equity Scheme - Large Cap Fund,01-04-2022,55.71510
118632,Nippon India Large Cap Fund - Direct Plan Growth Plan - Growth Option,Nippon India Mutual Fund,Open Ended Schemes,Equity Scheme - Large Cap Fund,31-03-2022,54.95900
118632,Nippon India Large Cap Fund - Direct Plan Growth Plan - Growth Option,Nippon India Mutual Fund,Open Ended Schemes,Equity Scheme - Large Cap Fund,30-03-2022,55.02120
118632,Nippon India Large Cap Fund - Direct Plan Growth Plan - Growth Option,Nippon India Mutual Fund,Open Ended Schemes,Equity Scheme - Large Cap Fund,29-03-2022,54.52270
118632,Nippon India Large Cap Fund - Direct Plan Growth Plan - Growth Option,Nippon India Mutual Fund,Open Ended Schemes,Equity Scheme - Large Cap Fund,28-03-2022,54.10120
118632,Nippon India Large Cap Fund - Direct Plan Growth Plan - Growth Option,Nippon India Mutual Fund,Open Ended Schemes,Equity Scheme - Large Cap Fund,25-03-2022,53.82670
118632,Nippon India Large Cap Fund - Direct Plan Growth Plan - Growth Option,Nippon India Mutual Fund,Open Ended Schemes,Equity Scheme - Large Cap Fund,24-03-2022,53.93040
118632,Nippon India Large Cap Fund - Direct Plan Growth Plan - Growth Option,Nippon India Mutual Fund,Open Ended Schemes,Equity Scheme - Large Cap Fund,23-03-2022,53.95230
118632,Nippon India Large Cap Fund - Direct Plan Growth Plan - Growth Option,Nippon India Mutual Fund,Open Ended Schemes,Equity Scheme - Large Cap Fund,22-03-2022,53.97730
118632,Nippon India Large Cap Fund - Direct Plan Growth Plan - Growth Option,Nippon India Mutual Fund,Open Ended Schemes,Equity Scheme - Large Cap Fund,21-03-2022,53.36530
118632,Nippon India Large Cap Fund - Direct Plan Growth Plan - Growth Option,Nippon India Mutual Fund,Open Ended Schemes,Equity Scheme - Large Cap Fund,17-03-2022,53.90740
118632,Nippon India Large Cap Fund - Direct Plan Growth Plan - Growth Option,Nippon India Mutual Fund,Open Ended Schemes,Equity Scheme - Large Cap Fund,16-03-2022,53.15440
118632,Nippon India Large Cap Fund - Direct Plan Growth Plan - Growth Option,Nippon India Mutual Fund,Open Ended Schemes,Equity Scheme - Large Cap Fund,15-03-2022,52.17630
118632,Nippon India Large Cap Fund - Direct Plan Growth Plan - Growth Option,Nippon India Mutual Fund,Open Ended Schemes,Equity Scheme - Large Cap Fund,14-03-2022,52.66590
118632,Nippon India Large Cap Fund - Direct Plan Growth Plan - Growth Option,Nippon India Mutual Fund,Open Ended Schemes,Equity Scheme - Large Cap Fund,11-03-2022,51.91610
118632,Nippon India Large Cap Fund - Direct Plan Growth Plan - Growth Option,Nippon India Mutual Fund,Open Ended Schemes,Equity Scheme - Large Cap Fund,10-03-2022,51.76750
118632,Nippon India Large Cap Fund - Direct Plan Growth Plan - Growth Option,Nippon India Mutual Fund,Open Ended Schemes,Equity Scheme - Large Cap Fund,09-03-2022,51.16260
118632,Nippon India Large Cap Fund - Direct Plan Growth Plan - Growth Option,Nippon India Mutual Fund,Open Ended Schemes,Equity Scheme - Large Cap Fund,08-03-2022,50.10750
118632,Nippon India Large Cap Fund - Direct Plan Growth Plan - Growth Option,Nippon India Mutual Fund,Open Ended Schemes,Equity Scheme - Large Cap Fund,07-03-2022,49.41980
118632,Nippon India Large Cap Fund - Direct Plan Growth Plan - Growth Option,Nippon India Mutual Fund,Open Ended Schemes,Equity Scheme - Large Cap Fund,04-03-2022,50.52310
118632,Nippon India Large Cap Fund - Direct Plan Growth Plan - Growth Option,Nippon India Mutual Fund,Open Ended Schemes,Equity Scheme - Large Cap Fund,03-03-2022,51.25700
118632,Nippon India Large Cap Fund - Direct Plan Growth Plan - Growth Option,Nippon India Mutual Fund,Open Ended Schemes,Equity Scheme - Large Cap Fund,02-03-2022,51.49790
118632,Nippon India Large Cap Fund - Direct Plan Growth Plan - Growth Option,Nippon India Mutual Fund,Open Ended Schemes,Equity Scheme - Large Cap Fund,28-02-2022,52.12610
118632,Nippon India Large Cap Fund - Direct Plan Growth Plan - Growth Option,Nippon India Mutual Fund,Open Ended Schemes,Equity Scheme - Large Cap Fund,25-02-2022,51.92450
118632,Nippon India Large Cap Fund - Direct Plan Growth Plan - Growth Option,Nippon India Mutual Fund,Open Ended Schemes,Equity Scheme - Large Cap Fund,24-02-2022,50.51030
118632,Nippon India Large Cap Fund - Direct Plan Growth Plan - Growth Option,Nippon India Mutual Fund,Open Ended Schemes,Equity Scheme - Large Cap Fund,23-02-2022,53.11290
118632,Nippon India Large Cap Fund - Direct Plan Growth Plan - Growth Option,Nippon India Mutual Fund,Open Ended Schemes,Equity Scheme - Large Cap Fund,22-02-2022,53.18450
118632,Nippon India Large Cap Fund - Direct Plan Growth Plan - Growth Option,Nippon India Mutual Fund,Open Ended Schemes,Equity Scheme - Large Cap Fund,21-02-2022,53.74330
118632,Nippon India Large Cap Fund - Direct Plan Growth Plan - Growth Option,Nippon India Mutual Fund,Open Ended Schemes,Equity Scheme - Large Cap Fund,18-02-2022,53.95360
118632,Nippon India Large Cap Fund - Direct Plan Growth Plan - Growth Option,Nippon India Mutual Fund,Open Ended Schemes,Equity Scheme - Large Cap Fund,17-02-2022,54.05680
118632,Nippon India Large Cap Fund - Direct Plan Growth Plan - Growth Option,Nippon India Mutual Fund,Open Ended Schemes,Equity Scheme - Large Cap Fund,16-02-2022,54.12800
118632,Nippon India Large Cap Fund - Direct Plan Growth Plan - Growth Option,Nippon India Mutual Fund,Open Ended Schemes,Equity Scheme - Large Cap Fund,15-02-2022,54.24580
118632,Nippon India Large Cap Fund - Direct Plan Growth Plan - Growth Option,Nippon India Mutual Fund,Open Ended Schemes,Equity Scheme - Large Cap Fund,14-02-2022,52.66860
118632,Nippon India Large Cap Fund - Direct Plan Growth Plan - Growth Option,Nippon India Mutual Fund,Open Ended Schemes,Equity Scheme - Large Cap Fund,11-02-2022,54.59170
118632,Nippon India Large Cap Fund - Direct Plan Growth Plan - Growth Option,Nippon India Mutual Fund,Open Ended Schemes,Equity Scheme - Large Cap Fund,10-02-2022,55.41490
118632,Nippon India Large Cap Fund - Direct Plan Growth Plan - Growth Option,Nippon India Mutual Fund,Open Ended Schemes,Equity Scheme - Large Cap Fund,09-02-2022,55.04120
118632,Nippon India Large Cap Fund - Direct Plan Growth Plan - Growth Option,Nippon India Mutual Fund,Open Ended Schemes,Equity Scheme - Large Cap Fund,08-02-2022,54.50860
118632,Nippon India Large Cap Fund - Direct Plan Growth Plan - Growth Option,Nippon India Mutual Fund,Open Ended Schemes,Equity Scheme - Large Cap Fund,07-02-2022,54.50470
118632,Nippon India Large Cap Fund - Direct Plan Growth Plan - Growth Option,Nippon India Mutual Fund,Open Ended Schemes,Equity Scheme - Large Cap Fund,04-02-2022,55.29950
118632,Nippon India Large Cap Fund - Direct Plan Growth Plan - Growth Option,Nippon India Mutual Fund,Open Ended Schemes,Equity Scheme - Large Cap Fund,03-02-2022,55.54400
118632,Nippon India Large Cap Fund - Direct Plan Growth Plan - Growth Option,Nippon India Mutual Fund,Open Ended Schemes,Equity Scheme - Large Cap Fund,02-02-2022,56.00010
118632,Nippon India Large Cap Fund - Direct Plan Growth Plan - Growth Option,Nippon India Mutual Fund,Open Ended Schemes,Equity Scheme - Large Cap Fund,01-02-2022,55.37350
118632,Nippon India Large Cap Fund - Direct Plan Growth Plan - Growth Option,Nippon India Mutual Fund,Open Ended Schemes,Equity Scheme - Large Cap Fund,31-01-2022,54.74580
118632,Nippon India Large Cap Fund - Direct Plan Growth Plan - Growth Option,Nippon India Mutual Fund,Open Ended Schemes,Equity Scheme - Large Cap Fund,28-01-2022,53.77490
118632,Nippon India Large Cap Fund - Direct Plan Growth Plan - Growth Option,Nippon India Mutual Fund,Open Ended Schemes,Equity Scheme - Large Cap Fund,27-01-2022,53.70110
118632,Nippon India Large Cap Fund - Direct Plan Growth Plan - Growth Option,Nippon India Mutual Fund,Open Ended Schemes,Equity Scheme - Large Cap Fund,25-01-2022,54.05770
118632,Nippon India Large Cap Fund - Direct Plan Growth Plan - Growth Option,Nippon India Mutual Fund,Open Ended Schemes,Equity Scheme - Large Cap Fund,24-01-2022,53.14660
118632,Nippon India Large Cap Fund - Direct Plan Growth Plan - Growth Option,Nippon India Mutual Fund,Open Ended Schemes,Equity Scheme - Large Cap Fund,21-01-2022,54.65600
118632,Nippon India Large Cap Fund - Direct Plan Growth Plan - Growth Option,Nippon India Mutual Fund,Open Ended Schemes,Equity Scheme - Large Cap Fund,20-01-2022,55.24120
118632,Nippon India Large Cap Fund - Direct Plan Growth Plan - Growth Option,Nippon India Mutual Fund,Open Ended Schemes,Equity Scheme - Large Cap Fund,19-01-2022,55.61330
118632,Nippon India Large Cap Fund - Direct Plan Growth Plan - Growth Option,Nippon India Mutual Fund,Open Ended Schemes,Equity Scheme - Large Cap Fund,18-01-2022,55.91550
118632,Nippon India Large Cap Fund - Direct Plan Growth Plan - Growth Option,Nippon India Mutual Fund,Open Ended Schemes,Equity Scheme - Large Cap Fund,17-01-2022,56.55810
118632,Nippon India Large Cap Fund - Direct Plan Growth Plan - Growth Option,Nippon India Mutual Fund,Open Ended Schemes,Equity Scheme - Large Cap Fund,14-01-2022,56.62800
118632,Nippon India Large Cap Fund - Direct Plan Growth Plan - Growth Option,Nippon India Mutual Fund,Open Ended Schemes,Equity Scheme - Large Cap Fund,13-01-2022,56.55210
118632,Nippon India Large Cap Fund - Direct Plan Growth Plan - Growth Option,Nippon India Mutual Fund,Open Ended Schemes,Equity Scheme - Large Cap Fund,12-01-2022,56.42000
118632,Nippon India Large Cap Fund - Direct Plan Growth Plan - Growth Option,Nippon India Mutual Fund,Open Ended Schemes,Equity Scheme - Large Cap Fund,11-01-2022,55.77810
118632,Nippon India Large Cap Fund - Direct Plan Growth Plan - Growth Option,Nippon India Mutual Fund,Open Ended Schemes,Equity Scheme - Large Cap Fund,10-01-2022,55.54180
118632,Nippon India Large Cap Fund - Direct Plan Growth Plan - Growth Option,Nippon India Mutual Fund,Open Ended Schemes,Equity Scheme - Large Cap Fund,07-01-2022,54.88750
118632,Nippon India Large Cap Fund - Direct Plan Growth Plan - Growth Option,Nippon India Mutual Fund,Open Ended Schemes,Equity Scheme - Large Cap Fund,06-01-2022,54.83310
118632,Nippon India Large Cap Fund - Direct Plan Growth Plan - Growth Option,Nippon India Mutual Fund,Open Ended Schemes,Equity Scheme - Large Cap Fund,05-01-2022,55.14800
118632,Nippon India Large Cap Fund - Direct Plan Growth Plan - Growth Option,Nippon India Mutual Fund,Open Ended Schemes,Equity Scheme - Large Cap Fund,04-01-2022,54.91540
118632,Nippon India Large Cap Fund - Direct Plan Growth Plan - Growth Option,Nippon India Mutual Fund,Open Ended Schemes,Equity Scheme - Large Cap Fund,03-01-2022,54.39910
118632,Nippon India Large Cap Fund - Direct Plan Growth Plan - Growth Option,Nippon India Mutual Fund,Open Ended Schemes,Equity Scheme - Large Cap Fund,31-12-2021,53.61050
118632,Nippon India Large Cap Fund - Direct Plan Growth Plan - Growth Option,Nippon India Mutual Fund,Open Ended Schemes,Equity Scheme - Large Cap Fund,30-12-2021,53.10150
118632,Nippon India Large Cap Fund - Direct Plan Growth Plan - Growth Option,Nippon India Mutual Fund,Open Ended Schemes,Equity Scheme - Large Cap Fund,29-12-2021,53.13470
118632,Nippon India Large Cap Fund - Direct Plan Growth Plan - Growth Option,Nippon India Mutual Fund,Open Ended Schemes,Equity Scheme - Large Cap Fund,28-12-2021,53.24260
118632,Nippon India Large Cap Fund - Direct Plan Growth Plan - Growth Option,Nippon India Mutual Fund,Open Ended Schemes,Equity Scheme - Large Cap Fund,27-12-2021,52.70890
118632,Nippon India Large Cap Fund - Direct Plan Growth Plan - Growth Option,Nippon India Mutual Fund,Open Ended Schemes,Equity Scheme - Large Cap Fund,24-12-2021,52.58800
118632,Nippon India Large Cap Fund - Direct Plan Growth Plan - Growth Option,Nippon India Mutual Fund,Open Ended Schemes,Equity Scheme - Large Cap Fund,23-12-2021,52.83440
118632,Nippon India Large Cap Fund - Direct Plan Growth Plan - Growth Option,Nippon India Mutual Fund,Open Ended Schemes,Equity Scheme - Large Cap Fund,22-12-2021,52.59140
118632,Nippon India Large Cap Fund - Direct Plan Growth Plan - Growth Option,Nippon India Mutual Fund,Open Ended Schemes,Equity Scheme - Large Cap Fund,21-12-2021,51.96210
118632,Nippon India Large Cap Fund - Direct Plan Growth Plan - Growth Option,Nippon India Mutual Fund,Open Ended Schemes,Equity Scheme - Large Cap Fund,20-12-2021,51.41840
118632,Nippon India Large Cap Fund - Direct Plan Growth Plan - Growth Option,Nippon India Mutual Fund,Open Ended Schemes,Equity Scheme - Large Cap Fund,17-12-2021,52.75350
118632,Nippon India Large Cap Fund - Direct Plan Growth Plan - Growth Option,Nippon India Mutual Fund,Open Ended Schemes,Equity Scheme - Large Cap Fund,16-12-2021,53.68260
118632,Nippon India Large Cap Fund - Direct Plan Growth Plan - Growth Option,Nippon India Mutual Fund,Open Ended Schemes,Equity Scheme - Large Cap Fund,15-12-2021,53.81860
118632,Nippon India Large Cap Fund - Direct Plan Growth Plan - Growth Option,Nippon India Mutual Fund,Open Ended Schemes,Equity Scheme - Large Cap Fund,14-12-2021,54.10710
118632,Nippon India Large Cap Fund - Direct Plan Growth Plan - Growth Option,Nippon India Mutual Fund,Open Ended Schemes,Equity Scheme - Large Cap Fund,13-12-2021,54.28160
118632,Nippon India Large Cap Fund - Direct Plan Growth Plan - Growth Option,Nippon India Mutual Fund,Open Ended Schemes,Equity Scheme - Large Cap Fund,10-12-2021,54.56160
118632,Nippon India Large Cap Fund - Direct Plan Growth Plan - Growth Option,Nippon India Mutual Fund,Open Ended Schemes,Equity Scheme - Large Cap Fund,09-12-2021,54.55850
118632,Nippon India Large Cap Fund - Direct Plan Growth Plan - Growth Option,Nippon India Mutual Fund,Open Ended Schemes,Equity Scheme - Large Cap Fund,08-12-2021,54.38110
118632,Nippon India Large Cap Fund - Direct Plan Growth Plan - Growth Option,Nippon India Mutual Fund,Open Ended Schemes,Equity Scheme - Large Cap Fund,07-12-2021,53.42810
118632,Nippon India Large Cap Fund - Direct Plan Growth Plan - Growth Option,Nippon India Mutual Fund,Open Ended Schemes,Equity Scheme - Large Cap Fund,06-12-2021,52.56570
118632,Nippon India Large Cap Fund - Direct Plan Growth Plan - Growth Option,Nippon India Mutual Fund,Open Ended Schemes,Equity Scheme - Large Cap Fund,03-12-2021,53.39900
118632,Nippon India Large Cap Fund - Direct Plan Growth Plan - Growth Option,Nippon India Mutual Fund,Open Ended Schemes,Equity Scheme - Large Cap Fund,02-12-2021,53.76380
118632,Nippon India Large Cap Fund - Direct Plan Growth Plan - Growth Option,Nippon India Mutual Fund,Open Ended Schemes,Equity Scheme - Large Cap Fund,01-12-2021,53.22620
118632,Nippon India Large Cap Fund - Direct Plan Growth Plan - Growth Option,Nippon India Mutual Fund,Open Ended Schemes,Equity Scheme - Large Cap Fund,30-11-2021,52.61690
118632,Nippon India Large Cap Fund - Direct Plan Growth Plan - Growth Option,Nippon India Mutual Fund,Open Ended Schemes,Equity Scheme - Large Cap Fund,29-11-2021,52.74080
118632,Nippon India Large Cap Fund - Direct Plan Growth Plan - Growth Option,Nippon India Mutual Fund,Open Ended Schemes,Equity Scheme - Large Cap Fund,26-11-2021,52.95810
118632,Nippon India Large Cap Fund - Direct Plan Growth Plan - Growth Option,Nippon India Mutual Fund,Open Ended Schemes,Equity Scheme - Large Cap Fund,25-11-2021,54.86380
118632,Nippon India Large Cap Fund - Direct Plan Growth Plan - Growth Option,Nippon India Mutual Fund,Open Ended Schemes,Equity Scheme - Large Cap Fund,24-11-2021,54.58540
118632,Nippon India Large Cap Fund - Direct Plan Growth Plan - Growth Option,Nippon India Mutual Fund,Open Ended Schemes,Equity Scheme - Large Cap Fund,23-11-2021,54.70640
118632,Nippon India Large Cap Fund - Direct Plan Growth Plan - Growth Option,Nippon India Mutual Fund,Open Ended Schemes,Equity Scheme - Large Cap Fund,22-11-2021,54.04950
118632,Nippon India Large Cap Fund - Direct Plan Growth Plan - Growth Option,Nippon India Mutual Fund,Open Ended Schemes,Equity Scheme - Large Cap Fund,18-11-2021,55.19570
118632,Nippon India Large Cap Fund - Direct Plan Growth Plan - Growth Option,Nippon India Mutual Fund,Open Ended Schemes,Equity Scheme - Large Cap Fund,17-11-2021,55.78980
118632,Nippon India Large Cap Fund - Direct Plan Growth Plan - Growth Option,Nippon India Mutual Fund,Open Ended Schemes,Equity Scheme - Large Cap Fund,16-11-2021,56.04450
118632,Nippon India Large Cap Fund - Direct Plan Growth Plan - Growth Option,Nippon India Mutual Fund,Open Ended Schemes,Equity Scheme - Large Cap Fund,15-11-2021,56.52210
118632,Nippon India Large Cap Fund - Direct Plan Growth Plan - Growth Option,Nippon India Mutual Fund,Open Ended Schemes,Equity Scheme - Large Cap Fund,12-11-2021,56.65460
118632,Nippon India Large Cap Fund - Direct Plan Growth Plan - Growth Option,Nippon India Mutual Fund,Open Ended Schemes,Equity Scheme - Large Cap Fund,11-11-2021,56.03980
118632,Nippon India Large Cap Fund - Direct Plan Growth Plan - Growth Option,Nippon India Mutual Fund,Open Ended Schemes,Equity Scheme - Large Cap Fund,10-11-2021,56.47310
118632,Nippon India Large Cap Fund - Direct Plan Growth Plan - Growth Option,Nippon India Mutual Fund,Open Ended Schemes,Equity Scheme - Large Cap Fund,09-11-2021,56.55420
118632,Nippon India Large Cap Fund - Direct Plan Growth Plan - Growth Option,Nippon India Mutual Fund,Open Ended Schemes,Equity Scheme - Large Cap Fund,08-11-2021,56.38170
118632,Nippon India Large Cap Fund - Direct Plan Growth Plan - Growth Option,Nippon India Mutual Fund,Open Ended Schemes,Equity Scheme - Large Cap Fund,03-11-2021,55.57280
118632,Nippon India Large Cap Fund - Direct Plan Growth Plan - Growth Option,Nippon India Mutual Fund,Open Ended Schemes,Equity Scheme - Large Cap Fund,02-11-2021,55.70950
118632,Nippon India Large Cap Fund - Direct Plan Growth Plan - Growth Option,Nippon India Mutual Fund,Open Ended Schemes,Equity Scheme - Large Cap Fund,01-11-2021,55.64640
118632,Nippon India Large Cap Fund - Direct Plan Growth Plan - Growth Option,Nippon India Mutual Fund,Open Ended Schemes,Equity Scheme - Large Cap Fund,29-10-2021,54.54790
118632,Nippon India Large Cap Fund - Direct Plan Growth Plan - Growth Option,Nippon India Mutual Fund,Open Ended Schemes,Equity Scheme - Large Cap Fund,28-10-2021,55.06760
118632,Nippon India Large Cap Fund - Direct Plan Growth Plan - Growth Option,Nippon India Mutual Fund,Open Ended Schemes,Equity Scheme - Large Cap Fund,27-10-2021,56.19180
118632,Nippon India Large Cap Fund - Direct Plan Growth Plan - Growth Option,Nippon India Mutual Fund,Open Ended Schemes,Equity Scheme - Large Cap Fund,26-10-2021,56.31500
118632,Nippon India Large Cap Fund - Direct Plan Growth Plan - Growth Option,Nippon India Mutual Fund,Open Ended Schemes,Equity Scheme - Large Cap Fund,25-10-2021,55.90120
118632,Nippon India Large Cap Fund - Direct Plan Growth Plan - Growth Option,Nippon India Mutual Fund,Open Ended Schemes,Equity Scheme - Large Cap Fund,22-10-2021,55.93660
118632,Nippon India Large Cap Fund - Direct Plan Growth Plan - Growth Option,Nippon India Mutual Fund,Open Ended Schemes,Equity Scheme - Large Cap Fund,21-10-2021,56.20270
118632,Nippon India Large Cap Fund - Direct Plan Growth Plan - Growth Option,Nippon India Mutual Fund,Open Ended Schemes,Equity Scheme - Large Cap Fund,20-10-2021,56.34760
118632,Nippon India Large Cap Fund - Direct Plan Growth Plan - Growth Option,Nippon India Mutual Fund,Open Ended Schemes,Equity Scheme - Large Cap Fund,19-10-2021,56.49370
118632,Nippon India Large Cap Fund - Direct Plan Growth Plan - Growth Option,Nippon India Mutual Fund,Open Ended Schemes,Equity Scheme - Large Cap Fund,18-10-2021,57.04700
118632,Nippon India Large Cap Fund - Direct Plan Growth Plan - Growth Option,Nippon India Mutual Fund,Open Ended Schemes,Equity Scheme - Large Cap Fund,14-10-2021,56.86220
118632,Nippon India Large Cap Fund - Direct Plan Growth Plan - Growth Option,Nippon India Mutual Fund,Open Ended Schemes,Equity Scheme - Large Cap Fund,13-10-2021,56.27550
118632,Nippon India Large Cap Fund - Direct Plan Growth Plan - Growth Option,Nippon India Mutual Fund,Open Ended Schemes,Equity Scheme - Large Cap Fund,12-10-2021,55.70140
118632,Nippon India Large Cap Fund - Direct Plan Growth Plan - Growth Option,Nippon India Mutual Fund,Open Ended Schemes,Equity Scheme - Large Cap Fund,11-10-2021,55.65080
118632,Nippon India Large Cap Fund - Direct Plan Growth Plan - Growth Option,Nippon India Mutual Fund,Open Ended Schemes,Equity Scheme - Large Cap Fund,08-10-2021,55.33130
118632,Nippon India Large Cap Fund - Direct Plan Growth Plan - Growth Option,Nippon India Mutual Fund,Open Ended Schemes,Equity Scheme - Large Cap Fund,07-10-2021,55.10580
118632,Nippon India Large Cap Fund - Direct Plan Growth Plan - Growth Option,Nippon India Mutual Fund,Open Ended Schemes,Equity Scheme - Large Cap Fund,06-10-2021,54.56930
118632,Nippon India Large Cap Fund - Direct Plan Growth Plan - Growth Option,Nippon India Mutual Fund,Open Ended Schemes,Equity Scheme - Large Cap Fund,05-10-2021,55.24620
118632,Nippon India Large Cap Fund - Direct Plan Growth Plan - Growth Option,Nippon India Mutual Fund,Open Ended Schemes,Equity Scheme - Large Cap Fund,04-10-2021,54.75660
118632,Nippon India Large Cap Fund - Direct Plan Growth Plan - Growth Option,Nippon India Mutual Fund,Open Ended Schemes,Equity Scheme - Large Cap Fund,01-10-2021,53.99890
118632,Nippon India Large Cap Fund - Direct Plan Growth Plan - Growth Option,Nippon India Mutual Fund,Open Ended Schemes,Equity Scheme - Large Cap Fund,30-09-2021,54.23000
118632,Nippon India Large Cap Fund - Direct Plan Growth Plan - Growth Option,Nippon India Mutual Fund,Open Ended Schemes,Equity Scheme - Large Cap Fund,29-09-2021,54.34900
118632,Nippon India Large Cap Fund - Direct Plan Growth Plan - Growth Option,Nippon India Mutual Fund,Open Ended Schemes,Equity Scheme - Large Cap Fund,28-09-2021,54.13760
118632,Nippon India Large Cap Fund - Direct Plan Growth Plan - Growth Option,Nippon India Mutual Fund,Open Ended Schemes,Equity Scheme - Large Cap Fund,27-09-2021,54.58390
118632,Nippon India Large Cap Fund - Direct Plan Growth Plan - Growth Option,Nippon India Mutual Fund,Open Ended Schemes,Equity Scheme - Large Cap Fund,24-09-2021,54.46810
118632,Nippon India Large Cap Fund - Direct Plan Growth Plan - Growth Option,Nippon India Mutual Fund,Open Ended Schemes,Equity Scheme - Large Cap Fund,23-09-2021,54.59140
118632,Nippon India Large Cap Fund - Direct Plan Growth Plan - Growth Option,Nippon India Mutual Fund,Open Ended Schemes,Equity Scheme - Large Cap Fund,22-09-2021,53.84150
118632,Nippon India Large Cap Fund - Direct Plan Growth Plan - Growth Option,Nippon India Mutual Fund,Open Ended Schemes,Equity Scheme - Large Cap Fund,21-09-2021,53.58570
118632,Nippon India Large Cap Fund - Direct Plan Growth Plan - Growth Option,Nippon India Mutual Fund,Open Ended Schemes,Equity Scheme - Large Cap Fund,20-09-2021,53.14630
118632,Nippon India Large Cap Fund - Direct Plan Growth Plan - Growth Option,Nippon India Mutual Fund,Open Ended Schemes,Equity Scheme - Large Cap Fund,17-09-2021,53.71790
118632,Nippon India Large Cap Fund - Direct Plan Growth Plan - Growth Option,Nippon India Mutual Fund,Open Ended Schemes,Equity Scheme - Large Cap Fund,16-09-2021,54.06560
118632,Nippon India Large Cap Fund - Direct Plan Growth Plan - Growth Option,Nippon India Mutual Fund,Open Ended Schemes,Equity Scheme - Large Cap Fund,15-09-2021,53.71010
118632,Nippon India Large Cap Fund - Direct Plan Growth Plan - Growth Option,Nippon India Mutual Fund,Open Ended Schemes,Equity Scheme - Large Cap Fund,14-09-2021,53.02320
118632,Nippon India Large Cap Fund - Direct Plan Growth Plan - Growth Option,Nippon India Mutual Fund,Open Ended Schemes,Equity Scheme - Large Cap Fund,13-09-2021,52.89520
118632,Nippon India Large Cap Fund - Direct Plan Growth Plan - Growth Option,Nippon India Mutual Fund,Open Ended Schemes,Equity Scheme - Large Cap Fund,09-09-2021,52.93060
118632,Nippon India Large Cap Fund - Direct Plan Growth Plan - Growth Option,Nippon India Mutual Fund,Open Ended Schemes,Equity Scheme - Large Cap Fund,08-09-2021,52.69580
118632,Nippon India Large Cap Fund - Direct Plan Growth Plan - Growth Option,Nippon India Mutual Fund,Open Ended Schemes,Equity Scheme - Large Cap Fund,07-09-2021,52.62170
118632,Nippon India Large Cap Fund - Direct Plan Growth Plan - Growth Option,Nippon India Mutual Fund,Open Ended Schemes,Equity Scheme - Large Cap Fund,06-09-2021,52.67460
118632,Nippon India Large Cap Fund - Direct Plan Growth Plan - Growth Option,Nippon India Mutual Fund,Open Ended Schemes,Equity Scheme - Large Cap Fund,03-09-2021,52.62630
118632,Nippon India Large Cap Fund - Direct Plan Growth Plan - Growth Option,Nippon India Mutual Fund,Open Ended Schemes,Equity Scheme - Large Cap Fund,02-09-2021,52.49570
118632,Nippon India Large Cap Fund - Direct Plan Growth Plan - Growth Option,Nippon India Mutual Fund,Open Ended Schemes,Equity Scheme - Large Cap Fund,01-09-2021,52.06830
118632,Nippon India Large Cap Fund - Direct Plan Growth Plan - Growth Option,Nippon India Mutual Fund,Open Ended Schemes,Equity Scheme - Large Cap Fund,31-08-2021,52.08160
118632,Nippon India Large Cap Fund - Direct Plan Growth Plan - Growth Option,Nippon India Mutual Fund,Open Ended Schemes,Equity Scheme - Large Cap Fund,30-08-2021,51.42780
118632,Nippon India Large Cap Fund - Direct Plan Growth Plan - Growth Option,Nippon India Mutual Fund,Open Ended Schemes,Equity Scheme - Large Cap Fund,27-08-2021,50.65950
118632,Nippon India Large Cap Fund - Direct Plan Growth Plan - Growth Option,Nippon India Mutual Fund,Open Ended Schemes,Equity Scheme - Large Cap Fund,26-08-2021,50.35020
118632,Nippon India Large Cap Fund - Direct Plan Growth Plan - Growth Option,Nippon India Mutual Fund,Open Ended Schemes,Equity Scheme - Large Cap Fund,25-08-2021,50.39780
118632,Nippon India Large Cap Fund - Direct Plan Growth Plan - Growth Option,Nippon India Mutual Fund,Open Ended Schemes,Equity Scheme - Large Cap Fund,24-08-2021,50.28080
118632,Nippon India Large Cap Fund - Direct Plan Growth Plan - Growth Option,Nippon India Mutual Fund,Open Ended Schemes,Equity Scheme - Large Cap Fund,23-08-2021,49.83300
118632,Nippon India Large Cap Fund - Direct Plan Growth Plan - Growth Option,Nippon India Mutual Fund,Open Ended Schemes,Equity Scheme - Large Cap Fund,20-08-2021,49.69610
118632,Nippon India Large Cap Fund - Direct Plan Growth Plan - Growth Option,Nippon India Mutual Fund,Open Ended Schemes,Equity Scheme - Large Cap Fund,18-08-2021,50.33970
118632,Nippon India Large Cap Fund - Direct Plan Growth Plan - Growth Option,Nippon India Mutual Fund,Open Ended Schemes,Equity Scheme - Large Cap Fund,17-08-2021,50.50740
118632,Nippon India Large Cap Fund - Direct Plan Growth Plan - Growth Option,Nippon India Mutual Fund,Open Ended Schemes,Equity Scheme - Large Cap Fund,16-08-2021,50.51760
118632,Nippon India Large Cap Fund - Direct Plan Growth Plan - Growth Option,Nippon India Mutual Fund,Open Ended Schemes,Equity Scheme - Large Cap Fund,13-08-2021,50.45980
118632,Nippon India Large Cap Fund - Direct Plan Growth Plan - Growth Option,Nippon India Mutual Fund,Open Ended Schemes,Equity Scheme - Large Cap Fund,12-08-2021,49.98210
118632,Nippon India Large Cap Fund - Direct Plan Growth Plan - Growth Option,Nippon India Mutual Fund,Open Ended Schemes,Equity Scheme - Large Cap Fund,11-08-2021,49.60930
118632,Nippon India Large Cap Fund - Direct Plan Growth Plan - Growth Option,Nippon India Mutual Fund,Open Ended Schemes,Equity Scheme - Large Cap Fund,10-08-2021,49.46440
118632,Nippon India Large Cap Fund - Direct Plan Growth Plan - Growth Option,Nippon India Mutual Fund,Open Ended Schemes,Equity Scheme - Large Cap Fund,09-08-2021,49.52660
118632,Nippon India Large Cap Fund - Direct Plan Growth Plan - Growth Option,Nippon India Mutual Fund,Open Ended Schemes,Equity Scheme - Large Cap Fund,06-08-2021,49.63750
118632,Nippon India Large Cap Fund - Direct Plan Growth Plan - Growth Option,Nippon India Mutual Fund,Open Ended Schemes,Equity Scheme - Large Cap Fund,05-08-2021,49.85860
118632,Nippon India Large Cap Fund - Direct Plan Growth Plan - Growth Option,Nippon India Mutual Fund,Open Ended Schemes,Equity Scheme - Large Cap Fund,04-08-2021,49.78870
118632,Nippon India Large Cap Fund - Direct Plan Growth Plan - Growth Option,Nippon India Mutual Fund,Open Ended Schemes,Equity Scheme - Large Cap Fund,03-08-2021,49.58360
118632,Nippon India Large Cap Fund - Direct Plan Growth Plan - Growth Option,Nippon India Mutual Fund,Open Ended Schemes,Equity Scheme - Large Cap Fund,02-08-2021,48.88430
118632,Nippon India Large Cap Fund - Direct Plan Growth Plan - Growth Option,Nippon India Mutual Fund,Open Ended Schemes,Equity Scheme - Large Cap Fund,30-07-2021,48.63920
118632,Nippon India Large Cap Fund - Direct Plan Growth Plan - Growth Option,Nippon India Mutual Fund,Open Ended Schemes,Equity Scheme - Large Cap Fund,29-07-2021,48.68440
118632,Nippon India Large Cap Fund - Direct Plan Growth Plan - Growth Option,Nippon India Mutual Fund,Open Ended Schemes,Equity Scheme - Large Cap Fund,28-07-2021,48.28160
118632,Nippon India Large Cap Fund - Direct Plan Growth Plan - Growth Option,Nippon India Mutual Fund,Open Ended Schemes,Equity Scheme - Large Cap Fund,27-07-2021,48.23480
118632,Nippon India Large Cap Fund - Direct Plan Growth Plan - Growth Option,Nippon India Mutual Fund,Open Ended Schemes,Equity Scheme - Large Cap Fund,26-07-2021,48.33770
118632,Nippon India Large Cap Fund - Direct Plan Growth Plan - Growth Option,Nippon India Mutual Fund,Open Ended Schemes,Equity Scheme - Large Cap Fund,23-07-2021,48.26210
118632,Nippon India Large Cap Fund - Direct Plan Growth Plan - Growth Option,Nippon India Mutual Fund,Open Ended Schemes,Equity Scheme - Large Cap Fund,22-07-2021,48.08850
118632,Nippon India Large Cap Fund - Direct Plan Growth Plan - Growth Option,Nippon India Mutual Fund,Open Ended Schemes,Equity Scheme - Large Cap Fund,20-07-2021,47.51100
118632,Nippon India Large Cap Fund - Direct Plan Growth Plan - Growth Option,Nippon India Mutual Fund,Open Ended Schemes,Equity Scheme - Large Cap Fund,19-07-2021,48.17440
118632,Nippon India Large Cap Fund - Direct Plan Growth Plan - Growth Option,Nippon India Mutual Fund,Open Ended Schemes,Equity Scheme - Large Cap Fund,16-07-2021,48.56070
118632,Nippon India Large Cap Fund - Direct Plan Growth Plan - Growth Option,Nippon India Mutual Fund,Open Ended Schemes,Equity Scheme - Large Cap Fund,15-07-2021,48.54730
118632,Nippon India Large Cap Fund - Direct Plan Growth Plan - Growth Option,Nippon India Mutual Fund,Open Ended Schemes,Equity Scheme - Large Cap Fund,14-07-2021,48.30710
118632,Nippon India Large Cap Fund - Direct Plan Growth Plan - Growth Option,Nippon India Mutual Fund,Open Ended Schemes,Equity Scheme - Large Cap Fund,13-07-2021,48.15850
118632,Nippon India Large Cap Fund - Direct Plan Growth Plan - Growth Option,Nippon India Mutual Fund,Open Ended Schemes,Equity Scheme - Large Cap Fund,12-07-2021,47.75750
118632,Nippon India Large Cap Fund - Direct Plan Growth Plan - Growth Option,Nippon India Mutual Fund,Open Ended Schemes,Equity Scheme - Large Cap Fund,09-07-2021,47.78580
118632,Nippon India Large Cap Fund - Direct Plan Growth Plan - Growth Option,Nippon India Mutual Fund,Open Ended Schemes,Equity Scheme - Large Cap Fund,08-07-2021,47.84420
118632,Nippon India Large Cap Fund - Direct Plan Growth Plan - Growth Option,Nippon India Mutual Fund,Open Ended Schemes,Equity Scheme - Large Cap Fund,07-07-2021,48.28580
118632,Nippon India Large Cap Fund - Direct Plan Growth Plan - Growth Option,Nippon India Mutual Fund,Open Ended Schemes,Equity Scheme - Large Cap Fund,06-07-2021,47.99850
118632,Nippon India Large Cap Fund - Direct Plan Growth Plan - Growth Option,Nippon India Mutual Fund,Open Ended Schemes,Equity Scheme - Large Cap Fund,05-07-2021,48.08700
118632,Nippon India Large Cap Fund - Direct Plan Growth Plan - Growth Option,Nippon India Mutual Fund,Open Ended Schemes,Equity Scheme - Large Cap Fund,02-07-2021,47.68780
118632,Nippon India Large Cap Fund - Direct Plan Growth Plan - Growth Option,Nippon India Mutual Fund,Open Ended Schemes,Equity Scheme - Large Cap Fund,01-07-2021,47.52350
118632,Nippon India Large Cap Fund - Direct Plan Growth Plan - Growth Option,Nippon India Mutual Fund,Open Ended Schemes,Equity Scheme - Large Cap Fund,30-06-2021,47.63830
118632,Nippon India Large Cap Fund - Direct Plan Growth Plan - Growth Option,Nippon India Mutual Fund,Open Ended Schemes,Equity Scheme - Large Cap Fund,29-06-2021,47.70990
118632,Nippon India Large Cap Fund - Direct Plan Growth Plan - Growth Option,Nippon India Mutual Fund,Open Ended Schemes,Equity Scheme - Large Cap Fund,28-06-2021,47.83690
118632,Nippon India Large Cap Fund - Direct Plan Growth Plan - Growth Option,Nippon India Mutual Fund,Open Ended Schemes,Equity Scheme - Large Cap Fund,25-06-2021,47.99710
118632,Nippon India Large Cap Fund - Direct Plan Growth Plan - Growth Option,Nippon India Mutual Fund,Open Ended Schemes,Equity Scheme - Large Cap Fund,24-06-2021,47.54910
118632,Nippon India Large Cap Fund - Direct Plan Growth Plan - Growth Option,Nippon India Mutual Fund,Open Ended Schemes,Equity Scheme - Large Cap Fund,23-06-2021,47.26070
118632,Nippon India Large Cap Fund - Direct Plan Growth Plan - Growth Option,Nippon India Mutual Fund,Open Ended Schemes,Equity Scheme - Large Cap Fund,22-06-2021,47.55900
118632,Nippon India Large Cap Fund - Direct Plan Growth Plan - Growth Option,Nippon India Mutual Fund,Open Ended Schemes,Equity Scheme - Large Cap Fund,21-06-2021,47.47090
118632,Nippon India Large Cap Fund - Direct Plan Growth Plan - Growth Option,Nippon India Mutual Fund,Open Ended Schemes,Equity Scheme - Large Cap Fund,18-06-2021,47.19730
118632,Nippon India Large Cap Fund - Direct Plan Growth Plan - Growth Option,Nippon India Mutual Fund,Open Ended Schemes,Equity Scheme - Large Cap Fund,17-06-2021,47.39490
118632,Nippon India Large Cap Fund - Direct Plan Growth Plan - Growth Option,Nippon India Mutual Fund,Open Ended Schemes,Equity Scheme - Large Cap Fund,16-06-2021,47.72560
118632,Nippon India Large Cap Fund - Direct Plan Growth Plan - Growth Option,Nippon India Mutual Fund,Open Ended Schemes,Equity Scheme - Large Cap Fund,15-06-2021,47.98970
118632,Nippon India Large Cap Fund - Direct Plan Growth Plan - Growth Option,Nippon India Mutual Fund,Open Ended Schemes,Equity Scheme - Large Cap Fund,14-06-2021,47.80370
118632,Nippon India Large Cap Fund - Direct Plan Growth Plan - Growth Option,Nippon India Mutual Fund,Open Ended Schemes,Equity Scheme - Large Cap Fund,11-06-2021,47.76550
118632,Nippon India Large Cap Fund - Direct Plan Growth Plan - Growth Option,Nippon India Mutual Fund,Open Ended Schemes,Equity Scheme - Large Cap Fund,10-06-2021,47.67110
118632,Nippon India Large Cap Fund - Direct Plan Growth Plan - Growth Option,Nippon India Mutual Fund,Open Ended Schemes,Equity Scheme - Large Cap Fund,09-06-2021,47.26110
118632,Nippon India Large Cap Fund - Direct Plan Growth Plan - Growth Option,Nippon India Mutual Fund,Open Ended Schemes,Equity Scheme - Large Cap Fund,08-06-2021,47.49810
118632,Nippon India Large Cap Fund - Direct Plan Growth Plan - Growth Option,Nippon India Mutual Fund,Open Ended Schemes,Equity Scheme - Large Cap Fund,07-06-2021,47.51310
118632,Nippon India Large Cap Fund - Direct Plan Growth Plan - Growth Option,Nippon India Mutual Fund,Open Ended Schemes,Equity Scheme - Large Cap Fund,04-06-2021,47.25400
118632,Nippon India Large Cap Fund - Direct Plan Growth Plan - Growth Option,Nippon India Mutual Fund,Open Ended Schemes,Equity Scheme - Large Cap Fund,03-06-2021,47.26870
118632,Nippon India Large Cap Fund - Direct Plan Growth Plan - Growth Option,Nippon India Mutual Fund,Open Ended Schemes,Equity Scheme - Large Cap Fund,02-06-2021,47.01190
118632,Nippon India Large Cap Fund - Direct Plan Growth Plan - Growth Option,Nippon India Mutual Fund,Open Ended Schemes,Equity Scheme - Large Cap Fund,01-06-2021,46.86150
118632,Nippon India Large Cap Fund - Direct Plan Growth Plan - Growth Option,Nippon India Mutual Fund,Open Ended Schemes,Equity Scheme - Large Cap Fund,31-05-2021,46.90400
118632,Nippon India Large Cap Fund - Direct Plan Growth Plan - Growth Option,Nippon India Mutual Fund,Open Ended Schemes,Equity Scheme - Large Cap Fund,28-05-2021,46.39050
118632,Nippon India Large Cap Fund - Direct Plan Growth Plan - Growth Option,Nippon India Mutual Fund,Open Ended Schemes,Equity Scheme - Large Cap Fund,27-05-2021,46.28780
118632,Nippon India Large Cap Fund - Direct Plan Growth Plan - Growth Option,Nippon India Mutual Fund,Open Ended Schemes,Equity Scheme - Large Cap Fund,26-05-2021,46.10050
118632,Nippon India Large Cap Fund - Direct Plan Growth Plan - Growth Option,Nippon India Mutual Fund,Open Ended Schemes,Equity Scheme - Large Cap Fund,25-05-2021,45.93450
118632,Nippon India Large Cap Fund - Direct Plan Growth Plan - Growth Option,Nippon India Mutual Fund,Open Ended Schemes,Equity Scheme - Large Cap Fund,24-05-2021,45.87810
118632,Nippon India Large Cap Fund - Direct Plan Growth Plan - Growth Option,Nippon India Mutual Fund,Open Ended Schemes,Equity Scheme - Large Cap Fund,21-05-2021,45.62850
118632,Nippon India Large Cap Fund - Direct Plan Growth Plan - Growth Option,Nippon India Mutual Fund,Open Ended Schemes,Equity Scheme - Large Cap Fund,20-05-2021,44.78480
118632,Nippon India Large Cap Fund - Direct Plan Growth Plan - Growth Option,Nippon India Mutual Fund,Open Ended Schemes,Equity Scheme - Large Cap Fund,19-05-2021,45.09590
118632,Nippon India Large Cap Fund - Direct Plan Growth Plan - Growth Option,Nippon India Mutual Fund,Open Ended Schemes,Equity Scheme - Large Cap Fund,18-05-2021,45.17870
118632,Nippon India Large Cap Fund - Direct Plan Growth Plan - Growth Option,Nippon India Mutual Fund,Open Ended Schemes,Equity Scheme - Large Cap Fund,17-05-2021,44.77970
118632,Nippon India Large Cap Fund - Direct Plan Growth Plan - Growth Option,Nippon India Mutual Fund,Open Ended Schemes,Equity Scheme - Large Cap Fund,14-05-2021,44.06480
118632,Nippon India Large Cap Fund - Direct Plan Growth Plan - Growth Option,Nippon India Mutual Fund,Open Ended Schemes,Equity Scheme - Large Cap Fund,12-05-2021,44.30890
118632,Nippon India Large Cap Fund - Direct Plan Growth Plan - Growth Option,Nippon India Mutual Fund,Open Ended Schemes,Equity Scheme - Large Cap Fund,11-05-2021,44.67150
118632,Nippon India Large Cap Fund - Direct Plan Growth Plan - Growth Option,Nippon India Mutual Fund,Open Ended Schemes,Equity Scheme - Large Cap Fund,10-05-2021,44.63950
118632,Nippon India Large Cap Fund - Direct Plan Growth Plan - Growth Option,Nippon India Mutual Fund,Open Ended Schemes,Equity Scheme - Large Cap Fund,07-05-2021,44.21390
118632,Nippon India Large Cap Fund - Direct Plan Growth Plan - Growth Option,Nippon India Mutual Fund,Open Ended Schemes,Equity Scheme - Large Cap Fund,06-05-2021,43.84580
118632,Nippon India Large Cap Fund - Direct Plan Growth Plan - Growth Option,Nippon India Mutual Fund,Open Ended Schemes,Equity Scheme - Large Cap Fund,05-05-2021,43.56660
118632,Nippon India Large Cap Fund - Direct Plan Growth Plan - Growth Option,Nippon India Mutual Fund,Open Ended Schemes,Equity Scheme - Large Cap Fund,04-05-2021,43.16540
118632,Nippon India Large Cap Fund - Direct Plan Growth Plan - Growth Option,Nippon India Mutual Fund,Open Ended Schemes,Equity Scheme - Large Cap Fund,03-05-2021,43.50250
118632,Nippon India Large Cap Fund - Direct Plan Growth Plan - Growth Option,Nippon India Mutual Fund,Open Ended Schemes,Equity Scheme - Large Cap Fund,30-04-2021,43.37000
118632,Nippon India Large Cap Fund - Direct Plan Growth Plan - Growth Option,Nippon India Mutual Fund,Open Ended Schemes,Equity Scheme - Large Cap Fund,29-04-2021,43.88010
118632,Nippon India Large Cap Fund - Direct Plan Growth Plan - Growth Option,Nippon India Mutual Fund,Open Ended Schemes,Equity Scheme - Large Cap Fund,28-04-2021,43.92910
118632,Nippon India Large Cap Fund - Direct Plan Growth Plan - Growth Option,Nippon India Mutual Fund,Open Ended Schemes,Equity Scheme - Large Cap Fund,27-04-2021,43.35060
118632,Nippon India Large Cap Fund - Direct Plan Growth Plan - Growth Option,Nippon India Mutual Fund,Open Ended Schemes,Equity Scheme - Large Cap Fund,26-04-2021,42.79730
118632,Nippon India Large Cap Fund - Direct Plan Growth Plan - Growth Option,Nippon India Mutual Fund,Open Ended Schemes,Equity Scheme - Large Cap Fund,23-04-2021,42.36590
118632,Nippon India Large Cap Fund - Direct Plan Growth Plan - Growth Option,Nippon India Mutual Fund,Open Ended Schemes,Equity Scheme - Large Cap Fund,22-04-2021,42.40380
118632,Nippon India Large Cap Fund - Direct Plan Growth Plan - Growth Option,Nippon India Mutual Fund,Open Ended Schemes,Equity Scheme - Large Cap Fund,20-04-2021,42.02530
118632,Nippon India Large Cap Fund - Direct Plan Growth Plan - Growth Option,Nippon India Mutual Fund,Open Ended Schemes,Equity Scheme - Large Cap Fund,19-04-2021,42.08380
118632,Nippon India Large Cap Fund - Direct Plan Growth Plan - Growth Option,Nippon India Mutual Fund,Open Ended Schemes,Equity Scheme - Large Cap Fund,16-04-2021,42.88010
118632,Nippon India Large Cap Fund - Direct Plan Growth Plan - Growth Option,Nippon India Mutual Fund,Open Ended Schemes,Equity Scheme - Large Cap Fund,15-04-2021,42.75980
118632,Nippon India Large Cap Fund - Direct Plan Growth Plan - Growth Option,Nippon India Mutual Fund,Open Ended Schemes,Equity Scheme - Large Cap Fund,13-04-2021,42.59520
118632,Nippon India Large Cap Fund - Direct Plan Growth Plan - Growth Option,Nippon India Mutual Fund,Open Ended Schemes,Equity Scheme - Large Cap Fund,12-04-2021,41.98810
118632,Nippon India Large Cap Fund - Direct Plan Growth Plan - Growth Option,Nippon India Mutual Fund,Open Ended Schemes,Equity Scheme - Large Cap Fund,09-04-2021,43.85310
118632,Nippon India Large Cap Fund - Direct Plan Growth Plan - Growth Option,Nippon India Mutual Fund,Open Ended Schemes,Equity Scheme - Large Cap Fund,08-04-2021,44.00460
118632,Nippon India Large Cap Fund - Direct Plan Growth Plan - Growth Option,Nippon India Mutual Fund,Open Ended Schemes,Equity Scheme - Large Cap Fund,07-04-2021,43.97860
118632,Nippon India Large Cap Fund - Direct Plan Growth Plan - Growth Option,Nippon India Mutual Fund,Open Ended Schemes,Equity Scheme - Large Cap Fund,06-04-2021,43.57470
118632,Nippon India Large Cap Fund - Direct Plan Growth Plan - Growth Option,Nippon India Mutual Fund,Open Ended Schemes,Equity Scheme - Large Cap Fund,05-04-2021,43.51120
118632,Nippon India Large Cap Fund - Direct Plan Growth Plan - Growth Option,Nippon India Mutual Fund,Open Ended Schemes,Equity Scheme - Large Cap Fund,01-04-2021,44.23700
118632,Nippon India Large Cap Fund - Direct Plan Growth Plan - Growth Option,Nippon India Mutual Fund,Open Ended Schemes,Equity Scheme - Large Cap Fund,31-03-2021,43.58070
118632,Nippon India Large Cap Fund - Direct Plan Growth Plan - Growth Option,Nippon India Mutual Fund,Open Ended Schemes,Equity Scheme - Large Cap Fund,30-03-2021,43.77820
118632,Nippon India Large Cap Fund - Direct Plan Growth Plan - Growth Option,Nippon India Mutual Fund,Open Ended Schemes,Equity Scheme - Large Cap Fund,26-03-2021,42.99670
118632,Nippon India Large Cap Fund - Direct Plan Growth Plan - Growth Option,Nippon India Mutual Fund,Open Ended Schemes,Equity Scheme - Large Cap Fund,25-03-2021,42.39030
118632,Nippon India Large Cap Fund - Direct Plan Growth Plan - Growth Option,Nippon India Mutual Fund,Open Ended Schemes,Equity Scheme - Large Cap Fund,24-03-2021,43.00840
118632,Nippon India Large Cap Fund - Direct Plan Growth Plan - Growth Option,Nippon India Mutual Fund,Open Ended Schemes,Equity Scheme - Large Cap Fund,23-03-2021,43.94310
118632,Nippon India Large Cap Fund - Direct Plan Growth Plan - Growth Option,Nippon India Mutual Fund,Open Ended Schemes,Equity Scheme - Large Cap Fund,22-03-2021,43.79080
118632,Nippon India Large Cap Fund - Direct Plan Growth Plan - Growth Option,Nippon India Mutual Fund,Open Ended Schemes,Equity Scheme - Large Cap Fund,19-03-2021,43.76290
118632,Nippon India Large Cap Fund - Direct Plan Growth Plan - Growth Option,Nippon India Mutual Fund,Open Ended Schemes,Equity Scheme - Large Cap Fund,18-03-2021,43.28200
118632,Nippon India Large Cap Fund - Direct Plan Growth Plan - Growth Option,Nippon India Mutual Fund,Open Ended Schemes,Equity Scheme - Large Cap Fund,17-03-2021,43.87600
118632,Nippon India Large Cap Fund - Direct Plan Growth Plan - Growth Option,Nippon India Mutual Fund,Open Ended Schemes,Equity Scheme - Large Cap Fund,16-03-2021,44.68180
118632,Nippon India Large Cap Fund - Direct Plan Growth Plan - Growth Option,Nippon India Mutual Fund,Open Ended Schemes,Equity Scheme - Large Cap Fund,15-03-2021,44.79140
118632,Nippon India Large Cap Fund - Direct Plan Growth Plan - Growth Option,Nippon India Mutual Fund,Open Ended Schemes,Equity Scheme - Large Cap Fund,12-03-2021,44.99610
118632,Nippon India Large Cap Fund - Direct Plan Growth Plan - Growth Option,Nippon India Mutual Fund,Open Ended Schemes,Equity Scheme - Large Cap Fund,10-03-2021,45.42370
118632,Nippon India Large Cap Fund - Direct Plan Growth Plan - Growth Option,Nippon India Mutual Fund,Open Ended Schemes,Equity Scheme - Large Cap Fund,09-03-2021,45.19290
118632,Nippon India Large Cap Fund - Direct Plan Growth Plan - Growth Option,Nippon India Mutual Fund,Open Ended Schemes,Equity Scheme - Large Cap Fund,08-03-2021,45.25910
118632,Nippon India Large Cap Fund - Direct Plan Growth Plan - Growth Option,Nippon India Mutual Fund,Open Ended Schemes,Equity Scheme - Large Cap Fund,05-03-2021,44.85320
118632,Nippon India Large Cap Fund - Direct Plan Growth Plan - Growth Option,Nippon India Mutual Fund,Open Ended Schemes,Equity Scheme - Large Cap Fund,04-03-2021,45.56400
118632,Nippon India Large Cap Fund - Direct Plan Growth Plan - Growth Option,Nippon India Mutual Fund,Open Ended Schemes,Equity Scheme - Large Cap Fund,03-03-2021,46.00630
118632,Nippon India Large Cap Fund - Direct Plan Growth Plan - Growth Option,Nippon India Mutual Fund,Open Ended Schemes,Equity Scheme - Large Cap Fund,02-03-2021,45.13080
118632,Nippon India Large Cap Fund - Direct Plan Growth Plan - Growth Option,Nippon India Mutual Fund,Open Ended Schemes,Equity Scheme - Large Cap Fund,01-03-2021,44.63620
118632,Nippon India Large Cap Fund - Direct Plan Growth Plan - Growth Option,Nippon India Mutual Fund,Open Ended Schemes,Equity Scheme - Large Cap Fund,26-02-2021,44.11920
118632,Nippon India Large Cap Fund - Direct Plan Growth Plan - Growth Option,Nippon India Mutual Fund,Open Ended Schemes,Equity Scheme - Large Cap Fund,25-02-2021,45.47130
118632,Nippon India Large Cap Fund - Direct Plan Growth Plan - Growth Option,Nippon India Mutual Fund,Open Ended Schemes,Equity Scheme - Large Cap Fund,24-02-2021,44.91250
118632,Nippon India Large Cap Fund - Direct Plan Growth Plan - Growth Option,Nippon India Mutual Fund,Open Ended Schemes,Equity Scheme - Large Cap Fund,23-02-2021,44.06710
118632,Nippon India Large Cap Fund - Direct Plan Growth Plan - Growth Option,Nippon India Mutual Fund,Open Ended Schemes,Equity Scheme - Large Cap Fund,22-02-2021,43.74220
118632,Nippon India Large Cap Fund - Direct Plan Growth Plan - Growth Option,Nippon India Mutual Fund,Open Ended Schemes,Equity Scheme - Large Cap Fund,19-02-2021,44.61580
118632,Nippon India Large Cap Fund - Direct Plan Growth Plan - Growth Option,Nippon India Mutual Fund,Open Ended Schemes,Equity Scheme - Large Cap Fund,18-02-2021,45.25450
118632,Nippon India Large Cap Fund - Direct Plan Growth Plan - Growth Option,Nippon India Mutual Fund,Open Ended Schemes,Equity Scheme - Large Cap Fund,17-02-2021,45.15520
118632,Nippon India Large Cap Fund - Direct Plan Growth Plan - Growth Option,Nippon India Mutual Fund,Open Ended Schemes,Equity Scheme - Large Cap Fund,16-02-2021,45.07360
118632,Nippon India Large Cap Fund - Direct Plan Growth Plan - Growth Option,Nippon India Mutual Fund,Open Ended Schemes,Equity Scheme - Large Cap Fund,15-02-2021,45.13940
118632,Nippon India Large Cap Fund - Direct Plan Growth Plan - Growth Option,Nippon India Mutual Fund,Open Ended Schemes,Equity Scheme - Large Cap Fund,12-02-2021,44.62080
118632,Nippon India Large Cap Fund - Direct Plan Growth Plan - Growth Option,Nippon India Mutual Fund,Open Ended Schemes,Equity Scheme - Large Cap Fund,11-02-2021,44.71290
118632,Nippon India Large Cap Fund - Direct Plan Growth Plan - Growth Option,Nippon India Mutual Fund,Open Ended Schemes,Equity Scheme - Large Cap Fund,10-02-2021,44.50490
118632,Nippon India Large Cap Fund - Direct Plan Growth Plan - Growth Option,Nippon India Mutual Fund,Open Ended Schemes,Equity Scheme - Large Cap Fund,09-02-2021,44.59080
118632,Nippon India Large Cap Fund - Direct Plan Growth Plan - Growth Option,Nippon India Mutual Fund,Open Ended Schemes,Equity Scheme - Large Cap Fund,08-02-2021,44.60870
118632,Nippon India Large Cap Fund - Direct Plan Growth Plan - Growth Option,Nippon India Mutual Fund,Open Ended Schemes,Equity Scheme - Large Cap Fund,05-02-2021,44.01170
118632,Nippon India Large Cap Fund - Direct Plan Growth Plan - Growth Option,Nippon India Mutual Fund,Open Ended Schemes,Equity Scheme - Large Cap Fund,04-02-2021,43.74960
118632,Nippon India Large Cap Fund - Direct Plan Growth Plan - Growth Option,Nippon India Mutual Fund,Open Ended Schemes,Equity Scheme - Large Cap Fund,03-02-2021,43.32420
118632,Nippon India Large Cap Fund - Direct Plan Growth Plan - Growth Option,Nippon India Mutual Fund,Open Ended Schemes,Equity Scheme - Large Cap Fund,02-02-2021,42.85960
118632,Nippon India Large Cap Fund - Direct Plan Growth Plan - Growth Option,Nippon India Mutual Fund,Open Ended Schemes,Equity Scheme - Large Cap Fund,01-02-2021,41.81570
118632,Nippon India Large Cap Fund - Direct Plan Growth Plan - Growth Option,Nippon India Mutual Fund,Open Ended Schemes,Equity Scheme - Large Cap Fund,29-01-2021,39.92850
118632,Nippon India Large Cap Fund - Direct Plan Growth Plan - Growth Option,Nippon India Mutual Fund,Open Ended Schemes,Equity Scheme - Large Cap Fund,28-01-2021,40.30960
118632,Nippon India Large Cap Fund - Direct Plan Growth Plan - Growth Option,Nippon India Mutual Fund,Open Ended Schemes,Equity Scheme - Large Cap Fund,27-01-2021,40.52520
118632,Nippon India Large Cap Fund - Direct Plan Growth Plan - Growth Option,Nippon India Mutual Fund,Open Ended Schemes,Equity Scheme - Large Cap Fund,25-01-2021,41.30690
118632,Nippon India Large Cap Fund - Direct Plan Growth Plan - Growth Option,Nippon India Mutual Fund,Open Ended Schemes,Equity Scheme - Large Cap Fund,22-01-2021,41.77350
118632,Nippon India Large Cap Fund - Direct Plan Growth Plan - Growth Option,Nippon India Mutual Fund,Open Ended Schemes,Equity Scheme - Large Cap Fund,21-01-2021,42.36830
118632,Nippon India Large Cap Fund - Direct Plan Growth Plan - Growth Option,Nippon India Mutual Fund,Open Ended Schemes,Equity Scheme - Large Cap Fund,20-01-2021,42.69890
118632,Nippon India Large Cap Fund - Direct Plan Growth Plan - Growth Option,Nippon India Mutual Fund,Open Ended Schemes,Equity Scheme - Large Cap Fund,19-01-2021,42.35290
118632,Nippon India Large Cap Fund - Direct Plan Growth Plan - Growth Option,Nippon India Mutual Fund,Open Ended Schemes,Equity Scheme - Large Cap Fund,18-01-2021,41.76730
118632,Nippon India Large Cap Fund - Direct Plan Growth Plan - Growth Option,Nippon India Mutual Fund,Open Ended Schemes,Equity Scheme - Large Cap Fund,15-01-2021,42.32890
118632,Nippon India Large Cap Fund - Direct Plan Growth Plan - Growth Option,Nippon India Mutual Fund,Open Ended Schemes,Equity Scheme - Large Cap Fund,14-01-2021,42.74690
118632,Nippon India Large Cap Fund - Direct Plan Growth Plan - Growth Option,Nippon India Mutual Fund,Open Ended Schemes,Equity Scheme - Large Cap Fund,13-01-2021,42.68920
118632,Nippon India Large Cap Fund - Direct Plan Growth Plan - Growth Option,Nippon India Mutual Fund,Open Ended Schemes,Equity Scheme - Large Cap Fund,12-01-2021,42.35270
118632,Nippon India Large Cap Fund - Direct Plan Growth Plan - Growth Option,Nippon India Mutual Fund,Open Ended Schemes,Equity Scheme - Large Cap Fund,11-01-2021,41.96570
118632,Nippon India Large Cap Fund - Direct Plan Growth Plan - Growth Option,Nippon India Mutual Fund,Open Ended Schemes,Equity Scheme - Large Cap Fund,08-01-2021,41.64880
118632,Nippon India Large Cap Fund - Direct Plan Growth Plan - Growth Option,Nippon India Mutual Fund,Open Ended Schemes,Equity Scheme - Large Cap Fund,07-01-2021,41.25610
118632,Nippon India Large Cap Fund - Direct Plan Growth Plan - Growth Option,Nippon India Mutual Fund,Open Ended Schemes,Equity Scheme - Large Cap Fund,06-01-2021,41.05220
118632,Nippon India Large Cap Fund - Direct Plan Growth Plan - Growth Option,Nippon India Mutual Fund,Open Ended Schemes,Equity Scheme - Large Cap Fund,05-01-2021,41.09100
118632,Nippon India Large Cap Fund - Direct Plan Growth Plan - Growth Option,Nippon India Mutual Fund,Open Ended Schemes,Equity Scheme - Large Cap Fund,04-01-2021,40.98280
118632,Nippon India Large Cap Fund - Direct Plan Growth Plan - Growth Option,Nippon India Mutual Fund,Open Ended Schemes,Equity Scheme - Large Cap Fund,01-01-2021,40.40050
118632,Nippon India Large Cap Fund - Direct Plan Growth Plan - Growth Option,Nippon India Mutual Fund,Open Ended Schemes,Equity Scheme - Large Cap Fund,31-12-2020,40.18110
118632,Nippon India Large Cap Fund - Direct Plan Growth Plan - Growth Option,Nippon India Mutual Fund,Open Ended Schemes,Equity Scheme - Large Cap Fund,30-12-2020,40.14100
118632,Nippon India Large Cap Fund - Direct Plan Growth Plan - Growth Option,Nippon India Mutual Fund,Open Ended Schemes,Equity Scheme - Large Cap Fund,29-12-2020,40.09640
118632,Nippon India Large Cap Fund - Direct Plan Growth Plan - Growth Option,Nippon India Mutual Fund,Open Ended Schemes,Equity Scheme - Large Cap Fund,28-12-2020,39.95540
118632,Nippon India Large Cap Fund - Direct Plan Growth Plan - Growth Option,Nippon India Mutual Fund,Open Ended Schemes,Equity Scheme - Large Cap Fund,24-12-2020,39.64890
118632,Nippon India Large Cap Fund - Direct Plan Growth Plan - Growth Option,Nippon India Mutual Fund,Open Ended Schemes,Equity Scheme - Large Cap Fund,23-12-2020,39.19410
118632,Nippon India Large Cap Fund - Direct Plan Growth Plan - Growth Option,Nippon India Mutual Fund,Open Ended Schemes,Equity Scheme - Large Cap Fund,22-12-2020,38.52900
118632,Nippon India Large Cap Fund - Direct Plan Growth Plan - Growth Option,Nippon India Mutual Fund,Open Ended Schemes,Equity Scheme - Large Cap Fund,21-12-2020,38.07940
118632,Nippon India Large Cap Fund - Direct Plan Growth Plan - Growth Option,Nippon India Mutual Fund,Open Ended Schemes,Equity Scheme - Large Cap Fund,18-12-2020,39.69810
118632,Nippon India Large Cap Fund - Direct Plan Growth Plan - Growth Option,Nippon India Mutual Fund,Open Ended Schemes,Equity Scheme - Large Cap Fund,17-12-2020,39.61270
118632,Nippon India Large Cap Fund - Direct Plan Growth Plan - Growth Option,Nippon India Mutual Fund,Open Ended Schemes,Equity Scheme - Large Cap Fund,16-12-2020,39.56490
118632,Nippon India Large Cap Fund - Direct Plan Growth Plan - Growth Option,Nippon India Mutual Fund,Open Ended Schemes,Equity Scheme - Large Cap Fund,15-12-2020,39.24380
118632,Nippon India Large Cap Fund - Direct Plan Growth Plan - Growth Option,Nippon India Mutual Fund,Open Ended Schemes,Equity Scheme - Large Cap Fund,14-12-2020,39.33810
118632,Nippon India Large Cap Fund - Direct Plan Growth Plan - Growth Option,Nippon India Mutual Fund,Open Ended Schemes,Equity Scheme - Large Cap Fund,11-12-2020,39.04730
118632,Nippon India Large Cap Fund - Direct Plan Growth Plan - Growth Option,Nippon India Mutual Fund,Open Ended Schemes,Equity Scheme - Large Cap Fund,10-12-2020,38.86460
118632,Nippon India Large Cap Fund - Direct Plan Growth Plan - Growth Option,Nippon India Mutual Fund,Open Ended Schemes,Equity Scheme - Large Cap Fund,09-12-2020,39.04370
118632,Nippon India Large Cap Fund - Direct Plan Growth Plan - Growth Option,Nippon India Mutual Fund,Open Ended Schemes,Equity Scheme - Large Cap Fund,08-12-2020,38.79010
118632,Nippon India Large Cap Fund - Direct Plan Growth Plan - Growth Option,Nippon India Mutual Fund,Open Ended Schemes,Equity Scheme - Large Cap Fund,07-12-2020,38.75750
118632,Nippon India Large Cap Fund - Direct Plan Growth Plan - Growth Option,Nippon India Mutual Fund,Open Ended Schemes,Equity Scheme - Large Cap Fund,04-12-2020,38.24500
118632,Nippon India Large Cap Fund - Direct Plan Growth Plan - Growth Option,Nippon India Mutual Fund,Open Ended Schemes,Equity Scheme - Large Cap Fund,03-12-2020,37.82100
118632,Nippon India Large Cap Fund - Direct Plan Growth Plan - Growth Option,Nippon India Mutual Fund,Open Ended Schemes,Equity Scheme - Large Cap Fund,02-12-2020,37.54320
118632,Nippon India Large Cap Fund - Direct Plan Growth Plan - Growth Option,Nippon India Mutual Fund,Open Ended Schemes,Equity Scheme - Large Cap Fund,01-12-2020,37.30950
118632,Nippon India Large Cap Fund - Direct Plan Growth Plan - Growth Option,Nippon India Mutual Fund,Open Ended Schemes,Equity Scheme - Large Cap Fund,27-11-2020,36.78740
118632,Nippon India Large Cap Fund - Direct Plan Growth Plan - Growth Option,Nippon India Mutual Fund,Open Ended Schemes,Equity Scheme - Large Cap Fund,26-11-2020,36.82860
118632,Nippon India Large Cap Fund - Direct Plan Growth Plan - Growth Option,Nippon India Mutual Fund,Open Ended Schemes,Equity Scheme - Large Cap Fund,25-11-2020,36.39330
118632,Nippon India Large Cap Fund - Direct Plan Growth Plan - Growth Option,Nippon India Mutual Fund,Open Ended Schemes,Equity Scheme - Large Cap Fund,24-11-2020,36.91570
118632,Nippon India Large Cap Fund - Direct Plan Growth Plan - Growth Option,Nippon India Mutual Fund,Open Ended Schemes,Equity Scheme - Large Cap Fund,23-11-2020,36.58890
118632,Nippon India Large Cap Fund - Direct Plan Growth Plan - Growth Option,Nippon India Mutual Fund,Open Ended Schemes,Equity Scheme - Large Cap Fund,20-11-2020,36.52210
118632,Nippon India Large Cap Fund - Direct Plan Growth Plan - Growth Option,Nippon India Mutual Fund,Open Ended Schemes,Equity Scheme - Large Cap Fund,19-11-2020,36.35040
118632,Nippon India Large Cap Fund - Direct Plan Growth Plan - Growth Option,Nippon India Mutual Fund,Open Ended Schemes,Equity Scheme - Large Cap Fund,18-11-2020,36.82770
118632,Nippon India Large Cap Fund - Direct Plan Growth Plan - Growth Option,Nippon India Mutual Fund,Open Ended Schemes,Equity Scheme - Large Cap Fund,17-11-2020,36.57810
118632,Nippon India Large Cap Fund - Direct Plan Growth Plan - Growth Option,Nippon India Mutual Fund,Open Ended Schemes,Equity Scheme - Large Cap Fund,13-11-2020,35.91690
118632,Nippon India Large Cap Fund - Direct Plan Growth Plan - Growth Option,Nippon India Mutual Fund,Open Ended Schemes,Equity Scheme - Large Cap Fund,12-11-2020,35.78950
118632,Nippon India Large Cap Fund - Direct Plan Growth Plan - Growth Option,Nippon India Mutual Fund,Open Ended Schemes,Equity Scheme - Large Cap Fund,11-11-2020,35.94280
118632,Nippon India Large Cap Fund - Direct Plan Growth Plan - Growth Option,Nippon India Mutual Fund,Open Ended Schemes,Equity Scheme - Large Cap Fund,10-11-2020,35.53660
118632,Nippon India Large Cap Fund - Direct Plan Growth Plan - Growth Option,Nippon India Mutual Fund,Open Ended Schemes,Equity Scheme - Large Cap Fund,09-11-2020,34.97660
118632,Nippon India Large Cap Fund - Direct Plan Growth Plan - Growth Option,Nippon India Mutual Fund,Open Ended Schemes,Equity Scheme - Large Cap Fund,06-11-2020,34.34190
118632,Nippon India Large Cap Fund - Direct Plan Growth Plan - Growth Option,Nippon India Mutual Fund,Open Ended Schemes,Equity Scheme - Large Cap Fund,05-11-2020,34.06200
118632,Nippon India Large Cap Fund - Direct Plan Growth Plan - Growth Option,Nippon India Mutual Fund,Open Ended Schemes,Equity Scheme - Large Cap Fund,04-11-2020,33.34290
118632,Nippon India Large Cap Fund - Direct Plan Growth Plan - Growth Option,Nippon India Mutual Fund,Open Ended Schemes,Equity Scheme - Large Cap Fund,03-11-2020,33.15250
118632,Nippon India Large Cap Fund - Direct Plan Growth Plan - Growth Option,Nippon India Mutual Fund,Open Ended Schemes,Equity Scheme - Large Cap Fund,02-11-2020,32.78070
118632,Nippon India Large Cap Fund - Direct Plan Growth Plan - Growth Option,Nippon India Mutual Fund,Open Ended Schemes,Equity Scheme - Large Cap Fund,30-10-2020,32.47780
118632,Nippon India Large Cap Fund - Direct Plan Growth Plan - Growth Option,Nippon India Mutual Fund,Open Ended Schemes,Equity Scheme - Large Cap Fund,29-10-2020,32.50790
118632,Nippon India Large Cap Fund - Direct Plan Growth Plan - Growth Option,Nippon India Mutual Fund,Open Ended Schemes,Equity Scheme - Large Cap Fund,28-10-2020,32.72270
118632,Nippon India Large Cap Fund - Direct Plan Growth Plan - Growth Option,Nippon India Mutual Fund,Open Ended Schemes,Equity Scheme - Large Cap Fund,27-10-2020,33.11390
118632,Nippon India Large Cap Fund - Direct Plan Growth Plan - Growth Option,Nippon India Mutual Fund,Open Ended Schemes,Equity Scheme - Large Cap Fund,26-10-2020,32.97270
118632,Nippon India Large Cap Fund - Direct Plan Growth Plan - Growth Option,Nippon India Mutual Fund,Open Ended Schemes,Equity Scheme - Large Cap Fund,23-10-2020,33.58480
118632,Nippon India Large Cap Fund - Direct Plan Growth Plan - Growth Option,Nippon India Mutual Fund,Open Ended Schemes,Equity Scheme - Large Cap Fund,22-10-2020,33.35290
118632,Nippon India Large Cap Fund - Direct Plan Growth Plan - Growth Option,Nippon India Mutual Fund,Open Ended Schemes,Equity Scheme - Large Cap Fund,21-10-2020,33.27680
118632,Nippon India Large Cap Fund - Direct Plan Growth Plan - Growth Option,Nippon India Mutual Fund,Open Ended Schemes,Equity Scheme - Large Cap Fund,20-10-2020,33.00230
118632,Nippon India Large Cap Fund - Direct Plan Growth Plan - Growth Option,Nippon India Mutual Fund,Open Ended Schemes,Equity Scheme - Large Cap Fund,19-10-2020,32.94380
118632,Nippon India Large Cap Fund - Direct Plan Growth Plan - Growth Option,Nippon India Mutual Fund,Open Ended Schemes,Equity Scheme - Large Cap Fund,16-10-2020,32.52030
118632,Nippon India Large Cap Fund - Direct Plan Growth Plan - Growth Option,Nippon India Mutual Fund,Open Ended Schemes,Equity Scheme - Large Cap Fund,15-10-2020,32.16320
118632,Nippon India Large Cap Fund - Direct Plan Growth Plan - Growth Option,Nippon India Mutual Fund,Open Ended Schemes,Equity Scheme - Large Cap Fund,14-10-2020,32.93800
118632,Nippon India Large Cap Fund - Direct Plan Growth Plan - Growth Option,Nippon India Mutual Fund,Open Ended Schemes,Equity Scheme - Large Cap Fund,13-10-2020,32.90970
118632,Nippon India Large Cap Fund - Direct Plan Growth Plan - Growth Option,Nippon India Mutual Fund,Open Ended Schemes,Equity Scheme - Large Cap Fund,12-10-2020,32.97110
118632,Nippon India Large Cap Fund - Direct Plan Growth Plan - Growth Option,Nippon India Mutual Fund,Open Ended Schemes,Equity Scheme - Large Cap Fund,09-10-2020,33.03170
118632,Nippon India Large Cap Fund - Direct Plan Growth Plan - Growth Option,Nippon India Mutual Fund,Open Ended Schemes,Equity Scheme - Large Cap Fund,08-10-2020,32.71540
118632,Nippon India Large Cap Fund - Direct Plan Growth Plan - Growth Option,Nippon India Mutual Fund,Open Ended Schemes,Equity Scheme - Large Cap Fund,07-10-2020,32.58330
118632,Nippon India Large Cap Fund - Direct Plan Growth Plan - Growth Option,Nippon India Mutual Fund,Open Ended Schemes,Equity Scheme - Large Cap Fund,06-10-2020,32.60010
118632,Nippon India Large Cap Fund - Direct Plan Growth Plan - Growth Option,Nippon India Mutual Fund,Open Ended Schemes,Equity Scheme - Large Cap Fund,05-10-2020,32.39620
118632,Nippon India Large Cap Fund - Direct Plan Growth Plan - Growth Option,Nippon India Mutual Fund,Open Ended Schemes,Equity Scheme - Large Cap Fund,01-10-2020,32.13940
118632,Nippon India Large Cap Fund - Direct Plan Growth Plan - Growth Option,Nippon India Mutual Fund,Open Ended Schemes,Equity Scheme - Large Cap Fund,30-09-2020,31.70450
118632,Nippon India Large Cap Fund - Direct Plan Growth Plan - Growth Option,Nippon India Mutual Fund,Open Ended Schemes,Equity Scheme - Large Cap Fund,29-09-2020,31.86950
118632,Nippon India Large Cap Fund - Direct Plan Growth Plan - Growth Option,Nippon India Mutual Fund,Open Ended Schemes,Equity Scheme - Large Cap Fund,28-09-2020,32.12130
118632,Nippon India Large Cap Fund - Direct Plan Growth Plan - Growth Option,Nippon India Mutual Fund,Open Ended Schemes,Equity Scheme - Large Cap Fund,25-09-2020,31.50770
118632,Nippon India Large Cap Fund - Direct Plan Growth Plan - Growth Option,Nippon India Mutual Fund,Open Ended Schemes,Equity Scheme - Large Cap Fund,24-09-2020,30.66270
118632,Nippon India Large Cap Fund - Direct Plan Growth Plan - Growth Option,Nippon India Mutual Fund,Open Ended Schemes,Equity Scheme - Large Cap Fund,23-09-2020,31.68720
118632,Nippon India Large Cap Fund - Direct Plan Growth Plan - Growth Option,Nippon India Mutual Fund,Open Ended Schemes,Equity Scheme - Large Cap Fund,22-09-2020,31.99120
118632,Nippon India Large Cap Fund - Direct Plan Growth Plan - Growth Option,Nippon India Mutual Fund,Open Ended Schemes,Equity Scheme - Large Cap Fund,21-09-2020,32.20260
118632,Nippon India Large Cap Fund - Direct Plan Growth Plan - Growth Option,Nippon India Mutual Fund,Open Ended Schemes,Equity Scheme - Large Cap Fund,18-09-2020,33.19580
118632,Nippon India Large Cap Fund - Direct Plan Growth Plan - Growth Option,Nippon India Mutual Fund,Open Ended Schemes,Equity Scheme - Large Cap Fund,17-09-2020,33.21610
118632,Nippon India Large Cap Fund - Direct Plan Growth Plan - Growth Option,Nippon India Mutual Fund,Open Ended Schemes,Equity Scheme - Large Cap Fund,16-09-2020,33.49090
118632,Nippon India Large Cap Fund - Direct Plan Growth Plan - Growth Option,Nippon India Mutual Fund,Open Ended Schemes,Equity Scheme - Large Cap Fund,15-09-2020,33.40690
118632,Nippon India Large Cap Fund - Direct Plan Growth Plan - Growth Option,Nippon India Mutual Fund,Open Ended Schemes,Equity Scheme - Large Cap Fund,14-09-2020,33.13600
118632,Nippon India Large Cap Fund - Direct Plan Growth Plan - Growth Option,Nippon India Mutual Fund,Open Ended Schemes,Equity Scheme - Large Cap Fund,11-09-2020,32.96390
118632,Nippon India Large Cap Fund - Direct Plan Growth Plan - Growth Option,Nippon India Mutual Fund,Open Ended Schemes,Equity Scheme - Large Cap Fund,10-09-2020,32.93230
118632,Nippon India Large Cap Fund - Direct Plan Growth Plan - Growth Option,Nippon India Mutual Fund,Open Ended Schemes,Equity Scheme - Large Cap Fund,09-09-2020,32.53430
118632,Nippon India Large Cap Fund - Direct Plan Growth Plan - Growth Option,Nippon India Mutual Fund,Open Ended Schemes,Equity Scheme - Large Cap Fund,08-09-2020,32.82040
118632,Nippon India Large Cap Fund - Direct Plan Growth Plan - Growth Option,Nippon India Mutual Fund,Open Ended Schemes,Equity Scheme - Large Cap Fund,07-09-2020,33.21360
118632,Nippon India Large Cap Fund - Direct Plan Growth Plan - Growth Option,Nippon India Mutual Fund,Open Ended Schemes,Equity Scheme - Large Cap Fund,04-09-2020,33.20800
118632,Nippon India Large Cap Fund - Direct Plan Growth Plan - Growth Option,Nippon India Mutual Fund,Open Ended Schemes,Equity Scheme - Large Cap Fund,03-09-2020,33.97050
118632,Nippon India Large Cap Fund - Direct Plan Growth Plan - Growth Option,Nippon India Mutual Fund,Open Ended Schemes,Equity Scheme - Large Cap Fund,02-09-2020,34.09840
118632,Nippon India Large Cap Fund - Direct Plan Growth Plan - Growth Option,Nippon India Mutual Fund,Open Ended Schemes,Equity Scheme - Large Cap Fund,01-09-2020,33.84740
118632,Nippon India Large Cap Fund - Direct Plan Growth Plan - Growth Option,Nippon India Mutual Fund,Open Ended Schemes,Equity Scheme - Large Cap Fund,31-08-2020,33.61710
118632,Nippon India Large Cap Fund - Direct Plan Growth Plan - Growth Option,Nippon India Mutual Fund,Open Ended Schemes,Equity Scheme - Large Cap Fund,28-08-2020,34.68850
118632,Nippon India Large Cap Fund - Direct Plan Growth Plan - Growth Option,Nippon India Mutual Fund,Open Ended Schemes,Equity Scheme - Large Cap Fund,27-08-2020,34.31180
118632,Nippon India Large Cap Fund - Direct Plan Growth Plan - Growth Option,Nippon India Mutual Fund,Open Ended Schemes,Equity Scheme - Large Cap Fund,26-08-2020,34.22360
118632,Nippon India Large Cap Fund - Direct Plan Growth Plan - Growth Option,Nippon India Mutual Fund,Open Ended Schemes,Equity Scheme - Large Cap Fund,25-08-2020,34.05930
118632,Nippon India Large Cap Fund - Direct Plan Growth Plan - Growth Option,Nippon India Mutual Fund,Open Ended Schemes,Equity Scheme - Large Cap Fund,24-08-2020,33.93320
118632,Nippon India Large Cap Fund - Direct Plan Growth Plan - Growth Option,Nippon India Mutual Fund,Open Ended Schemes,Equity Scheme - Large Cap Fund,21-08-2020,33.75380
118632,Nippon India Large Cap Fund - Direct Plan Growth Plan - Growth Option,Nippon India Mutual Fund,Open Ended Schemes,Equity Scheme - Large Cap Fund,20-08-2020,33.49680
118632,Nippon India Large Cap Fund - Direct Plan Growth Plan - Growth Option,Nippon India Mutual Fund,Open Ended Schemes,Equity Scheme - Large Cap Fund,19-08-2020,33.42980
118632,Nippon India Large Cap Fund - Direct Plan Growth Plan - Growth Option,Nippon India Mutual Fund,Open Ended Schemes,Equity Scheme - Large Cap Fund,18-08-2020,33.26150
118632,Nippon India Large Cap Fund - Direct Plan Growth Plan - Growth Option,Nippon India Mutual Fund,Open Ended Schemes,Equity Scheme - Large Cap Fund,17-08-2020,32.88130
118632,Nippon India Large Cap Fund - Direct Plan Growth Plan - Growth Option,Nippon India Mutual Fund,Open Ended Schemes,Equity Scheme - Large Cap Fund,14-08-2020,32.72960
118632,Nippon India Large Cap Fund - Direct Plan Growth Plan - Growth Option,Nippon India Mutual Fund,Open Ended Schemes,Equity Scheme - Large Cap Fund,13-08-2020,33.14840
118632,Nippon India Large Cap Fund - Direct Plan Growth Plan - Growth Option,Nippon India Mutual Fund,Open Ended Schemes,Equity Scheme - Large Cap Fund,12-08-2020,32.80530
118632,Nippon India Large Cap Fund - Direct Plan Growth Plan - Growth Option,Nippon India Mutual Fund,Open Ended Schemes,Equity Scheme - Large Cap Fund,11-08-2020,32.65730
118632,Nippon India Large Cap Fund - Direct Plan Growth Plan - Growth Option,Nippon India Mutual Fund,Open Ended Schemes,Equity Scheme - Large Cap Fund,10-08-2020,32.40450
118632,Nippon India Large Cap Fund - Direct Plan Growth Plan - Growth Option,Nippon India Mutual Fund,Open Ended Schemes,Equity Scheme - Large Cap Fund,07-08-2020,31.98810
118632,Nippon India Large Cap Fund - Direct Plan Growth Plan - Growth Option,Nippon India Mutual Fund,Open Ended Schemes,Equity Scheme - Large Cap Fund,06-08-2020,31.86810
118632,Nippon India Large Cap Fund - Direct Plan Growth Plan - Growth Option,Nippon India Mutual Fund,Open Ended Schemes,Equity Scheme - Large Cap Fund,05-08-2020,31.62110
118632,Nippon India Large Cap Fund - Direct Plan Growth Plan - Growth Option,Nippon India Mutual Fund,Open Ended Schemes,Equity Scheme - Large Cap Fund,04-08-2020,31.50380
118632,Nippon India Large Cap Fund - Direct Plan Growth Plan - Growth Option,Nippon India Mutual Fund,Open Ended Schemes,Equity Scheme - Large Cap Fund,03-08-2020,31.16440
118632,Nippon India Large Cap Fund - Direct Plan Growth Plan - Growth Option,Nippon India Mutual Fund,Open Ended Schemes,Equity Scheme - Large Cap Fund,31-07-2020,31.39420
118632,Nippon India Large Cap Fund - Direct Plan Growth Plan - Growth Option,Nippon India Mutual Fund,Open Ended Schemes,Equity Scheme - Large Cap Fund,30-07-2020,31.34840
118632,Nippon India Large Cap Fund - Direct Plan Growth Plan - Growth Option,Nippon India Mutual Fund,Open Ended Schemes,Equity Scheme - Large Cap Fund,29-07-2020,31.75870
118632,Nippon India Large Cap Fund - Direct Plan Growth Plan - Growth Option,Nippon India Mutual Fund,Open Ended Schemes,Equity Scheme - Large Cap Fund,28-07-2020,31.88040
118632,Nippon India Large Cap Fund - Direct Plan Growth Plan - Growth Option,Nippon India Mutual Fund,Open Ended Schemes,Equity Scheme - Large Cap Fund,27-07-2020,31.65410
118632,Nippon India Large Cap Fund - Direct Plan Growth Plan - Growth Option,Nippon India Mutual Fund,Open Ended Schemes,Equity Scheme - Large Cap Fund,24-07-2020,31.96810
118632,Nippon India Large Cap Fund - Direct Plan Growth Plan - Growth Option,Nippon India Mutual Fund,Open Ended Schemes,Equity Scheme - Large Cap Fund,23-07-2020,32.20360
118632,Nippon India Large Cap Fund - Direct Plan Growth Plan - Growth Option,Nippon India Mutual Fund,Open Ended Schemes,Equity Scheme - Large Cap Fund,22-07-2020,31.90280
118632,Nippon India Large Cap Fund - Direct Plan Growth Plan - Growth Option,Nippon India Mutual Fund,Open Ended Schemes,Equity Scheme - Large Cap Fund,21-07-2020,31.91740
118632,Nippon India Large Cap Fund - Direct Plan Growth Plan - Growth Option,Nippon India Mutual Fund,Open Ended Schemes,Equity Scheme - Large Cap Fund,20-07-2020,31.52680
118632,Nippon India Large Cap Fund - Direct Plan Growth Plan - Growth Option,Nippon India Mutual Fund,Open Ended Schemes,Equity Scheme - Large Cap Fund,17-07-2020,31.26840
118632,Nippon India Large Cap Fund - Direct Plan Growth Plan - Growth Option,Nippon India Mutual Fund,Open Ended Schemes,Equity Scheme - Large Cap Fund,16-07-2020,30.72450
118632,Nippon India Large Cap Fund - Direct Plan Growth Plan - Growth Option,Nippon India Mutual Fund,Open Ended Schemes,Equity Scheme - Large Cap Fund,15-07-2020,30.39270
118632,Nippon India Large Cap Fund - Direct Plan Growth Plan - Growth Option,Nippon India Mutual Fund,Open Ended Schemes,Equity Scheme - Large Cap Fund,14-07-2020,30.50090
118632,Nippon India Large Cap Fund - Direct Plan Growth Plan - Growth Option,Nippon India Mutual Fund,Open Ended Schemes,Equity Scheme - Large Cap Fund,13-07-2020,31.03470
118632,Nippon India Large Cap Fund - Direct Plan Growth Plan - Growth Option,Nippon India Mutual Fund,Open Ended Schemes,Equity Scheme - Large Cap Fund,10-07-2020,30.93710
118632,Nippon India Large Cap Fund - Direct Plan Growth Plan - Growth Option,Nippon India Mutual Fund,Open Ended Schemes,Equity Scheme - Large Cap Fund,09-07-2020,31.13140
118632,Nippon India Large Cap Fund - Direct Plan Growth Plan - Growth Option,Nippon India Mutual Fund,Open Ended Schemes,Equity Scheme - Large Cap Fund,08-07-2020,30.91030
118632,Nippon India Large Cap Fund - Direct Plan Growth Plan - Growth Option,Nippon India Mutual Fund,Open Ended Schemes,Equity Scheme - Large Cap Fund,07-07-2020,31.06310
118632,Nippon India Large Cap Fund - Direct Plan Growth Plan - Growth Option,Nippon India Mutual Fund,Open Ended Schemes,Equity Scheme - Large Cap Fund,06-07-2020,31.02980
118632,Nippon India Large Cap Fund - Direct Plan Growth Plan - Growth Option,Nippon India Mutual Fund,Open Ended Schemes,Equity Scheme - Large Cap Fund,03-07-2020,30.60660
118632,Nippon India Large Cap Fund - Direct Plan Growth Plan - Growth Option,Nippon India Mutual Fund,Open Ended Schemes,Equity Scheme - Large Cap Fund,02-07-2020,30.42170
118632,Nippon India Large Cap Fund - Direct Plan Growth Plan - Growth Option,Nippon India Mutual Fund,Open Ended Schemes,Equity Scheme - Large Cap Fund,01-07-2020,30.16760
118632,Nippon India Large Cap Fund - Direct Plan Growth Plan - Growth Option,Nippon India Mutual Fund,Open Ended Schemes,Equity Scheme - Large Cap Fund,30-06-2020,29.76080
118632,Nippon India Large Cap Fund - Direct Plan Growth Plan - Growth Option,Nippon India Mutual Fund,Open Ended Schemes,Equity Scheme - Large Cap Fund,29-06-2020,29.83690
118632,Nippon India Large Cap Fund - Direct Plan Growth Plan - Growth Option,Nippon India Mutual Fund,Open Ended Schemes,Equity Scheme - Large Cap Fund,26-06-2020,30.37690
118632,Nippon India Large Cap Fund - Direct Plan Growth Plan - Growth Option,Nippon India Mutual Fund,Open Ended Schemes,Equity Scheme - Large Cap Fund,25-06-2020,30.13460
118632,Nippon India Large Cap Fund - Direct Plan Growth Plan - Growth Option,Nippon India Mutual Fund,Open Ended Schemes,Equity Scheme - Large Cap Fund,24-06-2020,30.12700
118632,Nippon India Large Cap Fund - Direct Plan Growth Plan - Growth Option,Nippon India Mutual Fund,Open Ended Schemes,Equity Scheme - Large Cap Fund,23-06-2020,30.70120
118632,Nippon India Large Cap Fund - Direct Plan Growth Plan - Growth Option,Nippon India Mutual Fund,Open Ended Schemes,Equity Scheme - Large Cap Fund,22-06-2020,30.26990
118632,Nippon India Large Cap Fund - Direct Plan Growth Plan - Growth Option,Nippon India Mutual Fund,Open Ended Schemes,Equity Scheme - Large Cap Fund,19-06-2020,29.83420
118632,Nippon India Large Cap Fund - Direct Plan Growth Plan - Growth Option,Nippon India Mutual Fund,Open Ended Schemes,Equity Scheme - Large Cap Fund,18-06-2020,29.33340
118632,Nippon India Large Cap Fund - Direct Plan Growth Plan - Growth Option,Nippon India Mutual Fund,Open Ended Schemes,Equity Scheme - Large Cap Fund,17-06-2020,28.72390
118632,Nippon India Large Cap Fund - Direct Plan Growth Plan - Growth Option,Nippon India Mutual Fund,Open Ended Schemes,Equity Scheme - Large Cap Fund,16-06-2020,28.73530
118632,Nippon India Large Cap Fund - Direct Plan Growth Plan - Growth Option,Nippon India Mutual Fund,Open Ended Schemes,Equity Scheme - Large Cap Fund,15-06-2020,28.72420
118632,Nippon India Large Cap Fund - Direct Plan Growth Plan - Growth Option,Nippon India Mutual Fund,Open Ended Schemes,Equity Scheme - Large Cap Fund,12-06-2020,29.23440
118632,Nippon India Large Cap Fund - Direct Plan Growth Plan - Growth Option,Nippon India Mutual Fund,Open Ended Schemes,Equity Scheme - Large Cap Fund,11-06-2020,29.06150
118632,Nippon India Large Cap Fund - Direct Plan Growth Plan - Growth Option,Nippon India Mutual Fund,Open Ended Schemes,Equity Scheme - Large Cap Fund,10-06-2020,29.79630
118632,Nippon India Large Cap Fund - Direct Plan Growth Plan - Growth Option,Nippon India Mutual Fund,Open Ended Schemes,Equity Scheme - Large Cap Fund,09-06-2020,29.75980
118632,Nippon India Large Cap Fund - Direct Plan Growth Plan - Growth Option,Nippon India Mutual Fund,Open Ended Schemes,Equity Scheme - Large Cap Fund,08-06-2020,30.19960
118632,Nippon India Large Cap Fund - Direct Plan Growth Plan - Growth Option,Nippon India Mutual Fund,Open Ended Schemes,Equity Scheme - Large Cap Fund,05-06-2020,29.89140
118632,Nippon India Large Cap Fund - Direct Plan Growth Plan - Growth Option,Nippon India Mutual Fund,Open Ended Schemes,Equity Scheme - Large Cap Fund,04-06-2020,29.07460
118632,Nippon India Large Cap Fund - Direct Plan Growth Plan - Growth Option,Nippon India Mutual Fund,Open Ended Schemes,Equity Scheme - Large Cap Fund,03-06-2020,29.02460
118632,Nippon India Large Cap Fund - Direct Plan Growth Plan - Growth Option,Nippon India Mutual Fund,Open Ended Schemes,Equity Scheme - Large Cap Fund,02-06-2020,28.84510
118632,Nippon India Large Cap Fund - Direct Plan Growth Plan - Growth Option,Nippon India Mutual Fund,Open Ended Schemes,Equity Scheme - Large Cap Fund,01-06-2020,28.61790
118632,Nippon India Large Cap Fund - Direct Plan Growth Plan - Growth Option,Nippon India Mutual Fund,Open Ended Schemes,Equity Scheme - Large Cap Fund,29-05-2020,27.81110
118632,Nippon India Large Cap Fund - Direct Plan Growth Plan - Growth Option,Nippon India Mutual Fund,Open Ended Schemes,Equity Scheme - Large Cap Fund,28-05-2020,27.37930
118632,Nippon India Large Cap Fund - Direct Plan Growth Plan - Growth Option,Nippon India Mutual Fund,Open Ended Schemes,Equity Scheme - Large Cap Fund,27-05-2020,26.88460
118632,Nippon India Large Cap Fund - Direct Plan Growth Plan - Growth Option,Nippon India Mutual Fund,Open Ended Schemes,Equity Scheme - Large Cap Fund,26-05-2020,26.20280
118632,Nippon India Large Cap Fund - Direct Plan Growth Plan - Growth Option,Nippon India Mutual Fund,Open Ended Schemes,Equity Scheme - Large Cap Fund,22-05-2020,26.25030
118632,Nippon India Large Cap Fund - Direct Plan Growth Plan - Growth Option,Nippon India Mutual Fund,Open Ended Schemes,Equity Scheme - Large Cap Fund,21-05-2020,26.58250
118632,Nippon India Large Cap Fund - Direct Plan Growth Plan - Growth Option,Nippon India Mutual Fund,Open Ended Schemes,Equity Scheme - Large Cap Fund,20-05-2020,26.28350
118632,Nippon India Large Cap Fund - Direct Plan Growth Plan - Growth Option,Nippon India Mutual Fund,Open Ended Schemes,Equity Scheme - Large Cap Fund,19-05-2020,25.79620
118632,Nippon India Large Cap Fund - Direct Plan Growth Plan - Growth Option,Nippon India Mutual Fund,Open Ended Schemes,Equity Scheme - Large Cap Fund,18-05-2020,25.66050
118632,Nippon India Large Cap Fund - Direct Plan Growth Plan - Growth Option,Nippon India Mutual Fund,Open Ended Schemes,Equity Scheme - Large Cap Fund,15-05-2020,26.75700
118632,Nippon India Large Cap Fund - Direct Plan Growth Plan - Growth Option,Nippon India Mutual Fund,Open Ended Schemes,Equity Scheme - Large Cap Fund,14-05-2020,26.82480
118632,Nippon India Large Cap Fund - Direct Plan Growth Plan - Growth Option,Nippon India Mutual Fund,Open Ended Schemes,Equity Scheme - Large Cap Fund,13-05-2020,27.36140
118632,Nippon India Large Cap Fund - Direct Plan Growth Plan - Growth Option,Nippon India Mutual Fund,Open Ended Schemes,Equity Scheme - Large Cap Fund,12-05-2020,26.76750
118632,Nippon India Large Cap Fund - Direct Plan Growth Plan - Growth Option,Nippon India Mutual Fund,Open Ended Schemes,Equity Scheme - Large Cap Fund,11-05-2020,26.71180
118632,Nippon India Large Cap Fund - Direct Plan Growth Plan - Growth Option,Nippon India Mutual Fund,Open Ended Schemes,Equity Scheme - Large Cap Fund,08-05-2020,26.74450
118632,Nippon India Large Cap Fund - Direct Plan Growth Plan - Growth Option,Nippon India Mutual Fund,Open Ended Schemes,Equity Scheme - Large Cap Fund,07-05-2020,26.87110
118632,Nippon India Large Cap Fund - Direct Plan Growth Plan - Growth Option,Nippon India Mutual Fund,Open Ended Schemes,Equity Scheme - Large Cap Fund,06-05-2020,27.16510
118632,Nippon India Large Cap Fund - Direct Plan Growth Plan - Growth Option,Nippon India Mutual Fund,Open Ended Schemes,Equity Scheme - Large Cap Fund,05-05-2020,27.15400
118632,Nippon India Large Cap Fund - Direct Plan Growth Plan - Growth Option,Nippon India Mutual Fund,Open Ended Schemes,Equity Scheme - Large Cap Fund,04-05-2020,27.49900
118632,Nippon India Large Cap Fund - Direct Plan Growth Plan - Growth Option,Nippon India Mutual Fund,Open Ended Schemes,Equity Scheme - Large Cap Fund,30-04-2020,29.07720
118632,Nippon India Large Cap Fund - Direct Plan Growth Plan - Growth Option,Nippon India Mutual Fund,Open Ended Schemes,Equity Scheme - Large Cap Fund,29-04-2020,28.12320
118632,Nippon India Large Cap Fund - Direct Plan Growth Plan - Growth Option,Nippon India Mutual Fund,Open Ended Schemes,Equity Scheme - Large Cap Fund,28-04-2020,27.58410
118632,Nippon India Large Cap Fund - Direct Plan Growth Plan - Growth Option,Nippon India Mutual Fund,Open Ended Schemes,Equity Scheme - Large Cap Fund,27-04-2020,27.45450
118632,Nippon India Large Cap Fund - Direct Plan Growth Plan - Growth Option,Nippon India Mutual Fund,Open Ended Schemes,Equity Scheme - Large Cap Fund,24-04-2020,27.23580
118632,Nippon India Large Cap Fund - Direct Plan Growth Plan - Growth Option,Nippon India Mutual Fund,Open Ended Schemes,Equity Scheme - Large Cap Fund,23-04-2020,27.73760
118632,Nippon India Large Cap Fund - Direct Plan Growth Plan - Growth Option,Nippon India Mutual Fund,Open Ended Schemes,Equity Scheme - Large Cap Fund,22-04-2020,27.60740
118632,Nippon India Large Cap Fund - Direct Plan Growth Plan - Growth Option,Nippon India Mutual Fund,Open Ended Schemes,Equity Scheme - Large Cap Fund,21-04-2020,27.36480
118632,Nippon India Large Cap Fund - Direct Plan Growth Plan - Growth Option,Nippon India Mutual Fund,Open Ended Schemes,Equity Scheme - Large Cap Fund,20-04-2020,28.29580
118632,Nippon India Large Cap Fund - Direct Plan Growth Plan - Growth Option,Nippon India Mutual Fund,Open Ended Schemes,Equity Scheme - Large Cap Fund,17-04-2020,28.25970
118632,Nippon India Large Cap Fund - Direct Plan Growth Plan - Growth Option,Nippon India Mutual Fund,Open Ended Schemes,Equity Scheme - Large Cap Fund,16-04-2020,27.51780
118632,Nippon India Large Cap Fund - Direct Plan Growth Plan - Growth Option,Nippon India Mutual Fund,Open Ended Schemes,Equity Scheme - Large Cap Fund,15-04-2020,27.19640
118632,Nippon India Large Cap Fund - Direct Plan Growth Plan - Growth Option,Nippon India Mutual Fund,Open Ended Schemes,Equity Scheme - Large Cap Fund,13-04-2020,27.10910
118632,Nippon India Large Cap Fund - Direct Plan Growth Plan - Growth Option,Nippon India Mutual Fund,Open Ended Schemes,Equity Scheme - Large Cap Fund,09-04-2020,27.20960
118632,Nippon India Large Cap Fund - Direct Plan Growth Plan - Growth Option,Nippon India Mutual Fund,Open Ended Schemes,Equity Scheme - Large Cap Fund,08-04-2020,26.20990
118632,Nippon India Large Cap Fund - Direct Plan Growth Plan - Growth Option,Nippon India Mutual Fund,Open Ended Schemes,Equity Scheme - Large Cap Fund,07-04-2020,26.11170
118632,Nippon India Large Cap Fund - Direct Plan Growth Plan - Growth Option,Nippon India Mutual Fund,Open Ended Schemes,Equity Scheme - Large Cap Fund,03-04-2020,24.39400
118632,Nippon India Large Cap Fund - Direct Plan Growth Plan - Growth Option,Nippon India Mutual Fund,Open Ended Schemes,Equity Scheme - Large Cap Fund,01-04-2020,24.83600
118632,Nippon India Large Cap Fund - Direct Plan Growth Plan - Growth Option,Nippon India Mutual Fund,Open Ended Schemes,Equity Scheme - Large Cap Fund,31-03-2020,25.77540
118632,Nippon India Large Cap Fund - Direct Plan Growth Plan - Growth Option,Nippon India Mutual Fund,Open Ended Schemes,Equity Scheme - Large Cap Fund,30-03-2020,24.72200
118632,Nippon India Large Cap Fund - Direct Plan Growth Plan - Growth Option,Nippon India Mutual Fund,Open Ended Schemes,Equity Scheme - Large Cap Fund,27-03-2020,25.65790
118632,Nippon India Large Cap Fund - Direct Plan Growth Plan - Growth Option,Nippon India Mutual Fund,Open Ended Schemes,Equity Scheme - Large Cap Fund,26-03-2020,25.76110
118632,Nippon India Large Cap Fund - Direct Plan Growth Plan - Growth Option,Nippon India Mutual Fund,Open Ended Schemes,Equity Scheme - Large Cap Fund,25-03-2020,24.84440
118632,Nippon India Large Cap Fund - Direct Plan Growth Plan - Growth Option,Nippon India Mutual Fund,Open Ended Schemes,Equity Scheme - Large Cap Fund,24-03-2020,23.84390
118632,Nippon India Large Cap Fund - Direct Plan Growth Plan - Growth Option,Nippon India Mutual Fund,Open Ended Schemes,Equity Scheme - Large Cap Fund,23-03-2020,23.46730
118632,Nippon India Large Cap Fund - Direct Plan Growth Plan - Growth Option,Nippon India Mutual Fund,Open Ended Schemes,Equity Scheme - Large Cap Fund,20-03-2020,26.95880
118632,Nippon India Large Cap Fund - Direct Plan Growth Plan - Growth Option,Nippon India Mutual Fund,Open Ended Schemes,Equity Scheme - Large Cap Fund,19-03-2020,25.88410
118632,Nippon India Large Cap Fund - Direct Plan Growth Plan - Growth Option,Nippon India Mutual Fund,Open Ended Schemes,Equity Scheme - Large Cap Fund,18-03-2020,26.71130
118632,Nippon India Large Cap Fund - Direct Plan Growth Plan - Growth Option,Nippon India Mutual Fund,Open Ended Schemes,Equity Scheme - Large Cap Fund,17-03-2020,27.91350
118632,Nippon India Large Cap Fund - Direct Plan Growth Plan - Growth Option,Nippon India Mutual Fund,Open Ended Schemes,Equity Scheme - Large Cap Fund,16-03-2020,28.54560
118632,Nippon India Large Cap Fund - Direct Plan Growth Plan - Growth Option,Nippon India Mutual Fund,Open Ended Schemes,Equity Scheme - Large Cap Fund,13-03-2020,30.55890
118632,Nippon India Large Cap Fund - Direct Plan Growth Plan - Growth Option,Nippon India Mutual Fund,Open Ended Schemes,Equity Scheme - Large Cap Fund,12-03-2020,29.12420
118632,Nippon India Large Cap Fund - Direct Plan Growth Plan - Growth Option,Nippon India Mutual Fund,Open Ended Schemes,Equity Scheme - Large Cap Fund,11-03-2020,32.00670
118632,Nippon India Large Cap Fund - Direct Plan Growth Plan - Growth Option,Nippon India Mutual Fund,Open Ended Schemes,Equity Scheme - Large Cap Fund,09-03-2020,32.39640
118632,Nippon India Large Cap Fund - Direct Plan Growth Plan - Growth Option,Nippon India Mutual Fund,Open Ended Schemes,Equity Scheme - Large Cap Fund,06-03-2020,33.89750
118632,Nippon India Large Cap Fund - Direct Plan Growth Plan - Growth Option,Nippon India Mutual Fund,Open Ended Schemes,Equity Scheme - Large Cap Fund,05-03-2020,34.79650
118632,Nippon India Large Cap Fund - Direct Plan Growth Plan - Growth Option,Nippon India Mutual Fund,Open Ended Schemes,Equity Scheme - Large Cap Fund,04-03-2020,34.74380
118632,Nippon India Large Cap Fund - Direct Plan Growth Plan - Growth Option,Nippon India Mutual Fund,Open Ended Schemes,Equity Scheme - Large Cap Fund,03-03-2020,35.09470
118632,Nippon India Large Cap Fund - Direct Plan Growth Plan - Growth Option,Nippon India Mutual Fund,Open Ended Schemes,Equity Scheme - Large Cap Fund,02-03-2020,34.52330
118632,Nippon India Large Cap Fund - Direct Plan Growth Plan - Growth Option,Nippon India Mutual Fund,Open Ended Schemes,Equity Scheme - Large Cap Fund,28-02-2020,34.96350
118632,Nippon India Large Cap Fund - Direct Plan Growth Plan - Growth Option,Nippon India Mutual Fund,Open Ended Schemes,Equity Scheme - Large Cap Fund,27-02-2020,36.23620
118632,Nippon India Large Cap Fund - Direct Plan Growth Plan - Growth Option,Nippon India Mutual Fund,Open Ended Schemes,Equity Scheme - Large Cap Fund,26-02-2020,36.45360
118632,Nippon India Large Cap Fund - Direct Plan Growth Plan - Growth Option,Nippon India Mutual Fund,Open Ended Schemes,Equity Scheme - Large Cap Fund,25-02-2020,36.85220
118632,Nippon India Large Cap Fund - Direct Plan Growth Plan - Growth Option,Nippon India Mutual Fund,Open Ended Schemes,Equity Scheme - Large Cap Fund,24-02-2020,37.03100
118632,Nippon India Large Cap Fund - Direct Plan Growth Plan - Growth Option,Nippon India Mutual Fund,Open Ended Schemes,Equity Scheme - Large Cap Fund,20-02-2020,37.84520
118632,Nippon India Large Cap Fund - Direct Plan Growth Plan - Growth Option,Nippon India Mutual Fund,Open Ended Schemes,Equity Scheme - Large Cap Fund,19-02-2020,37.70320
118632,Nippon India Large Cap Fund - Direct Plan Growth Plan - Growth Option,Nippon India Mutual Fund,Open Ended Schemes,Equity Scheme - Large Cap Fund,18-02-2020,37.37890
118632,Nippon India Large Cap Fund - Direct Plan Growth Plan - Growth Option,Nippon India Mutual Fund,Open Ended Schemes,Equity Scheme - Large Cap Fund,17-02-2020,37.49530
118632,Nippon India Large Cap Fund - Direct Plan Growth Plan - Growth Option,Nippon India Mutual Fund,Open Ended Schemes,Equity Scheme - Large Cap Fund,14-02-2020,37.81710
118632,Nippon India Large Cap Fund - Direct Plan Growth Plan - Growth Option,Nippon India Mutual Fund,Open Ended Schemes,Equity Scheme - Large Cap Fund,13-02-2020,38.06940
118632,Nippon India Large Cap Fund - Direct Plan Growth Plan - Growth Option,Nippon India Mutual Fund,Open Ended Schemes,Equity Scheme - Large Cap Fund,12-02-2020,38.11160
118632,Nippon India Large Cap Fund - Direct Plan Growth Plan - Growth Option,Nippon India Mutual Fund,Open Ended Schemes,Equity Scheme - Large Cap Fund,11-02-2020,38.16140
118632,Nippon India Large Cap Fund - Direct Plan Growth Plan - Growth Option,Nippon India Mutual Fund,Open Ended Schemes,Equity Scheme - Large Cap Fund,10-02-2020,37.81780
118632,Nippon India Large Cap Fund - Direct Plan Growth Plan - Growth Option,Nippon India Mutual Fund,Open Ended Schemes,Equity Scheme - Large Cap Fund,07-02-2020,38.20860
118632,Nippon India Large Cap Fund - Direct Plan Growth Plan - Growth Option,Nippon India Mutual Fund,Open Ended Schemes,Equity Scheme - Large Cap Fund,06-02-2020,38.20930
118632,Nippon India Large Cap Fund - Direct Plan Growth Plan - Growth Option,Nippon India Mutual Fund,Open Ended Schemes,Equity Scheme - Large Cap Fund,05-02-2020,37.86230
118632,Nippon India Large Cap Fund - Direct Plan Growth Plan - Growth Option,Nippon India Mutual Fund,Open Ended Schemes,Equity Scheme - Large Cap Fund,04-02-2020,37.24060
118632,Nippon India Large Cap Fund - Direct Plan Growth Plan - Growth Option,Nippon India Mutual Fund,Open Ended Schemes,Equity Scheme - Large Cap Fund,03-02-2020,36.36340
118632,Nippon India Large Cap Fund - Direct Plan Growth Plan - Growth Option,Nippon India Mutual Fund,Open Ended Schemes,Equity Scheme - Large Cap Fund,31-01-2020,37.63210
118632,Nippon India Large Cap Fund - Direct Plan Growth Plan - Growth Option,Nippon India Mutual Fund,Open Ended Schemes,Equity Scheme - Large Cap Fund,30-01-2020,37.88840
118632,Nippon India Large Cap Fund - Direct Plan Growth Plan - Growth Option,Nippon India Mutual Fund,Open Ended Schemes,Equity Scheme - Large Cap Fund,29-01-2020,38.16150
118632,Nippon India Large Cap Fund - Direct Plan Growth Plan - Growth Option,Nippon India Mutual Fund,Open Ended Schemes,Equity Scheme - Large Cap Fund,28-01-2020,37.90950
118632,Nippon India Large Cap Fund - Direct Plan Growth Plan - Growth Option,Nippon India Mutual Fund,Open Ended Schemes,Equity Scheme - Large Cap Fund,27-01-2020,38.12050
118632,Nippon India Large Cap Fund - Direct Plan Growth Plan - Growth Option,Nippon India Mutual Fund,Open Ended Schemes,Equity Scheme - Large Cap Fund,24-01-2020,38.54930
118632,Nippon India Large Cap Fund - Direct Plan Growth Plan - Growth Option,Nippon India Mutual Fund,Open Ended Schemes,Equity Scheme - Large Cap Fund,23-01-2020,38.31770
118632,Nippon India Large Cap Fund - Direct Plan Growth Plan - Growth Option,Nippon India Mutual Fund,Open Ended Schemes,Equity Scheme - Large Cap Fund,22-01-2020,37.92280
118632,Nippon India Large Cap Fund - Direct Plan Growth Plan - Growth Option,Nippon India Mutual Fund,Open Ended Schemes,Equity Scheme - Large Cap Fund,21-01-2020,38.09250
118632,Nippon India Large Cap Fund - Direct Plan Growth Plan - Growth Option,Nippon India Mutual Fund,Open Ended Schemes,Equity Scheme - Large Cap Fund,20-01-2020,38.29130
118632,Nippon India Large Cap Fund - Direct Plan Growth Plan - Growth Option,Nippon India Mutual Fund,Open Ended Schemes,Equity Scheme - Large Cap Fund,17-01-2020,38.53970
118632,Nippon India Large Cap Fund - Direct Plan Growth Plan - Growth Option,Nippon India Mutual Fund,Open Ended Schemes,Equity Scheme - Large Cap Fund,16-01-2020,38.52370
118632,Nippon India Large Cap Fund - Direct Plan Growth Plan - Growth Option,Nippon India Mutual Fund,Open Ended Schemes,Equity Scheme - Large Cap Fund,15-01-2020,38.52160
118632,Nippon India Large Cap Fund - Direct Plan Growth Plan - Growth Option,Nippon India Mutual Fund,Open Ended Schemes,Equity Scheme - Large Cap Fund,14-01-2020,38.55460
118632,Nippon India Large Cap Fund - Direct Plan Growth Plan - Growth Option,Nippon India Mutual Fund,Open Ended Schemes,Equity Scheme - Large Cap Fund,13-01-2020,38.42700
118632,Nippon India Large Cap Fund - Direct Plan Growth Plan - Growth Option,Nippon India Mutual Fund,Open Ended Schemes,Equity Scheme - Large Cap Fund,10-01-2020,38.21680
118632,Nippon India Large Cap Fund - Direct Plan Growth Plan - Growth Option,Nippon India Mutual Fund,Open Ended Schemes,Equity Scheme - Large Cap Fund,09-01-2020,38.06400
118632,Nippon India Large Cap Fund - Direct Plan Growth Plan - Growth Option,Nippon India Mutual Fund,Open Ended Schemes,Equity Scheme - Large Cap Fund,08-01-2020,37.38860
118632,Nippon India Large Cap Fund - Direct Plan Growth Plan - Growth Option,Nippon India Mutual Fund,Open Ended Schemes,Equity Scheme - Large Cap Fund,07-01-2020,37.51290
118632,Nippon India Large Cap Fund - Direct Plan Growth Plan - Growth Option,Nippon India Mutual Fund,Open Ended Schemes,Equity Scheme - Large Cap Fund,06-01-2020,37.40680
118632,Nippon India Large Cap Fund - Direct Plan Growth Plan - Growth Option,Nippon India Mutual Fund,Open Ended Schemes,Equity Scheme - Large Cap Fund,03-01-2020,38.27150
118632,Nippon India Large Cap Fund - Direct Plan Growth Plan - Growth Option,Nippon India Mutual Fund,Open Ended Schemes,Equity Scheme - Large Cap Fund,02-01-2020,38.44830
118632,Nippon India Large Cap Fund - Direct Plan Growth Plan - Growth Option,Nippon India Mutual Fund,Open Ended Schemes,Equity Scheme - Large Cap Fund,01-01-2020,37.96680
118632,Nippon India Large Cap Fund - Direct Plan Growth Plan - Growth Option,Nippon India Mutual Fund,Open Ended Schemes,Equity Scheme - Large Cap Fund,31-12-2019,37.95940
118632,Nippon India Large Cap Fund - Direct Plan Growth Plan - Growth Option,Nippon India Mutual Fund,Open Ended Schemes,Equity Scheme - Large Cap Fund,30-12-2019,38.13810
118632,Nippon India Large Cap Fund - Direct Plan Growth Plan - Growth Option,Nippon India Mutual Fund,Open Ended Schemes,Equity Scheme - Large Cap Fund,27-12-2019,38.06820
118632,Nippon India Large Cap Fund - Direct Plan Growth Plan - Growth Option,Nippon India Mutual Fund,Open Ended Schemes,Equity Scheme - Large Cap Fund,26-12-2019,37.53890
118632,Nippon India Large Cap Fund - Direct Plan Growth Plan - Growth Option,Nippon India Mutual Fund,Open Ended Schemes,Equity Scheme - Large Cap Fund,24-12-2019,37.76570
118632,Nippon India Large Cap Fund - Direct Plan Growth Plan - Growth Option,Nippon India Mutual Fund,Open Ended Schemes,Equity Scheme - Large Cap Fund,23-12-2019,37.89120
118632,Nippon India Large Cap Fund - Direct Plan Growth Plan - Growth Option,Nippon India Mutual Fund,Open Ended Schemes,Equity Scheme - Large Cap Fund,20-12-2019,37.97280
118632,Nippon India Large Cap Fund - Direct Plan Growth Plan - Growth Option,Nippon India Mutual Fund,Open Ended Schemes,Equity Scheme - Large Cap Fund,19-12-2019,37.84800
118632,Nippon India Large Cap Fund - Direct Plan Growth Plan - Growth Option,Nippon India Mutual Fund,Open Ended Schemes,Equity Scheme - Large Cap Fund,18-12-2019,37.77130
118632,Nippon India Large Cap Fund - Direct Plan Growth Plan - Growth Option,Nippon India Mutual Fund,Open Ended Schemes,Equity Scheme - Large Cap Fund,17-12-2019,37.81790
118632,Nippon India Large Cap Fund - Direct Plan Growth Plan - Growth Option,Nippon India Mutual Fund,Open Ended Schemes,Equity Scheme - Large Cap Fund,16-12-2019,37.35590
118632,Nippon India Large Cap Fund - Direct Plan Growth Plan - Growth Option,Nippon India Mutual Fund,Open Ended Schemes,Equity Scheme - Large Cap Fund,13-12-2019,37.50640
118632,Nippon India Large Cap Fund - Direct Plan Growth Plan - Growth Option,Nippon India Mutual Fund,Open Ended Schemes,Equity Scheme - Large Cap Fund,12-12-2019,36.95400
118632,Nippon India Large Cap Fund - Direct Plan Growth Plan - Growth Option,Nippon India Mutual Fund,Open Ended Schemes,Equity Scheme - Large Cap Fund,11-12-2019,36.56980
118632,Nippon India Large Cap Fund - Direct Plan Growth Plan - Growth Option,Nippon India Mutual Fund,Open Ended Schemes,Equity Scheme - Large Cap Fund,10-12-2019,36.45520
118632,Nippon India Large Cap Fund - Direct Plan Growth Plan - Growth Option,Nippon India Mutual Fund,Open Ended Schemes,Equity Scheme - Large Cap Fund,09-12-2019,36.76940
118632,Nippon India Large Cap Fund - Direct Plan Growth Plan - Growth Option,Nippon India Mutual Fund,Open Ended Schemes,Equity Scheme - Large Cap Fund,06-12-2019,36.74080
118632,Nippon India Large Cap Fund - Direct Plan Growth Plan - Growth Option,Nippon India Mutual Fund,Open Ended Schemes,Equity Scheme - Large Cap Fund,05-12-2019,37.21280
118632,Nippon India Large Cap Fund - Direct Plan Growth Plan - Growth Option,Nippon India Mutual Fund,Open Ended Schemes,Equity Scheme - Large Cap Fund,04-12-2019,37.46980
118632,Nippon India Large Cap Fund - Direct Plan Growth Plan - Growth Option,Nippon India Mutual Fund,Open Ended Schemes,Equity Scheme - Large Cap Fund,03-12-2019,37.20690
118632,Nippon India Large Cap Fund - Direct Plan Growth Plan - Growth Option,Nippon India Mutual Fund,Open Ended Schemes,Equity Scheme - Large Cap Fund,02-12-2019,37.52740
118632,Nippon India Large Cap Fund - Direct Plan Growth Plan - Growth Option,Nippon India Mutual Fund,Open Ended Schemes,Equity Scheme - Large Cap Fund,29-11-2019,37.62320
118632,Nippon India Large Cap Fund - Direct Plan Growth Plan - Growth Option,Nippon India Mutual Fund,Open Ended Schemes,Equity Scheme - Large Cap Fund,28-11-2019,37.88330
118632,Nippon India Large Cap Fund - Direct Plan Growth Plan - Growth Option,Nippon India Mutual Fund,Open Ended Schemes,Equity Scheme - Large Cap Fund,27-11-2019,37.70950
118632,Nippon India Large Cap Fund - Direct Plan Growth Plan - Growth Option,Nippon India Mutual Fund,Open Ended Schemes,Equity Scheme - Large Cap Fund,26-11-2019,37.53890
118632,Nippon India Large Cap Fund - Direct Plan Growth Plan - Growth Option,Nippon India Mutual Fund,Open Ended Schemes,Equity Scheme - Large Cap Fund,25-11-2019,37.71650
118632,Nippon India Large Cap Fund - Direct Plan Growth Plan - Growth Option,Nippon India Mutual Fund,Open Ended Schemes,Equity Scheme - Large Cap Fund,22-11-2019,37.20190
118632,Nippon India Large Cap Fund - Direct Plan Growth Plan - Growth Option,Nippon India Mutual Fund,Open Ended Schemes,Equity Scheme - Large Cap Fund,21-11-2019,37.36040
118632,Nippon India Large Cap Fund - Direct Plan Growth Plan - Growth Option,Nippon India Mutual Fund,Open Ended Schemes,Equity Scheme - Large Cap Fund,20-11-2019,37.55240
118632,Nippon India Large Cap Fund - Direct Plan Growth Plan - Growth Option,Nippon India Mutual Fund,Open Ended Schemes,Equity Scheme - Large Cap Fund,19-11-2019,37.40030
118632,Nippon India Large Cap Fund - Direct Plan Growth Plan - Growth Option,Nippon India Mutual Fund,Open Ended Schemes,Equity Scheme - Large Cap Fund,18-11-2019,37.12660
118632,Nippon India Large Cap Fund - Direct Plan Growth Plan - Growth Option,Nippon India Mutual Fund,Open Ended Schemes,Equity Scheme - Large Cap Fund,15-11-2019,36.91680
118632,Nippon India Large Cap Fund - Direct Plan Growth Plan - Growth Option,Nippon India Mutual Fund,Open Ended Schemes,Equity Scheme - Large Cap Fund,14-11-2019,36.66810
118632,Nippon India Large Cap Fund - Direct Plan Growth Plan - Growth Option,Nippon India Mutual Fund,Open Ended Schemes,Equity Scheme - Large Cap Fund,13-11-2019,36.69680
118632,Nippon India Large Cap Fund - Direct Plan Growth Plan - Growth Option,Nippon India Mutual Fund,Open Ended Schemes,Equity Scheme - Large Cap Fund,11-11-2019,37.06390
118632,Nippon India Large Cap Fund - Direct Plan Growth Plan - Growth Option,Nippon India Mutual Fund,Open Ended Schemes,Equity Scheme - Large Cap Fund,08-11-2019,36.88020
118632,Nippon India Large Cap Fund - Direct Plan Growth Plan - Growth Option,Nippon India Mutual Fund,Open Ended Schemes,Equity Scheme - Large Cap Fund,07-11-2019,37.34760
118632,Nippon India Large Cap Fund - Direct Plan Growth Plan - Growth Option,Nippon India Mutual Fund,Open Ended Schemes,Equity Scheme - Large Cap Fund,06-11-2019,37.39600
118632,Nippon India Large Cap Fund - Direct Plan Growth Plan - Growth Option,Nippon India Mutual Fund,Open Ended Schemes,Equity Scheme - Large Cap Fund,05-11-2019,37.26770
118632,Nippon India Large Cap Fund - Direct Plan Growth Plan - Growth Option,Nippon India Mutual Fund,Open Ended Schemes,Equity Scheme - Large Cap Fund,04-11-2019,37.43730
118632,Nippon India Large Cap Fund - Direct Plan Growth Plan - Growth Option,Nippon India Mutual Fund,Open Ended Schemes,Equity Scheme - Large Cap Fund,01-11-2019,37.30830
118632,Nippon India Large Cap Fund - Direct Plan Growth Plan - Growth Option,Nippon India Mutual Fund,Open Ended Schemes,Equity Scheme - Large Cap Fund,31-10-2019,37.23390
118632,Nippon India Large Cap Fund - Direct Plan Growth Plan - Growth Option,Nippon India Mutual Fund,Open Ended Schemes,Equity Scheme - Large Cap Fund,30-10-2019,36.98240
118632,Nippon India Large Cap Fund - Direct Plan Growth Plan - Growth Option,Nippon India Mutual Fund,Open Ended Schemes,Equity Scheme - Large Cap Fund,29-10-2019,36.67980
118632,Nippon India Large Cap Fund - Direct Plan Growth Plan - Growth Option,Nippon India Mutual Fund,Open Ended Schemes,Equity Scheme - Large Cap Fund,25-10-2019,35.82850
118632,Nippon India Large Cap Fund - Direct Plan Growth Plan - Growth Option,Nippon India Mutual Fund,Open Ended Schemes,Equity Scheme - Large Cap Fund,24-10-2019,35.62500
118632,Nippon India Large Cap Fund - Direct Plan Growth Plan - Growth Option,Nippon India Mutual Fund,Open Ended Schemes,Equity Scheme - Large Cap Fund,23-10-2019,35.96250
118632,Nippon India Large Cap Fund - Direct Plan Growth Plan - Growth Option,Nippon India Mutual Fund,Open Ended Schemes,Equity Scheme - Large Cap Fund,22-10-2019,35.88520
118632,Nippon India Large Cap Fund - Direct Plan Growth Plan - Growth Option,Nippon India Mutual Fund,Open Ended Schemes,Equity Scheme - Large Cap Fund,18-10-2019,35.97050
118632,Nippon India Large Cap Fund - Direct Plan Growth Plan - Growth Option,Nippon India Mutual Fund,Open Ended Schemes,Equity Scheme - Large Cap Fund,17-10-2019,35.69930
118632,Nippon India Large Cap Fund - Direct Plan Growth Plan - Growth Option,Nippon India Mutual Fund,Open Ended Schemes,Equity Scheme - Large Cap Fund,16-10-2019,35.21730
118632,Nippon India Large Cap Fund - Direct Plan Growth Plan - Growth Option,Nippon India Mutual Fund,Open Ended Schemes,Equity Scheme - Large Cap Fund,15-10-2019,35.17650
118632,Nippon India Large Cap Fund - Direct Plan Growth Plan - Growth Option,Nippon India Mutual Fund,Open Ended Schemes,Equity Scheme - Large Cap Fund,14-10-2019,34.97810
118632,Nippon India Large Cap Fund - Direct Plan Growth Plan - Growth Option,Nippon India Mutual Fund,Open Ended Schemes,Equity Scheme - Large Cap Fund,11-10-2019,34.86410
118632,Nippon India Large Cap Fund - Direct Plan Growth Plan - Growth Option,Nippon India Mutual Fund,Open Ended Schemes,Equity Scheme - Large Cap Fund,10-10-2019,34.66150
118632,Nippon India Large Cap Fund - Direct Plan Growth Plan - Growth Option,Nippon India Mutual Fund,Open Ended Schemes,Equity Scheme - Large Cap Fund,09-10-2019,35.08990
118632,Nippon India Large Cap Fund - Direct Plan Growth Plan - Growth Option,Nippon India Mutual Fund,Open Ended Schemes,Equity Scheme - Large Cap Fund,07-10-2019,34.42310
118632,Nippon India Large Cap Fund - Direct Plan Growth Plan - Growth Option,Nippon India Mutual Fund,Open Ended Schemes,Equity Scheme - Large Cap Fund,04-10-2019,34.72430
118632,Nippon India Large Cap Fund - Direct Plan Growth Plan - Growth Option,Nippon India Mutual Fund,Open Ended Schemes,Equity Scheme - Large Cap Fund,03-10-2019,35.23300
118632,Nippon India Large Cap Fund - Direct Plan Growth Plan - Growth Option,Nippon India Mutual Fund,Open Ended Schemes,Equity Scheme - Large Cap Fund,01-10-2019,35.23200
118632,Nippon India Large Cap Fund - Direct Plan Growth Plan - Growth Option,Nippon India Mutual Fund,Open Ended Schemes,Equity Scheme - Large Cap Fund,30-09-2019,35.69920
118632,Nippon India Large Cap Fund - Direct Plan Growth Plan - Growth Option,Nippon India Mutual Fund,Open Ended Schemes,Equity Scheme - Large Cap Fund,27-09-2019,35.89850
118632,Nippon India Large Cap Fund - Direct Plan Growth Plan - Growth Option,Nippon India Mutual Fund,Open Ended Schemes,Equity Scheme - Large Cap Fund,26-09-2019,36.07980
118632,Nippon India Large Cap Fund - Direct Plan Growth Plan - Growth Option,Nippon India Mutual Fund,Open Ended Schemes,Equity Scheme - Large Cap Fund,25-09-2019,35.54100
118632,Nippon India Large Cap Fund - Direct Plan Growth Plan - Growth Option,Nippon India Mutual Fund,Open Ended Schemes,Equity Scheme - Large Cap Fund,24-09-2019,36.31330
118632,Nippon India Large Cap Fund - Direct Plan Growth Plan - Growth Option,Nippon India Mutual Fund,Open Ended Schemes,Equity Scheme - Large Cap Fund,23-09-2019,36.56890
118632,Nippon India Large Cap Fund - Direct Plan Growth Plan - Growth Option,Nippon India Mutual Fund,Open Ended Schemes,Equity Scheme - Large Cap Fund,20-09-2019,35.10500
118632,Nippon India Large Cap Fund - Direct Plan Growth Plan - Growth Option,Nippon India Mutual Fund,Open Ended Schemes,Equity Scheme - Large Cap Fund,19-09-2019,33.08990
118632,Nippon India Large Cap Fund - Direct Plan Growth Plan - Growth Option,Nippon India Mutual Fund,Open Ended Schemes,Equity Scheme - Large Cap Fund,18-09-2019,33.53750
118632,Nippon India Large Cap Fund - Direct Plan Growth Plan - Growth Option,Nippon India Mutual Fund,Open Ended Schemes,Equity Scheme - Large Cap Fund,17-09-2019,33.35650
118632,Nippon India Large Cap Fund - Direct Plan Growth Plan - Growth Option,Nippon India Mutual Fund,Open Ended Schemes,Equity Scheme - Large Cap Fund,16-09-2019,34.15750
118632,Nippon India Large Cap Fund - Direct Plan Growth Plan - Growth Option,Nippon India Mutual Fund,Open Ended Schemes,Equity Scheme - Large Cap Fund,13-09-2019,34.41180
118632,Nippon India Large Cap Fund - Direct Plan Growth Plan - Growth Option,Nippon India Mutual Fund,Open Ended Schemes,Equity Scheme - Large Cap Fund,12-09-2019,34.10390
118632,Nippon India Large Cap Fund - Direct Plan Growth Plan - Growth Option,Nippon India Mutual Fund,Open Ended Schemes,Equity Scheme - Large Cap Fund,11-09-2019,34.18120
118632,Nippon India Large Cap Fund - Direct Plan Growth Plan - Growth Option,Nippon India Mutual Fund,Open Ended Schemes,Equity Scheme - Large Cap Fund,09-09-2019,33.90530
118632,Nippon India Large Cap Fund - Direct Plan Growth Plan - Growth Option,Nippon India Mutual Fund,Open Ended Schemes,Equity Scheme - Large Cap Fund,06-09-2019,33.64630
118632,Nippon India Large Cap Fund - Direct Plan Growth Plan - Growth Option,Nippon India Mutual Fund,Open Ended Schemes,Equity Scheme - Large Cap Fund,05-09-2019,33.37740
118632,Nippon India Large Cap Fund - Direct Plan Growth Plan - Growth Option,Nippon India Mutual Fund,Open Ended Schemes,Equity Scheme - Large Cap Fund,04-09-2019,33.19200
118632,Nippon India Large Cap Fund - Direct Plan Growth Plan - Growth Option,Nippon India Mutual Fund,Open Ended Schemes,Equity Scheme - Large Cap Fund,03-09-2019,32.96840
118632,Nippon India Large Cap Fund - Direct Plan Growth Plan - Growth Option,Nippon India Mutual Fund,Open Ended Schemes,Equity Scheme - Large Cap Fund,30-08-2019,33.59680
118632,Nippon India Large Cap Fund - Direct Plan Growth Plan - Growth Option,Nippon India Mutual Fund,Open Ended Schemes,Equity Scheme - Large Cap Fund,29-08-2019,33.38240
118632,Nippon India Large Cap Fund - Direct Plan Growth Plan - Growth Option,Nippon India Mutual Fund,Open Ended Schemes,Equity Scheme - Large Cap Fund,28-08-2019,33.71030
118632,Nippon India Large Cap Fund - Direct Plan Growth Plan - Growth Option,Nippon India Mutual Fund,Open Ended Schemes,Equity Scheme - Large Cap Fund,27-08-2019,33.98020
118632,Nippon India Large Cap Fund - Direct Plan Growth Plan - Growth Option,Nippon India Mutual Fund,Open Ended Schemes,Equity Scheme - Large Cap Fund,26-08-2019,33.65930
118632,Nippon India Large Cap Fund - Direct Plan Growth Plan - Growth Option,Nippon India Mutual Fund,Open Ended Schemes,Equity Scheme - Large Cap Fund,23-08-2019,33.04370
118632,Nippon India Large Cap Fund - Direct Plan Growth Plan - Growth Option,Nippon India Mutual Fund,Open Ended Schemes,Equity Scheme - Large Cap Fund,22-08-2019,32.77040
118632,Nippon India Large Cap Fund - Direct Plan Growth Plan - Growth Option,Nippon India Mutual Fund,Open Ended Schemes,Equity Scheme - Large Cap Fund,21-08-2019,33.36190
118632,Nippon India Large Cap Fund - Direct Plan Growth Plan - Growth Option,Nippon India Mutual Fund,Open Ended Schemes,Equity Scheme - Large Cap Fund,20-08-2019,33.86280
118632,Nippon India Large Cap Fund - Direct Plan Growth Plan - Growth Option,Nippon India Mutual Fund,Open Ended Schemes,Equity Scheme - Large Cap Fund,19-08-2019,34.08370
118632,Nippon India Large Cap Fund - Direct Plan Growth Plan - Growth Option,Nippon India Mutual Fund,Open Ended Schemes,Equity Scheme - Large Cap Fund,16-08-2019,34.05420
118632,Nippon India Large Cap Fund - Direct Plan Growth Plan - Growth Option,Nippon India Mutual Fund,Open Ended Schemes,Equity Scheme - Large Cap Fund,14-08-2019,33.96390
118632,Nippon India Large Cap Fund - Direct Plan Growth Plan - Growth Option,Nippon India Mutual Fund,Open Ended Schemes,Equity Scheme - Large Cap Fund,13-08-2019,33.58220
118632,Nippon India Large Cap Fund - Direct Plan Growth Plan - Growth Option,Nippon India Mutual Fund,Open Ended Schemes,Equity Scheme - Large Cap Fund,09-08-2019,34.36290
118632,Nippon India Large Cap Fund - Direct Plan Growth Plan - Growth Option,Nippon India Mutual Fund,Open Ended Schemes,Equity Scheme - Large Cap Fund,08-08-2019,34.28030
118632,Nippon India Large Cap Fund - Direct Plan Growth Plan - Growth Option,Nippon India Mutual Fund,Open Ended Schemes,Equity Scheme - Large Cap Fund,07-08-2019,33.84660
118632,Nippon India Large Cap Fund - Direct Plan Growth Plan - Growth Option,Nippon India Mutual Fund,Open Ended Schemes,Equity Scheme - Large Cap Fund,06-08-2019,34.39330
118632,Nippon India Large Cap Fund - Direct Plan Growth Plan - Growth Option,Nippon India Mutual Fund,Open Ended Schemes,Equity Scheme - Large Cap Fund,05-08-2019,34.02760
118632,Nippon India Large Cap Fund - Direct Plan Growth Plan - Growth Option,Nippon India Mutual Fund,Open Ended Schemes,Equity Scheme - Large Cap Fund,02-08-2019,34.46490
118632,Nippon India Large Cap Fund - Direct Plan Growth Plan - Growth Option,Nippon India Mutual Fund,Open Ended Schemes,Equity Scheme - Large Cap Fund,01-08-2019,34.64880
118632,Nippon India Large Cap Fund - Direct Plan Growth Plan - Growth Option,Nippon India Mutual Fund,Open Ended Schemes,Equity Scheme - Large Cap Fund,31-07-2019,35.30530
118632,Nippon India Large Cap Fund - Direct Plan Growth Plan - Growth Option,Nippon India Mutual Fund,Open Ended Schemes,Equity Scheme - Large Cap Fund,30-07-2019,34.98480
118632,Nippon India Large Cap Fund - Direct Plan Growth Plan - Growth Option,Nippon India Mutual Fund,Open Ended Schemes,Equity Scheme - Large Cap Fund,29-07-2019,35.58500
118632,Nippon India Large Cap Fund - Direct Plan Growth Plan - Growth Option,Nippon India Mutual Fund,Open Ended Schemes,Equity Scheme - Large Cap Fund,26-07-2019,35.97040
118632,Nippon India Large Cap Fund - Direct Plan Growth Plan - Growth Option,Nippon India Mutual Fund,Open Ended Schemes,Equity Scheme - Large Cap Fund,25-07-2019,35.80820
118632,Nippon India Large Cap Fund - Direct Plan Growth Plan - Growth Option,Nippon India Mutual Fund,Open Ended Schemes,Equity Scheme - Large Cap Fund,24-07-2019,35.82530
118632,Nippon India Large Cap Fund - Direct Plan Growth Plan - Growth Option,Nippon India Mutual Fund,Open Ended Schemes,Equity Scheme - Large Cap Fund,23-07-2019,36.20090
118632,Nippon India Large Cap Fund - Direct Plan Growth Plan - Growth Option,Nippon India Mutual Fund,Open Ended Schemes,Equity Scheme - Large Cap Fund,22-07-2019,36.34640
118632,Nippon India Large Cap Fund - Direct Plan Growth Plan - Growth Option,Nippon India Mutual Fund,Open Ended Schemes,Equity Scheme - Large Cap Fund,19-07-2019,36.36750
118632,Nippon India Large Cap Fund - Direct Plan Growth Plan - Growth Option,Nippon India Mutual Fund,Open Ended Schemes,Equity Scheme - Large Cap Fund,18-07-2019,36.95060
118632,Nippon India Large Cap Fund - Direct Plan Growth Plan - Growth Option,Nippon India Mutual Fund,Open Ended Schemes,Equity Scheme - Large Cap Fund,17-07-2019,37.50020
118632,Nippon India Large Cap Fund - Direct Plan Growth Plan - Growth Option,Nippon India Mutual Fund,Open Ended Schemes,Equity Scheme - Large Cap Fund,16-07-2019,37.44580
118632,Nippon India Large Cap Fund - Direct Plan Growth Plan - Growth Option,Nippon India Mutual Fund,Open Ended Schemes,Equity Scheme - Large Cap Fund,15-07-2019,37.07600
118632,Nippon India Large Cap Fund - Direct Plan Growth Plan - Growth Option,Nippon India Mutual Fund,Open Ended Schemes,Equity Scheme - Large Cap Fund,12-07-2019,37.22590
118632,Nippon India Large Cap Fund - Direct Plan Growth Plan - Growth Option,Nippon India Mutual Fund,Open Ended Schemes,Equity Scheme - Large Cap Fund,11-07-2019,37.21000
118632,Nippon India Large Cap Fund - Direct Plan Growth Plan - Growth Option,Nippon India Mutual Fund,Open Ended Schemes,Equity Scheme - Large Cap Fund,10-07-2019,36.86280
118632,Nippon India Large Cap Fund - Direct Plan Growth Plan - Growth Option,Nippon India Mutual Fund,Open Ended Schemes,Equity Scheme - Large Cap Fund,09-07-2019,37.22950
118632,Nippon India Large Cap Fund - Direct Plan Growth Plan - Growth Option,Nippon India Mutual Fund,Open Ended Schemes,Equity Scheme - Large Cap Fund,08-07-2019,36.96590
118632,Nippon India Large Cap Fund - Direct Plan Growth Plan - Growth Option,Nippon India Mutual Fund,Open Ended Schemes,Equity Scheme - Large Cap Fund,05-07-2019,37.89950
118632,Nippon India Large Cap Fund - Direct Plan Growth Plan - Growth Option,Nippon India Mutual Fund,Open Ended Schemes,Equity Scheme - Large Cap Fund,04-07-2019,38.40890
118632,Nippon India Large Cap Fund - Direct Plan Growth Plan - Growth Option,Nippon India Mutual Fund,Open Ended Schemes,Equity Scheme - Large Cap Fund,03-07-2019,38.27320
118632,Nippon India Large Cap Fund - Direct Plan Growth Plan - Growth Option,Nippon India Mutual Fund,Open Ended Schemes,Equity Scheme - Large Cap Fund,02-07-2019,38.14920
118632,Nippon India Large Cap Fund - Direct Plan Growth Plan - Growth Option,Nippon India Mutual Fund,Open Ended Schemes,Equity Scheme - Large Cap Fund,01-07-2019,38.12940
118632,Nippon India Large Cap Fund - Direct Plan Growth Plan - Growth Option,Nippon India Mutual Fund,Open Ended Schemes,Equity Scheme - Large Cap Fund,28-06-2019,38.04320
118632,Nippon India Large Cap Fund - Direct Plan Growth Plan - Growth Option,Nippon India Mutual Fund,Open Ended Schemes,Equity Scheme - Large Cap Fund,27-06-2019,38.06380
118632,Nippon India Large Cap Fund - Direct Plan Growth Plan - Growth Option,Nippon India Mutual Fund,Open Ended Schemes,Equity Scheme - Large Cap Fund,26-06-2019,37.88040
118632,Nippon India Large Cap Fund - Direct Plan Growth Plan - Growth Option,Nippon India Mutual Fund,Open Ended Schemes,Equity Scheme - Large Cap Fund,25-06-2019,37.59700
118632,Nippon India Large Cap Fund - Direct Plan Growth Plan - Growth Option,Nippon India Mutual Fund,Open Ended Schemes,Equity Scheme - Large Cap Fund,24-06-2019,37.28180
118632,Nippon India Large Cap Fund - Direct Plan Growth Plan - Growth Option,Nippon India Mutual Fund,Open Ended Schemes,Equity Scheme - Large Cap Fund,21-06-2019,37.29560
118632,Nippon India Large Cap Fund - Direct Plan Growth Plan - Growth Option,Nippon India Mutual Fund,Open Ended Schemes,Equity Scheme - Large Cap Fund,20-06-2019,37.52140
118632,Nippon India Large Cap Fund - Direct Plan Growth Plan - Growth Option,Nippon India Mutual Fund,Open Ended Schemes,Equity Scheme - Large Cap Fund,19-06-2019,36.90910
118632,Nippon India Large Cap Fund - Direct Plan Growth Plan - Growth Option,Nippon India Mutual Fund,Open Ended Schemes,Equity Scheme - Large Cap Fund,18-06-2019,37.04310
118632,Nippon India Large Cap Fund - Direct Plan Growth Plan - Growth Option,Nippon India Mutual Fund,Open Ended Schemes,Equity Scheme - Large Cap Fund,17-06-2019,36.92960
118632,Nippon India Large Cap Fund - Direct Plan Growth Plan - Growth Option,Nippon India Mutual Fund,Open Ended Schemes,Equity Scheme - Large Cap Fund,14-06-2019,37.51800
118632,Nippon India Large Cap Fund - Direct Plan Growth Plan - Growth Option,Nippon India Mutual Fund,Open Ended Schemes,Equity Scheme - Large Cap Fund,13-06-2019,37.81040
118632,Nippon India Large Cap Fund - Direct Plan Growth Plan - Growth Option,Nippon India Mutual Fund,Open Ended Schemes,Equity Scheme - Large Cap Fund,12-06-2019,37.78240
118632,Nippon India Large Cap Fund - Direct Plan Growth Plan - Growth Option,Nippon India Mutual Fund,Open Ended Schemes,Equity Scheme - Large Cap Fund,11-06-2019,37.99050
118632,Nippon India Large Cap Fund - Direct Plan Growth Plan - Growth Option,Nippon India Mutual Fund,Open Ended Schemes,Equity Scheme - Large Cap Fund,10-06-2019,37.82400
118632,Nippon India Large Cap Fund - Direct Plan Growth Plan - Growth Option,Nippon India Mutual Fund,Open Ended Schemes,Equity Scheme - Large Cap Fund,07-06-2019,37.75130
118632,Nippon India Large Cap Fund - Direct Plan Growth Plan - Growth Option,Nippon India Mutual Fund,Open Ended Schemes,Equity Scheme - Large Cap Fund,06-06-2019,37.72420
118632,Nippon India Large Cap Fund - Direct Plan Growth Plan - Growth Option,Nippon India Mutual Fund,Open Ended Schemes,Equity Scheme - Large Cap Fund,04-06-2019,38.58490
118632,Nippon India Large Cap Fund - Direct Plan Growth Plan - Growth Option,Nippon India Mutual Fund,Open Ended Schemes,Equity Scheme - Large Cap Fund,03-06-2019,38.76460
118632,Nippon India Large Cap Fund - Direct Plan Growth Plan - Growth Option,Nippon India Mutual Fund,Open Ended Schemes,Equity Scheme - Large Cap Fund,31-05-2019,38.55530
118632,Nippon India Large Cap Fund - Direct Plan Growth Plan - Growth Option,Nippon India Mutual Fund,Open Ended Schemes,Equity Scheme - Large Cap Fund,30-05-2019,38.65570
118632,Nippon India Large Cap Fund - Direct Plan Growth Plan - Growth Option,Nippon India Mutual Fund,Open Ended Schemes,Equity Scheme - Large Cap Fund,29-05-2019,38.46520
118632,Nippon India Large Cap Fund - Direct Plan Growth Plan - Growth Option,Nippon India Mutual Fund,Open Ended Schemes,Equity Scheme - Large Cap Fund,28-05-2019,38.97150
118632,Nippon India Large Cap Fund - Direct Plan Growth Plan - Growth Option,Nippon India Mutual Fund,Open Ended Schemes,Equity Scheme - Large Cap Fund,27-05-2019,39.08660
118632,Nippon India Large Cap Fund - Direct Plan Growth Plan - Growth Option,Nippon India Mutual Fund,Open Ended Schemes,Equity Scheme - Large Cap Fund,24-05-2019,38.42860
118632,Nippon India Large Cap Fund - Direct Plan Growth Plan - Growth Option,Nippon India Mutual Fund,Open Ended Schemes,Equity Scheme - Large Cap Fund,23-05-2019,37.33260
118632,Nippon India Large Cap Fund - Direct Plan Growth Plan - Growth Option,Nippon India Mutual Fund,Open Ended Schemes,Equity Scheme - Large Cap Fund,22-05-2019,37.43460
118632,Nippon India Large Cap Fund - Direct Plan Growth Plan - Growth Option,Nippon India Mutual Fund,Open Ended Schemes,Equity Scheme - Large Cap Fund,21-05-2019,37.30590
118632,Nippon India Large Cap Fund - Direct Plan Growth Plan - Growth Option,Nippon India Mutual Fund,Open Ended Schemes,Equity Scheme - Large Cap Fund,20-05-2019,37.80090
118632,Nippon India Large Cap Fund - Direct Plan Growth Plan - Growth Option,Nippon India Mutual Fund,Open Ended Schemes,Equity Scheme - Large Cap Fund,17-05-2019,36.15110
118632,Nippon India Large Cap Fund - Direct Plan Growth Plan - Growth Option,Nippon India Mutual Fund,Open Ended Schemes,Equity Scheme - Large Cap Fund,16-05-2019,35.88490
118632,Nippon India Large Cap Fund - Direct Plan Growth Plan - Growth Option,Nippon India Mutual Fund,Open Ended Schemes,Equity Scheme - Large Cap Fund,15-05-2019,35.55070
118632,Nippon India Large Cap Fund - Direct Plan Growth Plan - Growth Option,Nippon India Mutual Fund,Open Ended Schemes,Equity Scheme - Large Cap Fund,14-05-2019,35.83030
118632,Nippon India Large Cap Fund - Direct Plan Growth Plan - Growth Option,Nippon India Mutual Fund,Open Ended Schemes,Equity Scheme - Large Cap Fund,13-05-2019,35.39010
118632,Nippon India Large Cap Fund - Direct Plan Growth Plan - Growth Option,Nippon India Mutual Fund,Open Ended Schemes,Equity Scheme - Large Cap Fund,10-05-2019,36.11120
118632,Nippon India Large Cap Fund - Direct Plan Growth Plan - Growth Option,Nippon India Mutual Fund,Open Ended Schemes,Equity Scheme - Large Cap Fund,09-05-2019,36.10980
118632,Nippon India Large Cap Fund - Direct Plan Growth Plan - Growth Option,Nippon India Mutual Fund,Open Ended Schemes,Equity Scheme - Large Cap Fund,08-05-2019,36.28780
118632,Nippon India Large Cap Fund - Direct Plan Growth Plan - Growth Option,Nippon India Mutual Fund,Open Ended Schemes,Equity Scheme - Large Cap Fund,07-05-2019,36.71430
118632,Nippon India Large Cap Fund - Direct Plan Growth Plan - Growth Option,Nippon India Mutual Fund,Open Ended Schemes,Equity Scheme - Large Cap Fund,06-05-2019,37.12910
118632,Nippon India Large Cap Fund - Direct Plan Growth Plan - Growth Option,Nippon India Mutual Fund,Open Ended Schemes,Equity Scheme - Large Cap Fund,03-05-2019,37.39600
118632,Nippon India Large Cap Fund - Direct Plan Growth Plan - Growth Option,Nippon India Mutual Fund,Open Ended Schemes,Equity Scheme - Large Cap Fund,02-05-2019,37.27020
118632,Nippon India Large Cap Fund - Direct Plan Growth Plan - Growth Option,Nippon India Mutual Fund,Open Ended Schemes,Equity Scheme - Large Cap Fund,30-04-2019,37.56060
118632,Nippon India Large Cap Fund - Direct Plan Growth Plan - Growth Option,Nippon India Mutual Fund,Open Ended Schemes,Equity Scheme - Large Cap Fund,26-04-2019,37.62510
118632,Nippon India Large Cap Fund - Direct Plan Growth Plan - Growth Option,Nippon India Mutual Fund,Open Ended Schemes,Equity Scheme - Large Cap Fund,25-04-2019,37.23070
118632,Nippon India Large Cap Fund - Direct Plan Growth Plan - Growth Option,Nippon India Mutual Fund,Open Ended Schemes,Equity Scheme - Large Cap Fund,24-04-2019,37.46770
118632,Nippon India Large Cap Fund - Direct Plan Growth Plan - Growth Option,Nippon India Mutual Fund,Open Ended Schemes,Equity Scheme - Large Cap Fund,23-04-2019,37.11990
118632,Nippon India Large Cap Fund - Direct Plan Growth Plan - Growth Option,Nippon India Mutual Fund,Open Ended Schemes,Equity Scheme - Large Cap Fund,22-04-2019,37.19650
118632,Nippon India Large Cap Fund - Direct Plan Growth Plan - Growth Option,Nippon India Mutual Fund,Open Ended Schemes,Equity Scheme - Large Cap Fund,18-04-2019,37.72300
118632,Nippon India Large Cap Fund - Direct Plan Growth Plan - Growth Option,Nippon India Mutual Fund,Open Ended Schemes,Equity Scheme - Large Cap Fund,16-04-2019,37.92690
118632,Nippon India Large Cap Fund - Direct Plan Growth Plan - Growth Option,Nippon India Mutual Fund,Open Ended Schemes,Equity Scheme - Large Cap Fund,15-04-2019,37.78080
118632,Nippon India Large Cap Fund - Direct Plan Growth Plan - Growth Option,Nippon India Mutual Fund,Open Ended Schemes,Equity Scheme - Large Cap Fund,12-04-2019,37.65320
118632,Nippon India Large Cap Fund - Direct Plan Growth Plan - Growth Option,Nippon India Mutual Fund,Open Ended Schemes,Equity Scheme - Large Cap Fund,11-04-2019,37.43610
118632,Nippon India Large Cap Fund - Direct Plan Growth Plan - Growth Option,Nippon India Mutual Fund,Open Ended Schemes,Equity Scheme - Large Cap Fund,10-04-2019,37.37800
118632,Nippon India Large Cap Fund - Direct Plan Growth Plan - Growth Option,Nippon India Mutual Fund,Open Ended Schemes,Equity Scheme - Large Cap Fund,09-04-2019,37.50770
118632,Nippon India Large Cap Fund - Direct Plan Growth Plan - Growth Option,Nippon India Mutual Fund,Open Ended Schemes,Equity Scheme - Large Cap Fund,08-04-2019,37.22410
118632,Nippon India Large Cap Fund - Direct Plan Growth Plan - Growth Option,Nippon India Mutual Fund,Open Ended Schemes,Equity Scheme - Large Cap Fund,05-04-2019,37.51910
118632,Nippon India Large Cap Fund - Direct Plan Growth Plan - Growth Option,Nippon India Mutual Fund,Open Ended Schemes,Equity Scheme - Large Cap Fund,04-04-2019,37.32020
118632,Nippon India Large Cap Fund - Direct Plan Growth Plan - Growth Option,Nippon India Mutual Fund,Open Ended Schemes,Equity Scheme - Large Cap Fund,03-04-2019,37.43400
118632,Nippon India Large Cap Fund - Direct Plan Growth Plan - Growth Option,Nippon India Mutual Fund,Open Ended Schemes,Equity Scheme - Large Cap Fund,02-04-2019,37.87380
118632,Nippon India Large Cap Fund - Direct Plan Growth Plan - Growth Option,Nippon India Mutual Fund,Open Ended Schemes,Equity Scheme - Large Cap Fund,01-04-2019,37.73960
118632,Nippon India Large Cap Fund - Direct Plan Growth Plan - Growth Option,Nippon India Mutual Fund,Open Ended Schemes,Equity Scheme - Large Cap Fund,29-03-2019,37.49490
118632,Nippon India Large Cap Fund - Direct Plan Growth Plan - Growth Option,Nippon India Mutual Fund,Open Ended Schemes,Equity Scheme - Large Cap Fund,28-03-2019,37.23350
118632,Nippon India Large Cap Fund - Direct Plan Growth Plan - Growth Option,Nippon India Mutual Fund,Open Ended Schemes,Equity Scheme - Large Cap Fund,27-03-2019,36.72120
118632,Nippon India Large Cap Fund - Direct Plan Growth Plan - Growth Option,Nippon India Mutual Fund,Open Ended Schemes,Equity Scheme - Large Cap Fund,26-03-2019,36.77060
118632,Nippon India Large Cap Fund - Direct Plan Growth Plan - Growth Option,Nippon India Mutual Fund,Open Ended Schemes,Equity Scheme - Large Cap Fund,25-03-2019,36.39790
118632,Nippon India Large Cap Fund - Direct Plan Growth Plan - Growth Option,Nippon India Mutual Fund,Open Ended Schemes,Equity Scheme - Large Cap Fund,22-03-2019,36.65170
118632,Nippon India Large Cap Fund - Direct Plan Growth Plan - Growth Option,Nippon India Mutual Fund,Open Ended Schemes,Equity Scheme - Large Cap Fund,20-03-2019,36.89440
118632,Nippon India Large Cap Fund - Direct Plan Growth Plan - Growth Option,Nippon India Mutual Fund,Open Ended Schemes,Equity Scheme - Large Cap Fund,19-03-2019,37.04190
118632,Nippon India Large Cap Fund - Direct Plan Growth Plan - Growth Option,Nippon India Mutual Fund,Open Ended Schemes,Equity Scheme - Large Cap Fund,18-03-2019,36.84200
118632,Nippon India Large Cap Fund - Direct Plan Growth Plan - Growth Option,Nippon India Mutual Fund,Open Ended Schemes,Equity Scheme - Large Cap Fund,15-03-2019,36.70070
118632,Nippon India Large Cap Fund - Direct Plan Growth Plan - Growth Option,Nippon India Mutual Fund,Open Ended Schemes,Equity Scheme - Large Cap Fund,14-03-2019,36.45980
118632,Nippon India Large Cap Fund - Direct Plan Growth Plan - Growth Option,Nippon India Mutual Fund,Open Ended Schemes,Equity Scheme - Large Cap Fund,13-03-2019,36.47390
118632,Nippon India Large Cap Fund - Direct Plan Growth Plan - Growth Option,Nippon India Mutual Fund,Open Ended Schemes,Equity Scheme - Large Cap Fund,12-03-2019,36.40040
118632,Nippon India Large Cap Fund - Direct Plan Growth Plan - Growth Option,Nippon India Mutual Fund,Open Ended Schemes,Equity Scheme - Large Cap Fund,11-03-2019,36.04210
118632,Nippon India Large Cap Fund - Direct Plan Growth Plan - Growth Option,Nippon India Mutual Fund,Open Ended Schemes,Equity Scheme - Large Cap Fund,08-03-2019,35.49240
118632,Nippon India Large Cap Fund - Direct Plan Growth Plan - Growth Option,Nippon India Mutual Fund,Open Ended Schemes,Equity Scheme - Large Cap Fund,07-03-2019,35.59070
118632,Nippon India Large Cap Fund - Direct Plan Growth Plan - Growth Option,Nippon India Mutual Fund,Open Ended Schemes,Equity Scheme - Large Cap Fund,06-03-2019,35.52010
118632,Nippon India Large Cap Fund - Direct Plan Growth Plan - Growth Option,Nippon India Mutual Fund,Open Ended Schemes,Equity Scheme - Large Cap Fund,05-03-2019,35.40160
118632,Nippon India Large Cap Fund - Direct Plan Growth Plan - Growth Option,Nippon India Mutual Fund,Open Ended Schemes,Equity Scheme - Large Cap Fund,01-03-2019,34.71490
118632,Nippon India Large Cap Fund - Direct Plan Growth Plan - Growth Option,Nippon India Mutual Fund,Open Ended Schemes,Equity Scheme - Large Cap Fund,28-02-2019,34.34140
118632,Nippon India Large Cap Fund - Direct Plan Growth Plan - Growth Option,Nippon India Mutual Fund,Open Ended Schemes,Equity Scheme - Large Cap Fund,27-02-2019,34.27670
118632,Nippon India Large Cap Fund - Direct Plan Growth Plan - Growth Option,Nippon India Mutual Fund,Open Ended Schemes,Equity Scheme - Large Cap Fund,26-02-2019,34.26920
118632,Nippon India Large Cap Fund - Direct Plan Growth Plan - Growth Option,Nippon India Mutual Fund,Open Ended Schemes,Equity Scheme - Large Cap Fund,25-02-2019,34.36860
118632,Nippon India Large Cap Fund - Direct Plan Growth Plan - Growth Option,Nippon India Mutual Fund,Open Ended Schemes,Equity Scheme - Large Cap Fund,22-02-2019,34.23430
118632,Nippon India Large Cap Fund - Direct Plan Growth Plan - Growth Option,Nippon India Mutual Fund,Open Ended Schemes,Equity Scheme - Large Cap Fund,21-02-2019,34.02800
118632,Nippon India Large Cap Fund - Direct Plan Growth Plan - Growth Option,Nippon India Mutual Fund,Open Ended Schemes,Equity Scheme - Large Cap Fund,20-02-2019,33.76540
118632,Nippon India Large Cap Fund - Direct Plan Growth Plan - Growth Option,Nippon India Mutual Fund,Open Ended Schemes,Equity Scheme - Large Cap Fund,19-02-2019,33.35080
118632,Nippon India Large Cap Fund - Direct Plan Growth Plan - Growth Option,Nippon India Mutual Fund,Open Ended Schemes,Equity Scheme - Large Cap Fund,18-02-2019,33.22000
118632,Nippon India Large Cap Fund - Direct Plan Growth Plan - Growth Option,Nippon India Mutual Fund,Open Ended Schemes,Equity Scheme - Large Cap Fund,15-02-2019,33.49740
118632,Nippon India Large Cap Fund - Direct Plan Growth Plan - Growth Option,Nippon India Mutual Fund,Open Ended Schemes,Equity Scheme - Large Cap Fund,14-02-2019,33.72640
118632,Nippon India Large Cap Fund - Direct Plan Growth Plan - Growth Option,Nippon India Mutual Fund,Open Ended Schemes,Equity Scheme - Large Cap Fund,13-02-2019,33.83430
118632,Nippon India Large Cap Fund - Direct Plan Growth Plan - Growth Option,Nippon India Mutual Fund,Open Ended Schemes,Equity Scheme - Large Cap Fund,12-02-2019,34.07350
118632,Nippon India Large Cap Fund - Direct Plan Growth Plan - Growth Option,Nippon India Mutual Fund,Open Ended Schemes,Equity Scheme - Large Cap Fund,11-02-2019,34.12410
118632,Nippon India Large Cap Fund - Direct Plan Growth Plan - Growth Option,Nippon India Mutual Fund,Open Ended Schemes,Equity Scheme - Large Cap Fund,08-02-2019,34.43310
118632,Nippon India Large Cap Fund - Direct Plan Growth Plan - Growth Option,Nippon India Mutual Fund,Open Ended Schemes,Equity Scheme - Large Cap Fund,07-02-2019,35.00780
118632,Nippon India Large Cap Fund - Direct Plan Growth Plan - Growth Option,Nippon India Mutual Fund,Open Ended Schemes,Equity Scheme - Large Cap Fund,06-02-2019,34.87020
118632,Nippon India Large Cap Fund - Direct Plan Growth Plan - Growth Option,Nippon India Mutual Fund,Open Ended Schemes,Equity Scheme - Large Cap Fund,05-02-2019,34.46630
118632,Nippon India Large Cap Fund - Direct Plan Growth Plan - Growth Option,Nippon India Mutual Fund,Open Ended Schemes,Equity Scheme - Large Cap Fund,04-02-2019,34.58590
118632,Nippon India Large Cap Fund - Direct Plan Growth Plan - Growth Option,Nippon India Mutual Fund,Open Ended Schemes,Equity Scheme - Large Cap Fund,01-02-2019,34.76780
118632,Nippon India Large Cap Fund - Direct Plan Growth Plan - Growth Option,Nippon India Mutual Fund,Open Ended Schemes,Equity Scheme - Large Cap Fund,31-01-2019,34.85390
118632,Nippon India Large Cap Fund - Direct Plan Growth Plan - Growth Option,Nippon India Mutual Fund,Open Ended Schemes,Equity Scheme - Large Cap Fund,30-01-2019,34.34060
118632,Nippon India Large Cap Fund - Direct Plan Growth Plan - Growth Option,Nippon India Mutual Fund,Open Ended Schemes,Equity Scheme - Large Cap Fund,29-01-2019,34.00230
118632,Nippon India Large Cap Fund - Direct Plan Growth Plan - Growth Option,Nippon India Mutual Fund,Open Ended Schemes,Equity Scheme - Large Cap Fund,28-01-2019,33.82540
118632,Nippon India Large Cap Fund - Direct Plan Growth Plan - Growth Option,Nippon India Mutual Fund,Open Ended Schemes,Equity Scheme - Large Cap Fund,25-01-2019,34.39710
118632,Nippon India Large Cap Fund - Direct Plan Growth Plan - Growth Option,Nippon India Mutual Fund,Open Ended Schemes,Equity Scheme - Large Cap Fund,24-01-2019,34.54760
118632,Nippon India Large Cap Fund - Direct Plan Growth Plan - Growth Option,Nippon India Mutual Fund,Open Ended Schemes,Equity Scheme - Large Cap Fund,23-01-2019,34.67410
118632,Nippon India Large Cap Fund - Direct Plan Growth Plan - Growth Option,Nippon India Mutual Fund,Open Ended Schemes,Equity Scheme - Large Cap Fund,22-01-2019,34.86800
118632,Nippon India Large Cap Fund - Direct Plan Growth Plan - Growth Option,Nippon India Mutual Fund,Open Ended Schemes,Equity Scheme - Large Cap Fund,21-01-2019,34.86570
118632,Nippon India Large Cap Fund - Direct Plan Growth Plan - Growth Option,Nippon India Mutual Fund,Open Ended Schemes,Equity Scheme - Large Cap Fund,18-01-2019,34.93640
118632,Nippon India Large Cap Fund - Direct Plan Growth Plan - Growth Option,Nippon India Mutual Fund,Open Ended Schemes,Equity Scheme - Large Cap Fund,17-01-2019,35.32350
118632,Nippon India Large Cap Fund - Direct Plan Growth Plan - Growth Option,Nippon India Mutual Fund,Open Ended Schemes,Equity Scheme - Large Cap Fund,16-01-2019,35.37400
118632,Nippon India Large Cap Fund - Direct Plan Growth Plan - Growth Option,Nippon India Mutual Fund,Open Ended Schemes,Equity Scheme - Large Cap Fund,15-01-2019,35.36640
118632,Nippon India Large Cap Fund - Direct Plan Growth Plan - Growth Option,Nippon India Mutual Fund,Open Ended Schemes,Equity Scheme - Large Cap Fund,14-01-2019,35.07260
118632,Nippon India Large Cap Fund - Direct Plan Growth Plan - Growth Option,Nippon India Mutual Fund,Open Ended Schemes,Equity Scheme - Large Cap Fund,11-01-2019,35.23160
118632,Nippon India Large Cap Fund - Direct Plan Growth Plan - Growth Option,Nippon India Mutual Fund,Open Ended Schemes,Equity Scheme - Large Cap Fund,10-01-2019,35.32850
118632,Nippon India Large Cap Fund - Direct Plan Growth Plan - Growth Option,Nippon India Mutual Fund,Open Ended Schemes,Equity Scheme - Large Cap Fund,09-01-2019,35.23840
118632,Nippon India Large Cap Fund - Direct Plan Growth Plan - Growth Option,Nippon India Mutual Fund,Open Ended Schemes,Equity Scheme - Large Cap Fund,08-01-2019,35.12670
118632,Nippon India Large Cap Fund - Direct Plan Growth Plan - Growth Option,Nippon India Mutual Fund,Open Ended Schemes,Equity Scheme - Large Cap Fund,07-01-2019,34.87270
118632,Nippon India Large Cap Fund - Direct Plan Growth Plan - Growth Option,Nippon India Mutual Fund,Open Ended Schemes,Equity Scheme - Large Cap Fund,04-01-2019,34.77140
118632,Nippon India Large Cap Fund - Direct Plan Growth Plan - Growth Option,Nippon India Mutual Fund,Open Ended Schemes,Equity Scheme - Large Cap Fund,03-01-2019,34.51530
118632,Nippon India Large Cap Fund - Direct Plan Growth Plan - Growth Option,Nippon India Mutual Fund,Open Ended Schemes,Equity Scheme - Large Cap Fund,02-01-2019,34.86370
118632,Nippon India Large Cap Fund - Direct Plan Growth Plan - Growth Option,Nippon India Mutual Fund,Open Ended Schemes,Equity Scheme - Large Cap Fund,01-01-2019,35.30610
118632,Nippon India Large Cap Fund - Direct Plan Growth Plan - Growth Option,Nippon India Mutual Fund,Open Ended Schemes,Equity Scheme - Large Cap Fund,31-12-2018,35.09990
118632,Nippon India Large Cap Fund - Direct Plan Growth Plan - Growth Option,Nippon India Mutual Fund,Open Ended Schemes,Equity Scheme - Large Cap Fund,28-12-2018,35.03310
118632,Nippon India Large Cap Fund - Direct Plan Growth Plan - Growth Option,Nippon India Mutual Fund,Open Ended Schemes,Equity Scheme - Large Cap Fund,27-12-2018,34.67620
118632,Nippon India Large Cap Fund - Direct Plan Growth Plan - Growth Option,Nippon India Mutual Fund,Open Ended Schemes,Equity Scheme - Large Cap Fund,26-12-2018,34.64070
118632,Nippon India Large Cap Fund - Direct Plan Growth Plan - Growth Option,Nippon India Mutual Fund,Open Ended Schemes,Equity Scheme - Large Cap Fund,24-12-2018,34.46700
118632,Nippon India Large Cap Fund - Direct Plan Growth Plan - Growth Option,Nippon India Mutual Fund,Open Ended Schemes,Equity Scheme - Large Cap Fund,21-12-2018,34.70410
118632,Nippon India Large Cap Fund - Direct Plan Growth Plan - Growth Option,Nippon India Mutual Fund,Open Ended Schemes,Equity Scheme - Large Cap Fund,20-12-2018,35.15210
118632,Nippon India Large Cap Fund - Direct Plan Growth Plan - Growth Option,Nippon India Mutual Fund,Open Ended Schemes,Equity Scheme - Large Cap Fund,19-12-2018,35.26290
118632,Nippon India Large Cap Fund - Direct Plan Growth Plan - Growth Option,Nippon India Mutual Fund,Open Ended Schemes,Equity Scheme - Large Cap Fund,18-12-2018,34.93660
118632,Nippon India Large Cap Fund - Direct Plan Growth Plan - Growth Option,Nippon India Mutual Fund,Open Ended Schemes,Equity Scheme - Large Cap Fund,17-12-2018,34.80870
118632,Nippon India Large Cap Fund - Direct Plan Growth Plan - Growth Option,Nippon India Mutual Fund,Open Ended Schemes,Equity Scheme - Large Cap Fund,14-12-2018,34.60990
118632,Nippon India Large Cap Fund - Direct Plan Growth Plan - Growth Option,Nippon India Mutual Fund,Open Ended Schemes,Equity Scheme - Large Cap Fund,13-12-2018,34.54410
118632,Nippon India Large Cap Fund - Direct Plan Growth Plan - Growth Option,Nippon India Mutual Fund,Open Ended Schemes,Equity Scheme - Large Cap Fund,12-12-2018,34.42920
118632,Nippon India Large Cap Fund - Direct Plan Growth Plan - Growth Option,Nippon India Mutual Fund,Open Ended Schemes,Equity Scheme - Large Cap Fund,11-12-2018,33.71440
118632,Nippon India Large Cap Fund - Direct Plan Growth Plan - Growth Option,Nippon India Mutual Fund,Open Ended Schemes,Equity Scheme - Large Cap Fund,10-12-2018,33.39580
118632,Nippon India Large Cap Fund - Direct Plan Growth Plan - Growth Option,Nippon India Mutual Fund,Open Ended Schemes,Equity Scheme - Large Cap Fund,07-12-2018,33.80790
118632,Nippon India Large Cap Fund - Direct Plan Growth Plan - Growth Option,Nippon India Mutual Fund,Open Ended Schemes,Equity Scheme - Large Cap Fund,06-12-2018,33.74220
118632,Nippon India Large Cap Fund - Direct Plan Growth Plan - Growth Option,Nippon India Mutual Fund,Open Ended Schemes,Equity Scheme - Large Cap Fund,05-12-2018,34.18410
118632,Nippon India Large Cap Fund - Direct Plan Growth Plan - Growth Option,Nippon India Mutual Fund,Open Ended Schemes,Equity Scheme - Large Cap Fund,04-12-2018,34.73410
118632,Nippon India Large Cap Fund - Direct Plan Growth Plan - Growth Option,Nippon India Mutual Fund,Open Ended Schemes,Equity Scheme - Large Cap Fund,03-12-2018,34.63680
118632,Nippon India Large Cap Fund - Direct Plan Growth Plan - Growth Option,Nippon India Mutual Fund,Open Ended Schemes,Equity Scheme - Large Cap Fund,30-11-2018,34.61950
118632,Nippon India Large Cap Fund - Direct Plan Growth Plan - Growth Option,Nippon India Mutual Fund,Open Ended Schemes,Equity Scheme - Large Cap Fund,29-11-2018,34.59760
118632,Nippon India Large Cap Fund - Direct Plan Growth Plan - Growth Option,Nippon India Mutual Fund,Open Ended Schemes,Equity Scheme - Large Cap Fund,28-11-2018,34.25060
118632,Nippon India Large Cap Fund - Direct Plan Growth Plan - Growth Option,Nippon India Mutual Fund,Open Ended Schemes,Equity Scheme - Large Cap Fund,27-11-2018,34.49330
118632,Nippon India Large Cap Fund - Direct Plan Growth Plan - Growth Option,Nippon India Mutual Fund,Open Ended Schemes,Equity Scheme - Large Cap Fund,26-11-2018,34.37680
118632,Nippon India Large Cap Fund - Direct Plan Growth Plan - Growth Option,Nippon India Mutual Fund,Open Ended Schemes,Equity Scheme - Large Cap Fund,22-11-2018,34.18820
118632,Nippon India Large Cap Fund - Direct Plan Growth Plan - Growth Option,Nippon India Mutual Fund,Open Ended Schemes,Equity Scheme - Large Cap Fund,21-11-2018,34.49150
118632,Nippon India Large Cap Fund - Direct Plan Growth Plan - Growth Option,Nippon India Mutual Fund,Open Ended Schemes,Equity Scheme - Large Cap Fund,20-11-2018,34.35440
118632,Nippon India Large Cap Fund - Direct Plan Growth Plan - Growth Option,Nippon India Mutual Fund,Open Ended Schemes,Equity Scheme - Large Cap Fund,19-11-2018,34.71940
118632,Nippon India Large Cap Fund - Direct Plan Growth Plan - Growth Option,Nippon India Mutual Fund,Open Ended Schemes,Equity Scheme - Large Cap Fund,16-11-2018,34.64070
118632,Nippon India Large Cap Fund - Direct Plan Growth Plan - Growth Option,Nippon India Mutual Fund,Open Ended Schemes,Equity Scheme - Large Cap Fund,15-11-2018,34.47930
118632,Nippon India Large Cap Fund - Direct Plan Growth Plan - Growth Option,Nippon India Mutual Fund,Open Ended Schemes,Equity Scheme - Large Cap Fund,14-11-2018,34.19790
118632,Nippon India Large Cap Fund - Direct Plan Growth Plan - Growth Option,Nippon India Mutual Fund,Open Ended Schemes,Equity Scheme - Large Cap Fund,13-11-2018,34.16870
118632,Nippon India Large Cap Fund - Direct Plan Growth Plan - Growth Option,Nippon India Mutual Fund,Open Ended Schemes,Equity Scheme - Large Cap Fund,12-11-2018,33.93510
118632,Nippon India Large Cap Fund - Direct Plan Growth Plan - Growth Option,Nippon India Mutual Fund,Open Ended Schemes,Equity Scheme - Large Cap Fund,09-11-2018,34.38110
118632,Nippon India Large Cap Fund - Direct Plan Growth Plan - Growth Option,Nippon India Mutual Fund,Open Ended Schemes,Equity Scheme - Large Cap Fund,06-11-2018,34.13480
118632,Nippon India Large Cap Fund - Direct Plan Growth Plan - Growth Option,Nippon India Mutual Fund,Open Ended Schemes,Equity Scheme - Large Cap Fund,05-11-2018,34.31610
118632,Nippon India Large Cap Fund - Direct Plan Growth Plan - Growth Option,Nippon India Mutual Fund,Open Ended Schemes,Equity Scheme - Large Cap Fund,02-11-2018,34.39980
118632,Nippon India Large Cap Fund - Direct Plan Growth Plan - Growth Option,Nippon India Mutual Fund,Open Ended Schemes,Equity Scheme - Large Cap Fund,01-11-2018,33.95840
118632,Nippon India Large Cap Fund - Direct Plan Growth Plan - Growth Option,Nippon India Mutual Fund,Open Ended Schemes,Equity Scheme - Large Cap Fund,31-10-2018,33.76810
118632,Nippon India Large Cap Fund - Direct Plan Growth Plan - Growth Option,Nippon India Mutual Fund,Open Ended Schemes,Equity Scheme - Large Cap Fund,30-10-2018,33.13050
118632,Nippon India Large Cap Fund - Direct Plan Growth Plan - Growth Option,Nippon India Mutual Fund,Open Ended Schemes,Equity Scheme - Large Cap Fund,29-10-2018,33.09370
118632,Nippon India Large Cap Fund - Direct Plan Growth Plan - Growth Option,Nippon India Mutual Fund,Open Ended Schemes,Equity Scheme - Large Cap Fund,26-10-2018,31.99370
118632,Nippon India Large Cap Fund - Direct Plan Growth Plan - Growth Option,Nippon India Mutual Fund,Open Ended Schemes,Equity Scheme - Large Cap Fund,25-10-2018,32.14100
118632,Nippon India Large Cap Fund - Direct Plan Growth Plan - Growth Option,Nippon India Mutual Fund,Open Ended Schemes,Equity Scheme - Large Cap Fund,24-10-2018,32.36930
118632,Nippon India Large Cap Fund - Direct Plan Growth Plan - Growth Option,Nippon India Mutual Fund,Open Ended Schemes,Equity Scheme - Large Cap Fund,23-10-2018,32.04030
118632,Nippon India Large Cap Fund - Direct Plan Growth Plan - Growth Option,Nippon India Mutual Fund,Open Ended Schemes,Equity Scheme - Large Cap Fund,22-10-2018,32.39550
118632,Nippon India Large Cap Fund - Direct Plan Growth Plan - Growth Option,Nippon India Mutual Fund,Open Ended Schemes,Equity Scheme - Large Cap Fund,19-10-2018,32.54490
118632,Nippon India Large Cap Fund - Direct Plan Growth Plan - Growth Option,Nippon India Mutual Fund,Open Ended Schemes,Equity Scheme - Large Cap Fund,17-10-2018,32.71940
118632,Nippon India Large Cap Fund - Direct Plan Growth Plan - Growth Option,Nippon India Mutual Fund,Open Ended Schemes,Equity Scheme - Large Cap Fund,16-10-2018,33.29690
118632,Nippon India Large Cap Fund - Direct Plan Growth Plan - Growth Option,Nippon India Mutual Fund,Open Ended Schemes,Equity Scheme - Large Cap Fund,15-10-2018,32.98680
118632,Nippon India Large Cap Fund - Direct Plan Growth Plan - Growth Option,Nippon India Mutual Fund,Open Ended Schemes,Equity Scheme - Large Cap Fund,12-10-2018,32.85170
118632,Nippon India Large Cap Fund - Direct Plan Growth Plan - Growth Option,Nippon India Mutual Fund,Open Ended Schemes,Equity Scheme - Large Cap Fund,11-10-2018,32.25140
118632,Nippon India Large Cap Fund - Direct Plan Growth Plan - Growth Option,Nippon India Mutual Fund,Open Ended Schemes,Equity Scheme - Large Cap Fund,10-10-2018,33.02320
118632,Nippon India Large Cap Fund - Direct Plan Growth Plan - Growth Option,Nippon India Mutual Fund,Open Ended Schemes,Equity Scheme - Large Cap Fund,09-10-2018,32.21680
118632,Nippon India Large Cap Fund - Direct Plan Growth Plan - Growth Option,Nippon India Mutual Fund,Open Ended Schemes,Equity Scheme - Large Cap Fund,08-10-2018,32.37100
118632,Nippon India Large Cap Fund - Direct Plan Growth Plan - Growth Option,Nippon India Mutual Fund,Open Ended Schemes,Equity Scheme - Large Cap Fund,05-10-2018,32.56540
118632,Nippon India Large Cap Fund - Direct Plan Growth Plan - Growth Option,Nippon India Mutual Fund,Open Ended Schemes,Equity Scheme - Large Cap Fund,04-10-2018,33.57290
118632,Nippon India Large Cap Fund - Direct Plan Growth Plan - Growth Option,Nippon India Mutual Fund,Open Ended Schemes,Equity Scheme - Large Cap Fund,03-10-2018,34.11880
118632,Nippon India Large Cap Fund - Direct Plan Growth Plan - Growth Option,Nippon India Mutual Fund,Open Ended Schemes,Equity Scheme - Large Cap Fund,01-10-2018,34.38800
118632,Nippon India Large Cap Fund - Direct Plan Growth Plan - Growth Option,Nippon India Mutual Fund,Open Ended Schemes,Equity Scheme - Large Cap Fund,28-09-2018,34.21380
118632,Nippon India Large Cap Fund - Direct Plan Growth Plan - Growth Option,Nippon India Mutual Fund,Open Ended Schemes,Equity Scheme - Large Cap Fund,27-09-2018,34.51340
118632,Nippon India Large Cap Fund - Direct Plan Growth Plan - Growth Option,Nippon India Mutual Fund,Open Ended Schemes,Equity Scheme - Large Cap Fund,26-09-2018,34.90640
118632,Nippon India Large Cap Fund - Direct Plan Growth Plan - Growth Option,Nippon India Mutual Fund,Open Ended Schemes,Equity Scheme - Large Cap Fund,25-09-2018,34.94950
118632,Nippon India Large Cap Fund - Direct Plan Growth Plan - Growth Option,Nippon India Mutual Fund,Open Ended Schemes,Equity Scheme - Large Cap Fund,24-09-2018,34.64840
118632,Nippon India Large Cap Fund - Direct Plan Growth Plan - Growth Option,Nippon India Mutual Fund,Open Ended Schemes,Equity Scheme - Large Cap Fund,21-09-2018,35.39250
118632,Nippon India Large Cap Fund - Direct Plan Growth Plan - Growth Option,Nippon India Mutual Fund,Open Ended Schemes,Equity Scheme - Large Cap Fund,19-09-2018,35.62030
118632,Nippon India Large Cap Fund - Direct Plan Growth Plan - Growth Option,Nippon India Mutual Fund,Open Ended Schemes,Equity Scheme - Large Cap Fund,18-09-2018,35.64780
118632,Nippon India Large Cap Fund - Direct Plan Growth Plan - Growth Option,Nippon India Mutual Fund,Open Ended Schemes,Equity Scheme - Large Cap Fund,17-09-2018,36.23360
118632,Nippon India Large Cap Fund - Direct Plan Growth Plan - Growth Option,Nippon India Mutual Fund,Open Ended Schemes,Equity Scheme - Large Cap Fund,14-09-2018,36.61820
118632,Nippon India Large Cap Fund - Direct Plan Growth Plan - Growth Option,Nippon India Mutual Fund,Open Ended Schemes,Equity Scheme - Large Cap Fund,12-09-2018,36.17580
118632,Nippon India Large Cap Fund - Direct Plan Growth Plan - Growth Option,Nippon India Mutual Fund,Open Ended Schemes,Equity Scheme - Large Cap Fund,11-09-2018,35.95880
118632,Nippon India Large Cap Fund - Direct Plan Growth Plan - Growth Option,Nippon India Mutual Fund,Open Ended Schemes,Equity Scheme - Large Cap Fund,10-09-2018,36.45940
118632,Nippon India Large Cap Fund - Direct Plan Growth Plan - Growth Option,Nippon India Mutual Fund,Open Ended Schemes,Equity Scheme - Large Cap Fund,07-09-2018,36.85950
118632,Nippon India Large Cap Fund - Direct Plan Growth Plan - Growth Option,Nippon India Mutual Fund,Open Ended Schemes,Equity Scheme - Large Cap Fund,06-09-2018,36.50360
118632,Nippon India Large Cap Fund - Direct Plan Growth Plan - Growth Option,Nippon India Mutual Fund,Open Ended Schemes,Equity Scheme - Large Cap Fund,05-09-2018,36.20320
118632,Nippon India Large Cap Fund - Direct Plan Growth Plan - Growth Option,Nippon India Mutual Fund,Open Ended Schemes,Equity Scheme - Large Cap Fund,04-09-2018,36.23520
118632,Nippon India Large Cap Fund - Direct Plan Growth Plan - Growth Option,Nippon India Mutual Fund,Open Ended Schemes,Equity Scheme - Large Cap Fund,03-09-2018,36.73550
118632,Nippon India Large Cap Fund - Direct Plan Growth Plan - Growth Option,Nippon India Mutual Fund,Open Ended Schemes,Equity Scheme - Large Cap Fund,31-08-2018,37.01720
118632,Nippon India Large Cap Fund - Direct Plan Growth Plan - Growth Option,Nippon India Mutual Fund,Open Ended Schemes,Equity Scheme - Large Cap Fund,30-08-2018,36.84500
118632,Nippon India Large Cap Fund - Direct Plan Growth Plan - Growth Option,Nippon India Mutual Fund,Open Ended Schemes,Equity Scheme - Large Cap Fund,29-08-2018,36.65250
118632,Nippon India Large Cap Fund - Direct Plan Growth Plan - Growth Option,Nippon India Mutual Fund,Open Ended Schemes,Equity Scheme - Large Cap Fund,28-08-2018,36.50150
118632,Nippon India Large Cap Fund - Direct Plan Growth Plan - Growth Option,Nippon India Mutual Fund,Open Ended Schemes,Equity Scheme - Large Cap Fund,27-08-2018,36.59610
118632,Nippon India Large Cap Fund - Direct Plan Growth Plan - Growth Option,Nippon India Mutual Fund,Open Ended Schemes,Equity Scheme - Large Cap Fund,24-08-2018,36.18270
118632,Nippon India Large Cap Fund - Direct Plan Growth Plan - Growth Option,Nippon India Mutual Fund,Open Ended Schemes,Equity Scheme - Large Cap Fund,23-08-2018,36.32330
118632,Nippon India Large Cap Fund - Direct Plan Growth Plan - Growth Option,Nippon India Mutual Fund,Open Ended Schemes,Equity Scheme - Large Cap Fund,21-08-2018,36.29780
118632,Nippon India Large Cap Fund - Direct Plan Growth Plan - Growth Option,Nippon India Mutual Fund,Open Ended Schemes,Equity Scheme - Large Cap Fund,20-08-2018,36.17800
118632,Nippon India Large Cap Fund - Direct Plan Growth Plan - Growth Option,Nippon India Mutual Fund,Open Ended Schemes,Equity Scheme - Large Cap Fund,17-08-2018,35.72400
118632,Nippon India Large Cap Fund - Direct Plan Growth Plan - Growth Option,Nippon India Mutual Fund,Open Ended Schemes,Equity Scheme - Large Cap Fund,16-08-2018,35.34420
118632,Nippon India Large Cap Fund - Direct Plan Growth Plan - Growth Option,Nippon India Mutual Fund,Open Ended Schemes,Equity Scheme - Large Cap Fund,14-08-2018,35.39320
118632,Nippon India Large Cap Fund - Direct Plan Growth Plan - Growth Option,Nippon India Mutual Fund,Open Ended Schemes,Equity Scheme - Large Cap Fund,13-08-2018,35.07870
118632,Nippon India Large Cap Fund - Direct Plan Growth Plan - Growth Option,Nippon India Mutual Fund,Open Ended Schemes,Equity Scheme - Large Cap Fund,10-08-2018,35.36670
118632,Nippon India Large Cap Fund - Direct Plan Growth Plan - Growth Option,Nippon India Mutual Fund,Open Ended Schemes,Equity Scheme - Large Cap Fund,09-08-2018,35.68650
118632,Nippon India Large Cap Fund - Direct Plan Growth Plan - Growth Option,Nippon India Mutual Fund,Open Ended Schemes,Equity Scheme - Large Cap Fund,08-08-2018,35.49280
118632,Nippon India Large Cap Fund - Direct Plan Growth Plan - Growth Option,Nippon India Mutual Fund,Open Ended Schemes,Equity Scheme - Large Cap Fund,07-08-2018,35.36740
118632,Nippon India Large Cap Fund - Direct Plan Growth Plan - Growth Option,Nippon India Mutual Fund,Open Ended Schemes,Equity Scheme - Large Cap Fund,06-08-2018,35.46780
118632,Nippon India Large Cap Fund - Direct Plan Growth Plan - Growth Option,Nippon India Mutual Fund,Open Ended Schemes,Equity Scheme - Large Cap Fund,03-08-2018,35.37530
118632,Nippon India Large Cap Fund - Direct Plan Growth Plan - Growth Option,Nippon India Mutual Fund,Open Ended Schemes,Equity Scheme - Large Cap Fund,02-08-2018,34.98900
118632,Nippon India Large Cap Fund - Direct Plan Growth Plan - Growth Option,Nippon India Mutual Fund,Open Ended Schemes,Equity Scheme - Large Cap Fund,01-08-2018,35.10890
118632,Nippon India Large Cap Fund - Direct Plan Growth Plan - Growth Option,Nippon India Mutual Fund,Open Ended Schemes,Equity Scheme - Large Cap Fund,31-07-2018,35.06800
118632,Nippon India Large Cap Fund - Direct Plan Growth Plan - Growth Option,Nippon India Mutual Fund,Open Ended Schemes,Equity Scheme - Large Cap Fund,30-07-2018,35.08470
118632,Nippon India Large Cap Fund - Direct Plan Growth Plan - Growth Option,Nippon India Mutual Fund,Open Ended Schemes,Equity Scheme - Large Cap Fund,27-07-2018,34.87450
118632,Nippon India Large Cap Fund - Direct Plan Growth Plan - Growth Option,Nippon India Mutual Fund,Open Ended Schemes,Equity Scheme - Large Cap Fund,26-07-2018,34.43580
118632,Nippon India Large Cap Fund - Direct Plan Growth Plan - Growth Option,Nippon India Mutual Fund,Open Ended Schemes,Equity Scheme - Large Cap Fund,25-07-2018,34.14910
118632,Nippon India Large Cap Fund - Direct Plan Growth Plan - Growth Option,Nippon India Mutual Fund,Open Ended Schemes,Equity Scheme - Large Cap Fund,24-07-2018,34.06940
118632,Nippon India Large Cap Fund - Direct Plan Growth Plan - Growth Option,Nippon India Mutual Fund,Open Ended Schemes,Equity Scheme - Large Cap Fund,23-07-2018,33.63690
118632,Nippon India Large Cap Fund - Direct Plan Growth Plan - Growth Option,Nippon India Mutual Fund,Open Ended Schemes,Equity Scheme - Large Cap Fund,20-07-2018,33.24840
118632,Nippon India Large Cap Fund - Direct Plan Growth Plan - Growth Option,Nippon India Mutual Fund,Open Ended Schemes,Equity Scheme - Large Cap Fund,19-07-2018,33.03040
118632,Nippon India Large Cap Fund - Direct Plan Growth Plan - Growth Option,Nippon India Mutual Fund,Open Ended Schemes,Equity Scheme - Large Cap Fund,18-07-2018,33.17070
118632,Nippon India Large Cap Fund - Direct Plan Growth Plan - Growth Option,Nippon India Mutual Fund,Open Ended Schemes,Equity Scheme - Large Cap Fund,17-07-2018,33.29200
118632,Nippon India Large Cap Fund - Direct Plan Growth Plan - Growth Option,Nippon India Mutual Fund,Open Ended Schemes,Equity Scheme - Large Cap Fund,16-07-2018,32.85520
118632,Nippon India Large Cap Fund - Direct Plan Growth Plan - Growth Option,Nippon India Mutual Fund,Open Ended Schemes,Equity Scheme - Large Cap Fund,13-07-2018,33.52760
118632,Nippon India Large Cap Fund - Direct Plan Growth Plan - Growth Option,Nippon India Mutual Fund,Open Ended Schemes,Equity Scheme - Large Cap Fund,12-07-2018,33.72370
118632,Nippon India Large Cap Fund - Direct Plan Growth Plan - Growth Option,Nippon India Mutual Fund,Open Ended Schemes,Equity Scheme - Large Cap Fund,11-07-2018,33.61460
118632,Nippon India Large Cap Fund - Direct Plan Growth Plan - Growth Option,Nippon India Mutual Fund,Open Ended Schemes,Equity Scheme - Large Cap Fund,10-07-2018,33.75150
118632,Nippon India Large Cap Fund - Direct Plan Growth Plan - Growth Option,Nippon India Mutual Fund,Open Ended Schemes,Equity Scheme - Large Cap Fund,09-07-2018,33.48950
118632,Nippon India Large Cap Fund - Direct Plan Growth Plan - Growth Option,Nippon India Mutual Fund,Open Ended Schemes,Equity Scheme - Large Cap Fund,06-07-2018,33.15860
118632,Nippon India Large Cap Fund - Direct Plan Growth Plan - Growth Option,Nippon India Mutual Fund,Open Ended Schemes,Equity Scheme - Large Cap Fund,05-07-2018,33.10590
118632,Nippon India Large Cap Fund - Direct Plan Growth Plan - Growth Option,Nippon India Mutual Fund,Open Ended Schemes,Equity Scheme - Large Cap Fund,04-07-2018,33.20670
118632,Nippon India Large Cap Fund - Direct Plan Growth Plan - Growth Option,Nippon India Mutual Fund,Open Ended Schemes,Equity Scheme - Large Cap Fund,03-07-2018,33.07480
118632,Nippon India Large Cap Fund - Direct Plan Growth Plan - Growth Option,Nippon India Mutual Fund,Open Ended Schemes,Equity Scheme - Large Cap Fund,02-07-2018,32.91110
118632,Nippon India Large Cap Fund - Direct Plan Growth Plan - Growth Option,Nippon India Mutual Fund,Open Ended Schemes,Equity Scheme - Large Cap Fund,29-06-2018,33.06380
118632,Nippon India Large Cap Fund - Direct Plan Growth Plan - Growth Option,Nippon India Mutual Fund,Open Ended Schemes,Equity Scheme - Large Cap Fund,28-06-2018,32.56680
118632,Nippon India Large Cap Fund - Direct Plan Growth Plan - Growth Option,Nippon India Mutual Fund,Open Ended Schemes,Equity Scheme - Large Cap Fund,27-06-2018,32.95560
118632,Nippon India Large Cap Fund - Direct Plan Growth Plan - Growth Option,Nippon India Mutual Fund,Open Ended Schemes,Equity Scheme - Large Cap Fund,26-06-2018,33.46890
118632,Nippon India Large Cap Fund - Direct Plan Growth Plan - Growth Option,Nippon India Mutual Fund,Open Ended Schemes,Equity Scheme - Large Cap Fund,25-06-2018,33.49040
118632,Nippon India Large Cap Fund - Direct Plan Growth Plan - Growth Option,Nippon India Mutual Fund,Open Ended Schemes,Equity Scheme - Large Cap Fund,22-06-2018,33.84150
118632,Nippon India Large Cap Fund - Direct Plan Growth Plan - Growth Option,Nippon India Mutual Fund,Open Ended Schemes,Equity Scheme - Large Cap Fund,21-06-2018,33.52110
118632,Nippon India Large Cap Fund - Direct Plan Growth Plan - Growth Option,Nippon India Mutual Fund,Open Ended Schemes,Equity Scheme - Large Cap Fund,20-06-2018,33.69730
118632,Nippon India Large Cap Fund - Direct Plan Growth Plan - Growth Option,Nippon India Mutual Fund,Open Ended Schemes,Equity Scheme - Large Cap Fund,19-06-2018,33.64610
118632,Nippon India Large Cap Fund - Direct Plan Growth Plan - Growth Option,Nippon India Mutual Fund,Open Ended Schemes,Equity Scheme - Large Cap Fund,18-06-2018,33.88590
118632,Nippon India Large Cap Fund - Direct Plan Growth Plan - Growth Option,Nippon India Mutual Fund,Open Ended Schemes,Equity Scheme - Large Cap Fund,15-06-2018,33.92040
118632,Nippon India Large Cap Fund - Direct Plan Growth Plan - Growth Option,Nippon India Mutual Fund,Open Ended Schemes,Equity Scheme - Large Cap Fund,14-06-2018,34.02720
118632,Nippon India Large Cap Fund - Direct Plan Growth Plan - Growth Option,Nippon India Mutual Fund,Open Ended Schemes,Equity Scheme - Large Cap Fund,13-06-2018,34.12710
118632,Nippon India Large Cap Fund - Direct Plan Growth Plan - Growth Option,Nippon India Mutual Fund,Open Ended Schemes,Equity Scheme - Large Cap Fund,12-06-2018,34.13870
118632,Nippon India Large Cap Fund - Direct Plan Growth Plan - Growth Option,Nippon India Mutual Fund,Open Ended Schemes,Equity Scheme - Large Cap Fund,11-06-2018,33.86790
118632,Nippon India Large Cap Fund - Direct Plan Growth Plan - Growth Option,Nippon India Mutual Fund,Open Ended Schemes,Equity Scheme - Large Cap Fund,08-06-2018,33.84050
118632,Nippon India Large Cap Fund - Direct Plan Growth Plan - Growth Option,Nippon India Mutual Fund,Open Ended Schemes,Equity Scheme - Large Cap Fund,07-06-2018,33.71090
118632,Nippon India Large Cap Fund - Direct Plan Growth Plan - Growth Option,Nippon India Mutual Fund,Open Ended Schemes,Equity Scheme - Large Cap Fund,06-06-2018,33.38700
118632,Nippon India Large Cap Fund - Direct Plan Growth Plan - Growth Option,Nippon India Mutual Fund,Open Ended Schemes,Equity Scheme - Large Cap Fund,05-06-2018,32.91460
118632,Nippon India Large Cap Fund - Direct Plan Growth Plan - Growth Option,Nippon India Mutual Fund,Open Ended Schemes,Equity Scheme - Large Cap Fund,04-06-2018,33.08340
118632,Nippon India Large Cap Fund - Direct Plan Growth Plan - Growth Option,Nippon India Mutual Fund,Open Ended Schemes,Equity Scheme - Large Cap Fund,01-06-2018,33.35440
118632,Nippon India Large Cap Fund - Direct Plan Growth Plan - Growth Option,Nippon India Mutual Fund,Open Ended Schemes,Equity Scheme - Large Cap Fund,31-05-2018,33.62070
118632,Nippon India Large Cap Fund - Direct Plan Growth Plan - Growth Option,Nippon India Mutual Fund,Open Ended Schemes,Equity Scheme - Large Cap Fund,30-05-2018,33.45380
118632,Nippon India Large Cap Fund - Direct Plan Growth Plan - Growth Option,Nippon India Mutual Fund,Open Ended Schemes,Equity Scheme - Large Cap Fund,29-05-2018,33.49310
118632,Nippon India Large Cap Fund - Direct Plan Growth Plan - Growth Option,Nippon India Mutual Fund,Open Ended Schemes,Equity Scheme - Large Cap Fund,28-05-2018,33.58880
118632,Nippon India Large Cap Fund - Direct Plan Growth Plan - Growth Option,Nippon India Mutual Fund,Open Ended Schemes,Equity Scheme - Large Cap Fund,25-05-2018,33.19790
118632,Nippon India Large Cap Fund - Direct Plan Growth Plan - Growth Option,Nippon India Mutual Fund,Open Ended Schemes,Equity Scheme - Large Cap Fund,24-05-2018,32.87560
118632,Nippon India Large Cap Fund - Direct Plan Growth Plan - Growth Option,Nippon India Mutual Fund,Open Ended Schemes,Equity Scheme - Large Cap Fund,23-05-2018,32.72180
118632,Nippon India Large Cap Fund - Direct Plan Growth Plan - Growth Option,Nippon India Mutual Fund,Open Ended Schemes,Equity Scheme - Large Cap Fund,22-05-2018,32.98240
118632,Nippon India Large Cap Fund - Direct Plan Growth Plan - Growth Option,Nippon India Mutual Fund,Open Ended Schemes,Equity Scheme - Large Cap Fund,21-05-2018,32.73780
118632,Nippon India Large Cap Fund - Direct Plan Growth Plan - Growth Option,Nippon India Mutual Fund,Open Ended Schemes,Equity Scheme - Large Cap Fund,18-05-2018,33.10410
118632,Nippon India Large Cap Fund - Direct Plan Growth Plan - Growth Option,Nippon India Mutual Fund,Open Ended Schemes,Equity Scheme - Large Cap Fund,17-05-2018,33.48300
118632,Nippon India Large Cap Fund - Direct Plan Growth Plan - Growth Option,Nippon India Mutual Fund,Open Ended Schemes,Equity Scheme - Large Cap Fund,16-05-2018,33.50430
118632,Nippon India Large Cap Fund - Direct Plan Growth Plan - Growth Option,Nippon India Mutual Fund,Open Ended Schemes,Equity Scheme - Large Cap Fund,15-05-2018,33.74840
118632,Nippon India Large Cap Fund - Direct Plan Growth Plan - Growth Option,Nippon India Mutual Fund,Open Ended Schemes,Equity Scheme - Large Cap Fund,14-05-2018,33.98880
118632,Nippon India Large Cap Fund - Direct Plan Growth Plan - Growth Option,Nippon India Mutual Fund,Open Ended Schemes,Equity Scheme - Large Cap Fund,11-05-2018,34.11060
118632,Nippon India Large Cap Fund - Direct Plan Growth Plan - Growth Option,Nippon India Mutual Fund,Open Ended Schemes,Equity Scheme - Large Cap Fund,10-05-2018,33.95350
118632,Nippon India Large Cap Fund - Direct Plan Growth Plan - Growth Option,Nippon India Mutual Fund,Open Ended Schemes,Equity Scheme - Large Cap Fund,09-05-2018,34.15150
118632,Nippon India Large Cap Fund - Direct Plan Growth Plan - Growth Option,Nippon India Mutual Fund,Open Ended Schemes,Equity Scheme - Large Cap Fund,08-05-2018,34.19550
118632,Nippon India Large Cap Fund - Direct Plan Growth Plan - Growth Option,Nippon India Mutual Fund,Open Ended Schemes,Equity Scheme - Large Cap Fund,07-05-2018,34.18630
118632,Nippon India Large Cap Fund - Direct Plan Growth Plan - Growth Option,Nippon India Mutual Fund,Open Ended Schemes,Equity Scheme - Large Cap Fund,04-05-2018,33.82830
118632,Nippon India Large Cap Fund - Direct Plan Growth Plan - Growth Option,Nippon India Mutual Fund,Open Ended Schemes,Equity Scheme - Large Cap Fund,03-05-2018,34.06080
118632,Nippon India Large Cap Fund - Direct Plan Growth Plan - Growth Option,Nippon India Mutual Fund,Open Ended Schemes,Equity Scheme - Large Cap Fund,02-05-2018,34.22460
118632,Nippon India Large Cap Fund - Direct Plan Growth Plan - Growth Option,Nippon India Mutual Fund,Open Ended Schemes,Equity Scheme - Large Cap Fund,30-04-2018,34.36100
118632,Nippon India Large Cap Fund - Direct Plan Growth Plan - Growth Option,Nippon India Mutual Fund,Open Ended Schemes,Equity Scheme - Large Cap Fund,27-04-2018,34.13900
118632,Nippon India Large Cap Fund - Direct Plan Growth Plan - Growth Option,Nippon India Mutual Fund,Open Ended Schemes,Equity Scheme - Large Cap Fund,26-04-2018,33.72070
118632,Nippon India Large Cap Fund - Direct Plan Growth Plan - Growth Option,Nippon India Mutual Fund,Open Ended Schemes,Equity Scheme - Large Cap Fund,25-04-2018,33.75410
118632,Nippon India Large Cap Fund - Direct Plan Growth Plan - Growth Option,Nippon India Mutual Fund,Open Ended Schemes,Equity Scheme - Large Cap Fund,24-04-2018,33.92560
118632,Nippon India Large Cap Fund - Direct Plan Growth Plan - Growth Option,Nippon India Mutual Fund,Open Ended Schemes,Equity Scheme - Large Cap Fund,23-04-2018,33.85320
118632,Nippon India Large Cap Fund - Direct Plan Growth Plan - Growth Option,Nippon India Mutual Fund,Open Ended Schemes,Equity Scheme - Large Cap Fund,20-04-2018,33.71630
118632,Nippon India Large Cap Fund - Direct Plan Growth Plan - Growth Option,Nippon India Mutual Fund,Open Ended Schemes,Equity Scheme - Large Cap Fund,19-04-2018,33.72130
118632,Nippon India Large Cap Fund - Direct Plan Growth Plan - Growth Option,Nippon India Mutual Fund,Open Ended Schemes,Equity Scheme - Large Cap Fund,18-04-2018,33.62790
118632,Nippon India Large Cap Fund - Direct Plan Growth Plan - Growth Option,Nippon India Mutual Fund,Open Ended Schemes,Equity Scheme - Large Cap Fund,17-04-2018,33.69140
118632,Nippon India Large Cap Fund - Direct Plan Growth Plan - Growth Option,Nippon India Mutual Fund,Open Ended Schemes,Equity Scheme - Large Cap Fund,16-04-2018,33.56680
118632,Nippon India Large Cap Fund - Direct Plan Growth Plan - Growth Option,Nippon India Mutual Fund,Open Ended Schemes,Equity Scheme - Large Cap Fund,13-04-2018,33.47740
118632,Nippon India Large Cap Fund - Direct Plan Growth Plan - Growth Option,Nippon India Mutual Fund,Open Ended Schemes,Equity Scheme - Large Cap Fund,12-04-2018,33.52140
118632,Nippon India Large Cap Fund - Direct Plan Growth Plan - Growth Option,Nippon India Mutual Fund,Open Ended Schemes,Equity Scheme - Large Cap Fund,11-04-2018,33.48630
118632,Nippon India Large Cap Fund - Direct Plan Growth Plan - Growth Option,Nippon India Mutual Fund,Open Ended Schemes,Equity Scheme - Large Cap Fund,10-04-2018,33.64160
118632,Nippon India Large Cap Fund - Direct Plan Growth Plan - Growth Option,Nippon India Mutual Fund,Open Ended Schemes,Equity Scheme - Large Cap Fund,09-04-2018,33.49450
118632,Nippon India Large Cap Fund - Direct Plan Growth Plan - Growth Option,Nippon India Mutual Fund,Open Ended Schemes,Equity Scheme - Large Cap Fund,06-04-2018,33.39870
118632,Nippon India Large Cap Fund - Direct Plan Growth Plan - Growth Option,Nippon India Mutual Fund,Open Ended Schemes,Equity Scheme - Large Cap Fund,05-04-2018,33.29500
118632,Nippon India Large Cap Fund - Direct Plan Growth Plan - Growth Option,Nippon India Mutual Fund,Open Ended Schemes,Equity Scheme - Large Cap Fund,04-04-2018,32.72410
118632,Nippon India Large Cap Fund - Direct Plan Growth Plan - Growth Option,Nippon India Mutual Fund,Open Ended Schemes,Equity Scheme - Large Cap Fund,03-04-2018,33.06960
118632,Nippon India Large Cap Fund - Direct Plan Growth Plan - Growth Option,Nippon India Mutual Fund,Open Ended Schemes,Equity Scheme - Large Cap Fund,02-04-2018,32.79230
118632,Nippon India Large Cap Fund - Direct Plan Growth Plan - Growth Option,Nippon India Mutual Fund,Open Ended Schemes,Equity Scheme - Large Cap Fund,28-03-2018,32.47790
118632,Nippon India Large Cap Fund - Direct Plan Growth Plan - Growth Option,Nippon India Mutual Fund,Open Ended Schemes,Equity Scheme - Large Cap Fund,27-03-2018,32.66020
118632,Nippon India Large Cap Fund - Direct Plan Growth Plan - Growth Option,Nippon India Mutual Fund,Open Ended Schemes,Equity Scheme - Large Cap Fund,26-03-2018,32.37050
118632,Nippon India Large Cap Fund - Direct Plan Growth Plan - Growth Option,Nippon India Mutual Fund,Open Ended Schemes,Equity Scheme - Large Cap Fund,23-03-2018,31.93770
118632,Nippon India Large Cap Fund - Direct Plan Growth Plan - Growth Option,Nippon India Mutual Fund,Open Ended Schemes,Equity Scheme - Large Cap Fund,22-03-2018,32.32040
118632,Nippon India Large Cap Fund - Direct Plan Growth Plan - Growth Option,Nippon India Mutual Fund,Open Ended Schemes,Equity Scheme - Large Cap Fund,21-03-2018,32.62300
118632,Nippon India Large Cap Fund - Direct Plan Growth Plan - Growth Option,Nippon India Mutual Fund,Open Ended Schemes,Equity Scheme - Large Cap Fund,20-03-2018,32.58220
118632,Nippon India Large Cap Fund - Direct Plan Growth Plan - Growth Option,Nippon India Mutual Fund,Open Ended Schemes,Equity Scheme - Large Cap Fund,19-03-2018,32.49600
118632,Nippon India Large Cap Fund - Direct Plan Growth Plan - Growth Option,Nippon India Mutual Fund,Open Ended Schemes,Equity Scheme - Large Cap Fund,16-03-2018,32.92160
118632,Nippon India Large Cap Fund - Direct Plan Growth Plan - Growth Option,Nippon India Mutual Fund,Open Ended Schemes,Equity Scheme - Large Cap Fund,15-03-2018,33.44660
118632,Nippon India Large Cap Fund - Direct Plan Growth Plan - Growth Option,Nippon India Mutual Fund,Open Ended Schemes,Equity Scheme - Large Cap Fund,14-03-2018,33.54490
118632,Nippon India Large Cap Fund - Direct Plan Growth Plan - Growth Option,Nippon India Mutual Fund,Open Ended Schemes,Equity Scheme - Large Cap Fund,13-03-2018,33.55430
118632,Nippon India Large Cap Fund - Direct Plan Growth Plan - Growth Option,Nippon India Mutual Fund,Open Ended Schemes,Equity Scheme - Large Cap Fund,12-03-2018,33.40680
118632,Nippon India Large Cap Fund - Direct Plan Growth Plan - Growth Option,Nippon India Mutual Fund,Open Ended Schemes,Equity Scheme - Large Cap Fund,09-03-2018,32.94890
118632,Nippon India Large Cap Fund - Direct Plan Growth Plan - Growth Option,Nippon India Mutual Fund,Open Ended Schemes,Equity Scheme - Large Cap Fund,08-03-2018,33.05650
118632,Nippon India Large Cap Fund - Direct Plan Growth Plan - Growth Option,Nippon India Mutual Fund,Open Ended Schemes,Equity Scheme - Large Cap Fund,07-03-2018,32.80940
118632,Nippon India Large Cap Fund - Direct Plan Growth Plan - Growth Option,Nippon India Mutual Fund,Open Ended Schemes,Equity Scheme - Large Cap Fund,06-03-2018,33.24810
118632,Nippon India Large Cap Fund - Direct Plan Growth Plan - Growth Option,Nippon India Mutual Fund,Open Ended Schemes,Equity Scheme - Large Cap Fund,05-03-2018,33.54890
118632,Nippon India Large Cap Fund - Direct Plan Growth Plan - Growth Option,Nippon India Mutual Fund,Open Ended Schemes,Equity Scheme - Large Cap Fund,01-03-2018,33.93270
118632,Nippon India Large Cap Fund - Direct Plan Growth Plan - Growth Option,Nippon India Mutual Fund,Open Ended Schemes,Equity Scheme - Large Cap Fund,28-02-2018,34.04530
118632,Nippon India Large Cap Fund - Direct Plan Growth Plan - Growth Option,Nippon India Mutual Fund,Open Ended Schemes,Equity Scheme - Large Cap Fund,27-02-2018,34.17610
118632,Nippon India Large Cap Fund - Direct Plan Growth Plan - Growth Option,Nippon India Mutual Fund,Open Ended Schemes,Equity Scheme - Large Cap Fund,26-02-2018,34.27370
118632,Nippon India Large Cap Fund - Direct Plan Growth Plan - Growth Option,Nippon India Mutual Fund,Open Ended Schemes,Equity Scheme - Large Cap Fund,23-02-2018,33.99730
118632,Nippon India Large Cap Fund - Direct Plan Growth Plan - Growth Option,Nippon India Mutual Fund,Open Ended Schemes,Equity Scheme - Large Cap Fund,22-02-2018,33.55140
118632,Nippon India Large Cap Fund - Direct Plan Growth Plan - Growth Option,Nippon India Mutual Fund,Open Ended Schemes,Equity Scheme - Large Cap Fund,21-02-2018,33.68980
118632,Nippon India Large Cap Fund - Direct Plan Growth Plan - Growth Option,Nippon India Mutual Fund,Open Ended Schemes,Equity Scheme - Large Cap Fund,20-02-2018,33.62530
118632,Nippon India Large Cap Fund - Direct Plan Growth Plan - Growth Option,Nippon India Mutual Fund,Open Ended Schemes,Equity Scheme - Large Cap Fund,19-02-2018,33.69310
118632,Nippon India Large Cap Fund - Direct Plan Growth Plan - Growth Option,Nippon India Mutual Fund,Open Ended Schemes,Equity Scheme - Large Cap Fund,16-02-2018,34.06480
118632,Nippon India Large Cap Fund - Direct Plan Growth Plan - Growth Option,Nippon India Mutual Fund,Open Ended Schemes,Equity Scheme - Large Cap Fund,15-02-2018,34.35080
118632,Nippon India Large Cap Fund - Direct Plan Growth Plan - Growth Option,Nippon India Mutual Fund,Open Ended Schemes,Equity Scheme - Large Cap Fund,14-02-2018,34.38770
118632,Nippon India Large Cap Fund - Direct Plan Growth Plan - Growth Option,Nippon India Mutual Fund,Open Ended Schemes,Equity Scheme - Large Cap Fund,12-02-2018,34.61960
118632,Nippon India Large Cap Fund - Direct Plan Growth Plan - Growth Option,Nippon India Mutual Fund,Open Ended Schemes,Equity Scheme - Large Cap Fund,09-02-2018,34.42870
118632,Nippon India Large Cap Fund - Direct Plan Growth Plan - Growth Option,Nippon India Mutual Fund,Open Ended Schemes,Equity Scheme - Large Cap Fund,08-02-2018,34.70530
118632,Nippon India Large Cap Fund - Direct Plan Growth Plan - Growth Option,Nippon India Mutual Fund,Open Ended Schemes,Equity Scheme - Large Cap Fund,07-02-2018,34.13100
118632,Nippon India Large Cap Fund - Direct Plan Growth Plan - Growth Option,Nippon India Mutual Fund,Open Ended Schemes,Equity Scheme - Large Cap Fund,06-02-2018,34.12250
118632,Nippon India Large Cap Fund - Direct Plan Growth Plan - Growth Option,Nippon India Mutual Fund,Open Ended Schemes,Equity Scheme - Large Cap Fund,05-02-2018,34.66570
118632,Nippon India Large Cap Fund - Direct Plan Growth Plan - Growth Option,Nippon India Mutual Fund,Open Ended Schemes,Equity Scheme - Large Cap Fund,02-02-2018,34.79730
118632,Nippon India Large Cap Fund - Direct Plan Growth Plan - Growth Option,Nippon India Mutual Fund,Open Ended Schemes,Equity Scheme - Large Cap Fund,01-02-2018,35.73580
118632,Nippon India Large Cap Fund - Direct Plan Growth Plan - Growth Option,Nippon India Mutual Fund,Open Ended Schemes,Equity Scheme - Large Cap Fund,31-01-2018,35.68540
118632,Nippon India Large Cap Fund - Direct Plan Growth Plan - Growth Option,Nippon India Mutual Fund,Open Ended Schemes,Equity Scheme - Large Cap Fund,30-01-2018,35.88540
118632,Nippon India Large Cap Fund - Direct Plan Growth Plan - Growth Option,Nippon India Mutual Fund,Open Ended Schemes,Equity Scheme - Large Cap Fund,29-01-2018,36.07690
118632,Nippon India Large Cap Fund - Direct Plan Growth Plan - Growth Option,Nippon India Mutual Fund,Open Ended Schemes,Equity Scheme - Large Cap Fund,25-01-2018,36.20220
118632,Nippon India Large Cap Fund - Direct Plan Growth Plan - Growth Option,Nippon India Mutual Fund,Open Ended Schemes,Equity Scheme - Large Cap Fund,24-01-2018,36.43180
118632,Nippon India Large Cap Fund - Direct Plan Growth Plan - Growth Option,Nippon India Mutual Fund,Open Ended Schemes,Equity Scheme - Large Cap Fund,23-01-2018,36.40550
118632,Nippon India Large Cap Fund - Direct Plan Growth Plan - Growth Option,Nippon India Mutual Fund,Open Ended Schemes,Equity Scheme - Large Cap Fund,22-01-2018,35.98310
118632,Nippon India Large Cap Fund - Direct Plan Growth Plan - Growth Option,Nippon India Mutual Fund,Open Ended Schemes,Equity Scheme - Large Cap Fund,19-01-2018,35.85350
118632,Nippon India Large Cap Fund - Direct Plan Growth Plan - Growth Option,Nippon India Mutual Fund,Open Ended Schemes,Equity Scheme - Large Cap Fund,18-01-2018,35.57170
118632,Nippon India Large Cap Fund - Direct Plan Growth Plan - Growth Option,Nippon India Mutual Fund,Open Ended Schemes,Equity Scheme - Large Cap Fund,17-01-2018,35.74500
118632,Nippon India Large Cap Fund - Direct Plan Growth Plan - Growth Option,Nippon India Mutual Fund,Open Ended Schemes,Equity Scheme - Large Cap Fund,16-01-2018,35.30590
118632,Nippon India Large Cap Fund - Direct Plan Growth Plan - Growth Option,Nippon India Mutual Fund,Open Ended Schemes,Equity Scheme - Large Cap Fund,15-01-2018,35.40000
118632,Nippon India Large Cap Fund - Direct Plan Growth Plan - Growth Option,Nippon India Mutual Fund,Open Ended Schemes,Equity Scheme - Large Cap Fund,12-01-2018,35.31940
118632,Nippon India Large Cap Fund - Direct Plan Growth Plan - Growth Option,Nippon India Mutual Fund,Open Ended Schemes,Equity Scheme - Large Cap Fund,11-01-2018,35.26370
118632,Nippon India Large Cap Fund - Direct Plan Growth Plan - Growth Option,Nippon India Mutual Fund,Open Ended Schemes,Equity Scheme - Large Cap Fund,10-01-2018,35.17680
118632,Nippon India Large Cap Fund - Direct Plan Growth Plan - Growth Option,Nippon India Mutual Fund,Open Ended Schemes,Equity Scheme - Large Cap Fund,09-01-2018,35.31170
118632,Nippon India Large Cap Fund - Direct Plan Growth Plan - Growth Option,Nippon India Mutual Fund,Open Ended Schemes,Equity Scheme - Large Cap Fund,08-01-2018,35.41900
118632,Nippon India Large Cap Fund - Direct Plan Growth Plan - Growth Option,Nippon India Mutual Fund,Open Ended Schemes,Equity Scheme - Large Cap Fund,05-01-2018,35.20260
118632,Nippon India Large Cap Fund - Direct Plan Growth Plan - Growth Option,Nippon India Mutual Fund,Open Ended Schemes,Equity Scheme - Large Cap Fund,04-01-2018,34.96090
118632,Nippon India Large Cap Fund - Direct Plan Growth Plan - Growth Option,Nippon India Mutual Fund,Open Ended Schemes,Equity Scheme - Large Cap Fund,03-01-2018,34.63330
118632,Nippon India Large Cap Fund - Direct Plan Growth Plan - Growth Option,Nippon India Mutual Fund,Open Ended Schemes,Equity Scheme - Large Cap Fund,02-01-2018,34.53020
118632,Nippon India Large Cap Fund - Direct Plan Growth Plan - Growth Option,Nippon India Mutual Fund,Open Ended Schemes,Equity Scheme - Large Cap Fund,01-01-2018,34.62620
118632,Nippon India Large Cap Fund - Direct Plan Growth Plan - Growth Option,Nippon India Mutual Fund,Open Ended Schemes,Equity Scheme - Large Cap Fund,29-12-2017,34.79830
118632,Nippon India Large Cap Fund - Direct Plan Growth Plan - Growth Option,Nippon India Mutual Fund,Open Ended Schemes,Equity Scheme - Large Cap Fund,28-12-2017,34.68460
118632,Nippon India Large Cap Fund - Direct Plan Growth Plan - Growth Option,Nippon India Mutual Fund,Open Ended Schemes,Equity Scheme - Large Cap Fund,27-12-2017,34.75960
118632,Nippon India Large Cap Fund - Direct Plan Growth Plan - Growth Option,Nippon India Mutual Fund,Open Ended Schemes,Equity Scheme - Large Cap Fund,26-12-2017,34.85100
118632,Nippon India Large Cap Fund - Direct Plan Growth Plan - Growth Option,Nippon India Mutual Fund,Open Ended Schemes,Equity Scheme - Large Cap Fund,22-12-2017,34.70280
118632,Nippon India Large Cap Fund - Direct Plan Growth Plan - Growth Option,Nippon India Mutual Fund,Open Ended Schemes,Equity Scheme - Large Cap Fund,21-12-2017,34.61260
118632,Nippon India Large Cap Fund - Direct Plan Growth Plan - Growth Option,Nippon India Mutual Fund,Open Ended Schemes,Equity Scheme - Large Cap Fund,20-12-2017,34.50710
118632,Nippon India Large Cap Fund - Direct Plan Growth Plan - Growth Option,Nippon India Mutual Fund,Open Ended Schemes,Equity Scheme - Large Cap Fund,19-12-2017,34.52520
118632,Nippon India Large Cap Fund - Direct Plan Growth Plan - Growth Option,Nippon India Mutual Fund,Open Ended Schemes,Equity Scheme - Large Cap Fund,18-12-2017,34.28400
118632,Nippon India Large Cap Fund - Direct Plan Growth Plan - Growth Option,Nippon India Mutual Fund,Open Ended Schemes,Equity Scheme - Large Cap Fund,15-12-2017,34.01920
118632,Nippon India Large Cap Fund - Direct Plan Growth Plan - Growth Option,Nippon India Mutual Fund,Open Ended Schemes,Equity Scheme - Large Cap Fund,14-12-2017,33.82750
118632,Nippon India Large Cap Fund - Direct Plan Growth Plan - Growth Option,Nippon India Mutual Fund,Open Ended Schemes,Equity Scheme - Large Cap Fund,13-12-2017,33.67330
118632,Nippon India Large Cap Fund - Direct Plan Growth Plan - Growth Option,Nippon India Mutual Fund,Open Ended Schemes,Equity Scheme - Large Cap Fund,12-12-2017,33.88500
118632,Nippon India Large Cap Fund - Direct Plan Growth Plan - Growth Option,Nippon India Mutual Fund,Open Ended Schemes,Equity Scheme - Large Cap Fund,11-12-2017,34.03290
118632,Nippon India Large Cap Fund - Direct Plan Growth Plan - Growth Option,Nippon India Mutual Fund,Open Ended Schemes,Equity Scheme - Large Cap Fund,08-12-2017,33.87100
118632,Nippon India Large Cap Fund - Direct Plan Growth Plan - Growth Option,Nippon India Mutual Fund,Open Ended Schemes,Equity Scheme - Large Cap Fund,07-12-2017,33.61180
118632,Nippon India Large Cap Fund - Direct Plan Growth Plan - Growth Option,Nippon India Mutual Fund,Open Ended Schemes,Equity Scheme - Large Cap Fund,06-12-2017,33.16370
118632,Nippon India Large Cap Fund - Direct Plan Growth Plan - Growth Option,Nippon India Mutual Fund,Open Ended Schemes,Equity Scheme - Large Cap Fund,05-12-2017,33.48910
118632,Nippon India Large Cap Fund - Direct Plan Growth Plan - Growth Option,Nippon India Mutual Fund,Open Ended Schemes,Equity Scheme - Large Cap Fund,04-12-2017,33.45720
118632,Nippon India Large Cap Fund - Direct Plan Growth Plan - Growth Option,Nippon India Mutual Fund,Open Ended Schemes,Equity Scheme - Large Cap Fund,01-12-2017,33.42230
118632,Nippon India Large Cap Fund - Direct Plan Growth Plan - Growth Option,Nippon India Mutual Fund,Open Ended Schemes,Equity Scheme - Large Cap Fund,30-11-2017,33.78520
118632,Nippon India Large Cap Fund - Direct Plan Growth Plan - Growth Option,Nippon India Mutual Fund,Open Ended Schemes,Equity Scheme - Large Cap Fund,29-11-2017,34.14140
118632,Nippon India Large Cap Fund - Direct Plan Growth Plan - Growth Option,Nippon India Mutual Fund,Open Ended Schemes,Equity Scheme - Large Cap Fund,28-11-2017,34.10580
118632,Nippon India Large Cap Fund - Direct Plan Growth Plan - Growth Option,Nippon India Mutual Fund,Open Ended Schemes,Equity Scheme - Large Cap Fund,27-11-2017,34.11310
118632,Nippon India Large Cap Fund - Direct Plan Growth Plan - Growth Option,Nippon India Mutual Fund,Open Ended Schemes,Equity Scheme - Large Cap Fund,24-11-2017,34.02900
118632,Nippon India Large Cap Fund - Direct Plan Growth Plan - Growth Option,Nippon India Mutual Fund,Open Ended Schemes,Equity Scheme - Large Cap Fund,23-11-2017,33.92460
118632,Nippon India Large Cap Fund - Direct Plan Growth Plan - Growth Option,Nippon India Mutual Fund,Open Ended Schemes,Equity Scheme - Large Cap Fund,22-11-2017,33.88600
118632,Nippon India Large Cap Fund - Direct Plan Growth Plan - Growth Option,Nippon India Mutual Fund,Open Ended Schemes,Equity Scheme - Large Cap Fund,21-11-2017,33.79630
118632,Nippon India Large Cap Fund - Direct Plan Growth Plan - Growth Option,Nippon India Mutual Fund,Open Ended Schemes,Equity Scheme - Large Cap Fund,20-11-2017,33.64420
118632,Nippon India Large Cap Fund - Direct Plan Growth Plan - Growth Option,Nippon India Mutual Fund,Open Ended Schemes,Equity Scheme - Large Cap Fund,17-11-2017,33.70370
118632,Nippon India Large Cap Fund - Direct Plan Growth Plan - Growth Option,Nippon India Mutual Fund,Open Ended Schemes,Equity Scheme - Large Cap Fund,16-11-2017,33.42480
118632,Nippon India Large Cap Fund - Direct Plan Growth Plan - Growth Option,Nippon India Mutual Fund,Open Ended Schemes,Equity Scheme - Large Cap Fund,15-11-2017,33.12990
118632,Nippon India Large Cap Fund - Direct Plan Growth Plan - Growth Option,Nippon India Mutual Fund,Open Ended Schemes,Equity Scheme - Large Cap Fund,14-11-2017,33.30650
118632,Nippon India Large Cap Fund - Direct Plan Growth Plan - Growth Option,Nippon India Mutual Fund,Open Ended Schemes,Equity Scheme - Large Cap Fund,13-11-2017,33.44650
118632,Nippon India Large Cap Fund - Direct Plan Growth Plan - Growth Option,Nippon India Mutual Fund,Open Ended Schemes,Equity Scheme - Large Cap Fund,10-11-2017,33.64430
118632,Nippon India Large Cap Fund - Direct Plan Growth Plan - Growth Option,Nippon India Mutual Fund,Open Ended Schemes,Equity Scheme - Large Cap Fund,09-11-2017,33.45350
118632,Nippon India Large Cap Fund - Direct Plan Growth Plan - Growth Option,Nippon India Mutual Fund,Open Ended Schemes,Equity Scheme - Large Cap Fund,08-11-2017,33.42580
118632,Nippon India Large Cap Fund - Direct Plan Growth Plan - Growth Option,Nippon India Mutual Fund,Open Ended Schemes,Equity Scheme - Large Cap Fund,07-11-2017,33.60050
118632,Nippon India Large Cap Fund - Direct Plan Growth Plan - Growth Option,Nippon India Mutual Fund,Open Ended Schemes,Equity Scheme - Large Cap Fund,06-11-2017,33.99140
118632,Nippon India Large Cap Fund - Direct Plan Growth Plan - Growth Option,Nippon India Mutual Fund,Open Ended Schemes,Equity Scheme - Large Cap Fund,03-11-2017,33.95770
118632,Nippon India Large Cap Fund - Direct Plan Growth Plan - Growth Option,Nippon India Mutual Fund,Open Ended Schemes,Equity Scheme - Large Cap Fund,02-11-2017,33.84670
118632,Nippon India Large Cap Fund - Direct Plan Growth Plan - Growth Option,Nippon India Mutual Fund,Open Ended Schemes,Equity Scheme - Large Cap Fund,01-11-2017,33.66330
118632,Nippon India Large Cap Fund - Direct Plan Growth Plan - Growth Option,Nippon India Mutual Fund,Open Ended Schemes,Equity Scheme - Large Cap Fund,31-10-2017,33.24030
118632,Nippon India Large Cap Fund - Direct Plan Growth Plan - Growth Option,Nippon India Mutual Fund,Open Ended Schemes,Equity Scheme - Large Cap Fund,30-10-2017,33.24620
118632,Nippon India Large Cap Fund - Direct Plan Growth Plan - Growth Option,Nippon India Mutual Fund,Open Ended Schemes,Equity Scheme - Large Cap Fund,27-10-2017,33.05060
118632,Nippon India Large Cap Fund - Direct Plan Growth Plan - Growth Option,Nippon India Mutual Fund,Open Ended Schemes,Equity Scheme - Large Cap Fund,26-10-2017,33.09160
118632,Nippon India Large Cap Fund - Direct Plan Growth Plan - Growth Option,Nippon India Mutual Fund,Open Ended Schemes,Equity Scheme - Large Cap Fund,25-10-2017,32.96170
118632,Nippon India Large Cap Fund - Direct Plan Growth Plan - Growth Option,Nippon India Mutual Fund,Open Ended Schemes,Equity Scheme - Large Cap Fund,24-10-2017,32.20310
118632,Nippon India Large Cap Fund - Direct Plan Growth Plan - Growth Option,Nippon India Mutual Fund,Open Ended Schemes,Equity Scheme - Large Cap Fund,23-10-2017,32.00930
118632,Nippon India Large Cap Fund - Direct Plan Growth Plan - Growth Option,Nippon India Mutual Fund,Open Ended Schemes,Equity Scheme - Large Cap Fund,18-10-2017,32.06210
118632,Nippon India Large Cap Fund - Direct Plan Growth Plan - Growth Option,Nippon India Mutual Fund,Open Ended Schemes,Equity Scheme - Large Cap Fund,17-10-2017,32.30310
118632,Nippon India Large Cap Fund - Direct Plan Growth Plan - Growth Option,Nippon India Mutual Fund,Open Ended Schemes,Equity Scheme - Large Cap Fund,16-10-2017,32.29920
118632,Nippon India Large Cap Fund - Direct Plan Growth Plan - Growth Option,Nippon India Mutual Fund,Open Ended Schemes,Equity Scheme - Large Cap Fund,13-10-2017,32.10210
118632,Nippon India Large Cap Fund - Direct Plan Growth Plan - Growth Option,Nippon India Mutual Fund,Open Ended Schemes,Equity Scheme - Large Cap Fund,12-10-2017,32.03010
118632,Nippon India Large Cap Fund - Direct Plan Growth Plan - Growth Option,Nippon India Mutual Fund,Open Ended Schemes,Equity Scheme - Large Cap Fund,11-10-2017,31.75670
118632,Nippon India Large Cap Fund - Direct Plan Growth Plan - Growth Option,Nippon India Mutual Fund,Open Ended Schemes,Equity Scheme - Large Cap Fund,10-10-2017,31.92420
118632,Nippon India Large Cap Fund - Direct Plan Growth Plan - Growth Option,Nippon India Mutual Fund,Open Ended Schemes,Equity Scheme - Large Cap Fund,09-10-2017,31.83860
118632,Nippon India Large Cap Fund - Direct Plan Growth Plan - Growth Option,Nippon India Mutual Fund,Open Ended Schemes,Equity Scheme - Large Cap Fund,06-10-2017,31.82480
118632,Nippon India Large Cap Fund - Direct Plan Growth Plan - Growth Option,Nippon India Mutual Fund,Open Ended Schemes,Equity Scheme - Large Cap Fund,05-10-2017,31.48300
118632,Nippon India Large Cap Fund - Direct Plan Growth Plan - Growth Option,Nippon India Mutual Fund,Open Ended Schemes,Equity Scheme - Large Cap Fund,04-10-2017,31.52470
118632,Nippon India Large Cap Fund - Direct Plan Growth Plan - Growth Option,Nippon India Mutual Fund,Open Ended Schemes,Equity Scheme - Large Cap Fund,03-10-2017,31.40690
118632,Nippon India Large Cap Fund - Direct Plan Growth Plan - Growth Option,Nippon India Mutual Fund,Open Ended Schemes,Equity Scheme - Large Cap Fund,29-09-2017,31.19890
118632,Nippon India Large Cap Fund - Direct Plan Growth Plan - Growth Option,Nippon India Mutual Fund,Open Ended Schemes,Equity Scheme - Large Cap Fund,28-09-2017,31.05500
118632,Nippon India Large Cap Fund - Direct Plan Growth Plan - Growth Option,Nippon India Mutual Fund,Open Ended Schemes,Equity Scheme - Large Cap Fund,27-09-2017,30.91230
118632,Nippon India Large Cap Fund - Direct Plan Growth Plan - Growth Option,Nippon India Mutual Fund,Open Ended Schemes,Equity Scheme - Large Cap Fund,26-09-2017,31.46740
118632,Nippon India Large Cap Fund - Direct Plan Growth Plan - Growth Option,Nippon India Mutual Fund,Open Ended Schemes,Equity Scheme - Large Cap Fund,25-09-2017,31.35250
118632,Nippon India Large Cap Fund - Direct Plan Growth Plan - Growth Option,Nippon India Mutual Fund,Open Ended Schemes,Equity Scheme - Large Cap Fund,22-09-2017,31.75830
118632,Nippon India Large Cap Fund - Direct Plan Growth Plan - Growth Option,Nippon India Mutual Fund,Open Ended Schemes,Equity Scheme - Large Cap Fund,21-09-2017,32.34940
118632,Nippon India Large Cap Fund - Direct Plan Growth Plan - Growth Option,Nippon India Mutual Fund,Open Ended Schemes,Equity Scheme - Large Cap Fund,20-09-2017,32.38930
118632,Nippon India Large Cap Fund - Direct Plan Growth Plan - Growth Option,Nippon India Mutual Fund,Open Ended Schemes,Equity Scheme - Large Cap Fund,19-09-2017,32.31930
118632,Nippon India Large Cap Fund - Direct Plan Growth Plan - Growth Option,Nippon India Mutual Fund,Open Ended Schemes,Equity Scheme - Large Cap Fund,18-09-2017,32.30210
118632,Nippon India Large Cap Fund - Direct Plan Growth Plan - Growth Option,Nippon India Mutual Fund,Open Ended Schemes,Equity Scheme - Large Cap Fund,15-09-2017,32.18040
118632,Nippon India Large Cap Fund - Direct Plan Growth Plan - Growth Option,Nippon India Mutual Fund,Open Ended Schemes,Equity Scheme - Large Cap Fund,14-09-2017,32.22050
118632,Nippon India Large Cap Fund - Direct Plan Growth Plan - Growth Option,Nippon India Mutual Fund,Open Ended Schemes,Equity Scheme - Large Cap Fund,13-09-2017,31.99190
118632,Nippon India Large Cap Fund - Direct Plan Growth Plan - Growth Option,Nippon India Mutual Fund,Open Ended Schemes,Equity Scheme - Large Cap Fund,12-09-2017,32.09400
118632,Nippon India Large Cap Fund - Direct Plan Growth Plan - Growth Option,Nippon India Mutual Fund,Open Ended Schemes,Equity Scheme - Large Cap Fund,11-09-2017,31.63470
118632,Nippon India Large Cap Fund - Direct Plan Growth Plan - Growth Option,Nippon India Mutual Fund,Open Ended Schemes,Equity Scheme - Large Cap Fund,08-09-2017,31.42320
118632,Nippon India Large Cap Fund - Direct Plan Growth Plan - Growth Option,Nippon India Mutual Fund,Open Ended Schemes,Equity Scheme - Large Cap Fund,07-09-2017,31.48770
118632,Nippon India Large Cap Fund - Direct Plan Growth Plan - Growth Option,Nippon India Mutual Fund,Open Ended Schemes,Equity Scheme - Large Cap Fund,06-09-2017,31.37720
118632,Nippon India Large Cap Fund - Direct Plan Growth Plan - Growth Option,Nippon India Mutual Fund,Open Ended Schemes,Equity Scheme - Large Cap Fund,05-09-2017,31.55850
118632,Nippon India Large Cap Fund - Direct Plan Growth Plan - Growth Option,Nippon India Mutual Fund,Open Ended Schemes,Equity Scheme - Large Cap Fund,04-09-2017,31.43610
118632,Nippon India Large Cap Fund - Direct Plan Growth Plan - Growth Option,Nippon India Mutual Fund,Open Ended Schemes,Equity Scheme - Large Cap Fund,01-09-2017,31.66910
118632,Nippon India Large Cap Fund - Direct Plan Growth Plan - Growth Option,Nippon India Mutual Fund,Open Ended Schemes,Equity Scheme - Large Cap Fund,31-08-2017,31.41410
118632,Nippon India Large Cap Fund - Direct Plan Growth Plan - Growth Option,Nippon India Mutual Fund,Open Ended Schemes,Equity Scheme - Large Cap Fund,30-08-2017,31.40150
118632,Nippon India Large Cap Fund - Direct Plan Growth Plan - Growth Option,Nippon India Mutual Fund,Open Ended Schemes,Equity Scheme - Large Cap Fund,29-08-2017,31.10490
118632,Nippon India Large Cap Fund - Direct Plan Growth Plan - Growth Option,Nippon India Mutual Fund,Open Ended Schemes,Equity Scheme - Large Cap Fund,28-08-2017,31.46220
118632,Nippon India Large Cap Fund - Direct Plan Growth Plan - Growth Option,Nippon India Mutual Fund,Open Ended Schemes,Equity Scheme - Large Cap Fund,24-08-2017,31.21310
118632,Nippon India Large Cap Fund - Direct Plan Growth Plan - Growth Option,Nippon India Mutual Fund,Open Ended Schemes,Equity Scheme - Large Cap Fund,23-08-2017,31.11190
118632,Nippon India Large Cap Fund - Direct Plan Growth Plan - Growth Option,Nippon India Mutual Fund,Open Ended Schemes,Equity Scheme - Large Cap Fund,22-08-2017,30.79240
118632,Nippon India Large Cap Fund - Direct Plan Growth Plan - Growth Option,Nippon India Mutual Fund,Open Ended Schemes,Equity Scheme - Large Cap Fund,21-08-2017,30.75480
118632,Nippon India Large Cap Fund - Direct Plan Growth Plan - Growth Option,Nippon India Mutual Fund,Open Ended Schemes,Equity Scheme - Large Cap Fund,18-08-2017,31.11700
118632,Nippon India Large Cap Fund - Direct Plan Growth Plan - Growth Option,Nippon India Mutual Fund,Open Ended Schemes,Equity Scheme - Large Cap Fund,17-08-2017,31.42550
118632,Nippon India Large Cap Fund - Direct Plan Growth Plan - Growth Option,Nippon India Mutual Fund,Open Ended Schemes,Equity Scheme - Large Cap Fund,16-08-2017,31.42070
118632,Nippon India Large Cap Fund - Direct Plan Growth Plan - Growth Option,Nippon India Mutual Fund,Open Ended Schemes,Equity Scheme - Large Cap Fund,14-08-2017,31.02020
118632,Nippon India Large Cap Fund - Direct Plan Growth Plan - Growth Option,Nippon India Mutual Fund,Open Ended Schemes,Equity Scheme - Large Cap Fund,11-08-2017,30.66170
118632,Nippon India Large Cap Fund - Direct Plan Growth Plan - Growth Option,Nippon India Mutual Fund,Open Ended Schemes,Equity Scheme - Large Cap Fund,10-08-2017,30.90670
118632,Nippon India Large Cap Fund - Direct Plan Growth Plan - Growth Option,Nippon India Mutual Fund,Open Ended Schemes,Equity Scheme - Large Cap Fund,09-08-2017,31.24460
118632,Nippon India Large Cap Fund - Direct Plan Growth Plan - Growth Option,Nippon India Mutual Fund,Open Ended Schemes,Equity Scheme - Large Cap Fund,08-08-2017,31.61790
118632,Nippon India Large Cap Fund - Direct Plan Growth Plan - Growth Option,Nippon India Mutual Fund,Open Ended Schemes,Equity Scheme - Large Cap Fund,07-08-2017,31.88460
118632,Nippon India Large Cap Fund - Direct Plan Growth Plan - Growth Option,Nippon India Mutual Fund,Open Ended Schemes,Equity Scheme - Large Cap Fund,04-08-2017,31.75710
118632,Nippon India Large Cap Fund - Direct Plan Growth Plan - Growth Option,Nippon India Mutual Fund,Open Ended Schemes,Equity Scheme - Large Cap Fund,03-08-2017,31.67370
118632,Nippon India Large Cap Fund - Direct Plan Growth Plan - Growth Option,Nippon India Mutual Fund,Open Ended Schemes,Equity Scheme - Large Cap Fund,02-08-2017,32.01170
118632,Nippon India Large Cap Fund - Direct Plan Growth Plan - Growth Option,Nippon India Mutual Fund,Open Ended Schemes,Equity Scheme - Large Cap Fund,01-08-2017,32.10630
118632,Nippon India Large Cap Fund - Direct Plan Growth Plan - Growth Option,Nippon India Mutual Fund,Open Ended Schemes,Equity Scheme - Large Cap Fund,31-07-2017,32.05350
118632,Nippon India Large Cap Fund - Direct Plan Growth Plan - Growth Option,Nippon India Mutual Fund,Open Ended Schemes,Equity Scheme - Large Cap Fund,28-07-2017,31.82240
118632,Nippon India Large Cap Fund - Direct Plan Growth Plan - Growth Option,Nippon India Mutual Fund,Open Ended Schemes,Equity Scheme - Large Cap Fund,27-07-2017,31.80260
118632,Nippon India Large Cap Fund - Direct Plan Growth Plan - Growth Option,Nippon India Mutual Fund,Open Ended Schemes,Equity Scheme - Large Cap Fund,26-07-2017,31.84410
118632,Nippon India Large Cap Fund - Direct Plan Growth Plan - Growth Option,Nippon India Mutual Fund,Open Ended Schemes,Equity Scheme - Large Cap Fund,25-07-2017,31.70530
118632,Nippon India Large Cap Fund - Direct Plan Growth Plan - Growth Option,Nippon India Mutual Fund,Open Ended Schemes,Equity Scheme - Large Cap Fund,24-07-2017,31.66340
118632,Nippon India Large Cap Fund - Direct Plan Growth Plan - Growth Option,Nippon India Mutual Fund,Open Ended Schemes,Equity Scheme - Large Cap Fund,21-07-2017,31.63640
118632,Nippon India Large Cap Fund - Direct Plan Growth Plan - Growth Option,Nippon India Mutual Fund,Open Ended Schemes,Equity Scheme - Large Cap Fund,20-07-2017,31.61090
118632,Nippon India Large Cap Fund - Direct Plan Growth Plan - Growth Option,Nippon India Mutual Fund,Open Ended Schemes,Equity Scheme - Large Cap Fund,19-07-2017,31.69470
118632,Nippon India Large Cap Fund - Direct Plan Growth Plan - Growth Option,Nippon India Mutual Fund,Open Ended Schemes,Equity Scheme - Large Cap Fund,18-07-2017,31.45520
118632,Nippon India Large Cap Fund - Direct Plan Growth Plan - Growth Option,Nippon India Mutual Fund,Open Ended Schemes,Equity Scheme - Large Cap Fund,17-07-2017,31.68830
118632,Nippon India Large Cap Fund - Direct Plan Growth Plan - Growth Option,Nippon India Mutual Fund,Open Ended Schemes,Equity Scheme - Large Cap Fund,14-07-2017,31.57940
118632,Nippon India Large Cap Fund - Direct Plan Growth Plan - Growth Option,Nippon India Mutual Fund,Open Ended Schemes,Equity Scheme - Large Cap Fund,13-07-2017,31.49590
118632,Nippon India Large Cap Fund - Direct Plan Growth Plan - Growth Option,Nippon India Mutual Fund,Open Ended Schemes,Equity Scheme - Large Cap Fund,12-07-2017,31.25960
118632,Nippon India Large Cap Fund - Direct Plan Growth Plan - Growth Option,Nippon India Mutual Fund,Open Ended Schemes,Equity Scheme - Large Cap Fund,11-07-2017,31.14320
118632,Nippon India Large Cap Fund - Direct Plan Growth Plan - Growth Option,Nippon India Mutual Fund,Open Ended Schemes,Equity Scheme - Large Cap Fund,10-07-2017,31.20730
118632,Nippon India Large Cap Fund - Direct Plan Growth Plan - Growth Option,Nippon India Mutual Fund,Open Ended Schemes,Equity Scheme - Large Cap Fund,07-07-2017,30.91410
118632,Nippon India Large Cap Fund - Direct Plan Growth Plan - Growth Option,Nippon India Mutual Fund,Open Ended Schemes,Equity Scheme - Large Cap Fund,06-07-2017,30.91830
118632,Nippon India Large Cap Fund - Direct Plan Growth Plan - Growth Option,Nippon India Mutual Fund,Open Ended Schemes,Equity Scheme - Large Cap Fund,05-07-2017,30.74530
118632,Nippon India Large Cap Fund - Direct Plan Growth Plan - Growth Option,Nippon India Mutual Fund,Open Ended Schemes,Equity Scheme - Large Cap Fund,04-07-2017,30.64690
118632,Nippon India Large Cap Fund - Direct Plan Growth Plan - Growth Option,Nippon India Mutual Fund,Open Ended Schemes,Equity Scheme - Large Cap Fund,03-07-2017,30.70760
118632,Nippon India Large Cap Fund - Direct Plan Growth Plan - Growth Option,Nippon India Mutual Fund,Open Ended Schemes,Equity Scheme - Large Cap Fund,30-06-2017,30.46720
118632,Nippon India Large Cap Fund - Direct Plan Growth Plan - Growth Option,Nippon India Mutual Fund,Open Ended Schemes,Equity Scheme - Large Cap Fund,29-06-2017,30.27740
118632,Nippon India Large Cap Fund - Direct Plan Growth Plan - Growth Option,Nippon India Mutual Fund,Open Ended Schemes,Equity Scheme - Large Cap Fund,28-06-2017,30.17190
118632,Nippon India Large Cap Fund - Direct Plan Growth Plan - Growth Option,Nippon India Mutual Fund,Open Ended Schemes,Equity Scheme - Large Cap Fund,27-06-2017,30.18950
118632,Nippon India Large Cap Fund - Direct Plan Growth Plan - Growth Option,Nippon India Mutual Fund,Open Ended Schemes,Equity Scheme - Large Cap Fund,23-06-2017,30.45230
118632,Nippon India Large Cap Fund - Direct Plan Growth Plan - Growth Option,Nippon India Mutual Fund,Open Ended Schemes,Equity Scheme - Large Cap Fund,22-06-2017,30.63260
118632,Nippon India Large Cap Fund - Direct Plan Growth Plan - Growth Option,Nippon India Mutual Fund,Open Ended Schemes,Equity Scheme - Large Cap Fund,21-06-2017,30.63390
118632,Nippon India Large Cap Fund - Direct Plan Growth Plan - Growth Option,Nippon India Mutual Fund,Open Ended Schemes,Equity Scheme - Large Cap Fund,20-06-2017,30.64660
118632,Nippon India Large Cap Fund - Direct Plan Growth Plan - Growth Option,Nippon India Mutual Fund,Open Ended Schemes,Equity Scheme - Large Cap Fund,19-06-2017,30.63730
118632,Nippon India Large Cap Fund - Direct Plan Growth Plan - Growth Option,Nippon India Mutual Fund,Open Ended Schemes,Equity Scheme - Large Cap Fund,16-06-2017,30.48800
118632,Nippon India Large Cap Fund - Direct Plan Growth Plan - Growth Option,Nippon India Mutual Fund,Open Ended Schemes,Equity Scheme - Large Cap Fund,15-06-2017,30.42690
118632,Nippon India Large Cap Fund - Direct Plan Growth Plan - Growth Option,Nippon India Mutual Fund,Open Ended Schemes,Equity Scheme - Large Cap Fund,14-06-2017,30.38410
118632,Nippon India Large Cap Fund - Direct Plan Growth Plan - Growth Option,Nippon India Mutual Fund,Open Ended Schemes,Equity Scheme - Large Cap Fund,13-06-2017,30.40370
118632,Nippon India Large Cap Fund - Direct Plan Growth Plan - Growth Option,Nippon India Mutual Fund,Open Ended Schemes,Equity Scheme - Large Cap Fund,12-06-2017,30.34470
118632,Nippon India Large Cap Fund - Direct Plan Growth Plan - Growth Option,Nippon India Mutual Fund,Open Ended Schemes,Equity Scheme - Large Cap Fund,09-06-2017,30.52590
118632,Nippon India Large Cap Fund - Direct Plan Growth Plan - Growth Option,Nippon India Mutual Fund,Open Ended Schemes,Equity Scheme - Large Cap Fund,08-06-2017,30.50600
118632,Nippon India Large Cap Fund - Direct Plan Growth Plan - Growth Option,Nippon India Mutual Fund,Open Ended Schemes,Equity Scheme - Large Cap Fund,07-06-2017,30.40990
118632,Nippon India Large Cap Fund - Direct Plan Growth Plan - Growth Option,Nippon India Mutual Fund,Open Ended Schemes,Equity Scheme - Large Cap Fund,06-06-2017,30.22900
118632,Nippon India Large Cap Fund - Direct Plan Growth Plan - Growth Option,Nippon India Mutual Fund,Open Ended Schemes,Equity Scheme - Large Cap Fund,05-06-2017,30.35140
118632,Nippon India Large Cap Fund - Direct Plan Growth Plan - Growth Option,Nippon India Mutual Fund,Open Ended Schemes,Equity Scheme - Large Cap Fund,02-06-2017,30.30310
118632,Nippon India Large Cap Fund - Direct Plan Growth Plan - Growth Option,Nippon India Mutual Fund,Open Ended Schemes,Equity Scheme - Large Cap Fund,01-06-2017,30.13270
118632,Nippon India Large Cap Fund - Direct Plan Growth Plan - Growth Option,Nippon India Mutual Fund,Open Ended Schemes,Equity Scheme - Large Cap Fund,31-05-2017,30.10170
118632,Nippon India Large Cap Fund - Direct Plan Growth Plan - Growth Option,Nippon India Mutual Fund,Open Ended Schemes,Equity Scheme - Large Cap Fund,30-05-2017,29.97350
118632,Nippon India Large Cap Fund - Direct Plan Growth Plan - Growth Option,Nippon India Mutual Fund,Open Ended Schemes,Equity Scheme - Large Cap Fund,29-05-2017,29.83610
118632,Nippon India Large Cap Fund - Direct Plan Growth Plan - Growth Option,Nippon India Mutual Fund,Open Ended Schemes,Equity Scheme - Large Cap Fund,26-05-2017,29.96620
118632,Nippon India Large Cap Fund - Direct Plan Growth Plan - Growth Option,Nippon India Mutual Fund,Open Ended Schemes,Equity Scheme - Large Cap Fund,25-05-2017,29.59000
118632,Nippon India Large Cap Fund - Direct Plan Growth Plan - Growth Option,Nippon India Mutual Fund,Open Ended Schemes,Equity Scheme - Large Cap Fund,24-05-2017,29.16710
118632,Nippon India Large Cap Fund - Direct Plan Growth Plan - Growth Option,Nippon India Mutual Fund,Open Ended Schemes,Equity Scheme - Large Cap Fund,23-05-2017,29.45380
118632,Nippon India Large Cap Fund - Direct Plan Growth Plan - Growth Option,Nippon India Mutual Fund,Open Ended Schemes,Equity Scheme - Large Cap Fund,22-05-2017,29.76120
118632,Nippon India Large Cap Fund - Direct Plan Growth Plan - Growth Option,Nippon India Mutual Fund,Open Ended Schemes,Equity Scheme - Large Cap Fund,19-05-2017,29.89710
118632,Nippon India Large Cap Fund - Direct Plan Growth Plan - Growth Option,Nippon India Mutual Fund,Open Ended Schemes,Equity Scheme - Large Cap Fund,18-05-2017,29.95070
118632,Nippon India Large Cap Fund - Direct Plan Growth Plan - Growth Option,Nippon India Mutual Fund,Open Ended Schemes,Equity Scheme - Large Cap Fund,17-05-2017,30.37740
118632,Nippon India Large Cap Fund - Direct Plan Growth Plan - Growth Option,Nippon India Mutual Fund,Open Ended Schemes,Equity Scheme - Large Cap Fund,16-05-2017,30.33290
118632,Nippon India Large Cap Fund - Direct Plan Growth Plan - Growth Option,Nippon India Mutual Fund,Open Ended Schemes,Equity Scheme - Large Cap Fund,15-05-2017,30.19350
118632,Nippon India Large Cap Fund - Direct Plan Growth Plan - Growth Option,Nippon India Mutual Fund,Open Ended Schemes,Equity Scheme - Large Cap Fund,12-05-2017,29.93220
118632,Nippon India Large Cap Fund - Direct Plan Growth Plan - Growth Option,Nippon India Mutual Fund,Open Ended Schemes,Equity Scheme - Large Cap Fund,11-05-2017,30.03100
118632,Nippon India Large Cap Fund - Direct Plan Growth Plan - Growth Option,Nippon India Mutual Fund,Open Ended Schemes,Equity Scheme - Large Cap Fund,10-05-2017,29.95940
118632,Nippon India Large Cap Fund - Direct Plan Growth Plan - Growth Option,Nippon India Mutual Fund,Open Ended Schemes,Equity Scheme - Large Cap Fund,09-05-2017,29.67650
118632,Nippon India Large Cap Fund - Direct Plan Growth Plan - Growth Option,Nippon India Mutual Fund,Open Ended Schemes,Equity Scheme - Large Cap Fund,08-05-2017,29.55040
118632,Nippon India Large Cap Fund - Direct Plan Growth Plan - Growth Option,Nippon India Mutual Fund,Open Ended Schemes,Equity Scheme - Large Cap Fund,05-05-2017,29.41090
118632,Nippon India Large Cap Fund - Direct Plan Growth Plan - Growth Option,Nippon India Mutual Fund,Open Ended Schemes,Equity Scheme - Large Cap Fund,04-05-2017,29.61050
118632,Nippon India Large Cap Fund - Direct Plan Growth Plan - Growth Option,Nippon India Mutual Fund,Open Ended Schemes,Equity Scheme - Large Cap Fund,03-05-2017,29.46670
118632,Nippon India Large Cap Fund - Direct Plan Growth Plan - Growth Option,Nippon India Mutual Fund,Open Ended Schemes,Equity Scheme - Large Cap Fund,02-05-2017,29.46000
118632,Nippon India Large Cap Fund - Direct Plan Growth Plan - Growth Option,Nippon India Mutual Fund,Open Ended Schemes,Equity Scheme - Large Cap Fund,28-04-2017,29.42780
118632,Nippon India Large Cap Fund - Direct Plan Growth Plan - Growth Option,Nippon India Mutual Fund,Open Ended Schemes,Equity Scheme - Large Cap Fund,27-04-2017,29.43870
118632,Nippon India Large Cap Fund - Direct Plan Growth Plan - Growth Option,Nippon India Mutual Fund,Open Ended Schemes,Equity Scheme - Large Cap Fund,26-04-2017,29.51730
118632,Nippon India Large Cap Fund - Direct Plan Growth Plan - Growth Option,Nippon India Mutual Fund,Open Ended Schemes,Equity Scheme - Large Cap Fund,25-04-2017,29.39210
118632,Nippon India Large Cap Fund - Direct Plan Growth Plan - Growth Option,Nippon India Mutual Fund,Open Ended Schemes,Equity Scheme - Large Cap Fund,24-04-2017,29.12860
118632,Nippon India Large Cap Fund - Direct Plan Growth Plan - Growth Option,Nippon India Mutual Fund,Open Ended Schemes,Equity Scheme - Large Cap Fund,21-04-2017,28.80380
118632,Nippon India Large Cap Fund - Direct Plan Growth Plan - Growth Option,Nippon India Mutual Fund,Open Ended Schemes,Equity Scheme - Large Cap Fund,20-04-2017,28.86300
118632,Nippon India Large Cap Fund - Direct Plan Growth Plan - Growth Option,Nippon India Mutual Fund,Open Ended Schemes,Equity Scheme - Large Cap Fund,19-04-2017,28.75780
118632,Nippon India Large Cap Fund - Direct Plan Growth Plan - Growth Option,Nippon India Mutual Fund,Open Ended Schemes,Equity Scheme - Large Cap Fund,18-04-2017,28.76910
118632,Nippon India Large Cap Fund - Direct Plan Growth Plan - Growth Option,Nippon India Mutual Fund,Open Ended Schemes,Equity Scheme - Large Cap Fund,17-04-2017,28.97220
118632,Nippon India Large Cap Fund - Direct Plan Growth Plan - Growth Option,Nippon India Mutual Fund,Open Ended Schemes,Equity Scheme - Large Cap Fund,13-04-2017,29.07910
118632,Nippon India Large Cap Fund - Direct Plan Growth Plan - Growth Option,Nippon India Mutual Fund,Open Ended Schemes,Equity Scheme - Large Cap Fund,12-04-2017,29.22110
118632,Nippon India Large Cap Fund - Direct Plan Growth Plan - Growth Option,Nippon India Mutual Fund,Open Ended Schemes,Equity Scheme - Large Cap Fund,11-04-2017,29.32290
118632,Nippon India Large Cap Fund - Direct Plan Growth Plan - Growth Option,Nippon India Mutual Fund,Open Ended Schemes,Equity Scheme - Large Cap Fund,10-04-2017,29.03890
118632,Nippon India Large Cap Fund - Direct Plan Growth Plan - Growth Option,Nippon India Mutual Fund,Open Ended Schemes,Equity Scheme - Large Cap Fund,07-04-2017,28.95000
118632,Nippon India Large Cap Fund - Direct Plan Growth Plan - Growth Option,Nippon India Mutual Fund,Open Ended Schemes,Equity Scheme - Large Cap Fund,06-04-2017,28.98120
118632,Nippon India Large Cap Fund - Direct Plan Growth Plan - Growth Option,Nippon India Mutual Fund,Open Ended Schemes,Equity Scheme - Large Cap Fund,05-04-2017,29.04290
118632,Nippon India Large Cap Fund - Direct Plan Growth Plan - Growth Option,Nippon India Mutual Fund,Open Ended Schemes,Equity Scheme - Large Cap Fund,03-04-2017,28.91100
118632,Nippon India Large Cap Fund - Direct Plan Growth Plan - Growth Option,Nippon India Mutual Fund,Open Ended Schemes,Equity Scheme - Large Cap Fund,31-03-2017,28.65330
118632,Nippon India Large Cap Fund - Direct Plan Growth Plan - Growth Option,Nippon India Mutual Fund,Open Ended Schemes,Equity Scheme - Large Cap Fund,30-03-2017,28.55090
118632,Nippon India Large Cap Fund - Direct Plan Growth Plan - Growth Option,Nippon India Mutual Fund,Open Ended Schemes,Equity Scheme - Large Cap Fund,29-03-2017,28.44920
118632,Nippon India Large Cap Fund - Direct Plan Growth Plan - Growth Option,Nippon India Mutual Fund,Open Ended Schemes,Equity Scheme - Large Cap Fund,28-03-2017,28.32460
118632,Nippon India Large Cap Fund - Direct Plan Growth Plan - Growth Option,Nippon India Mutual Fund,Open Ended Schemes,Equity Scheme - Large Cap Fund,27-03-2017,28.17390
118632,Nippon India Large Cap Fund - Direct Plan Growth Plan - Growth Option,Nippon India Mutual Fund,Open Ended Schemes,Equity Scheme - Large Cap Fund,24-03-2017,28.25640
118632,Nippon India Large Cap Fund - Direct Plan Growth Plan - Growth Option,Nippon India Mutual Fund,Open Ended Schemes,Equity Scheme - Large Cap Fund,23-03-2017,28.13650
118632,Nippon India Large Cap Fund - Direct Plan Growth Plan - Growth Option,Nippon India Mutual Fund,Open Ended Schemes,Equity Scheme - Large Cap Fund,22-03-2017,27.89710
118632,Nippon India Large Cap Fund - Direct Plan Growth Plan - Growth Option,Nippon India Mutual Fund,Open Ended Schemes,Equity Scheme - Large Cap Fund,21-03-2017,28.18440
118632,Nippon India Large Cap Fund - Direct Plan Growth Plan - Growth Option,Nippon India Mutual Fund,Open Ended Schemes,Equity Scheme - Large Cap Fund,20-03-2017,28.25150
118632,Nippon India Large Cap Fund - Direct Plan Growth Plan - Growth Option,Nippon India Mutual Fund,Open Ended Schemes,Equity Scheme - Large Cap Fund,17-03-2017,28.29200
118632,Nippon India Large Cap Fund - Direct Plan Growth Plan - Growth Option,Nippon India Mutual Fund,Open Ended Schemes,Equity Scheme - Large Cap Fund,16-03-2017,28.29940
118632,Nippon India Large Cap Fund - Direct Plan Growth Plan - Growth Option,Nippon India Mutual Fund,Open Ended Schemes,Equity Scheme - Large Cap Fund,15-03-2017,28.04990
118632,Nippon India Large Cap Fund - Direct Plan Growth Plan - Growth Option,Nippon India Mutual Fund,Open Ended Schemes,Equity Scheme - Large Cap Fund,14-03-2017,27.91090
118632,Nippon India Large Cap Fund - Direct Plan Growth Plan - Growth Option,Nippon India Mutual Fund,Open Ended Schemes,Equity Scheme - Large Cap Fund,10-03-2017,27.48250
118632,Nippon India Large Cap Fund - Direct Plan Growth Plan - Growth Option,Nippon India Mutual Fund,Open Ended Schemes,Equity Scheme - Large Cap Fund,09-03-2017,27.47880
118632,Nippon India Large Cap Fund - Direct Plan Growth Plan - Growth Option,Nippon India Mutual Fund,Open Ended Schemes,Equity Scheme - Large Cap Fund,08-03-2017,27.51820
118632,Nippon India Large Cap Fund - Direct Plan Growth Plan - Growth Option,Nippon India Mutual Fund,Open Ended Schemes,Equity Scheme - Large Cap Fund,07-03-2017,27.56370
118632,Nippon India Large Cap Fund - Direct Plan Growth Plan - Growth Option,Nippon India Mutual Fund,Open Ended Schemes,Equity Scheme - Large Cap Fund,06-03-2017,27.67300
118632,Nippon India Large Cap Fund - Direct Plan Growth Plan - Growth Option,Nippon India Mutual Fund,Open Ended Schemes,Equity Scheme - Large Cap Fund,03-03-2017,27.48860
118632,Nippon India Large Cap Fund - Direct Plan Growth Plan - Growth Option,Nippon India Mutual Fund,Open Ended Schemes,Equity Scheme - Large Cap Fund,02-03-2017,27.46850
118632,Nippon India Large Cap Fund - Direct Plan Growth Plan - Growth Option,Nippon India Mutual Fund,Open Ended Schemes,Equity Scheme - Large Cap Fund,01-03-2017,27.76670
118632,Nippon India Large Cap Fund - Direct Plan Growth Plan - Growth Option,Nippon India Mutual Fund,Open Ended Schemes,Equity Scheme - Large Cap Fund,28-02-2017,27.59490
118632,Nippon India Large Cap Fund - Direct Plan Growth Plan - Growth Option,Nippon India Mutual Fund,Open Ended Schemes,Equity Scheme - Large Cap Fund,27-02-2017,27.55590
118632,Nippon India Large Cap Fund - Direct Plan Growth Plan - Growth Option,Nippon India Mutual Fund,Open Ended Schemes,Equity Scheme - Large Cap Fund,23-02-2017,27.62760
118632,Nippon India Large Cap Fund - Direct Plan Growth Plan - Growth Option,Nippon India Mutual Fund,Open Ended Schemes,Equity Scheme - Large Cap Fund,22-02-2017,27.66010
118632,Nippon India Large Cap Fund - Direct Plan Growth Plan - Growth Option,Nippon India Mutual Fund,Open Ended Schemes,Equity Scheme - Large Cap Fund,21-02-2017,27.68300
118632,Nippon India Large Cap Fund - Direct Plan Growth Plan - Growth Option,Nippon India Mutual Fund,Open Ended Schemes,Equity Scheme - Large Cap Fund,20-02-2017,27.55390
118632,Nippon India Large Cap Fund - Direct Plan Growth Plan - Growth Option,Nippon India Mutual Fund,Open Ended Schemes,Equity Scheme - Large Cap Fund,17-02-2017,27.44760
118632,Nippon India Large Cap Fund - Direct Plan Growth Plan - Growth Option,Nippon India Mutual Fund,Open Ended Schemes,Equity Scheme - Large Cap Fund,16-02-2017,27.32130
118632,Nippon India Large Cap Fund - Direct Plan Growth Plan - Growth Option,Nippon India Mutual Fund,Open Ended Schemes,Equity Scheme - Large Cap Fund,15-02-2017,26.93860
118632,Nippon India Large Cap Fund - Direct Plan Growth Plan - Growth Option,Nippon India Mutual Fund,Open Ended Schemes,Equity Scheme - Large Cap Fund,14-02-2017,27.14320
118632,Nippon India Large Cap Fund - Direct Plan Growth Plan - Growth Option,Nippon India Mutual Fund,Open Ended Schemes,Equity Scheme - Large Cap Fund,13-02-2017,27.14100
118632,Nippon India Large Cap Fund - Direct Plan Growth Plan - Growth Option,Nippon India Mutual Fund,Open Ended Schemes,Equity Scheme - Large Cap Fund,10-02-2017,27.14670
118632,Nippon India Large Cap Fund - Direct Plan Growth Plan - Growth Option,Nippon India Mutual Fund,Open Ended Schemes,Equity Scheme - Large Cap Fund,09-02-2017,27.18610
118632,Nippon India Large Cap Fund - Direct Plan Growth Plan - Growth Option,Nippon India Mutual Fund,Open Ended Schemes,Equity Scheme - Large Cap Fund,08-02-2017,27.07700
118632,Nippon India Large Cap Fund - Direct Plan Growth Plan - Growth Option,Nippon India Mutual Fund,Open Ended Schemes,Equity Scheme - Large Cap Fund,07-02-2017,27.05820
118632,Nippon India Large Cap Fund - Direct Plan Growth Plan - Growth Option,Nippon India Mutual Fund,Open Ended Schemes,Equity Scheme - Large Cap Fund,06-02-2017,27.14660
118632,Nippon India Large Cap Fund - Direct Plan Growth Plan - Growth Option,Nippon India Mutual Fund,Open Ended Schemes,Equity Scheme - Large Cap Fund,03-02-2017,26.84790
118632,Nippon India Large Cap Fund - Direct Plan Growth Plan - Growth Option,Nippon India Mutual Fund,Open Ended Schemes,Equity Scheme - Large Cap Fund,02-02-2017,26.82020
118632,Nippon India Large Cap Fund - Direct Plan Growth Plan - Growth Option,Nippon India Mutual Fund,Open Ended Schemes,Equity Scheme - Large Cap Fund,01-02-2017,26.63480
118632,Nippon India Large Cap Fund - Direct Plan Growth Plan - Growth Option,Nippon India Mutual Fund,Open Ended Schemes,Equity Scheme - Large Cap Fund,31-01-2017,26.04450
118632,Nippon India Large Cap Fund - Direct Plan Growth Plan - Growth Option,Nippon India Mutual Fund,Open Ended Schemes,Equity Scheme - Large Cap Fund,30-01-2017,26.32990
118632,Nippon India Large Cap Fund - Direct Plan Growth Plan - Growth Option,Nippon India Mutual Fund,Open Ended Schemes,Equity Scheme - Large Cap Fund,27-01-2017,26.37100
118632,Nippon India Large Cap Fund - Direct Plan Growth Plan - Growth Option,Nippon India Mutual Fund,Open Ended Schemes,Equity Scheme - Large Cap Fund,25-01-2017,26.11450
118632,Nippon India Large Cap Fund - Direct Plan Growth Plan - Growth Option,Nippon India Mutual Fund,Open Ended Schemes,Equity Scheme - Large Cap Fund,24-01-2017,25.89930
118632,Nippon India Large Cap Fund - Direct Plan Growth Plan - Growth Option,Nippon India Mutual Fund,Open Ended Schemes,Equity Scheme - Large Cap Fund,23-01-2017,25.69940
118632,Nippon India Large Cap Fund - Direct Plan Growth Plan - Growth Option,Nippon India Mutual Fund,Open Ended Schemes,Equity Scheme - Large Cap Fund,20-01-2017,25.57890
118632,Nippon India Large Cap Fund - Direct Plan Growth Plan - Growth Option,Nippon India Mutual Fund,Open Ended Schemes,Equity Scheme - Large Cap Fund,19-01-2017,25.94110
118632,Nippon India Large Cap Fund - Direct Plan Growth Plan - Growth Option,Nippon India Mutual Fund,Open Ended Schemes,Equity Scheme - Large Cap Fund,18-01-2017,25.78760
118632,Nippon India Large Cap Fund - Direct Plan Growth Plan - Growth Option,Nippon India Mutual Fund,Open Ended Schemes,Equity Scheme - Large Cap Fund,17-01-2017,25.62600
118632,Nippon India Large Cap Fund - Direct Plan Growth Plan - Growth Option,Nippon India Mutual Fund,Open Ended Schemes,Equity Scheme - Large Cap Fund,16-01-2017,25.68490
118632,Nippon India Large Cap Fund - Direct Plan Growth Plan - Growth Option,Nippon India Mutual Fund,Open Ended Schemes,Equity Scheme - Large Cap Fund,13-01-2017,25.68320
118632,Nippon India Large Cap Fund - Direct Plan Growth Plan - Growth Option,Nippon India Mutual Fund,Open Ended Schemes,Equity Scheme - Large Cap Fund,12-01-2017,25.66860
118632,Nippon India Large Cap Fund - Direct Plan Growth Plan - Growth Option,Nippon India Mutual Fund,Open Ended Schemes,Equity Scheme - Large Cap Fund,11-01-2017,25.56530
118632,Nippon India Large Cap Fund - Direct Plan Growth Plan - Growth Option,Nippon India Mutual Fund,Open Ended Schemes,Equity Scheme - Large Cap Fund,10-01-2017,25.33050
118632,Nippon India Large Cap Fund - Direct Plan Growth Plan - Growth Option,Nippon India Mutual Fund,Open Ended Schemes,Equity Scheme - Large Cap Fund,09-01-2017,25.08590
118632,Nippon India Large Cap Fund - Direct Plan Growth Plan - Growth Option,Nippon India Mutual Fund,Open Ended Schemes,Equity Scheme - Large Cap Fund,06-01-2017,25.07660
118632,Nippon India Large Cap Fund - Direct Plan Growth Plan - Growth Option,Nippon India Mutual Fund,Open Ended Schemes,Equity Scheme - Large Cap Fund,05-01-2017,25.17550
118632,Nippon India Large Cap Fund - Direct Plan Growth Plan - Growth Option,Nippon India Mutual Fund,Open Ended Schemes,Equity Scheme - Large Cap Fund,04-01-2017,24.98210
118632,Nippon India Large Cap Fund - Direct Plan Growth Plan - Growth Option,Nippon India Mutual Fund,Open Ended Schemes,Equity Scheme - Large Cap Fund,03-01-2017,25.04890
118632,Nippon India Large Cap Fund - Direct Plan Growth Plan - Growth Option,Nippon India Mutual Fund,Open Ended Schemes,Equity Scheme - Large Cap Fund,02-01-2017,24.88960
118632,Nippon India Large Cap Fund - Direct Plan Growth Plan - Growth Option,Nippon India Mutual Fund,Open Ended Schemes,Equity Scheme - Large Cap Fund,30-12-2016,24.87220
118632,Nippon India Large Cap Fund - Direct Plan Growth Plan - Growth Option,Nippon India Mutual Fund,Open Ended Schemes,Equity Scheme - Large Cap Fund,29-12-2016,24.60900
118632,Nippon India Large Cap Fund - Direct Plan Growth Plan - Growth Option,Nippon India Mutual Fund,Open Ended Schemes,Equity Scheme - Large Cap Fund,28-12-2016,24.44050
118632,Nippon India Large Cap Fund - Direct Plan Growth Plan - Growth Option,Nippon India Mutual Fund,Open Ended Schemes,Equity Scheme - Large Cap Fund,27-12-2016,24.39430
118632,Nippon India Large Cap Fund - Direct Plan Growth Plan - Growth Option,Nippon India Mutual Fund,Open Ended Schemes,Equity Scheme - Large Cap Fund,26-12-2016,24.01740
118632,Nippon India Large Cap Fund - Direct Plan Growth Plan - Growth Option,Nippon India Mutual Fund,Open Ended Schemes,Equity Scheme - Large Cap Fund,23-12-2016,24.36440
118632,Nippon India Large Cap Fund - Direct Plan Growth Plan - Growth Option,Nippon India Mutual Fund,Open Ended Schemes,Equity Scheme - Large Cap Fund,22-12-2016,24.51110
118632,Nippon India Large Cap Fund - Direct Plan Growth Plan - Growth Option,Nippon India Mutual Fund,Open Ended Schemes,Equity Scheme - Large Cap Fund,21-12-2016,24.79590
118632,Nippon India Large Cap Fund - Direct Plan Growth Plan - Growth Option,Nippon India Mutual Fund,Open Ended Schemes,Equity Scheme - Large Cap Fund,20-12-2016,24.84740
118632,Nippon India Large Cap Fund - Direct Plan Growth Plan - Growth Option,Nippon India Mutual Fund,Open Ended Schemes,Equity Scheme - Large Cap Fund,19-12-2016,25.07370
118632,Nippon India Large Cap Fund - Direct Plan Growth Plan - Growth Option,Nippon India Mutual Fund,Open Ended Schemes,Equity Scheme - Large Cap Fund,16-12-2016,25.09340
118632,Nippon India Large Cap Fund - Direct Plan Growth Plan - Growth Option,Nippon India Mutual Fund,Open Ended Schemes,Equity Scheme - Large Cap Fund,15-12-2016,25.13800
118632,Nippon India Large Cap Fund - Direct Plan Growth Plan - Growth Option,Nippon India Mutual Fund,Open Ended Schemes,Equity Scheme - Large Cap Fund,14-12-2016,25.16360
118632,Nippon India Large Cap Fund - Direct Plan Growth Plan - Growth Option,Nippon India Mutual Fund,Open Ended Schemes,Equity Scheme - Large Cap Fund,13-12-2016,25.30500
118632,Nippon India Large Cap Fund - Direct Plan Growth Plan - Growth Option,Nippon India Mutual Fund,Open Ended Schemes,Equity Scheme - Large Cap Fund,12-12-2016,25.14390
118632,Nippon India Large Cap Fund - Direct Plan Growth Plan - Growth Option,Nippon India Mutual Fund,Open Ended Schemes,Equity Scheme - Large Cap Fund,09-12-2016,25.39700
118632,Nippon India Large Cap Fund - Direct Plan Growth Plan - Growth Option,Nippon India Mutual Fund,Open Ended Schemes,Equity Scheme - Large Cap Fund,08-12-2016,25.27380
118632,Nippon India Large Cap Fund - Direct Plan Growth Plan - Growth Option,Nippon India Mutual Fund,Open Ended Schemes,Equity Scheme - Large Cap Fund,07-12-2016,24.86280
118632,Nippon India Large Cap Fund - Direct Plan Growth Plan - Growth Option,Nippon India Mutual Fund,Open Ended Schemes,Equity Scheme - Large Cap Fund,06-12-2016,24.92970
118632,Nippon India Large Cap Fund - Direct Plan Growth Plan - Growth Option,Nippon India Mutual Fund,Open Ended Schemes,Equity Scheme - Large Cap Fund,05-12-2016,24.85730
118632,Nippon India Large Cap Fund - Direct Plan Growth Plan - Growth Option,Nippon India Mutual Fund,Open Ended Schemes,Equity Scheme - Large Cap Fund,02-12-2016,24.71100
118632,Nippon India Large Cap Fund - Direct Plan Growth Plan - Growth Option,Nippon India Mutual Fund,Open Ended Schemes,Equity Scheme - Large Cap Fund,01-12-2016,25.04190
118632,Nippon India Large Cap Fund - Direct Plan Growth Plan - Growth Option,Nippon India Mutual Fund,Open Ended Schemes,Equity Scheme - Large Cap Fund,30-11-2016,25.21210
118632,Nippon India Large Cap Fund - Direct Plan Growth Plan - Growth Option,Nippon India Mutual Fund,Open Ended Schemes,Equity Scheme - Large Cap Fund,29-11-2016,24.96370
118632,Nippon India Large Cap Fund - Direct Plan Growth Plan - Growth Option,Nippon India Mutual Fund,Open Ended Schemes,Equity Scheme - Large Cap Fund,28-11-2016,24.80440
118632,Nippon India Large Cap Fund - Direct Plan Growth Plan - Growth Option,Nippon India Mutual Fund,Open Ended Schemes,Equity Scheme - Large Cap Fund,25-11-2016,24.84600
118632,Nippon India Large Cap Fund - Direct Plan Growth Plan - Growth Option,Nippon India Mutual Fund,Open Ended Schemes,Equity Scheme - Large Cap Fund,24-11-2016,24.49250
118632,Nippon India Large Cap Fund - Direct Plan Growth Plan - Growth Option,Nippon India Mutual Fund,Open Ended Schemes,Equity Scheme - Large Cap Fund,23-11-2016,24.74360
118632,Nippon India Large Cap Fund - Direct Plan Growth Plan - Growth Option,Nippon India Mutual Fund,Open Ended Schemes,Equity Scheme - Large Cap Fund,22-11-2016,24.60610
118632,Nippon India Large Cap Fund - Direct Plan Growth Plan - Growth Option,Nippon India Mutual Fund,Open Ended Schemes,Equity Scheme - Large Cap Fund,21-11-2016,24.38420
118632,Nippon India Large Cap Fund - Direct Plan Growth Plan - Growth Option,Nippon India Mutual Fund,Open Ended Schemes,Equity Scheme - Large Cap Fund,18-11-2016,25.00700
118632,Nippon India Large Cap Fund - Direct Plan Growth Plan - Growth Option,Nippon India Mutual Fund,Open Ended Schemes,Equity Scheme - Large Cap Fund,17-11-2016,25.05410
118632,Nippon India Large Cap Fund - Direct Plan Growth Plan - Growth Option,Nippon India Mutual Fund,Open Ended Schemes,Equity Scheme - Large Cap Fund,16-11-2016,25.09170
118632,Nippon India Large Cap Fund - Direct Plan Growth Plan - Growth Option,Nippon India Mutual Fund,Open Ended Schemes,Equity Scheme - Large Cap Fund,15-11-2016,25.13170
118632,Nippon India Large Cap Fund - Direct Plan Growth Plan - Growth Option,Nippon India Mutual Fund,Open Ended Schemes,Equity Scheme - Large Cap Fund,11-11-2016,25.67140
118632,Nippon India Large Cap Fund - Direct Plan Growth Plan - Growth Option,Nippon India Mutual Fund,Open Ended Schemes,Equity Scheme - Large Cap Fund,10-11-2016,26.44750
118632,Nippon India Large Cap Fund - Direct Plan Growth Plan - Growth Option,Nippon India Mutual Fund,Open Ended Schemes,Equity Scheme - Large Cap Fund,09-11-2016,25.98150
118632,Nippon India Large Cap Fund - Direct Plan Growth Plan - Growth Option,Nippon India Mutual Fund,Open Ended Schemes,Equity Scheme - Large Cap Fund,08-11-2016,26.17790
118632,Nippon India Large Cap Fund - Direct Plan Growth Plan - Growth Option,Nippon India Mutual Fund,Open Ended Schemes,Equity Scheme - Large Cap Fund,07-11-2016,26.02670
118632,Nippon India Large Cap Fund - Direct Plan Growth Plan - Growth Option,Nippon India Mutual Fund,Open Ended Schemes,Equity Scheme - Large Cap Fund,04-11-2016,25.71920
118632,Nippon India Large Cap Fund - Direct Plan Growth Plan - Growth Option,Nippon India Mutual Fund,Open Ended Schemes,Equity Scheme - Large Cap Fund,03-11-2016,25.81650
118632,Nippon India Large Cap Fund - Direct Plan Growth Plan - Growth Option,Nippon India Mutual Fund,Open Ended Schemes,Equity Scheme - Large Cap Fund,02-11-2016,25.98660
118632,Nippon India Large Cap Fund - Direct Plan Growth Plan - Growth Option,Nippon India Mutual Fund,Open Ended Schemes,Equity Scheme - Large Cap Fund,01-11-2016,26.45560
118632,Nippon India Large Cap Fund - Direct Plan Growth Plan - Growth Option,Nippon India Mutual Fund,Open Ended Schemes,Equity Scheme - Large Cap Fund,28-10-2016,26.53270
118632,Nippon India Large Cap Fund - Direct Plan Growth Plan - Growth Option,Nippon India Mutual Fund,Open Ended Schemes,Equity Scheme - Large Cap Fund,27-10-2016,26.40650
118632,Nippon India Large Cap Fund - Direct Plan Growth Plan - Growth Option,Nippon India Mutual Fund,Open Ended Schemes,Equity Scheme - Large Cap Fund,26-10-2016,26.54220
118632,Nippon India Large Cap Fund - Direct Plan Growth Plan - Growth Option,Nippon India Mutual Fund,Open Ended Schemes,Equity Scheme - Large Cap Fund,25-10-2016,26.90490
118632,Nippon India Large Cap Fund - Direct Plan Growth Plan - Growth Option,Nippon India Mutual Fund,Open Ended Schemes,Equity Scheme - Large Cap Fund,24-10-2016,26.96490
118632,Nippon India Large Cap Fund - Direct Plan Growth Plan - Growth Option,Nippon India Mutual Fund,Open Ended Schemes,Equity Scheme - Large Cap Fund,21-10-2016,26.97510
118632,Nippon India Large Cap Fund - Direct Plan Growth Plan - Growth Option,Nippon India Mutual Fund,Open Ended Schemes,Equity Scheme - Large Cap Fund,20-10-2016,26.96080
118632,Nippon India Large Cap Fund - Direct Plan Growth Plan - Growth Option,Nippon India Mutual Fund,Open Ended Schemes,Equity Scheme - Large Cap Fund,19-10-2016,26.82890
118632,Nippon India Large Cap Fund - Direct Plan Growth Plan - Growth Option,Nippon India Mutual Fund,Open Ended Schemes,Equity Scheme - Large Cap Fund,18-10-2016,26.85520
118632,Nippon India Large Cap Fund - Direct Plan Growth Plan - Growth Option,Nippon India Mutual Fund,Open Ended Schemes,Equity Scheme - Large Cap Fund,17-10-2016,26.33850
118632,Nippon India Large Cap Fund - Direct Plan Growth Plan - Growth Option,Nippon India Mutual Fund,Open Ended Schemes,Equity Scheme - Large Cap Fund,14-10-2016,26.45320
118632,Nippon India Large Cap Fund - Direct Plan Growth Plan - Growth Option,Nippon India Mutual Fund,Open Ended Schemes,Equity Scheme - Large Cap Fund,13-10-2016,26.25040
118632,Nippon India Large Cap Fund - Direct Plan Growth Plan - Growth Option,Nippon India Mutual Fund,Open Ended Schemes,Equity Scheme - Large Cap Fund,10-10-2016,26.66540
118632,Nippon India Large Cap Fund - Direct Plan Growth Plan - Growth Option,Nippon India Mutual Fund,Open Ended Schemes,Equity Scheme - Large Cap Fund,07-10-2016,26.72550
118632,Nippon India Large Cap Fund - Direct Plan Growth Plan - Growth Option,Nippon India Mutual Fund,Open Ended Schemes,Equity Scheme - Large Cap Fund,06-10-2016,26.71410
118632,Nippon India Large Cap Fund - Direct Plan Growth Plan - Growth Option,Nippon India Mutual Fund,Open Ended Schemes,Equity Scheme - Large Cap Fund,05-10-2016,26.82870
118632,Nippon India Large Cap Fund - Direct Plan Growth Plan - Growth Option,Nippon India Mutual Fund,Open Ended Schemes,Equity Scheme - Large Cap Fund,04-10-2016,26.88530
118632,Nippon India Large Cap Fund - Direct Plan Growth Plan - Growth Option,Nippon India Mutual Fund,Open Ended Schemes,Equity Scheme - Large Cap Fund,03-10-2016,26.71400
118632,Nippon India Large Cap Fund - Direct Plan Growth Plan - Growth Option,Nippon India Mutual Fund,Open Ended Schemes,Equity Scheme - Large Cap Fund,30-09-2016,26.29540
118632,Nippon India Large Cap Fund - Direct Plan Growth Plan - Growth Option,Nippon India Mutual Fund,Open Ended Schemes,Equity Scheme - Large Cap Fund,29-09-2016,25.96730
118632,Nippon India Large Cap Fund - Direct Plan Growth Plan - Growth Option,Nippon India Mutual Fund,Open Ended Schemes,Equity Scheme - Large Cap Fund,28-09-2016,26.59870
118632,Nippon India Large Cap Fund - Direct Plan Growth Plan - Growth Option,Nippon India Mutual Fund,Open Ended Schemes,Equity Scheme - Large Cap Fund,27-09-2016,26.48320
118632,Nippon India Large Cap Fund - Direct Plan Growth Plan - Growth Option,Nippon India Mutual Fund,Open Ended Schemes,Equity Scheme - Large Cap Fund,26-09-2016,26.53690
118632,Nippon India Large Cap Fund - Direct Plan Growth Plan - Growth Option,Nippon India Mutual Fund,Open Ended Schemes,Equity Scheme - Large Cap Fund,23-09-2016,26.82410
118632,Nippon India Large Cap Fund - Direct Plan Growth Plan - Growth Option,Nippon India Mutual Fund,Open Ended Schemes,Equity Scheme - Large Cap Fund,22-09-2016,26.87050
118632,Nippon India Large Cap Fund - Direct Plan Growth Plan - Growth Option,Nippon India Mutual Fund,Open Ended Schemes,Equity Scheme - Large Cap Fund,21-09-2016,26.50130
118632,Nippon India Large Cap Fund - Direct Plan Growth Plan - Growth Option,Nippon India Mutual Fund,Open Ended Schemes,Equity Scheme - Large Cap Fund,20-09-2016,26.55210
118632,Nippon India Large Cap Fund - Direct Plan Growth Plan - Growth Option,Nippon India Mutual Fund,Open Ended Schemes,Equity Scheme - Large Cap Fund,19-09-2016,26.55520
118632,Nippon India Large Cap Fund - Direct Plan Growth Plan - Growth Option,Nippon India Mutual Fund,Open Ended Schemes,Equity Scheme - Large Cap Fund,16-09-2016,26.49840
118632,Nippon India Large Cap Fund - Direct Plan Growth Plan - Growth Option,Nippon India Mutual Fund,Open Ended Schemes,Equity Scheme - Large Cap Fund,15-09-2016,26.38380
118632,Nippon India Large Cap Fund - Direct Plan Growth Plan - Growth Option,Nippon India Mutual Fund,Open Ended Schemes,Equity Scheme - Large Cap Fund,14-09-2016,26.39410
118632,Nippon India Large Cap Fund - Direct Plan Growth Plan - Growth Option,Nippon India Mutual Fund,Open Ended Schemes,Equity Scheme - Large Cap Fund,12-09-2016,26.26240
118632,Nippon India Large Cap Fund - Direct Plan Growth Plan - Growth Option,Nippon India Mutual Fund,Open Ended Schemes,Equity Scheme - Large Cap Fund,09-09-2016,26.83970
118632,Nippon India Large Cap Fund - Direct Plan Growth Plan - Growth Option,Nippon India Mutual Fund,Open Ended Schemes,Equity Scheme - Large Cap Fund,08-09-2016,27.11910
118632,Nippon India Large Cap Fund - Direct Plan Growth Plan - Growth Option,Nippon India Mutual Fund,Open Ended Schemes,Equity Scheme - Large Cap Fund,07-09-2016,27.12980
118632,Nippon India Large Cap Fund - Direct Plan Growth Plan - Growth Option,Nippon India Mutual Fund,Open Ended Schemes,Equity Scheme - Large Cap Fund,06-09-2016,26.99590
118632,Nippon India Large Cap Fund - Direct Plan Growth Plan - Growth Option,Nippon India Mutual Fund,Open Ended Schemes,Equity Scheme - Large Cap Fund,02-09-2016,26.51660
118632,Nippon India Large Cap Fund - Direct Plan Growth Plan - Growth Option,Nippon India Mutual Fund,Open Ended Schemes,Equity Scheme - Large Cap Fund,01-09-2016,26.43710
118632,Nippon India Large Cap Fund - Direct Plan Growth Plan - Growth Option,Nippon India Mutual Fund,Open Ended Schemes,Equity Scheme - Large Cap Fund,31-08-2016,26.45580
118632,Nippon India Large Cap Fund - Direct Plan Growth Plan - Growth Option,Nippon India Mutual Fund,Open Ended Schemes,Equity Scheme - Large Cap Fund,30-08-2016,26.31240
118632,Nippon India Large Cap Fund - Direct Plan Growth Plan - Growth Option,Nippon India Mutual Fund,Open Ended Schemes,Equity Scheme - Large Cap Fund,29-08-2016,25.95820
118632,Nippon India Large Cap Fund - Direct Plan Growth Plan - Growth Option,Nippon India Mutual Fund,Open Ended Schemes,Equity Scheme - Large Cap Fund,26-08-2016,25.85720
118632,Nippon India Large Cap Fund - Direct Plan Growth Plan - Growth Option,Nippon India Mutual Fund,Open Ended Schemes,Equity Scheme - Large Cap Fund,25-08-2016,25.91460
118632,Nippon India Large Cap Fund - Direct Plan Growth Plan - Growth Option,Nippon India Mutual Fund,Open Ended Schemes,Equity Scheme - Large Cap Fund,24-08-2016,25.98410
118632,Nippon India Large Cap Fund - Direct Plan Growth Plan - Growth Option,Nippon India Mutual Fund,Open Ended Schemes,Equity Scheme - Large Cap Fund,23-08-2016,25.84320
118632,Nippon India Large Cap Fund - Direct Plan Growth Plan - Growth Option,Nippon India Mutual Fund,Open Ended Schemes,Equity Scheme - Large Cap Fund,22-08-2016,25.84280
118632,Nippon India Large Cap Fund - Direct Plan Growth Plan - Growth Option,Nippon India Mutual Fund,Open Ended Schemes,Equity Scheme - Large Cap Fund,19-08-2016,25.98540
118632,Nippon India Large Cap Fund - Direct Plan Growth Plan - Growth Option,Nippon India Mutual Fund,Open Ended Schemes,Equity Scheme - Large Cap Fund,18-08-2016,25.82910
118632,Nippon India Large Cap Fund - Direct Plan Growth Plan - Growth Option,Nippon India Mutual Fund,Open Ended Schemes,Equity Scheme - Large Cap Fund,17-08-2016,25.73670
118632,Nippon India Large Cap Fund - Direct Plan Growth Plan - Growth Option,Nippon India Mutual Fund,Open Ended Schemes,Equity Scheme - Large Cap Fund,16-08-2016,25.65030
118632,Nippon India Large Cap Fund - Direct Plan Growth Plan - Growth Option,Nippon India Mutual Fund,Open Ended Schemes,Equity Scheme - Large Cap Fund,12-08-2016,25.54400
118632,Nippon India Large Cap Fund - Direct Plan Growth Plan - Growth Option,Nippon India Mutual Fund,Open Ended Schemes,Equity Scheme - Large Cap Fund,11-08-2016,25.25490
118632,Nippon India Large Cap Fund - Direct Plan Growth Plan - Growth Option,Nippon India Mutual Fund,Open Ended Schemes,Equity Scheme - Large Cap Fund,10-08-2016,25.23490
118632,Nippon India Large Cap Fund - Direct Plan Growth Plan - Growth Option,Nippon India Mutual Fund,Open Ended Schemes,Equity Scheme - Large Cap Fund,09-08-2016,25.61570
118632,Nippon India Large Cap Fund - Direct Plan Growth Plan - Growth Option,Nippon India Mutual Fund,Open Ended Schemes,Equity Scheme - Large Cap Fund,08-08-2016,25.70130
118632,Nippon India Large Cap Fund - Direct Plan Growth Plan - Growth Option,Nippon India Mutual Fund,Open Ended Schemes,Equity Scheme - Large Cap Fund,05-08-2016,25.66110
118632,Nippon India Large Cap Fund - Direct Plan Growth Plan - Growth Option,Nippon India Mutual Fund,Open Ended Schemes,Equity Scheme - Large Cap Fund,04-08-2016,25.15970
118632,Nippon India Large Cap Fund - Direct Plan Growth Plan - Growth Option,Nippon India Mutual Fund,Open Ended Schemes,Equity Scheme - Large Cap Fund,03-08-2016,25.17460
118632,Nippon India Large Cap Fund - Direct Plan Growth Plan - Growth Option,Nippon India Mutual Fund,Open Ended Schemes,Equity Scheme - Large Cap Fund,02-08-2016,25.41050
118632,Nippon India Large Cap Fund - Direct Plan Growth Plan - Growth Option,Nippon India Mutual Fund,Open Ended Schemes,Equity Scheme - Large Cap Fund,01-08-2016,25.44830
118632,Nippon India Large Cap Fund - Direct Plan Growth Plan - Growth Option,Nippon India Mutual Fund,Open Ended Schemes,Equity Scheme - Large Cap Fund,29-07-2016,25.58130
118632,Nippon India Large Cap Fund - Direct Plan Growth Plan - Growth Option,Nippon India Mutual Fund,Open Ended Schemes,Equity Scheme - Large Cap Fund,28-07-2016,25.72230
118632,Nippon India Large Cap Fund - Direct Plan Growth Plan - Growth Option,Nippon India Mutual Fund,Open Ended Schemes,Equity Scheme - Large Cap Fund,27-07-2016,25.58840
118632,Nippon India Large Cap Fund - Direct Plan Growth Plan - Growth Option,Nippon India Mutual Fund,Open Ended Schemes,Equity Scheme - Large Cap Fund,26-07-2016,25.41650
118632,Nippon India Large Cap Fund - Direct Plan Growth Plan - Growth Option,Nippon India Mutual Fund,Open Ended Schemes,Equity Scheme - Large Cap Fund,25-07-2016,25.53990
118632,Nippon India Large Cap Fund - Direct Plan Growth Plan - Growth Option,Nippon India Mutual Fund,Open Ended Schemes,Equity Scheme - Large Cap Fund,22-07-2016,25.22900
118632,Nippon India Large Cap Fund - Direct Plan Growth Plan - Growth Option,Nippon India Mutual Fund,Open Ended Schemes,Equity Scheme - Large Cap Fund,21-07-2016,25.10930
118632,Nippon India Large Cap Fund - Direct Plan Growth Plan - Growth Option,Nippon India Mutual Fund,Open Ended Schemes,Equity Scheme - Large Cap Fund,20-07-2016,25.34080
118632,Nippon India Large Cap Fund - Direct Plan Growth Plan - Growth Option,Nippon India Mutual Fund,Open Ended Schemes,Equity Scheme - Large Cap Fund,19-07-2016,25.11370
118632,Nippon India Large Cap Fund - Direct Plan Growth Plan - Growth Option,Nippon India Mutual Fund,Open Ended Schemes,Equity Scheme - Large Cap Fund,18-07-2016,25.00250
118632,Nippon India Large Cap Fund - Direct Plan Growth Plan - Growth Option,Nippon India Mutual Fund,Open Ended Schemes,Equity Scheme - Large Cap Fund,15-07-2016,25.08880
118632,Nippon India Large Cap Fund - Direct Plan Growth Plan - Growth Option,Nippon India Mutual Fund,Open Ended Schemes,Equity Scheme - Large Cap Fund,14-07-2016,25.12440
118632,Nippon India Large Cap Fund - Direct Plan Growth Plan - Growth Option,Nippon India Mutual Fund,Open Ended Schemes,Equity Scheme - Large Cap Fund,13-07-2016,24.94250
118632,Nippon India Large Cap Fund - Direct Plan Growth Plan - Growth Option,Nippon India Mutual Fund,Open Ended Schemes,Equity Scheme - Large Cap Fund,12-07-2016,24.99030
118632,Nippon India Large Cap Fund - Direct Plan Growth Plan - Growth Option,Nippon India Mutual Fund,Open Ended Schemes,Equity Scheme - Large Cap Fund,11-07-2016,24.77140
118632,Nippon India Large Cap Fund - Direct Plan Growth Plan - Growth Option,Nippon India Mutual Fund,Open Ended Schemes,Equity Scheme - Large Cap Fund,08-07-2016,24.42770
118632,Nippon India Large Cap Fund - Direct Plan Growth Plan - Growth Option,Nippon India Mutual Fund,Open Ended Schemes,Equity Scheme - Large Cap Fund,07-07-2016,24.50860
118632,Nippon India Large Cap Fund - Direct Plan Growth Plan - Growth Option,Nippon India Mutual Fund,Open Ended Schemes,Equity Scheme - Large Cap Fund,05-07-2016,24.64530
118632,Nippon India Large Cap Fund - Direct Plan Growth Plan - Growth Option,Nippon India Mutual Fund,Open Ended Schemes,Equity Scheme - Large Cap Fund,04-07-2016,24.76250
118632,Nippon India Large Cap Fund - Direct Plan Growth Plan - Growth Option,Nippon India Mutual Fund,Open Ended Schemes,Equity Scheme - Large Cap Fund,01-07-2016,24.55170
118632,Nippon India Large Cap Fund - Direct Plan Growth Plan - Growth Option,Nippon India Mutual Fund,Open Ended Schemes,Equity Scheme - Large Cap Fund,30-06-2016,24.22620
118632,Nippon India Large Cap Fund - Direct Plan Growth Plan - Growth Option,Nippon India Mutual Fund,Open Ended Schemes,Equity Scheme - Large Cap Fund,29-06-2016,23.98570
118632,Nippon India Large Cap Fund - Direct Plan Growth Plan - Growth Option,Nippon India Mutual Fund,Open Ended Schemes,Equity Scheme - Large Cap Fund,28-06-2016,23.71300
118632,Nippon India Large Cap Fund - Direct Plan Growth Plan - Growth Option,Nippon India Mutual Fund,Open Ended Schemes,Equity Scheme - Large Cap Fund,27-06-2016,23.69540
118632,Nippon India Large Cap Fund - Direct Plan Growth Plan - Growth Option,Nippon India Mutual Fund,Open Ended Schemes,Equity Scheme - Large Cap Fund,24-06-2016,23.59030
118632,Nippon India Large Cap Fund - Direct Plan Growth Plan - Growth Option,Nippon India Mutual Fund,Open Ended Schemes,Equity Scheme - Large Cap Fund,23-06-2016,24.13950
118632,Nippon India Large Cap Fund - Direct Plan Growth Plan - Growth Option,Nippon India Mutual Fund,Open Ended Schemes,Equity Scheme - Large Cap Fund,22-06-2016,23.95130
118632,Nippon India Large Cap Fund - Direct Plan Growth Plan - Growth Option,Nippon India Mutual Fund,Open Ended Schemes,Equity Scheme - Large Cap Fund,21-06-2016,24.01850
118632,Nippon India Large Cap Fund - Direct Plan Growth Plan - Growth Option,Nippon India Mutual Fund,Open Ended Schemes,Equity Scheme - Large Cap Fund,20-06-2016,24.08740
118632,Nippon India Large Cap Fund - Direct Plan Growth Plan - Growth Option,Nippon India Mutual Fund,Open Ended Schemes,Equity Scheme - Large Cap Fund,17-06-2016,23.94140
118632,Nippon India Large Cap Fund - Direct Plan Growth Plan - Growth Option,Nippon India Mutual Fund,Open Ended Schemes,Equity Scheme - Large Cap Fund,16-06-2016,23.86710
118632,Nippon India Large Cap Fund - Direct Plan Growth Plan - Growth Option,Nippon India Mutual Fund,Open Ended Schemes,Equity Scheme - Large Cap Fund,15-06-2016,23.97780
118632,Nippon India Large Cap Fund - Direct Plan Growth Plan - Growth Option,Nippon India Mutual Fund,Open Ended Schemes,Equity Scheme - Large Cap Fund,14-06-2016,23.67650
118632,Nippon India Large Cap Fund - Direct Plan Growth Plan - Growth Option,Nippon India Mutual Fund,Open Ended Schemes,Equity Scheme - Large Cap Fund,13-06-2016,23.60630
118632,Nippon India Large Cap Fund - Direct Plan Growth Plan - Growth Option,Nippon India Mutual Fund,Open Ended Schemes,Equity Scheme - Large Cap Fund,10-06-2016,23.78180
118632,Nippon India Large Cap Fund - Direct Plan Growth Plan - Growth Option,Nippon India Mutual Fund,Open Ended Schemes,Equity Scheme - Large Cap Fund,09-06-2016,23.91390
118632,Nippon India Large Cap Fund - Direct Plan Growth Plan - Growth Option,Nippon India Mutual Fund,Open Ended Schemes,Equity Scheme - Large Cap Fund,08-06-2016,24.03180
118632,Nippon India Large Cap Fund - Direct Plan Growth Plan - Growth Option,Nippon India Mutual Fund,Open Ended Schemes,Equity Scheme - Large Cap Fund,07-06-2016,23.89000
118632,Nippon India Large Cap Fund - Direct Plan Growth Plan - Growth Option,Nippon India Mutual Fund,Open Ended Schemes,Equity Scheme - Large Cap Fund,06-06-2016,23.63390
118632,Nippon India Large Cap Fund - Direct Plan Growth Plan - Growth Option,Nippon India Mutual Fund,Open Ended Schemes,Equity Scheme - Large Cap Fund,03-06-2016,23.57550
118632,Nippon India Large Cap Fund - Direct Plan Growth Plan - Growth Option,Nippon India Mutual Fund,Open Ended Schemes,Equity Scheme - Large Cap Fund,02-06-2016,23.62770
118632,Nippon India Large Cap Fund - Direct Plan Growth Plan - Growth Option,Nippon India Mutual Fund,Open Ended Schemes,Equity Scheme - Large Cap Fund,01-06-2016,23.49350
118632,Nippon India Large Cap Fund - Direct Plan Growth Plan - Growth Option,Nippon India Mutual Fund,Open Ended Schemes,Equity Scheme - Large Cap Fund,31-05-2016,23.52940
118632,Nippon India Large Cap Fund - Direct Plan Growth Plan - Growth Option,Nippon India Mutual Fund,Open Ended Schemes,Equity Scheme - Large Cap Fund,30-05-2016,23.45290
118632,Nippon India Large Cap Fund - Direct Plan Growth Plan - Growth Option,Nippon India Mutual Fund,Open Ended Schemes,Equity Scheme - Large Cap Fund,27-05-2016,23.41300
118632,Nippon India Large Cap Fund - Direct Plan Growth Plan - Growth Option,Nippon India Mutual Fund,Open Ended Schemes,Equity Scheme - Large Cap Fund,26-05-2016,23.20840
118632,Nippon India Large Cap Fund - Direct Plan Growth Plan - Growth Option,Nippon India Mutual Fund,Open Ended Schemes,Equity Scheme - Large Cap Fund,25-05-2016,22.76600
118632,Nippon India Large Cap Fund - Direct Plan Growth Plan - Growth Option,Nippon India Mutual Fund,Open Ended Schemes,Equity Scheme - Large Cap Fund,24-05-2016,22.24770
118632,Nippon India Large Cap Fund - Direct Plan Growth Plan - Growth Option,Nippon India Mutual Fund,Open Ended Schemes,Equity Scheme - Large Cap Fund,23-05-2016,22.26970
118632,Nippon India Large Cap Fund - Direct Plan Growth Plan - Growth Option,Nippon India Mutual Fund,Open Ended Schemes,Equity Scheme - Large Cap Fund,20-05-2016,22.33260
118632,Nippon India Large Cap Fund - Direct Plan Growth Plan - Growth Option,Nippon India Mutual Fund,Open Ended Schemes,Equity Scheme - Large Cap Fund,19-05-2016,22.44180
118632,Nippon India Large Cap Fund - Direct Plan Growth Plan - Growth Option,Nippon India Mutual Fund,Open Ended Schemes,Equity Scheme - Large Cap Fund,18-05-2016,22.74960
118632,Nippon India Large Cap Fund - Direct Plan Growth Plan - Growth Option,Nippon India Mutual Fund,Open Ended Schemes,Equity Scheme - Large Cap Fund,17-05-2016,22.83490
118632,Nippon India Large Cap Fund - Direct Plan Growth Plan - Growth Option,Nippon India Mutual Fund,Open Ended Schemes,Equity Scheme - Large Cap Fund,16-05-2016,22.68670
118632,Nippon India Large Cap Fund - Direct Plan Growth Plan - Growth Option,Nippon India Mutual Fund,Open Ended Schemes,Equity Scheme - Large Cap Fund,13-05-2016,22.72270
118632,Nippon India Large Cap Fund - Direct Plan Growth Plan - Growth Option,Nippon India Mutual Fund,Open Ended Schemes,Equity Scheme - Large Cap Fund,12-05-2016,22.88370
118632,Nippon India Large Cap Fund - Direct Plan Growth Plan - Growth Option,Nippon India Mutual Fund,Open Ended Schemes,Equity Scheme - Large Cap Fund,11-05-2016,22.72570
118632,Nippon India Large Cap Fund - Direct Plan Growth Plan - Growth Option,Nippon India Mutual Fund,Open Ended Schemes,Equity Scheme - Large Cap Fund,10-05-2016,22.80870
118632,Nippon India Large Cap Fund - Direct Plan Growth Plan - Growth Option,Nippon India Mutual Fund,Open Ended Schemes,Equity Scheme - Large Cap Fund,09-05-2016,22.75700
118632,Nippon India Large Cap Fund - Direct Plan Growth Plan - Growth Option,Nippon India Mutual Fund,Open Ended Schemes,Equity Scheme - Large Cap Fund,06-05-2016,22.39960
118632,Nippon India Large Cap Fund - Direct Plan Growth Plan - Growth Option,Nippon India Mutual Fund,Open Ended Schemes,Equity Scheme - Large Cap Fund,05-05-2016,22.34760
118632,Nippon India Large Cap Fund - Direct Plan Growth Plan - Growth Option,Nippon India Mutual Fund,Open Ended Schemes,Equity Scheme - Large Cap Fund,04-05-2016,22.21640
118632,Nippon India Large Cap Fund - Direct Plan Growth Plan - Growth Option,Nippon India Mutual Fund,Open Ended Schemes,Equity Scheme - Large Cap Fund,03-05-2016,22.45770
118632,Nippon India Large Cap Fund - Direct Plan Growth Plan - Growth Option,Nippon India Mutual Fund,Open Ended Schemes,Equity Scheme - Large Cap Fund,02-05-2016,22.66770
118632,Nippon India Large Cap Fund - Direct Plan Growth Plan - Growth Option,Nippon India Mutual Fund,Open Ended Schemes,Equity Scheme - Large Cap Fund,29-04-2016,22.76310
118632,Nippon India Large Cap Fund - Direct Plan Growth Plan - Growth Option,Nippon India Mutual Fund,Open Ended Schemes,Equity Scheme - Large Cap Fund,28-04-2016,22.80540
118632,Nippon India Large Cap Fund - Direct Plan Growth Plan - Growth Option,Nippon India Mutual Fund,Open Ended Schemes,Equity Scheme - Large Cap Fund,27-04-2016,23.21490
118632,Nippon India Large Cap Fund - Direct Plan Growth Plan - Growth Option,Nippon India Mutual Fund,Open Ended Schemes,Equity Scheme - Large Cap Fund,26-04-2016,23.34730
118632,Nippon India Large Cap Fund - Direct Plan Growth Plan - Growth Option,Nippon India Mutual Fund,Open Ended Schemes,Equity Scheme - Large Cap Fund,25-04-2016,23.10210
118632,Nippon India Large Cap Fund - Direct Plan Growth Plan - Growth Option,Nippon India Mutual Fund,Open Ended Schemes,Equity Scheme - Large Cap Fund,22-04-2016,23.28990
118632,Nippon India Large Cap Fund - Direct Plan Growth Plan - Growth Option,Nippon India Mutual Fund,Open Ended Schemes,Equity Scheme - Large Cap Fund,21-04-2016,23.22320
118632,Nippon India Large Cap Fund - Direct Plan Growth Plan - Growth Option,Nippon India Mutual Fund,Open Ended Schemes,Equity Scheme - Large Cap Fund,20-04-2016,23.13500
118632,Nippon India Large Cap Fund - Direct Plan Growth Plan - Growth Option,Nippon India Mutual Fund,Open Ended Schemes,Equity Scheme - Large Cap Fund,18-04-2016,23.13220
118632,Nippon India Large Cap Fund - Direct Plan Growth Plan - Growth Option,Nippon India Mutual Fund,Open Ended Schemes,Equity Scheme - Large Cap Fund,13-04-2016,22.99620
118632,Nippon India Large Cap Fund - Direct Plan Growth Plan - Growth Option,Nippon India Mutual Fund,Open Ended Schemes,Equity Scheme - Large Cap Fund,12-04-2016,22.61590
118632,Nippon India Large Cap Fund - Direct Plan Growth Plan - Growth Option,Nippon India Mutual Fund,Open Ended Schemes,Equity Scheme - Large Cap Fund,11-04-2016,22.43420
118632,Nippon India Large Cap Fund - Direct Plan Growth Plan - Growth Option,Nippon India Mutual Fund,Open Ended Schemes,Equity Scheme - Large Cap Fund,08-04-2016,22.15610
118632,Nippon India Large Cap Fund - Direct Plan Growth Plan - Growth Option,Nippon India Mutual Fund,Open Ended Schemes,Equity Scheme - Large Cap Fund,07-04-2016,22.09580
118632,Nippon India Large Cap Fund - Direct Plan Growth Plan - Growth Option,Nippon India Mutual Fund,Open Ended Schemes,Equity Scheme - Large Cap Fund,06-04-2016,22.27470
118632,Nippon India Large Cap Fund - Direct Plan Growth Plan - Growth Option,Nippon India Mutual Fund,Open Ended Schemes,Equity Scheme - Large Cap Fund,05-04-2016,22.28470
118632,Nippon India Large Cap Fund - Direct Plan Growth Plan - Growth Option,Nippon India Mutual Fund,Open Ended Schemes,Equity Scheme - Large Cap Fund,04-04-2016,22.83880
118632,Nippon India Large Cap Fund - Direct Plan Growth Plan - Growth Option,Nippon India Mutual Fund,Open Ended Schemes,Equity Scheme - Large Cap Fund,01-04-2016,22.77490
118632,Nippon India Large Cap Fund - Direct Plan Growth Plan - Growth Option,Nippon India Mutual Fund,Open Ended Schemes,Equity Scheme - Large Cap Fund,31-03-2016,22.73050
118632,Nippon India Large Cap Fund - Direct Plan Growth Plan - Growth Option,Nippon India Mutual Fund,Open Ended Schemes,Equity Scheme - Large Cap Fund,30-03-2016,22.74690
118632,Nippon India Large Cap Fund - Direct Plan Growth Plan - Growth Option,Nippon India Mutual Fund,Open Ended Schemes,Equity Scheme - Large Cap Fund,29-03-2016,22.28310
118632,Nippon India Large Cap Fund - Direct Plan Growth Plan - Growth Option,Nippon India Mutual Fund,Open Ended Schemes,Equity Scheme - Large Cap Fund,28-03-2016,22.26100
118632,Nippon India Large Cap Fund - Direct Plan Growth Plan - Growth Option,Nippon India Mutual Fund,Open Ended Schemes,Equity Scheme - Large Cap Fund,23-03-2016,22.59520
118632,Nippon India Large Cap Fund - Direct Plan Growth Plan - Growth Option,Nippon India Mutual Fund,Open Ended Schemes,Equity Scheme - Large Cap Fund,22-03-2016,22.62100
118632,Nippon India Large Cap Fund - Direct Plan Growth Plan - Growth Option,Nippon India Mutual Fund,Open Ended Schemes,Equity Scheme - Large Cap Fund,21-03-2016,22.51460
118632,Nippon India Large Cap Fund - Direct Plan Growth Plan - Growth Option,Nippon India Mutual Fund,Open Ended Schemes,Equity Scheme - Large Cap Fund,18-03-2016,22.15650
118632,Nippon India Large Cap Fund - Direct Plan Growth Plan - Growth Option,Nippon India Mutual Fund,Open Ended Schemes,Equity Scheme - Large Cap Fund,17-03-2016,21.88640
118632,Nippon India Large Cap Fund - Direct Plan Growth Plan - Growth Option,Nippon India Mutual Fund,Open Ended Schemes,Equity Scheme - Large Cap Fund,16-03-2016,21.77420
118632,Nippon India Large Cap Fund - Direct Plan Growth Plan - Growth Option,Nippon India Mutual Fund,Open Ended Schemes,Equity Scheme - Large Cap Fund,15-03-2016,21.66290
118632,Nippon India Large Cap Fund - Direct Plan Growth Plan - Growth Option,Nippon India Mutual Fund,Open Ended Schemes,Equity Scheme - Large Cap Fund,14-03-2016,21.79340
118632,Nippon India Large Cap Fund - Direct Plan Growth Plan - Growth Option,Nippon India Mutual Fund,Open Ended Schemes,Equity Scheme - Large Cap Fund,11-03-2016,21.67990
118632,Nippon India Large Cap Fund - Direct Plan Growth Plan - Growth Option,Nippon India Mutual Fund,Open Ended Schemes,Equity Scheme - Large Cap Fund,10-03-2016,21.61540
118632,Nippon India Large Cap Fund - Direct Plan Growth Plan - Growth Option,Nippon India Mutual Fund,Open Ended Schemes,Equity Scheme - Large Cap Fund,09-03-2016,21.83840
118632,Nippon India Large Cap Fund - Direct Plan Growth Plan - Growth Option,Nippon India Mutual Fund,Open Ended Schemes,Equity Scheme - Large Cap Fund,08-03-2016,21.74270
118632,Nippon India Large Cap Fund - Direct Plan Growth Plan - Growth Option,Nippon India Mutual Fund,Open Ended Schemes,Equity Scheme - Large Cap Fund,04-03-2016,21.82070
118632,Nippon India Large Cap Fund - Direct Plan Growth Plan - Growth Option,Nippon India Mutual Fund,Open Ended Schemes,Equity Scheme - Large Cap Fund,03-03-2016,21.82930
118632,Nippon India Large Cap Fund - Direct Plan Growth Plan - Growth Option,Nippon India Mutual Fund,Open Ended Schemes,Equity Scheme - Large Cap Fund,02-03-2016,21.48770
118632,Nippon India Large Cap Fund - Direct Plan Growth Plan - Growth Option,Nippon India Mutual Fund,Open Ended Schemes,Equity Scheme - Large Cap Fund,01-03-2016,20.98820
118632,Nippon India Large Cap Fund - Direct Plan Growth Plan - Growth Option,Nippon India Mutual Fund,Open Ended Schemes,Equity Scheme - Large Cap Fund,29-02-2016,20.32160
118632,Nippon India Large Cap Fund - Direct Plan Growth Plan - Growth Option,Nippon India Mutual Fund,Open Ended Schemes,Equity Scheme - Large Cap Fund,26-02-2016,20.38220
118632,Nippon India Large Cap Fund - Direct Plan Growth Plan - Growth Option,Nippon India Mutual Fund,Open Ended Schemes,Equity Scheme - Large Cap Fund,25-02-2016,20.20730
118632,Nippon India Large Cap Fund - Direct Plan Growth Plan - Growth Option,Nippon India Mutual Fund,Open Ended Schemes,Equity Scheme - Large Cap Fund,24-02-2016,20.48710
118632,Nippon India Large Cap Fund - Direct Plan Growth Plan - Growth Option,Nippon India Mutual Fund,Open Ended Schemes,Equity Scheme - Large Cap Fund,23-02-2016,20.70660
118632,Nippon India Large Cap Fund - Direct Plan Growth Plan - Growth Option,Nippon India Mutual Fund,Open Ended Schemes,Equity Scheme - Large Cap Fund,22-02-2016,21.05770
118632,Nippon India Large Cap Fund - Direct Plan Growth Plan - Growth Option,Nippon India Mutual Fund,Open Ended Schemes,Equity Scheme - Large Cap Fund,19-02-2016,20.95720
118632,Nippon India Large Cap Fund - Direct Plan Growth Plan - Growth Option,Nippon India Mutual Fund,Open Ended Schemes,Equity Scheme - Large Cap Fund,18-02-2016,20.89840
118632,Nippon India Large Cap Fund - Direct Plan Growth Plan - Growth Option,Nippon India Mutual Fund,Open Ended Schemes,Equity Scheme - Large Cap Fund,17-02-2016,20.73770
118632,Nippon India Large Cap Fund - Direct Plan Growth Plan - Growth Option,Nippon India Mutual Fund,Open Ended Schemes,Equity Scheme - Large Cap Fund,16-02-2016,20.62540
118632,Nippon India Large Cap Fund - Direct Plan Growth Plan - Growth Option,Nippon India Mutual Fund,Open Ended Schemes,Equity Scheme - Large Cap Fund,15-02-2016,21.16260
118632,Nippon India Large Cap Fund - Direct Plan Growth Plan - Growth Option,Nippon India Mutual Fund,Open Ended Schemes,Equity Scheme - Large Cap Fund,12-02-2016,20.33500
118632,Nippon India Large Cap Fund - Direct Plan Growth Plan - Growth Option,Nippon India Mutual Fund,Open Ended Schemes,Equity Scheme - Large Cap Fund,11-02-2016,20.56060
118632,Nippon India Large Cap Fund - Direct Plan Growth Plan - Growth Option,Nippon India Mutual Fund,Open Ended Schemes,Equity Scheme - Large Cap Fund,10-02-2016,21.23450
118632,Nippon India Large Cap Fund - Direct Plan Growth Plan - Growth Option,Nippon India Mutual Fund,Open Ended Schemes,Equity Scheme - Large Cap Fund,09-02-2016,21.51100
118632,Nippon India Large Cap Fund - Direct Plan Growth Plan - Growth Option,Nippon India Mutual Fund,Open Ended Schemes,Equity Scheme - Large Cap Fund,08-02-2016,21.93100
118632,Nippon India Large Cap Fund - Direct Plan Growth Plan - Growth Option,Nippon India Mutual Fund,Open Ended Schemes,Equity Scheme - Large Cap Fund,05-02-2016,22.12930
118632,Nippon India Large Cap Fund - Direct Plan Growth Plan - Growth Option,Nippon India Mutual Fund,Open Ended Schemes,Equity Scheme - Large Cap Fund,04-02-2016,21.82020
118632,Nippon India Large Cap Fund - Direct Plan Growth Plan - Growth Option,Nippon India Mutual Fund,Open Ended Schemes,Equity Scheme - Large Cap Fund,03-02-2016,21.69810
118632,Nippon India Large Cap Fund - Direct Plan Growth Plan - Growth Option,Nippon India Mutual Fund,Open Ended Schemes,Equity Scheme - Large Cap Fund,02-02-2016,21.99130
118632,Nippon India Large Cap Fund - Direct Plan Growth Plan - Growth Option,Nippon India Mutual Fund,Open Ended Schemes,Equity Scheme - Large Cap Fund,01-02-2016,22.31990
118632,Nippon India Large Cap Fund - Direct Plan Growth Plan - Growth Option,Nippon India Mutual Fund,Open Ended Schemes,Equity Scheme - Large Cap Fund,29-01-2016,22.36230
118632,Nippon India Large Cap Fund - Direct Plan Growth Plan - Growth Option,Nippon India Mutual Fund,Open Ended Schemes,Equity Scheme - Large Cap Fund,28-01-2016,22.12070
118632,Nippon India Large Cap Fund - Direct Plan Growth Plan - Growth Option,Nippon India Mutual Fund,Open Ended Schemes,Equity Scheme - Large Cap Fund,27-01-2016,22.21570
118632,Nippon India Large Cap Fund - Direct Plan Growth Plan - Growth Option,Nippon India Mutual Fund,Open Ended Schemes,Equity Scheme - Large Cap Fund,25-01-2016,22.18720
118632,Nippon India Large Cap Fund - Direct Plan Growth Plan - Growth Option,Nippon India Mutual Fund,Open Ended Schemes,Equity Scheme - Large Cap Fund,22-01-2016,22.18030
118632,Nippon India Large Cap Fund - Direct Plan Growth Plan - Growth Option,Nippon India Mutual Fund,Open Ended Schemes,Equity Scheme - Large Cap Fund,21-01-2016,21.69860
118632,Nippon India Large Cap Fund - Direct Plan Growth Plan - Growth Option,Nippon India Mutual Fund,Open Ended Schemes,Equity Scheme - Large Cap Fund,20-01-2016,21.79050
118632,Nippon India Large Cap Fund - Direct Plan Growth Plan - Growth Option,Nippon India Mutual Fund,Open Ended Schemes,Equity Scheme - Large Cap Fund,19-01-2016,22.19890
118632,Nippon India Large Cap Fund - Direct Plan Growth Plan - Growth Option,Nippon India Mutual Fund,Open Ended Schemes,Equity Scheme - Large Cap Fund,18-01-2016,21.85770
118632,Nippon India Large Cap Fund - Direct Plan Growth Plan - Growth Option,Nippon India Mutual Fund,Open Ended Schemes,Equity Scheme - Large Cap Fund,15-01-2016,22.25220
118632,Nippon India Large Cap Fund - Direct Plan Growth Plan - Growth Option,Nippon India Mutual Fund,Open Ended Schemes,Equity Scheme - Large Cap Fund,14-01-2016,22.73510
118632,Nippon India Large Cap Fund - Direct Plan Growth Plan - Growth Option,Nippon India Mutual Fund,Open Ended Schemes,Equity Scheme - Large Cap Fund,13-01-2016,22.97220
118632,Nippon India Large Cap Fund - Direct Plan Growth Plan - Growth Option,Nippon India Mutual Fund,Open Ended Schemes,Equity Scheme - Large Cap Fund,12-01-2016,22.84660
118632,Nippon India Large Cap Fund - Direct Plan Growth Plan - Growth Option,Nippon India Mutual Fund,Open Ended Schemes,Equity Scheme - Large Cap Fund,11-01-2016,23.01700
118632,Nippon India Large Cap Fund - Direct Plan Growth Plan - Growth Option,Nippon India Mutual Fund,Open Ended Schemes,Equity Scheme - Large Cap Fund,08-01-2016,23.12950
118632,Nippon India Large Cap Fund - Direct Plan Growth Plan - Growth Option,Nippon India Mutual Fund,Open Ended Schemes,Equity Scheme - Large Cap Fund,07-01-2016,23.02400
118632,Nippon India Large Cap Fund - Direct Plan Growth Plan - Growth Option,Nippon India Mutual Fund,Open Ended Schemes,Equity Scheme - Large Cap Fund,06-01-2016,23.60760
118632,Nippon India Large Cap Fund - Direct Plan Growth Plan - Growth Option,Nippon India Mutual Fund,Open Ended Schemes,Equity Scheme - Large Cap Fund,05-01-2016,23.67250
118632,Nippon India Large Cap Fund - Direct Plan Growth Plan - Growth Option,Nippon India Mutual Fund,Open Ended Schemes,Equity Scheme - Large Cap Fund,04-01-2016,23.65820
118632,Nippon India Large Cap Fund - Direct Plan Growth Plan - Growth Option,Nippon India Mutual Fund,Open Ended Schemes,Equity Scheme - Large Cap Fund,01-01-2016,24.15920
118632,Nippon India Large Cap Fund - Direct Plan Growth Plan - Growth Option,Nippon India Mutual Fund,Open Ended Schemes,Equity Scheme - Large Cap Fund,31-12-2015,24.04690
118632,Nippon India Large Cap Fund - Direct Plan Growth Plan - Growth Option,Nippon India Mutual Fund,Open Ended Schemes,Equity Scheme - Large Cap Fund,30-12-2015,23.94690
118632,Nippon India Large Cap Fund - Direct Plan Growth Plan - Growth Option,Nippon India Mutual Fund,Open Ended Schemes,Equity Scheme - Large Cap Fund,29-12-2015,24.04640
118632,Nippon India Large Cap Fund - Direct Plan Growth Plan - Growth Option,Nippon India Mutual Fund,Open Ended Schemes,Equity Scheme - Large Cap Fund,28-12-2015,24.03760
118632,Nippon India Large Cap Fund - Direct Plan Growth Plan - Growth Option,Nippon India Mutual Fund,Open Ended Schemes,Equity Scheme - Large Cap Fund,24-12-2015,23.86640
118632,Nippon India Large Cap Fund - Direct Plan Growth Plan - Growth Option,Nippon India Mutual Fund,Open Ended Schemes,Equity Scheme - Large Cap Fund,23-12-2015,23.87320
118632,Nippon India Large Cap Fund - Direct Plan Growth Plan - Growth Option,Nippon India Mutual Fund,Open Ended Schemes,Equity Scheme - Large Cap Fund,22-12-2015,23.69140
118632,Nippon India Large Cap Fund - Direct Plan Growth Plan - Growth Option,Nippon India Mutual Fund,Open Ended Schemes,Equity Scheme - Large Cap Fund,21-12-2015,23.77420
118632,Nippon India Large Cap Fund - Direct Plan Growth Plan - Growth Option,Nippon India Mutual Fund,Open Ended Schemes,Equity Scheme - Large Cap Fund,18-12-2015,23.52990
118632,Nippon India Large Cap Fund - Direct Plan Growth Plan - Growth Option,Nippon India Mutual Fund,Open Ended Schemes,Equity Scheme - Large Cap Fund,17-12-2015,23.75840
118632,Nippon India Large Cap Fund - Direct Plan Growth Plan - Growth Option,Nippon India Mutual Fund,Open Ended Schemes,Equity Scheme - Large Cap Fund,16-12-2015,23.46690
118632,Nippon India Large Cap Fund - Direct Plan Growth Plan - Growth Option,Nippon India Mutual Fund,Open Ended Schemes,Equity Scheme - Large Cap Fund,15-12-2015,23.35060
118632,Nippon India Large Cap Fund - Direct Plan Growth Plan - Growth Option,Nippon India Mutual Fund,Open Ended Schemes,Equity Scheme - Large Cap Fund,14-12-2015,23.16110
118632,Nippon India Large Cap Fund - Direct Plan Growth Plan - Growth Option,Nippon India Mutual Fund,Open Ended Schemes,Equity Scheme - Large Cap Fund,11-12-2015,23.11490
118632,Nippon India Large Cap Fund - Direct Plan Growth Plan - Growth Option,Nippon India Mutual Fund,Open Ended Schemes,Equity Scheme - Large Cap Fund,10-12-2015,23.36110
118632,Nippon India Large Cap Fund - Direct Plan Growth Plan - Growth Option,Nippon India Mutual Fund,Open Ended Schemes,Equity Scheme - Large Cap Fund,09-12-2015,23.18080
118632,Nippon India Large Cap Fund - Direct Plan Growth Plan - Growth Option,Nippon India Mutual Fund,Open Ended Schemes,Equity Scheme - Large Cap Fund,08-12-2015,23.52170
118632,Nippon India Large Cap Fund - Direct Plan Growth Plan - Growth Option,Nippon India Mutual Fund,Open Ended Schemes,Equity Scheme - Large Cap Fund,07-12-2015,23.68280
118632,Nippon India Large Cap Fund - Direct Plan Growth Plan - Growth Option,Nippon India Mutual Fund,Open Ended Schemes,Equity Scheme - Large Cap Fund,04-12-2015,23.69390
118632,Nippon India Large Cap Fund - Direct Plan Growth Plan - Growth Option,Nippon India Mutual Fund,Open Ended Schemes,Equity Scheme - Large Cap Fund,03-12-2015,23.88260
118632,Nippon India Large Cap Fund - Direct Plan Growth Plan - Growth Option,Nippon India Mutual Fund,Open Ended Schemes,Equity Scheme - Large Cap Fund,02-12-2015,23.97630
118632,Nippon India Large Cap Fund - Direct Plan Growth Plan - Growth Option,Nippon India Mutual Fund,Open Ended Schemes,Equity Scheme - Large Cap Fund,01-12-2015,24.12870
118632,Nippon India Large Cap Fund - Direct Plan Growth Plan - Growth Option,Nippon India Mutual Fund,Open Ended Schemes,Equity Scheme - Large Cap Fund,30-11-2015,24.08530
118632,Nippon India Large Cap Fund - Direct Plan Growth Plan - Growth Option,Nippon India Mutual Fund,Open Ended Schemes,Equity Scheme - Large Cap Fund,27-11-2015,24.06450
118632,Nippon India Large Cap Fund - Direct Plan Growth Plan - Growth Option,Nippon India Mutual Fund,Open Ended Schemes,Equity Scheme - Large Cap Fund,26-11-2015,23.88730
118632,Nippon India Large Cap Fund - Direct Plan Growth Plan - Growth Option,Nippon India Mutual Fund,Open Ended Schemes,Equity Scheme - Large Cap Fund,24-11-2015,23.76930
118632,Nippon India Large Cap Fund - Direct Plan Growth Plan - Growth Option,Nippon India Mutual Fund,Open Ended Schemes,Equity Scheme - Large Cap Fund,23-11-2015,23.80620
118632,Nippon India Large Cap Fund - Direct Plan Growth Plan - Growth Option,Nippon India Mutual Fund,Open Ended Schemes,Equity Scheme - Large Cap Fund,20-11-2015,23.77390
118632,Nippon India Large Cap Fund - Direct Plan Growth Plan - Growth Option,Nippon India Mutual Fund,Open Ended Schemes,Equity Scheme - Large Cap Fund,19-11-2015,23.71520
118632,Nippon India Large Cap Fund - Direct Plan Growth Plan - Growth Option,Nippon India Mutual Fund,Open Ended Schemes,Equity Scheme - Large Cap Fund,18-11-2015,23.39930
118632,Nippon India Large Cap Fund - Direct Plan Growth Plan - Growth Option,Nippon India Mutual Fund,Open Ended Schemes,Equity Scheme - Large Cap Fund,17-11-2015,23.68690
118632,Nippon India Large Cap Fund - Direct Plan Growth Plan - Growth Option,Nippon India Mutual Fund,Open Ended Schemes,Equity Scheme - Large Cap Fund,16-11-2015,23.64640
118632,Nippon India Large Cap Fund - Direct Plan Growth Plan - Growth Option,Nippon India Mutual Fund,Open Ended Schemes,Equity Scheme - Large Cap Fund,13-11-2015,23.60230
118632,Nippon India Large Cap Fund - Direct Plan Growth Plan - Growth Option,Nippon India Mutual Fund,Open Ended Schemes,Equity Scheme - Large Cap Fund,10-11-2015,23.60480
118632,Nippon India Large Cap Fund - Direct Plan Growth Plan - Growth Option,Nippon India Mutual Fund,Open Ended Schemes,Equity Scheme - Large Cap Fund,09-11-2015,24.05690
118632,Nippon India Large Cap Fund - Direct Plan Growth Plan - Growth Option,Nippon India Mutual Fund,Open Ended Schemes,Equity Scheme - Large Cap Fund,06-11-2015,23.94080
118632,Nippon India Large Cap Fund - Direct Plan Growth Plan - Growth Option,Nippon India Mutual Fund,Open Ended Schemes,Equity Scheme - Large Cap Fund,05-11-2015,23.84870
118632,Nippon India Large Cap Fund - Direct Plan Growth Plan - Growth Option,Nippon India Mutual Fund,Open Ended Schemes,Equity Scheme - Large Cap Fund,04-11-2015,24.17440
118632,Nippon India Large Cap Fund - Direct Plan Growth Plan - Growth Option,Nippon India Mutual Fund,Open Ended Schemes,Equity Scheme - Large Cap Fund,03-11-2015,24.14000
118632,Nippon India Large Cap Fund - Direct Plan Growth Plan - Growth Option,Nippon India Mutual Fund,Open Ended Schemes,Equity Scheme - Large Cap Fund,02-11-2015,24.00930
118632,Nippon India Large Cap Fund - Direct Plan Growth Plan - Growth Option,Nippon India Mutual Fund,Open Ended Schemes,Equity Scheme - Large Cap Fund,30-10-2015,23.95880
118632,Nippon India Large Cap Fund - Direct Plan Growth Plan - Growth Option,Nippon India Mutual Fund,Open Ended Schemes,Equity Scheme - Large Cap Fund,29-10-2015,23.94920
118632,Nippon India Large Cap Fund - Direct Plan Growth Plan - Growth Option,Nippon India Mutual Fund,Open Ended Schemes,Equity Scheme - Large Cap Fund,28-10-2015,24.15530
118632,Nippon India Large Cap Fund - Direct Plan Growth Plan - Growth Option,Nippon India Mutual Fund,Open Ended Schemes,Equity Scheme - Large Cap Fund,27-10-2015,24.43530
118632,Nippon India Large Cap Fund - Direct Plan Growth Plan - Growth Option,Nippon India Mutual Fund,Open Ended Schemes,Equity Scheme - Large Cap Fund,26-10-2015,24.33380
118632,Nippon India Large Cap Fund - Direct Plan Growth Plan - Growth Option,Nippon India Mutual Fund,Open Ended Schemes,Equity Scheme - Large Cap Fund,23-10-2015,24.41850
118632,Nippon India Large Cap Fund - Direct Plan Growth Plan - Growth Option,Nippon India Mutual Fund,Open Ended Schemes,Equity Scheme - Large Cap Fund,21-10-2015,24.38040
118632,Nippon India Large Cap Fund - Direct Plan Growth Plan - Growth Option,Nippon India Mutual Fund,Open Ended Schemes,Equity Scheme - Large Cap Fund,20-10-2015,24.46470
118632,Nippon India Large Cap Fund - Direct Plan Growth Plan - Growth Option,Nippon India Mutual Fund,Open Ended Schemes,Equity Scheme - Large Cap Fund,19-10-2015,24.36980
118632,Nippon India Large Cap Fund - Direct Plan Growth Plan - Growth Option,Nippon India Mutual Fund,Open Ended Schemes,Equity Scheme - Large Cap Fund,16-10-2015,24.25710
118632,Nippon India Large Cap Fund - Direct Plan Growth Plan - Growth Option,Nippon India Mutual Fund,Open Ended Schemes,Equity Scheme - Large Cap Fund,15-10-2015,24.04330
118632,Nippon India Large Cap Fund - Direct Plan Growth Plan - Growth Option,Nippon India Mutual Fund,Open Ended Schemes,Equity Scheme - Large Cap Fund,14-10-2015,23.82000
118632,Nippon India Large Cap Fund - Direct Plan Growth Plan - Growth Option,Nippon India Mutual Fund,Open Ended Schemes,Equity Scheme - Large Cap Fund,13-10-2015,23.85870
118632,Nippon India Large Cap Fund - Direct Plan Growth Plan - Growth Option,Nippon India Mutual Fund,Open Ended Schemes,Equity Scheme - Large Cap Fund,12-10-2015,23.92240
118632,Nippon India Large Cap Fund - Direct Plan Growth Plan - Growth Option,Nippon India Mutual Fund,Open Ended Schemes,Equity Scheme - Large Cap Fund,09-10-2015,23.98080
118632,Nippon India Large Cap Fund - Direct Plan Growth Plan - Growth Option,Nippon India Mutual Fund,Open Ended Schemes,Equity Scheme - Large Cap Fund,08-10-2015,23.85780
118632,Nippon India Large Cap Fund - Direct Plan Growth Plan - Growth Option,Nippon India Mutual Fund,Open Ended Schemes,Equity Scheme - Large Cap Fund,07-10-2015,24.00020
118632,Nippon India Large Cap Fund - Direct Plan Growth Plan - Growth Option,Nippon India Mutual Fund,Open Ended Schemes,Equity Scheme - Large Cap Fund,06-10-2015,23.92050
118632,Nippon India Large Cap Fund - Direct Plan Growth Plan - Growth Option,Nippon India Mutual Fund,Open Ended Schemes,Equity Scheme - Large Cap Fund,05-10-2015,23.89720
118632,Nippon India Large Cap Fund - Direct Plan Growth Plan - Growth Option,Nippon India Mutual Fund,Open Ended Schemes,Equity Scheme - Large Cap Fund,01-10-2015,23.44920
118632,Nippon India Large Cap Fund - Direct Plan Growth Plan - Growth Option,Nippon India Mutual Fund,Open Ended Schemes,Equity Scheme - Large Cap Fund,30-09-2015,23.53710
118632,Nippon India Large Cap Fund - Direct Plan Growth Plan - Growth Option,Nippon India Mutual Fund,Open Ended Schemes,Equity Scheme - Large Cap Fund,29-09-2015,23.34340
118632,Nippon India Large Cap Fund - Direct Plan Growth Plan - Growth Option,Nippon India Mutual Fund,Open Ended Schemes,Equity Scheme - Large Cap Fund,28-09-2015,23.28930
118632,Nippon India Large Cap Fund - Direct Plan Growth Plan - Growth Option,Nippon India Mutual Fund,Open Ended Schemes,Equity Scheme - Large Cap Fund,24-09-2015,23.52820
118632,Nippon India Large Cap Fund - Direct Plan Growth Plan - Growth Option,Nippon India Mutual Fund,Open Ended Schemes,Equity Scheme - Large Cap Fund,23-09-2015,23.47820
118632,Nippon India Large Cap Fund - Direct Plan Growth Plan - Growth Option,Nippon India Mutual Fund,Open Ended Schemes,Equity Scheme - Large Cap Fund,22-09-2015,23.39280
118632,Nippon India Large Cap Fund - Direct Plan Growth Plan - Growth Option,Nippon India Mutual Fund,Open Ended Schemes,Equity Scheme - Large Cap Fund,21-09-2015,23.74170
118632,Nippon India Large Cap Fund - Direct Plan Growth Plan - Growth Option,Nippon India Mutual Fund,Open Ended Schemes,Equity Scheme - Large Cap Fund,18-09-2015,23.76310
118632,Nippon India Large Cap Fund - Direct Plan Growth Plan - Growth Option,Nippon India Mutual Fund,Open Ended Schemes,Equity Scheme - Large Cap Fund,16-09-2015,23.51210
118632,Nippon India Large Cap Fund - Direct Plan Growth Plan - Growth Option,Nippon India Mutual Fund,Open Ended Schemes,Equity Scheme - Large Cap Fund,15-09-2015,23.36850
118632,Nippon India Large Cap Fund - Direct Plan Growth Plan - Growth Option,Nippon India Mutual Fund,Open Ended Schemes,Equity Scheme - Large Cap Fund,14-09-2015,23.59680
118632,Nippon India Large Cap Fund - Direct Plan Growth Plan - Growth Option,Nippon India Mutual Fund,Open Ended Schemes,Equity Scheme - Large Cap Fund,11-09-2015,23.37220
118632,Nippon India Large Cap Fund - Direct Plan Growth Plan - Growth Option,Nippon India Mutual Fund,Open Ended Schemes,Equity Scheme - Large Cap Fund,10-09-2015,23.36130
118632,Nippon India Large Cap Fund - Direct Plan Growth Plan - Growth Option,Nippon India Mutual Fund,Open Ended Schemes,Equity Scheme - Large Cap Fund,09-09-2015,23.43130
118632,Nippon India Large Cap Fund - Direct Plan Growth Plan - Growth Option,Nippon India Mutual Fund,Open Ended Schemes,Equity Scheme - Large Cap Fund,08-09-2015,22.99280
118632,Nippon India Large Cap Fund - Direct Plan Growth Plan - Growth Option,Nippon India Mutual Fund,Open Ended Schemes,Equity Scheme - Large Cap Fund,07-09-2015,22.62280
118632,Nippon India Large Cap Fund - Direct Plan Growth Plan - Growth Option,Nippon India Mutual Fund,Open Ended Schemes,Equity Scheme - Large Cap Fund,04-09-2015,23.05440
118632,Nippon India Large Cap Fund - Direct Plan Growth Plan - Growth Option,Nippon India Mutual Fund,Open Ended Schemes,Equity Scheme - Large Cap Fund,03-09-2015,23.50010
118632,Nippon India Large Cap Fund - Direct Plan Growth Plan - Growth Option,Nippon India Mutual Fund,Open Ended Schemes,Equity Scheme - Large Cap Fund,02-09-2015,23.22520
118632,Nippon India Large Cap Fund - Direct Plan Growth Plan - Growth Option,Nippon India Mutual Fund,Open Ended Schemes,Equity Scheme - Large Cap Fund,01-09-2015,23.47530
118632,Nippon India Large Cap Fund - Direct Plan Growth Plan - Growth Option,Nippon India Mutual Fund,Open Ended Schemes,Equity Scheme - Large Cap Fund,31-08-2015,24.07810
118632,Nippon India Large Cap Fund - Direct Plan Growth Plan - Growth Option,Nippon India Mutual Fund,Open Ended Schemes,Equity Scheme - Large Cap Fund,28-08-2015,24.11990
118632,Nippon India Large Cap Fund - Direct Plan Growth Plan - Growth Option,Nippon India Mutual Fund,Open Ended Schemes,Equity Scheme - Large Cap Fund,27-08-2015,23.98780
118632,Nippon India Large Cap Fund - Direct Plan Growth Plan - Growth Option,Nippon India Mutual Fund,Open Ended Schemes,Equity Scheme - Large Cap Fund,26-08-2015,23.60630
118632,Nippon India Large Cap Fund - Direct Plan Growth Plan - Growth Option,Nippon India Mutual Fund,Open Ended Schemes,Equity Scheme - Large Cap Fund,25-08-2015,23.81350
118632,Nippon India Large Cap Fund - Direct Plan Growth Plan - Growth Option,Nippon India Mutual Fund,Open Ended Schemes,Equity Scheme - Large Cap Fund,24-08-2015,23.40700
118632,Nippon India Large Cap Fund - Direct Plan Growth Plan - Growth Option,Nippon India Mutual Fund,Open Ended Schemes,Equity Scheme - Large Cap Fund,21-08-2015,25.06560
118632,Nippon India Large Cap Fund - Direct Plan Growth Plan - Growth Option,Nippon India Mutual Fund,Open Ended Schemes,Equity Scheme - Large Cap Fund,20-08-2015,25.25000
118632,Nippon India Large Cap Fund - Direct Plan Growth Plan - Growth Option,Nippon India Mutual Fund,Open Ended Schemes,Equity Scheme - Large Cap Fund,19-08-2015,25.73710
118632,Nippon India Large Cap Fund - Direct Plan Growth Plan - Growth Option,Nippon India Mutual Fund,Open Ended Schemes,Equity Scheme - Large Cap Fund,18-08-2015,25.56220
118632,Nippon India Large Cap Fund - Direct Plan Growth Plan - Growth Option,Nippon India Mutual Fund,Open Ended Schemes,Equity Scheme - Large Cap Fund,17-08-2015,25.48570
118632,Nippon India Large Cap Fund - Direct Plan Growth Plan - Growth Option,Nippon India Mutual Fund,Open Ended Schemes,Equity Scheme - Large Cap Fund,14-08-2015,25.51710
118632,Nippon India Large Cap Fund - Direct Plan Growth Plan - Growth Option,Nippon India Mutual Fund,Open Ended Schemes,Equity Scheme - Large Cap Fund,13-08-2015,25.05860
118632,Nippon India Large Cap Fund - Direct Plan Growth Plan - Growth Option,Nippon India Mutual Fund,Open Ended Schemes,Equity Scheme - Large Cap Fund,12-08-2015,24.99410
118632,Nippon India Large Cap Fund - Direct Plan Growth Plan - Growth Option,Nippon India Mutual Fund,Open Ended Schemes,Equity Scheme - Large Cap Fund,11-08-2015,25.38920
118632,Nippon India Large Cap Fund - Direct Plan Growth Plan - Growth Option,Nippon India Mutual Fund,Open Ended Schemes,Equity Scheme - Large Cap Fund,10-08-2015,25.59960
118632,Nippon India Large Cap Fund - Direct Plan Growth Plan - Growth Option,Nippon India Mutual Fund,Open Ended Schemes,Equity Scheme - Large Cap Fund,07-08-2015,25.67530
118632,Nippon India Large Cap Fund - Direct Plan Growth Plan - Growth Option,Nippon India Mutual Fund,Open Ended Schemes,Equity Scheme - Large Cap Fund,06-08-2015,25.72850
118632,Nippon India Large Cap Fund - Direct Plan Growth Plan - Growth Option,Nippon India Mutual Fund,Open Ended Schemes,Equity Scheme - Large Cap Fund,05-08-2015,25.54980
118632,Nippon India Large Cap Fund - Direct Plan Growth Plan - Growth Option,Nippon India Mutual Fund,Open Ended Schemes,Equity Scheme - Large Cap Fund,04-08-2015,25.36280
118632,Nippon India Large Cap Fund - Direct Plan Growth Plan - Growth Option,Nippon India Mutual Fund,Open Ended Schemes,Equity Scheme - Large Cap Fund,03-08-2015,25.37430
118632,Nippon India Large Cap Fund - Direct Plan Growth Plan - Growth Option,Nippon India Mutual Fund,Open Ended Schemes,Equity Scheme - Large Cap Fund,31-07-2015,25.35810
118632,Nippon India Large Cap Fund - Direct Plan Growth Plan - Growth Option,Nippon India Mutual Fund,Open Ended Schemes,Equity Scheme - Large Cap Fund,30-07-2015,25.11350
118632,Nippon India Large Cap Fund - Direct Plan Growth Plan - Growth Option,Nippon India Mutual Fund,Open Ended Schemes,Equity Scheme - Large Cap Fund,29-07-2015,25.03380
118632,Nippon India Large Cap Fund - Direct Plan Growth Plan - Growth Option,Nippon India Mutual Fund,Open Ended Schemes,Equity Scheme - Large Cap Fund,28-07-2015,24.82130
118632,Nippon India Large Cap Fund - Direct Plan Growth Plan - Growth Option,Nippon India Mutual Fund,Open Ended Schemes,Equity Scheme - Large Cap Fund,27-07-2015,24.81460
118632,Nippon India Large Cap Fund - Direct Plan Growth Plan - Growth Option,Nippon India Mutual Fund,Open Ended Schemes,Equity Scheme - Large Cap Fund,24-07-2015,25.32930
118632,Nippon India Large Cap Fund - Direct Plan Growth Plan - Growth Option,Nippon India Mutual Fund,Open Ended Schemes,Equity Scheme - Large Cap Fund,23-07-2015,25.62790
118632,Nippon India Large Cap Fund - Direct Plan Growth Plan - Growth Option,Nippon India Mutual Fund,Open Ended Schemes,Equity Scheme - Large Cap Fund,22-07-2015,25.59730
118632,Nippon India Large Cap Fund - Direct Plan Growth Plan - Growth Option,Nippon India Mutual Fund,Open Ended Schemes,Equity Scheme - Large Cap Fund,21-07-2015,25.24920
118632,Nippon India Large Cap Fund - Direct Plan Growth Plan - Growth Option,Nippon India Mutual Fund,Open Ended Schemes,Equity Scheme - Large Cap Fund,20-07-2015,25.48600
118632,Nippon India Large Cap Fund - Direct Plan Growth Plan - Growth Option,Nippon India Mutual Fund,Open Ended Schemes,Equity Scheme - Large Cap Fund,17-07-2015,25.51350
118632,Nippon India Large Cap Fund - Direct Plan Growth Plan - Growth Option,Nippon India Mutual Fund,Open Ended Schemes,Equity Scheme - Large Cap Fund,16-07-2015,25.49210
118632,Nippon India Large Cap Fund - Direct Plan Growth Plan - Growth Option,Nippon India Mutual Fund,Open Ended Schemes,Equity Scheme - Large Cap Fund,15-07-2015,25.21500
118632,Nippon India Large Cap Fund - Direct Plan Growth Plan - Growth Option,Nippon India Mutual Fund,Open Ended Schemes,Equity Scheme - Large Cap Fund,14-07-2015,25.08180
118632,Nippon India Large Cap Fund - Direct Plan Growth Plan - Growth Option,Nippon India Mutual Fund,Open Ended Schemes,Equity Scheme - Large Cap Fund,13-07-2015,25.12610
118632,Nippon India Large Cap Fund - Direct Plan Growth Plan - Growth Option,Nippon India Mutual Fund,Open Ended Schemes,Equity Scheme - Large Cap Fund,10-07-2015,24.82980
118632,Nippon India Large Cap Fund - Direct Plan Growth Plan - Growth Option,Nippon India Mutual Fund,Open Ended Schemes,Equity Scheme - Large Cap Fund,09-07-2015,24.64040
118632,Nippon India Large Cap Fund - Direct Plan Growth Plan - Growth Option,Nippon India Mutual Fund,Open Ended Schemes,Equity Scheme - Large Cap Fund,08-07-2015,24.72410
118632,Nippon India Large Cap Fund - Direct Plan Growth Plan - Growth Option,Nippon India Mutual Fund,Open Ended Schemes,Equity Scheme - Large Cap Fund,07-07-2015,24.98000
118632,Nippon India Large Cap Fund - Direct Plan Growth Plan - Growth Option,Nippon India Mutual Fund,Open Ended Schemes,Equity Scheme - Large Cap Fund,06-07-2015,24.98900
118632,Nippon India Large Cap Fund - Direct Plan Growth Plan - Growth Option,Nippon India Mutual Fund,Open Ended Schemes,Equity Scheme - Large Cap Fund,03-07-2015,24.82970
118632,Nippon India Large Cap Fund - Direct Plan Growth Plan - Growth Option,Nippon India Mutual Fund,Open Ended Schemes,Equity Scheme - Large Cap Fund,02-07-2015,24.76170
118632,Nippon India Large Cap Fund - Direct Plan Growth Plan - Growth Option,Nippon India Mutual Fund,Open Ended Schemes,Equity Scheme - Large Cap Fund,01-07-2015,24.68450
118632,Nippon India Large Cap Fund - Direct Plan Growth Plan - Growth Option,Nippon India Mutual Fund,Open Ended Schemes,Equity Scheme - Large Cap Fund,30-06-2015,24.31720
118632,Nippon India Large Cap Fund - Direct Plan Growth Plan - Growth Option,Nippon India Mutual Fund,Open Ended Schemes,Equity Scheme - Large Cap Fund,29-06-2015,24.16280
118632,Nippon India Large Cap Fund - Direct Plan Growth Plan - Growth Option,Nippon India Mutual Fund,Open Ended Schemes,Equity Scheme - Large Cap Fund,26-06-2015,24.44350
118632,Nippon India Large Cap Fund - Direct Plan Growth Plan - Growth Option,Nippon India Mutual Fund,Open Ended Schemes,Equity Scheme - Large Cap Fund,25-06-2015,24.44840
118632,Nippon India Large Cap Fund - Direct Plan Growth Plan - Growth Option,Nippon India Mutual Fund,Open Ended Schemes,Equity Scheme - Large Cap Fund,24-06-2015,24.33740
118632,Nippon India Large Cap Fund - Direct Plan Growth Plan - Growth Option,Nippon India Mutual Fund,Open Ended Schemes,Equity Scheme - Large Cap Fund,23-06-2015,24.43270
118632,Nippon India Large Cap Fund - Direct Plan Growth Plan - Growth Option,Nippon India Mutual Fund,Open Ended Schemes,Equity Scheme - Large Cap Fund,22-06-2015,24.31400
118632,Nippon India Large Cap Fund - Direct Plan Growth Plan - Growth Option,Nippon India Mutual Fund,Open Ended Schemes,Equity Scheme - Large Cap Fund,19-06-2015,23.98690
118632,Nippon India Large Cap Fund - Direct Plan Growth Plan - Growth Option,Nippon India Mutual Fund,Open Ended Schemes,Equity Scheme - Large Cap Fund,18-06-2015,23.91820
118632,Nippon India Large Cap Fund - Direct Plan Growth Plan - Growth Option,Nippon India Mutual Fund,Open Ended Schemes,Equity Scheme - Large Cap Fund,17-06-2015,23.62980
118632,Nippon India Large Cap Fund - Direct Plan Growth Plan - Growth Option,Nippon India Mutual Fund,Open Ended Schemes,Equity Scheme - Large Cap Fund,16-06-2015,23.42200
118632,Nippon India Large Cap Fund - Direct Plan Growth Plan - Growth Option,Nippon India Mutual Fund,Open Ended Schemes,Equity Scheme - Large Cap Fund,15-06-2015,23.33140
118632,Nippon India Large Cap Fund - Direct Plan Growth Plan - Growth Option,Nippon India Mutual Fund,Open Ended Schemes,Equity Scheme - Large Cap Fund,12-06-2015,23.25410
118632,Nippon India Large Cap Fund - Direct Plan Growth Plan - Growth Option,Nippon India Mutual Fund,Open Ended Schemes,Equity Scheme - Large Cap Fund,11-06-2015,23.23390
118632,Nippon India Large Cap Fund - Direct Plan Growth Plan - Growth Option,Nippon India Mutual Fund,Open Ended Schemes,Equity Scheme - Large Cap Fund,10-06-2015,23.73360
118632,Nippon India Large Cap Fund - Direct Plan Growth Plan - Growth Option,Nippon India Mutual Fund,Open Ended Schemes,Equity Scheme - Large Cap Fund,09-06-2015,23.40420
118632,Nippon India Large Cap Fund - Direct Plan Growth Plan - Growth Option,Nippon India Mutual Fund,Open Ended Schemes,Equity Scheme - Large Cap Fund,08-06-2015,23.48000
118632,Nippon India Large Cap Fund - Direct Plan Growth Plan - Growth Option,Nippon India Mutual Fund,Open Ended Schemes,Equity Scheme - Large Cap Fund,05-06-2015,23.72080
118632,Nippon India Large Cap Fund - Direct Plan Growth Plan - Growth Option,Nippon India Mutual Fund,Open Ended Schemes,Equity Scheme - Large Cap Fund,04-06-2015,23.81150
118632,Nippon India Large Cap Fund - Direct Plan Growth Plan - Growth Option,Nippon India Mutual Fund,Open Ended Schemes,Equity Scheme - Large Cap Fund,03-06-2015,23.72950
118632,Nippon India Large Cap Fund - Direct Plan Growth Plan - Growth Option,Nippon India Mutual Fund,Open Ended Schemes,Equity Scheme - Large Cap Fund,02-06-2015,24.08430
118632,Nippon India Large Cap Fund - Direct Plan Growth Plan - Growth Option,Nippon India Mutual Fund,Open Ended Schemes,Equity Scheme - Large Cap Fund,01-06-2015,24.55010
118632,Nippon India Large Cap Fund - Direct Plan Growth Plan - Growth Option,Nippon India Mutual Fund,Open Ended Schemes,Equity Scheme - Large Cap Fund,29-05-2015,24.59830
118632,Nippon India Large Cap Fund - Direct Plan Growth Plan - Growth Option,Nippon India Mutual Fund,Open Ended Schemes,Equity Scheme - Large Cap Fund,28-05-2015,24.30280
118632,Nippon India Large Cap Fund - Direct Plan Growth Plan - Growth Option,Nippon India Mutual Fund,Open Ended Schemes,Equity Scheme - Large Cap Fund,27-05-2015,24.30840
118632,Nippon India Large Cap Fund - Direct Plan Growth Plan - Growth Option,Nippon India Mutual Fund,Open Ended Schemes,Equity Scheme - Large Cap Fund,26-05-2015,24.26440
118632,Nippon India Large Cap Fund - Direct Plan Growth Plan - Growth Option,Nippon India Mutual Fund,Open Ended Schemes,Equity Scheme - Large Cap Fund,25-05-2015,24.30270
118632,Nippon India Large Cap Fund - Direct Plan Growth Plan - Growth Option,Nippon India Mutual Fund,Open Ended Schemes,Equity Scheme - Large Cap Fund,22-05-2015,24.44130
118632,Nippon India Large Cap Fund - Direct Plan Growth Plan - Growth Option,Nippon India Mutual Fund,Open Ended Schemes,Equity Scheme - Large Cap Fund,21-05-2015,24.41880
118632,Nippon India Large Cap Fund - Direct Plan Growth Plan - Growth Option,Nippon India Mutual Fund,Open Ended Schemes,Equity Scheme - Large Cap Fund,20-05-2015,24.33030
118632,Nippon India Large Cap Fund - Direct Plan Growth Plan - Growth Option,Nippon India Mutual Fund,Open Ended Schemes,Equity Scheme - Large Cap Fund,19-05-2015,24.26130
118632,Nippon India Large Cap Fund - Direct Plan Growth Plan - Growth Option,Nippon India Mutual Fund,Open Ended Schemes,Equity Scheme - Large Cap Fund,18-05-2015,24.23030
118632,Nippon India Large Cap Fund - Direct Plan Growth Plan - Growth Option,Nippon India Mutual Fund,Open Ended Schemes,Equity Scheme - Large Cap Fund,15-05-2015,23.96060
118632,Nippon India Large Cap Fund - Direct Plan Growth Plan - Growth Option,Nippon India Mutual Fund,Open Ended Schemes,Equity Scheme - Large Cap Fund,14-05-2015,23.87440
118632,Nippon India Large Cap Fund - Direct Plan Growth Plan - Growth Option,Nippon India Mutual Fund,Open Ended Schemes,Equity Scheme - Large Cap Fund,13-05-2015,23.73170
118632,Nippon India Large Cap Fund - Direct Plan Growth Plan - Growth Option,Nippon India Mutual Fund,Open Ended Schemes,Equity Scheme - Large Cap Fund,12-05-2015,23.37410
118632,Nippon India Large Cap Fund - Direct Plan Growth Plan - Growth Option,Nippon India Mutual Fund,Open Ended Schemes,Equity Scheme - Large Cap Fund,11-05-2015,23.90450
118632,Nippon India Large Cap Fund - Direct Plan Growth Plan - Growth Option,Nippon India Mutual Fund,Open Ended Schemes,Equity Scheme - Large Cap Fund,08-05-2015,23.56990
118632,Nippon India Large Cap Fund - Direct Plan Growth Plan - Growth Option,Nippon India Mutual Fund,Open Ended Schemes,Equity Scheme - Large Cap Fund,07-05-2015,23.26010
118632,Nippon India Large Cap Fund - Direct Plan Growth Plan - Growth Option,Nippon India Mutual Fund,Open Ended Schemes,Equity Scheme - Large Cap Fund,06-05-2015,23.48040
118632,Nippon India Large Cap Fund - Direct Plan Growth Plan - Growth Option,Nippon India Mutual Fund,Open Ended Schemes,Equity Scheme - Large Cap Fund,05-05-2015,24.22510
118632,Nippon India Large Cap Fund - Direct Plan Growth Plan - Growth Option,Nippon India Mutual Fund,Open Ended Schemes,Equity Scheme - Large Cap Fund,04-05-2015,24.29910
118632,Nippon India Large Cap Fund - Direct Plan Growth Plan - Growth Option,Nippon India Mutual Fund,Open Ended Schemes,Equity Scheme - Large Cap Fund,30-04-2015,23.88710
118632,Nippon India Large Cap Fund - Direct Plan Growth Plan - Growth Option,Nippon India Mutual Fund,Open Ended Schemes,Equity Scheme - Large Cap Fund,29-04-2015,23.95810
118632,Nippon India Large Cap Fund - Direct Plan Growth Plan - Growth Option,Nippon India Mutual Fund,Open Ended Schemes,Equity Scheme - Large Cap Fund,28-04-2015,23.96040
118632,Nippon India Large Cap Fund - Direct Plan Growth Plan - Growth Option,Nippon India Mutual Fund,Open Ended Schemes,Equity Scheme - Large Cap Fund,27-04-2015,23.61760
118632,Nippon India Large Cap Fund - Direct Plan Growth Plan - Growth Option,Nippon India Mutual Fund,Open Ended Schemes,Equity Scheme - Large Cap Fund,24-04-2015,23.80700
118632,Nippon India Large Cap Fund - Direct Plan Growth Plan - Growth Option,Nippon India Mutual Fund,Open Ended Schemes,Equity Scheme - Large Cap Fund,23-04-2015,24.12740
118632,Nippon India Large Cap Fund - Direct Plan Growth Plan - Growth Option,Nippon India Mutual Fund,Open Ended Schemes,Equity Scheme - Large Cap Fund,22-04-2015,24.26230
118632,Nippon India Large Cap Fund - Direct Plan Growth Plan - Growth Option,Nippon India Mutual Fund,Open Ended Schemes,Equity Scheme - Large Cap Fund,21-04-2015,24.23020
118632,Nippon India Large Cap Fund - Direct Plan Growth Plan - Growth Option,Nippon India Mutual Fund,Open Ended Schemes,Equity Scheme - Large Cap Fund,20-04-2015,24.31750
118632,Nippon India Large Cap Fund - Direct Plan Growth Plan - Growth Option,Nippon India Mutual Fund,Open Ended Schemes,Equity Scheme - Large Cap Fund,17-04-2015,24.74720
118632,Nippon India Large Cap Fund - Direct Plan Growth Plan - Growth Option,Nippon India Mutual Fund,Open Ended Schemes,Equity Scheme - Large Cap Fund,16-04-2015,25.04570
118632,Nippon India Large Cap Fund - Direct Plan Growth Plan - Growth Option,Nippon India Mutual Fund,Open Ended Schemes,Equity Scheme - Large Cap Fund,15-04-2015,25.21970
118632,Nippon India Large Cap Fund - Direct Plan Growth Plan - Growth Option,Nippon India Mutual Fund,Open Ended Schemes,Equity Scheme - Large Cap Fund,13-04-2015,25.46070
118632,Nippon India Large Cap Fund - Direct Plan Growth Plan - Growth Option,Nippon India Mutual Fund,Open Ended Schemes,Equity Scheme - Large Cap Fund,10-04-2015,25.43420
118632,Nippon India Large Cap Fund - Direct Plan Growth Plan - Growth Option,Nippon India Mutual Fund,Open Ended Schemes,Equity Scheme - Large Cap Fund,09-04-2015,25.43550
118632,Nippon India Large Cap Fund - Direct Plan Growth Plan - Growth Option,Nippon India Mutual Fund,Open Ended Schemes,Equity Scheme - Large Cap Fund,08-04-2015,25.35940
118632,Nippon India Large Cap Fund - Direct Plan Growth Plan - Growth Option,Nippon India Mutual Fund,Open Ended Schemes,Equity Scheme - Large Cap Fund,07-04-2015,25.09880
118632,Nippon India Large Cap Fund - Direct Plan Growth Plan - Growth Option,Nippon India Mutual Fund,Open Ended Schemes,Equity Scheme - Large Cap Fund,06-04-2015,25.13570
118632,Nippon India Large Cap Fund - Direct Plan Growth Plan - Growth Option,Nippon India Mutual Fund,Open Ended Schemes,Equity Scheme - Large Cap Fund,01-04-2015,24.97740
118632,Nippon India Large Cap Fund - Direct Plan Growth Plan - Growth Option,Nippon India Mutual Fund,Open Ended Schemes,Equity Scheme - Large Cap Fund,31-03-2015,24.81730
118632,Nippon India Large Cap Fund - Direct Plan Growth Plan - Growth Option,Nippon India Mutual Fund,Open Ended Schemes,Equity Scheme - Large Cap Fund,30-03-2015,24.72050
118632,Nippon India Large Cap Fund - Direct Plan Growth Plan - Growth Option,Nippon India Mutual Fund,Open Ended Schemes,Equity Scheme - Large Cap Fund,27-03-2015,24.28160
118632,Nippon India Large Cap Fund - Direct Plan Growth Plan - Growth Option,Nippon India Mutual Fund,Open Ended Schemes,Equity Scheme - Large Cap Fund,26-03-2015,24.17440
118632,Nippon India Large Cap Fund - Direct Plan Growth Plan - Growth Option,Nippon India Mutual Fund,Open Ended Schemes,Equity Scheme - Large Cap Fund,25-03-2015,24.60100
118632,Nippon India Large Cap Fund - Direct Plan Growth Plan - Growth Option,Nippon India Mutual Fund,Open Ended Schemes,Equity Scheme - Large Cap Fund,24-03-2015,24.52890
118632,Nippon India Large Cap Fund - Direct Plan Growth Plan - Growth Option,Nippon India Mutual Fund,Open Ended Schemes,Equity Scheme - Large Cap Fund,23-03-2015,24.60140
118632,Nippon India Large Cap Fund - Direct Plan Growth Plan - Growth Option,Nippon India Mutual Fund,Open Ended Schemes,Equity Scheme - Large Cap Fund,20-03-2015,24.84570
118632,Nippon India Large Cap Fund - Direct Plan Growth Plan - Growth Option,Nippon India Mutual Fund,Open Ended Schemes,Equity Scheme - Large Cap Fund,19-03-2015,25.06540
118632,Nippon India Large Cap Fund - Direct Plan Growth Plan - Growth Option,Nippon India Mutual Fund,Open Ended Schemes,Equity Scheme - Large Cap Fund,18-03-2015,25.18680
118632,Nippon India Large Cap Fund - Direct Plan Growth Plan - Growth Option,Nippon India Mutual Fund,Open Ended Schemes,Equity Scheme - Large Cap Fund,17-03-2015,25.26140
118632,Nippon India Large Cap Fund - Direct Plan Growth Plan - Growth Option,Nippon India Mutual Fund,Open Ended Schemes,Equity Scheme - Large Cap Fund,16-03-2015,24.99660
118632,Nippon India Large Cap Fund - Direct Plan Growth Plan - Growth Option,Nippon India Mutual Fund,Open Ended Schemes,Equity Scheme - Large Cap Fund,13-03-2015,24.99850
118632,Nippon India Large Cap Fund - Direct Plan Growth Plan - Growth Option,Nippon India Mutual Fund,Open Ended Schemes,Equity Scheme - Large Cap Fund,12-03-2015,25.42920
118632,Nippon India Large Cap Fund - Direct Plan Growth Plan - Growth Option,Nippon India Mutual Fund,Open Ended Schemes,Equity Scheme - Large Cap Fund,11-03-2015,25.16910
118632,Nippon India Large Cap Fund - Direct Plan Growth Plan - Growth Option,Nippon India Mutual Fund,Open Ended Schemes,Equity Scheme - Large Cap Fund,10-03-2015,25.27270
118632,Nippon India Large Cap Fund - Direct Plan Growth Plan - Growth Option,Nippon India Mutual Fund,Open Ended Schemes,Equity Scheme - Large Cap Fund,09-03-2015,25.36530
118632,Nippon India Large Cap Fund - Direct Plan Growth Plan - Growth Option,Nippon India Mutual Fund,Open Ended Schemes,Equity Scheme - Large Cap Fund,05-03-2015,25.78570
118632,Nippon India Large Cap Fund - Direct Plan Growth Plan - Growth Option,Nippon India Mutual Fund,Open Ended Schemes,Equity Scheme - Large Cap Fund,04-03-2015,25.76620
118632,Nippon India Large Cap Fund - Direct Plan Growth Plan - Growth Option,Nippon India Mutual Fund,Open Ended Schemes,Equity Scheme - Large Cap Fund,03-03-2015,25.88210
118632,Nippon India Large Cap Fund - Direct Plan Growth Plan - Growth Option,Nippon India Mutual Fund,Open Ended Schemes,Equity Scheme - Large Cap Fund,02-03-2015,25.81130
118632,Nippon India Large Cap Fund - Direct Plan Growth Plan - Growth Option,Nippon India Mutual Fund,Open Ended Schemes,Equity Scheme - Large Cap Fund,27-02-2015,25.19220
118632,Nippon India Large Cap Fund - Direct Plan Growth Plan - Growth Option,Nippon India Mutual Fund,Open Ended Schemes,Equity Scheme - Large Cap Fund,26-02-2015,24.70070
118632,Nippon India Large Cap Fund - Direct Plan Growth Plan - Growth Option,Nippon India Mutual Fund,Open Ended Schemes,Equity Scheme - Large Cap Fund,25-02-2015,25.06470
118632,Nippon India Large Cap Fund - Direct Plan Growth Plan - Growth Option,Nippon India Mutual Fund,Open Ended Schemes,Equity Scheme - Large Cap Fund,24-02-2015,25.05510
118632,Nippon India Large Cap Fund - Direct Plan Growth Plan - Growth Option,Nippon India Mutual Fund,Open Ended Schemes,Equity Scheme - Large Cap Fund,23-02-2015,25.10010
118632,Nippon India Large Cap Fund - Direct Plan Growth Plan - Growth Option,Nippon India Mutual Fund,Open Ended Schemes,Equity Scheme - Large Cap Fund,20-02-2015,25.34860
118632,Nippon India Large Cap Fund - Direct Plan Growth Plan - Growth Option,Nippon India Mutual Fund,Open Ended Schemes,Equity Scheme - Large Cap Fund,19-02-2015,25.45050
118632,Nippon India Large Cap Fund - Direct Plan Growth Plan - Growth Option,Nippon India Mutual Fund,Open Ended Schemes,Equity Scheme - Large Cap Fund,18-02-2015,25.35520
118632,Nippon India Large Cap Fund - Direct Plan Growth Plan - Growth Option,Nippon India Mutual Fund,Open Ended Schemes,Equity Scheme - Large Cap Fund,16-02-2015,25.14200
118632,Nippon India Large Cap Fund - Direct Plan Growth Plan - Growth Option,Nippon India Mutual Fund,Open Ended Schemes,Equity Scheme - Large Cap Fund,13-02-2015,25.20940
118632,Nippon India Large Cap Fund - Direct Plan Growth Plan - Growth Option,Nippon India Mutual Fund,Open Ended Schemes,Equity Scheme - Large Cap Fund,12-02-2015,24.93420
118632,Nippon India Large Cap Fund - Direct Plan Growth Plan - Growth Option,Nippon India Mutual Fund,Open Ended Schemes,Equity Scheme - Large Cap Fund,11-02-2015,24.58860
118632,Nippon India Large Cap Fund - Direct Plan Growth Plan - Growth Option,Nippon India Mutual Fund,Open Ended Schemes,Equity Scheme - Large Cap Fund,10-02-2015,24.38340
118632,Nippon India Large Cap Fund - Direct Plan Growth Plan - Growth Option,Nippon India Mutual Fund,Open Ended Schemes,Equity Scheme - Large Cap Fund,09-02-2015,24.20590
118632,Nippon India Large Cap Fund - Direct Plan Growth Plan - Growth Option,Nippon India Mutual Fund,Open Ended Schemes,Equity Scheme - Large Cap Fund,06-02-2015,24.55560
118632,Nippon India Large Cap Fund - Direct Plan Growth Plan - Growth Option,Nippon India Mutual Fund,Open Ended Schemes,Equity Scheme - Large Cap Fund,05-02-2015,24.82150
118632,Nippon India Large Cap Fund - Direct Plan Growth Plan - Growth Option,Nippon India Mutual Fund,Open Ended Schemes,Equity Scheme - Large Cap Fund,04-02-2015,24.92460
118632,Nippon India Large Cap Fund - Direct Plan Growth Plan - Growth Option,Nippon India Mutual Fund,Open Ended Schemes,Equity Scheme - Large Cap Fund,03-02-2015,25.08320
118632,Nippon India Large Cap Fund - Direct Plan Growth Plan - Growth Option,Nippon India Mutual Fund,Open Ended Schemes,Equity Scheme - Large Cap Fund,02-02-2015,25.11290
118632,Nippon India Large Cap Fund - Direct Plan Growth Plan - Growth Option,Nippon India Mutual Fund,Open Ended Schemes,Equity Scheme - Large Cap Fund,30-01-2015,25.06240
118632,Nippon India Large Cap Fund - Direct Plan Growth Plan - Growth Option,Nippon India Mutual Fund,Open Ended Schemes,Equity Scheme - Large Cap Fund,29-01-2015,25.38500
118632,Nippon India Large Cap Fund - Direct Plan Growth Plan - Growth Option,Nippon India Mutual Fund,Open Ended Schemes,Equity Scheme - Large Cap Fund,28-01-2015,25.42100
118632,Nippon India Large Cap Fund - Direct Plan Growth Plan - Growth Option,Nippon India Mutual Fund,Open Ended Schemes,Equity Scheme - Large Cap Fund,27-01-2015,25.33390
118632,Nippon India Large Cap Fund - Direct Plan Growth Plan - Growth Option,Nippon India Mutual Fund,Open Ended Schemes,Equity Scheme - Large Cap Fund,23-01-2015,25.06770
118632,Nippon India Large Cap Fund - Direct Plan Growth Plan - Growth Option,Nippon India Mutual Fund,Open Ended Schemes,Equity Scheme - Large Cap Fund,22-01-2015,24.88190
118632,Nippon India Large Cap Fund - Direct Plan Growth Plan - Growth Option,Nippon India Mutual Fund,Open Ended Schemes,Equity Scheme - Large Cap Fund,21-01-2015,24.75990
118632,Nippon India Large Cap Fund - Direct Plan Growth Plan - Growth Option,Nippon India Mutual Fund,Open Ended Schemes,Equity Scheme - Large Cap Fund,20-01-2015,24.69110
118632,Nippon India Large Cap Fund - Direct Plan Growth Plan - Growth Option,Nippon India Mutual Fund,Open Ended Schemes,Equity Scheme - Large Cap Fund,19-01-2015,24.51310
118632,Nippon India Large Cap Fund - Direct Plan Growth Plan - Growth Option,Nippon India Mutual Fund,Open Ended Schemes,Equity Scheme - Large Cap Fund,16-01-2015,24.31700
118632,Nippon India Large Cap Fund - Direct Plan Growth Plan - Growth Option,Nippon India Mutual Fund,Open Ended Schemes,Equity Scheme - Large Cap Fund,15-01-2015,24.22220
118632,Nippon India Large Cap Fund - Direct Plan Growth Plan - Growth Option,Nippon India Mutual Fund,Open Ended Schemes,Equity Scheme - Large Cap Fund,14-01-2015,23.76750
118632,Nippon India Large Cap Fund - Direct Plan Growth Plan - Growth Option,Nippon India Mutual Fund,Open Ended Schemes,Equity Scheme - Large Cap Fund,13-01-2015,23.82830
118632,Nippon India Large Cap Fund - Direct Plan Growth Plan - Growth Option,Nippon India Mutual Fund,Open Ended Schemes,Equity Scheme - Large Cap Fund,12-01-2015,23.85580
118632,Nippon India Large Cap Fund - Direct Plan Growth Plan - Growth Option,Nippon India Mutual Fund,Open Ended Schemes,Equity Scheme - Large Cap Fund,09-01-2015,23.69190
118632,Nippon India Large Cap Fund - Direct Plan Growth Plan - Growth Option,Nippon India Mutual Fund,Open Ended Schemes,Equity Scheme - Large Cap Fund,08-01-2015,23.55570
118632,Nippon India Large Cap Fund - Direct Plan Growth Plan - Growth Option,Nippon India Mutual Fund,Open Ended Schemes,Equity Scheme - Large Cap Fund,07-01-2015,23.18880
118632,Nippon India Large Cap Fund - Direct Plan Growth Plan - Growth Option,Nippon India Mutual Fund,Open Ended Schemes,Equity Scheme - Large Cap Fund,06-01-2015,23.29780
118632,Nippon India Large Cap Fund - Direct Plan Growth Plan - Growth Option,Nippon India Mutual Fund,Open Ended Schemes,Equity Scheme - Large Cap Fund,05-01-2015,23.93060
118632,Nippon India Large Cap Fund - Direct Plan Growth Plan - Growth Option,Nippon India Mutual Fund,Open Ended Schemes,Equity Scheme - Large Cap Fund,02-01-2015,23.86850
118632,Nippon India Large Cap Fund - Direct Plan Growth Plan - Growth Option,Nippon India Mutual Fund,Open Ended Schemes,Equity Scheme - Large Cap Fund,01-01-2015,23.65280
118632,Nippon India Large Cap Fund - Direct Plan Growth Plan - Growth Option,Nippon India Mutual Fund,Open Ended Schemes,Equity Scheme - Large Cap Fund,31-12-2014,23.60950
118632,Nippon India Large Cap Fund - Direct Plan Growth Plan - Growth Option,Nippon India Mutual Fund,Open Ended Schemes,Equity Scheme - Large Cap Fund,30-12-2014,23.54980
118632,Nippon India Large Cap Fund - Direct Plan Growth Plan - Growth Option,Nippon India Mutual Fund,Open Ended Schemes,Equity Scheme - Large Cap Fund,29-12-2014,23.45360
118632,Nippon India Large Cap Fund - Direct Plan Growth Plan - Growth Option,Nippon India Mutual Fund,Open Ended Schemes,Equity Scheme - Large Cap Fund,26-12-2014,23.24890
118632,Nippon India Large Cap Fund - Direct Plan Growth Plan - Growth Option,Nippon India Mutual Fund,Open Ended Schemes,Equity Scheme - Large Cap Fund,24-12-2014,23.15410
118632,Nippon India Large Cap Fund - Direct Plan Growth Plan - Growth Option,Nippon India Mutual Fund,Open Ended Schemes,Equity Scheme - Large Cap Fund,23-12-2014,23.24790
118632,Nippon India Large Cap Fund - Direct Plan Growth Plan - Growth Option,Nippon India Mutual Fund,Open Ended Schemes,Equity Scheme - Large Cap Fund,22-12-2014,23.36590
118632,Nippon India Large Cap Fund - Direct Plan Growth Plan - Growth Option,Nippon India Mutual Fund,Open Ended Schemes,Equity Scheme - Large Cap Fund,19-12-2014,23.15360
118632,Nippon India Large Cap Fund - Direct Plan Growth Plan - Growth Option,Nippon India Mutual Fund,Open Ended Schemes,Equity Scheme - Large Cap Fund,18-12-2014,23.01640
118632,Nippon India Large Cap Fund - Direct Plan Growth Plan - Growth Option,Nippon India Mutual Fund,Open Ended Schemes,Equity Scheme - Large Cap Fund,17-12-2014,22.56130
118632,Nippon India Large Cap Fund - Direct Plan Growth Plan - Growth Option,Nippon India Mutual Fund,Open Ended Schemes,Equity Scheme - Large Cap Fund,16-12-2014,22.67090
118632,Nippon India Large Cap Fund - Direct Plan Growth Plan - Growth Option,Nippon India Mutual Fund,Open Ended Schemes,Equity Scheme - Large Cap Fund,15-12-2014,23.11250
118632,Nippon India Large Cap Fund - Direct Plan Growth Plan - Growth Option,Nippon India Mutual Fund,Open Ended Schemes,Equity Scheme - Large Cap Fund,12-12-2014,23.25320
118632,Nippon India Large Cap Fund - Direct Plan Growth Plan - Growth Option,Nippon India Mutual Fund,Open Ended Schemes,Equity Scheme - Large Cap Fund,11-12-2014,23.40960
118632,Nippon India Large Cap Fund - Direct Plan Growth Plan - Growth Option,Nippon India Mutual Fund,Open Ended Schemes,Equity Scheme - Large Cap Fund,10-12-2014,23.53790
118632,Nippon India Large Cap Fund - Direct Plan Growth Plan - Growth Option,Nippon India Mutual Fund,Open Ended Schemes,Equity Scheme - Large Cap Fund,09-12-2014,23.46370
118632,Nippon India Large Cap Fund - Direct Plan Growth Plan - Growth Option,Nippon India Mutual Fund,Open Ended Schemes,Equity Scheme - Large Cap Fund,08-12-2014,23.77790
118632,Nippon India Large Cap Fund - Direct Plan Growth Plan - Growth Option,Nippon India Mutual Fund,Open Ended Schemes,Equity Scheme - Large Cap Fund,05-12-2014,24.15360
118632,Nippon India Large Cap Fund - Direct Plan Growth Plan - Growth Option,Nippon India Mutual Fund,Open Ended Schemes,Equity Scheme - Large Cap Fund,04-12-2014,24.32710
118632,Nippon India Large Cap Fund - Direct Plan Growth Plan - Growth Option,Nippon India Mutual Fund,Open Ended Schemes,Equity Scheme - Large Cap Fund,03-12-2014,24.25330
118632,Nippon India Large Cap Fund - Direct Plan Growth Plan - Growth Option,Nippon India Mutual Fund,Open Ended Schemes,Equity Scheme - Large Cap Fund,02-12-2014,23.99930
118632,Nippon India Large Cap Fund - Direct Plan Growth Plan - Growth Option,Nippon India Mutual Fund,Open Ended Schemes,Equity Scheme - Large Cap Fund,01-12-2014,24.01410
118632,Nippon India Large Cap Fund - Direct Plan Growth Plan - Growth Option,Nippon India Mutual Fund,Open Ended Schemes,Equity Scheme - Large Cap Fund,28-11-2014,23.99150
118632,Nippon India Large Cap Fund - Direct Plan Growth Plan - Growth Option,Nippon India Mutual Fund,Open Ended Schemes,Equity Scheme - Large Cap Fund,27-11-2014,23.60100
118632,Nippon India Large Cap Fund - Direct Plan Growth Plan - Growth Option,Nippon India Mutual Fund,Open Ended Schemes,Equity Scheme - Large Cap Fund,26-11-2014,23.51480
118632,Nippon India Large Cap Fund - Direct Plan Growth Plan - Growth Option,Nippon India Mutual Fund,Open Ended Schemes,Equity Scheme - Large Cap Fund,25-11-2014,23.52330
118632,Nippon India Large Cap Fund - Direct Plan Growth Plan - Growth Option,Nippon India Mutual Fund,Open Ended Schemes,Equity Scheme - Large Cap Fund,24-11-2014,23.68320
118632,Nippon India Large Cap Fund - Direct Plan Growth Plan - Growth Option,Nippon India Mutual Fund,Open Ended Schemes,Equity Scheme - Large Cap Fund,21-11-2014,23.54580
118632,Nippon India Large Cap Fund - Direct Plan Growth Plan - Growth Option,Nippon India Mutual Fund,Open Ended Schemes,Equity Scheme - Large Cap Fund,20-11-2014,23.34560
118632,Nippon India Large Cap Fund - Direct Plan Growth Plan - Growth Option,Nippon India Mutual Fund,Open Ended Schemes,Equity Scheme - Large Cap Fund,19-11-2014,23.36730
118632,Nippon India Large Cap Fund - Direct Plan Growth Plan - Growth Option,Nippon India Mutual Fund,Open Ended Schemes,Equity Scheme - Large Cap Fund,18-11-2014,23.49510
118632,Nippon India Large Cap Fund - Direct Plan Growth Plan - Growth Option,Nippon India Mutual Fund,Open Ended Schemes,Equity Scheme - Large Cap Fund,17-11-2014,23.33640
118632,Nippon India Large Cap Fund - Direct Plan Growth Plan - Growth Option,Nippon India Mutual Fund,Open Ended Schemes,Equity Scheme - Large Cap Fund,14-11-2014,23.19630
118632,Nippon India Large Cap Fund - Direct Plan Growth Plan - Growth Option,Nippon India Mutual Fund,Open Ended Schemes,Equity Scheme - Large Cap Fund,13-11-2014,23.04670
118632,Nippon India Large Cap Fund - Direct Plan Growth Plan - Growth Option,Nippon India Mutual Fund,Open Ended Schemes,Equity Scheme - Large Cap Fund,12-11-2014,23.11280
118632,Nippon India Large Cap Fund - Direct Plan Growth Plan - Growth Option,Nippon India Mutual Fund,Open Ended Schemes,Equity Scheme - Large Cap Fund,11-11-2014,23.06310
118632,Nippon India Large Cap Fund - Direct Plan Growth Plan - Growth Option,Nippon India Mutual Fund,Open Ended Schemes,Equity Scheme - Large Cap Fund,10-11-2014,22.86590
118632,Nippon India Large Cap Fund - Direct Plan Growth Plan - Growth Option,Nippon India Mutual Fund,Open Ended Schemes,Equity Scheme - Large Cap Fund,07-11-2014,22.88060
118632,Nippon India Large Cap Fund - Direct Plan Growth Plan - Growth Option,Nippon India Mutual Fund,Open Ended Schemes,Equity Scheme - Large Cap Fund,05-11-2014,22.79400
118632,Nippon India Large Cap Fund - Direct Plan Growth Plan - Growth Option,Nippon India Mutual Fund,Open Ended Schemes,Equity Scheme - Large Cap Fund,03-11-2014,22.70170
118632,Nippon India Large Cap Fund - Direct Plan Growth Plan - Growth Option,Nippon India Mutual Fund,Open Ended Schemes,Equity Scheme - Large Cap Fund,31-10-2014,22.75780
118632,Nippon India Large Cap Fund - Direct Plan Growth Plan - Growth Option,Nippon India Mutual Fund,Open Ended Schemes,Equity Scheme - Large Cap Fund,30-10-2014,22.34700
118632,Nippon India Large Cap Fund - Direct Plan Growth Plan - Growth Option,Nippon India Mutual Fund,Open Ended Schemes,Equity Scheme - Large Cap Fund,29-10-2014,22.13880
118632,Nippon India Large Cap Fund - Direct Plan Growth Plan - Growth Option,Nippon India Mutual Fund,Open Ended Schemes,Equity Scheme - Large Cap Fund,28-10-2014,21.99600
118632,Nippon India Large Cap Fund - Direct Plan Growth Plan - Growth Option,Nippon India Mutual Fund,Open Ended Schemes,Equity Scheme - Large Cap Fund,27-10-2014,21.86160
118632,Nippon India Large Cap Fund - Direct Plan Growth Plan - Growth Option,Nippon India Mutual Fund,Open Ended Schemes,Equity Scheme - Large Cap Fund,22-10-2014,21.85510
118632,Nippon India Large Cap Fund - Direct Plan Growth Plan - Growth Option,Nippon India Mutual Fund,Open Ended Schemes,Equity Scheme - Large Cap Fund,21-10-2014,21.59180
118632,Nippon India Large Cap Fund - Direct Plan Growth Plan - Growth Option,Nippon India Mutual Fund,Open Ended Schemes,Equity Scheme - Large Cap Fund,20-10-2014,21.35300
118632,Nippon India Large Cap Fund - Direct Plan Growth Plan - Growth Option,Nippon India Mutual Fund,Open Ended Schemes,Equity Scheme - Large Cap Fund,17-10-2014,21.01710
118632,Nippon India Large Cap Fund - Direct Plan Growth Plan - Growth Option,Nippon India Mutual Fund,Open Ended Schemes,Equity Scheme - Large Cap Fund,16-10-2014,20.90380
118632,Nippon India Large Cap Fund - Direct Plan Growth Plan - Growth Option,Nippon India Mutual Fund,Open Ended Schemes,Equity Scheme - Large Cap Fund,14-10-2014,21.24080
118632,Nippon India Large Cap Fund - Direct Plan Growth Plan - Growth Option,Nippon India Mutual Fund,Open Ended Schemes,Equity Scheme - Large Cap Fund,13-10-2014,21.28170
118632,Nippon India Large Cap Fund - Direct Plan Growth Plan - Growth Option,Nippon India Mutual Fund,Open Ended Schemes,Equity Scheme - Large Cap Fund,10-10-2014,21.12570
118632,Nippon India Large Cap Fund - Direct Plan Growth Plan - Growth Option,Nippon India Mutual Fund,Open Ended Schemes,Equity Scheme - Large Cap Fund,09-10-2014,21.37120
118632,Nippon India Large Cap Fund - Direct Plan Growth Plan - Growth Option,Nippon India Mutual Fund,Open Ended Schemes,Equity Scheme - Large Cap Fund,08-10-2014,20.98580
118632,Nippon India Large Cap Fund - Direct Plan Growth Plan - Growth Option,Nippon India Mutual Fund,Open Ended Schemes,Equity Scheme - Large Cap Fund,07-10-2014,21.05010
118632,Nippon India Large Cap Fund - Direct Plan Growth Plan - Growth Option,Nippon India Mutual Fund,Open Ended Schemes,Equity Scheme - Large Cap Fund,01-10-2014,21.28530
118632,Nippon India Large Cap Fund - Direct Plan Growth Plan - Growth Option,Nippon India Mutual Fund,Open Ended Schemes,Equity Scheme - Large Cap Fund,30-09-2014,21.39250
118632,Nippon India Large Cap Fund - Direct Plan Growth Plan - Growth Option,Nippon India Mutual Fund,Open Ended Schemes,Equity Scheme - Large Cap Fund,29-09-2014,21.35040
118632,Nippon India Large Cap Fund - Direct Plan Growth Plan - Growth Option,Nippon India Mutual Fund,Open Ended Schemes,Equity Scheme - Large Cap Fund,26-09-2014,21.30350
118632,Nippon India Large Cap Fund - Direct Plan Growth Plan - Growth Option,Nippon India Mutual Fund,Open Ended Schemes,Equity Scheme - Large Cap Fund,25-09-2014,21.03850
118632,Nippon India Large Cap Fund - Direct Plan Growth Plan - Growth Option,Nippon India Mutual Fund,Open Ended Schemes,Equity Scheme - Large Cap Fund,24-09-2014,21.36590
118632,Nippon India Large Cap Fund - Direct Plan Growth Plan - Growth Option,Nippon India Mutual Fund,Open Ended Schemes,Equity Scheme - Large Cap Fund,23-09-2014,21.51750
118632,Nippon India Large Cap Fund - Direct Plan Growth Plan - Growth Option,Nippon India Mutual Fund,Open Ended Schemes,Equity Scheme - Large Cap Fund,22-09-2014,21.85680
118632,Nippon India Large Cap Fund - Direct Plan Growth Plan - Growth Option,Nippon India Mutual Fund,Open Ended Schemes,Equity Scheme - Large Cap Fund,19-09-2014,21.82760
118632,Nippon India Large Cap Fund - Direct Plan Growth Plan - Growth Option,Nippon India Mutual Fund,Open Ended Schemes,Equity Scheme - Large Cap Fund,18-09-2014,21.91470
118632,Nippon India Large Cap Fund - Direct Plan Growth Plan - Growth Option,Nippon India Mutual Fund,Open Ended Schemes,Equity Scheme - Large Cap Fund,17-09-2014,21.48620
118632,Nippon India Large Cap Fund - Direct Plan Growth Plan - Growth Option,Nippon India Mutual Fund,Open Ended Schemes,Equity Scheme - Large Cap Fund,16-09-2014,21.39630
118632,Nippon India Large Cap Fund - Direct Plan Growth Plan - Growth Option,Nippon India Mutual Fund,Open Ended Schemes,Equity Scheme - Large Cap Fund,15-09-2014,21.88200
118632,Nippon India Large Cap Fund - Direct Plan Growth Plan - Growth Option,Nippon India Mutual Fund,Open Ended Schemes,Equity Scheme - Large Cap Fund,12-09-2014,21.87690
118632,Nippon India Large Cap Fund - Direct Plan Growth Plan - Growth Option,Nippon India Mutual Fund,Open Ended Schemes,Equity Scheme - Large Cap Fund,11-09-2014,21.85950
118632,Nippon India Large Cap Fund - Direct Plan Growth Plan - Growth Option,Nippon India Mutual Fund,Open Ended Schemes,Equity Scheme - Large Cap Fund,10-09-2014,21.68060
118632,Nippon India Large Cap Fund - Direct Plan Growth Plan - Growth Option,Nippon India Mutual Fund,Open Ended Schemes,Equity Scheme - Large Cap Fund,09-09-2014,21.80950
118632,Nippon India Large Cap Fund - Direct Plan Growth Plan - Growth Option,Nippon India Mutual Fund,Open Ended Schemes,Equity Scheme - Large Cap Fund,08-09-2014,21.82690
118632,Nippon India Large Cap Fund - Direct Plan Growth Plan - Growth Option,Nippon India Mutual Fund,Open Ended Schemes,Equity Scheme - Large Cap Fund,05-09-2014,21.53390
118632,Nippon India Large Cap Fund - Direct Plan Growth Plan - Growth Option,Nippon India Mutual Fund,Open Ended Schemes,Equity Scheme - Large Cap Fund,04-09-2014,21.42610
118632,Nippon India Large Cap Fund - Direct Plan Growth Plan - Growth Option,Nippon India Mutual Fund,Open Ended Schemes,Equity Scheme - Large Cap Fund,03-09-2014,21.49350
118632,Nippon India Large Cap Fund - Direct Plan Growth Plan - Growth Option,Nippon India Mutual Fund,Open Ended Schemes,Equity Scheme - Large Cap Fund,02-09-2014,21.27690
118632,Nippon India Large Cap Fund - Direct Plan Growth Plan - Growth Option,Nippon India Mutual Fund,Open Ended Schemes,Equity Scheme - Large Cap Fund,01-09-2014,21.19610
118632,Nippon India Large Cap Fund - Direct Plan Growth Plan - Growth Option,Nippon India Mutual Fund,Open Ended Schemes,Equity Scheme - Large Cap Fund,28-08-2014,20.86330
118632,Nippon India Large Cap Fund - Direct Plan Growth Plan - Growth Option,Nippon India Mutual Fund,Open Ended Schemes,Equity Scheme - Large Cap Fund,27-08-2014,20.80280
118632,Nippon India Large Cap Fund - Direct Plan Growth Plan - Growth Option,Nippon India Mutual Fund,Open Ended Schemes,Equity Scheme - Large Cap Fund,26-08-2014,20.71400
118632,Nippon India Large Cap Fund - Direct Plan Growth Plan - Growth Option,Nippon India Mutual Fund,Open Ended Schemes,Equity Scheme - Large Cap Fund,25-08-2014,20.77680
118632,Nippon India Large Cap Fund - Direct Plan Growth Plan - Growth Option,Nippon India Mutual Fund,Open Ended Schemes,Equity Scheme - Large Cap Fund,22-08-2014,20.79440
118632,Nippon India Large Cap Fund - Direct Plan Growth Plan - Growth Option,Nippon India Mutual Fund,Open Ended Schemes,Equity Scheme - Large Cap Fund,21-08-2014,20.65790
118632,Nippon India Large Cap Fund - Direct Plan Growth Plan - Growth Option,Nippon India Mutual Fund,Open Ended Schemes,Equity Scheme - Large Cap Fund,20-08-2014,20.50590
118632,Nippon India Large Cap Fund - Direct Plan Growth Plan - Growth Option,Nippon India Mutual Fund,Open Ended Schemes,Equity Scheme - Large Cap Fund,19-08-2014,20.52760
118632,Nippon India Large Cap Fund - Direct Plan Growth Plan - Growth Option,Nippon India Mutual Fund,Open Ended Schemes,Equity Scheme - Large Cap Fund,18-08-2014,20.36650
118632,Nippon India Large Cap Fund - Direct Plan Growth Plan - Growth Option,Nippon India Mutual Fund,Open Ended Schemes,Equity Scheme - Large Cap Fund,14-08-2014,20.07110
118632,Nippon India Large Cap Fund - Direct Plan Growth Plan - Growth Option,Nippon India Mutual Fund,Open Ended Schemes,Equity Scheme - Large Cap Fund,13-08-2014,19.97970
118632,Nippon India Large Cap Fund - Direct Plan Growth Plan - Growth Option,Nippon India Mutual Fund,Open Ended Schemes,Equity Scheme - Large Cap Fund,12-08-2014,19.93210
118632,Nippon India Large Cap Fund - Direct Plan Growth Plan - Growth Option,Nippon India Mutual Fund,Open Ended Schemes,Equity Scheme - Large Cap Fund,11-08-2014,19.79470
118632,Nippon India Large Cap Fund - Direct Plan Growth Plan - Growth Option,Nippon India Mutual Fund,Open Ended Schemes,Equity Scheme - Large Cap Fund,08-08-2014,19.67870
118632,Nippon India Large Cap Fund - Direct Plan Growth Plan - Growth Option,Nippon India Mutual Fund,Open Ended Schemes,Equity Scheme - Large Cap Fund,07-08-2014,19.97770
118632,Nippon India Large Cap Fund - Direct Plan Growth Plan - Growth Option,Nippon India Mutual Fund,Open Ended Schemes,Equity Scheme - Large Cap Fund,06-08-2014,20.03110
118632,Nippon India Large Cap Fund - Direct Plan Growth Plan - Growth Option,Nippon India Mutual Fund,Open Ended Schemes,Equity Scheme - Large Cap Fund,05-08-2014,20.16730
118632,Nippon India Large Cap Fund - Direct Plan Growth Plan - Growth Option,Nippon India Mutual Fund,Open Ended Schemes,Equity Scheme - Large Cap Fund,04-08-2014,20.01610
118632,Nippon India Large Cap Fund - Direct Plan Growth Plan - Growth Option,Nippon India Mutual Fund,Open Ended Schemes,Equity Scheme - Large Cap Fund,01-08-2014,19.73280
118632,Nippon India Large Cap Fund - Direct Plan Growth Plan - Growth Option,Nippon India Mutual Fund,Open Ended Schemes,Equity Scheme - Large Cap Fund,31-07-2014,19.92390
118632,Nippon India Large Cap Fund - Direct Plan Growth Plan - Growth Option,Nippon India Mutual Fund,Open Ended Schemes,Equity Scheme - Large Cap Fund,30-07-2014,20.06200
118632,Nippon India Large Cap Fund - Direct Plan Growth Plan - Growth Option,Nippon India Mutual Fund,Open Ended Schemes,Equity Scheme - Large Cap Fund,28-07-2014,20.09880
118632,Nippon India Large Cap Fund - Direct Plan Growth Plan - Growth Option,Nippon India Mutual Fund,Open Ended Schemes,Equity Scheme - Large Cap Fund,25-07-2014,20.16150
118632,Nippon India Large Cap Fund - Direct Plan Growth Plan - Growth Option,Nippon India Mutual Fund,Open Ended Schemes,Equity Scheme - Large Cap Fund,24-07-2014,20.34460
118632,Nippon India Large Cap Fund - Direct Plan Growth Plan - Growth Option,Nippon India Mutual Fund,Open Ended Schemes,Equity Scheme - Large Cap Fund,23-07-2014,20.26310
118632,Nippon India Large Cap Fund - Direct Plan Growth Plan - Growth Option,Nippon India Mutual Fund,Open Ended Schemes,Equity Scheme - Large Cap Fund,22-07-2014,20.18280
118632,Nippon India Large Cap Fund - Direct Plan Growth Plan - Growth Option,Nippon India Mutual Fund,Open Ended Schemes,Equity Scheme - Large Cap Fund,21-07-2014,20.14560
118632,Nippon India Large Cap Fund - Direct Plan Growth Plan - Growth Option,Nippon India Mutual Fund,Open Ended Schemes,Equity Scheme - Large Cap Fund,18-07-2014,20.12160
118632,Nippon India Large Cap Fund - Direct Plan Growth Plan - Growth Option,Nippon India Mutual Fund,Open Ended Schemes,Equity Scheme - Large Cap Fund,17-07-2014,20.13000
118632,Nippon India Large Cap Fund - Direct Plan Growth Plan - Growth Option,Nippon India Mutual Fund,Open Ended Schemes,Equity Scheme - Large Cap Fund,16-07-2014,20.05020
118632,Nippon India Large Cap Fund - Direct Plan Growth Plan - Growth Option,Nippon India Mutual Fund,Open Ended Schemes,Equity Scheme - Large Cap Fund,15-07-2014,19.77040
118632,Nippon India Large Cap Fund - Direct Plan Growth Plan - Growth Option,Nippon India Mutual Fund,Open Ended Schemes,Equity Scheme - Large Cap Fund,14-07-2014,19.42000
118632,Nippon India Large Cap Fund - Direct Plan Growth Plan - Growth Option,Nippon India Mutual Fund,Open Ended Schemes,Equity Scheme - Large Cap Fund,11-07-2014,19.47870
118632,Nippon India Large Cap Fund - Direct Plan Growth Plan - Growth Option,Nippon India Mutual Fund,Open Ended Schemes,Equity Scheme - Large Cap Fund,10-07-2014,19.78870
118632,Nippon India Large Cap Fund - Direct Plan Growth Plan - Growth Option,Nippon India Mutual Fund,Open Ended Schemes,Equity Scheme - Large Cap Fund,09-07-2014,19.76430
118632,Nippon India Large Cap Fund - Direct Plan Growth Plan - Growth Option,Nippon India Mutual Fund,Open Ended Schemes,Equity Scheme - Large Cap Fund,08-07-2014,20.02620
118632,Nippon India Large Cap Fund - Direct Plan Growth Plan - Growth Option,Nippon India Mutual Fund,Open Ended Schemes,Equity Scheme - Large Cap Fund,07-07-2014,20.58360
118632,Nippon India Large Cap Fund - Direct Plan Growth Plan - Growth Option,Nippon India Mutual Fund,Open Ended Schemes,Equity Scheme - Large Cap Fund,04-07-2014,20.54590
118632,Nippon India Large Cap Fund - Direct Plan Growth Plan - Growth Option,Nippon India Mutual Fund,Open Ended Schemes,Equity Scheme - Large Cap Fund,03-07-2014,20.53020
118632,Nippon India Large Cap Fund - Direct Plan Growth Plan - Growth Option,Nippon India Mutual Fund,Open Ended Schemes,Equity Scheme - Large Cap Fund,02-07-2014,20.44260
118632,Nippon India Large Cap Fund - Direct Plan Growth Plan - Growth Option,Nippon India Mutual Fund,Open Ended Schemes,Equity Scheme - Large Cap Fund,01-07-2014,20.23540
118632,Nippon India Large Cap Fund - Direct Plan Growth Plan - Growth Option,Nippon India Mutual Fund,Open Ended Schemes,Equity Scheme - Large Cap Fund,30-06-2014,20.11240
118632,Nippon India Large Cap Fund - Direct Plan Growth Plan - Growth Option,Nippon India Mutual Fund,Open Ended Schemes,Equity Scheme - Large Cap Fund,27-06-2014,19.73920
118632,Nippon India Large Cap Fund - Direct Plan Growth Plan - Growth Option,Nippon India Mutual Fund,Open Ended Schemes,Equity Scheme - Large Cap Fund,26-06-2014,19.59810
118632,Nippon India Large Cap Fund - Direct Plan Growth Plan - Growth Option,Nippon India Mutual Fund,Open Ended Schemes,Equity Scheme - Large Cap Fund,25-06-2014,19.69210
118632,Nippon India Large Cap Fund - Direct Plan Growth Plan - Growth Option,Nippon India Mutual Fund,Open Ended Schemes,Equity Scheme - Large Cap Fund,24-06-2014,19.66790
118632,Nippon India Large Cap Fund - Direct Plan Growth Plan - Growth Option,Nippon India Mutual Fund,Open Ended Schemes,Equity Scheme - Large Cap Fund,23-06-2014,19.48280
118632,Nippon India Large Cap Fund - Direct Plan Growth Plan - Growth Option,Nippon India Mutual Fund,Open Ended Schemes,Equity Scheme - Large Cap Fund,20-06-2014,19.40170
118632,Nippon India Large Cap Fund - Direct Plan Growth Plan - Growth Option,Nippon India Mutual Fund,Open Ended Schemes,Equity Scheme - Large Cap Fund,19-06-2014,19.50070
118632,Nippon India Large Cap Fund - Direct Plan Growth Plan - Growth Option,Nippon India Mutual Fund,Open Ended Schemes,Equity Scheme - Large Cap Fund,18-06-2014,19.64280
118632,Nippon India Large Cap Fund - Direct Plan Growth Plan - Growth Option,Nippon India Mutual Fund,Open Ended Schemes,Equity Scheme - Large Cap Fund,17-06-2014,19.77230
118632,Nippon India Large Cap Fund - Direct Plan Growth Plan - Growth Option,Nippon India Mutual Fund,Open Ended Schemes,Equity Scheme - Large Cap Fund,16-06-2014,19.50860
118632,Nippon India Large Cap Fund - Direct Plan Growth Plan - Growth Option,Nippon India Mutual Fund,Open Ended Schemes,Equity Scheme - Large Cap Fund,13-06-2014,19.56010
118632,Nippon India Large Cap Fund - Direct Plan Growth Plan - Growth Option,Nippon India Mutual Fund,Open Ended Schemes,Equity Scheme - Large Cap Fund,12-06-2014,19.80350
118632,Nippon India Large Cap Fund - Direct Plan Growth Plan - Growth Option,Nippon India Mutual Fund,Open Ended Schemes,Equity Scheme - Large Cap Fund,11-06-2014,19.75830
118632,Nippon India Large Cap Fund - Direct Plan Growth Plan - Growth Option,Nippon India Mutual Fund,Open Ended Schemes,Equity Scheme - Large Cap Fund,10-06-2014,19.78910
118632,Nippon India Large Cap Fund - Direct Plan Growth Plan - Growth Option,Nippon India Mutual Fund,Open Ended Schemes,Equity Scheme - Large Cap Fund,09-06-2014,19.76500
118632,Nippon India Large Cap Fund - Direct Plan Growth Plan - Growth Option,Nippon India Mutual Fund,Open Ended Schemes,Equity Scheme - Large Cap Fund,06-06-2014,19.54330
118632,Nippon India Large Cap Fund - Direct Plan Growth Plan - Growth Option,Nippon India Mutual Fund,Open Ended Schemes,Equity Scheme - Large Cap Fund,05-06-2014,19.34890
118632,Nippon India Large Cap Fund - Direct Plan Growth Plan - Growth Option,Nippon India Mutual Fund,Open Ended Schemes,Equity Scheme - Large Cap Fund,04-06-2014,19.06850
118632,Nippon India Large Cap Fund - Direct Plan Growth Plan - Growth Option,Nippon India Mutual Fund,Open Ended Schemes,Equity Scheme - Large Cap Fund,03-06-2014,18.99560
118632,Nippon India Large Cap Fund - Direct Plan Growth Plan - Growth Option,Nippon India Mutual Fund,Open Ended Schemes,Equity Scheme - Large Cap Fund,02-06-2014,18.88570
118632,Nippon India Large Cap Fund - Direct Plan Growth Plan - Growth Option,Nippon India Mutual Fund,Open Ended Schemes,Equity Scheme - Large Cap Fund,30-05-2014,18.46980
118632,Nippon India Large Cap Fund - Direct Plan Growth Plan - Growth Option,Nippon India Mutual Fund,Open Ended Schemes,Equity Scheme - Large Cap Fund,29-05-2014,18.59280
118632,Nippon India Large Cap Fund - Direct Plan Growth Plan - Growth Option,Nippon India Mutual Fund,Open Ended Schemes,Equity Scheme - Large Cap Fund,28-05-2014,18.77590
118632,Nippon India Large Cap Fund - Direct Plan Growth Plan - Growth Option,Nippon India Mutual Fund,Open Ended Schemes,Equity Scheme - Large Cap Fund,27-05-2014,18.66060
118632,Nippon India Large Cap Fund - Direct Plan Growth Plan - Growth Option,Nippon India Mutual Fund,Open Ended Schemes,Equity Scheme - Large Cap Fund,26-05-2014,18.72170
118632,Nippon India Large Cap Fund - Direct Plan Growth Plan - Growth Option,Nippon India Mutual Fund,Open Ended Schemes,Equity Scheme - Large Cap Fund,23-05-2014,18.79530
118632,Nippon India Large Cap Fund - Direct Plan Growth Plan - Growth Option,Nippon India Mutual Fund,Open Ended Schemes,Equity Scheme - Large Cap Fund,22-05-2014,18.45620
118632,Nippon India Large Cap Fund - Direct Plan Growth Plan - Growth Option,Nippon India Mutual Fund,Open Ended Schemes,Equity Scheme - Large Cap Fund,21-05-2014,18.28400
118632,Nippon India Large Cap Fund - Direct Plan Growth Plan - Growth Option,Nippon India Mutual Fund,Open Ended Schemes,Equity Scheme - Large Cap Fund,20-05-2014,18.20960
118632,Nippon India Large Cap Fund - Direct Plan Growth Plan - Growth Option,Nippon India Mutual Fund,Open Ended Schemes,Equity Scheme - Large Cap Fund,19-05-2014,18.07490
118632,Nippon India Large Cap Fund - Direct Plan Growth Plan - Growth Option,Nippon India Mutual Fund,Open Ended Schemes,Equity Scheme - Large Cap Fund,16-05-2014,17.70030
118632,Nippon India Large Cap Fund - Direct Plan Growth Plan - Growth Option,Nippon India Mutual Fund,Open Ended Schemes,Equity Scheme - Large Cap Fund,15-05-2014,17.29710
118632,Nippon India Large Cap Fund - Direct Plan Growth Plan - Growth Option,Nippon India Mutual Fund,Open Ended Schemes,Equity Scheme - Large Cap Fund,14-05-2014,17.38580
118632,Nippon India Large Cap Fund - Direct Plan Growth Plan - Growth Option,Nippon India Mutual Fund,Open Ended Schemes,Equity Scheme - Large Cap Fund,13-05-2014,17.36910
118632,Nippon India Large Cap Fund - Direct Plan Growth Plan - Growth Option,Nippon India Mutual Fund,Open Ended Schemes,Equity Scheme - Large Cap Fund,12-05-2014,17.08110
118632,Nippon India Large Cap Fund - Direct Plan Growth Plan - Growth Option,Nippon India Mutual Fund,Open Ended Schemes,Equity Scheme - Large Cap Fund,09-05-2014,16.77040
118632,Nippon India Large Cap Fund - Direct Plan Growth Plan - Growth Option,Nippon India Mutual Fund,Open Ended Schemes,Equity Scheme - Large Cap Fund,08-05-2014,16.34630
118632,Nippon India Large Cap Fund - Direct Plan Growth Plan - Growth Option,Nippon India Mutual Fund,Open Ended Schemes,Equity Scheme - Large Cap Fund,07-05-2014,16.30840
118632,Nippon India Large Cap Fund - Direct Plan Growth Plan - Growth Option,Nippon India Mutual Fund,Open Ended Schemes,Equity Scheme - Large Cap Fund,06-05-2014,16.43140
118632,Nippon India Large Cap Fund - Direct Plan Growth Plan - Growth Option,Nippon India Mutual Fund,Open Ended Schemes,Equity Scheme - Large Cap Fund,05-05-2014,16.40940
118632,Nippon India Large Cap Fund - Direct Plan Growth Plan - Growth Option,Nippon India Mutual Fund,Open Ended Schemes,Equity Scheme - Large Cap Fund,02-05-2014,16.40550
118632,Nippon India Large Cap Fund - Direct Plan Growth Plan - Growth Option,Nippon India Mutual Fund,Open Ended Schemes,Equity Scheme - Large Cap Fund,30-04-2014,16.44930
118632,Nippon India Large Cap Fund - Direct Plan Growth Plan - Growth Option,Nippon India Mutual Fund,Open Ended Schemes,Equity Scheme - Large Cap Fund,29-04-2014,16.49490
118632,Nippon India Large Cap Fund - Direct Plan Growth Plan - Growth Option,Nippon India Mutual Fund,Open Ended Schemes,Equity Scheme - Large Cap Fund,28-04-2014,16.64300
118632,Nippon India Large Cap Fund - Direct Plan Growth Plan - Growth Option,Nippon India Mutual Fund,Open Ended Schemes,Equity Scheme - Large Cap Fund,25-04-2014,16.66030
118632,Nippon India Large Cap Fund - Direct Plan Growth Plan - Growth Option,Nippon India Mutual Fund,Open Ended Schemes,Equity Scheme - Large Cap Fund,23-04-2014,16.75500
118632,Nippon India Large Cap Fund - Direct Plan Growth Plan - Growth Option,Nippon India Mutual Fund,Open Ended Schemes,Equity Scheme - Large Cap Fund,22-04-2014,16.69010
118632,Nippon India Large Cap Fund - Direct Plan Growth Plan - Growth Option,Nippon India Mutual Fund,Open Ended Schemes,Equity Scheme - Large Cap Fund,21-04-2014,16.65460
118632,Nippon India Large Cap Fund - Direct Plan Growth Plan - Growth Option,Nippon India Mutual Fund,Open Ended Schemes,Equity Scheme - Large Cap Fund,17-04-2014,16.50790
118632,Nippon India Large Cap Fund - Direct Plan Growth Plan - Growth Option,Nippon India Mutual Fund,Open Ended Schemes,Equity Scheme - Large Cap Fund,16-04-2014,16.28240
118632,Nippon India Large Cap Fund - Direct Plan Growth Plan - Growth Option,Nippon India Mutual Fund,Open Ended Schemes,Equity Scheme - Large Cap Fund,15-04-2014,16.47930
118632,Nippon India Large Cap Fund - Direct Plan Growth Plan - Growth Option,Nippon India Mutual Fund,Open Ended Schemes,Equity Scheme - Large Cap Fund,11-04-2014,16.56780
118632,Nippon India Large Cap Fund - Direct Plan Growth Plan - Growth Option,Nippon India Mutual Fund,Open Ended Schemes,Equity Scheme - Large Cap Fund,10-04-2014,16.67910
118632,Nippon India Large Cap Fund - Direct Plan Growth Plan - Growth Option,Nippon India Mutual Fund,Open Ended Schemes,Equity Scheme - Large Cap Fund,09-04-2014,16.63600
118632,Nippon India Large Cap Fund - Direct Plan Growth Plan - Growth Option,Nippon India Mutual Fund,Open Ended Schemes,Equity Scheme - Large Cap Fund,07-04-2014,16.41940
118632,Nippon India Large Cap Fund - Direct Plan Growth Plan - Growth Option,Nippon India Mutual Fund,Open Ended Schemes,Equity Scheme - Large Cap Fund,04-04-2014,16.42550
118632,Nippon India Large Cap Fund - Direct Plan Growth Plan - Growth Option,Nippon India Mutual Fund,Open Ended Schemes,Equity Scheme - Large Cap Fund,03-04-2014,16.50410
118632,Nippon India Large Cap Fund - Direct Plan Growth Plan - Growth Option,Nippon India Mutual Fund,Open Ended Schemes,Equity Scheme - Large Cap Fund,02-04-2014,16.57620
118632,Nippon India Large Cap Fund - Direct Plan Growth Plan - Growth Option,Nippon India Mutual Fund,Open Ended Schemes,Equity Scheme - Large Cap Fund,01-04-2014,16.39980
118632,Nippon India Large Cap Fund - Direct Plan Growth Plan - Growth Option,Nippon India Mutual Fund,Open Ended Schemes,Equity Scheme - Large Cap Fund,31-03-2014,16.43370
118632,Nippon India Large Cap Fund - Direct Plan Growth Plan - Growth Option,Nippon India Mutual Fund,Open Ended Schemes,Equity Scheme - Large Cap Fund,28-03-2014,16.29500
118632,Nippon India Large Cap Fund - Direct Plan Growth Plan - Growth Option,Nippon India Mutual Fund,Open Ended Schemes,Equity Scheme - Large Cap Fund,27-03-2014,16.10470
118632,Nippon India Large Cap Fund - Direct Plan Growth Plan - Growth Option,Nippon India Mutual Fund,Open Ended Schemes,Equity Scheme - Large Cap Fund,26-03-2014,16.02090
118632,Nippon India Large Cap Fund - Direct Plan Growth Plan - Growth Option,Nippon India Mutual Fund,Open Ended Schemes,Equity Scheme - Large Cap Fund,25-03-2014,16.01310
118632,Nippon India Large Cap Fund - Direct Plan Growth Plan - Growth Option,Nippon India Mutual Fund,Open Ended Schemes,Equity Scheme - Large Cap Fund,24-03-2014,15.96370
118632,Nippon India Large Cap Fund - Direct Plan Growth Plan - Growth Option,Nippon India Mutual Fund,Open Ended Schemes,Equity Scheme - Large Cap Fund,21-03-2014,15.80770
118632,Nippon India Large Cap Fund - Direct Plan Growth Plan - Growth Option,Nippon India Mutual Fund,Open Ended Schemes,Equity Scheme - Large Cap Fund,20-03-2014,15.76310
118632,Nippon India Large Cap Fund - Direct Plan Growth Plan - Growth Option,Nippon India Mutual Fund,Open Ended Schemes,Equity Scheme - Large Cap Fund,19-03-2014,15.88490
118632,Nippon India Large Cap Fund - Direct Plan Growth Plan - Growth Option,Nippon India Mutual Fund,Open Ended Schemes,Equity Scheme - Large Cap Fund,18-03-2014,15.85600
118632,Nippon India Large Cap Fund - Direct Plan Growth Plan - Growth Option,Nippon India Mutual Fund,Open Ended Schemes,Equity Scheme - Large Cap Fund,14-03-2014,15.73050
118632,Nippon India Large Cap Fund - Direct Plan Growth Plan - Growth Option,Nippon India Mutual Fund,Open Ended Schemes,Equity Scheme - Large Cap Fund,13-03-2014,15.74140
118632,Nippon India Large Cap Fund - Direct Plan Growth Plan - Growth Option,Nippon India Mutual Fund,Open Ended Schemes,Equity Scheme - Large Cap Fund,12-03-2014,15.77500
118632,Nippon India Large Cap Fund - Direct Plan Growth Plan - Growth Option,Nippon India Mutual Fund,Open Ended Schemes,Equity Scheme - Large Cap Fund,11-03-2014,15.77970
118632,Nippon India Large Cap Fund - Direct Plan Growth Plan - Growth Option,Nippon India Mutual Fund,Open Ended Schemes,Equity Scheme - Large Cap Fund,10-03-2014,15.83360
118632,Nippon India Large Cap Fund - Direct Plan Growth Plan - Growth Option,Nippon India Mutual Fund,Open Ended Schemes,Equity Scheme - Large Cap Fund,07-03-2014,15.78930
118632,Nippon India Large Cap Fund - Direct Plan Growth Plan - Growth Option,Nippon India Mutual Fund,Open Ended Schemes,Equity Scheme - Large Cap Fund,06-03-2014,15.62400
118632,Nippon India Large Cap Fund - Direct Plan Growth Plan - Growth Option,Nippon India Mutual Fund,Open Ended Schemes,Equity Scheme - Large Cap Fund,05-03-2014,15.44930
118632,Nippon India Large Cap Fund - Direct Plan Growth Plan - Growth Option,Nippon India Mutual Fund,Open Ended Schemes,Equity Scheme - Large Cap Fund,04-03-2014,15.32150
118632,Nippon India Large Cap Fund - Direct Plan Growth Plan - Growth Option,Nippon India Mutual Fund,Open Ended Schemes,Equity Scheme - Large Cap Fund,03-03-2014,15.10800
118632,Nippon India Large Cap Fund - Direct Plan Growth Plan - Growth Option,Nippon India Mutual Fund,Open Ended Schemes,Equity Scheme - Large Cap Fund,28-02-2014,15.23670
118632,Nippon India Large Cap Fund - Direct Plan Growth Plan - Growth Option,Nippon India Mutual Fund,Open Ended Schemes,Equity Scheme - Large Cap Fund,26-02-2014,15.14230
118632,Nippon India Large Cap Fund - Direct Plan Growth Plan - Growth Option,Nippon India Mutual Fund,Open Ended Schemes,Equity Scheme - Large Cap Fund,25-02-2014,15.05780
118632,Nippon India Large Cap Fund - Direct Plan Growth Plan - Growth Option,Nippon India Mutual Fund,Open Ended Schemes,Equity Scheme - Large Cap Fund,24-02-2014,15.01740
118632,Nippon India Large Cap Fund - Direct Plan Growth Plan - Growth Option,Nippon India Mutual Fund,Open Ended Schemes,Equity Scheme - Large Cap Fund,21-02-2014,14.92250
118632,Nippon India Large Cap Fund - Direct Plan Growth Plan - Growth Option,Nippon India Mutual Fund,Open Ended Schemes,Equity Scheme - Large Cap Fund,20-02-2014,14.76350
118632,Nippon India Large Cap Fund - Direct Plan Growth Plan - Growth Option,Nippon India Mutual Fund,Open Ended Schemes,Equity Scheme - Large Cap Fund,19-02-2014,14.81920
118632,Nippon India Large Cap Fund - Direct Plan Growth Plan - Growth Option,Nippon India Mutual Fund,Open Ended Schemes,Equity Scheme - Large Cap Fund,18-02-2014,14.70530
118632,Nippon India Large Cap Fund - Direct Plan Growth Plan - Growth Option,Nippon India Mutual Fund,Open Ended Schemes,Equity Scheme - Large Cap Fund,17-02-2014,14.56670
118632,Nippon India Large Cap Fund - Direct Plan Growth Plan - Growth Option,Nippon India Mutual Fund,Open Ended Schemes,Equity Scheme - Large Cap Fund,14-02-2014,14.53210
118632,Nippon India Large Cap Fund - Direct Plan Growth Plan - Growth Option,Nippon India Mutual Fund,Open Ended Schemes,Equity Scheme - Large Cap Fund,13-02-2014,14.45820
118632,Nippon India Large Cap Fund - Direct Plan Growth Plan - Growth Option,Nippon India Mutual Fund,Open Ended Schemes,Equity Scheme - Large Cap Fund,12-02-2014,14.64090
118632,Nippon India Large Cap Fund - Direct Plan Growth Plan - Growth Option,Nippon India Mutual Fund,Open Ended Schemes,Equity Scheme - Large Cap Fund,11-02-2014,14.56980
118632,Nippon India Large Cap Fund - Direct Plan Growth Plan - Growth Option,Nippon India Mutual Fund,Open Ended Schemes,Equity Scheme - Large Cap Fund,10-02-2014,14.48750
118632,Nippon India Large Cap Fund - Direct Plan Growth Plan - Growth Option,Nippon India Mutual Fund,Open Ended Schemes,Equity Scheme - Large Cap Fund,07-02-2014,14.52660
118632,Nippon India Large Cap Fund - Direct Plan Growth Plan - Growth Option,Nippon India Mutual Fund,Open Ended Schemes,Equity Scheme - Large Cap Fund,06-02-2014,14.49060
118632,Nippon India Large Cap Fund - Direct Plan Growth Plan - Growth Option,Nippon India Mutual Fund,Open Ended Schemes,Equity Scheme - Large Cap Fund,05-02-2014,14.48610
118632,Nippon India Large Cap Fund - Direct Plan Growth Plan - Growth Option,Nippon India Mutual Fund,Open Ended Schemes,Equity Scheme - Large Cap Fund,04-02-2014,14.46500
118632,Nippon India Large Cap Fund - Direct Plan Growth Plan - Growth Option,Nippon India Mutual Fund,Open Ended Schemes,Equity Scheme - Large Cap Fund,03-02-2014,14.45070
118632,Nippon India Large Cap Fund - Direct Plan Growth Plan - Growth Option,Nippon India Mutual Fund,Open Ended Schemes,Equity Scheme - Large Cap Fund,31-01-2014,14.63180
118632,Nippon India Large Cap Fund - Direct Plan Growth Plan - Growth Option,Nippon India Mutual Fund,Open Ended Schemes,Equity Scheme - Large Cap Fund,30-01-2014,14.45730
118632,Nippon India Large Cap Fund - Direct Plan Growth Plan - Growth Option,Nippon India Mutual Fund,Open Ended Schemes,Equity Scheme - Large Cap Fund,29-01-2014,14.59580
118632,Nippon India Large Cap Fund - Direct Plan Growth Plan - Growth Option,Nippon India Mutual Fund,Open Ended Schemes,Equity Scheme - Large Cap Fund,28-01-2014,14.53100
118632,Nippon India Large Cap Fund - Direct Plan Growth Plan - Growth Option,Nippon India Mutual Fund,Open Ended Schemes,Equity Scheme - Large Cap Fund,27-01-2014,14.61530
118632,Nippon India Large Cap Fund - Direct Plan Growth Plan - Growth Option,Nippon India Mutual Fund,Open Ended Schemes,Equity Scheme - Large Cap Fund,24-01-2014,14.93070
118632,Nippon India Large Cap Fund - Direct Plan Growth Plan - Growth Option,Nippon India Mutual Fund,Open Ended Schemes,Equity Scheme - Large Cap Fund,23-01-2014,15.09940
118632,Nippon India Large Cap Fund - Direct Plan Growth Plan - Growth Option,Nippon India Mutual Fund,Open Ended Schemes,Equity Scheme - Large Cap Fund,22-01-2014,15.11100
118632,Nippon India Large Cap Fund - Direct Plan Growth Plan - Growth Option,Nippon India Mutual Fund,Open Ended Schemes,Equity Scheme - Large Cap Fund,21-01-2014,15.02910
118632,Nippon India Large Cap Fund - Direct Plan Growth Plan - Growth Option,Nippon India Mutual Fund,Open Ended Schemes,Equity Scheme - Large Cap Fund,20-01-2014,15.00260
118632,Nippon India Large Cap Fund - Direct Plan Growth Plan - Growth Option,Nippon India Mutual Fund,Open Ended Schemes,Equity Scheme - Large Cap Fund,17-01-2014,14.86130
118632,Nippon India Large Cap Fund - Direct Plan Growth Plan - Growth Option,Nippon India Mutual Fund,Open Ended Schemes,Equity Scheme - Large Cap Fund,16-01-2014,15.03550
118632,Nippon India Large Cap Fund - Direct Plan Growth Plan - Growth Option,Nippon India Mutual Fund,Open Ended Schemes,Equity Scheme - Large Cap Fund,15-01-2014,15.02190
118632,Nippon India Large Cap Fund - Direct Plan Growth Plan - Growth Option,Nippon India Mutual Fund,Open Ended Schemes,Equity Scheme - Large Cap Fund,14-01-2014,14.89230
118632,Nippon India Large Cap Fund - Direct Plan Growth Plan - Growth Option,Nippon India Mutual Fund,Open Ended Schemes,Equity Scheme - Large Cap Fund,13-01-2014,14.96950
118632,Nippon India Large Cap Fund - Direct Plan Growth Plan - Growth Option,Nippon India Mutual Fund,Open Ended Schemes,Equity Scheme - Large Cap Fund,10-01-2014,14.76760
118632,Nippon India Large Cap Fund - Direct Plan Growth Plan - Growth Option,Nippon India Mutual Fund,Open Ended Schemes,Equity Scheme - Large Cap Fund,09-01-2014,14.79280
118632,Nippon India Large Cap Fund - Direct Plan Growth Plan - Growth Option,Nippon India Mutual Fund,Open Ended Schemes,Equity Scheme - Large Cap Fund,08-01-2014,14.83570
118632,Nippon India Large Cap Fund - Direct Plan Growth Plan - Growth Option,Nippon India Mutual Fund,Open Ended Schemes,Equity Scheme - Large Cap Fund,07-01-2014,14.85600
118632,Nippon India Large Cap Fund - Direct Plan Growth Plan - Growth Option,Nippon India Mutual Fund,Open Ended Schemes,Equity Scheme - Large Cap Fund,06-01-2014,14.92350
118632,Nippon India Large Cap Fund - Direct Plan Growth Plan - Growth Option,Nippon India Mutual Fund,Open Ended Schemes,Equity Scheme - Large Cap Fund,03-01-2014,14.95410
118632,Nippon India Large Cap Fund - Direct Plan Growth Plan - Growth Option,Nippon India Mutual Fund,Open Ended Schemes,Equity Scheme - Large Cap Fund,02-01-2014,14.92580
118632,Nippon India Large Cap Fund - Direct Plan Growth Plan - Growth Option,Nippon India Mutual Fund,Open Ended Schemes,Equity Scheme - Large Cap Fund,01-01-2014,15.16410
118632,Nippon India Large Cap Fund - Direct Plan Growth Plan - Growth Option,Nippon India Mutual Fund,Open Ended Schemes,Equity Scheme - Large Cap Fund,31-12-2013,15.16340
118632,Nippon India Large Cap Fund - Direct Plan Growth Plan - Growth Option,Nippon India Mutual Fund,Open Ended Schemes,Equity Scheme - Large Cap Fund,30-12-2013,15.05800
118632,Nippon India Large Cap Fund - Direct Plan Growth Plan - Growth Option,Nippon India Mutual Fund,Open Ended Schemes,Equity Scheme - Large Cap Fund,27-12-2013,15.13380
118632,Nippon India Large Cap Fund - Direct Plan Growth Plan - Growth Option,Nippon India Mutual Fund,Open Ended Schemes,Equity Scheme - Large Cap Fund,26-12-2013,15.05690
118632,Nippon India Large Cap Fund - Direct Plan Growth Plan - Growth Option,Nippon India Mutual Fund,Open Ended Schemes,Equity Scheme - Large Cap Fund,24-12-2013,15.05190
118632,Nippon India Large Cap Fund - Direct Plan Growth Plan - Growth Option,Nippon India Mutual Fund,Open Ended Schemes,Equity Scheme - Large Cap Fund,23-12-2013,15.02360
118632,Nippon India Large Cap Fund - Direct Plan Growth Plan - Growth Option,Nippon India Mutual Fund,Open Ended Schemes,Equity Scheme - Large Cap Fund,20-12-2013,14.98080
118632,Nippon India Large Cap Fund - Direct Plan Growth Plan - Growth Option,Nippon India Mutual Fund,Open Ended Schemes,Equity Scheme - Large Cap Fund,19-12-2013,14.75250
118632,Nippon India Large Cap Fund - Direct Plan Growth Plan - Growth Option,Nippon India Mutual Fund,Open Ended Schemes,Equity Scheme - Large Cap Fund,18-12-2013,14.79420
118632,Nippon India Large Cap Fund - Direct Plan Growth Plan - Growth Option,Nippon India Mutual Fund,Open Ended Schemes,Equity Scheme - Large Cap Fund,17-12-2013,14.58780
118632,Nippon India Large Cap Fund - Direct Plan Growth Plan - Growth Option,Nippon India Mutual Fund,Open Ended Schemes,Equity Scheme - Large Cap Fund,16-12-2013,14.53140
118632,Nippon India Large Cap Fund - Direct Plan Growth Plan - Growth Option,Nippon India Mutual Fund,Open Ended Schemes,Equity Scheme - Large Cap Fund,13-12-2013,14.42930
118632,Nippon India Large Cap Fund - Direct Plan Growth Plan - Growth Option,Nippon India Mutual Fund,Open Ended Schemes,Equity Scheme - Large Cap Fund,12-12-2013,14.61140
118632,Nippon India Large Cap Fund - Direct Plan Growth Plan - Growth Option,Nippon India Mutual Fund,Open Ended Schemes,Equity Scheme - Large Cap Fund,11-12-2013,14.72000
118632,Nippon India Large Cap Fund - Direct Plan Growth Plan - Growth Option,Nippon India Mutual Fund,Open Ended Schemes,Equity Scheme - Large Cap Fund,10-12-2013,14.77660
118632,Nippon India Large Cap Fund - Direct Plan Growth Plan - Growth Option,Nippon India Mutual Fund,Open Ended Schemes,Equity Scheme - Large Cap Fund,09-12-2013,14.82920
118632,Nippon India Large Cap Fund - Direct Plan Growth Plan - Growth Option,Nippon India Mutual Fund,Open Ended Schemes,Equity Scheme - Large Cap Fund,06-12-2013,14.60490
118632,Nippon India Large Cap Fund - Direct Plan Growth Plan - Growth Option,Nippon India Mutual Fund,Open Ended Schemes,Equity Scheme - Large Cap Fund,05-12-2013,14.56510
118632,Nippon India Large Cap Fund - Direct Plan Growth Plan - Growth Option,Nippon India Mutual Fund,Open Ended Schemes,Equity Scheme - Large Cap Fund,04-12-2013,14.40800
118632,Nippon India Large Cap Fund - Direct Plan Growth Plan - Growth Option,Nippon India Mutual Fund,Open Ended Schemes,Equity Scheme - Large Cap Fund,03-12-2013,14.46900
118632,Nippon India Large Cap Fund - Direct Plan Growth Plan - Growth Option,Nippon India Mutual Fund,Open Ended Schemes,Equity Scheme - Large Cap Fund,02-12-2013,14.44150
118632,Nippon India Large Cap Fund - Direct Plan Growth Plan - Growth Option,Nippon India Mutual Fund,Open Ended Schemes,Equity Scheme - Large Cap Fund,29-11-2013,14.32770
118632,Nippon India Large Cap Fund - Direct Plan Growth Plan - Growth Option,Nippon India Mutual Fund,Open Ended Schemes,Equity Scheme - Large Cap Fund,28-11-2013,14.14610
118632,Nippon India Large Cap Fund - Direct Plan Growth Plan - Growth Option,Nippon India Mutual Fund,Open Ended Schemes,Equity Scheme - Large Cap Fund,27-11-2013,14.02410
118632,Nippon India Large Cap Fund - Direct Plan Growth Plan - Growth Option,Nippon India Mutual Fund,Open Ended Schemes,Equity Scheme - Large Cap Fund,26-11-2013,14.06360
118632,Nippon India Large Cap Fund - Direct Plan Growth Plan - Growth Option,Nippon India Mutual Fund,Open Ended Schemes,Equity Scheme - Large Cap Fund,25-11-2013,14.19290
118632,Nippon India Large Cap Fund - Direct Plan Growth Plan - Growth Option,Nippon India Mutual Fund,Open Ended Schemes,Equity Scheme - Large Cap Fund,22-11-2013,13.95520
118632,Nippon India Large Cap Fund - Direct Plan Growth Plan - Growth Option,Nippon India Mutual Fund,Open Ended Schemes,Equity Scheme - Large Cap Fund,21-11-2013,13.94150
118632,Nippon India Large Cap Fund - Direct Plan Growth Plan - Growth Option,Nippon India Mutual Fund,Open Ended Schemes,Equity Scheme - Large Cap Fund,20-11-2013,14.18190
118632,Nippon India Large Cap Fund - Direct Plan Growth Plan - Growth Option,Nippon India Mutual Fund,Open Ended Schemes,Equity Scheme - Large Cap Fund,19-11-2013,14.37780
118632,Nippon India Large Cap Fund - Direct Plan Growth Plan - Growth Option,Nippon India Mutual Fund,Open Ended Schemes,Equity Scheme - Large Cap Fund,18-11-2013,14.32280
118632,Nippon India Large Cap Fund - Direct Plan Growth Plan - Growth Option,Nippon India Mutual Fund,Open Ended Schemes,Equity Scheme - Large Cap Fund,14-11-2013,14.11960
118632,Nippon India Large Cap Fund - Direct Plan Growth Plan - Growth Option,Nippon India Mutual Fund,Open Ended Schemes,Equity Scheme - Large Cap Fund,13-11-2013,13.92250
118632,Nippon India Large Cap Fund - Direct Plan Growth Plan - Growth Option,Nippon India Mutual Fund,Open Ended Schemes,Equity Scheme - Large Cap Fund,12-11-2013,14.01910
118632,Nippon India Large Cap Fund - Direct Plan Growth Plan - Growth Option,Nippon India Mutual Fund,Open Ended Schemes,Equity Scheme - Large Cap Fund,11-11-2013,14.09040
118632,Nippon India Large Cap Fund - Direct Plan Growth Plan - Growth Option,Nippon India Mutual Fund,Open Ended Schemes,Equity Scheme - Large Cap Fund,08-11-2013,14.18200
118632,Nippon India Large Cap Fund - Direct Plan Growth Plan - Growth Option,Nippon India Mutual Fund,Open Ended Schemes,Equity Scheme - Large Cap Fund,07-11-2013,14.28000
118632,Nippon India Large Cap Fund - Direct Plan Growth Plan - Growth Option,Nippon India Mutual Fund,Open Ended Schemes,Equity Scheme - Large Cap Fund,06-11-2013,14.40020
118632,Nippon India Large Cap Fund - Direct Plan Growth Plan - Growth Option,Nippon India Mutual Fund,Open Ended Schemes,Equity Scheme - Large Cap Fund,05-11-2013,14.43770
118632,Nippon India Large Cap Fund - Direct Plan Growth Plan - Growth Option,Nippon India Mutual Fund,Open Ended Schemes,Equity Scheme - Large Cap Fund,01-11-2013,14.42730
118632,Nippon India Large Cap Fund - Direct Plan Growth Plan - Growth Option,Nippon India Mutual Fund,Open Ended Schemes,Equity Scheme - Large Cap Fund,31-10-2013,14.34130
118632,Nippon India Large Cap Fund - Direct Plan Growth Plan - Growth Option,Nippon India Mutual Fund,Open Ended Schemes,Equity Scheme - Large Cap Fund,30-10-2013,14.20560
118632,Nippon India Large Cap Fund - Direct Plan Growth Plan - Growth Option,Nippon India Mutual Fund,Open Ended Schemes,Equity Scheme - Large Cap Fund,29-10-2013,14.11900
118632,Nippon India Large Cap Fund - Direct Plan Growth Plan - Growth Option,Nippon India Mutual Fund,Open Ended Schemes,Equity Scheme - Large Cap Fund,28-10-2013,13.86240
118632,Nippon India Large Cap Fund - Direct Plan Growth Plan - Growth Option,Nippon India Mutual Fund,Open Ended Schemes,Equity Scheme - Large Cap Fund,25-10-2013,13.95000
118632,Nippon India Large Cap Fund - Direct Plan Growth Plan - Growth Option,Nippon India Mutual Fund,Open Ended Schemes,Equity Scheme - Large Cap Fund,24-10-2013,14.00330
118632,Nippon India Large Cap Fund - Direct Plan Growth Plan - Growth Option,Nippon India Mutual Fund,Open Ended Schemes,Equity Scheme - Large Cap Fund,23-10-2013,14.05970
118632,Nippon India Large Cap Fund - Direct Plan Growth Plan - Growth Option,Nippon India Mutual Fund,Open Ended Schemes,Equity Scheme - Large Cap Fund,22-10-2013,14.11500
118632,Nippon India Large Cap Fund - Direct Plan Growth Plan - Growth Option,Nippon India Mutual Fund,Open Ended Schemes,Equity Scheme - Large Cap Fund,21-10-2013,14.11880
118632,Nippon India Large Cap Fund - Direct Plan Growth Plan - Growth Option,Nippon India Mutual Fund,Open Ended Schemes,Equity Scheme - Large Cap Fund,18-10-2013,14.05240
118632,Nippon India Large Cap Fund - Direct Plan Growth Plan - Growth Option,Nippon India Mutual Fund,Open Ended Schemes,Equity Scheme - Large Cap Fund,17-10-2013,13.78520
118632,Nippon India Large Cap Fund - Direct Plan Growth Plan - Growth Option,Nippon India Mutual Fund,Open Ended Schemes,Equity Scheme - Large Cap Fund,15-10-2013,13.88540
118632,Nippon India Large Cap Fund - Direct Plan Growth Plan - Growth Option,Nippon India Mutual Fund,Open Ended Schemes,Equity Scheme - Large Cap Fund,14-10-2013,13.93620
118632,Nippon India Large Cap Fund - Direct Plan Growth Plan - Growth Option,Nippon India Mutual Fund,Open Ended Schemes,Equity Scheme - Large Cap Fund,11-10-2013,13.92150
118632,Nippon India Large Cap Fund - Direct Plan Growth Plan - Growth Option,Nippon India Mutual Fund,Open Ended Schemes,Equity Scheme - Large Cap Fund,10-10-2013,13.73880
118632,Nippon India Large Cap Fund - Direct Plan Growth Plan - Growth Option,Nippon India Mutual Fund,Open Ended Schemes,Equity Scheme - Large Cap Fund,09-10-2013,13.71750
118632,Nippon India Large Cap Fund - Direct Plan Growth Plan - Growth Option,Nippon India Mutual Fund,Open Ended Schemes,Equity Scheme - Large Cap Fund,08-10-2013,13.61740
118632,Nippon India Large Cap Fund - Direct Plan Growth Plan - Growth Option,Nippon India Mutual Fund,Open Ended Schemes,Equity Scheme - Large Cap Fund,07-10-2013,13.60970
118632,Nippon India Large Cap Fund - Direct Plan Growth Plan - Growth Option,Nippon India Mutual Fund,Open Ended Schemes,Equity Scheme - Large Cap Fund,04-10-2013,13.55460
118632,Nippon India Large Cap Fund - Direct Plan Growth Plan - Growth Option,Nippon India Mutual Fund,Open Ended Schemes,Equity Scheme - Large Cap Fund,03-10-2013,13.56080
118632,Nippon India Large Cap Fund - Direct Plan Growth Plan - Growth Option,Nippon India Mutual Fund,Open Ended Schemes,Equity Scheme - Large Cap Fund,01-10-2013,13.27150
118632,Nippon India Large Cap Fund - Direct Plan Growth Plan - Growth Option,Nippon India Mutual Fund,Open Ended Schemes,Equity Scheme - Large Cap Fund,30-09-2013,13.12860
118632,Nippon India Large Cap Fund - Direct Plan Growth Plan - Growth Option,Nippon India Mutual Fund,Open Ended Schemes,Equity Scheme - Large Cap Fund,27-09-2013,13.29450
118632,Nippon India Large Cap Fund - Direct Plan Growth Plan - Growth Option,Nippon India Mutual Fund,Open Ended Schemes,Equity Scheme - Large Cap Fund,26-09-2013,13.34340
118632,Nippon India Large Cap Fund - Direct Plan Growth Plan - Growth Option,Nippon India Mutual Fund,Open Ended Schemes,Equity Scheme - Large Cap Fund,25-09-2013,13.35500
118632,Nippon India Large Cap Fund - Direct Plan Growth Plan - Growth Option,Nippon India Mutual Fund,Open Ended Schemes,Equity Scheme - Large Cap Fund,24-09-2013,13.36380
118632,Nippon India Large Cap Fund - Direct Plan Growth Plan - Growth Option,Nippon India Mutual Fund,Open Ended Schemes,Equity Scheme - Large Cap Fund,23-09-2013,13.40800
118632,Nippon India Large Cap Fund - Direct Plan Growth Plan - Growth Option,Nippon India Mutual Fund,Open Ended Schemes,Equity Scheme - Large Cap Fund,20-09-2013,13.63660
118632,Nippon India Large Cap Fund - Direct Plan Growth Plan - Growth Option,Nippon India Mutual Fund,Open Ended Schemes,Equity Scheme - Large Cap Fund,19-09-2013,13.81900
118632,Nippon India Large Cap Fund - Direct Plan Growth Plan - Growth Option,Nippon India Mutual Fund,Open Ended Schemes,Equity Scheme - Large Cap Fund,18-09-2013,13.44280
118632,Nippon India Large Cap Fund - Direct Plan Growth Plan - Growth Option,Nippon India Mutual Fund,Open Ended Schemes,Equity Scheme - Large Cap Fund,17-09-2013,13.34980
118632,Nippon India Large Cap Fund - Direct Plan Growth Plan - Growth Option,Nippon India Mutual Fund,Open Ended Schemes,Equity Scheme - Large Cap Fund,16-09-2013,13.28760
118632,Nippon India Large Cap Fund - Direct Plan Growth Plan - Growth Option,Nippon India Mutual Fund,Open Ended Schemes,Equity Scheme - Large Cap Fund,13-09-2013,13.36530
118632,Nippon India Large Cap Fund - Direct Plan Growth Plan - Growth Option,Nippon India Mutual Fund,Open Ended Schemes,Equity Scheme - Large Cap Fund,12-09-2013,13.34580
118632,Nippon India Large Cap Fund - Direct Plan Growth Plan - Growth Option,Nippon India Mutual Fund,Open Ended Schemes,Equity Scheme - Large Cap Fund,11-09-2013,13.45420
118632,Nippon India Large Cap Fund - Direct Plan Growth Plan - Growth Option,Nippon India Mutual Fund,Open Ended Schemes,Equity Scheme - Large Cap Fund,10-09-2013,13.34710
118632,Nippon India Large Cap Fund - Direct Plan Growth Plan - Growth Option,Nippon India Mutual Fund,Open Ended Schemes,Equity Scheme - Large Cap Fund,06-09-2013,12.98020
118632,Nippon India Large Cap Fund - Direct Plan Growth Plan - Growth Option,Nippon India Mutual Fund,Open Ended Schemes,Equity Scheme - Large Cap Fund,05-09-2013,12.81330
118632,Nippon India Large Cap Fund - Direct Plan Growth Plan - Growth Option,Nippon India Mutual Fund,Open Ended Schemes,Equity Scheme - Large Cap Fund,04-09-2013,12.56400
118632,Nippon India Large Cap Fund - Direct Plan Growth Plan - Growth Option,Nippon India Mutual Fund,Open Ended Schemes,Equity Scheme - Large Cap Fund,03-09-2013,12.36690
118632,Nippon India Large Cap Fund - Direct Plan Growth Plan - Growth Option,Nippon India Mutual Fund,Open Ended Schemes,Equity Scheme - Large Cap Fund,02-09-2013,12.79400
118632,Nippon India Large Cap Fund - Direct Plan Growth Plan - Growth Option,Nippon India Mutual Fund,Open Ended Schemes,Equity Scheme - Large Cap Fund,30-08-2013,12.62140
118632,Nippon India Large Cap Fund - Direct Plan Growth Plan - Growth Option,Nippon India Mutual Fund,Open Ended Schemes,Equity Scheme - Large Cap Fund,29-08-2013,12.48480
118632,Nippon India Large Cap Fund - Direct Plan Growth Plan - Growth Option,Nippon India Mutual Fund,Open Ended Schemes,Equity Scheme - Large Cap Fund,28-08-2013,12.24430
118632,Nippon India Large Cap Fund - Direct Plan Growth Plan - Growth Option,Nippon India Mutual Fund,Open Ended Schemes,Equity Scheme - Large Cap Fund,27-08-2013,12.29790
118632,Nippon India Large Cap Fund - Direct Plan Growth Plan - Growth Option,Nippon India Mutual Fund,Open Ended Schemes,Equity Scheme - Large Cap Fund,26-08-2013,12.68060
118632,Nippon India Large Cap Fund - Direct Plan Growth Plan - Growth Option,Nippon India Mutual Fund,Open Ended Schemes,Equity Scheme - Large Cap Fund,23-08-2013,12.57590
118632,Nippon India Large Cap Fund - Direct Plan Growth Plan - Growth Option,Nippon India Mutual Fund,Open Ended Schemes,Equity Scheme - Large Cap Fund,22-08-2013,12.42400
118632,Nippon India Large Cap Fund - Direct Plan Growth Plan - Growth Option,Nippon India Mutual Fund,Open Ended Schemes,Equity Scheme - Large Cap Fund,21-08-2013,12.21910
118632,Nippon India Large Cap Fund - Direct Plan Growth Plan - Growth Option,Nippon India Mutual Fund,Open Ended Schemes,Equity Scheme - Large Cap Fund,20-08-2013,12.41370
118632,Nippon India Large Cap Fund - Direct Plan Growth Plan - Growth Option,Nippon India Mutual Fund,Open Ended Schemes,Equity Scheme - Large Cap Fund,19-08-2013,12.43660
118632,Nippon India Large Cap Fund - Direct Plan Growth Plan - Growth Option,Nippon India Mutual Fund,Open Ended Schemes,Equity Scheme - Large Cap Fund,16-08-2013,12.63490
118632,Nippon India Large Cap Fund - Direct Plan Growth Plan - Growth Option,Nippon India Mutual Fund,Open Ended Schemes,Equity Scheme - Large Cap Fund,14-08-2013,13.08480
118632,Nippon India Large Cap Fund - Direct Plan Growth Plan - Growth Option,Nippon India Mutual Fund,Open Ended Schemes,Equity Scheme - Large Cap Fund,13-08-2013,13.02390
118632,Nippon India Large Cap Fund - Direct Plan Growth Plan - Growth Option,Nippon India Mutual Fund,Open Ended Schemes,Equity Scheme - Large Cap Fund,12-08-2013,12.85150
118632,Nippon India Large Cap Fund - Direct Plan Growth Plan - Growth Option,Nippon India Mutual Fund,Open Ended Schemes,Equity Scheme - Large Cap Fund,08-08-2013,12.72140
118632,Nippon India Large Cap Fund - Direct Plan Growth Plan - Growth Option,Nippon India Mutual Fund,Open Ended Schemes,Equity Scheme - Large Cap Fund,07-08-2013,12.48160
118632,Nippon India Large Cap Fund - Direct Plan Growth Plan - Growth Option,Nippon India Mutual Fund,Open Ended Schemes,Equity Scheme - Large Cap Fund,06-08-2013,12.35880
118632,Nippon India Large Cap Fund - Direct Plan Growth Plan - Growth Option,Nippon India Mutual Fund,Open Ended Schemes,Equity Scheme - Large Cap Fund,05-08-2013,12.71280
118632,Nippon India Large Cap Fund - Direct Plan Growth Plan - Growth Option,Nippon India Mutual Fund,Open Ended Schemes,Equity Scheme - Large Cap Fund,02-08-2013,12.66170
118632,Nippon India Large Cap Fund - Direct Plan Growth Plan - Growth Option,Nippon India Mutual Fund,Open Ended Schemes,Equity Scheme - Large Cap Fund,01-08-2013,12.76600
118632,Nippon India Large Cap Fund - Direct Plan Growth Plan - Growth Option,Nippon India Mutual Fund,Open Ended Schemes,Equity Scheme - Large Cap Fund,31-07-2013,12.90140
118632,Nippon India Large Cap Fund - Direct Plan Growth Plan - Growth Option,Nippon India Mutual Fund,Open Ended Schemes,Equity Scheme - Large Cap Fund,30-07-2013,12.74710
118632,Nippon India Large Cap Fund - Direct Plan Growth Plan - Growth Option,Nippon India Mutual Fund,Open Ended Schemes,Equity Scheme - Large Cap Fund,29-07-2013,13.00330
118632,Nippon India Large Cap Fund - Direct Plan Growth Plan - Growth Option,Nippon India Mutual Fund,Open Ended Schemes,Equity Scheme - Large Cap Fund,26-07-2013,13.07350
118632,Nippon India Large Cap Fund - Direct Plan Growth Plan - Growth Option,Nippon India Mutual Fund,Open Ended Schemes,Equity Scheme - Large Cap Fund,25-07-2013,13.19140
118632,Nippon India Large Cap Fund - Direct Plan Growth Plan - Growth Option,Nippon India Mutual Fund,Open Ended Schemes,Equity Scheme - Large Cap Fund,24-07-2013,13.26160
118632,Nippon India Large Cap Fund - Direct Plan Growth Plan - Growth Option,Nippon India Mutual Fund,Open Ended Schemes,Equity Scheme - Large Cap Fund,23-07-2013,13.51370
118632,Nippon India Large Cap Fund - Direct Plan Growth Plan - Growth Option,Nippon India Mutual Fund,Open Ended Schemes,Equity Scheme - Large Cap Fund,22-07-2013,13.43230
118632,Nippon India Large Cap Fund - Direct Plan Growth Plan - Growth Option,Nippon India Mutual Fund,Open Ended Schemes,Equity Scheme - Large Cap Fund,19-07-2013,13.49100
118632,Nippon India Large Cap Fund - Direct Plan Growth Plan - Growth Option,Nippon India Mutual Fund,Open Ended Schemes,Equity Scheme - Large Cap Fund,18-07-2013,13.52660
118632,Nippon India Large Cap Fund - Direct Plan Growth Plan - Growth Option,Nippon India Mutual Fund,Open Ended Schemes,Equity Scheme - Large Cap Fund,17-07-2013,13.40570
118632,Nippon India Large Cap Fund - Direct Plan Growth Plan - Growth Option,Nippon India Mutual Fund,Open Ended Schemes,Equity Scheme - Large Cap Fund,16-07-2013,13.48260
118632,Nippon India Large Cap Fund - Direct Plan Growth Plan - Growth Option,Nippon India Mutual Fund,Open Ended Schemes,Equity Scheme - Large Cap Fund,15-07-2013,13.68130
118632,Nippon India Large Cap Fund - Direct Plan Growth Plan - Growth Option,Nippon India Mutual Fund,Open Ended Schemes,Equity Scheme - Large Cap Fund,12-07-2013,13.60280
118632,Nippon India Large Cap Fund - Direct Plan Growth Plan - Growth Option,Nippon India Mutual Fund,Open Ended Schemes,Equity Scheme - Large Cap Fund,11-07-2013,13.44250
118632,Nippon India Large Cap Fund - Direct Plan Growth Plan - Growth Option,Nippon India Mutual Fund,Open Ended Schemes,Equity Scheme - Large Cap Fund,10-07-2013,13.25900
118632,Nippon India Large Cap Fund - Direct Plan Growth Plan - Growth Option,Nippon India Mutual Fund,Open Ended Schemes,Equity Scheme - Large Cap Fund,09-07-2013,13.31680
118632,Nippon India Large Cap Fund - Direct Plan Growth Plan - Growth Option,Nippon India Mutual Fund,Open Ended Schemes,Equity Scheme - Large Cap Fund,08-07-2013,13.23140
118632,Nippon India Large Cap Fund - Direct Plan Growth Plan - Growth Option,Nippon India Mutual Fund,Open Ended Schemes,Equity Scheme - Large Cap Fund,05-07-2013,13.40090
118632,Nippon India Large Cap Fund - Direct Plan Growth Plan - Growth Option,Nippon India Mutual Fund,Open Ended Schemes,Equity Scheme - Large Cap Fund,04-07-2013,13.37440
118632,Nippon India Large Cap Fund - Direct Plan Growth Plan - Growth Option,Nippon India Mutual Fund,Open Ended Schemes,Equity Scheme - Large Cap Fund,03-07-2013,13.28080
118632,Nippon India Large Cap Fund - Direct Plan Growth Plan - Growth Option,Nippon India Mutual Fund,Open Ended Schemes,Equity Scheme - Large Cap Fund,02-07-2013,13.52370
118632,Nippon India Large Cap Fund - Direct Plan Growth Plan - Growth Option,Nippon India Mutual Fund,Open Ended Schemes,Equity Scheme - Large Cap Fund,01-07-2013,13.60860
118632,Nippon India Large Cap Fund - Direct Plan Growth Plan - Growth Option,Nippon India Mutual Fund,Open Ended Schemes,Equity Scheme - Large Cap Fund,28-06-2013,13.44500
118632,Nippon India Large Cap Fund - Direct Plan Growth Plan - Growth Option,Nippon India Mutual Fund,Open Ended Schemes,Equity Scheme - Large Cap Fund,27-06-2013,13.11370
118632,Nippon India Large Cap Fund - Direct Plan Growth Plan - Growth Option,Nippon India Mutual Fund,Open Ended Schemes,Equity Scheme - Large Cap Fund,26-06-2013,12.94780
118632,Nippon India Large Cap Fund - Direct Plan Growth Plan - Growth Option,Nippon India Mutual Fund,Open Ended Schemes,Equity Scheme - Large Cap Fund,25-06-2013,12.98390
118632,Nippon India Large Cap Fund - Direct Plan Growth Plan - Growth Option,Nippon India Mutual Fund,Open Ended Schemes,Equity Scheme - Large Cap Fund,24-06-2013,12.97910
118632,Nippon India Large Cap Fund - Direct Plan Growth Plan - Growth Option,Nippon India Mutual Fund,Open Ended Schemes,Equity Scheme - Large Cap Fund,21-06-2013,13.19330
118632,Nippon India Large Cap Fund - Direct Plan Growth Plan - Growth Option,Nippon India Mutual Fund,Open Ended Schemes,Equity Scheme - Large Cap Fund,20-06-2013,13.14200
118632,Nippon India Large Cap Fund - Direct Plan Growth Plan - Growth Option,Nippon India Mutual Fund,Open Ended Schemes,Equity Scheme - Large Cap Fund,19-06-2013,13.46890
118632,Nippon India Large Cap Fund - Direct Plan Growth Plan - Growth Option,Nippon India Mutual Fund,Open Ended Schemes,Equity Scheme - Large Cap Fund,18-06-2013,13.43420
118632,Nippon India Large Cap Fund - Direct Plan Growth Plan - Growth Option,Nippon India Mutual Fund,Open Ended Schemes,Equity Scheme - Large Cap Fund,17-06-2013,13.50240
118632,Nippon India Large Cap Fund - Direct Plan Growth Plan - Growth Option,Nippon India Mutual Fund,Open Ended Schemes,Equity Scheme - Large Cap Fund,14-06-2013,13.45260
118632,Nippon India Large Cap Fund - Direct Plan Growth Plan - Growth Option,Nippon India Mutual Fund,Open Ended Schemes,Equity Scheme - Large Cap Fund,13-06-2013,13.19900
118632,Nippon India Large Cap Fund - Direct Plan Growth Plan - Growth Option,Nippon India Mutual Fund,Open Ended Schemes,Equity Scheme - Large Cap Fund,12-06-2013,13.34080
118632,Nippon India Large Cap Fund - Direct Plan Growth Plan - Growth Option,Nippon India Mutual Fund,Open Ended Schemes,Equity Scheme - Large Cap Fund,11-06-2013,13.37950
118632,Nippon India Large Cap Fund - Direct Plan Growth Plan - Growth Option,Nippon India Mutual Fund,Open Ended Schemes,Equity Scheme - Large Cap Fund,10-06-2013,13.63180
118632,Nippon India Large Cap Fund - Direct Plan Growth Plan - Growth Option,Nippon India Mutual Fund,Open Ended Schemes,Equity Scheme - Large Cap Fund,07-06-2013,13.74360
118632,Nippon India Large Cap Fund - Direct Plan Growth Plan - Growth Option,Nippon India Mutual Fund,Open Ended Schemes,Equity Scheme - Large Cap Fund,06-06-2013,13.86930
118632,Nippon India Large Cap Fund - Direct Plan Growth Plan - Growth Option,Nippon India Mutual Fund,Open Ended Schemes,Equity Scheme - Large Cap Fund,05-06-2013,13.87960
118632,Nippon India Large Cap Fund - Direct Plan Growth Plan - Growth Option,Nippon India Mutual Fund,Open Ended Schemes,Equity Scheme - Large Cap Fund,04-06-2013,13.85280
118632,Nippon India Large Cap Fund - Direct Plan Growth Plan - Growth Option,Nippon India Mutual Fund,Open Ended Schemes,Equity Scheme - Large Cap Fund,03-06-2013,13.83930
118632,Nippon India Large Cap Fund - Direct Plan Growth Plan - Growth Option,Nippon India Mutual Fund,Open Ended Schemes,Equity Scheme - Large Cap Fund,31-05-2013,13.91640
118632,Nippon India Large Cap Fund - Direct Plan Growth Plan - Growth Option,Nippon India Mutual Fund,Open Ended Schemes,Equity Scheme - Large Cap Fund,30-05-2013,14.11080
118632,Nippon India Large Cap Fund - Direct Plan Growth Plan - Growth Option,Nippon India Mutual Fund,Open Ended Schemes,Equity Scheme - Large Cap Fund,29-05-2013,14.15210
118632,Nippon India Large Cap Fund - Direct Plan Growth Plan - Growth Option,Nippon India Mutual Fund,Open Ended Schemes,Equity Scheme - Large Cap Fund,28-05-2013,14.22410
118632,Nippon India Large Cap Fund - Direct Plan Growth Plan - Growth Option,Nippon India Mutual Fund,Open Ended Schemes,Equity Scheme - Large Cap Fund,27-05-2013,14.14680
118632,Nippon India Large Cap Fund - Direct Plan Growth Plan - Growth Option,Nippon India Mutual Fund,Open Ended Schemes,Equity Scheme - Large Cap Fund,24-05-2013,13.97410
118632,Nippon India Large Cap Fund - Direct Plan Growth Plan - Growth Option,Nippon India Mutual Fund,Open Ended Schemes,Equity Scheme - Large Cap Fund,23-05-2013,13.92750
118632,Nippon India Large Cap Fund - Direct Plan Growth Plan - Growth Option,Nippon India Mutual Fund,Open Ended Schemes,Equity Scheme - Large Cap Fund,22-05-2013,14.28040
118632,Nippon India Large Cap Fund - Direct Plan Growth Plan - Growth Option,Nippon India Mutual Fund,Open Ended Schemes,Equity Scheme - Large Cap Fund,21-05-2013,14.39500
118632,Nippon India Large Cap Fund - Direct Plan Growth Plan - Growth Option,Nippon India Mutual Fund,Open Ended Schemes,Equity Scheme - Large Cap Fund,20-05-2013,14.50750
118632,Nippon India Large Cap Fund - Direct Plan Growth Plan - Growth Option,Nippon India Mutual Fund,Open Ended Schemes,Equity Scheme - Large Cap Fund,17-05-2013,14.65180
118632,Nippon India Large Cap Fund - Direct Plan Growth Plan - Growth Option,Nippon India Mutual Fund,Open Ended Schemes,Equity Scheme - Large Cap Fund,16-05-2013,14.58770
118632,Nippon India Large Cap Fund - Direct Plan Growth Plan - Growth Option,Nippon India Mutual Fund,Open Ended Schemes,Equity Scheme - Large Cap Fund,15-05-2013,14.52760
118632,Nippon India Large Cap Fund - Direct Plan Growth Plan - Growth Option,Nippon India Mutual Fund,Open Ended Schemes,Equity Scheme - Large Cap Fund,14-05-2013,14.22310
118632,Nippon India Large Cap Fund - Direct Plan Growth Plan - Growth Option,Nippon India Mutual Fund,Open Ended Schemes,Equity Scheme - Large Cap Fund,13-05-2013,14.14320
118632,Nippon India Large Cap Fund - Direct Plan Growth Plan - Growth Option,Nippon India Mutual Fund,Open Ended Schemes,Equity Scheme - Large Cap Fund,10-05-2013,14.37310
118632,Nippon India Large Cap Fund - Direct Plan Growth Plan - Growth Option,Nippon India Mutual Fund,Open Ended Schemes,Equity Scheme - Large Cap Fund,09-05-2013,14.28640
118632,Nippon India Large Cap Fund - Direct Plan Growth Plan - Growth Option,Nippon India Mutual Fund,Open Ended Schemes,Equity Scheme - Large Cap Fund,08-05-2013,14.35180
118632,Nippon India Large Cap Fund - Direct Plan Growth Plan - Growth Option,Nippon India Mutual Fund,Open Ended Schemes,Equity Scheme - Large Cap Fund,07-05-2013,14.38520
118632,Nippon India Large Cap Fund - Direct Plan Growth Plan - Growth Option,Nippon India Mutual Fund,Open Ended Schemes,Equity Scheme - Large Cap Fund,06-05-2013,14.23560
118632,Nippon India Large Cap Fund - Direct Plan Growth Plan - Growth Option,Nippon India Mutual Fund,Open Ended Schemes,Equity Scheme - Large Cap Fund,03-05-2013,14.11150
118632,Nippon India Large Cap Fund - Direct Plan Growth Plan - Growth Option,Nippon India Mutual Fund,Open Ended Schemes,Equity Scheme - Large Cap Fund,02-05-2013,14.22900
118632,Nippon India Large Cap Fund - Direct Plan Growth Plan - Growth Option,Nippon India Mutual Fund,Open Ended Schemes,Equity Scheme - Large Cap Fund,30-04-2013,14.10860
118632,Nippon India Large Cap Fund - Direct Plan Growth Plan - Growth Option,Nippon India Mutual Fund,Open Ended Schemes,Equity Scheme - Large Cap Fund,29-04-2013,14.10840
118632,Nippon India Large Cap Fund - Direct Plan Growth Plan - Growth Option,Nippon India Mutual Fund,Open Ended Schemes,Equity Scheme - Large Cap Fund,26-04-2013,14.05310
118632,Nippon India Large Cap Fund - Direct Plan Growth Plan - Growth Option,Nippon India Mutual Fund,Open Ended Schemes,Equity Scheme - Large Cap Fund,25-04-2013,14.05930
118632,Nippon India Large Cap Fund - Direct Plan Growth Plan - Growth Option,Nippon India Mutual Fund,Open Ended Schemes,Equity Scheme - Large Cap Fund,23-04-2013,13.98290
118632,Nippon India Large Cap Fund - Direct Plan Growth Plan - Growth Option,Nippon India Mutual Fund,Open Ended Schemes,Equity Scheme - Large Cap Fund,22-04-2013,14.04310
118632,Nippon India Large Cap Fund - Direct Plan Growth Plan - Growth Option,Nippon India Mutual Fund,Open Ended Schemes,Equity Scheme - Large Cap Fund,18-04-2013,13.91670
118632,Nippon India Large Cap Fund - Direct Plan Growth Plan - Growth Option,Nippon India Mutual Fund,Open Ended Schemes,Equity Scheme - Large Cap Fund,17-04-2013,13.71070
118632,Nippon India Large Cap Fund - Direct Plan Growth Plan - Growth Option,Nippon India Mutual Fund,Open Ended Schemes,Equity Scheme - Large Cap Fund,16-04-2013,13.70550
118632,Nippon India Large Cap Fund - Direct Plan Growth Plan - Growth Option,Nippon India Mutual Fund,Open Ended Schemes,Equity Scheme - Large Cap Fund,15-04-2013,13.45360
118632,Nippon India Large Cap Fund - Direct Plan Growth Plan - Growth Option,Nippon India Mutual Fund,Open Ended Schemes,Equity Scheme - Large Cap Fund,12-04-2013,13.36350
118632,Nippon India Large Cap Fund - Direct Plan Growth Plan - Growth Option,Nippon India Mutual Fund,Open Ended Schemes,Equity Scheme - Large Cap Fund,11-04-2013,13.53160
118632,Nippon India Large Cap Fund - Direct Plan Growth Plan - Growth Option,Nippon India Mutual Fund,Open Ended Schemes,Equity Scheme - Large Cap Fund,10-04-2013,13.45790
118632,Nippon India Large Cap Fund - Direct Plan Growth Plan - Growth Option,Nippon India Mutual Fund,Open Ended Schemes,Equity Scheme - Large Cap Fund,09-04-2013,13.32660
118632,Nippon India Large Cap Fund - Direct Plan Growth Plan - Growth Option,Nippon India Mutual Fund,Open Ended Schemes,Equity Scheme - Large Cap Fund,08-04-2013,13.45260
118632,Nippon India Large Cap Fund - Direct Plan Growth Plan - Growth Option,Nippon India Mutual Fund,Open Ended Schemes,Equity Scheme - Large Cap Fund,05-04-2013,13.47820
118632,Nippon India Large Cap Fund - Direct Plan Growth Plan - Growth Option,Nippon India Mutual Fund,Open Ended Schemes,Equity Scheme - Large Cap Fund,04-04-2013,13.41670
118632,Nippon India Large Cap Fund - Direct Plan Growth Plan - Growth Option,Nippon India Mutual Fund,Open Ended Schemes,Equity Scheme - Large Cap Fund,03-04-2013,13.65490
118632,Nippon India Large Cap Fund - Direct Plan Growth Plan - Growth Option,Nippon India Mutual Fund,Open Ended Schemes,Equity Scheme - Large Cap Fund,02-04-2013,13.81240
118632,Nippon India Large Cap Fund - Direct Plan Growth Plan - Growth Option,Nippon India Mutual Fund,Open Ended Schemes,Equity Scheme - Large Cap Fund,01-04-2013,13.63240
118632,Nippon India Large Cap Fund - Direct Plan Growth Plan - Growth Option,Nippon India Mutual Fund,Open Ended Schemes,Equity Scheme - Large Cap Fund,28-03-2013,13.57800
118632,Nippon India Large Cap Fund - Direct Plan Growth Plan - Growth Option,Nippon India Mutual Fund,Open Ended Schemes,Equity Scheme - Large Cap Fund,26-03-2013,13.47720
118632,Nippon India Large Cap Fund - Direct Plan Growth Plan - Growth Option,Nippon India Mutual Fund,Open Ended Schemes,Equity Scheme - Large Cap Fund,25-03-2013,13.40020
118632,Nippon India Large Cap Fund - Direct Plan Growth Plan - Growth Option,Nippon India Mutual Fund,Open Ended Schemes,Equity Scheme - Large Cap Fund,22-03-2013,13.45630
118632,Nippon India Large Cap Fund - Direct Plan Growth Plan - Growth Option,Nippon India Mutual Fund,Open Ended Schemes,Equity Scheme - Large Cap Fund,21-03-2013,13.49080
118632,Nippon India Large Cap Fund - Direct Plan Growth Plan - Growth Option,Nippon India Mutual Fund,Open Ended Schemes,Equity Scheme - Large Cap Fund,20-03-2013,13.48660
118632,Nippon India Large Cap Fund - Direct Plan Growth Plan - Growth Option,Nippon India Mutual Fund,Open Ended Schemes,Equity Scheme - Large Cap Fund,19-03-2013,13.71010
118632,Nippon India Large Cap Fund - Direct Plan Growth Plan - Growth Option,Nippon India Mutual Fund,Open Ended Schemes,Equity Scheme - Large Cap Fund,18-03-2013,13.96880
118632,Nippon India Large Cap Fund - Direct Plan Growth Plan - Growth Option,Nippon India Mutual Fund,Open Ended Schemes,Equity Scheme - Large Cap Fund,15-03-2013,14.05740
118632,Nippon India Large Cap Fund - Direct Plan Growth Plan - Growth Option,Nippon India Mutual Fund,Open Ended Schemes,Equity Scheme - Large Cap Fund,14-03-2013,14.13210
118632,Nippon India Large Cap Fund - Direct Plan Growth Plan - Growth Option,Nippon India Mutual Fund,Open Ended Schemes,Equity Scheme - Large Cap Fund,13-03-2013,13.95860
118632,Nippon India Large Cap Fund - Direct Plan Growth Plan - Growth Option,Nippon India Mutual Fund,Open Ended Schemes,Equity Scheme - Large Cap Fund,12-03-2013,14.16460
118632,Nippon India Large Cap Fund - Direct Plan Growth Plan - Growth Option,Nippon India Mutual Fund,Open Ended Schemes,Equity Scheme - Large Cap Fund,11-03-2013,14.22650
118632,Nippon India Large Cap Fund - Direct Plan Growth Plan - Growth Option,Nippon India Mutual Fund,Open Ended Schemes,Equity Scheme - Large Cap Fund,08-03-2013,14.27330
118632,Nippon India Large Cap Fund - Direct Plan Growth Plan - Growth Option,Nippon India Mutual Fund,Open Ended Schemes,Equity Scheme - Large Cap Fund,07-03-2013,14.13680
118632,Nippon India Large Cap Fund - Direct Plan Growth Plan - Growth Option,Nippon India Mutual Fund,Open Ended Schemes,Equity Scheme - Large Cap Fund,06-03-2013,14.07790
118632,Nippon India Large Cap Fund - Direct Plan Growth Plan - Growth Option,Nippon India Mutual Fund,Open Ended Schemes,Equity Scheme - Large Cap Fund,05-03-2013,13.98070
118632,Nippon India Large Cap Fund - Direct Plan Growth Plan - Growth Option,Nippon India Mutual Fund,Open Ended Schemes,Equity Scheme - Large Cap Fund,04-03-2013,13.75770
118632,Nippon India Large Cap Fund - Direct Plan Growth Plan - Growth Option,Nippon India Mutual Fund,Open Ended Schemes,Equity Scheme - Large Cap Fund,01-03-2013,13.82470
118632,Nippon India Large Cap Fund - Direct Plan Growth Plan - Growth Option,Nippon India Mutual Fund,Open Ended Schemes,Equity Scheme - Large Cap Fund,28-02-2013,13.71740
118632,Nippon India Large Cap Fund - Direct Plan Growth Plan - Growth Option,Nippon India Mutual Fund,Open Ended Schemes,Equity Scheme - Large Cap Fund,27-02-2013,13.98730
118632,Nippon India Large Cap Fund - Direct Plan Growth Plan - Growth Option,Nippon India Mutual Fund,Open Ended Schemes,Equity Scheme - Large Cap Fund,26-02-2013,13.88730
118632,Nippon India Large Cap Fund - Direct Plan Growth Plan - Growth Option,Nippon India Mutual Fund,Open Ended Schemes,Equity Scheme - Large Cap Fund,25-02-2013,14.08280
118632,Nippon India Large Cap Fund - Direct Plan Growth Plan - Growth Option,Nippon India Mutual Fund,Open Ended Schemes,Equity Scheme - Large Cap Fund,22-02-2013,14.09850
118632,Nippon India Large Cap Fund - Direct Plan Growth Plan - Growth Option,Nippon India Mutual Fund,Open Ended Schemes,Equity Scheme - Large Cap Fund,21-02-2013,14.06790
118632,Nippon India Large Cap Fund - Direct Plan Growth Plan - Growth Option,Nippon India Mutual Fund,Open Ended Schemes,Equity Scheme - Large Cap Fund,20-02-2013,14.27820
118632,Nippon India Large Cap Fund - Direct Plan Growth Plan - Growth Option,Nippon India Mutual Fund,Open Ended Schemes,Equity Scheme - Large Cap Fund,19-02-2013,14.29260
118632,Nippon India Large Cap Fund - Direct Plan Growth Plan - Growth Option,Nippon India Mutual Fund,Open Ended Schemes,Equity Scheme - Large Cap Fund,18-02-2013,14.18430
118632,Nippon India Large Cap Fund - Direct Plan Growth Plan - Growth Option,Nippon India Mutual Fund,Open Ended Schemes,Equity Scheme - Large Cap Fund,15-02-2013,14.13640
118632,Nippon India Large Cap Fund - Direct Plan Growth Plan - Growth Option,Nippon India Mutual Fund,Open Ended Schemes,Equity Scheme - Large Cap Fund,14-02-2013,14.15410
118632,Nippon India Large Cap Fund - Direct Plan Growth Plan - Growth Option,Nippon India Mutual Fund,Open Ended Schemes,Equity Scheme - Large Cap Fund,13-02-2013,14.36170
118632,Nippon India Large Cap Fund - Direct Plan Growth Plan - Growth Option,Nippon India Mutual Fund,Open Ended Schemes,Equity Scheme - Large Cap Fund,12-02-2013,14.32980
118632,Nippon India Large Cap Fund - Direct Plan Growth Plan - Growth Option,Nippon India Mutual Fund,Open Ended Schemes,Equity Scheme - Large Cap Fund,11-02-2013,14.29080
118632,Nippon India Large Cap Fund - Direct Plan Growth Plan - Growth Option,Nippon India Mutual Fund,Open Ended Schemes,Equity Scheme - Large Cap Fund,08-02-2013,14.32120
118632,Nippon India Large Cap Fund - Direct Plan Growth Plan - Growth Option,Nippon India Mutual Fund,Open Ended Schemes,Equity Scheme - Large Cap Fund,07-02-2013,14.40480
118632,Nippon India Large Cap Fund - Direct Plan Growth Plan - Growth Option,Nippon India Mutual Fund,Open Ended Schemes,Equity Scheme - Large Cap Fund,06-02-2013,14.47750
118632,Nippon India Large Cap Fund - Direct Plan Growth Plan - Growth Option,Nippon India Mutual Fund,Open Ended Schemes,Equity Scheme - Large Cap Fund,05-02-2013,14.43130
118632,Nippon India Large Cap Fund - Direct Plan Growth Plan - Growth Option,Nippon India Mutual Fund,Open Ended Schemes,Equity Scheme - Large Cap Fund,04-02-2013,14.54790
118632,Nippon India Large Cap Fund - Direct Plan Growth Plan - Growth Option,Nippon India Mutual Fund,Open Ended Schemes,Equity Scheme - Large Cap Fund,01-02-2013,14.56710
118632,Nippon India Large Cap Fund - Direct Plan Growth Plan - Growth Option,Nippon India Mutual Fund,Open Ended Schemes,Equity Scheme - Large Cap Fund,31-01-2013,14.61790
118632,Nippon India Large Cap Fund - Direct Plan Growth Plan - Growth Option,Nippon India Mutual Fund,Open Ended Schemes,Equity Scheme - Large Cap Fund,30-01-2013,14.65830
118632,Nippon India Large Cap Fund - Direct Plan Growth Plan - Growth Option,Nippon India Mutual Fund,Open Ended Schemes,Equity Scheme - Large Cap Fund,29-01-2013,14.68100
118632,Nippon India Large Cap Fund - Direct Plan Growth Plan - Growth Option,Nippon India Mutual Fund,Open Ended Schemes,Equity Scheme - Large Cap Fund,28-01-2013,14.77370
118632,Nippon India Large Cap Fund - Direct Plan Growth Plan - Growth Option,Nippon India Mutual Fund,Open Ended Schemes,Equity Scheme - Large Cap Fund,25-01-2013,14.76050
118632,Nippon India Large Cap Fund - Direct Plan Growth Plan - Growth Option,Nippon India Mutual Fund,Open Ended Schemes,Equity Scheme - Large Cap Fund,24-01-2013,14.62260
118632,Nippon India Large Cap Fund - Direct Plan Growth Plan - Growth Option,Nippon India Mutual Fund,Open Ended Schemes,Equity Scheme - Large Cap Fund,23-01-2013,14.79860
118632,Nippon India Large Cap Fund - Direct Plan Growth Plan - Growth Option,Nippon India Mutual Fund,Open Ended Schemes,Equity Scheme - Large Cap Fund,22-01-2013,14.85740
118632,Nippon India Large Cap Fund - Direct Plan Growth Plan - Growth Option,Nippon India Mutual Fund,Open Ended Schemes,Equity Scheme - Large Cap Fund,21-01-2013,14.92850
118632,Nippon India Large Cap Fund - Direct Plan Growth Plan - Growth Option,Nippon India Mutual Fund,Open Ended Schemes,Equity Scheme - Large Cap Fund,18-01-2013,14.86540
118632,Nippon India Large Cap Fund - Direct Plan Growth Plan - Growth Option,Nippon India Mutual Fund,Open Ended Schemes,Equity Scheme - Large Cap Fund,17-01-2013,14.77030
118632,Nippon India Large Cap Fund - Direct Plan Growth Plan - Growth Option,Nippon India Mutual Fund,Open Ended Schemes,Equity Scheme - Large Cap Fund,16-01-2013,14.68760
118632,Nippon India Large Cap Fund - Direct Plan Growth Plan - Growth Option,Nippon India Mutual Fund,Open Ended Schemes,Equity Scheme - Large Cap Fund,15-01-2013,14.83150
118632,Nippon India Large Cap Fund - Direct Plan Growth Plan - Growth Option,Nippon India Mutual Fund,Open Ended Schemes,Equity Scheme - Large Cap Fund,14-01-2013,14.78440
118632,Nippon India Large Cap Fund - Direct Plan Growth Plan - Growth Option,Nippon India Mutual Fund,Open Ended Schemes,Equity Scheme - Large Cap Fund,11-01-2013,14.64210
118632,Nippon India Large Cap Fund - Direct Plan Growth Plan - Growth Option,Nippon India Mutual Fund,Open Ended Schemes,Equity Scheme - Large Cap Fund,10-01-2013,14.67840
118632,Nippon India Large Cap Fund - Direct Plan Growth Plan - Growth Option,Nippon India Mutual Fund,Open Ended Schemes,Equity Scheme - Large Cap Fund,09-01-2013,14.72490
118632,Nippon India Large Cap Fund - Direct Plan Growth Plan - Growth Option,Nippon India Mutual Fund,Open Ended Schemes,Equity Scheme - Large Cap Fund,08-01-2013,14.71970
118632,Nippon India Large Cap Fund - Direct Plan Growth Plan - Growth Option,Nippon India Mutual Fund,Open Ended Schemes,Equity Scheme - Large Cap Fund,07-01-2013,14.77180
118632,Nippon India Large Cap Fund - Direct Plan Growth Plan - Growth Option,Nippon India Mutual Fund,Open Ended Schemes,Equity Scheme - Large Cap Fund,04-01-2013,14.80370
118632,Nippon India Large Cap Fund - Direct Plan Growth Plan - Growth Option,Nippon India Mutual Fund,Open Ended Schemes,Equity Scheme - Large Cap Fund,03-01-2013,14.73050
118632,Nippon India Large Cap Fund - Direct Plan Growth Plan - Growth Option,Nippon India Mutual Fund,Open Ended Schemes,Equity Scheme - Large Cap Fund,02-01-2013,14.69670
